Time,Displacement,Force
(s),(mm),(N)
"0.00000","0.00000","0.00013"
"0.02000","0.00206","0.10144"
"0.04000","0.03556","0.26645"
"0.06000","0.10639","0.48874"
"0.07400","0.16738","0.73923"
"0.08900","0.23856","0.99446"
"0.10300","0.30679","1.24828"
"0.11600","0.36973","1.50820"
"0.13100","0.44112","1.77409"
"0.14500","0.50678","2.03163"
"0.15900","0.57196","2.29108"
"0.17400","0.64154","2.54648"
"0.18800","0.70641","2.80055"
"0.20300","0.77591","3.06452"
"0.21800","0.84538","3.32341"
"0.23200","0.91019","3.57807"
"0.24700","0.97962","3.83700"
"0.26200","1.04900","4.10123"
"0.27600","1.11374","4.35222"
"0.29100","1.18308","4.60974"
"0.30600","1.25238","4.87814"
"0.32100","1.32168","5.14418"
"0.33600","1.39094","5.40752"
"0.35000","1.45559","5.66187"
"0.36500","1.52491","5.92865"
"0.37900","1.58964","6.18149"
"0.39300","1.65440","6.43594"
"0.40700","1.71916","6.68950"
"0.42100","1.78387","6.94686"
"0.43500","1.84855","7.20513"
"0.44900","1.91321","7.46332"
"0.46300","1.97785","7.72209"
"0.47700","2.04248","7.98268"
"0.49100","2.10713","8.24303"
"0.50500","2.17182","8.50619"
"0.51900","2.23655","8.76949"
"0.53300","2.30130","9.03447"
"0.54700","2.36602","9.29916"
"0.56100","2.43072","9.56707"
"0.57500","2.49540","9.83209"
"0.58900","2.56006","10.09803"
"0.60300","2.62473","10.36239"
"0.61700","2.68939","10.62644"
"0.63100","2.75402","10.89173"
"0.64500","2.81865","11.15903"
"0.65900","2.88328","11.42262"
"0.67300","2.94790","11.68847"
"0.68700","3.01255","11.95622"
"0.70100","3.07723","12.21923"
"0.71500","3.14197","12.48540"
"0.72900","3.20671","12.75196"
"0.74300","3.27142","13.01471"
"0.75700","3.33610","13.27945"
"0.77100","3.40077","13.54352"
"0.78500","3.46539","13.80583"
"0.79900","3.53003","14.06759"
"0.81300","3.59468","14.32867"
"0.82700","3.65932","14.58759"
"0.84100","3.72395","14.84762"
"0.85500","3.78861","15.10675"
"0.86900","3.85330","15.36368"
"0.88300","3.91804","15.62236"
"0.89700","3.98281","15.88042"
"0.91100","4.04757","16.13550"
"0.92500","4.11233","16.39069"
"0.93900","4.17705","16.64593"
"0.95300","4.24174","16.89893"
"0.96700","4.30637","17.15168"
"0.98100","4.37092","17.40498"
"0.99600","4.44006","17.67255"
"1.01100","4.50929","17.93894"
"1.02600","4.57861","18.20608"
"1.04100","4.64798","18.47112"
"1.05600","4.71738","18.73419"
"1.07100","4.78673","18.99832"
"1.08600","4.85605","19.25806"
"1.10100","4.92533","19.51986"
"1.11600","4.99458","19.77640"
"1.13100","5.06386","20.03312"
"1.14600","5.13315","20.28956"
"1.16100","5.20246","20.54219"
"1.17600","5.27179","20.79534"
"1.19100","5.34110","21.05042"
"1.20600","5.41042","21.30113"
"1.22200","5.48437","21.55783"
"1.23500","5.54115","21.64324"
"1.23600","5.54502","21.64601"
"1.23700","5.54879","21.64863"
"1.25700","5.59316","21.50328"
"1.27000","5.58062","21.24469"
"1.28000","5.55183","20.96388"
"1.28800","5.52200","20.68376"
"1.29500","5.49280","20.40989"
"1.30200","5.46156","20.12117"
"1.30800","5.43357","19.87083"
"1.31500","5.39994","19.58387"
"1.32200","5.36570","19.30437"
"1.32900","5.33126","19.02966"
"1.33600","5.29691","18.75664"
"1.34300","5.26283","18.48071"
"1.35000","5.22909","18.21216"
"1.35700","5.19567","17.95706"
"1.36500","5.15783","17.67850"
"1.37300","5.12027","17.40652"
"1.38100","5.08290","17.13426"
"1.38900","5.04566","16.86626"
"1.39700","5.00851","16.61079"
"1.40600","4.96675","16.33419"
"1.41500","4.92502","16.05957"
"1.42400","4.88331","15.78263"
"1.43300","4.84160","15.51404"
"1.44200","4.79989","15.25745"
"1.45100","4.75820","15.00418"
"1.46000","4.71651","14.74899"
"1.46900","4.67484","14.49861"
"1.47900","4.62854","14.23119"
"1.48900","4.58224","13.97109"
"1.49900","4.53594","13.71064"
"1.50900","4.48967","13.45486"
"1.52000","4.43879","13.18388"
"1.53100","4.38794","12.91846"
"1.54200","4.33714","12.65538"
"1.55300","4.28637","12.39766"
"1.56400","4.23563","12.14538"
"1.57600","4.18024","11.87279"
"1.58800","4.12481","11.60435"
"1.60000","4.06935","11.34334"
"1.61200","4.01386","11.08647"
"1.62400","3.95837","10.83194"
"1.63700","3.89827","10.56325"
"1.65000","3.83817","10.30087"
"1.66300","3.77805","10.04132"
"1.67600","3.71794","9.78491"
"1.69000","3.65324","9.51611"
"1.70400","3.58858","9.24754"
"1.71800","3.52397","8.98560"
"1.73200","3.45936","8.72602"
"1.74600","3.39473","8.47243"
"1.76000","3.33008","8.22080"
"1.77500","3.26079","7.95430"
"1.79000","3.19149","7.69274"
"1.80500","3.12221","7.42919"
"1.82000","3.05289","7.17319"
"1.83500","2.98354","6.92004"
"1.85000","2.91420","6.66778"
"1.86600","2.84032","6.40590"
"1.88200","2.76647","6.14347"
"1.89800","2.69259","5.88384"
"1.91400","2.61867","5.62660"
"1.93000","2.54473","5.36955"
"1.94600","2.47081","5.11861"
"1.96300","2.39226","4.85306"
"1.98000","2.31368","4.59155"
"1.99700","2.23513","4.33256"
"2.01400","2.15658","4.07484"
"2.03100","2.07802","3.81940"
"2.04900","1.99487","3.55550"
"2.06700","1.91174","3.29477"
"2.08500","1.82864","3.03680"
"2.10300","1.74550","2.78137"
"2.12200","1.65772","2.52306"
"2.14000","1.57452","2.27230"
"2.16000","1.48206","2.01184"
"2.17900","1.39425","1.75991"
"2.19900","1.30183","1.50642"
"2.21900","1.20943","1.24983"
"2.23900","1.11706","1.00311"
"2.25900","1.02466","0.75328"
"2.27900","0.93224","0.52193"
"2.29900","0.83982","0.27996"
"2.31900","0.74739","0.05159"
"2.33900","0.65495","-0.18583"
"2.35900","0.56253","-0.40806"
"2.37900","0.47014","-0.63335"
"2.39900","0.37778","-0.84775"
"2.41900","0.28541","-1.06561"
"2.43900","0.19295","-1.27519"
"2.45900","0.10049","-1.48374"
"2.47900","0.00988","-1.59105"
"2.48200","-0.00223","-1.58853"
"2.48300","-0.00607","-1.58855"
"2.48400","-0.00979","-1.58945"
"2.50400","-0.05326","-1.54166"
"2.52400","-0.02128","-1.52978"
"2.54400","0.05601","-1.37611"
"2.56400","0.14971","-1.11457"
"2.58400","0.24804","-0.85496"
"2.60100","0.33035","-0.59896"
"2.62000","0.42023","-0.34185"
"2.63700","0.49956","-0.09108"
"2.65600","0.58782","0.16016"
"2.67400","0.67129","0.42323"
"2.69300","0.75934","0.68327"
"2.71100","0.84270","0.94746"
"2.72900","0.92602","1.20289"
"2.74700","1.00930","1.46088"
"2.76500","1.09252","1.71954"
"2.78300","1.17574","1.97623"
"2.80000","1.25429","2.22836"
"2.81800","1.33743","2.49105"
"2.83500","1.41592","2.74566"
"2.85200","1.49446","2.99652"
"2.86900","1.57305","3.25157"
"2.88600","1.65168","3.50923"
"2.90300","1.73031","3.77011"
"2.91900","1.80426","4.02031"
"2.93500","1.87817","4.27109"
"2.95100","1.95204","4.52134"
"2.96700","2.02590","4.77347"
"2.98300","2.09980","5.02858"
"2.99900","2.17372","5.28440"
"3.01500","2.24768","5.54793"
"3.03100","2.32167","5.80954"
"3.04700","2.39562","6.07531"
"3.06200","2.46493","6.32833"
"3.07800","2.53885","6.59025"
"3.09300","2.60815","6.84422"
"3.10800","2.67746","7.09503"
"3.12300","2.74671","7.35041"
"3.13800","2.81596","7.60985"
"3.15300","2.88521","7.86382"
"3.16800","2.95447","8.12769"
"3.18300","3.02374","8.38759"
"3.19800","3.09302","8.64993"
"3.21200","3.15772","8.90101"
"3.22600","3.22245","9.15174"
"3.24000","3.28716","9.40619"
"3.25400","3.35186","9.66556"
"3.26800","3.41652","9.92252"
"3.28200","3.48116","10.18347"
"3.29600","3.54582","10.44769"
"3.31000","3.61047","10.71192"
"3.32300","3.67047","10.96406"
"3.33600","3.73048","11.21873"
"3.34900","3.79051","11.47625"
"3.36200","3.85058","11.73574"
"3.37500","3.91069","12.00044"
"3.38800","3.97082","12.26767"
"3.40000","4.02632","12.51829"
"3.41200","4.08181","12.77318"
"3.42400","4.13730","13.02992"
"3.43600","4.19277","13.29198"
"3.44800","4.24821","13.55884"
"3.46000","4.30361","13.82776"
"3.47100","4.35434","14.07943"
"3.48200","4.40505","14.33387"
"3.49300","4.45579","14.59193"
"3.50400","4.50658","14.85038"
"3.51500","4.55742","15.11411"
"3.52600","4.60827","15.38573"
"3.53700","4.65915","15.65967"
"3.54700","4.70539","15.91126"
"3.55700","4.75162","16.16817"
"3.56700","4.79783","16.42971"
"3.57700","4.84404","16.69265"
"3.58700","4.89025","16.95928"
"3.59700","4.93644","17.22967"
"3.60700","4.98263","17.50237"
"3.61700","5.02882","17.77734"
"3.62600","5.07041","18.02886"
"3.63500","5.11199","18.28330"
"3.64400","5.15356","18.54057"
"3.65300","5.19514","18.79914"
"3.66200","5.23673","19.05985"
"3.67100","5.27831","19.32435"
"3.68000","5.31988","19.59106"
"3.68900","5.36145","19.85847"
"3.69800","5.40304","20.12491"
"3.70700","5.44465","20.39291"
"3.71600","5.48622","20.64991"
"3.72900","5.54273","20.89382"
"3.73000","5.54656","20.90844"
"3.73100","5.55027","20.92269"
"3.75100","5.59351","20.97468"
"3.76800","5.57023","20.71522"
"3.77800","5.53691","20.43576"
"3.78600","5.50494","20.15537"
"3.79300","5.47447","19.88351"
"3.80000","5.44231","19.60051"
"3.80700","5.40894","19.31757"
"3.81400","5.37485","19.03909"
"3.82100","5.34045","18.76674"
"3.82800","5.30607","18.49714"
"3.83500","5.27192","18.22601"
"3.84200","5.23809","17.95932"
"3.84900","5.20459","17.70318"
"3.85700","5.16667","17.42554"
"3.86500","5.12905","17.15481"
"3.87300","5.09165","16.88610"
"3.88100","5.05439","16.62086"
"3.88900","5.01723","16.36571"
"3.89800","4.97547","16.08988"
"3.90700","4.93373","15.81793"
"3.91600","4.89202","15.54423"
"3.92500","4.85032","15.27690"
"3.93400","4.80862","15.01996"
"3.94300","4.76692","14.76807"
"3.95200","4.72523","14.51703"
"3.96200","4.67892","14.24065"
"3.97200","4.63260","13.97425"
"3.98200","4.58628","13.71690"
"3.99200","4.53998","13.46108"
"4.00200","4.49372","13.20864"
"4.01300","4.44286","12.94046"
"4.02400","4.39204","12.67761"
"4.03500","4.34125","12.41646"
"4.04600","4.29049","12.15923"
"4.05800","4.23512","11.88723"
"4.07000","4.17973","11.61630"
"4.08200","4.12429","11.35121"
"4.09400","4.06882","11.09289"
"4.10600","4.01332","10.84009"
"4.11800","3.95781","10.58948"
"4.13100","3.89770","10.32219"
"4.14400","3.83760","10.06151"
"4.15700","3.77750","9.80430"
"4.17000","3.71741","9.54817"
"4.18400","3.65271","9.28434"
"4.19800","3.58806","9.01975"
"4.21200","3.52344","8.75941"
"4.22600","3.45882","8.50418"
"4.24000","3.39421","8.25151"
"4.25400","3.32957","7.99867"
"4.26900","3.26026","7.73535"
"4.28400","3.19093","7.47282"
"4.29900","3.12163","7.21306"
"4.31400","3.05231","6.96258"
"4.32900","2.98299","6.70825"
"4.34500","2.90904","6.44391"
"4.36100","2.83514","6.18279"
"4.37700","2.76128","5.91960"
"4.39300","2.68742","5.66452"
"4.40900","2.61351","5.40663"
"4.42500","2.53959","5.15499"
"4.44200","2.46103","4.88983"
"4.45900","2.38247","4.62610"
"4.47600","2.30392","4.36439"
"4.49300","2.22536","4.10560"
"4.51000","2.14680","3.85336"
"4.52700","2.06825","3.60064"
"4.54500","1.98510","3.33967"
"4.56300","1.90198","3.08266"
"4.58100","1.81888","2.82525"
"4.59900","1.73574","2.57379"
"4.61800","1.64792","2.31346"
"4.63700","1.56006","2.05889"
"4.65700","1.46761","1.79744"
"4.67700","1.37521","1.53903"
"4.69700","1.28280","1.28441"
"4.71700","1.19042","1.03461"
"4.73700","1.09805","0.78967"
"4.75700","1.00563","0.55097"
"4.77700","0.91320","0.31328"
"4.79700","0.82078","0.08041"
"4.81700","0.72837","-0.14974"
"4.83700","0.63592","-0.37342"
"4.85700","0.54352","-0.59468"
"4.87700","0.45113","-0.81136"
"4.89700","0.35877","-1.02730"
"4.91700","0.26638","-1.23652"
"4.93700","0.17395","-1.44280"
"4.95700","0.08149","-1.64129"
"4.97600","-0.00268","-1.69917"
"4.97700","-0.00651","-1.69916"
"4.97800","-0.01022","-1.69998"
"4.99800","-0.05341","-1.65013"
"5.01800","-0.02125","-1.64396"
"5.03800","0.05610","-1.49152"
"5.05800","0.14982","-1.24275"
"5.07800","0.24812","-0.98281"
"5.09600","0.33517","-0.72566"
"5.11500","0.42494","-0.46910"
"5.13300","0.50887","-0.21615"
"5.15300","0.60174","0.04716"
"5.17100","0.68522","0.30276"
"5.19000","0.77329","0.55822"
"5.20800","0.85664","0.81702"
"5.22700","0.94456","1.07929"
"5.24500","1.02780","1.33397"
"5.26300","1.11103","1.58756"
"5.28100","1.19426","1.84638"
"5.29900","1.27745","2.10698"
"5.31700","1.36056","2.36745"
"5.33400","1.43904","2.61856"
"5.35200","1.52223","2.88084"
"5.36900","1.60085","3.13591"
"5.38600","1.67948","3.39184"
"5.40300","1.75808","3.64947"
"5.42000","1.83663","3.91199"
"5.43700","1.91515","4.17270"
"5.45400","1.99363","4.43793"
"5.47000","2.06752","4.68906"
"5.48600","2.14144","4.94304"
"5.50200","2.21539","5.20143"
"5.51800","2.28936","5.46007"
"5.53400","2.36330","5.72133"
"5.55000","2.43723","5.98417"
"5.56600","2.51117","6.24774"
"5.58200","2.58510","6.51305"
"5.59800","2.65903","6.77838"
"5.61300","2.72831","7.03093"
"5.62800","2.79756","7.28573"
"5.64300","2.86679","7.53741"
"5.65800","2.93602","7.79474"
"5.67300","3.00528","8.05152"
"5.68800","3.07458","8.31149"
"5.70300","3.14391","8.57503"
"5.71800","3.21325","8.84074"
"5.73200","3.27795","9.09243"
"5.74600","3.34264","9.34592"
"5.76000","3.40732","9.59898"
"5.77400","3.47198","9.85639"
"5.78800","3.53664","10.11617"
"5.80200","3.60130","10.37770"
"5.81600","3.66592","10.64420"
"5.82900","3.72592","10.89553"
"5.84200","3.78595","11.14869"
"5.85500","3.84602","11.40369"
"5.86800","3.90613","11.66346"
"5.88100","3.96623","11.92828"
"5.89400","4.02634","12.19475"
"5.90600","4.08182","12.44490"
"5.91800","4.13729","12.69862"
"5.93000","4.19275","12.95748"
"5.94200","4.24819","13.22059"
"5.95400","4.30360","13.48461"
"5.96600","4.35895","13.75473"
"5.97700","4.40966","14.00563"
"5.98800","4.46041","14.26048"
"5.99900","4.51122","14.51792"
"6.01000","4.56207","14.78053"
"6.02100","4.61294","15.04693"
"6.03200","4.66384","15.31843"
"6.04200","4.71009","15.57006"
"6.05200","4.75633","15.82387"
"6.06200","4.80255","16.08095"
"6.07200","4.84878","16.34252"
"6.08200","4.89499","16.60933"
"6.09200","4.94117","16.87851"
"6.10200","4.98734","17.15086"
"6.11200","5.03351","17.42775"
"6.12100","5.07508","17.67974"
"6.13000","5.11665","17.93548"
"6.13900","5.15823","18.19673"
"6.14800","5.19981","18.45809"
"6.15700","5.24140","18.72183"
"6.16600","5.28298","18.98983"
"6.17500","5.32454","19.26086"
"6.18400","5.36611","19.53565"
"6.19300","5.40770","19.81069"
"6.20200","5.44931","20.08856"
"6.21100","5.49085","20.35270"
"6.22300","5.54275","20.59331"
"6.22400","5.54658","20.60999"
"6.22500","5.55029","20.62622"
"6.24500","5.59349","20.71786"
"6.26300","5.56730","20.46532"
"6.27300","5.53305","20.18678"
"6.28100","5.50063","19.90807"
"6.28800","5.46987","19.63951"
"6.29500","5.43750","19.36189"
"6.30200","5.40401","19.08283"
"6.30900","5.36985","18.80714"
"6.31600","5.33543","18.53611"
"6.32300","5.30108","18.26910"
"6.33000","5.26697","18.00078"
"6.33700","5.23319","17.73871"
"6.34400","5.19975","17.48735"
"6.35200","5.16188","17.21198"
"6.36000","5.12431","16.94336"
"6.36800","5.08695","16.67759"
"6.37600","5.04972","16.41620"
"6.38400","5.01256","16.16391"
"6.39300","4.97079","15.89034"
"6.40200","4.92905","15.62074"
"6.41100","4.88733","15.34960"
"6.42000","4.84562","15.08455"
"6.42900","4.80392","14.82965"
"6.43900","4.75759","14.55244"
"6.44900","4.71126","14.27668"
"6.45900","4.66494","14.00512"
"6.46900","4.61862","13.74416"
"6.47900","4.57230","13.48959"
"6.48900","4.52602","13.23630"
"6.50000","4.47516","12.96235"
"6.51100","4.42433","12.69785"
"6.52200","4.37352","12.43735"
"6.53300","4.32274","12.17871"
"6.54400","4.27198","11.92845"
"6.55600","4.21661","11.65993"
"6.56800","4.16120","11.39123"
"6.58000","4.10575","11.12942"
"6.59200","4.05026","10.87607"
"6.60400","3.99476","10.62447"
"6.61700","3.93464","10.35470"
"6.63000","3.87455","10.09207"
"6.64300","3.81445","9.83485"
"6.65600","3.75435","9.57910"
"6.66900","3.69426","9.32857"
"6.68300","3.62957","9.06424"
"6.69700","3.56493","8.80367"
"6.71100","3.50031","8.54565"
"6.72500","3.43568","8.29410"
"6.73900","3.37105","8.04179"
"6.75400","3.30179","7.77620"
"6.76900","3.23247","7.51519"
"6.78400","3.16317","7.25305"
"6.79900","3.09386","6.99925"
"6.81400","3.02453","6.74671"
"6.82900","2.95519","6.49598"
"6.84500","2.88125","6.23400"
"6.86100","2.80735","5.97356"
"6.87700","2.73350","5.71447"
"6.89300","2.65963","5.45815"
"6.90900","2.58573","5.20358"
"6.92500","2.51179","4.95214"
"6.94200","2.43324","4.68989"
"6.95900","2.35470","4.42861"
"6.97600","2.27614","4.16946"
"6.99300","2.19756","3.91259"
"7.01000","2.11901","3.66135"
"7.02800","2.03586","3.39733"
"7.04600","1.95274","3.13743"
"7.06400","1.86965","2.88290"
"7.08200","1.78653","2.62816"
"7.10100","1.69876","2.36788"
"7.12000","1.61092","2.10988"
"7.13900","1.52304","1.85865"
"7.15900","1.43058","1.60053"
"7.17900","1.33818","1.34591"
"7.19900","1.24584","1.09500"
"7.21900","1.15352","0.84794"
"7.23900","1.06105","0.60608"
"7.25900","0.96854","0.36932"
"7.27900","0.87609","0.13534"
"7.29900","0.78369","-0.09391"
"7.31900","0.69129","-0.31883"
"7.33900","0.59887","-0.54044"
"7.35900","0.50650","-0.75740"
"7.37900","0.41414","-0.97102"
"7.39900","0.32178","-1.18092"
"7.41900","0.22935","-1.38528"
"7.43900","0.13691","-1.58578"
"7.45900","0.04461","-1.76179"
"7.47000","-0.00270","-1.76085"
"7.47100","-0.00653","-1.76044"
"7.47200","-0.01025","-1.76085"
"7.49200","-0.05343","-1.70934"
"7.51200","-0.02129","-1.70464"
"7.53200","0.05606","-1.55330"
"7.55200","0.14979","-1.31075"
"7.57200","0.24809","-1.05420"
"7.59000","0.33515","-0.80194"
"7.60900","0.42490","-0.54825"
"7.62800","0.51349","-0.28497"
"7.64800","0.60637","-0.02332"
"7.66700","0.69447","0.23976"
"7.68600","0.78254","0.49423"
"7.70400","0.86590","0.74711"
"7.72300","0.95382","1.01000"
"7.74100","1.03704","1.26389"
"7.75900","1.12026","1.51423"
"7.77700","1.20349","1.77281"
"7.79500","1.28668","2.02707"
"7.81300","1.36974","2.28790"
"7.83100","1.45278","2.55163"
"7.84900","1.53606","2.81318"
"7.86600","1.61474","3.06746"
"7.88300","1.69338","3.32174"
"7.90000","1.77197","3.57792"
"7.91700","1.85049","3.83850"
"7.93400","1.92897","4.09983"
"7.95100","2.00746","4.36442"
"7.96700","2.08136","4.61479"
"7.98300","2.15529","4.86812"
"7.99900","2.22924","5.12240"
"8.01500","2.30321","5.37936"
"8.03100","2.37716","5.64290"
"8.04700","2.45108","5.90233"
"8.06300","2.52501","6.16431"
"8.07800","2.59433","6.41488"
"8.09400","2.66825","6.67709"
"8.10900","2.73752","6.92792"
"8.12400","2.80677","7.17947"
"8.13900","2.87601","7.43224"
"8.15400","2.94524","7.68774"
"8.16900","3.01450","7.94510"
"8.18400","3.08381","8.20498"
"8.19900","3.15316","8.46684"
"8.21400","3.22250","8.72896"
"8.22900","3.29180","8.99637"
"8.24300","3.35649","9.24916"
"8.25700","3.42116","9.50229"
"8.27100","3.48581","9.75824"
"8.28500","3.55049","10.01883"
"8.29900","3.61514","10.27773"
"8.31300","3.67975","10.54200"
"8.32700","3.74438","10.81127"
"8.34000","3.80443","11.06338"
"8.35300","3.86451","11.31726"
"8.36600","3.92461","11.57767"
"8.37900","3.98471","11.84024"
"8.39200","4.04481","12.10828"
"8.40500","4.10491","12.37876"
"8.41700","4.16038","12.63160"
"8.42900","4.21583","12.88898"
"8.44100","4.27126","13.15293"
"8.45300","4.32665","13.41701"
"8.46500","4.38199","13.68529"
"8.47600","4.43271","13.93695"
"8.48700","4.48348","14.19209"
"8.49800","4.53430","14.45048"
"8.50900","4.58516","14.71359"
"8.52000","4.63604","14.97931"
"8.53100","4.68693","15.25163"
"8.54100","4.73318","15.50366"
"8.55100","4.77941","15.75783"
"8.56100","4.82564","16.01612"
"8.57100","4.87186","16.27929"
"8.58100","4.91805","16.54566"
"8.59100","4.96422","16.81741"
"8.60100","5.01038","17.09225"
"8.61100","5.05657","17.36922"
"8.62000","5.09814","17.62210"
"8.62900","5.13972","17.87958"
"8.63800","5.18130","18.14150"
"8.64700","5.22289","18.40444"
"8.65600","5.26447","18.67211"
"8.66500","5.30604","18.94306"
"8.67400","5.34762","19.21719"
"8.68300","5.38920","19.49445"
"8.69200","5.43081","19.77454"
"8.70000","5.46779","20.02596"
"8.71000","5.51342","20.28706"
"8.71700","5.54272","20.41681"
"8.71800","5.54655","20.43411"
"8.71900","5.55026","20.45109"
"8.73900","5.59346","20.56013"
"8.75800","5.56430","20.29931"
"8.76700","5.53307","20.04766"
"8.77500","5.50066","19.77217"
"8.78200","5.46991","19.50639"
"8.78900","5.43754","19.23048"
"8.79600","5.40405","18.95420"
"8.80300","5.36989","18.68085"
"8.81000","5.33548","18.41269"
"8.81700","5.30112","18.14700"
"8.82400","5.26701","17.87969"
"8.83100","5.23322","17.61822"
"8.83900","5.19501","17.33411"
"8.84700","5.15717","17.06294"
"8.85500","5.11960","16.79545"
"8.86300","5.08224","16.52920"
"8.87100","5.04501","16.26908"
"8.88000","5.00322","15.99027"
"8.88900","4.96147","15.71890"
"8.89800","4.91973","15.44966"
"8.90700","4.87801","15.18153"
"8.91600","4.83630","14.92101"
"8.92500","4.79461","14.66892"
"8.93500","4.74829","14.39255"
"8.94500","4.70197","14.11849"
"8.95500","4.65565","13.85226"
"8.96500","4.60933","13.59342"
"8.97500","4.56303","13.33809"
"8.98500","4.51676","13.08524"
"8.99600","4.46590","12.81671"
"9.00700","4.41506","12.55511"
"9.01800","4.36426","12.29526"
"9.02900","4.31349","12.03938"
"9.04100","4.25812","11.76772"
"9.05300","4.20274","11.50043"
"9.06500","4.14732","11.23502"
"9.07700","4.09185","10.97540"
"9.08900","4.03636","10.72267"
"9.10200","3.97623","10.45291"
"9.11500","3.91612","10.18584"
"9.12800","3.85602","9.92805"
"9.14100","3.79591","9.67091"
"9.15400","3.73581","9.41940"
"9.16800","3.67111","9.15191"
"9.18200","3.60644","8.88900"
"9.19600","3.54180","8.62883"
"9.21000","3.47718","8.37559"
"9.22400","3.41254","8.12360"
"9.23900","3.34328","7.85606"
"9.25400","3.27398","7.59533"
"9.26900","3.20467","7.33250"
"9.28400","3.13538","7.07552"
"9.29900","3.06607","6.82070"
"9.31400","2.99672","6.57065"
"9.33000","2.92276","6.30540"
"9.34600","2.84886","6.04411"
"9.36200","2.77499","5.78718"
"9.37800","2.70114","5.52953"
"9.39400","2.62725","5.27412"
"9.41000","2.55333","5.02130"
"9.42700","2.47480","4.75699"
"9.44400","2.39626","4.49438"
"9.46100","2.31770","4.23757"
"9.47800","2.23912","3.97814"
"9.49500","2.16054","3.72428"
"9.51300","2.07737","3.46028"
"9.53100","1.99423","3.19852"
"9.54900","1.91113","2.94115"
"9.56700","1.82803","2.68833"
"9.58600","1.74027","2.42575"
"9.60500","1.65247","2.16689"
"9.62400","1.56460","1.91457"
"9.64400","1.47211","1.65198"
"9.66400","1.37971","1.39697"
"9.68400","1.28734","1.14654"
"9.70400","1.19501","0.89792"
"9.72400","1.10265","0.65586"
"9.74400","1.01013","0.41597"
"9.76400","0.91763","0.18379"
"9.78400","0.82520","-0.04677"
"9.80400","0.73284","-0.27113"
"9.82400","0.64044","-0.49347"
"9.84400","0.54802","-0.71106"
"9.86400","0.45564","-0.92589"
"9.88400","0.36329","-1.13424"
"9.90400","0.27090","-1.33990"
"9.92400","0.17847","-1.53837"
"9.94400","0.08604","-1.73641"
"9.96400","-0.00272","-1.80130"
"9.96500","-0.00654","-1.80092"
"9.96600","-0.01026","-1.80138"
"9.98600","-0.05341","-1.74960"
"10.00600","-0.02125","-1.74491"
"10.02600","0.05616","-1.59384"
"10.04600","0.14992","-1.35535"
"10.06600","0.24822","-1.10334"
"10.08400","0.33526","-0.85179"
"10.10400","0.42969","-0.58843"
"10.12300","0.51823","-0.32679"
"10.14300","0.61105","-0.06678"
"10.16200","0.69915","0.19260"
"10.18100","0.78723","0.44583"
"10.19900","0.87060","0.69625"
"10.21800","0.95850","0.95720"
"10.23600","1.04171","1.21222"
"10.25500","1.12956","1.47420"
"10.27300","1.21279","1.72979"
"10.29100","1.29597","1.98563"
"10.30900","1.37910","2.24432"
"10.32700","1.46221","2.50826"
"10.34500","1.54537","2.76902"
"10.36200","1.62395","3.02166"
"10.37900","1.70257","3.27319"
"10.39600","1.78117","3.53034"
"10.41300","1.85974","3.78658"
"10.43000","1.93822","4.05044"
"10.44700","2.01673","4.31363"
"10.46400","2.09526","4.57702"
"10.48000","2.16917","4.83182"
"10.49600","2.24311","5.08365"
"10.51200","2.31708","5.34128"
"10.52800","2.39105","5.60386"
"10.54400","2.46501","5.86536"
"10.56000","2.53896","6.12605"
"10.57600","2.61289","6.38780"
"10.59200","2.68680","6.65372"
"10.60800","2.76066","6.91936"
"10.62400","2.83452","7.18642"
"10.63900","2.90375","7.44302"
"10.65400","2.97299","7.69695"
"10.66900","3.04228","7.95264"
"10.68400","3.11161","8.21321"
"10.69900","3.18095","8.47349"
"10.71400","3.25026","8.73684"
"10.72800","3.31496","8.98843"
"10.74300","3.38428","9.25628"
"10.75700","3.44895","9.51011"
"10.77100","3.51362","9.76736"
"10.78500","3.57827","10.02512"
"10.79900","3.64290","10.28669"
"10.81300","3.70752","10.55051"
"10.82700","3.77217","10.81858"
"10.84000","3.83223","11.07239"
"10.85300","3.89231","11.32859"
"10.86600","3.95241","11.58775"
"10.87900","4.01251","11.85143"
"10.89200","4.07262","12.11950"
"10.90400","4.12810","12.36991"
"10.91600","4.18354","12.62199"
"10.92800","4.23897","12.88131"
"10.94000","4.29438","13.14422"
"10.95200","4.34974","13.40976"
"10.96400","4.40506","13.67883"
"10.97500","4.45581","13.93086"
"10.98600","4.50662","14.18619"
"10.99700","4.55745","14.44597"
"11.00800","4.60831","14.70982"
"11.01900","4.65920","14.97717"
"11.03000","4.71010","15.25015"
"11.04000","4.75635","15.50304"
"11.05000","4.80259","15.75903"
"11.06000","4.84882","16.01842"
"11.07000","4.89502","16.28279"
"11.08000","4.94118","16.55030"
"11.09000","4.98734","16.82147"
"11.10000","5.03351","17.09823"
"11.10900","5.07509","17.34988"
"11.11800","5.11666","17.60312"
"11.12700","5.15823","17.86141"
"11.13600","5.19982","18.12315"
"11.14500","5.24142","18.39046"
"11.15400","5.28300","18.65998"
"11.16300","5.32458","18.93094"
"11.17200","5.36616","19.20706"
"11.18100","5.40776","19.48717"
"11.18900","5.44474","19.73920"
"11.19800","5.48631","20.01509"
"11.21000","5.53885","20.27519"
"11.21100","5.54278","20.29296"
"11.21200","5.54661","20.31076"
"11.21300","5.55032","20.32830"
"11.23300","5.59348","20.44666"
"11.25200","5.56429","20.19486"
"11.26200","5.52919","19.91558"
"11.27000","5.49635","19.63676"
"11.27700","5.46533","19.36953"
"11.28400","5.43276","19.09421"
"11.29100","5.39914","18.82060"
"11.29800","5.36493","18.55120"
"11.30500","5.33052","18.28394"
"11.31200","5.29620","18.01808"
"11.31900","5.26214","17.75149"
"11.32600","5.22840","17.49269"
"11.33400","5.19024","17.21044"
"11.34200","5.15243","16.94127"
"11.35000","5.11489","16.67638"
"11.35800","5.07754","16.41210"
"11.36600","5.04033","16.15444"
"11.37500","4.99855","15.87629"
"11.38400","4.95680","15.60657"
"11.39300","4.91507","15.33897"
"11.40200","4.87334","15.07349"
"11.41100","4.83162","14.81497"
"11.42000","4.78992","14.56376"
"11.43000","4.74360","14.28769"
"11.44000","4.69731","14.01507"
"11.45000","4.65102","13.75060"
"11.46000","4.60472","13.49306"
"11.47000","4.55841","13.23931"
"11.48000","4.51212","12.98813"
"11.49100","4.46124","12.72050"
"11.50200","4.41039","12.46093"
"11.51300","4.35959","12.20335"
"11.52400","4.30883","11.94758"
"11.53600","4.25347","11.67579"
"11.54800","4.19809","11.41050"
"11.56000","4.14266","11.14684"
"11.57200","4.08720","10.88904"
"11.58400","4.03172","10.63590"
"11.59700","3.97160","10.36780"
"11.61000","3.91148","10.10401"
"11.62300","3.85138","9.84566"
"11.63600","3.79127","9.58785"
"11.65000","3.72657","9.31980"
"11.66400","3.66189","9.05344"
"11.67800","3.59722","8.78960"
"11.69200","3.53255","8.53300"
"11.70600","3.46788","8.27960"
"11.72000","3.40324","8.02919"
"11.73500","3.33398","7.76294"
"11.75000","3.26469","7.50099"
"11.76500","3.19538","7.24185"
"11.78000","3.12607","6.98218"
"11.79500","3.05677","6.73027"
"11.81100","2.98282","6.46547"
"11.82700","2.90889","6.20079"
"11.84300","2.83501","5.94104"
"11.85900","2.76115","5.68341"
"11.87500","2.68728","5.42845"
"11.89100","2.61338","5.17218"
"11.90700","2.53944","4.92033"
"11.92400","2.46090","4.65713"
"11.94100","2.38236","4.39411"
"11.95800","2.30381","4.13791"
"11.97500","2.22527","3.88140"
"11.99200","2.14670","3.62729"
"12.01000","2.06351","3.36483"
"12.02800","1.98034","3.10485"
"12.04600","1.89724","2.84950"
"12.06400","1.81417","2.59783"
"12.08300","1.72639","2.33616"
"12.10200","1.63857","2.07813"
"12.12100","1.55074","1.82675"
"12.14100","1.45826","1.56633"
"12.16100","1.36583","1.31418"
"12.18100","1.27349","1.06401"
"12.20100","1.18119","0.81711"
"12.22100","1.08878","0.57541"
"12.24100","0.99619","0.33843"
"12.26100","0.90369","0.10666"
"12.28100","0.81129","-0.11909"
"12.30100","0.71893","-0.34556"
"12.32100","0.62654","-0.56508"
"12.34100","0.53416","-0.78181"
"12.36100","0.44178","-0.99282"
"12.38100","0.34941","-1.19937"
"12.40100","0.25704","-1.40326"
"12.42100","0.16462","-1.60134"
"12.44100","0.07219","-1.79511"
"12.45800","-0.00272","-1.83264"
"12.45900","-0.00655","-1.83222"
"12.46000","-0.01026","-1.83262"
"12.48000","-0.05345","-1.77761"
"12.50000","-0.02128","-1.77509"
"12.52000","0.05618","-1.62616"
"12.54000","0.14998","-1.38999"
"12.56000","0.24826","-1.13928"
"12.57900","0.34004","-0.87572"
"12.59900","0.43438","-0.61333"
"12.61800","0.52289","-0.35608"
"12.63800","0.61572","-0.09697"
"12.65700","0.70383","0.15917"
"12.67600","0.79189","0.41334"
"12.69500","0.87983","0.67646"
"12.71400","0.96771","0.93550"
"12.73200","1.05095","1.18973"
"12.75100","1.13881","1.44970"
"12.76900","1.22202","1.70457"
"12.78700","1.30514","1.95853"
"12.80500","1.38814","2.21897"
"12.82300","1.47132","2.47985"
"12.84100","1.55467","2.74313"
"12.85900","1.63797","3.00700"
"12.87600","1.71657","3.26042"
"12.89300","1.79512","3.51706"
"12.91000","1.87366","3.77306"
"12.92700","1.95217","4.03578"
"12.94400","2.03064","4.29803"
"12.96100","2.10912","4.56223"
"12.97700","2.18301","4.81386"
"12.99300","2.25696","5.07011"
"13.00900","2.33094","5.32587"
"13.02500","2.40490","5.58719"
"13.04100","2.47886","5.84654"
"13.05700","2.55281","6.11087"
"13.07300","2.62675","6.37071"
"13.08900","2.70064","6.63490"
"13.10400","2.76988","6.88543"
"13.12000","2.84376","7.15030"
"13.13500","2.91301","7.40661"
"13.15000","2.98225","7.66227"
"13.16500","3.05155","7.91499"
"13.18000","3.12087","8.17640"
"13.19500","3.19020","8.43667"
"13.21000","3.25952","8.69912"
"13.22500","3.32883","8.96659"
"13.23900","3.39353","9.21804"
"13.25300","3.45821","9.47148"
"13.26700","3.52287","9.72675"
"13.28100","3.58751","9.98461"
"13.29500","3.65214","10.24615"
"13.30900","3.71677","10.50996"
"13.32300","3.78142","10.77608"
"13.33600","3.84147","11.03109"
"13.34900","3.90155","11.28670"
"13.36200","3.96164","11.54545"
"13.37500","4.02177","11.80757"
"13.38800","4.08189","12.07673"
"13.40000","4.13737","12.32729"
"13.41200","4.19282","12.57953"
"13.42400","4.24823","12.83832"
"13.43600","4.30363","13.09975"
"13.44800","4.35898","13.36604"
"13.46000","4.41425","13.63592"
"13.47100","4.46497","13.88684"
"13.48200","4.51578","14.14135"
"13.49300","4.56666","14.40149"
"13.50400","4.61756","14.66553"
"13.51500","4.66849","14.93352"
"13.52600","4.71940","15.20609"
"13.53600","4.76566","15.45836"
"13.54600","4.81189","15.71574"
"13.55600","4.85811","15.97539"
"13.56600","4.90429","16.23939"
"13.57600","4.95044","16.50712"
"13.58600","4.99660","16.77897"
"13.59600","5.04277","17.05725"
"13.60500","5.08433","17.31069"
"13.61400","5.12590","17.56454"
"13.62300","5.16748","17.82173"
"13.63200","5.20907","18.08430"
"13.64100","5.25067","18.35266"
"13.65000","5.29227","18.62334"
"13.65900","5.33386","18.89480"
"13.66800","5.37544","19.17146"
"13.67700","5.41704","19.45365"
"13.68500","5.45402","19.70665"
"13.69400","5.49548","19.97216"
"13.70500","5.54277","20.19962"
"13.70600","5.54660","20.21761"
"13.70700","5.55031","20.23541"
"13.72700","5.59348","20.35979"
"13.74700","5.56120","20.08842"
"13.75600","5.52918","19.83612"
"13.76400","5.49632","19.56058"
"13.77100","5.46528","19.29496"
"13.77800","5.43271","19.01918"
"13.78500","5.39909","18.74500"
"13.79200","5.36489","18.47604"
"13.79900","5.33049","18.21101"
"13.80600","5.29618","17.94741"
"13.81300","5.26213","17.68246"
"13.82000","5.22840","17.42308"
"13.82800","5.19025","17.14145"
"13.83600","5.15243","16.87152"
"13.84400","5.11489","16.60864"
"13.85200","5.07755","16.34691"
"13.86000","5.04033","16.08967"
"13.86900","4.99855","15.81113"
"13.87800","4.95681","15.54182"
"13.88700","4.91509","15.27544"
"13.89600","4.87337","15.01004"
"13.90500","4.83167","14.75209"
"13.91500","4.78534","14.47572"
"13.92500","4.73903","14.20192"
"13.93500","4.69274","13.92909"
"13.94500","4.64645","13.66526"
"13.95500","4.60014","13.40979"
"13.96500","4.55383","13.15736"
"13.97500","4.50753","12.90609"
"13.98600","4.45665","12.63987"
"13.99700","4.40581","12.38074"
"14.00800","4.35502","12.12524"
"14.01900","4.30426","11.87126"
"14.03100","4.24890","11.59941"
"14.04300","4.19351","11.33450"
"14.05500","4.13808","11.07287"
"14.06700","4.08261","10.81777"
"14.07900","4.02712","10.56415"
"14.09200","3.96701","10.29465"
"14.10500","3.90691","10.03343"
"14.11800","3.84682","9.77554"
"14.13100","3.78673","9.51856"
"14.14500","3.72201","9.25014"
"14.15900","3.65731","8.98643"
"14.17300","3.59263","8.72406"
"14.18700","3.52797","8.46697"
"14.20100","3.46330","8.21420"
"14.21500","3.39865","7.96411"
"14.23000","3.32940","7.69907"
"14.24500","3.26011","7.43658"
"14.26000","3.19080","7.17893"
"14.27500","3.12150","6.92106"
"14.29000","3.05219","6.66946"
"14.30600","2.97824","6.40336"
"14.32200","2.90430","6.14197"
"14.33800","2.83042","5.87984"
"14.35400","2.75656","5.62198"
"14.37000","2.68268","5.36923"
"14.38600","2.60877","5.11368"
"14.40200","2.53485","4.86189"
"14.41900","2.45631","4.59840"
"14.43600","2.37776","4.33663"
"14.45300","2.29921","4.07984"
"14.47000","2.22066","3.82534"
"14.48700","2.14211","3.57190"
"14.50500","2.05894","3.30866"
"14.52300","1.97579","3.05048"
"14.54100","1.89268","2.79548"
"14.55900","1.80959","2.54295"
"14.57800","1.72181","2.28348"
"14.59700","1.63397","2.02639"
"14.61600","1.54615","1.77581"
"14.63600","1.45369","1.51667"
"14.65600","1.36127","1.26323"
"14.67600","1.26890","1.01481"
"14.69600","1.17660","0.77007"
"14.71600","1.08426","0.52852"
"14.73600","0.99166","0.29320"
"14.75600","0.89910","0.06129"
"14.77600","0.80669","-0.16428"
"14.79600","0.71432","-0.38906"
"14.81600","0.62196","-0.60771"
"14.83600","0.52957","-0.82247"
"14.85600","0.43719","-1.03243"
"14.87600","0.34484","-1.23722"
"14.89600","0.25247","-1.44086"
"14.91600","0.16007","-1.63741"
"14.93600","0.06766","-1.82743"
"14.95200","-0.00264","-1.85506"
"14.95300","-0.00647","-1.85470"
"14.95400","-0.01018","-1.85508"
"14.97400","-0.05340","-1.80148"
"14.99400","-0.02130","-1.79872"
"15.01400","0.05612","-1.65404"
"15.03400","0.14991","-1.41634"
"15.05400","0.24821","-1.16930"
"15.07300","0.34001","-0.90684"
"15.09300","0.43435","-0.64498"
"15.11200","0.52285","-0.38970"
"15.13200","0.61567","-0.13281"
"15.15100","0.70379","0.12257"
"15.17000","0.79185","0.37434"
"15.18800","0.87518","0.62510"
"15.20700","0.96308","0.88068"
"15.22500","1.04630","1.13249"
"15.24400","1.13414","1.39337"
"15.26200","1.21735","1.64653"
"15.28000","1.30052","1.90194"
"15.29800","1.38365","2.16044"
"15.31600","1.46680","2.41867"
"15.33400","1.54999","2.68319"
"15.35200","1.63318","2.94523"
"15.36900","1.71177","3.19799"
"15.38600","1.79038","3.45291"
"15.40300","1.86896","3.71043"
"15.42000","1.94748","3.96987"
"15.43700","2.02595","4.23266"
"15.45400","2.10445","4.49604"
"15.47000","2.17835","4.74614"
"15.48600","2.25230","5.00191"
"15.50200","2.32627","5.25905"
"15.51800","2.40025","5.51667"
"15.53400","2.47423","5.77757"
"15.55000","2.54817","6.03980"
"15.56600","2.62209","6.29933"
"15.58200","2.69600","6.56247"
"15.59700","2.76525","6.81329"
"15.61300","2.83911","7.07970"
"15.62800","2.90835","7.33301"
"15.64300","2.97761","7.58922"
"15.65800","3.04690","7.84100"
"15.67300","3.11623","8.10005"
"15.68800","3.18554","8.36027"
"15.70300","3.25485","8.62303"
"15.71800","3.32416","8.88947"
"15.73200","3.38887","9.13964"
"15.74600","3.45355","9.39323"
"15.76000","3.51821","9.64852"
"15.77400","3.58286","9.90409"
"15.78800","3.64750","10.16356"
"15.80200","3.71213","10.42916"
"15.81600","3.77678","10.69397"
"15.82900","3.83684","10.94634"
"15.84200","3.89691","11.20210"
"15.85500","3.95701","11.46103"
"15.86800","4.01713","11.72128"
"15.88100","4.07724","11.98786"
"15.89300","4.13271","12.23858"
"15.90500","4.18815","12.48977"
"15.91700","4.24358","12.74756"
"15.92900","4.29899","13.00878"
"15.94100","4.35436","13.27381"
"15.95300","4.40969","13.54233"
"15.96400","4.46042","13.79423"
"15.97500","4.51120","14.04628"
"15.98600","4.56202","14.30327"
"15.99700","4.61288","14.56775"
"16.00800","4.66379","14.83613"
"16.01900","4.71470","15.10593"
"16.02900","4.76096","15.35659"
"16.03900","4.80720","15.61548"
"16.04900","4.85341","15.87543"
"16.05900","4.89959","16.13763"
"16.06900","4.94575","16.40366"
"16.07900","4.99191","16.67546"
"16.08900","5.03809","16.95120"
"16.09900","5.08427","17.22976"
"16.10800","5.12585","17.48413"
"16.11700","5.16743","17.74499"
"16.12600","5.20903","18.00719"
"16.13500","5.25063","18.27259"
"16.14400","5.29224","18.54355"
"16.15300","5.33383","18.81795"
"16.16200","5.37542","19.09627"
"16.17100","5.41701","19.37652"
"16.17900","5.45399","19.62732"
"16.18700","5.49096","19.88254"
"16.19500","5.52792","20.14087"
"16.20300","5.56487","20.39962"
"16.21100","5.60183","20.65745"
"16.21900","5.63877","20.91483"
"16.22700","5.67571","21.16979"
"16.23500","5.71264","21.42010"
"16.24400","5.75419","21.69379"
"16.25300","5.79574","21.95710"
"16.26200","5.83731","22.20975"
"16.27200","5.88350","22.47400"
"16.28300","5.93434","22.74581"
"16.29400","5.98519","23.00192"
"16.30600","6.04065","23.26773"
"16.31900","6.10074","23.53565"
"16.33200","6.16084","23.79030"
"16.34600","6.22557","24.05452"
"16.36000","6.29027","24.30917"
"16.37500","6.35957","24.56997"
"16.39000","6.42882","24.82599"
"16.40600","6.50270","25.08972"
"16.42200","6.57666","25.34579"
"16.43800","6.65061","25.59830"
"16.45500","6.72915","25.86352"
"16.47200","6.80770","26.12451"
"16.48900","6.88623","26.38139"
"16.50600","6.96479","26.63529"
"16.52400","7.04801","26.89897"
"16.54200","7.13120","27.15634"
"16.56000","7.21434","27.41630"
"16.57800","7.29748","27.67177"
"16.59600","7.38065","27.92547"
"16.61400","7.46382","28.17733"
"16.63300","7.55160","28.43984"
"16.65200","7.63937","28.70156"
"16.67100","7.72707","28.95890"
"16.69000","7.81480","29.21607"
"16.70900","7.90261","29.46732"
"16.72800","7.99043","29.71997"
"16.74800","8.08284","29.97741"
"16.76800","8.17513","30.24067"
"16.78800","8.26748","30.49771"
"16.80800","8.35991","30.75635"
"16.82800","8.45239","31.01045"
"16.84800","8.54483","31.26304"
"16.86800","8.63723","31.51261"
"16.88800","8.72959","31.75962"
"16.90800","8.82192","32.00441"
"16.92800","8.91425","32.24868"
"16.94800","9.00662","32.48973"
"16.96800","9.09904","32.73146"
"16.98800","9.19147","32.97183"
"17.00800","9.28391","33.20996"
"17.02800","9.37633","33.44673"
"17.04800","9.46871","33.67932"
"17.06800","9.56107","33.91303"
"17.08800","9.65340","34.14171"
"17.10800","9.74576","34.37257"
"17.12800","9.83821","34.60279"
"17.14800","9.93071","34.83103"
"17.16800","10.02318","35.05628"
"17.18800","10.11559","35.27900"
"17.20800","10.20798","35.49784"
"17.22800","10.30037","35.71754"
"17.24800","10.39275","35.93271"
"17.26800","10.48506","36.14888"
"17.28800","10.57742","36.36569"
"17.30800","10.66985","36.58065"
"17.32800","10.76231","36.79457"
"17.34800","10.85475","37.00412"
"17.36800","10.94715","37.21332"
"17.38800","11.03953","37.41930"
"17.40800","11.13186","37.62544"
"17.42800","11.22423","37.83071"
"17.44800","11.31670","38.03601"
"17.46800","11.40917","38.23708"
"17.48800","11.50162","38.43839"
"17.50800","11.59406","38.63185"
"17.52800","11.68648","38.82857"
"17.54800","11.77889","39.02488"
"17.56800","11.87129","39.22102"
"17.58800","11.96362","39.41576"
"17.60800","12.05592","39.60717"
"17.62800","12.14829","39.79857"
"17.64800","12.24077","39.98750"
"17.66800","12.33323","40.17656"
"17.68800","12.42570","40.36499"
"17.70800","12.51810","40.55069"
"17.72800","12.61043","40.73499"
"17.74800","12.70275","40.92161"
"17.76800","12.79517","41.10296"
"17.78800","12.88764","41.28397"
"17.80800","12.98009","41.46273"
"17.82800","13.07247","41.64320"
"17.84800","13.16487","41.82345"
"17.86800","13.25719","41.99896"
"17.88800","13.34949","42.17476"
"17.90800","13.44181","42.34741"
"17.92800","13.53422","42.52005"
"17.94800","13.62671","42.69373"
"17.96800","13.71919","42.86142"
"17.98800","13.81163","43.03081"
"18.00800","13.90398","43.19799"
"18.02800","13.99630","43.36440"
"18.04800","14.08863","43.52895"
"18.06800","14.18096","43.69188"
"18.08800","14.27340","43.85285"
"18.10800","14.36586","44.01417"
"18.12800","14.45829","44.17662"
"18.14800","14.55067","44.34072"
"18.16800","14.64309","44.50502"
"18.18800","14.73550","44.66479"
"18.20800","14.82789","44.82798"
"18.22800","14.92025","44.98686"
"18.24800","15.01268","45.14768"
"18.26800","15.10516","45.30396"
"18.28800","15.19761","45.46235"
"18.30800","15.29001","45.61850"
"18.32800","15.38235","45.77463"
"18.34800","15.47468","45.92783"
"18.36800","15.56709","46.08406"
"18.38800","15.65949","46.23801"
"18.40800","15.75188","46.39643"
"18.42800","15.84424","46.54826"
"18.44800","15.93668","46.70468"
"18.46800","16.02916","46.85604"
"18.48800","16.12163","47.00415"
"18.50800","16.21401","47.15031"
"18.52800","16.30638","47.29978"
"18.54800","16.39873","47.44543"
"18.56800","16.49111","47.59282"
"18.58800","16.58356","47.73785"
"18.60800","16.67603","47.88748"
"18.62800","16.76845","48.03333"
"18.64800","16.86085","48.18026"
"18.66800","16.95324","48.32458"
"18.68800","17.04566","48.46745"
"18.70800","17.13804","48.61016"
"18.72800","17.23040","48.75295"
"18.74800","17.32279","48.89624"
"18.76800","17.41521","49.03935"
"18.78800","17.50768","49.18076"
"18.80800","17.60013","49.32178"
"18.82800","17.69253","49.45984"
"18.84800","17.78485","49.60007"
"18.86800","17.87722","49.73965"
"18.88800","17.96960","49.87739"
"18.90800","18.06203","50.01412"
"18.92800","18.15445","50.15293"
"18.94800","18.24682","50.29072"
"18.96800","18.33917","50.42664"
"18.98800","18.43157","50.55750"
"19.00800","18.52395","50.69072"
"19.02800","18.61633","50.82269"
"19.04800","18.70869","50.95684"
"19.06800","18.80104","51.08974"
"19.08800","18.89343","51.22303"
"19.10800","18.98587","51.35373"
"19.12800","19.07829","51.48537"
"19.14800","19.17068","51.61699"
"19.16800","19.26306","51.74877"
"19.18800","19.35549","51.88000"
"19.20800","19.44788","52.01062"
"19.22800","19.54025","52.14344"
"19.24800","19.63265","52.27553"
"19.26800","19.72502","52.40852"
"19.28800","19.81738","52.53629"
"19.30800","19.90984","52.65986"
"19.32800","20.00227","52.78397"
"19.34800","20.09467","52.90832"
"19.36800","20.18705","53.03764"
"19.38800","20.27943","53.16608"
"19.40800","20.37184","53.29267"
"19.42800","20.46434","53.41746"
"19.44800","20.55682","53.53937"
"19.46800","20.64921","53.66782"
"19.48800","20.74154","53.79722"
"19.50800","20.83393","53.92719"
"19.52800","20.92627","54.05446"
"19.54800","21.01863","54.18068"
"19.56800","21.11105","54.30703"
"19.58800","21.20349","54.43409"
"19.60800","21.29596","54.55845"
"19.62800","21.38843","54.67761"
"19.64800","21.48083","54.79630"
"19.66800","21.57319","54.91505"
"19.68800","21.66557","55.03952"
"19.70800","21.75792","55.15953"
"19.72800","21.85030","55.27953"
"19.74800","21.94280","55.39639"
"19.76800","22.03527","55.51498"
"19.78800","22.12769","55.63202"
"19.80800","22.22005","55.75015"
"19.82800","22.31244","55.86819"
"19.84800","22.40483","55.98664"
"19.86800","22.49721","56.10565"
"19.88800","22.58964","56.22686"
"19.90800","22.68211","56.34443"
"19.92800","22.77456","56.46307"
"19.94800","22.86695","56.57855"
"19.96800","22.95928","56.69424"
"19.98800","23.05154","56.81017"
"20.00800","23.14385","56.92525"
"20.02800","23.23626","57.03981"
"20.04800","23.32870","57.15717"
"20.06800","23.42114","57.26928"
"20.08800","23.51355","57.38317"
"20.10800","23.60598","57.49545"
"20.12800","23.69841","57.60620"
"20.14800","23.79081","57.71650"
"20.16800","23.88314","57.82513"
"20.18800","23.97546","57.93908"
"20.20800","24.06784","58.05000"
"20.22800","24.16028","58.16665"
"20.24800","24.25271","58.27660"
"20.26800","24.34512","58.38816"
"20.28800","24.43751","58.49913"
"20.30800","24.52987","58.60983"
"20.32800","24.62223","58.71949"
"20.34800","24.71461","58.82893"
"20.36800","24.80705","58.93608"
"20.38800","24.89949","59.04612"
"20.40800","24.99192","59.15670"
"20.42800","25.08430","59.26424"
"20.44800","25.17672","59.37126"
"20.46800","25.26914","59.47700"
"20.48800","25.36153","59.58315"
"20.50800","25.45386","59.68995"
"20.52800","25.54626","59.79482"
"20.54800","25.63870","59.89677"
"20.56800","25.73116","60.00123"
"20.58800","25.82355","60.10367"
"20.60800","25.91591","60.21252"
"20.62800","26.00825","60.31068"
"20.64800","26.10063","60.41439"
"20.66800","26.19302","60.51568"
"20.68800","26.28543","60.62248"
"20.70800","26.37791","60.73021"
"20.72800","26.47038","60.83891"
"20.74800","26.56283","60.94586"
"20.76800","26.65529","61.05082"
"20.78800","26.74765","61.15491"
"20.80800","26.84000","61.25730"
"20.82800","26.93238","61.35358"
"20.84800","27.02485","61.45362"
"20.86800","27.11732","61.55980"
"20.88800","27.20976","61.66683"
"20.90800","27.30215","61.77149"
"20.92800","27.39445","61.87133"
"20.94800","27.48677","61.97356"
"20.96800","27.57916","62.07692"
"20.98800","27.67157","62.18198"
"21.00800","27.76398","62.28812"
"21.02800","27.85640","62.39068"
"21.04800","27.94883","62.49364"
"21.06800","28.04126","62.59692"
"21.08800","28.13367","62.69635"
"21.10800","28.22607","62.79433"
"21.12800","28.31844","62.88989"
"21.14800","28.41076","62.98814"
"21.16800","28.50311","63.08787"
"21.18800","28.59550","63.18770"
"21.20800","28.68790","63.28669"
"21.22800","28.78028","63.38513"
"21.24800","28.87268","63.48249"
"21.26800","28.96509","63.57886"
"21.28800","29.05747","63.67504"
"21.30800","29.14983","63.77066"
"21.32800","29.24219","63.86655"
"21.34800","29.33460","63.96316"
"21.36800","29.42703","64.06295"
"21.38800","29.51945","64.15979"
"21.40800","29.61193","64.25683"
"21.42800","29.70434","64.35390"
"21.44800","29.79669","64.45150"
"21.46800","29.88904","64.54974"
"21.48800","29.98142","64.65055"
"21.50800","30.07387","64.74681"
"21.52800","30.16634","64.84325"
"21.54800","30.25881","64.93365"
"21.56800","30.35127","65.02219"
"21.58800","30.44369","65.10999"
"21.60800","30.53602","65.19947"
"21.62800","30.62832","65.29095"
"21.64800","30.72058","65.37984"
"21.66800","30.81296","65.47191"
"21.68800","30.90545","65.56556"
"21.70800","30.99796","65.65873"
"21.72800","31.09040","65.74873"
"21.74800","31.18274","65.83566"
"21.76800","31.27510","65.92558"
"21.78800","31.36750","66.01423"
"21.80800","31.45989","66.10357"
"21.82800","31.55229","66.19422"
"21.84800","31.64470","66.28788"
"21.86800","31.73713","66.37964"
"21.88800","31.82959","66.47159"
"21.90800","31.92204","66.56133"
"21.92800","32.01438","66.65285"
"21.94800","32.10674","66.74356"
"21.96800","32.19913","66.83876"
"21.98800","32.29155","66.93490"
"22.00800","32.38401","67.03280"
"22.02800","32.47651","67.12669"
"22.04800","32.56892","67.22187"
"22.06800","32.66126","67.31375"
"22.08800","32.75360","67.40984"
"22.10800","32.84600","67.49855"
"22.12800","32.93840","67.59177"
"22.14800","33.03083","67.68185"
"22.16800","33.12325","67.77496"
"22.18800","33.21569","67.86326"
"22.20800","33.30809","67.95042"
"22.22800","33.40046","68.03526"
"22.24800","33.49277","68.12437"
"22.26800","33.58510","68.21568"
"22.28800","33.67744","68.30767"
"22.30800","33.76983","68.40023"
"22.32800","33.86224","68.49104"
"22.34800","33.95466","68.58492"
"22.36800","34.04708","68.67561"
"22.38800","34.13949","68.76645"
"22.40800","34.23188","68.85332"
"22.42800","34.32423","68.94255"
"22.44800","34.41660","69.03077"
"22.46800","34.50901","69.12092"
"22.48800","34.60143","69.20751"
"22.50800","34.69391","69.29842"
"22.52800","34.78643","69.39022"
"22.54800","34.87888","69.48251"
"22.56800","34.97123","69.56458"
"22.58800","35.06348","69.65001"
"22.60800","35.15578","69.73354"
"22.62800","35.24819","69.82312"
"22.64800","35.34066","69.91202"
"22.66800","35.43314","70.00233"
"22.68800","35.52560","70.08850"
"22.70800","35.61799","70.17006"
"22.72800","35.71036","70.25053"
"22.74800","35.80275","70.33012"
"22.76800","35.89516","70.40903"
"22.78800","35.98753","70.48947"
"22.80800","36.07991","70.57562"
"22.82800","36.17235","70.65897"
"22.84800","36.26475","70.73893"
"22.86800","36.35714","70.81388"
"22.88800","36.44952","70.88504"
"22.90800","36.54192","70.95845"
"22.92800","36.63437","71.03453"
"22.94800","36.72678","71.11365"
"22.96800","36.81919","71.19077"
"22.98800","36.91138","71.23499"
"22.99700","36.95007","71.13169"
"22.99800","36.95397","71.11390"
"22.99900","36.95777","71.09521"
"23.00800","36.98611","70.84029"
"23.01400","36.99808","70.55811"
"23.01900","37.00288","70.24456"
"23.02300","37.00288","69.95002"
"23.02700","36.99939","69.63203"
"23.03000","36.99464","69.37530"
"23.03300","36.98828","69.09902"
"23.03600","36.98054","68.80959"
"23.03900","36.97165","68.50598"
"23.04200","36.96178","68.19424"
"23.04500","36.95111","67.87447"
"23.04800","36.93977","67.55054"
"23.05100","36.92786","67.22130"
"23.05400","36.91545","66.89221"
"23.05700","36.90262","66.56042"
"23.06000","36.88942","66.22998"
"23.06300","36.87588","65.89994"
"23.06600","36.86206","65.57220"
"23.06900","36.84800","65.24660"
"23.07200","36.83373","64.92550"
"23.07500","36.81931","64.60816"
"23.07800","36.80475","64.29464"
"23.08100","36.79010","63.98701"
"23.08400","36.77538","63.68308"
"23.08700","36.76064","63.38335"
"23.09000","36.74589","63.08705"
"23.09300","36.73115","62.79439"
"23.09600","36.71644","62.50389"
"23.09900","36.70177","62.21840"
"23.10200","36.68716","61.93415"
"23.10500","36.67261","61.65471"
"23.10800","36.65812","61.37917"
"23.11100","36.64369","61.10755"
"23.11400","36.62932","60.84024"
"23.11700","36.61502","60.57854"
"23.12000","36.60077","60.31992"
"23.12300","36.58657","60.06599"
"23.12600","36.57241","59.81536"
"23.13000","36.55360","59.48555"
"23.13400","36.53484","59.15994"
"23.13800","36.51613","58.83606"
"23.14200","36.49747","58.51638"
"23.14600","36.47882","58.20024"
"23.15000","36.46021","57.88813"
"23.15400","36.44162","57.58092"
"23.15800","36.42303","57.27881"
"23.16200","36.40446","56.98192"
"23.16600","36.38591","56.68792"
"23.17000","36.36736","56.39784"
"23.17400","36.34882","56.10883"
"23.17800","36.33028","55.82041"
"23.18200","36.31174","55.53434"
"23.18600","36.29321","55.25129"
"23.19000","36.27467","54.97113"
"23.19400","36.25613","54.69427"
"23.19800","36.23760","54.42274"
"23.20200","36.21906","54.15473"
"23.20600","36.20054","53.88749"
"23.21000","36.18201","53.62349"
"23.21400","36.16349","53.36050"
"23.21800","36.14497","53.09874"
"23.22200","36.12644","52.83855"
"23.22600","36.10793","52.58065"
"23.23000","36.08941","52.32622"
"23.23400","36.07090","52.07484"
"23.23900","36.04776","51.76622"
"23.24400","36.02462","51.45990"
"23.24900","36.00149","51.15659"
"23.25400","35.97836","50.85656"
"23.25900","35.95522","50.55870"
"23.26400","35.93209","50.26355"
"23.26900","35.90897","49.97326"
"23.27400","35.88584","49.68493"
"23.27900","35.86272","49.40228"
"23.28400","35.83960","49.12126"
"23.28900","35.81647","48.84325"
"23.29400","35.79336","48.56800"
"23.29900","35.77024","48.29523"
"23.30400","35.74714","48.02578"
"23.30900","35.72404","47.75883"
"23.31400","35.70095","47.49541"
"23.31900","35.67786","47.23419"
"23.32400","35.65478","46.97503"
"23.32900","35.63169","46.71754"
"23.33400","35.60860","46.46303"
"23.33900","35.58551","46.21031"
"23.34500","35.55779","45.91093"
"23.35100","35.53007","45.61543"
"23.35700","35.50235","45.32243"
"23.36300","35.47462","45.03434"
"23.36900","35.44689","44.74864"
"23.37500","35.41916","44.46548"
"23.38100","35.39142","44.18684"
"23.38700","35.36367","43.91182"
"23.39300","35.33593","43.63922"
"23.39900","35.30817","43.37033"
"23.40500","35.28042","43.10569"
"23.41100","35.25267","42.84290"
"23.41700","35.22492","42.58421"
"23.42300","35.19719","42.32797"
"23.42900","35.16947","42.07355"
"23.43500","35.14175","41.82319"
"23.44200","35.10944","41.53468"
"23.44900","35.07712","41.24911"
"23.45600","35.04480","40.96676"
"23.46300","35.01250","40.68890"
"23.47000","34.98020","40.41466"
"23.47700","34.94790","40.14351"
"23.48400","34.91560","39.87469"
"23.49100","34.88331","39.61018"
"23.49800","34.85101","39.34828"
"23.50500","34.81870","39.08969"
"23.51200","34.78637","38.83516"
"23.51900","34.75402","38.58346"
"23.52700","34.71703","38.29866"
"23.53500","34.68002","38.01712"
"23.54300","34.64299","37.74014"
"23.55100","34.60596","37.46644"
"23.55900","34.56893","37.19827"
"23.56700","34.53192","36.93430"
"23.57500","34.49493","36.67284"
"23.58300","34.45795","36.41384"
"23.59100","34.42099","36.15961"
"23.59900","34.38404","35.90951"
"23.60800","34.34248","35.63261"
"23.61700","34.30091","35.35826"
"23.62600","34.25935","35.08762"
"23.63500","34.21779","34.82175"
"23.64400","34.17624","34.55980"
"23.65300","34.13468","34.30061"
"23.66200","34.09311","34.04395"
"23.67100","34.05154","33.79171"
"23.68100","34.00533","33.51599"
"23.69100","33.95913","33.24450"
"23.70100","33.91291","32.97565"
"23.71100","33.86668","32.71255"
"23.72100","33.82045","32.45469"
"23.73100","33.77423","32.20067"
"23.74100","33.72802","31.94800"
"23.75200","33.67719","31.67530"
"23.76300","33.62638","31.40910"
"23.77400","33.57558","31.14461"
"23.78500","33.52479","30.88291"
"23.79600","33.47400","30.62625"
"23.80700","33.42322","30.37491"
"23.81900","33.36782","30.10332"
"23.83100","33.31241","29.83508"
"23.84300","33.25699","29.57434"
"23.85500","33.20157","29.31590"
"23.86700","33.14614","29.05954"
"23.87900","33.09070","28.80945"
"23.89200","33.03062","28.54356"
"23.90500","32.97055","28.27758"
"23.91800","32.91048","28.02047"
"23.93100","32.85041","27.76682"
"23.94400","32.79033","27.51569"
"23.95800","32.72565","27.25055"
"23.97200","32.66099","26.99011"
"23.98600","32.59635","26.73201"
"24.00000","32.53170","26.47936"
"24.01400","32.46703","26.22902"
"24.02900","32.39773","25.96829"
"24.04400","32.32840","25.70914"
"24.05900","32.25904","25.45468"
"24.07500","32.18505","25.19058"
"24.09100","32.11116","24.92785"
"24.10700","32.03733","24.67122"
"24.12300","31.96345","24.41767"
"24.14000","31.88492","24.15248"
"24.15700","31.80639","23.89268"
"24.17400","31.72784","23.63606"
"24.19100","31.64927","23.38568"
"24.20900","31.56603","23.12222"
"24.22700","31.48281","22.86448"
"24.24500","31.39964","22.61182"
"24.26300","31.31648","22.36157"
"24.28200","31.22867","22.10618"
"24.30100","31.14086","21.85076"
"24.32100","31.04849","21.58794"
"24.34100","30.95613","21.32715"
"24.36100","30.86372","21.07206"
"24.38100","30.77126","20.82129"
"24.40100","30.67882","20.57622"
"24.42100","30.58646","20.33331"
"24.44100","30.49411","20.09702"
"24.46100","30.40176","19.86127"
"24.48100","30.30940","19.62995"
"24.50100","30.21702","19.40295"
"24.52100","30.12460","19.17864"
"24.54100","30.03217","18.95836"
"24.56100","29.93973","18.74144"
"24.58100","29.84732","18.52861"
"24.60100","29.75498","18.31766"
"24.62100","29.66259","18.11027"
"24.64100","29.57015","17.90673"
"24.66100","29.47775","17.70403"
"24.68100","29.38534","17.50566"
"24.70100","29.29288","17.30784"
"24.72100","29.20042","17.11592"
"24.74100","29.10802","16.92527"
"24.76100","29.01569","16.73785"
"24.78100","28.92332","16.55161"
"24.80100","28.83090","16.36845"
"24.82100","28.73846","16.18925"
"24.84100","28.64604","16.01143"
"24.86100","28.55363","15.83735"
"24.88100","28.46128","15.66244"
"24.90100","28.36894","15.49050"
"24.92100","28.27657","15.32198"
"24.94100","28.18417","15.15543"
"24.96100","28.09179","14.99015"
"24.98100","27.99942","14.82607"
"25.00100","27.90703","14.66617"
"25.02100","27.81462","14.50659"
"25.04100","27.72221","14.34849"
"25.06100","27.62978","14.19280"
"25.08100","27.53733","14.04068"
"25.10100","27.44495","13.88635"
"25.12100","27.35262","13.73910"
"25.14100","27.26034","13.58995"
"25.16100","27.16804","13.44273"
"25.18100","27.07558","13.29723"
"25.20100","26.98302","13.15454"
"25.22100","26.89053","13.01315"
"25.24100","26.79815","12.87248"
"25.26100","26.70579","12.73502"
"25.28100","26.61344","12.59673"
"25.30100","26.52108","12.46097"
"25.32100","26.42866","12.32599"
"25.34100","26.33620","12.19397"
"25.36100","26.24374","12.06243"
"25.38100","26.15129","11.93148"
"25.40100","26.05888","11.80350"
"25.42100","25.96650","11.67620"
"25.44100","25.87415","11.54956"
"25.46100","25.78182","11.42416"
"25.48100","25.68946","11.30049"
"25.50100","25.59702","11.17911"
"25.52100","25.50458","11.05628"
"25.54100","25.41216","10.93837"
"25.56100","25.31976","10.81836"
"25.58100","25.22738","10.70131"
"25.60100","25.13498","10.58369"
"25.62100","25.04258","10.46820"
"25.64100","24.95020","10.35282"
"25.66100","24.85781","10.24100"
"25.68100","24.76541","10.12927"
"25.70100","24.67299","10.01735"
"25.72100","24.58055","9.90782"
"25.74100","24.48813","9.79858"
"25.76100","24.39575","9.69253"
"25.78100","24.30337","9.58477"
"25.80100","24.21098","9.47875"
"25.82100","24.11855","9.37332"
"25.84100","24.02606","9.27032"
"25.86100","23.93362","9.16695"
"25.88100","23.84123","9.06677"
"25.90100","23.74887","8.96414"
"25.92100","23.65650","8.86442"
"25.94100","23.56413","8.76540"
"25.96100","23.47171","8.66710"
"25.98100","23.37931","8.56988"
"26.00100","23.28691","8.47291"
"26.02100","23.19447","8.37708"
"26.04100","23.10204","8.28093"
"26.06100","23.00967","8.18641"
"26.08100","22.91737","8.09347"
"26.10100","22.82506","8.00039"
"26.12100","22.73269","7.90675"
"26.14100","22.64027","7.81580"
"26.16100","22.54780","7.72498"
"26.18100","22.45534","7.63546"
"26.20100","22.36290","7.54624"
"26.22100","22.27053","7.45622"
"26.24100","22.17819","7.36785"
"26.26100","22.08586","7.28176"
"26.28100","21.99346","7.19533"
"26.30100","21.90103","7.10868"
"26.32100","21.80860","7.02301"
"26.34100","21.71618","6.93770"
"26.36100","21.62379","6.85312"
"26.38100","21.53142","6.77102"
"26.40100","21.43904","6.68813"
"26.42100","21.34667","6.60417"
"26.44100","21.25427","6.52104"
"26.46100","21.16183","6.43825"
"26.48100","21.06934","6.36019"
"26.50100","20.97689","6.27986"
"26.52100","20.88452","6.20061"
"26.54100","20.79219","6.12002"
"26.56100","20.69984","6.04098"
"26.58100","20.60749","5.96225"
"26.60100","20.51507","5.88557"
"26.62100","20.42259","5.80839"
"26.64100","20.33015","5.73151"
"26.66100","20.23774","5.65514"
"26.68100","20.14531","5.57898"
"26.70100","20.05289","5.50279"
"26.72100","19.96046","5.42748"
"26.74100","19.86798","5.35383"
"26.76100","19.77561","5.27855"
"26.78100","19.68332","5.20531"
"26.80100","19.59102","5.13210"
"26.82100","19.49865","5.06082"
"26.84100","19.40620","4.98899"
"26.86100","19.31375","4.91694"
"26.88100","19.22131","4.84521"
"26.90100","19.12891","4.77381"
"26.92100","19.03651","4.70338"
"26.94100","18.94411","4.63492"
"26.96100","18.85170","4.56404"
"26.98100","18.75924","4.49518"
"27.00100","18.66682","4.42529"
"27.02100","18.57444","4.35880"
"27.04100","18.48205","4.28939"
"27.06100","18.38969","4.22321"
"27.08100","18.29732","4.15391"
"27.10100","18.20494","4.08736"
"27.12100","18.11257","4.01929"
"27.14100","18.02019","3.95465"
"27.16100","17.92777","3.88822"
"27.18100","17.83538","3.82165"
"27.20100","17.74302","3.75664"
"27.22100","17.65067","3.69116"
"27.24100","17.55828","3.62673"
"27.26100","17.46584","3.56179"
"27.28100","17.37342","3.49766"
"27.30100","17.28099","3.43166"
"27.32100","17.18857","3.37105"
"27.34100","17.09619","3.30562"
"27.36100","17.00383","3.24364"
"27.38100","16.91143","3.18051"
"27.40100","16.81904","3.11783"
"27.42100","16.72667","3.05559"
"27.44100","16.63425","2.99324"
"27.46100","16.54180","2.93176"
"27.48100","16.44936","2.87008"
"27.50100","16.35692","2.80890"
"27.52100","16.26449","2.74792"
"27.54100","16.17209","2.68564"
"27.56100","16.07972","2.62591"
"27.58100","15.98731","2.56530"
"27.60100","15.89490","2.50564"
"27.62100","15.80246","2.44660"
"27.64100","15.71006","2.38642"
"27.66100","15.61770","2.32798"
"27.68100","15.52532","2.26609"
"27.70100","15.43291","2.20826"
"27.72100","15.34052","2.14882"
"27.74100","15.24821","2.08979"
"27.76100","15.15586","2.03130"
"27.78100","15.06342","1.97441"
"27.80100","14.97098","1.91529"
"27.82100","14.87855","1.85736"
"27.84100","14.78614","1.80052"
"27.86100","14.69376","1.74220"
"27.88100","14.60137","1.68565"
"27.90100","14.50895","1.62821"
"27.92100","14.41660","1.57296"
"27.94100","14.32421","1.51742"
"27.96100","14.23178","1.46031"
"27.98100","14.13933","1.40380"
"28.00100","14.04693","1.35031"
"28.02100","13.95456","1.29296"
"28.04100","13.86221","1.23929"
"28.06100","13.76986","1.18320"
"28.08100","13.67747","1.12949"
"28.10100","13.58501","1.07247"
"28.12100","13.49251","1.02145"
"28.14100","13.40004","0.96723"
"28.16100","13.30765","0.91305"
"28.18100","13.21532","0.85966"
"28.20100","13.12301","0.80624"
"28.22100","13.03064","0.75089"
"28.24100","12.93826","0.70022"
"28.26100","12.84585","0.64667"
"28.28100","12.75339","0.59670"
"28.30100","12.66096","0.54231"
"28.32100","12.56856","0.49183"
"28.34100","12.47617","0.43913"
"28.36100","12.38378","0.38811"
"28.38100","12.29140","0.33657"
"28.40100","12.19897","0.28798"
"28.42100","12.10652","0.23694"
"28.44100","12.01410","0.18917"
"28.46100","11.92181","0.13793"
"28.48100","11.82951","0.09090"
"28.50100","11.73708","0.04227"
"28.52100","11.64460","-0.00407"
"28.54100","11.55215","-0.05198"
"28.56100","11.45973","-0.09897"
"28.58100","11.36730","-0.14267"
"28.60100","11.27488","-0.18624"
"28.62100","11.18246","-0.23030"
"28.64100","11.09005","-0.27280"
"28.66100","10.99766","-0.31484"
"28.68100","10.90526","-0.35404"
"28.70100","10.81287","-0.39326"
"28.72100","10.72048","-0.42798"
"28.74100","10.62806","-0.46276"
"28.76100","10.53565","-0.49745"
"28.78100","10.44326","-0.52970"
"28.80100","10.35089","-0.55528"
"28.82100","10.25852","-0.58221"
"28.84100","10.16615","-0.60231"
"28.86100","10.07379","-0.62204"
"28.88100","9.98142","-0.63904"
"28.90100","9.88902","-0.65562"
"28.92100","9.79653","-0.66545"
"28.94100","9.70405","-0.67707"
"28.96100","9.61169","-0.68484"
"28.98100","9.51936","-0.69475"
"29.00100","9.42698","-0.69896"
"29.02100","9.33457","-0.70699"
"29.04100","9.24216","-0.70984"
"29.06100","9.14978","-0.71439"
"29.08100","9.05740","-0.71625"
"29.10100","8.96499","-0.72118"
"29.12100","8.87257","-0.72509"
"29.14100","8.78018","-0.72789"
"29.16100","8.68779","-0.73066"
"29.18100","8.59542","-0.73395"
"29.20100","8.50305","-0.73494"
"29.22100","8.41066","-0.73902"
"29.24100","8.31820","-0.74020"
"29.26100","8.22572","-0.74153"
"29.28100","8.13328","-0.74331"
"29.30100","8.04093","-0.74592"
"29.32100","7.94859","-0.74907"
"29.34100","7.85621","-0.75034"
"29.36100","7.76381","-0.75106"
"29.38100","7.67142","-0.75293"
"29.40100","7.57904","-0.75453"
"29.42100","7.48662","-0.75564"
"29.44100","7.39423","-0.75858"
"29.46100","7.30182","-0.76103"
"29.48100","7.20940","-0.76057"
"29.50100","7.11699","-0.76259"
"29.52100","7.02462","-0.76543"
"29.54100","6.93225","-0.76749"
"29.56100","6.83983","-0.76994"
"29.58100","6.74745","-0.77163"
"29.60100","6.65500","-0.77191"
"29.62100","6.56255","-0.77650"
"29.64100","6.47012","-0.77807"
"29.66100","6.37772","-0.78049"
"29.68100","6.28534","-0.78123"
"29.70100","6.19297","-0.78280"
"29.72100","6.10059","-0.78417"
"29.74100","6.00814","-0.78870"
"29.76100","5.91567","-0.79004"
"29.78100","5.82325","-0.79302"
"29.80100","5.73086","-0.79431"
"29.82100","5.63850","-0.79491"
"29.84100","5.54615","-0.79791"
"29.86100","5.45380","-0.80011"
"29.88100","5.36142","-0.80347"
"29.90100","5.26900","-0.80382"
"29.92100","5.17655","-0.80605"
"29.94100","5.08410","-0.80872"
"29.96100","4.99174","-0.81285"
"29.98100","4.89941","-0.81340"
"30.00100","4.80708","-0.81751"
"30.02100","4.71464","-0.81916"
"30.04100","4.62212","-0.82112"
"30.06100","4.52960","-0.82162"
"30.08100","4.43720","-0.82748"
"30.10100","4.34489","-0.82951"
"30.12100","4.25263","-0.83313"
"30.14100","4.16028","-0.83492"
"30.16100","4.06784","-0.83586"
"30.18100","3.97540","-0.83860"
"30.20100","3.88298","-0.84242"
"30.22100","3.79054","-0.84528"
"30.24100","3.69809","-0.84623"
"30.26100","3.60566","-0.84870"
"30.28100","3.51331","-0.85226"
"30.30100","3.42096","-0.85614"
"30.32100","3.32860","-0.85796"
"30.34100","3.23621","-0.85981"
"30.36100","3.14380","-0.86160"
"30.38100","3.05136","-0.86360"
"30.40100","2.95893","-0.86604"
"30.42100","2.86654","-0.87168"
"30.44100","2.77421","-0.87202"
"30.46100","2.68187","-0.87583"
"30.48100","2.58948","-0.87678"
"30.50100","2.49706","-0.88042"
"30.52100","2.40464","-0.88143"
"30.54100","2.31221","-0.88487"
"30.56100","2.21976","-0.88711"
"30.58100","2.12730","-0.88905"
"30.60100","2.03491","-0.89108"
"30.62100","1.94258","-0.89536"
"30.64100","1.85024","-0.89742"
"30.66100","1.75786","-0.89961"
"30.68100","1.66544","-0.90039"
"30.70100","1.57298","-0.90272"
"30.72100","1.48053","-0.90446"
"30.74100","1.38811","-0.90752"
"30.76100","1.29569","-0.91155"
"30.78100","1.20329","-0.91070"
"30.80100","1.11093","-0.91310"
"30.82100","1.01854","-0.91604"
"30.84100","0.92614","-0.91830"
"30.86100","0.83368","-0.92050"
"30.88100","0.74125","-0.92153"
"30.90100","0.64883","-0.92335"
"30.92100","0.55645","-0.92393"
"30.94100","0.46411","-0.92746"
"30.96100","0.37177","-0.93039"
"30.98100","0.27941","-0.93155"
"31.00100","0.18701","-0.93194"
"31.02100","0.09458","-0.93287"
"31.04100","0.00456","-0.83523"
"31.04300","-0.00337","-0.81781"
"31.04400","-0.00718","-0.81048"
"31.04500","-0.01088","-0.80423"
"31.06500","-0.05359","-0.68676"
"31.08500","-0.02095","-0.79904"
"31.10500","0.05675","-0.87040"
"31.12500","0.15055","-0.88523"
"31.14500","0.24872","-0.89979"
"31.16500","0.34516","-0.88342"
"31.18500","0.43936","-0.87663"
"31.20500","0.53247","-0.85845"
"31.22500","0.62527","-0.85537"
"31.24500","0.71801","-0.84348"
"31.26500","0.81071","-0.83725"
"31.28500","0.90327","-0.82535"
"31.30500","0.99579","-0.82062"
"31.32500","1.08826","-0.80930"
"31.34500","1.18074","-0.80493"
"31.36500","1.27316","-0.79532"
"31.38500","1.36554","-0.78996"
"31.40500","1.45792","-0.77941"
"31.42500","1.55035","-0.77390"
"31.44500","1.64283","-0.76570"
"31.46500","1.73530","-0.75949"
"31.48500","1.82772","-0.75195"
"31.50500","1.92013","-0.74387"
"31.52500","2.01251","-0.73703"
"31.54500","2.10489","-0.72930"
"31.56500","2.19726","-0.72378"
"31.58500","2.28969","-0.71613"
"31.60500","2.38214","-0.70885"
"31.62500","2.47458","-0.70264"
"31.64500","2.56700","-0.69819"
"31.66500","2.65942","-0.68714"
"31.68500","2.75179","-0.68272"
"31.70500","2.84410","-0.67387"
"31.72500","2.93642","-0.66923"
"31.74500","3.02881","-0.66181"
"31.76500","3.12124","-0.65647"
"31.78500","3.21369","-0.64916"
"31.80500","3.30613","-0.64217"
"31.82500","3.39858","-0.63623"
"31.84500","3.49094","-0.62949"
"31.86500","3.58330","-0.62274"
"31.88500","3.67564","-0.61555"
"31.90500","3.76799","-0.61015"
"31.92500","3.86039","-0.60495"
"31.94500","3.95287","-0.59773"
"31.96500","4.04535","-0.59006"
"31.98500","4.13777","-0.58425"
"32.00500","4.23012","-0.57754"
"32.02500","4.32245","-0.57153"
"32.04500","4.41471","-0.56377"
"32.06500","4.50703","-0.55694"
"32.08500","4.59945","-0.54954"
"32.10500","4.69194","-0.54480"
"32.12500","4.78444","-0.53685"
"32.14500","4.87688","-0.53030"
"32.16500","4.96923","-0.52172"
"32.18500","5.06159","-0.51552"
"32.20500","5.15395","-0.50756"
"32.22500","5.24633","-0.49893"
"32.24500","5.33876","-0.49106"
"32.26500","5.43122","-0.48403"
"32.28500","5.52367","-0.47607"
"32.30500","5.61605","-0.46866"
"32.32500","5.70838","-0.45906"
"32.34500","5.80073","-0.44953"
"32.36500","5.89313","-0.44023"
"32.38500","5.98556","-0.43073"
"32.40500","6.07798","-0.41964"
"32.42500","6.17042","-0.40793"
"32.44500","6.26286","-0.39866"
"32.46500","6.35528","-0.38788"
"32.48500","6.44765","-0.37659"
"32.50500","6.54002","-0.36149"
"32.52500","6.63245","-0.34788"
"32.54500","6.72483","-0.33347"
"32.56500","6.81722","-0.31817"
"32.58500","6.90961","-0.30305"
"32.60500","7.00207","-0.28656"
"32.62500","7.09453","-0.26918"
"32.64500","7.18696","-0.25077"
"32.66500","7.27935","-0.23094"
"32.68500","7.37172","-0.20940"
"32.70500","7.46409","-0.18804"
"32.72500","7.55649","-0.16353"
"32.74500","7.64890","-0.13868"
"32.76500","7.74128","-0.10943"
"32.78500","7.83370","-0.08186"
"32.80500","7.92615","-0.04939"
"32.82500","8.01857","-0.01590"
"32.84500","8.11095","0.02087"
"32.86500","8.20329","0.05796"
"32.88500","8.29568","0.10125"
"32.90500","8.38812","0.14503"
"32.92500","8.48059","0.19413"
"32.94500","8.57298","0.24425"
"32.96500","8.66534","0.30214"
"32.98500","8.75767","0.35982"
"33.00500","8.85001","0.42266"
"33.02500","8.94234","0.48844"
"33.04500","9.03474","0.55959"
"33.06500","9.12717","0.63332"
"33.08500","9.21961","0.71108"
"33.10500","9.31202","0.79321"
"33.12500","9.40444","0.87806"
"33.14500","9.49682","0.96721"
"33.16500","9.58917","1.05849"
"33.18500","9.68149","1.15223"
"33.20500","9.77386","1.24763"
"33.22500","9.86633","1.34840"
"33.24500","9.95885","1.44787"
"33.26500","10.05131","1.55183"
"33.28500","10.14371","1.65583"
"33.30500","10.23611","1.76221"
"33.32500","10.32851","1.86971"
"33.34500","10.42085","1.97966"
"33.36500","10.51318","2.08895"
"33.38500","10.60556","2.19980"
"33.40500","10.69797","2.30912"
"33.42500","10.79039","2.42175"
"33.44500","10.88281","2.53552"
"33.46500","10.97519","2.64896"
"33.48500","11.06755","2.76221"
"33.50500","11.15991","2.87582"
"33.52500","11.25229","2.99019"
"33.54500","11.34472","3.10486"
"33.56500","11.43719","3.21990"
"33.58500","11.52967","3.33212"
"33.60500","11.62212","3.44833"
"33.62500","11.71455","3.56305"
"33.64500","11.80692","3.67807"
"33.66500","11.89929","3.79242"
"33.68500","11.99166","3.90863"
"33.70500","12.08400","4.02293"
"33.72500","12.17638","4.13747"
"33.74500","12.26879","4.25252"
"33.76500","12.36123","4.36719"
"33.78500","12.45370","4.48202"
"33.80500","12.54613","4.59728"
"33.82500","12.63846","4.71151"
"33.84500","12.73079","4.82613"
"33.86500","12.82323","4.93979"
"33.88500","12.91572","5.05617"
"33.90500","13.00817","5.17110"
"33.92500","13.10059","5.28514"
"33.94500","13.19297","5.39958"
"33.96500","13.28530","5.51407"
"33.98500","13.37763","5.62766"
"34.00500","13.46996","5.74238"
"34.02500","13.56235","5.85688"
"34.04500","13.65481","5.97040"
"34.06500","13.74729","6.08593"
"34.08500","13.83969","6.20046"
"34.10500","13.93206","6.31539"
"34.12500","14.02442","6.42840"
"34.14500","14.11673","6.54352"
"34.16500","14.20905","6.65891"
"34.18500","14.30150","6.77235"
"34.20500","14.39396","6.88812"
"34.22500","14.48641","7.00315"
"34.24500","14.57881","7.11820"
"34.26500","14.67120","7.23163"
"34.28500","14.76357","7.34794"
"34.30500","14.85594","7.46260"
"34.32500","14.94835","7.57870"
"34.34500","15.04081","7.69267"
"34.36500","15.13326","7.80918"
"34.38500","15.22568","7.92347"
"34.40500","15.31811","8.04058"
"34.42500","15.41049","8.15565"
"34.44500","15.50285","8.27345"
"34.46500","15.59522","8.38864"
"34.48500","15.68761","8.50452"
"34.50500","15.78000","8.61957"
"34.52500","15.87240","8.73740"
"34.54500","15.96488","8.85450"
"34.56500","16.05733","8.97034"
"34.58500","16.14971","9.08759"
"34.60500","16.24205","9.20459"
"34.62500","16.33442","9.32202"
"34.64500","16.42678","9.44051"
"34.66500","16.51917","9.55713"
"34.68500","16.61162","9.67387"
"34.70500","16.70407","9.79336"
"34.72500","16.79647","9.91196"
"34.74500","16.88884","10.02968"
"34.76500","16.98124","10.14849"
"34.78500","17.07367","10.26643"
"34.80500","17.16605","10.38537"
"34.82500","17.25842","10.50532"
"34.84500","17.35077","10.62523"
"34.86500","17.44317","10.74574"
"34.88500","17.53566","10.86423"
"34.90500","17.62817","10.98367"
"34.92500","17.72054","11.10715"
"34.94500","17.81284","11.22655"
"34.96500","17.90520","11.34654"
"34.98500","17.99762","11.46810"
"35.00500","18.09006","11.59181"
"35.02500","18.18251","11.71126"
"35.04500","18.27495","11.83596"
"35.06500","18.36733","11.95686"
"35.08500","18.45971","12.08035"
"35.10500","18.55207","12.20242"
"35.12500","18.64440","12.32603"
"35.14500","18.73671","12.44959"
"35.16500","18.82907","12.57460"
"35.18500","18.92153","12.69885"
"35.20500","19.01400","12.82309"
"35.22500","19.10640","12.94812"
"35.24500","19.19879","13.07171"
"35.26500","19.29116","13.20097"
"35.28500","19.38357","13.32459"
"35.30500","19.47598","13.45224"
"35.32500","19.56840","13.57787"
"35.34500","19.66079","13.70650"
"35.36500","19.75311","13.83444"
"35.38500","19.84549","13.96246"
"35.40500","19.93793","14.09078"
"35.42500","20.03038","14.21962"
"35.44500","20.12280","14.34924"
"35.46500","20.21518","14.48067"
"35.48500","20.30754","14.60983"
"35.50500","20.39994","14.74176"
"35.52500","20.49244","14.86986"
"35.54500","20.58491","15.00399"
"35.56500","20.67731","15.13626"
"35.58500","20.76971","15.26968"
"35.60500","20.86209","15.40142"
"35.62500","20.95440","15.53528"
"35.64500","21.04673","15.66780"
"35.66500","21.13913","15.80399"
"35.68500","21.23163","15.93875"
"35.70500","21.32413","16.07553"
"35.72500","21.41659","16.21198"
"35.74500","21.50896","16.34724"
"35.76500","21.60127","16.48355"
"35.78500","21.69359","16.62214"
"35.80500","21.78593","16.76151"
"35.82500","21.87840","16.90097"
"35.84500","21.97093","17.03925"
"35.86500","22.06338","17.17808"
"35.88500","22.15574","17.32040"
"35.90500","22.24802","17.46085"
"35.92500","22.34034","17.60449"
"35.94500","22.43275","17.74540"
"35.96500","22.52523","17.89025"
"35.98500","22.61768","18.03377"
"36.00500","22.71013","18.17854"
"36.02500","22.80254","18.32334"
"36.04500","22.89489","18.46868"
"36.06500","22.98723","18.61353"
"36.08500","23.07958","18.76402"
"36.10500","23.17195","18.91279"
"36.12500","23.26432","19.06173"
"36.14500","23.35675","19.20809"
"36.16500","23.44921","19.35808"
"36.18500","23.54165","19.51237"
"36.20500","23.63413","19.66362"
"36.22500","23.72659","19.81677"
"36.24500","23.81894","19.96823"
"36.26500","23.91118","20.12199"
"36.28500","24.00349","20.27775"
"36.30500","24.09589","20.43423"
"36.32500","24.18835","20.58988"
"36.34500","24.28081","20.74933"
"36.36500","24.37327","20.90834"
"36.38500","24.46570","21.06739"
"36.40500","24.55804","21.22806"
"36.42500","24.65037","21.38941"
"36.44500","24.74272","21.55300"
"36.46500","24.83514","21.71562"
"36.48500","24.92757","21.87979"
"36.50500","25.02000","22.04599"
"36.52500","25.11241","22.21397"
"36.54500","25.20481","22.38158"
"36.56500","25.29724","22.54983"
"36.58500","25.38964","22.71895"
"36.60500","25.48197","22.88969"
"36.62500","25.57437","23.06091"
"36.64500","25.66685","23.23830"
"36.66500","25.75931","23.41090"
"36.68500","25.85167","23.58551"
"36.70500","25.94402","23.76221"
"36.72500","26.03637","23.94047"
"36.74500","26.12876","24.11998"
"36.76500","26.22112","24.30162"
"36.78500","26.31354","24.48150"
"36.80500","26.40598","24.66707"
"36.82500","26.49841","24.84999"
"36.84500","26.59083","25.03890"
"36.86500","26.68326","25.22324"
"36.88500","26.77566","25.41343"
"36.90500","26.86804","25.60104"
"36.92500","26.96043","25.79501"
"36.94500","27.05294","25.98856"
"36.96500","27.14540","26.18372"
"36.98500","27.23782","26.38111"
"37.00500","27.33018","26.57874"
"37.02500","27.42244","26.77840"
"37.04500","27.51475","26.97857"
"37.06500","27.60715","27.18381"
"37.08500","27.69956","27.38850"
"37.10500","27.79196","27.59721"
"37.12500","27.88438","27.80532"
"37.14500","27.97680","28.01669"
"37.16500","28.06920","28.22846"
"37.18500","28.16164","28.44333"
"37.20500","28.25408","28.66028"
"37.22500","28.34646","28.87849"
"37.24500","28.43880","29.09851"
"37.26500","28.53116","29.32061"
"37.28500","28.62352","29.54718"
"37.30500","28.71592","29.77538"
"37.32500","28.80832","30.00430"
"37.34500","28.90074","30.23582"
"37.36500","28.99315","30.47108"
"37.38500","29.08558","30.70822"
"37.40500","29.17797","30.94761"
"37.42500","29.27035","31.18915"
"37.44500","29.36276","31.43364"
"37.46500","29.45517","31.68146"
"37.48500","29.54759","31.93297"
"37.50500","29.64006","32.18410"
"37.52500","29.73246","32.44122"
"37.54500","29.82480","32.69944"
"37.56400","29.91249","32.94962"
"37.58300","30.00024","33.20076"
"37.60200","30.08807","33.45671"
"37.62100","30.17591","33.71517"
"37.64000","30.26376","33.97437"
"37.65800","30.34696","34.22514"
"37.67600","30.43014","34.47558"
"37.69400","30.51325","34.73182"
"37.71200","30.59637","34.99030"
"37.73000","30.67944","35.25238"
"37.74700","30.75792","35.50239"
"37.76400","30.83648","35.75584"
"37.78100","30.91510","36.01228"
"37.79800","30.99373","36.26769"
"37.81500","31.07230","36.53051"
"37.83200","31.15081","36.79286"
"37.84800","31.22470","37.04580"
"37.86400","31.29863","37.30011"
"37.88000","31.37257","37.55428"
"37.89600","31.44647","37.81509"
"37.91200","31.52036","38.07890"
"37.92800","31.59427","38.34560"
"37.94300","31.66358","38.59933"
"37.95800","31.73289","38.85400"
"37.97300","31.80222","39.11352"
"37.98800","31.87154","39.37377"
"38.00300","31.94085","39.63689"
"38.01700","32.00554","39.88752"
"38.03100","32.07021","40.14080"
"38.04500","32.13488","40.39660"
"38.05900","32.19954","40.65551"
"38.07300","32.26422","40.92017"
"38.08700","32.32892","41.18324"
"38.10100","32.39363","41.45059"
"38.11400","32.45374","41.70367"
"38.12700","32.51384","41.95668"
"38.14000","32.57390","42.21340"
"38.15300","32.63393","42.47479"
"38.16600","32.69394","42.73675"
"38.17900","32.75394","43.00269"
"38.19200","32.81397","43.27041"
"38.20400","32.86940","43.52169"
"38.21600","32.92483","43.77483"
"38.22800","32.98027","44.03051"
"38.24000","33.03573","44.29133"
"38.25200","33.09117","44.55579"
"38.26400","33.14663","44.82014"
"38.27600","33.20211","45.08969"
"38.28800","33.25757","45.36131"
"38.30000","33.31303","45.63189"
"38.31100","33.36386","45.88460"
"38.32200","33.41468","46.14037"
"38.33300","33.46547","46.39738"
"38.34400","33.51624","46.65790"
"38.35500","33.56702","46.92324"
"38.36600","33.61779","47.18987"
"38.37700","33.66856","47.46032"
"38.38800","33.71935","47.73382"
"38.39800","33.76554","47.98439"
"38.40800","33.81176","48.23557"
"38.41800","33.85797","48.49023"
"38.42800","33.90418","48.74739"
"38.43800","33.95040","49.00714"
"38.44800","33.99662","49.26999"
"38.45800","34.04282","49.53593"
"38.46800","34.08902","49.80429"
"38.47800","34.13522","50.07490"
"38.48800","34.18140","50.34801"
"38.49800","34.22758","50.62299"
"38.50800","34.27375","50.90072"
"38.51700","34.31532","51.15329"
"38.52600","34.35689","51.40781"
"38.53500","34.39847","51.66467"
"38.54400","34.44004","51.92403"
"38.55300","34.48164","52.18501"
"38.56200","34.52324","52.44781"
"38.57100","34.56483","52.71503"
"38.58000","34.60642","52.98425"
"38.58900","34.64803","53.25516"
"38.59800","34.68965","53.52832"
"38.60700","34.73128","53.80347"
"38.61600","34.77291","54.08202"
"38.62500","34.81451","54.36274"
"38.63300","34.85149","54.61375"
"38.64100","34.88847","54.86609"
"38.64900","34.92543","55.12046"
"38.65700","34.96239","55.37612"
"38.66500","34.99932","55.63443"
"38.67300","35.03624","55.89449"
"38.68100","35.07315","56.15429"
"38.68900","35.11005","56.41746"
"38.69700","35.14696","56.68146"
"38.70500","35.18388","56.94745"
"38.71300","35.22081","57.21516"
"38.72100","35.25776","57.48503"
"38.72900","35.29475","57.75639"
"38.73700","35.33175","58.02956"
"38.74500","35.36875","58.30481"
"38.75300","35.40575","58.58039"
"38.76100","35.44274","58.85795"
"38.76900","35.47973","59.13686"
"38.77700","35.51670","59.41684"
"38.78500","35.55367","59.69983"
"38.79300","35.59063","59.98324"
"38.80100","35.62757","60.26540"
"38.80900","35.66451","60.54857"
"38.81700","35.70145","60.83437"
"38.82400","35.73377","61.08508"
"38.83100","35.76610","61.33567"
"38.83800","35.79843","61.58606"
"38.84500","35.83076","61.83654"
"38.85300","35.86773","62.12248"
"38.86000","35.90006","62.37403"
"38.86700","35.93240","62.62698"
"38.87400","35.96472","62.88024"
"38.88100","35.99704","63.13248"
"38.88800","36.02937","63.38574"
"38.89500","36.06171","63.64045"
"38.90200","36.09407","63.89467"
"38.90900","36.12643","64.14870"
"38.91600","36.15881","64.40193"
"38.92300","36.19118","64.65456"
"38.93000","36.22356","64.90749"
"38.93700","36.25592","65.15959"
"38.94400","36.28827","65.41019"
"38.95200","36.32524","65.69370"
"38.96000","36.36221","65.97552"
"38.96800","36.39915","66.25705"
"38.97600","36.43609","66.53520"
"38.98400","36.47303","66.81182"
"38.99200","36.50997","67.08626"
"39.00000","36.54693","67.35973"
"39.00800","36.58390","67.62992"
"39.01600","36.62086","67.89685"
"39.02400","36.65783","68.16075"
"39.03200","36.69479","68.42280"
"39.04000","36.73177","68.68163"
"39.04800","36.76875","68.93507"
"39.05700","36.81035","69.21489"
"39.06600","36.85193","69.49033"
"39.07500","36.89347","69.75323"
"39.08800","36.95034","69.97404"
"39.08900","36.95423","69.98119"
"39.09000","36.95802","69.98737"
"39.10700","37.00063","69.73154"
"39.11300","37.00317","69.44009"
"39.11800","36.99932","69.14429"
"39.12200","36.99260","68.86966"
"39.12600","36.98317","68.55846"
"39.12900","36.97464","68.30489"
"39.13200","36.96508","68.03816"
"39.13500","36.95466","67.75940"
"39.13800","36.94353","67.47260"
"39.14100","36.93179","67.17719"
"39.14400","36.91954","66.87811"
"39.14700","36.90683","66.57404"
"39.15000","36.89375","66.26887"
"39.15300","36.88031","65.96093"
"39.15600","36.86658","65.65480"
"39.15900","36.85260","65.34818"
"39.16200","36.83840","65.04536"
"39.16500","36.82402","64.74397"
"39.16800","36.80951","64.44605"
"39.17100","36.79489","64.15107"
"39.17400","36.78020","63.86010"
"39.17700","36.76547","63.57137"
"39.18000","36.75072","63.28609"
"39.18300","36.73598","63.00337"
"39.18600","36.72126","62.72216"
"39.18900","36.70658","62.44487"
"39.19200","36.69195","62.16911"
"39.19500","36.67737","61.89712"
"39.19800","36.66286","61.62902"
"39.20100","36.64840","61.36487"
"39.20400","36.63401","61.10399"
"39.20700","36.61969","60.84944"
"39.21000","36.60541","60.59726"
"39.21400","36.58646","60.26791"
"39.21800","36.56759","59.94353"
"39.22200","36.54879","59.62291"
"39.22600","36.53004","59.30553"
"39.23000","36.51134","58.99033"
"39.23400","36.49268","58.67907"
"39.23800","36.47404","58.37167"
"39.24200","36.45543","58.06935"
"39.24600","36.43683","57.77112"
"39.25000","36.41824","57.47741"
"39.25400","36.39967","57.18780"
"39.25800","36.38111","56.90009"
"39.26200","36.36255","56.61483"
"39.26600","36.34401","56.33064"
"39.27000","36.32546","56.04787"
"39.27400","36.30693","55.76736"
"39.27800","36.28839","55.49008"
"39.28200","36.26986","55.21712"
"39.28600","36.25134","54.94772"
"39.29000","36.23281","54.68169"
"39.29400","36.21429","54.41844"
"39.29800","36.19578","54.15641"
"39.30200","36.17727","53.89693"
"39.30600","36.15876","53.63769"
"39.31000","36.14024","53.38035"
"39.31400","36.12173","53.12432"
"39.31800","36.10322","52.87120"
"39.32200","36.08470","52.62060"
"39.32700","36.06155","52.31335"
"39.33200","36.03841","52.01033"
"39.33700","36.01527","51.71143"
"39.34200","35.99212","51.41367"
"39.34700","35.96899","51.11902"
"39.35200","35.94585","50.82418"
"39.35700","35.92271","50.53285"
"39.36200","35.89958","50.24721"
"39.36700","35.87644","49.96627"
"39.37200","35.85331","49.68904"
"39.37700","35.83018","49.41518"
"39.38200","35.80706","49.14232"
"39.38700","35.78394","48.87163"
"39.39200","35.76083","48.60210"
"39.39700","35.73774","48.33496"
"39.40200","35.71465","48.07237"
"39.40700","35.69156","47.81314"
"39.41200","35.66848","47.55712"
"39.41700","35.64540","47.30244"
"39.42200","35.62231","47.04932"
"39.42700","35.59923","46.79741"
"39.43300","35.57152","46.49916"
"39.43900","35.54380","46.20319"
"39.44500","35.51608","45.91293"
"39.45100","35.48835","45.62631"
"39.45700","35.46062","45.34234"
"39.46300","35.43288","45.06186"
"39.46900","35.40514","44.78360"
"39.47500","35.37739","44.50793"
"39.48100","35.34965","44.23739"
"39.48700","35.32190","43.97063"
"39.49300","35.29415","43.70654"
"39.49900","35.26640","43.44658"
"39.50500","35.23865","43.18859"
"39.51100","35.21090","42.93171"
"39.51700","35.18317","42.67841"
"39.52400","35.15081","42.38754"
"39.53100","35.11847","42.10073"
"39.53800","35.08615","41.81717"
"39.54500","35.05384","41.53770"
"39.55200","35.02154","41.26174"
"39.55900","34.98926","40.98777"
"39.56600","34.95699","40.71636"
"39.57300","34.92472","40.44940"
"39.58000","34.89243","40.18579"
"39.58700","34.86013","39.92634"
"39.59400","34.82780","39.66929"
"39.60100","34.79545","39.41459"
"39.60800","34.76309","39.16380"
"39.61600","34.72610","38.88012"
"39.62400","34.68910","38.60013"
"39.63200","34.65210","38.32421"
"39.64000","34.61509","38.05326"
"39.64800","34.57808","37.78649"
"39.65600","34.54108","37.52269"
"39.66400","34.50409","37.26102"
"39.67200","34.46712","37.00410"
"39.68000","34.43016","36.75119"
"39.68900","34.38861","36.47041"
"39.69800","34.34706","36.19266"
"39.70700","34.30551","35.91973"
"39.71600","34.26396","35.65108"
"39.72500","34.22240","35.38628"
"39.73400","34.18084","35.12404"
"39.74300","34.13926","34.86566"
"39.75200","34.09769","34.61168"
"39.76100","34.05613","34.36072"
"39.77100","34.00995","34.08462"
"39.78100","33.96376","33.81219"
"39.79100","33.91755","33.54512"
"39.80100","33.87133","33.28489"
"39.81100","33.82510","33.02635"
"39.82100","33.77888","32.76996"
"39.83100","33.73267","32.51851"
"39.84200","33.68181","32.24786"
"39.85300","33.63095","31.97997"
"39.86400","33.58011","31.71553"
"39.87500","33.52932","31.45460"
"39.88600","33.47855","31.19910"
"39.89700","33.42779","30.94734"
"39.90900","33.37240","30.67518"
"39.92100","33.31697","30.40933"
"39.93300","33.26151","30.14762"
"39.94500","33.20605","29.88765"
"39.95700","33.15061","29.63416"
"39.96900","33.09517","29.38255"
"39.98200","33.03510","29.11374"
"39.99500","32.97502","28.85114"
"40.00800","32.91496","28.59297"
"40.02100","32.85490","28.33940"
"40.03400","32.79484","28.08833"
"40.04800","32.73016","27.82273"
"40.06200","32.66549","27.56216"
"40.07600","32.60085","27.30342"
"40.09000","32.53620","27.04819"
"40.10500","32.46693","26.78180"
"40.12000","32.39761","26.51994"
"40.13500","32.32826","26.26107"
"40.15000","32.25892","26.00739"
"40.16500","32.18959","25.75735"
"40.18100","32.11566","25.49487"
"40.19700","32.04176","25.23600"
"40.21300","31.96787","24.98264"
"40.23000","31.88939","24.71769"
"40.24700","31.81088","24.45510"
"40.26400","31.73231","24.20070"
"40.28100","31.65374","23.94608"
"40.29900","31.57055","23.68258"
"40.31700","31.48736","23.42423"
"40.33500","31.40419","23.16915"
"40.35400","31.31640","22.90770"
"40.37300","31.22859","22.64972"
"40.39200","31.14081","22.39309"
"40.41100","31.05305","22.14032"
"40.43100","30.96067","21.87975"
"40.45100","30.86825","21.62343"
"40.47100","30.77581","21.37295"
"40.49100","30.68337","21.12459"
"40.51100","30.59099","20.88100"
"40.53100","30.49865","20.63992"
"40.55100","30.40629","20.40360"
"40.57100","30.31391","20.17169"
"40.59100","30.22150","19.94250"
"40.61100","30.12907","19.71589"
"40.63100","30.03658","19.49242"
"40.65100","29.94413","19.27289"
"40.67100","29.85173","19.05892"
"40.69100","29.75944","18.84671"
"40.71100","29.66710","18.63630"
"40.73100","29.57470","18.42938"
"40.75100","29.48229","18.22317"
"40.77100","29.38983","18.02462"
"40.79100","29.29737","17.82570"
"40.81100","29.20497","17.63127"
"40.83100","29.11266","17.43819"
"40.85100","29.02035","17.24756"
"40.87100","28.92796","17.05979"
"40.89100","28.83554","16.87599"
"40.91100","28.74309","16.69287"
"40.93100","28.65067","16.51264"
"40.95100","28.55825","16.33438"
"40.97100","28.46586","16.15899"
"40.99100","28.37349","15.98682"
"41.01100","28.28112","15.81372"
"41.03100","28.18875","15.64654"
"41.05100","28.09635","15.47625"
"41.07100","28.00396","15.31072"
"41.09100","27.91154","15.14871"
"41.11100","27.81912","14.98668"
"41.13100","27.72669","14.82830"
"41.15100","27.63423","14.66880"
"41.17100","27.54177","14.51351"
"41.19100","27.44939","14.35921"
"41.21100","27.35707","14.20629"
"41.23100","27.26480","14.05744"
"41.25100","27.17249","13.90695"
"41.27100","27.08002","13.76004"
"41.29100","26.98748","13.61488"
"41.31100","26.89502","13.46980"
"41.33100","26.80264","13.32861"
"41.35100","26.71027","13.18700"
"41.37100","26.61786","13.04864"
"41.39100","26.52547","12.91064"
"41.41100","26.43309","12.77302"
"41.43100","26.34069","12.63759"
"41.45100","26.24827","12.50578"
"41.47100","26.15586","12.37247"
"41.49100","26.06345","12.24260"
"41.51100","25.97103","12.11215"
"41.53100","25.87863","11.98509"
"41.55100","25.78629","11.85620"
"41.57100","25.69396","11.73049"
"41.59100","25.60152","11.60781"
"41.61100","25.50905","11.48302"
"41.63100","25.41663","11.36174"
"41.65100","25.32422","11.24089"
"41.67100","25.23183","11.12078"
"41.69100","25.13945","11.00160"
"41.71100","25.04706","10.88405"
"41.73100","24.95469","10.76528"
"41.75100","24.86232","10.65290"
"41.77100","24.76991","10.53690"
"41.79100","24.67745","10.42564"
"41.81100","24.58499","10.31179"
"41.83100","24.49260","10.20021"
"41.85100","24.40026","10.09065"
"41.87100","24.30792","9.98172"
"41.89100","24.21555","9.87307"
"41.91100","24.12313","9.76698"
"41.93100","24.03066","9.65891"
"41.95100","23.93823","9.55520"
"41.97100","23.84584","9.44865"
"41.99100","23.75344","9.34741"
"42.01100","23.66101","9.24450"
"42.03100","23.56859","9.14075"
"42.05100","23.47619","9.04159"
"42.07100","23.38380","8.94040"
"42.09100","23.29143","8.84230"
"42.11100","23.19900","8.74236"
"42.13100","23.10656","8.64519"
"42.15100","23.01418","8.54615"
"42.17100","22.92185","8.45043"
"42.19100","22.82953","8.35241"
"42.21100","22.73718","8.26115"
"42.23100","22.64479","8.16309"
"42.25100","22.55233","8.07339"
"42.27100","22.45986","7.97650"
"42.29100","22.36742","7.88766"
"42.31100","22.27506","7.79325"
"42.33100","22.18270","7.70427"
"42.35100","22.09038","7.61168"
"42.37100","21.99798","7.52301"
"42.39100","21.90554","7.43219"
"42.41100","21.81307","7.34589"
"42.43100","21.72062","7.25657"
"42.45100","21.62820","7.16963"
"42.47100","21.53582","7.08346"
"42.49100","21.44348","6.99476"
"42.51100","21.35111","6.91017"
"42.53100","21.25868","6.82419"
"42.55100","21.16623","6.73975"
"42.57100","21.07376","6.65635"
"42.59100","20.98133","6.57131"
"42.61100","20.88899","6.48875"
"42.63100","20.79666","6.40726"
"42.65100","20.70430","6.32339"
"42.67100","20.61193","6.24376"
"42.69100","20.51954","6.15939"
"42.71100","20.42711","6.08058"
"42.73100","20.33470","5.99908"
"42.75100","20.24230","5.92034"
"42.77100","20.14985","5.84060"
"42.79100","20.05743","5.76096"
"42.81100","19.96503","5.68224"
"42.83100","19.87262","5.60319"
"42.85100","19.78023","5.52483"
"42.87100","19.68784","5.44927"
"42.89100","19.59550","5.37027"
"42.91100","19.50312","5.29352"
"42.93100","19.41064","5.21959"
"42.95100","19.31816","5.14240"
"42.97100","19.22577","5.06876"
"42.99100","19.13342","4.99158"
"43.01100","19.04105","4.91845"
"43.03100","18.94867","4.84286"
"43.05100","18.85625","4.76984"
"43.07100","18.76381","4.69694"
"43.09100","18.67142","4.62326"
"43.11100","18.57901","4.54905"
"43.13100","18.48663","4.47807"
"43.15100","18.39425","4.40435"
"43.17100","18.30183","4.33389"
"43.19100","18.20942","4.26161"
"43.21100","18.11709","4.18862"
"43.23100","18.02476","4.11757"
"43.25100","17.93234","4.04714"
"43.27100","17.83991","3.97674"
"43.29100","17.74753","3.90747"
"43.31100","17.65517","3.83573"
"43.33100","17.56278","3.76653"
"43.35100","17.47035","3.69523"
"43.37100","17.37791","3.62517"
"43.39100","17.28549","3.55686"
"43.41100","17.19308","3.48784"
"43.43100","17.10069","3.41994"
"43.45100","17.00830","3.34902"
"43.47100","16.91591","3.28132"
"43.49100","16.82354","3.21457"
"43.51100","16.73116","3.14470"
"43.53100","16.63872","3.07947"
"43.55100","16.54622","3.01029"
"43.57100","16.45374","2.94209"
"43.59100","16.36133","2.87581"
"43.61100","16.26901","2.80772"
"43.63100","16.17669","2.74175"
"43.65100","16.08432","2.67531"
"43.67100","15.99191","2.60650"
"43.69100","15.89947","2.54261"
"43.71100","15.80701","2.47537"
"43.73100","15.71458","2.41165"
"43.75100","15.62220","2.34517"
"43.77100","15.52981","2.27910"
"43.79100","15.43739","2.21305"
"43.81100","15.34501","2.14645"
"43.83100","15.25267","2.08230"
"43.85100","15.16031","2.01818"
"43.87100","15.06791","1.95227"
"43.89100","14.97548","1.88803"
"43.91100","14.88305","1.82259"
"43.93100","14.79064","1.75842"
"43.95100","14.69827","1.69668"
"43.97100","14.60592","1.63156"
"43.99100","14.51355","1.56742"
"44.01100","14.42119","1.50384"
"44.03100","14.32871","1.44118"
"44.05100","14.23618","1.38074"
"44.07100","14.14376","1.31544"
"44.09100","14.05142","1.25323"
"44.11100","13.95908","1.19174"
"44.13100","13.86673","1.12877"
"44.15100","13.77438","1.06920"
"44.17100","13.68198","1.00592"
"44.19100","13.58949","0.94605"
"44.21100","13.49703","0.88458"
"44.23100","13.40463","0.82462"
"44.25100","13.31225","0.76513"
"44.27100","13.21990","0.70621"
"44.29100","13.12754","0.64681"
"44.31100","13.03517","0.58642"
"44.33100","12.94278","0.52712"
"44.35100","12.85037","0.47138"
"44.37100","12.75791","0.41444"
"44.39100","12.66548","0.35688"
"44.41100","12.57307","0.30264"
"44.43100","12.48070","0.24462"
"44.45100","12.38834","0.19182"
"44.47100","12.29595","0.13548"
"44.49100","12.20349","0.08588"
"44.51100","12.11103","0.03499"
"44.53100","12.01861","-0.01501"
"44.55100","11.92631","-0.06438"
"44.57100","11.83401","-0.10950"
"44.59100","11.74161","-0.15470"
"44.61100","11.64915","-0.19542"
"44.63100","11.55670","-0.23830"
"44.65100","11.46426","-0.27552"
"44.67100","11.37182","-0.31157"
"44.69100","11.27935","-0.34184"
"44.71100","11.18692","-0.37300"
"44.73100","11.09456","-0.40034"
"44.75100","11.00220","-0.42626"
"44.77100","10.90980","-0.44744"
"44.79100","10.81739","-0.46751"
"44.81100","10.72499","-0.48357"
"44.83100","10.63255","-0.49874"
"44.85100","10.54012","-0.51479"
"44.87100","10.44777","-0.52718"
"44.89100","10.35541","-0.53997"
"44.91100","10.26301","-0.54564"
"44.93100","10.17061","-0.55741"
"44.95100","10.07824","-0.56481"
"44.97100","9.98587","-0.57199"
"44.99100","9.89346","-0.57903"
"45.01100","9.80099","-0.58418"
"45.03100","9.70854","-0.58893"
"45.05100","9.61615","-0.59615"
"45.07100","9.52381","-0.59942"
"45.09100","9.43147","-0.60651"
"45.11100","9.33911","-0.60926"
"45.13100","9.24672","-0.61274"
"45.15100","9.15430","-0.61626"
"45.17100","9.06186","-0.61827"
"45.19100","8.96941","-0.62243"
"45.21100","8.87701","-0.62664"
"45.23100","8.78464","-0.62915"
"45.25100","8.69227","-0.63273"
"45.27100","8.59992","-0.63492"
"45.29100","8.50756","-0.63891"
"45.31100","8.41518","-0.64047"
"45.33100","8.32275","-0.64280"
"45.35100","8.23028","-0.64520"
"45.37100","8.13781","-0.64646"
"45.39100","8.04543","-0.65035"
"45.41100","7.95308","-0.65387"
"45.43100","7.86072","-0.65368"
"45.45100","7.76835","-0.65601"
"45.47100","7.67596","-0.65642"
"45.49100","7.58353","-0.66083"
"45.51100","7.49111","-0.66214"
"45.53100","7.39871","-0.66371"
"45.55100","7.30633","-0.66662"
"45.57100","7.21394","-0.66833"
"45.59100","7.12155","-0.66919"
"45.61100","7.02916","-0.67393"
"45.63100","6.93678","-0.67464"
"45.65100","6.84435","-0.67596"
"45.67100","6.75193","-0.67675"
"45.69100","6.65948","-0.67890"
"45.71100","6.56703","-0.68486"
"45.73100","6.47465","-0.68778"
"45.75100","6.38227","-0.68880"
"45.77100","6.28988","-0.68974"
"45.79100","6.19748","-0.69026"
"45.81100","6.10506","-0.69502"
"45.83100","6.01261","-0.69555"
"45.85100","5.92016","-0.69932"
"45.87100","5.82777","-0.70102"
"45.89100","5.73537","-0.70175"
"45.91100","5.64298","-0.70442"
"45.93100","5.55062","-0.70708"
"45.95100","5.45827","-0.71020"
"45.97100","5.36588","-0.71314"
"45.99100","5.27348","-0.71120"
"46.01100","5.18106","-0.71661"
"46.03100","5.08862","-0.71863"
"46.05100","4.99625","-0.72129"
"46.07100","4.90390","-0.72496"
"46.09100","4.81152","-0.72340"
"46.11100","4.71910","-0.72854"
"46.13100","4.62668","-0.72941"
"46.15100","4.53420","-0.73329"
"46.17100","4.44173","-0.73523"
"46.19100","4.34937","-0.73599"
"46.21100","4.25715","-0.74021"
"46.23100","4.16485","-0.74373"
"46.25100","4.07240","-0.74448"
"46.27100","3.97992","-0.74955"
"46.29100","3.88748","-0.74964"
"46.31100","3.79502","-0.75301"
"46.33100","3.70255","-0.75296"
"46.35100","3.61017","-0.75677"
"46.37100","3.51784","-0.76195"
"46.39100","3.42551","-0.76310"
"46.41100","3.33314","-0.76521"
"46.43100","3.24072","-0.76747"
"46.45100","3.14828","-0.76823"
"46.47100","3.05585","-0.77193"
"46.49100","2.96343","-0.77330"
"46.51100","2.87106","-0.77626"
"46.53100","2.77871","-0.78023"
"46.55100","2.68638","-0.77992"
"46.57100","2.59402","-0.78578"
"46.59100","2.50159","-0.78717"
"46.61100","2.40914","-0.78723"
"46.63100","2.31669","-0.78947"
"46.65100","2.22425","-0.79185"
"46.67100","2.13181","-0.79495"
"46.69100","2.03943","-0.79857"
"46.71100","1.94708","-0.80058"
"46.73100","1.85474","-0.80350"
"46.75100","1.76238","-0.80361"
"46.77100","1.66996","-0.80657"
"46.79100","1.57748","-0.80885"
"46.81100","1.48502","-0.80960"
"46.83100","1.39263","-0.81452"
"46.85100","1.30022","-0.81409"
"46.87100","1.20779","-0.81650"
"46.89100","1.11538","-0.81937"
"46.91100","1.02298","-0.82159"
"46.93100","0.93058","-0.82444"
"46.95100","0.83815","-0.82368"
"46.97100","0.74574","-0.82687"
"46.99100","0.65335","-0.82927"
"47.01100","0.56096","-0.83083"
"47.03100","0.46859","-0.83355"
"47.05100","0.37623","-0.83558"
"47.07100","0.28390","-0.83560"
"47.09100","0.19152","-0.83819"
"47.11100","0.09908","-0.83912"
"47.13100","0.00857","-0.75228"
"47.13400","-0.00347","-0.72504"
"47.13500","-0.00728","-0.71760"
"47.13600","-0.01097","-0.71123"
"47.15600","-0.05363","-0.59407"
"47.17600","-0.02099","-0.70603"
"47.19600","0.05671","-0.78228"
"47.21600","0.15051","-0.79852"
"47.23600","0.24869","-0.81759"
"47.25600","0.34514","-0.80208"
"47.27600","0.43935","-0.79516"
"47.29600","0.53245","-0.78121"
"47.31600","0.62525","-0.77761"
"47.33600","0.71799","-0.77059"
"47.35600","0.81068","-0.76433"
"47.37600","0.90324","-0.75472"
"47.39600","0.99577","-0.74949"
"47.41600","1.08826","-0.74100"
"47.43600","1.18073","-0.73885"
"47.45600","1.27316","-0.73256"
"47.47600","1.36555","-0.72705"
"47.49600","1.45791","-0.71879"
"47.51600","1.55032","-0.71256"
"47.53600","1.64279","-0.70767"
"47.55600","1.73526","-0.70449"
"47.57600","1.82768","-0.69500"
"47.59600","1.92006","-0.69109"
"47.61600","2.01243","-0.68273"
"47.63600","2.10483","-0.68064"
"47.65600","2.19723","-0.67466"
"47.67600","2.28967","-0.67044"
"47.69600","2.38208","-0.66153"
"47.71600","2.47453","-0.65788"
"47.73600","2.56699","-0.65233"
"47.75600","2.65942","-0.64987"
"47.77600","2.75176","-0.63976"
"47.79600","2.84408","-0.63997"
"47.81600","2.93640","-0.62922"
"47.83600","3.02877","-0.62641"
"47.85600","3.12122","-0.62154"
"47.87600","3.21368","-0.61879"
"47.89600","3.30609","-0.61212"
"47.91600","3.39852","-0.60635"
"47.93600","3.49089","-0.59837"
"47.95600","3.58325","-0.59680"
"47.97600","3.67562","-0.58948"
"47.99600","3.76798","-0.58834"
"48.01600","3.86037","-0.58250"
"48.03600","3.95281","-0.57433"
"48.05600","4.04529","-0.57076"
"48.07600","4.13771","-0.56559"
"48.09600","4.23008","-0.56159"
"48.11600","4.32243","-0.55621"
"48.13600","4.41468","-0.54926"
"48.15600","4.50701","-0.54527"
"48.17600","4.59944","-0.53998"
"48.19600","4.69194","-0.53634"
"48.21600","4.78438","-0.53305"
"48.23600","4.87680","-0.52392"
"48.25600","4.96915","-0.52009"
"48.27600","5.06150","-0.51359"
"48.29600","5.15389","-0.51175"
"48.31600","5.24632","-0.50388"
"48.33600","5.33873","-0.49842"
"48.35600","5.43113","-0.49251"
"48.37600","5.52358","-0.48945"
"48.39600","5.61601","-0.48218"
"48.41600","5.70839","-0.47963"
"48.43600","5.80073","-0.47076"
"48.45600","5.89311","-0.46653"
"48.47600","5.98553","-0.45975"
"48.49600","6.07797","-0.45178"
"48.51600","6.17040","-0.44799"
"48.53600","6.26281","-0.44178"
"48.55600","6.35521","-0.43545"
"48.57600","6.44760","-0.42937"
"48.59600","6.54001","-0.41848"
"48.61600","6.63245","-0.41404"
"48.63600","6.72483","-0.40537"
"48.65600","6.81720","-0.39646"
"48.67600","6.90959","-0.38871"
"48.69600","7.00203","-0.37897"
"48.71600","7.09447","-0.37199"
"48.73600","7.18690","-0.36365"
"48.75600","7.27930","-0.35215"
"48.77600","7.37169","-0.34384"
"48.79600","7.46406","-0.33008"
"48.81600","7.55647","-0.32164"
"48.83600","7.64890","-0.30884"
"48.85600","7.74129","-0.29900"
"48.87600","7.83369","-0.28341"
"48.89600","7.92613","-0.26917"
"48.91600","8.01854","-0.25378"
"48.93600","8.11090","-0.24138"
"48.95600","8.20324","-0.22347"
"48.97600","8.29567","-0.20921"
"48.99600","8.38813","-0.18714"
"49.01600","8.48055","-0.16914"
"49.03600","8.57291","-0.14733"
"49.05600","8.66528","-0.12457"
"49.07600","8.75762","-0.10099"
"49.09600","8.85000","-0.07550"
"49.11600","8.94237","-0.04626"
"49.13600","9.03474","-0.01792"
"49.15600","9.12713","0.01665"
"49.17600","9.21954","0.04869"
"49.19600","9.31197","0.08510"
"49.21600","9.40441","0.12870"
"49.23600","9.49683","0.17031"
"49.25600","9.58919","0.21809"
"49.27600","9.68150","0.26674"
"49.29600","9.77385","0.32131"
"49.31600","9.86628","0.37973"
"49.33600","9.95877","0.43951"
"49.35600","10.05123","0.50727"
"49.37600","10.14364","0.57465"
"49.39600","10.23601","0.64665"
"49.41600","10.32840","0.72757"
"49.43600","10.42074","0.80618"
"49.45600","10.51305","0.89204"
"49.47600","10.60545","0.97669"
"49.49600","10.69791","1.06634"
"49.51600","10.79037","1.16021"
"49.53600","10.88279","1.25484"
"49.55600","10.97516","1.35379"
"49.57600","11.06753","1.45205"
"49.59600","11.15986","1.55195"
"49.61600","11.25225","1.65752"
"49.63600","11.34469","1.75981"
"49.65600","11.43714","1.86385"
"49.67600","11.52960","1.96979"
"49.69600","11.62207","2.07716"
"49.71600","11.71452","2.18696"
"49.73600","11.80693","2.29397"
"49.75600","11.89927","2.40448"
"49.77600","11.99159","2.51313"
"49.79600","12.08389","2.62282"
"49.81600","12.17633","2.73254"
"49.83600","12.26881","2.84480"
"49.85600","12.36126","2.95462"
"49.87600","12.45370","3.06538"
"49.89600","12.54612","3.17758"
"49.91600","12.63844","3.28882"
"49.93600","12.73077","3.40062"
"49.95600","12.82323","3.50872"
"49.97600","12.91571","3.62462"
"49.99600","13.00812","3.73341"
"50.01600","13.10053","3.84705"
"50.03600","13.19293","3.95665"
"50.05600","13.28526","4.06784"
"50.07600","13.37762","4.17987"
"50.09600","13.46998","4.29026"
"50.11600","13.56235","4.40088"
"50.13600","13.65476","4.51422"
"50.15600","13.74721","4.62408"
"50.17600","13.83961","4.73837"
"50.19600","13.93197","4.84629"
"50.21600","14.02434","4.95778"
"50.23600","14.11666","5.06887"
"50.25600","14.20900","5.18141"
"50.27600","14.30147","5.29107"
"50.29600","14.39393","5.40285"
"50.31600","14.48637","5.51485"
"50.33600","14.57878","5.62521"
"50.35600","14.67120","5.73603"
"50.37600","14.76360","5.84922"
"50.39600","14.85596","5.96010"
"50.41600","14.94833","6.07038"
"50.43600","15.04075","6.18238"
"50.45600","15.13319","6.29212"
"50.47600","15.22561","6.40650"
"50.49600","15.31803","6.51629"
"50.51600","15.41043","6.62762"
"50.53600","15.50279","6.74154"
"50.55600","15.59517","6.85306"
"50.57600","15.68756","6.96376"
"50.59600","15.77994","7.07554"
"50.61600","15.87233","7.18679"
"50.63600","15.96481","7.29960"
"50.65600","16.05725","7.41179"
"50.67600","16.14965","7.52222"
"50.69600","16.24202","7.63743"
"50.71600","16.33441","7.74686"
"50.73600","16.42675","7.86161"
"50.75600","16.51913","7.97195"
"50.77600","16.61156","8.08523"
"50.79600","16.70399","8.19863"
"50.81600","16.79642","8.31187"
"50.83600","16.88882","8.42433"
"50.85600","16.98123","8.53799"
"50.87600","17.07364","8.65094"
"50.89600","17.16602","8.76592"
"50.91600","17.25840","8.87806"
"50.93600","17.35078","8.99293"
"50.95600","17.44319","9.10609"
"50.97600","17.53564","9.21981"
"50.99600","17.62812","9.33603"
"51.01600","17.72052","9.45000"
"51.03600","17.81288","9.56539"
"51.05600","17.90527","9.67846"
"51.07600","17.99766","9.79295"
"51.09600","18.09006","9.91188"
"51.11600","18.18248","10.02545"
"51.13600","18.27489","10.14155"
"51.15600","18.36728","10.25736"
"51.17600","18.45968","10.37308"
"51.19600","18.55203","10.49059"
"51.21600","18.64433","10.60700"
"51.23600","18.73664","10.72485"
"51.25600","18.82902","10.84209"
"51.27600","18.92148","10.95913"
"51.29600","19.01393","11.07684"
"51.31600","19.10634","11.19564"
"51.33600","19.19873","11.31234"
"51.35600","19.29112","11.43324"
"51.37600","19.38355","11.55088"
"51.39600","19.47597","11.67040"
"51.41600","19.56838","11.79043"
"51.43600","19.66077","11.91072"
"51.45600","19.75310","12.03338"
"51.47600","19.84548","12.15065"
"51.49600","19.93791","12.27331"
"51.51600","20.03034","12.39424"
"51.53600","20.12275","12.51646"
"51.55600","20.21513","12.64089"
"51.57600","20.30749","12.76287"
"51.59600","20.39992","12.88408"
"51.61600","20.49241","13.00869"
"51.63600","20.58489","13.13270"
"51.65600","20.67730","13.25999"
"51.67600","20.76965","13.38277"
"51.69600","20.86201","13.50691"
"51.71600","20.95433","13.63237"
"51.73600","21.04669","13.75864"
"51.75600","21.13911","13.88570"
"51.77600","21.23160","14.01379"
"51.79600","21.32409","14.14082"
"51.81600","21.41652","14.26987"
"51.83600","21.50885","14.39729"
"51.85600","21.60119","14.52604"
"51.87600","21.69354","14.65552"
"51.89600","21.78586","14.78564"
"51.91600","21.87828","14.91776"
"51.93600","21.97079","15.04471"
"51.95600","22.06327","15.17854"
"51.97600","22.15569","15.31058"
"51.99600","22.24805","15.44349"
"52.01600","22.34043","15.57714"
"52.03600","22.43277","15.70981"
"52.05600","22.52515","15.84404"
"52.07600","22.61760","15.97960"
"52.09600","22.71005","16.11403"
"52.11600","22.80247","16.25201"
"52.13600","22.89488","16.38827"
"52.15600","22.98729","16.52321"
"52.17600","23.07965","16.66393"
"52.19600","23.17201","16.80362"
"52.21600","23.26441","16.94415"
"52.23600","23.35684","17.08191"
"52.25600","23.44926","17.22182"
"52.27600","23.54166","17.36554"
"52.29600","23.63410","17.50622"
"52.31600","23.72648","17.65020"
"52.33600","23.81882","17.79392"
"52.35600","23.91112","17.93624"
"52.37600","24.00346","18.08416"
"52.39600","24.09588","18.22803"
"52.41600","24.18836","18.37616"
"52.43600","24.28083","18.52478"
"52.45600","24.37326","18.67400"
"52.47600","24.46567","18.82289"
"52.49600","24.55803","18.97333"
"52.51600","24.65039","19.12432"
"52.53600","24.74279","19.27872"
"52.55600","24.83519","19.43009"
"52.57600","24.92759","19.58547"
"52.59600","25.02000","19.73957"
"52.61600","25.11244","19.89595"
"52.63600","25.20486","20.05438"
"52.65600","25.29728","20.21163"
"52.67600","25.38967","20.37136"
"52.69600","25.48198","20.53050"
"52.71600","25.57435","20.69047"
"52.73600","25.66680","20.85658"
"52.75600","25.75925","21.01926"
"52.77600","25.85163","21.18278"
"52.79600","25.94402","21.34812"
"52.81600","26.03636","21.51377"
"52.83600","26.12870","21.68408"
"52.85600","26.22107","21.85320"
"52.87600","26.31351","22.02405"
"52.89600","26.40596","22.19592"
"52.91600","26.49843","22.36943"
"52.93600","26.59089","22.54594"
"52.95600","26.68328","22.72077"
"52.97600","26.77562","22.89897"
"52.99600","26.86799","23.07561"
"53.01600","26.96039","23.25569"
"53.03600","27.05287","23.43775"
"53.05600","27.14535","23.62257"
"53.07600","27.23779","23.80609"
"53.09600","27.33012","23.99425"
"53.11600","27.42238","24.17867"
"53.13600","27.51471","24.37018"
"53.15600","27.60709","24.55922"
"53.17600","27.69950","24.75441"
"53.19600","27.79193","24.94793"
"53.21600","27.88436","25.14546"
"53.23600","27.97676","25.34103"
"53.25600","28.06916","25.54300"
"53.27600","28.16162","25.74184"
"53.29600","28.25403","25.94879"
"53.31600","28.34643","26.15166"
"53.33600","28.43880","26.36026"
"53.35600","28.53119","26.56934"
"53.37600","28.62357","26.78146"
"53.39600","28.71598","26.99715"
"53.41600","28.80839","27.21159"
"53.43600","28.90079","27.43022"
"53.45600","28.99318","27.65170"
"53.47600","29.08556","27.87352"
"53.49600","29.17789","28.10030"
"53.51600","29.27025","28.32760"
"53.53600","29.36266","28.55816"
"53.55600","29.45507","28.79192"
"53.57600","29.54754","29.02846"
"53.59600","29.64002","29.26691"
"53.61600","29.73240","29.50774"
"53.63600","29.82475","29.75179"
"53.65600","29.91710","30.00017"
"53.67600","30.00950","30.25019"
"53.69600","30.10194","30.50527"
"53.71600","30.19439","30.76242"
"53.73600","30.28685","31.02205"
"53.75600","30.37930","31.28483"
"53.77500","30.46708","31.53684"
"53.79400","30.55482","31.79312"
"53.81300","30.64253","32.05295"
"53.83200","30.73023","32.31464"
"53.85000","30.81339","32.56821"
"53.86800","30.89657","32.82335"
"53.88600","30.97978","33.08066"
"53.90300","31.05836","33.33089"
"53.92100","31.14153","33.59484"
"53.93800","31.22004","33.84813"
"53.95500","31.29857","34.10302"
"53.97200","31.37710","34.36201"
"53.98900","31.45561","34.62539"
"54.00500","31.52952","34.87648"
"54.02100","31.60344","35.13219"
"54.03700","31.67738","35.38918"
"54.05300","31.75132","35.64945"
"54.06900","31.82526","35.91436"
"54.08500","31.89920","36.17817"
"54.10000","31.96852","36.43584"
"54.11500","32.03782","36.69183"
"54.13000","32.10711","36.95121"
"54.14500","32.17638","37.21791"
"54.16000","32.24567","37.48340"
"54.17400","32.31038","37.73658"
"54.18800","32.37508","37.99361"
"54.20200","32.43979","38.25084"
"54.21600","32.50450","38.51497"
"54.23000","32.56918","38.78114"
"54.24400","32.63387","39.04721"
"54.25700","32.69390","39.30099"
"54.27000","32.75391","39.55630"
"54.28300","32.81395","39.81325"
"54.29600","32.87399","40.07487"
"54.30900","32.93404","40.34140"
"54.32200","32.99410","40.61003"
"54.33400","33.04953","40.86161"
"54.34600","33.10497","41.11439"
"54.35800","33.16042","41.37187"
"54.37000","33.21588","41.63301"
"54.38200","33.27135","41.89378"
"54.39400","33.32684","42.15918"
"54.40600","33.38231","42.42921"
"54.41800","33.43772","42.69892"
"54.42900","33.48849","42.95042"
"54.44000","33.53926","43.20598"
"54.45100","33.59003","43.46497"
"54.46200","33.64079","43.72751"
"54.47300","33.69156","43.99148"
"54.48400","33.74236","44.25822"
"54.49500","33.79319","44.52911"
"54.50600","33.84402","44.80145"
"54.51600","33.89025","45.05325"
"54.52600","33.93647","45.30875"
"54.53600","33.98270","45.56581"
"54.54600","34.02892","45.82467"
"54.55600","34.07513","46.08832"
"54.56600","34.12134","46.35594"
"54.57600","34.16753","46.62380"
"54.58600","34.21372","46.89386"
"54.59600","34.25991","47.16640"
"54.60500","34.30148","47.41659"
"54.61400","34.34305","47.67015"
"54.62300","34.38462","47.92382"
"54.63200","34.42619","48.17938"
"54.64100","34.46778","48.43861"
"54.65000","34.50938","48.70237"
"54.65900","34.55099","48.96749"
"54.66800","34.59259","49.23356"
"54.67700","34.63419","49.50329"
"54.68600","34.67582","49.77808"
"54.69500","34.71745","50.05489"
"54.70400","34.75907","50.33264"
"54.71200","34.79606","50.58381"
"54.72000","34.83303","50.83712"
"54.72800","34.87000","51.09234"
"54.73600","34.90694","51.34873"
"54.74400","34.94387","51.60629"
"54.75200","34.98077","51.86687"
"54.76000","35.01766","52.13020"
"54.76800","35.05455","52.39675"
"54.77600","35.09146","52.66415"
"54.78400","35.12838","52.93396"
"54.79200","35.16531","53.20630"
"54.80000","35.20226","53.48108"
"54.80800","35.23920","53.75961"
"54.81600","35.27618","54.03945"
"54.82400","35.31317","54.32339"
"54.83100","35.34555","54.57375"
"54.83800","35.37793","54.82565"
"54.84500","35.41032","55.07922"
"54.85200","35.44270","55.33503"
"54.85900","35.47506","55.59338"
"54.86600","35.50742","55.85337"
"54.87300","35.53977","56.11441"
"54.88000","35.57211","56.37553"
"54.88700","35.60444","56.63941"
"54.89400","35.63676","56.90624"
"54.90100","35.66909","57.17329"
"54.90800","35.70142","57.44123"
"54.91500","35.73376","57.71130"
"54.92200","35.76609","57.98421"
"54.92900","35.79844","58.25861"
"54.93600","35.83078","58.53399"
"54.94300","35.86312","58.81031"
"54.95000","35.89547","59.08955"
"54.95700","35.92781","59.37209"
"54.96400","35.96014","59.65529"
"54.97100","35.99249","59.93894"
"54.97800","36.02482","60.22598"
"54.98500","36.05716","60.51563"
"54.99200","36.08950","60.80574"
"54.99900","36.12185","61.09548"
"55.00500","36.14957","61.34598"
"55.01100","36.17729","61.59828"
"55.01700","36.20502","61.85066"
"55.02300","36.23274","62.10361"
"55.02900","36.26047","62.35818"
"55.03500","36.28820","62.61190"
"55.04100","36.31593","62.86626"
"55.04700","36.34367","63.12079"
"55.05300","36.37140","63.37514"
"55.05900","36.39912","63.63000"
"55.06500","36.42684","63.88531"
"55.07100","36.45455","64.14148"
"55.07700","36.48225","64.39835"
"55.08300","36.50996","64.65553"
"55.08900","36.53768","64.91127"
"55.09500","36.56539","65.16624"
"55.10100","36.59312","65.42149"
"55.10700","36.62084","65.67695"
"55.11300","36.64856","65.93158"
"55.11900","36.67627","66.18587"
"55.12500","36.70399","66.43871"
"55.13100","36.73170","66.68923"
"55.13700","36.75942","66.93923"
"55.14400","36.79175","67.22943"
"55.15100","36.82409","67.51733"
"55.15800","36.85642","67.80324"
"55.16500","36.88876","68.08228"
"55.17300","36.92508","68.34337"
"55.17900","36.95030","68.47845"
"55.18000","36.95419","68.49625"
"55.18100","36.95798","68.51308"
"55.20100","37.00288","68.33691"
"55.20700","37.00148","68.06802"
"55.21200","36.99450","67.78658"
"55.21600","36.98566","67.51733"
"55.22000","36.97451","67.21513"
"55.22400","36.96152","66.88708"
"55.22700","36.95083","66.62645"
"55.23000","36.93946","66.35757"
"55.23300","36.92752","66.07924"
"55.23600","36.91510","65.79745"
"55.23900","36.90226","65.50967"
"55.24200","36.88904","65.21981"
"55.24500","36.87550","64.92714"
"55.24800","36.86169","64.63423"
"55.25100","36.84763","64.34093"
"55.25400","36.83337","64.05021"
"55.25700","36.81894","63.76137"
"55.26000","36.80439","63.47437"
"55.26300","36.78975","63.19152"
"55.26600","36.77504","62.91097"
"55.26900","36.76030","62.63308"
"55.27200","36.74555","62.35801"
"55.27500","36.73081","62.08543"
"55.27800","36.71610","61.81424"
"55.28100","36.70143","61.54667"
"55.28400","36.68682","61.27990"
"55.28700","36.67226","61.01712"
"55.29000","36.65777","60.75800"
"55.29300","36.64334","60.50188"
"55.29600","36.62897","60.24981"
"55.30000","36.60991","59.92048"
"55.30400","36.59095","59.59667"
"55.30800","36.57206","59.27900"
"55.31200","36.55324","58.96556"
"55.31600","36.53449","58.65640"
"55.32000","36.51578","58.34839"
"55.32400","36.49711","58.04478"
"55.32800","36.47847","57.74419"
"55.33200","36.45986","57.44773"
"55.33600","36.44126","57.15489"
"55.34000","36.42268","56.86641"
"55.34400","36.40411","56.58270"
"55.34800","36.38556","56.30109"
"55.35200","36.36702","56.02376"
"55.35600","36.34848","55.74731"
"55.36000","36.32996","55.47196"
"55.36400","36.31143","55.19937"
"55.36800","36.29290","54.92886"
"55.37200","36.27438","54.66090"
"55.37600","36.25586","54.39658"
"55.38000","36.23733","54.13588"
"55.38400","36.21880","53.87778"
"55.38800","36.20028","53.62140"
"55.39200","36.18176","53.36779"
"55.39600","36.16323","53.11510"
"55.40000","36.14470","52.86384"
"55.40400","36.12618","52.61371"
"55.40900","36.10302","52.30414"
"55.41400","36.07987","51.99780"
"55.41900","36.05672","51.69736"
"55.42400","36.03357","51.39962"
"55.42900","36.01043","51.10712"
"55.43400","35.98729","50.81675"
"55.43900","35.96416","50.53024"
"55.44400","35.94104","50.24415"
"55.44900","35.91791","49.96100"
"55.45400","35.89479","49.68079"
"55.45900","35.87167","49.40569"
"55.46400","35.84854","49.13329"
"55.46900","35.82542","48.86620"
"55.47400","35.80230","48.60112"
"55.47900","35.77917","48.33854"
"55.48400","35.75606","48.07635"
"55.48900","35.73296","47.81491"
"55.49400","35.70985","47.55808"
"55.49900","35.68676","47.30401"
"55.50400","35.66367","47.05352"
"55.51000","35.63596","46.75538"
"55.51600","35.60826","46.46000"
"55.52200","35.58055","46.16587"
"55.52800","35.55284","45.87485"
"55.53400","35.52512","45.58941"
"55.54000","35.49740","45.30712"
"55.54600","35.46968","45.02903"
"55.55200","35.44195","44.75350"
"55.55800","35.41422","44.47906"
"55.56400","35.38649","44.20821"
"55.57000","35.35876","43.94209"
"55.57600","35.33103","43.67923"
"55.58200","35.30329","43.42025"
"55.58800","35.27554","43.16436"
"55.59400","35.24779","42.91015"
"55.60000","35.22004","42.65916"
"55.60700","35.18767","42.36947"
"55.61400","35.15532","42.08372"
"55.62100","35.12297","41.80135"
"55.62800","35.09064","41.52299"
"55.63500","35.05833","41.24881"
"55.64200","35.02602","40.97772"
"55.64900","34.99373","40.70841"
"55.65600","34.96144","40.44279"
"55.66300","34.92916","40.18159"
"55.67000","34.89688","39.92250"
"55.67700","34.86457","39.66641"
"55.68400","34.83224","39.41368"
"55.69200","34.79527","39.12881"
"55.70000","34.75827","38.84978"
"55.70800","34.72128","38.57204"
"55.71600","34.68428","38.29800"
"55.72400","34.64728","38.02776"
"55.73200","34.61028","37.76177"
"55.74000","34.57328","37.50006"
"55.74800","34.53629","37.24163"
"55.75600","34.49931","36.98611"
"55.76400","34.46233","36.73360"
"55.77300","34.42075","36.45316"
"55.78200","34.37918","36.17859"
"55.79100","34.33760","35.90910"
"55.80000","34.29603","35.64245"
"55.80900","34.25446","35.37878"
"55.81800","34.21289","35.11895"
"55.82700","34.17133","34.86301"
"55.83600","34.12976","34.60995"
"55.84600","34.08358","34.33313"
"55.85600","34.03739","34.05924"
"55.86600","33.99120","33.78979"
"55.87600","33.94500","33.52502"
"55.88600","33.89880","33.26545"
"55.89600","33.85258","33.00866"
"55.90600","33.80636","32.75650"
"55.91700","33.75552","32.48267"
"55.92800","33.70469","32.21276"
"55.93900","33.65385","31.94696"
"55.95000","33.60303","31.68650"
"55.96100","33.55223","31.42896"
"55.97200","33.50145","31.17319"
"55.98300","33.45066","30.92172"
"55.99500","33.39528","30.65475"
"56.00700","33.33988","30.39113"
"56.01900","33.28447","30.12810"
"56.03100","33.22903","29.87189"
"56.04300","33.17359","29.61969"
"56.05600","33.11351","29.35055"
"56.06900","33.05342","29.08479"
"56.08200","32.99334","28.82380"
"56.09500","32.93327","28.56824"
"56.10800","32.87321","28.31542"
"56.12200","32.80853","28.04831"
"56.13600","32.74387","27.78637"
"56.15000","32.67921","27.52642"
"56.16400","32.61458","27.27167"
"56.17800","32.54992","27.01816"
"56.19300","32.48061","26.75393"
"56.20800","32.41129","26.49203"
"56.22300","32.34193","26.23662"
"56.23800","32.27258","25.98517"
"56.25400","32.19865","25.72155"
"56.27000","32.12475","25.46066"
"56.28600","32.05087","25.20417"
"56.30200","31.97698","24.95341"
"56.31800","31.90307","24.70285"
"56.33500","31.82457","24.44427"
"56.35200","31.74600","24.18971"
"56.36900","31.66740","23.93777"
"56.38700","31.58418","23.67627"
"56.40500","31.50100","23.41855"
"56.42300","31.41782","23.16611"
"56.44200","31.33002","22.90408"
"56.46100","31.24225","22.64802"
"56.48000","31.15447","22.39361"
"56.50000","31.06209","22.13153"
"56.52000","30.96971","21.87055"
"56.54000","30.87731","21.61496"
"56.56000","30.78486","21.36443"
"56.58000","30.69239","21.11986"
"56.60000","30.60003","20.87770"
"56.62000","30.50772","20.63758"
"56.64000","30.41538","20.40145"
"56.66000","30.32303","20.17073"
"56.68000","30.23066","19.94333"
"56.70000","30.13821","19.71757"
"56.72000","30.04572","19.49554"
"56.74000","29.95329","19.27730"
"56.76000","29.86089","19.06230"
"56.78000","29.76855","18.85182"
"56.80000","29.67618","18.64233"
"56.82000","29.58373","18.43822"
"56.84000","29.49131","18.23266"
"56.86000","29.39887","18.03246"
"56.88000","29.30640","17.83591"
"56.90000","29.21398","17.64027"
"56.92000","29.12160","17.44952"
"56.94000","29.02923","17.25873"
"56.96000","28.93688","17.07293"
"56.98000","28.84457","16.88786"
"57.00000","28.75221","16.70537"
"57.02000","28.65979","16.52766"
"57.04000","28.56739","16.34846"
"57.06000","28.47500","16.17442"
"57.08000","28.38261","16.00104"
"57.10000","28.29023","15.83064"
"57.12000","28.19785","15.66097"
"57.14000","28.10542","15.49572"
"57.16000","28.01300","15.32794"
"57.18000","27.92061","15.16556"
"57.20000","27.82822","15.00299"
"57.22000","27.73578","14.84677"
"57.24000","27.64334","14.68864"
"57.26000","27.55090","14.53155"
"57.28000","27.45848","14.37764"
"57.30000","27.36615","14.22615"
"57.32000","27.27389","14.07445"
"57.34000","27.18156","13.92575"
"57.36000","27.08906","13.78125"
"57.38000","26.99652","13.63400"
"57.40000","26.90406","13.49037"
"57.42000","26.81167","13.34718"
"57.44000","26.71932","13.20718"
"57.46000","26.62695","13.06740"
"57.48000","26.53456","12.93088"
"57.50000","26.44217","12.79191"
"57.52000","26.34974","12.65779"
"57.54000","26.25728","12.52453"
"57.56000","26.16483","12.39208"
"57.58000","26.07245","12.26139"
"57.60000","25.98003","12.13306"
"57.62000","25.88764","12.00396"
"57.64000","25.79535","11.87617"
"57.66000","25.70302","11.74979"
"57.68000","25.61057","11.62628"
"57.70000","25.51810","11.50417"
"57.72000","25.42569","11.37927"
"57.74000","25.33326","11.26072"
"57.76000","25.24087","11.13868"
"57.78000","25.14850","11.02256"
"57.80000","25.05613","10.90182"
"57.82000","24.96376","10.78759"
"57.84000","24.87138","10.66872"
"57.86000","24.77895","10.55633"
"57.88000","24.68650","10.44206"
"57.90000","24.59408","10.33126"
"57.92000","24.50168","10.21868"
"57.94000","24.40929","10.10970"
"57.96000","24.31692","9.99782"
"57.98000","24.22457","9.89095"
"58.00000","24.13220","9.78305"
"58.02000","24.03975","9.67687"
"58.04000","23.94732","9.57096"
"58.06000","23.85493","9.46642"
"58.08000","23.76257","9.36322"
"58.10000","23.67014","9.26118"
"58.12000","23.57771","9.15803"
"58.14000","23.48531","9.05521"
"58.16000","23.39292","8.95555"
"58.18000","23.30053","8.85427"
"58.20000","23.20811","8.75710"
"58.22000","23.11567","8.65888"
"58.24000","23.02328","8.56190"
"58.26000","22.93094","8.46319"
"58.28000","22.83862","8.36516"
"58.30000","22.74627","8.27065"
"58.32000","22.65386","8.17723"
"58.34000","22.56138","8.08356"
"58.36000","22.46891","7.98966"
"58.38000","22.37650","7.89547"
"58.40000","22.28411","7.80451"
"58.42000","22.19173","7.71286"
"58.44000","22.09943","7.62081"
"58.46000","22.00703","7.53216"
"58.48000","21.91454","7.43979"
"58.50000","21.82208","7.35245"
"58.52000","21.72966","7.26213"
"58.54000","21.63724","7.17573"
"58.56000","21.54486","7.08732"
"58.58000","21.45252","7.00038"
"58.60000","21.36018","6.91256"
"58.62000","21.26779","6.82782"
"58.64000","21.17536","6.74169"
"58.66000","21.08289","6.65811"
"58.68000","20.99042","6.57274"
"58.70000","20.89803","6.48879"
"58.72000","20.80572","6.40400"
"58.74000","20.71338","6.32383"
"58.76000","20.62101","6.24039"
"58.78000","20.52862","6.15855"
"58.80000","20.43618","6.07488"
"58.82000","20.34372","5.99261"
"58.84000","20.25127","5.91355"
"58.86000","20.15888","5.83384"
"58.88000","20.06649","5.75401"
"58.90000","19.97408","5.67244"
"58.92000","19.88163","5.59330"
"58.94000","19.78924","5.51210"
"58.96000","19.69689","5.43733"
"58.98000","19.60458","5.35746"
"59.00000","19.51222","5.28033"
"59.02000","19.41975","5.20330"
"59.04000","19.32727","5.12538"
"59.06000","19.23483","5.04904"
"59.08000","19.14245","4.97509"
"59.10000","19.05010","4.89693"
"59.12000","18.95773","4.82189"
"59.14000","18.86533","4.74546"
"59.16000","18.77291","4.67165"
"59.18000","18.68049","4.59922"
"59.20000","18.58807","4.52334"
"59.22000","18.49568","4.45005"
"59.24000","18.40331","4.37369"
"59.26000","18.31092","4.30291"
"59.28000","18.21854","4.22886"
"59.30000","18.12617","4.15616"
"59.32000","18.03380","4.08234"
"59.34000","17.94140","4.00911"
"59.36000","17.84901","3.93567"
"59.38000","17.75665","3.86608"
"59.40000","17.66426","3.79320"
"59.42000","17.57185","3.72237"
"59.44000","17.47940","3.64921"
"59.46000","17.38697","3.57773"
"59.48000","17.29456","3.50622"
"59.50000","17.20215","3.43667"
"59.52000","17.10975","3.36678"
"59.54000","17.01735","3.29536"
"59.56000","16.92498","3.22314"
"59.58000","16.83261","3.15324"
"59.60000","16.74022","3.08404"
"59.62000","16.64779","3.01518"
"59.64000","16.55530","2.94567"
"59.66000","16.46283","2.87576"
"59.68000","16.37042","2.80476"
"59.70000","16.27807","2.73618"
"59.72000","16.18571","2.66788"
"59.74000","16.09332","2.60113"
"59.76000","16.00092","2.52984"
"59.78000","15.90847","2.46096"
"59.80000","15.81599","2.39308"
"59.82000","15.72359","2.32551"
"59.84000","15.63128","2.25717"
"59.86000","15.53892","2.19071"
"59.88000","15.44654","2.12111"
"59.90000","15.35413","2.05332"
"59.92000","15.26173","1.98494"
"59.94000","15.16935","1.91956"
"59.96000","15.07696","1.85180"
"59.98000","14.98457","1.78474"
"60.00000","14.89216","1.71715"
"60.02000","14.79974","1.65013"
"60.04000","14.70737","1.58410"
"60.06000","14.61502","1.51915"
"60.08000","14.52264","1.45225"
"60.10000","14.43027","1.38643"
"60.12000","14.33782","1.31967"
"60.14000","14.24528","1.25770"
"60.16000","14.15283","1.19112"
"60.18000","14.06047","1.12776"
"60.20000","13.96813","1.06188"
"60.22000","13.87579","0.99874"
"60.24000","13.78345","0.93314"
"60.26000","13.69106","0.87207"
"60.28000","13.59859","0.80921"
"60.30000","13.50613","0.74725"
"60.32000","13.41370","0.68390"
"60.34000","13.32133","0.62337"
"60.36000","13.22898","0.56256"
"60.38000","13.13662","0.50417"
"60.40000","13.04425","0.44366"
"60.42000","12.95185","0.38384"
"60.44000","12.85943","0.32688"
"60.46000","12.76695","0.26978"
"60.48000","12.67452","0.21516"
"60.50000","12.58211","0.15985"
"60.52000","12.48971","0.10803"
"60.54000","12.39733","0.05355"
"60.56000","12.30495","0.00563"
"60.58000","12.21252","-0.04404"
"60.60000","12.12008","-0.08872"
"60.62000","12.02768","-0.13223"
"60.64000","11.93536","-0.17431"
"60.66000","11.84302","-0.21339"
"60.68000","11.75063","-0.24719"
"60.70000","11.65821","-0.28268"
"60.72000","11.56580","-0.31345"
"60.74000","11.47338","-0.34056"
"60.76000","11.38094","-0.36672"
"60.78000","11.28845","-0.38827"
"60.80000","11.19601","-0.40889"
"60.82000","11.10363","-0.42697"
"60.84000","11.01128","-0.44527"
"60.86000","10.91888","-0.45880"
"60.88000","10.82647","-0.47320"
"60.90000","10.73406","-0.48324"
"60.92000","10.64162","-0.49372"
"60.94000","10.54920","-0.50199"
"60.96000","10.45685","-0.51343"
"60.98000","10.36449","-0.52146"
"61.00000","10.27209","-0.52992"
"61.02000","10.17971","-0.53628"
"61.04000","10.08736","-0.54229"
"61.06000","9.99498","-0.54778"
"61.08000","9.90258","-0.55281"
"61.10000","9.81012","-0.55747"
"61.12000","9.71764","-0.56250"
"61.14000","9.62522","-0.56619"
"61.16000","9.53286","-0.57090"
"61.18000","9.44051","-0.57604"
"61.20000","9.34814","-0.57777"
"61.22000","9.25577","-0.58262"
"61.24000","9.16339","-0.58582"
"61.26000","9.07098","-0.58825"
"61.28000","8.97854","-0.59004"
"61.30000","8.88610","-0.59350"
"61.32000","8.79369","-0.59687"
"61.34000","8.70131","-0.59953"
"61.36000","8.60898","-0.60266"
"61.38000","8.51665","-0.60440"
"61.40000","8.42425","-0.60678"
"61.42000","8.33181","-0.60921"
"61.44000","8.23934","-0.61248"
"61.46000","8.14689","-0.61371"
"61.48000","8.05450","-0.61595"
"61.50000","7.96216","-0.61922"
"61.52000","7.86983","-0.62122"
"61.54000","7.77743","-0.62166"
"61.56000","7.68502","-0.62373"
"61.58000","7.59259","-0.62545"
"61.60000","7.50017","-0.62900"
"61.62000","7.40779","-0.63063"
"61.64000","7.31540","-0.63329"
"61.66000","7.22301","-0.63434"
"61.68000","7.13061","-0.63740"
"61.70000","7.03821","-0.63853"
"61.72000","6.94582","-0.64288"
"61.74000","6.85341","-0.64261"
"61.76000","6.76102","-0.64502"
"61.78000","6.66859","-0.64612"
"61.80000","6.57613","-0.64960"
"61.82000","6.48371","-0.65271"
"61.84000","6.39131","-0.65540"
"61.86000","6.29892","-0.65554"
"61.88000","6.20652","-0.65799"
"61.90000","6.11414","-0.65923"
"61.92000","6.02172","-0.66206"
"61.94000","5.92926","-0.66493"
"61.96000","5.83681","-0.66718"
"61.98000","5.74442","-0.66987"
"62.00000","5.65205","-0.66999"
"62.02000","5.55972","-0.67381"
"62.04000","5.46739","-0.67580"
"62.06000","5.37501","-0.67804"
"62.08000","5.28259","-0.68051"
"62.10000","5.19016","-0.68160"
"62.12000","5.09771","-0.68397"
"62.14000","5.00534","-0.68838"
"62.16000","4.91298","-0.68864"
"62.18000","4.82063","-0.69202"
"62.20000","4.72821","-0.69231"
"62.22000","4.63575","-0.69618"
"62.24000","4.54323","-0.69776"
"62.26000","4.45078","-0.70065"
"62.28000","4.35844","-0.70273"
"62.30000","4.26622","-0.70643"
"62.32000","4.17391","-0.70876"
"62.34000","4.08145","-0.70883"
"62.36000","3.98898","-0.71253"
"62.38000","3.89656","-0.71517"
"62.40000","3.80414","-0.71638"
"62.42000","3.71169","-0.71884"
"62.44000","3.61924","-0.72125"
"62.46000","3.52687","-0.72444"
"62.48000","3.43451","-0.72709"
"62.50000","3.34216","-0.72901"
"62.52000","3.24978","-0.73113"
"62.54000","3.15738","-0.73295"
"62.56000","3.06495","-0.73498"
"62.58000","2.97251","-0.73814"
"62.60000","2.88010","-0.73938"
"62.62000","2.78776","-0.74326"
"62.64000","2.69542","-0.74275"
"62.66000","2.60306","-0.74781"
"62.68000","2.51067","-0.74952"
"62.70000","2.41824","-0.75220"
"62.72000","2.32577","-0.75201"
"62.74000","2.23332","-0.75452"
"62.76000","2.14085","-0.75688"
"62.78000","2.04845","-0.75947"
"62.80000","1.95612","-0.76298"
"62.82000","1.86380","-0.76495"
"62.84000","1.77144","-0.76582"
"62.86000","1.67905","-0.76843"
"62.88000","1.58658","-0.77020"
"62.90000","1.49409","-0.77460"
"62.92000","1.40164","-0.77422"
"62.94000","1.30925","-0.77725"
"62.96000","1.21685","-0.77749"
"62.98000","1.12446","-0.78053"
"63.00000","1.03207","-0.78391"
"63.02000","0.93967","-0.78472"
"63.04000","0.84722","-0.78553"
"63.06000","0.75480","-0.78684"
"63.08000","0.66242","-0.78969"
"63.10000","0.57004","-0.79399"
"63.12000","0.47763","-0.79456"
"63.14000","0.38528","-0.79580"
"63.16000","0.29296","-0.79818"
"63.18000","0.20059","-0.79795"
"63.20000","0.10817","-0.80126"
"63.22000","0.01692","-0.73206"
"63.22500","-0.00355","-0.68553"
"63.22600","-0.00736","-0.67823"
"63.22700","-0.01105","-0.67199"
"63.24700","-0.05359","-0.55699"
"63.26700","-0.02091","-0.66875"
"63.28700","0.05683","-0.74450"
"63.30700","0.15063","-0.76353"
"63.32700","0.24878","-0.78250"
"63.34700","0.34524","-0.76948"
"63.36700","0.43943","-0.76273"
"63.38700","0.53252","-0.74683"
"63.40700","0.62534","-0.74688"
"63.42700","0.71811","-0.73871"
"63.44700","0.81080","-0.73490"
"63.46700","0.90334","-0.72509"
"63.48700","0.99587","-0.72020"
"63.50700","1.08835","-0.71244"
"63.52700","1.18081","-0.71118"
"63.54700","1.27324","-0.70534"
"63.56700","1.36566","-0.69975"
"63.58700","1.45802","-0.69360"
"63.60700","1.55040","-0.68672"
"63.62700","1.64287","-0.68393"
"63.64700","1.73536","-0.67908"
"63.66700","1.82778","-0.67539"
"63.68700","1.92016","-0.66588"
"63.70700","2.01255","-0.66118"
"63.72700","2.10494","-0.65643"
"63.74700","2.19732","-0.65455"
"63.76700","2.28975","-0.65010"
"63.78700","2.38218","-0.64229"
"63.80700","2.47462","-0.63730"
"63.82700","2.56710","-0.63387"
"63.84700","2.65954","-0.62939"
"63.86700","2.75186","-0.62536"
"63.88700","2.84417","-0.62049"
"63.90700","2.93650","-0.61370"
"63.92700","3.02887","-0.60957"
"63.94700","3.12129","-0.60476"
"63.96700","3.21377","-0.60434"
"63.98700","3.30621","-0.59748"
"64.00700","3.39862","-0.59267"
"64.02700","3.49098","-0.58520"
"64.04700","3.58335","-0.58159"
"64.06700","3.67569","-0.57778"
"64.08700","3.76806","-0.57646"
"64.10700","3.86048","-0.57076"
"64.12700","3.95293","-0.56412"
"64.14700","4.04541","-0.56064"
"64.16700","4.13783","-0.55440"
"64.18700","4.23019","-0.55275"
"64.20700","4.32253","-0.54930"
"64.22700","4.41479","-0.54185"
"64.24700","4.50714","-0.53710"
"64.26700","4.59958","-0.53344"
"64.28700","4.69205","-0.53012"
"64.30700","4.78449","-0.52674"
"64.32700","4.87691","-0.52014"
"64.34700","4.96925","-0.51483"
"64.36700","5.06159","-0.51008"
"64.38700","5.15398","-0.50894"
"64.40700","5.24643","-0.50115"
"64.42700","5.33886","-0.49795"
"64.44700","5.43127","-0.49010"
"64.46700","5.52369","-0.48694"
"64.48700","5.61608","-0.48560"
"64.50700","5.70849","-0.48129"
"64.52700","5.80085","-0.47407"
"64.54700","5.89321","-0.46809"
"64.56700","5.98560","-0.46286"
"64.58700","6.07805","-0.45769"
"64.60700","6.17050","-0.45317"
"64.62700","6.26294","-0.45132"
"64.64700","6.35536","-0.44457"
"64.66700","6.44771","-0.43714"
"64.68700","6.54008","-0.43077"
"64.70700","6.63253","-0.42910"
"64.72700","6.72492","-0.42062"
"64.74700","6.81731","-0.41363"
"64.76700","6.90969","-0.40699"
"64.78700","7.00215","-0.39843"
"64.80700","7.09460","-0.39384"
"64.82700","7.18701","-0.38738"
"64.84700","7.27938","-0.38209"
"64.86700","7.37177","-0.37096"
"64.88700","7.46417","-0.36335"
"64.90700","7.55658","-0.35337"
"64.92700","7.64901","-0.34832"
"64.94700","7.74142","-0.33923"
"64.96700","7.83381","-0.32861"
"64.98700","7.92621","-0.31833"
"65.00700","8.01861","-0.30630"
"65.02700","8.11100","-0.29688"
"65.04700","8.20335","-0.28659"
"65.06700","8.29578","-0.27533"
"65.08700","8.38825","-0.26085"
"65.10700","8.48068","-0.24620"
"65.12700","8.57305","-0.23210"
"65.14700","8.66540","-0.21790"
"65.16700","8.75775","-0.20091"
"65.18700","8.85013","-0.18385"
"65.20700","8.94250","-0.16486"
"65.22700","9.03486","-0.14474"
"65.24700","9.12724","-0.12539"
"65.26700","9.21968","-0.10367"
"65.28700","9.31211","-0.07891"
"65.30700","9.40454","-0.05087"
"65.32700","9.49695","-0.02251"
"65.34700","9.58931","0.00700"
"65.36700","9.68161","0.03794"
"65.38700","9.77398","0.07379"
"65.40700","9.86642","0.11239"
"65.42700","9.95888","0.15355"
"65.44700","10.05131","0.19904"
"65.46700","10.14369","0.24394"
"65.48700","10.23606","0.29351"
"65.50700","10.32845","0.35056"
"65.52700","10.42081","0.41001"
"65.54700","10.51314","0.47321"
"65.56700","10.60553","0.53982"
"65.58700","10.69799","0.60741"
"65.60700","10.79046","0.68275"
"65.62700","10.88289","0.76204"
"65.64700","10.97528","0.84528"
"65.66700","11.06763","0.92838"
"65.68700","11.15997","1.01743"
"65.70700","11.25237","1.10579"
"65.72700","11.34480","1.20127"
"65.74700","11.43724","1.29515"
"65.76700","11.52969","1.39325"
"65.78700","11.62214","1.49029"
"65.80700","11.71459","1.59276"
"65.82700","11.80702","1.69405"
"65.84700","11.89939","1.80105"
"65.86700","11.99174","1.90306"
"65.88700","12.08404","2.01099"
"65.90700","12.17641","2.11278"
"65.92700","12.26889","2.22318"
"65.94700","12.36139","2.32791"
"65.96700","12.45382","2.43871"
"65.98700","12.54621","2.54639"
"66.00700","12.63856","2.65569"
"66.02700","12.73090","2.76366"
"66.04700","12.82332","2.87261"
"66.06700","12.91582","2.98373"
"66.08700","13.00827","3.09502"
"66.10700","13.10065","3.20418"
"66.12700","13.19303","3.31380"
"66.14700","13.28539","3.42239"
"66.16700","13.37775","3.53286"
"66.18700","13.47009","3.64315"
"66.20700","13.56250","3.75347"
"66.22700","13.65494","3.86258"
"66.24700","13.74736","3.97390"
"66.26700","13.83977","4.08439"
"66.28700","13.93214","4.19382"
"66.30700","14.02448","4.30529"
"66.32700","14.11679","4.41252"
"66.34700","14.20914","4.52525"
"66.36700","14.30162","4.63195"
"66.38700","14.39407","4.74522"
"66.40700","14.48651","4.85563"
"66.42700","14.57892","4.96506"
"66.44700","14.67131","5.07432"
"66.46700","14.76369","5.18463"
"66.48700","14.85608","5.29514"
"66.50700","14.94846","5.40446"
"66.52700","15.04085","5.51386"
"66.54700","15.13328","5.62451"
"66.56700","15.22571","5.73420"
"66.58700","15.31811","5.84473"
"66.60700","15.41048","5.95501"
"66.62700","15.50288","6.06730"
"66.64700","15.59527","6.17744"
"66.66700","15.68762","6.28554"
"66.68700","15.78001","6.39517"
"66.70700","15.87243","6.50683"
"66.72700","15.96489","6.61754"
"66.74700","16.05733","6.72820"
"66.76700","16.14976","6.83782"
"66.78700","16.24212","6.94811"
"66.80700","16.33447","7.05994"
"66.82700","16.42682","7.17124"
"66.84700","16.51923","7.28010"
"66.86700","16.61167","7.39133"
"66.88700","16.70410","7.50095"
"66.90700","16.79653","7.61336"
"66.92700","16.88893","7.72337"
"66.94700","16.98131","7.83821"
"66.96700","17.07372","7.94606"
"66.98700","17.16614","8.05881"
"67.00700","17.25850","8.16945"
"67.02700","17.35085","8.28272"
"67.04700","17.44330","8.39346"
"67.06700","17.53578","8.50737"
"67.08700","17.62823","8.61694"
"67.10700","17.72061","8.73162"
"67.12700","17.81297","8.84176"
"67.14700","17.90534","8.95558"
"67.16700","17.99777","9.06950"
"67.18700","18.09020","9.18282"
"67.20700","18.18259","9.29371"
"67.22700","18.27497","9.40869"
"67.24700","18.36737","9.52140"
"67.26700","18.45979","9.63784"
"67.28700","18.55216","9.75017"
"67.30700","18.64449","9.86450"
"67.32700","18.73681","9.97842"
"67.34700","18.82918","10.09382"
"67.36700","18.92160","10.21010"
"67.38700","19.01405","10.32495"
"67.40700","19.10648","10.43944"
"67.42700","19.19886","10.55422"
"67.44700","19.29124","10.67116"
"67.46700","19.38365","10.78759"
"67.48700","19.47604","10.90491"
"67.50700","19.56842","11.02208"
"67.52700","19.66083","11.13870"
"67.54700","19.75317","11.25579"
"67.56700","19.84554","11.37581"
"67.58700","19.93798","11.49287"
"67.60700","20.03043","11.61294"
"67.62700","20.12284","11.73025"
"67.64700","20.21520","11.85068"
"67.66700","20.30759","11.96983"
"67.68700","20.40004","12.09111"
"67.70700","20.49254","12.21176"
"67.72700","20.58502","12.33291"
"67.74700","20.67739","12.45292"
"67.76700","20.76973","12.57456"
"67.78700","20.86209","12.69794"
"67.80700","20.95445","12.82111"
"67.82700","21.04684","12.94269"
"67.84700","21.13923","13.06526"
"67.86700","21.23168","13.18916"
"67.88700","21.32415","13.31481"
"67.90700","21.41660","13.44115"
"67.92700","21.50898","13.56661"
"67.94700","21.60135","13.69016"
"67.96700","21.69371","13.81546"
"67.98700","21.78601","13.94262"
"68.00700","21.87842","14.07132"
"68.02700","21.97093","14.19825"
"68.04700","22.06338","14.32574"
"68.06700","22.15577","14.45402"
"68.08700","22.24812","14.58337"
"68.10700","22.34052","14.71343"
"68.12700","22.43290","14.84593"
"68.14700","22.52527","14.97485"
"68.16700","22.61771","15.10577"
"68.18700","22.71017","15.23783"
"68.20700","22.80256","15.37067"
"68.22700","22.89495","15.50446"
"68.24700","22.98734","15.63777"
"68.26700","23.07968","15.77198"
"68.28700","23.17204","15.90889"
"68.30700","23.26447","16.04286"
"68.32700","23.35692","16.17911"
"68.34700","23.44931","16.31716"
"68.36700","23.54171","16.45522"
"68.38700","23.63415","16.59254"
"68.40700","23.72655","16.73070"
"68.42700","23.81892","16.87256"
"68.44700","23.91125","17.01181"
"68.46700","24.00357","17.15626"
"68.48700","24.09595","17.29461"
"68.50700","24.18843","17.43873"
"68.52700","24.28091","17.58188"
"68.54700","24.37335","17.73004"
"68.56700","24.46577","17.87236"
"68.58700","24.55816","18.02066"
"68.60700","24.65050","18.16590"
"68.62700","24.74286","18.31549"
"68.64700","24.83528","18.46433"
"68.66700","24.92770","18.61537"
"68.68700","25.02011","18.76568"
"68.70700","25.11253","18.91791"
"68.72700","25.20497","19.06981"
"68.74700","25.29739","19.22460"
"68.76700","25.38976","19.37931"
"68.78700","25.48210","19.53440"
"68.80700","25.57450","19.69156"
"68.82700","25.66696","19.84994"
"68.84700","25.75941","20.00996"
"68.86700","25.85179","20.16867"
"68.88700","25.94413","20.33116"
"68.90700","26.03646","20.49184"
"68.92700","26.12883","20.65584"
"68.94700","26.22120","20.82037"
"68.96700","26.31360","20.98768"
"68.98700","26.40605","21.15518"
"69.00700","26.49852","21.32477"
"69.02700","26.59099","21.49330"
"69.04700","26.68341","21.66494"
"69.06700","26.77575","21.83724"
"69.08700","26.86811","22.01059"
"69.10700","26.96049","22.18672"
"69.12700","27.05297","22.36260"
"69.14700","27.14548","22.54053"
"69.16700","27.23792","22.72098"
"69.18700","27.33022","22.90266"
"69.20700","27.42248","23.08460"
"69.22700","27.51484","23.26907"
"69.24700","27.60725","23.45361"
"69.26700","27.69964","23.64239"
"69.28700","27.79207","23.83181"
"69.30700","27.88450","24.02573"
"69.32700","27.97689","24.21585"
"69.34700","28.06930","24.41003"
"69.36700","28.16174","24.60575"
"69.38700","28.25414","24.80698"
"69.40700","28.34651","25.00582"
"69.42700","28.43887","25.20868"
"69.44700","28.53123","25.41071"
"69.46700","28.62358","25.61826"
"69.48700","28.71601","25.82650"
"69.50700","28.80844","26.03798"
"69.52700","28.90088","26.25065"
"69.54700","28.99331","26.46512"
"69.56700","29.08570","26.68311"
"69.58700","29.17802","26.90121"
"69.60700","29.27034","27.12471"
"69.62700","29.36275","27.34933"
"69.64700","29.45517","27.57600"
"69.66700","29.54763","27.80676"
"69.68700","29.64012","28.03841"
"69.70700","29.73251","28.27388"
"69.72700","29.82487","28.51240"
"69.74700","29.91721","28.75295"
"69.76700","30.00959","28.99753"
"69.78700","30.10204","29.24398"
"69.80700","30.19451","29.49539"
"69.82700","30.28699","29.74932"
"69.84700","30.37943","30.00442"
"69.86700","30.47178","30.26416"
"69.88700","30.56411","30.52587"
"69.90600","30.65184","30.78035"
"69.92500","30.73955","31.03728"
"69.94400","30.82734","31.29935"
"69.96300","30.91519","31.56244"
"69.98100","30.99841","31.81482"
"69.99900","31.08157","32.07001"
"70.01700","31.16469","32.32936"
"70.03500","31.24784","32.59206"
"70.05200","31.32640","32.84320"
"70.06900","31.40492","33.09876"
"70.08600","31.48345","33.35680"
"70.10300","31.56199","33.61771"
"70.11900","31.63591","33.86870"
"70.13500","31.70985","34.12029"
"70.15100","31.78379","34.37598"
"70.16700","31.85776","34.63531"
"70.18300","31.93169","34.89761"
"70.19900","32.00560","35.16403"
"70.21400","32.07488","35.41529"
"70.22900","32.14417","35.67210"
"70.24400","32.21344","35.93243"
"70.25900","32.28274","36.19380"
"70.27300","32.34742","36.44402"
"70.28700","32.41213","36.69676"
"70.30100","32.47687","36.95074"
"70.31500","32.54159","37.21020"
"70.32900","32.60628","37.47128"
"70.34300","32.67092","37.73529"
"70.35700","32.73553","38.00277"
"70.37000","32.79554","38.25495"
"70.38300","32.85558","38.50990"
"70.39600","32.91562","38.76855"
"70.40900","32.97567","39.03091"
"70.42200","33.03575","39.29639"
"70.43500","33.09581","39.56617"
"70.44700","33.15128","39.81780"
"70.45900","33.20675","40.07318"
"70.47100","33.26222","40.32946"
"70.48300","33.31770","40.58900"
"70.49500","33.37316","40.85378"
"70.50700","33.42859","41.11983"
"70.51900","33.48399","41.38792"
"70.53000","33.53477","41.63884"
"70.54100","33.58554","41.89445"
"70.55200","33.63630","42.15141"
"70.56300","33.68708","42.40900"
"70.57400","33.73788","42.67147"
"70.58500","33.78870","42.93993"
"70.59600","33.83952","43.20790"
"70.60700","33.89035","43.47862"
"70.61700","33.93658","43.73138"
"70.62700","33.98283","43.98674"
"70.63700","34.02906","44.24070"
"70.64700","34.07527","44.50066"
"70.65700","34.12148","44.76578"
"70.66700","34.16767","45.03071"
"70.67700","34.21385","45.29680"
"70.68700","34.26003","45.56815"
"70.69700","34.30624","45.84370"
"70.70700","34.35244","46.11982"
"70.71600","34.39400","46.37070"
"70.72500","34.43555","46.62564"
"70.73400","34.47712","46.88414"
"70.74300","34.51869","47.14462"
"70.75200","34.56028","47.40706"
"70.76100","34.60188","47.67342"
"70.77000","34.64349","47.94386"
"70.77900","34.68512","48.21700"
"70.78800","34.72675","48.49223"
"70.79700","34.76838","48.77097"
"70.80600","34.80999","49.05137"
"70.81400","34.84696","49.30396"
"70.82200","34.88393","49.55850"
"70.83000","34.92089","49.81600"
"70.83800","34.95782","50.07509"
"70.84600","34.99472","50.33603"
"70.85400","35.03161","50.59975"
"70.86200","35.06850","50.86524"
"70.87000","35.10540","51.13417"
"70.87800","35.14232","51.40536"
"70.88600","35.17925","51.67936"
"70.89400","35.21620","51.95671"
"70.90200","35.25317","52.23613"
"70.91000","35.29015","52.51930"
"70.91800","35.32715","52.80496"
"70.92500","35.35953","53.05696"
"70.93200","35.39191","53.31169"
"70.93900","35.42429","53.56785"
"70.94600","35.45667","53.82671"
"70.95300","35.48904","54.08714"
"70.96000","35.52142","54.34904"
"70.96700","35.55377","54.61380"
"70.97400","35.58611","54.87965"
"70.98100","35.61843","55.14678"
"70.98800","35.65076","55.41539"
"70.99500","35.68307","55.68825"
"71.00200","35.71539","55.96273"
"71.00900","35.74771","56.23784"
"71.01600","35.78004","56.51387"
"71.02300","35.81238","56.79375"
"71.03000","35.84472","57.07652"
"71.03700","35.87706","57.36069"
"71.04400","35.90941","57.64546"
"71.05100","35.94175","57.93406"
"71.05800","35.97409","58.22513"
"71.06400","36.00180","58.47557"
"71.07000","36.02953","58.72621"
"71.07600","36.05725","58.98151"
"71.08200","36.08498","59.23730"
"71.08800","36.11271","59.49326"
"71.09400","36.14045","59.75322"
"71.10000","36.16818","60.01363"
"71.10600","36.19592","60.27356"
"71.11200","36.22365","60.53616"
"71.11800","36.25137","60.80025"
"71.12400","36.27910","61.06469"
"71.13000","36.30682","61.33188"
"71.13600","36.33455","61.59875"
"71.14200","36.36227","61.86555"
"71.14800","36.38999","62.13364"
"71.15400","36.41770","62.40287"
"71.16000","36.44541","62.67311"
"71.16600","36.47311","62.94550"
"71.17200","36.50082","63.21868"
"71.17800","36.52852","63.49129"
"71.18400","36.55624","63.76456"
"71.19000","36.58398","64.03848"
"71.19600","36.61171","64.31362"
"71.20200","36.63944","64.59033"
"71.20800","36.66717","64.86749"
"71.21400","36.69490","65.14327"
"71.22000","36.72262","65.41908"
"71.22600","36.75034","65.69455"
"71.23200","36.77806","65.96931"
"71.23800","36.80577","66.24413"
"71.24400","36.83349","66.51952"
"71.25000","36.86120","66.79346"
"71.25600","36.88891","67.06062"
"71.26300","36.92078","67.32748"
"71.27000","36.95042","67.52550"
"71.27100","36.95431","67.54865"
"71.27200","36.95810","67.57073"
"71.29200","37.00290","67.50002"
"71.29900","37.00048","67.21493"
"71.30400","36.99251","66.94691"
"71.30800","36.98303","66.68818"
"71.31200","36.97136","66.39542"
"71.31600","36.95798","66.07716"
"71.31900","36.94703","65.82458"
"71.32200","36.93546","65.56308"
"71.32500","36.92335","65.29317"
"71.32800","36.91077","65.01849"
"71.33100","36.89780","64.73878"
"71.33400","36.88446","64.45586"
"71.33700","36.87083","64.17167"
"71.34000","36.85692","63.88620"
"71.34300","36.84278","63.60148"
"71.34600","36.82846","63.31813"
"71.34900","36.81400","63.03651"
"71.35200","36.79942","62.75622"
"71.35500","36.78475","62.48035"
"71.35800","36.77004","62.20541"
"71.36100","36.75530","61.93431"
"71.36400","36.74056","61.66473"
"71.36700","36.72585","61.39819"
"71.37000","36.71116","61.13288"
"71.37300","36.69652","60.87125"
"71.37600","36.68193","60.61003"
"71.37900","36.66741","60.35364"
"71.38200","36.65295","60.09974"
"71.38500","36.63855","59.84917"
"71.38900","36.61943","59.52297"
"71.39300","36.60043","59.20145"
"71.39700","36.58150","58.88723"
"71.40100","36.56266","58.57779"
"71.40500","36.54387","58.27195"
"71.40900","36.52515","57.96906"
"71.41300","36.50645","57.66837"
"71.41700","36.48780","57.37123"
"71.42100","36.46918","57.07677"
"71.42500","36.45057","56.78753"
"71.42900","36.43198","56.50122"
"71.43300","36.41341","56.21926"
"71.43700","36.39484","55.94134"
"71.44100","36.37628","55.66683"
"71.44500","36.35773","55.39339"
"71.44900","36.33920","55.12112"
"71.45300","36.32066","54.85137"
"71.45700","36.30212","54.58249"
"71.46100","36.28359","54.31625"
"71.46500","36.26506","54.05391"
"71.46900","36.24654","53.79485"
"71.47300","36.22801","53.53868"
"71.47700","36.20949","53.28491"
"71.48100","36.19097","53.03343"
"71.48600","36.16782","52.72149"
"71.49100","36.14468","52.41156"
"71.49600","36.12153","52.10410"
"71.50100","36.09839","51.80059"
"71.50600","36.07524","51.50047"
"71.51100","36.05210","51.20665"
"71.51600","36.02896","50.91469"
"71.52100","36.00582","50.62676"
"71.52600","35.98269","50.34135"
"71.53100","35.95955","50.05844"
"71.53600","35.93642","49.77708"
"71.54100","35.91329","49.49964"
"71.54600","35.89017","49.22503"
"71.55100","35.86705","48.95562"
"71.55600","35.84393","48.68806"
"71.56100","35.82080","48.42409"
"71.56600","35.79768","48.16147"
"71.57100","35.77456","47.90124"
"71.57600","35.75144","47.64309"
"71.58100","35.72832","47.38660"
"71.58600","35.70521","47.13431"
"71.59200","35.67748","46.83559"
"71.59800","35.64976","46.53971"
"71.60400","35.62204","46.24585"
"71.61000","35.59433","45.95471"
"71.61600","35.56662","45.66814"
"71.62200","35.53891","45.38384"
"71.62800","35.51119","45.10416"
"71.63400","35.48348","44.82843"
"71.64000","35.45576","44.55458"
"71.64600","35.42804","44.28349"
"71.65200","35.40031","44.01600"
"71.65800","35.37259","43.75118"
"71.66400","35.34485","43.49014"
"71.67000","35.31710","43.23268"
"71.67600","35.28936","42.97779"
"71.68200","35.26160","42.72581"
"71.68900","35.22923","42.43552"
"71.69600","35.19686","42.14852"
"71.70300","35.16451","41.86533"
"71.71000","35.13217","41.58662"
"71.71700","35.09984","41.31104"
"71.72400","35.06752","41.03878"
"71.73100","35.03520","40.77008"
"71.73800","35.00289","40.50374"
"71.74500","34.97059","40.24145"
"71.75200","34.93830","39.98220"
"71.75900","34.90601","39.72599"
"71.76600","34.87373","39.47269"
"71.77300","34.84143","39.22193"
"71.78100","34.80448","38.93955"
"71.78900","34.76751","38.66114"
"71.79700","34.73052","38.38737"
"71.80500","34.69352","38.11644"
"71.81300","34.65651","37.84851"
"71.82100","34.61950","37.58479"
"71.82900","34.58249","37.32475"
"71.83700","34.54550","37.06856"
"71.84500","34.50851","36.81588"
"71.85400","34.46691","36.53514"
"71.86300","34.42532","36.25852"
"71.87200","34.38374","35.98605"
"71.88100","34.34217","35.71871"
"71.89000","34.30061","35.45546"
"71.89900","34.25906","35.19449"
"71.90800","34.21750","34.93650"
"71.91700","34.17594","34.68276"
"71.92700","34.12976","34.40591"
"71.93700","34.08358","34.13224"
"71.94700","34.03740","33.86106"
"71.95700","33.99121","33.59569"
"71.96700","33.94501","33.33453"
"71.97700","33.89880","33.07669"
"71.98700","33.85257","32.82225"
"71.99700","33.80632","32.57193"
"72.00800","33.75547","32.30021"
"72.01900","33.70463","32.03472"
"72.03000","33.65381","31.77159"
"72.04100","33.60301","31.51259"
"72.05200","33.55223","31.25899"
"72.06300","33.50145","31.00663"
"72.07500","33.44606","30.73557"
"72.08700","33.39068","30.47228"
"72.09900","33.33529","30.21115"
"72.11100","33.27985","29.95120"
"72.12300","33.22440","29.69759"
"72.13600","33.16432","29.42800"
"72.14900","33.10424","29.16143"
"72.16200","33.04415","28.89765"
"72.17500","32.98407","28.64192"
"72.18800","32.92399","28.38726"
"72.20200","32.85931","28.11962"
"72.21600","32.79462","27.85534"
"72.23000","32.72995","27.59541"
"72.24400","32.66531","27.33969"
"72.25800","32.60069","27.08632"
"72.27300","32.53144","26.82146"
"72.28800","32.46215","26.55857"
"72.30300","32.39279","26.30090"
"72.31800","32.32341","26.04846"
"72.33300","32.25406","25.79841"
"72.34900","32.18012","25.53843"
"72.36500","32.10621","25.28072"
"72.38100","32.03232","25.02709"
"72.39800","31.95380","24.76354"
"72.41500","31.87530","24.50137"
"72.43200","31.79679","24.24677"
"72.44900","31.71824","23.99379"
"72.46700","31.63502","23.73055"
"72.48500","31.55180","23.47292"
"72.50300","31.46863","23.21787"
"72.52200","31.38087","22.95689"
"72.54100","31.29308","22.69812"
"72.56000","31.20528","22.44417"
"72.57900","31.11749","22.19216"
"72.59900","31.02512","21.93217"
"72.61900","30.93274","21.67515"
"72.63900","30.84030","21.42462"
"72.65900","30.74788","21.17698"
"72.67900","30.65543","20.93538"
"72.69900","30.56306","20.69388"
"72.71900","30.47072","20.45649"
"72.73900","30.37837","20.22512"
"72.75900","30.28601","19.99624"
"72.77900","30.19363","19.77129"
"72.79900","30.10119","19.54765"
"72.81900","30.00872","19.32834"
"72.83900","29.91629","19.11202"
"72.85900","29.82390","18.89884"
"72.87900","29.73155","18.69067"
"72.89900","29.63915","18.48380"
"72.91900","29.54674","18.28061"
"72.93900","29.45432","18.07586"
"72.95900","29.36187","17.88085"
"72.97900","29.26943","17.68384"
"72.99900","29.17705","17.49177"
"73.01900","29.08467","17.29860"
"73.03900","28.99226","17.11246"
"73.05900","28.89982","16.92555"
"73.07900","28.80741","16.74539"
"73.09900","28.71503","16.56380"
"73.11900","28.62271","16.38498"
"73.13900","28.53031","16.20807"
"73.15900","28.43794","16.03647"
"73.17900","28.34561","15.86345"
"73.19900","28.25325","15.69497"
"73.21900","28.16083","15.52722"
"73.23900","28.06843","15.36074"
"73.25900","27.97607","15.19486"
"73.27900","27.88367","15.03535"
"73.29900","27.79122","14.87474"
"73.31900","27.69878","14.71863"
"73.33900","27.60632","14.55901"
"73.35900","27.51387","14.40559"
"73.37900","27.42152","14.25178"
"73.39900","27.32926","14.10107"
"73.41900","27.23698","13.95023"
"73.43900","27.14455","13.80319"
"73.45900","27.05201","13.65886"
"73.47900","26.95950","13.51202"
"73.49900","26.86707","13.37014"
"73.51900","26.77470","13.22787"
"73.53900","26.68233","13.08843"
"73.55900","26.58996","12.94882"
"73.57900","26.49757","12.81271"
"73.59900","26.40517","12.67572"
"73.61900","26.31272","12.54270"
"73.63900","26.22027","12.40874"
"73.65900","26.12785","12.27877"
"73.67900","26.03547","12.14730"
"73.69900","25.94308","12.01977"
"73.71900","25.85071","11.89134"
"73.73900","25.75833","11.76544"
"73.75900","25.66596","11.63823"
"73.77900","25.57352","11.51494"
"73.79900","25.48108","11.39090"
"73.81900","25.38865","11.27138"
"73.83900","25.29627","11.15022"
"73.85900","25.20390","11.03091"
"73.87900","25.11149","10.91242"
"73.89900","25.01909","10.79426"
"73.91900","24.92674","10.67804"
"73.93900","24.83436","10.56366"
"73.95900","24.74195","10.44896"
"73.97900","24.64951","10.33606"
"73.99900","24.55707","10.22463"
"74.01900","24.46467","10.11438"
"74.03900","24.37232","10.00356"
"74.05900","24.27995","9.89492"
"74.07900","24.18757","9.78632"
"74.09900","24.09517","9.68033"
"74.11900","24.00275","9.57159"
"74.13900","23.91033","9.46783"
"74.15900","23.81791","9.36320"
"74.17900","23.72554","9.26229"
"74.19900","23.63315","9.15747"
"74.21900","23.54073","9.05813"
"74.23900","23.44834","8.95379"
"74.25900","23.35597","8.85502"
"74.27900","23.26357","8.75358"
"74.29900","23.17111","8.65618"
"74.31900","23.07869","8.55550"
"74.33900","22.98631","8.46025"
"74.35900","22.89397","8.36216"
"74.37900","22.80163","8.26622"
"74.39900","22.70929","8.17087"
"74.41900","22.61687","8.07743"
"74.43900","22.52440","7.98260"
"74.45900","22.43192","7.88811"
"74.47900","22.33952","7.79550"
"74.49900","22.24714","7.70424"
"74.51900","22.15478","7.61200"
"74.53900","22.06245","7.52083"
"74.55900","21.97001","7.43153"
"74.57900","21.87755","7.34047"
"74.59900","21.78510","7.25119"
"74.61900","21.69267","7.16297"
"74.63900","21.60028","7.07614"
"74.65900","21.50791","6.98541"
"74.67900","21.41555","6.89889"
"74.69900","21.32318","6.81100"
"74.71900","21.23078","6.72687"
"74.73900","21.13834","6.64090"
"74.75900","21.04585","6.55682"
"74.77900","20.95342","6.46988"
"74.79900","20.86107","6.38756"
"74.81900","20.76875","6.30072"
"74.83900","20.67638","6.22111"
"74.85900","20.58400","6.13741"
"74.87900","20.49160","6.05454"
"74.89900","20.39915","5.97002"
"74.91900","20.30669","5.88992"
"74.93900","20.21425","5.81004"
"74.95900","20.12185","5.72840"
"74.97900","20.02945","5.64777"
"74.99900","19.93703","5.56629"
"75.01900","19.84464","5.48730"
"75.03900","19.75230","5.40684"
"75.05900","19.65997","5.32980"
"75.07900","19.56765","5.25029"
"75.09900","19.47525","5.17298"
"75.11900","19.38274","5.09482"
"75.13900","19.29023","5.01772"
"75.15900","19.19782","4.94072"
"75.17900","19.10547","4.86558"
"75.19900","19.01314","4.78766"
"75.21900","18.92077","4.71043"
"75.23900","18.82836","4.63445"
"75.25900","18.73591","4.56210"
"75.27900","18.64348","4.48625"
"75.29900","18.55109","4.41060"
"75.31900","18.45871","4.33501"
"75.33900","18.36633","4.26107"
"75.35900","18.27395","4.18756"
"75.37900","18.18160","4.11295"
"75.39900","18.08922","4.04092"
"75.41900","17.99681","3.96583"
"75.43900","17.90440","3.89059"
"75.45900","17.81206","3.81895"
"75.47900","17.71967","3.74629"
"75.49900","17.62725","3.67393"
"75.51900","17.53484","3.60029"
"75.53900","17.44239","3.52758"
"75.55900","17.34995","3.45587"
"75.57900","17.25755","3.38545"
"75.59900","17.16515","3.31291"
"75.61900","17.07277","3.24163"
"75.63900","16.98037","3.16736"
"75.65900","16.88799","3.09914"
"75.67900","16.79563","3.02507"
"75.69900","16.70322","2.95734"
"75.71900","16.61076","2.88595"
"75.73900","16.51830","2.81493"
"75.75900","16.42583","2.74281"
"75.77900","16.33343","2.67362"
"75.79900","16.24107","2.60279"
"75.81900","16.14870","2.53489"
"75.83900","16.05632","2.46317"
"75.85900","15.96391","2.39436"
"75.87900","15.87147","2.32448"
"75.89900","15.77901","2.25536"
"75.91900","15.68662","2.18734"
"75.93900","15.59426","2.11637"
"75.95900","15.50186","2.04766"
"75.97900","15.40948","1.97836"
"75.99900","15.31712","1.91059"
"76.01900","15.22477","1.84179"
"76.03900","15.13240","1.77368"
"76.05900","15.03999","1.70426"
"76.07900","14.94756","1.63748"
"76.09900","14.85514","1.56861"
"76.11900","14.76275","1.50220"
"76.13900","14.67041","1.43276"
"76.15900","14.57805","1.36672"
"76.17900","14.48565","1.29940"
"76.19900","14.39326","1.23290"
"76.21900","14.30076","1.16816"
"76.23900","14.20827","1.10131"
"76.25900","14.11584","1.03520"
"76.27900","14.02350","0.97077"
"76.29900","13.93117","0.90516"
"76.31900","13.83885","0.84105"
"76.33900","13.74650","0.77835"
"76.35900","13.65409","0.71400"
"76.37900","13.56160","0.65290"
"76.39900","13.46912","0.58839"
"76.41900","13.37667","0.52760"
"76.43900","13.28428","0.46755"
"76.45900","13.19192","0.40882"
"76.47900","13.09959","0.35017"
"76.49900","13.00725","0.28893"
"76.51900","12.91485","0.23493"
"76.53900","12.82239","0.18004"
"76.55900","12.72993","0.12538"
"76.57900","12.63753","0.07290"
"76.59900","12.54514","0.02478"
"76.61900","12.45274","-0.02467"
"76.63900","12.36035","-0.06989"
"76.65900","12.26794","-0.11510"
"76.67900","12.17548","-0.15334"
"76.69900","12.08305","-0.19428"
"76.71900","11.99072","-0.22902"
"76.73900","11.89843","-0.26249"
"76.75900","11.80608","-0.29056"
"76.77900","11.71364","-0.31729"
"76.79900","11.62119","-0.34238"
"76.81900","11.52874","-0.36647"
"76.83900","11.43631","-0.38288"
"76.85900","11.34389","-0.40284"
"76.87900","11.25145","-0.41762"
"76.89900","11.15901","-0.43339"
"76.91900","11.06661","-0.44727"
"76.93900","10.97425","-0.45855"
"76.95900","10.88187","-0.46927"
"76.97900","10.78945","-0.47864"
"76.99900","10.69705","-0.48656"
"77.01900","10.60463","-0.49542"
"77.03900","10.51224","-0.50298"
"77.05900","10.41987","-0.50859"
"77.07900","10.32748","-0.51731"
"77.09900","10.23510","-0.52150"
"77.11900","10.14274","-0.52807"
"77.13900","10.05037","-0.53218"
"77.15900","9.95799","-0.53841"
"77.17900","9.86557","-0.54207"
"77.19900","9.77309","-0.54505"
"77.21900","9.68065","-0.54973"
"77.23900","9.58829","-0.55401"
"77.25900","9.49594","-0.55751"
"77.27900","9.40359","-0.56247"
"77.29900","9.31121","-0.56375"
"77.31900","9.21877","-0.56668"
"77.33900","9.12634","-0.57069"
"77.35900","9.03394","-0.57161"
"77.37900","8.94155","-0.57467"
"77.39900","8.84916","-0.57595"
"77.41900","8.75679","-0.58160"
"77.43900","8.66440","-0.58296"
"77.45900","8.57202","-0.58571"
"77.47900","8.47967","-0.58733"
"77.49900","8.38728","-0.58920"
"77.51900","8.29482","-0.58926"
"77.53900","8.20237","-0.59363"
"77.55900","8.10995","-0.59549"
"77.57900","8.01756","-0.59921"
"77.59900","7.92521","-0.59941"
"77.61900","7.83285","-0.60262"
"77.63900","7.74044","-0.60433"
"77.65900","7.64803","-0.60548"
"77.67900","7.55559","-0.60737"
"77.69900","7.46316","-0.60981"
"77.71900","7.37076","-0.61138"
"77.73900","7.27837","-0.61352"
"77.75900","7.18598","-0.61611"
"77.77900","7.09361","-0.61936"
"77.79900","7.00122","-0.62058"
"77.81900","6.90882","-0.62093"
"77.83900","6.81640","-0.62521"
"77.85900","6.72401","-0.62595"
"77.87900","6.63155","-0.62922"
"77.89900","6.53913","-0.63176"
"77.91900","6.44674","-0.63287"
"77.93900","6.35434","-0.63413"
"77.95900","6.26195","-0.63618"
"77.97900","6.16955","-0.63917"
"77.99900","6.07714","-0.64013"
"78.01900","5.98471","-0.64181"
"78.03900","5.89226","-0.64590"
"78.05900","5.79985","-0.64726"
"78.07900","5.70744","-0.64853"
"78.09900","5.61507","-0.65332"
"78.11900","5.52274","-0.65353"
"78.13900","5.43039","-0.65609"
"78.15900","5.33798","-0.65781"
"78.17900","5.24556","-0.65998"
"78.19900","5.15311","-0.66279"
"78.21900","5.06069","-0.66611"
"78.23900","4.96833","-0.66728"
"78.25900","4.87598","-0.66836"
"78.27900","4.78364","-0.67210"
"78.29900","4.69120","-0.67285"
"78.31900","4.59870","-0.67535"
"78.33900","4.50619","-0.67799"
"78.35900","4.41378","-0.68057"
"78.37900","4.32148","-0.68131"
"78.39900","4.22925","-0.68633"
"78.41900","4.13694","-0.68673"
"78.43900","4.04448","-0.68930"
"78.45900","3.95198","-0.69108"
"78.47900","3.85954","-0.69384"
"78.49900","3.76708","-0.69496"
"78.51900","3.67464","-0.69809"
"78.53900","3.58228","-0.69884"
"78.55900","3.48992","-0.70537"
"78.57900","3.39756","-0.70337"
"78.59900","3.30520","-0.70803"
"78.61900","3.21281","-0.70907"
"78.63900","3.12038","-0.71160"
"78.65900","3.02793","-0.71268"
"78.67900","2.93552","-0.71428"
"78.69900","2.84317","-0.71890"
"78.71900","2.75083","-0.72036"
"78.73900","2.65845","-0.72176"
"78.75900","2.56607","-0.72551"
"78.77900","2.47365","-0.72622"
"78.79900","2.38121","-0.72808"
"78.81900","2.28877","-0.73027"
"78.83900","2.19633","-0.73213"
"78.85900","2.10390","-0.73597"
"78.87900","2.01149","-0.73530"
"78.89900","1.91912","-0.73942"
"78.91900","1.82678","-0.74203"
"78.93900","1.73441","-0.74280"
"78.95900","1.64200","-0.74551"
"78.97900","1.54957","-0.74663"
"78.99900","1.45714","-0.74940"
"79.01900","1.36470","-0.75077"
"79.03900","1.27228","-0.75150"
"79.05900","1.17990","-0.75699"
"79.07900","1.08750","-0.75597"
"79.09900","0.99508","-0.75922"
"79.11900","0.90266","-0.75972"
"79.13900","0.81023","-0.76185"
"79.15900","0.71781","-0.76313"
"79.17900","0.62539","-0.76581"
"79.19900","0.53302","-0.76736"
"79.21900","0.44069","-0.77123"
"79.23900","0.34836","-0.77247"
"79.25900","0.25601","-0.77371"
"79.27900","0.16362","-0.77579"
"79.29900","0.07116","-0.77510"
"79.31600","-0.00362","-0.66048"
"79.31700","-0.00742","-0.65303"
"79.31800","-0.01111","-0.64663"
"79.33800","-0.05362","-0.53063"
"79.35800","-0.02083","-0.64653"
"79.37800","0.05698","-0.72257"
"79.39800","0.15078","-0.73995"
"79.41800","0.24892","-0.75977"
"79.43800","0.34535","-0.74571"
"79.45800","0.43954","-0.74088"
"79.47800","0.53261","-0.72805"
"79.49800","0.62541","-0.72488"
"79.51800","0.71813","-0.71882"
"79.53800","0.81079","-0.71361"
"79.55800","0.90337","-0.70532"
"79.57800","0.99592","-0.70205"
"79.59800","1.08840","-0.69481"
"79.61800","1.18086","-0.69295"
"79.63800","1.27328","-0.68667"
"79.65800","1.36567","-0.68118"
"79.67800","1.45803","-0.67741"
"79.69800","1.55047","-0.67147"
"79.71800","1.64293","-0.66775"
"79.73800","1.73539","-0.66266"
"79.75800","1.82784","-0.65794"
"79.77800","1.92025","-0.65201"
"79.79800","2.01258","-0.64685"
"79.81800","2.10490","-0.64330"
"79.83800","2.19729","-0.64044"
"79.85800","2.28975","-0.63497"
"79.87800","2.38223","-0.62898"
"79.89800","2.47468","-0.62447"
"79.91800","2.56710","-0.62221"
"79.93800","2.65952","-0.61705"
"79.95800","2.75185","-0.61107"
"79.97800","2.84421","-0.60855"
"79.99800","2.93657","-0.60295"
"80.01800","3.02894","-0.59838"
"80.03800","3.12136","-0.59658"
"80.05800","3.21382","-0.59177"
"80.07800","3.30626","-0.58723"
"80.09800","3.39869","-0.58324"
"80.11800","3.49106","-0.57679"
"80.13800","3.58346","-0.57489"
"80.15800","3.67578","-0.56798"
"80.17800","3.76811","-0.56639"
"80.19800","3.86052","-0.56277"
"80.21800","3.95297","-0.55624"
"80.23800","4.04544","-0.55345"
"80.25800","4.13790","-0.54939"
"80.27800","4.23030","-0.54544"
"80.29800","4.32261","-0.54119"
"80.31800","4.41482","-0.53603"
"80.33800","4.50714","-0.53273"
"80.35800","4.59958","-0.52635"
"80.37800","4.69208","-0.52580"
"80.39800","4.78456","-0.52188"
"80.41800","4.87699","-0.51498"
"80.43800","4.96931","-0.51183"
"80.45800","5.06167","-0.50748"
"80.47800","5.15409","-0.50460"
"80.49800","5.24649","-0.49914"
"80.51800","5.33886","-0.49440"
"80.53800","5.43129","-0.49087"
"80.55800","5.52375","-0.48766"
"80.57800","5.61614","-0.48187"
"80.59800","5.70850","-0.48085"
"80.61800","5.80085","-0.47284"
"80.63800","5.89325","-0.47092"
"80.65800","5.98567","-0.46352"
"80.67800","6.07812","-0.45911"
"80.69800","6.17056","-0.45438"
"80.71800","6.26300","-0.45335"
"80.73800","6.35541","-0.44601"
"80.75800","6.44776","-0.44365"
"80.77800","6.54015","-0.43476"
"80.79800","6.63258","-0.43244"
"80.81800","6.72496","-0.42452"
"80.83800","6.81736","-0.42144"
"80.85800","6.90976","-0.41498"
"80.87800","7.00221","-0.40864"
"80.89800","7.09466","-0.40380"
"80.91800","7.18706","-0.39803"
"80.93800","7.27943","-0.39125"
"80.95800","7.37183","-0.38726"
"80.97800","7.46422","-0.37735"
"80.99800","7.55661","-0.37142"
"81.01800","7.64902","-0.36404"
"81.03800","7.74146","-0.35843"
"81.05800","7.83388","-0.35055"
"81.07800","7.92627","-0.33935"
"81.09800","8.01865","-0.33237"
"81.11800","8.11103","-0.32243"
"81.13800","8.20341","-0.31369"
"81.15800","8.29581","-0.30613"
"81.17800","8.38827","-0.29628"
"81.19800","8.48077","-0.28264"
"81.21800","8.57316","-0.27219"
"81.23800","8.66547","-0.25841"
"81.25800","8.75780","-0.24899"
"81.27800","8.85018","-0.23397"
"81.29800","8.94252","-0.22037"
"81.31800","9.03489","-0.20374"
"81.33800","9.12732","-0.18709"
"81.35800","9.21974","-0.17277"
"81.37800","9.31215","-0.15385"
"81.39800","9.40456","-0.13407"
"81.41800","9.49696","-0.11149"
"81.43800","9.58934","-0.08865"
"81.45800","9.68167","-0.06464"
"81.47800","9.77402","-0.04028"
"81.49800","9.86644","-0.01046"
"81.51800","9.95894","0.01744"
"81.53800","10.05141","0.05510"
"81.55800","10.14382","0.08712"
"81.57800","10.23618","0.12426"
"81.59800","10.32855","0.16744"
"81.61800","10.42089","0.21119"
"81.63800","10.51323","0.26210"
"81.65800","10.60561","0.31309"
"81.67800","10.69804","0.36609"
"81.69800","10.79048","0.42598"
"81.71800","10.88291","0.49013"
"81.73800","10.97531","0.55847"
"81.75800","11.06768","0.63150"
"81.77800","11.16002","0.70537"
"81.79800","11.25240","0.78454"
"81.81800","11.34485","0.86410"
"81.83800","11.43731","0.95217"
"81.85800","11.52978","1.03934"
"81.87800","11.62222","1.13096"
"81.89800","11.71464","1.22409"
"81.91800","11.80707","1.31915"
"81.93800","11.89944","1.41673"
"81.95800","11.99178","1.51733"
"81.97800","12.08410","1.61762"
"81.99800","12.17650","1.72103"
"82.01800","12.26895","1.82174"
"82.03800","12.36141","1.92557"
"82.05800","12.45385","2.03290"
"82.07800","12.54624","2.13897"
"82.09800","12.63858","2.24661"
"82.11800","12.73092","2.35044"
"82.13800","12.82336","2.45674"
"82.15800","12.91585","2.56778"
"82.17800","13.00831","2.67737"
"82.19800","13.10070","2.78541"
"82.21800","13.19307","2.89256"
"82.23800","13.28542","2.99984"
"82.25800","13.37780","3.11105"
"82.27800","13.47015","3.21914"
"82.29800","13.56253","3.33098"
"82.31800","13.65496","3.43865"
"82.33800","13.74740","3.54799"
"82.35800","13.83979","3.65735"
"82.37800","13.93217","3.76671"
"82.39800","14.02452","3.87803"
"82.41800","14.11681","3.98603"
"82.43800","14.20915","4.09477"
"82.45800","14.30161","4.20318"
"82.47800","14.39404","4.31439"
"82.49800","14.48652","4.42453"
"82.51800","14.57897","4.53518"
"82.53800","14.67138","4.64178"
"82.55800","14.76375","4.75279"
"82.57800","14.85612","4.86072"
"82.59800","14.94848","4.97130"
"82.61800","15.04090","5.08142"
"82.63800","15.13335","5.19007"
"82.65800","15.22579","5.29835"
"82.67800","15.31819","5.40744"
"82.69800","15.41057","5.51802"
"82.71800","15.50297","5.63110"
"82.73800","15.59538","5.73847"
"82.75800","15.68774","5.84607"
"82.77800","15.78010","5.95502"
"82.79800","15.87250","6.06479"
"82.81800","15.96496","6.17692"
"82.83800","16.05742","6.28367"
"82.85800","16.14985","6.39514"
"82.87800","16.24218","6.50427"
"82.89800","16.33453","6.61256"
"82.91800","16.42688","6.72415"
"82.93800","16.51930","6.83209"
"82.95800","16.61174","6.94276"
"82.97800","16.70417","7.05187"
"82.99800","16.79657","7.16255"
"83.01800","16.88897","7.27341"
"83.03800","16.98137","7.38312"
"83.05800","17.07377","7.49205"
"83.07800","17.16617","7.60324"
"83.09800","17.25857","7.71289"
"83.11800","17.35096","7.82389"
"83.13800","17.44337","7.93605"
"83.15800","17.53582","8.04633"
"83.17800","17.62830","8.15731"
"83.19800","17.72068","8.26818"
"83.21800","17.81301","8.37836"
"83.23800","17.90537","8.48962"
"83.25800","17.99778","8.60134"
"83.27800","18.09019","8.71586"
"83.29800","18.18260","8.82425"
"83.31800","18.27499","8.93829"
"83.33800","18.36744","9.04901"
"83.35800","18.45987","9.16247"
"83.37800","18.55223","9.27491"
"83.39800","18.64453","9.38711"
"83.41800","18.73682","9.50030"
"83.43800","18.82917","9.61408"
"83.45800","18.92160","9.72711"
"83.47800","19.01406","9.84173"
"83.49800","19.10649","9.95552"
"83.51800","19.19888","10.06602"
"83.53800","19.29127","10.18454"
"83.55800","19.38370","10.29585"
"83.57800","19.47610","10.41496"
"83.59800","19.56850","10.52732"
"83.61800","19.66091","10.64496"
"83.63800","19.75325","10.76039"
"83.65800","19.84562","10.87633"
"83.67800","19.93806","10.99354"
"83.69800","20.03051","11.11021"
"83.71800","20.12291","11.22703"
"83.73800","20.21528","11.34635"
"83.75800","20.30765","11.46264"
"83.77800","20.40008","11.58150"
"83.79800","20.49256","11.70009"
"83.81800","20.58503","11.81998"
"83.83800","20.67742","11.94052"
"83.85800","20.76977","12.05686"
"83.87800","20.86216","12.17865"
"83.89800","20.95451","12.29942"
"83.91800","21.04686","12.41946"
"83.93800","21.13926","12.54196"
"83.95800","21.23177","12.66292"
"83.97800","21.32425","12.78525"
"83.99800","21.41667","12.90890"
"84.01800","21.50901","13.03218"
"84.03800","21.60137","13.15568"
"84.05800","21.69371","13.27828"
"84.07800","21.78605","13.40338"
"84.09800","21.87848","13.52981"
"84.11800","21.97098","13.65201"
"84.13800","22.06342","13.78013"
"84.15800","22.15582","13.90641"
"84.17800","22.24820","14.03304"
"84.19800","22.34056","14.16236"
"84.21800","22.43293","14.28868"
"84.23800","22.52534","14.41759"
"84.25800","22.61777","14.54671"
"84.27800","22.71023","14.67539"
"84.29800","22.80266","14.80806"
"84.31800","22.89503","14.93637"
"84.33800","22.98736","15.06837"
"84.35800","23.07970","15.20180"
"84.37800","23.17210","15.33486"
"84.39800","23.26453","15.46838"
"84.41800","23.35700","15.60037"
"84.43800","23.44942","15.73579"
"84.45800","23.54180","15.87285"
"84.47800","23.63422","16.00661"
"84.49800","23.72663","16.14487"
"84.51800","23.81898","16.28108"
"84.53800","23.91127","16.41942"
"84.55800","24.00361","16.56057"
"84.57800","24.09602","16.69748"
"84.59800","24.18850","16.83861"
"84.61800","24.28095","16.97937"
"84.63800","24.37337","17.12329"
"84.65800","24.46576","17.26625"
"84.67800","24.55814","17.40931"
"84.69800","24.65048","17.55408"
"84.71800","24.74284","17.69996"
"84.73800","24.83529","17.84609"
"84.75800","24.92774","17.99455"
"84.77800","25.02014","18.14130"
"84.79800","25.11254","18.29203"
"84.81800","25.20496","18.44297"
"84.83800","25.29737","18.59257"
"84.85800","25.38976","18.74636"
"84.87800","25.48214","18.89747"
"84.89800","25.57454","19.05145"
"84.91800","25.66699","19.20963"
"84.93800","25.75942","19.36542"
"84.95800","25.85178","19.52187"
"84.97800","25.94413","19.68118"
"84.99800","26.03649","19.83835"
"85.01800","26.12889","20.00195"
"85.03800","26.22126","20.16289"
"85.05800","26.31367","20.32810"
"85.07800","26.40611","20.49112"
"85.09800","26.49853","20.65683"
"85.11800","26.59094","20.82551"
"85.13800","26.68340","20.99236"
"85.15800","26.77583","21.16395"
"85.17800","26.86819","21.33170"
"85.19800","26.96053","21.50457"
"85.21800","27.05300","21.67971"
"85.23800","27.14551","21.85353"
"85.25800","27.23795","22.03100"
"85.27800","27.33030","22.20997"
"85.29800","27.42256","22.38847"
"85.31800","27.51487","22.57155"
"85.33800","27.60729","22.75191"
"85.35800","27.69972","22.93855"
"85.37800","27.79212","23.12451"
"85.39800","27.88453","23.31266"
"85.41800","27.97694","23.50189"
"85.43800","28.06936","23.69311"
"85.45800","28.16181","23.88612"
"85.47800","28.25423","24.08266"
"85.49800","28.34661","24.27843"
"85.51800","28.43897","24.47740"
"85.53800","28.53133","24.67775"
"85.55800","28.62370","24.88070"
"85.57800","28.71608","25.08659"
"85.59800","28.80845","25.29281"
"85.61800","28.90091","25.50336"
"85.63800","28.99337","25.71384"
"85.65800","29.08576","25.92841"
"85.67800","29.17809","26.14420"
"85.69800","29.27042","26.36319"
"85.71800","29.36282","26.58325"
"85.73800","29.45522","26.80824"
"85.75800","29.54769","27.03318"
"85.77800","29.64019","27.26366"
"85.79800","29.73257","27.49472"
"85.81800","29.82491","27.72961"
"85.83800","29.91723","27.96802"
"85.85800","30.00961","28.20542"
"85.87800","30.10206","28.45103"
"85.89800","30.19455","28.69715"
"85.91800","30.28701","28.94805"
"85.93800","30.37946","29.20093"
"85.95800","30.47185","29.45494"
"85.97800","30.56418","29.71386"
"85.99800","30.65651","29.97687"
"86.01700","30.74422","30.23004"
"86.03600","30.83202","30.48937"
"86.05500","30.91989","30.74870"
"86.07400","31.00774","31.01209"
"86.09200","31.09088","31.26439"
"86.11000","31.17398","31.51874"
"86.12800","31.25713","31.77824"
"86.14600","31.34032","32.04094"
"86.16300","31.41884","32.29127"
"86.18000","31.49737","32.54745"
"86.19700","31.57590","32.80344"
"86.21400","31.65442","33.06628"
"86.23000","31.72835","33.31649"
"86.24600","31.80229","33.57216"
"86.26200","31.87626","33.82557"
"86.27800","31.95020","34.08464"
"86.29400","32.02411","34.34810"
"86.31000","32.09805","34.61311"
"86.32500","32.16733","34.86744"
"86.34000","32.23659","35.12630"
"86.35500","32.30587","35.38620"
"86.37000","32.37518","35.65076"
"86.38400","32.43992","35.90141"
"86.39800","32.50467","36.15285"
"86.41200","32.56939","36.40923"
"86.42600","32.63404","36.66742"
"86.44000","32.69866","36.92989"
"86.45400","32.76328","37.19812"
"86.46800","32.82793","37.46632"
"86.48100","32.88797","37.71973"
"86.49400","32.94801","37.97860"
"86.50700","33.00807","38.23864"
"86.52000","33.06813","38.50069"
"86.53300","33.12820","38.77161"
"86.54500","33.18369","39.02228"
"86.55700","33.23917","39.27323"
"86.56900","33.29465","39.53080"
"86.58100","33.35012","39.78993"
"86.59300","33.40556","40.05079"
"86.60500","33.46095","40.31510"
"86.61700","33.51633","40.58327"
"86.62900","33.57172","40.85580"
"86.64000","33.62250","41.10883"
"86.65100","33.67327","41.36567"
"86.66200","33.72407","41.62617"
"86.67300","33.77489","41.88862"
"86.68400","33.82572","42.15473"
"86.69500","33.87654","42.42580"
"86.70600","33.92740","42.69856"
"86.71700","33.97825","42.97277"
"86.72700","34.02448","43.22669"
"86.73700","34.07067","43.48367"
"86.74700","34.11686","43.74340"
"86.75700","34.16305","44.00655"
"86.76700","34.20924","44.27250"
"86.77700","34.25543","44.54040"
"86.78700","34.30164","44.81253"
"86.79700","34.34784","45.08884"
"86.80700","34.39402","45.36638"
"86.81600","34.43558","45.61800"
"86.82500","34.47715","45.87238"
"86.83400","34.51873","46.13137"
"86.84300","34.56032","46.39407"
"86.85200","34.60192","46.65905"
"86.86100","34.64354","46.92632"
"86.87000","34.68516","47.19656"
"86.87900","34.72679","47.47180"
"86.88800","34.76841","47.75006"
"86.89700","34.81001","48.02943"
"86.90500","34.84700","48.28056"
"86.91300","34.88397","48.53406"
"86.92100","34.92093","48.79078"
"86.92900","34.95787","49.04847"
"86.93700","34.99478","49.30809"
"86.94500","35.03168","49.57181"
"86.95300","35.06857","49.83675"
"86.96100","35.10546","50.10549"
"86.96900","35.14237","50.37568"
"86.97700","35.17930","50.64939"
"86.98500","35.21625","50.92612"
"86.99300","35.25322","51.20536"
"87.00100","35.29020","51.48922"
"87.00800","35.32258","51.73998"
"87.01500","35.35496","51.99161"
"87.02200","35.38734","52.24478"
"87.02900","35.41971","52.50060"
"87.03600","35.45208","52.75880"
"87.04300","35.48445","53.01939"
"87.05000","35.51680","53.28281"
"87.05700","35.54916","53.54930"
"87.06400","35.58150","53.81514"
"87.07100","35.61383","54.08312"
"87.07800","35.64617","54.35337"
"87.08500","35.67850","54.62756"
"87.09200","35.71083","54.90426"
"87.09900","35.74316","55.18195"
"87.10600","35.77548","55.46043"
"87.11300","35.80781","55.74135"
"87.12000","35.84014","56.02501"
"87.12700","35.87249","56.31060"
"87.13400","35.90482","56.59892"
"87.14100","35.93715","56.88946"
"87.14700","35.96487","57.14114"
"87.15300","35.99258","57.39247"
"87.15900","36.02030","57.64791"
"87.16500","36.04802","57.90642"
"87.17100","36.07574","58.16393"
"87.17700","36.10347","58.42481"
"87.18300","36.13120","58.68758"
"87.18900","36.15894","58.95020"
"87.19500","36.18668","59.21565"
"87.20100","36.21442","59.48333"
"87.20700","36.24215","59.75133"
"87.21300","36.26989","60.02175"
"87.21900","36.29762","60.29265"
"87.22500","36.32535","60.56298"
"87.23100","36.35307","60.83491"
"87.23700","36.38079","61.10896"
"87.24300","36.40850","61.38451"
"87.24900","36.43621","61.66229"
"87.25500","36.46392","61.94125"
"87.26100","36.49163","62.22126"
"87.26700","36.51935","62.50207"
"87.27300","36.54708","62.78368"
"87.27900","36.57481","63.06610"
"87.28500","36.60255","63.34945"
"87.29100","36.63027","63.63414"
"87.29700","36.65799","63.91954"
"87.30300","36.68570","64.20661"
"87.30900","36.71341","64.49472"
"87.31500","36.74113","64.78272"
"87.32100","36.76884","65.06889"
"87.32700","36.79655","65.35594"
"87.33300","36.82427","65.64351"
"87.33900","36.85199","65.93165"
"87.34500","36.87971","66.22013"
"87.35100","36.90728","66.48506"
"87.35900","36.94235","66.76386"
"87.36100","36.95043","66.81885"
"87.36200","36.95432","66.84499"
"87.36300","36.95811","66.87016"
"87.38300","37.00289","66.86289"
"87.39000","37.00048","66.60032"
"87.39500","36.99252","66.34782"
"87.40000","36.98033","66.03423"
"87.40400","36.96820","65.74589"
"87.40800","36.95446","65.43277"
"87.41200","36.93945","65.10009"
"87.41500","36.92751","64.83923"
"87.41800","36.91508","64.57296"
"87.42100","36.90224","64.30058"
"87.42400","36.88902","64.02477"
"87.42700","36.87548","63.74651"
"87.43000","36.86166","63.46698"
"87.43300","36.84759","63.18681"
"87.43600","36.83333","62.90838"
"87.43900","36.81890","62.63106"
"87.44200","36.80435","62.35484"
"87.44500","36.78971","62.08221"
"87.44800","36.77501","61.81141"
"87.45100","36.76027","61.54310"
"87.45400","36.74552","61.27728"
"87.45700","36.73079","61.01346"
"87.46000","36.71608","60.75137"
"87.46300","36.70142","60.49262"
"87.46600","36.68681","60.23482"
"87.46900","36.67226","59.98022"
"87.47200","36.65776","59.72953"
"87.47600","36.63854","59.39923"
"87.48000","36.61943","59.07639"
"87.48400","36.60041","58.75899"
"87.48800","36.58149","58.44814"
"87.49200","36.56264","58.14167"
"87.49600","36.54386","57.83977"
"87.50000","36.52514","57.54104"
"87.50400","36.50645","57.24408"
"87.50800","36.48782","56.95079"
"87.51200","36.46920","56.66021"
"87.51600","36.45060","56.37482"
"87.52000","36.43202","56.09249"
"87.52400","36.41345","55.81379"
"87.52800","36.39489","55.53926"
"87.53200","36.37634","55.26754"
"87.53600","36.35779","54.99730"
"87.54000","36.33925","54.72873"
"87.54400","36.32071","54.46226"
"87.54800","36.30217","54.19702"
"87.55200","36.28364","53.93458"
"87.55600","36.26511","53.67629"
"87.56000","36.24658","53.42052"
"87.56400","36.22806","53.16794"
"87.56800","36.20953","52.91748"
"87.57300","36.18637","52.60724"
"87.57800","36.16322","52.29917"
"87.58300","36.14007","51.99299"
"87.58800","36.11692","51.68891"
"87.59300","36.09377","51.38915"
"87.59800","36.07063","51.09281"
"87.60300","36.04748","50.80307"
"87.60800","36.02434","50.51625"
"87.61300","36.00120","50.23198"
"87.61800","35.97807","49.95064"
"87.62300","35.95493","49.67069"
"87.62800","35.93181","49.39298"
"87.63300","35.90868","49.11901"
"87.63800","35.88556","48.84829"
"87.64300","35.86243","48.58295"
"87.64800","35.83932","48.31988"
"87.65300","35.81620","48.05936"
"87.65800","35.79308","47.80111"
"87.66300","35.76997","47.54400"
"87.66800","35.74686","47.28934"
"87.67300","35.72375","47.03648"
"87.67900","35.69603","46.73810"
"87.68500","35.66832","46.44381"
"87.69100","35.64061","46.15215"
"87.69700","35.61290","45.86252"
"87.70300","35.58519","45.57548"
"87.70900","35.55747","45.29247"
"87.71500","35.52976","45.01361"
"87.72100","35.50204","44.73710"
"87.72700","35.47432","44.46527"
"87.73300","35.44659","44.19582"
"87.73900","35.41887","43.92804"
"87.74500","35.39113","43.66457"
"87.75100","35.36340","43.40388"
"87.75700","35.33565","43.14650"
"87.76300","35.30790","42.89342"
"87.77000","35.27552","42.60207"
"87.77700","35.24314","42.31368"
"87.78400","35.21077","42.02753"
"87.79100","35.17841","41.74425"
"87.79800","35.14606","41.46552"
"87.80500","35.11372","41.19277"
"87.81200","35.08138","40.92316"
"87.81900","35.04906","40.65520"
"87.82600","35.01675","40.39032"
"87.83300","34.98446","40.12821"
"87.84000","34.95218","39.86971"
"87.84700","34.91990","39.61509"
"87.85400","34.88762","39.36463"
"87.86200","34.85071","39.08045"
"87.87000","34.81378","38.79951"
"87.87800","34.77682","38.52302"
"87.88600","34.73983","38.24996"
"87.89400","34.70283","37.98085"
"87.90200","34.66581","37.71493"
"87.91000","34.62878","37.45260"
"87.91800","34.59176","37.19387"
"87.92600","34.55476","36.94059"
"87.93400","34.51778","36.68956"
"87.94300","34.47618","36.41035"
"87.95200","34.43459","36.13572"
"87.96100","34.39302","35.86617"
"87.97000","34.35146","35.60050"
"87.97900","34.30991","35.33819"
"87.98800","34.26835","35.07950"
"87.99700","34.22680","34.82330"
"88.00600","34.18523","34.57024"
"88.01600","34.13905","34.29398"
"88.02600","34.09286","34.02338"
"88.03600","34.04666","33.75417"
"88.04600","34.00047","33.48896"
"88.05600","33.95427","33.22851"
"88.06600","33.90807","32.97361"
"88.07600","33.86187","32.72236"
"88.08700","33.81102","32.44841"
"88.09800","33.76017","32.17831"
"88.10900","33.70931","31.91309"
"88.12000","33.65845","31.65251"
"88.13100","33.60762","31.39599"
"88.14200","33.55683","31.14164"
"88.15400","33.50143","30.86907"
"88.16600","33.44604","30.60212"
"88.17800","33.39065","30.34078"
"88.19000","33.33526","30.08042"
"88.20200","33.27985","29.82428"
"88.21400","33.22443","29.57296"
"88.22700","33.16438","29.30350"
"88.24000","33.10428","29.04040"
"88.25300","33.04417","28.77938"
"88.26600","32.98407","28.52418"
"88.27900","32.92400","28.27302"
"88.29300","32.85930","28.00785"
"88.30700","32.79461","27.74400"
"88.32100","32.72994","27.48541"
"88.33500","32.66529","27.23329"
"88.34900","32.60066","26.97921"
"88.36400","32.53140","26.71584"
"88.37900","32.46212","26.45597"
"88.39400","32.39284","26.20021"
"88.40900","32.32352","25.94939"
"88.42500","32.24955","25.68565"
"88.44100","32.17555","25.42732"
"88.45700","32.10162","25.17070"
"88.47300","32.02773","24.91803"
"88.49000","31.94920","24.65755"
"88.50700","31.87070","24.39784"
"88.52400","31.79221","24.14338"
"88.54200","31.70905","23.87922"
"88.56000","31.62583","23.61619"
"88.57800","31.54261","23.36227"
"88.59600","31.45944","23.10882"
"88.61500","31.37164","22.84887"
"88.63400","31.28386","22.59278"
"88.65300","31.19609","22.33954"
"88.67200","31.10833","22.08923"
"88.69200","31.01594","21.83177"
"88.71200","30.92355","21.57692"
"88.73200","30.83113","21.32683"
"88.75200","30.73868","21.08097"
"88.77200","30.64622","20.83903"
"88.79200","30.55386","20.60092"
"88.81200","30.46155","20.36514"
"88.83200","30.36920","20.13604"
"88.85200","30.27681","19.90731"
"88.87200","30.18441","19.68107"
"88.89200","30.09195","19.45945"
"88.91200","29.99949","19.24172"
"88.93200","29.90706","19.02612"
"88.95200","29.81466","18.81756"
"88.97200","29.72231","18.60604"
"88.99200","29.62991","18.40417"
"89.01200","29.53751","18.19829"
"89.03200","29.44510","17.99778"
"89.05200","29.35268","17.80165"
"89.07200","29.26023","17.60690"
"89.09200","29.16780","17.41332"
"89.11200","29.07541","17.22579"
"89.13200","28.98305","17.03657"
"89.15200","28.89072","16.85432"
"89.17200","28.79840","16.66984"
"89.19200","28.70604","16.49191"
"89.21200","28.61360","16.31378"
"89.23200","28.52117","16.13858"
"89.25200","28.42878","15.96473"
"89.27200","28.33639","15.79385"
"89.29200","28.24401","15.62638"
"89.31200","28.15163","15.45944"
"89.33200","28.05922","15.29128"
"89.35200","27.96683","15.13054"
"89.37200","27.87443","14.96833"
"89.39200","27.78199","14.81065"
"89.41200","27.68953","14.65225"
"89.43200","27.59710","14.49525"
"89.45200","27.50470","14.34055"
"89.47200","27.41232","14.19005"
"89.49200","27.31998","14.03807"
"89.51200","27.22771","13.88998"
"89.53200","27.13535","13.74051"
"89.55200","27.04283","13.59712"
"89.57200","26.95031","13.45117"
"89.59200","26.85788","13.30897"
"89.61200","26.76548","13.16923"
"89.63200","26.67310","13.02867"
"89.65200","26.58074","12.89011"
"89.67200","26.48836","12.75279"
"89.69200","26.39596","12.61862"
"89.71200","26.30352","12.48524"
"89.73200","26.21106","12.35217"
"89.75200","26.11862","12.22056"
"89.77200","26.02624","12.09241"
"89.79200","25.93387","11.96168"
"89.81200","25.84150","11.83596"
"89.83200","25.74914","11.70952"
"89.85200","25.65676","11.58334"
"89.87200","25.56433","11.45920"
"89.89200","25.47189","11.33701"
"89.91200","25.37945","11.21604"
"89.93200","25.28705","11.09505"
"89.95200","25.19468","10.97583"
"89.97200","25.10233","10.85830"
"89.99200","25.00998","10.73993"
"90.01200","24.91762","10.62509"
"90.03200","24.82519","10.50996"
"90.05200","24.73274","10.39474"
"90.07200","24.64027","10.28375"
"90.09200","24.54783","10.17106"
"90.11200","24.45551","10.06144"
"90.13200","24.36324","9.94976"
"90.15200","24.27086","9.84282"
"90.17200","24.17844","9.73333"
"90.19200","24.08600","9.62695"
"90.21200","23.99353","9.51908"
"90.23200","23.90107","9.41680"
"90.25200","23.80868","9.31152"
"90.27200","23.71632","9.20769"
"90.29200","23.62391","9.10565"
"90.31200","23.53149","9.00291"
"90.33200","23.43909","8.90249"
"90.35200","23.34670","8.80077"
"90.37200","23.25432","8.70275"
"90.39200","23.16190","8.60278"
"90.41200","23.06948","8.50506"
"90.43200","22.97710","8.40714"
"90.45200","22.88476","8.30992"
"90.47200","22.79242","8.21297"
"90.49200","22.70004","8.11900"
"90.51200","22.60763","8.02293"
"90.53200","22.51519","7.93038"
"90.55200","22.42272","7.83568"
"90.57200","22.33035","7.74408"
"90.59200","22.23800","7.65108"
"90.61200","22.14561","7.55858"
"90.63200","22.05324","7.46744"
"90.65200","21.96079","7.37843"
"90.67200","21.86835","7.28747"
"90.69200","21.77593","7.19829"
"90.71200","21.68352","7.10895"
"90.73200","21.59109","7.02071"
"90.75200","21.49871","6.93271"
"90.77200","21.40638","6.84538"
"90.79200","21.31400","6.75805"
"90.81200","21.22156","6.67165"
"90.83200","21.12911","6.58596"
"90.85200","21.03665","6.50091"
"90.87200","20.94423","6.41609"
"90.89200","20.85184","6.33191"
"90.91200","20.75952","6.24645"
"90.93200","20.66717","6.16298"
"90.95200","20.57479","6.08122"
"90.97200","20.48237","5.99846"
"90.99200","20.38993","5.91515"
"91.01200","20.29748","5.83278"
"91.03200","20.20504","5.75184"
"91.05200","20.11265","5.67131"
"91.07200","20.02028","5.58925"
"91.09200","19.92788","5.51057"
"91.11200","19.83548","5.42910"
"91.13200","19.74311","5.34826"
"91.15200","19.65077","5.27003"
"91.17200","19.55841","5.19170"
"91.19200","19.46599","5.11338"
"91.21200","19.37351","5.03531"
"91.23200","19.28105","4.95574"
"91.25200","19.18868","4.87987"
"91.27200","19.09634","4.80240"
"91.29200","19.00397","4.72676"
"91.31200","18.91158","4.64825"
"91.33200","18.81917","4.57109"
"91.35200","18.72673","4.49690"
"91.37200","18.63429","4.42145"
"91.39200","18.54186","4.34716"
"91.41200","18.44950","4.27070"
"91.43200","18.35714","4.19488"
"91.45200","18.26476","4.12105"
"91.47200","18.17240","4.04530"
"91.49200","18.08001","3.97360"
"91.51200","17.98759","3.89885"
"91.53200","17.89517","3.82260"
"91.55200","17.80280","3.74899"
"91.57200","17.71041","3.67556"
"91.59200","17.61805","3.60354"
"91.61200","17.52566","3.53009"
"91.63200","17.43320","3.45681"
"91.65200","17.34076","3.38295"
"91.67200","17.24836","3.30947"
"91.69200","17.15595","3.23834"
"91.71200","17.06356","3.16755"
"91.73200","16.97120","3.09422"
"91.75200","16.87883","3.01979"
"91.77200","16.78644","2.94928"
"91.79200","16.69403","2.87769"
"91.81200","16.60157","2.80940"
"91.83200","16.50910","2.73577"
"91.85200","16.41665","2.66452"
"91.87200","16.32425","2.59089"
"91.89200","16.23189","2.52101"
"91.91200","16.13952","2.45115"
"91.93200","16.04710","2.38158"
"91.95200","15.95466","2.30945"
"91.97200","15.86224","2.23920"
"91.99200","15.76983","2.16679"
"92.01200","15.67744","2.09971"
"92.03200","15.58506","2.02972"
"92.05200","15.49268","1.96005"
"92.07200","15.40027","1.88895"
"92.09200","15.30787","1.81809"
"92.11200","15.21551","1.74851"
"92.13200","15.12314","1.68154"
"92.15200","15.03076","1.61259"
"92.17200","14.93835","1.54344"
"92.19200","14.84594","1.47268"
"92.21200","14.75353","1.40463"
"92.23200","14.66115","1.33682"
"92.25200","14.56880","1.26861"
"92.27200","14.47644","1.20413"
"92.29200","14.38406","1.13248"
"92.31200","14.29153","1.06802"
"92.33200","14.19905","1.00094"
"92.35200","14.10666","0.93695"
"92.37200","14.01432","0.87128"
"92.39200","13.92199","0.80434"
"92.41200","13.82966","0.73991"
"92.43200","13.73728","0.67636"
"92.45200","13.64483","0.61463"
"92.47200","13.55234","0.55282"
"92.49200","13.45990","0.49067"
"92.51200","13.36748","0.42749"
"92.53200","13.27509","0.36925"
"92.55200","13.18273","0.31098"
"92.57200","13.09040","0.25415"
"92.59200","12.99803","0.19680"
"92.61200","12.90562","0.14278"
"92.63200","12.81319","0.09035"
"92.65200","12.72075","0.03883"
"92.67200","12.62833","-0.00784"
"92.69200","12.53594","-0.05262"
"92.71200","12.44355","-0.09839"
"92.73200","12.35118","-0.13999"
"92.75200","12.25875","-0.17728"
"92.77200","12.16630","-0.21285"
"92.79200","12.07386","-0.24341"
"92.81200","11.98150","-0.27516"
"92.83200","11.88920","-0.30058"
"92.85200","11.79684","-0.32654"
"92.87200","11.70441","-0.34707"
"92.89200","11.61196","-0.36737"
"92.91200","11.51954","-0.38516"
"92.93200","11.42712","-0.40280"
"92.95200","11.33470","-0.41627"
"92.97200","11.24224","-0.43042"
"92.99200","11.14980","-0.43878"
"93.01200","11.05744","-0.45298"
"93.03200","10.96508","-0.46096"
"93.05200","10.87266","-0.47166"
"93.07200","10.78026","-0.47921"
"93.09200","10.68789","-0.48630"
"93.11200","10.59546","-0.49123"
"93.13200","10.50305","-0.49950"
"93.15200","10.41068","-0.50576"
"93.17200","10.31830","-0.51368"
"93.19200","10.22590","-0.51749"
"93.21200","10.13354","-0.52049"
"93.23200","10.04120","-0.52588"
"93.25200","9.94882","-0.53008"
"93.27200","9.85637","-0.53504"
"93.29200","9.76390","-0.53739"
"93.31200","9.67146","-0.54060"
"93.33200","9.57908","-0.54438"
"93.35200","9.48670","-0.54902"
"93.37200","9.39433","-0.55222"
"93.39200","9.30193","-0.55417"
"93.41200","9.20952","-0.55671"
"93.43200","9.11713","-0.55989"
"93.45200","9.02472","-0.56118"
"93.47200","8.93226","-0.56286"
"93.49200","8.83988","-0.56774"
"93.51200","8.74752","-0.56936"
"93.53200","8.65517","-0.57234"
"93.55200","8.56281","-0.57320"
"93.57200","8.47045","-0.57683"
"93.59200","8.37803","-0.57939"
"93.61200","8.28554","-0.57948"
"93.63200","8.19305","-0.58144"
"93.65200","8.10066","-0.58399"
"93.67200","8.00836","-0.58657"
"93.69200","7.91603","-0.58995"
"93.71200","7.82364","-0.59004"
"93.73200","7.73123","-0.59287"
"93.75200","7.63881","-0.59124"
"93.77200","7.54637","-0.59603"
"93.79200","7.45397","-0.59974"
"93.81200","7.36158","-0.60060"
"93.83200","7.26919","-0.60339"
"93.85200","7.17679","-0.60297"
"93.87200","7.08441","-0.60693"
"93.89200","6.99202","-0.60898"
"93.91200","6.89962","-0.61154"
"93.93200","6.80720","-0.61023"
"93.95200","6.71481","-0.61460"
"93.97200","6.62236","-0.61254"
"93.99200","6.52992","-0.61938"
"94.01200","6.43751","-0.62037"
"94.03200","6.34512","-0.62372"
"94.05200","6.25274","-0.62454"
"94.07200","6.16035","-0.62544"
"94.09200","6.06793","-0.62735"
"94.11200","5.97548","-0.63007"
"94.13200","5.88302","-0.63290"
"94.15200","5.79060","-0.63477"
"94.17200","5.69825","-0.63621"
"94.19200","5.60591","-0.63891"
"94.21200","5.51356","-0.64060"
"94.23200","5.42120","-0.64422"
"94.25200","5.32878","-0.64631"
"94.27200","5.23636","-0.64592"
"94.29200","5.14392","-0.65010"
"94.31200","5.05149","-0.65173"
"94.33200","4.95913","-0.65397"
"94.35200","4.86679","-0.65713"
"94.37200","4.77442","-0.65718"
"94.39200","4.68199","-0.65869"
"94.41200","4.58953","-0.66223"
"94.43200","4.49703","-0.66430"
"94.45200","4.40461","-0.66754"
"94.47200","4.31233","-0.66853"
"94.49200","4.22008","-0.67072"
"94.51200","4.12771","-0.67325"
"94.53200","4.03524","-0.67450"
"94.55200","3.94277","-0.67900"
"94.57200","3.85033","-0.67992"
"94.59200","3.75790","-0.68137"
"94.61200","3.66548","-0.68346"
"94.63200","3.57307","-0.68555"
"94.65200","3.48069","-0.68981"
"94.67200","3.38832","-0.69043"
"94.69200","3.29596","-0.69409"
"94.71200","3.20354","-0.69389"
"94.73200","3.11112","-0.69544"
"94.75200","3.01868","-0.69877"
"94.77200","2.92626","-0.70113"
"94.79200","2.83390","-0.70425"
"94.81200","2.74155","-0.70398"
"94.83200","2.64920","-0.70578"
"94.85200","2.55684","-0.71037"
"94.87200","2.46444","-0.71138"
"94.89200","2.37199","-0.71342"
"94.91200","2.27953","-0.71407"
"94.93200","2.18708","-0.71719"
"94.95200","2.09464","-0.71828"
"94.97200","2.00228","-0.72283"
"94.99200","1.90997","-0.72408"
"95.01200","1.81762","-0.72654"
"95.03200","1.72523","-0.72694"
"95.05200","1.63280","-0.72874"
"95.07200","1.54034","-0.73253"
"95.09200","1.44791","-0.73412"
"95.11200","1.35550","-0.73539"
"95.13200","1.26312","-0.73595"
"95.15200","1.17073","-0.73927"
"95.17200","1.07831","-0.74101"
"95.19200","0.98590","-0.74354"
"95.21200","0.89349","-0.74567"
"95.23200","0.80104","-0.74649"
"95.25200","0.70861","-0.74549"
"95.27200","0.61624","-0.75196"
"95.29200","0.52388","-0.75303"
"95.31200","0.43147","-0.75607"
"95.33200","0.33911","-0.75506"
"95.35200","0.24680","-0.75704"
"95.37200","0.15440","-0.75893"
"95.39200","0.06193","-0.75559"
"95.40700","-0.00363","-0.64362"
"95.40800","-0.00743","-0.63623"
"95.40900","-0.01112","-0.62982"
"95.42900","-0.05363","-0.51555"
"95.44900","-0.02085","-0.62916"
"95.46900","0.05697","-0.70582"
"95.48900","0.15076","-0.72548"
"95.50900","0.24892","-0.74397"
"95.52900","0.34536","-0.73265"
"95.54900","0.43953","-0.72603"
"95.56900","0.53260","-0.71341"
"95.58900","0.62541","-0.71179"
"95.60900","0.71812","-0.70364"
"95.62900","0.81079","-0.70148"
"95.64900","0.90336","-0.69202"
"95.66900","0.99592","-0.68974"
"95.68900","1.08841","-0.68282"
"95.70900","1.18087","-0.68098"
"95.72900","1.27327","-0.67421"
"95.74900","1.36565","-0.67058"
"95.76900","1.45804","-0.66396"
"95.78900","1.55049","-0.66110"
"95.80900","1.64297","-0.65459"
"95.82900","1.73543","-0.65339"
"95.84900","1.82783","-0.64714"
"95.86900","1.92022","-0.64178"
"95.88900","2.01262","-0.63697"
"95.90900","2.10501","-0.63312"
"95.92900","2.19737","-0.63039"
"95.94900","2.28979","-0.62736"
"95.96900","2.38224","-0.61857"
"95.98900","2.47467","-0.61770"
"96.00900","2.56711","-0.61195"
"96.02900","2.65955","-0.60964"
"96.04900","2.75190","-0.60255"
"96.06900","2.84423","-0.60050"
"96.08900","2.93657","-0.59507"
"96.10900","3.02895","-0.59190"
"96.12900","3.12136","-0.58732"
"96.14900","3.21381","-0.58562"
"96.16900","3.30626","-0.58018"
"96.18900","3.39869","-0.57609"
"96.20900","3.49105","-0.57073"
"96.22900","3.58343","-0.56737"
"96.24900","3.67577","-0.56357"
"96.26900","3.76811","-0.55938"
"96.28900","3.86051","-0.55840"
"96.30900","3.95298","-0.55073"
"96.32900","4.04547","-0.54874"
"96.34900","4.13790","-0.54449"
"96.36900","4.23025","-0.54167"
"96.38900","4.32259","-0.53672"
"96.40900","4.41483","-0.53217"
"96.42900","4.50712","-0.52749"
"96.44900","4.59958","-0.52420"
"96.46900","4.69209","-0.52135"
"96.48900","4.78456","-0.51755"
"96.50900","4.87701","-0.51390"
"96.52900","4.96937","-0.50714"
"96.54900","5.06170","-0.50627"
"96.56900","5.15404","-0.50203"
"96.58900","5.24648","-0.49679"
"96.60900","5.33892","-0.49160"
"96.62900","5.43135","-0.48926"
"96.64900","5.52378","-0.48650"
"96.66900","5.61616","-0.48288"
"96.68900","5.70849","-0.47817"
"96.70900","5.80083","-0.47438"
"96.72900","5.89326","-0.46759"
"96.74900","5.98567","-0.46549"
"96.76900","6.07810","-0.45954"
"96.78900","6.17056","-0.45714"
"96.80900","6.26300","-0.45396"
"96.82900","6.35539","-0.44820"
"96.84900","6.44773","-0.44548"
"96.86900","6.54013","-0.43898"
"96.88900","6.63259","-0.43418"
"96.90900","6.72497","-0.42924"
"96.92900","6.81736","-0.42433"
"96.94900","6.90975","-0.41960"
"96.96900","7.00218","-0.41431"
"96.98900","7.09464","-0.40797"
"97.00900","7.18707","-0.40567"
"97.02900","7.27943","-0.39775"
"97.04900","7.37181","-0.39377"
"97.06900","7.46421","-0.38584"
"97.08900","7.55661","-0.38003"
"97.10900","7.64903","-0.37443"
"97.12900","7.74145","-0.36869"
"97.14900","7.83389","-0.36005"
"97.16900","7.92629","-0.35267"
"97.18900","8.01866","-0.34538"
"97.20900","8.11105","-0.33807"
"97.22900","8.20340","-0.32993"
"97.24900","8.29580","-0.32184"
"97.26900","8.38826","-0.31438"
"97.28900","8.48073","-0.30146"
"97.30900","8.57312","-0.29369"
"97.32900","8.66548","-0.28344"
"97.34900","8.75782","-0.27323"
"97.36900","8.85020","-0.26139"
"97.38900","8.94254","-0.24824"
"97.40900","9.03490","-0.23567"
"97.42900","9.12731","-0.22263"
"97.44900","9.21974","-0.20728"
"97.46900","9.31216","-0.19617"
"97.48900","9.40460","-0.17539"
"97.50900","9.49700","-0.15893"
"97.52900","9.58933","-0.13938"
"97.54900","9.68163","-0.11927"
"97.56900","9.77402","-0.09972"
"97.58900","9.86647","-0.07496"
"97.60900","9.95895","-0.05187"
"97.62900","10.05141","-0.02335"
"97.64900","10.14383","0.00469"
"97.66900","10.23618","0.03411"
"97.68900","10.32855","0.07039"
"97.70900","10.42091","0.10645"
"97.72900","10.51326","0.14583"
"97.74900","10.60565","0.18876"
"97.76900","10.69807","0.23281"
"97.78900","10.79049","0.28243"
"97.80900","10.88288","0.33614"
"97.82900","10.97526","0.39338"
"97.84900","11.06766","0.45606"
"97.86900","11.16004","0.51962"
"97.88900","11.25245","0.58985"
"97.90900","11.34488","0.66285"
"97.92900","11.43731","0.73931"
"97.94900","11.52974","0.81809"
"97.96900","11.62218","0.90335"
"97.98900","11.71461","0.98900"
"98.00900","11.80705","1.08012"
"98.02900","11.89944","1.17045"
"98.04900","11.99178","1.26545"
"98.06900","12.08408","1.36226"
"98.08900","12.17646","1.45931"
"98.10900","12.26891","1.55912"
"98.12900","12.36139","1.65934"
"98.14900","12.45384","1.76182"
"98.16900","12.54624","1.86827"
"98.18900","12.63858","1.96856"
"98.20900","12.73092","2.07505"
"98.22900","12.82335","2.17983"
"98.24900","12.91585","2.28866"
"98.26900","13.00830","2.39558"
"98.28900","13.10072","2.50046"
"98.30900","13.19310","2.60981"
"98.32900","13.28541","2.71622"
"98.34900","13.37773","2.82586"
"98.36900","13.47007","2.93329"
"98.38900","13.56248","3.04235"
"98.40900","13.65496","3.15075"
"98.42900","13.74744","3.26045"
"98.44900","13.83980","3.36828"
"98.46900","13.93212","3.47861"
"98.48900","14.02447","3.58551"
"98.50900","14.11678","3.69516"
"98.52900","14.20913","3.80470"
"98.54900","14.30163","3.91215"
"98.56900","14.39410","4.02362"
"98.58900","14.48651","4.13132"
"98.60900","14.57888","4.24114"
"98.62900","14.67130","4.34961"
"98.64900","14.76370","4.45984"
"98.66900","14.85608","4.56780"
"98.68900","14.94847","4.67839"
"98.70900","15.04087","4.78514"
"98.72900","15.13328","4.89638"
"98.74900","15.22571","5.00278"
"98.76900","15.31813","5.11357"
"98.78900","15.41053","5.22185"
"98.80900","15.50292","5.33257"
"98.82900","15.59532","5.44148"
"98.84900","15.68770","5.54774"
"98.86900","15.78006","5.65801"
"98.88900","15.87246","5.76650"
"98.90900","15.96493","5.87694"
"98.92900","16.05741","5.98505"
"98.94900","16.14984","6.09454"
"98.96900","16.24219","6.20242"
"98.98900","16.33454","6.31301"
"99.00900","16.42688","6.42039"
"99.02900","16.51929","6.53212"
"99.04900","16.61174","6.63792"
"99.06900","16.70419","6.74777"
"99.08900","16.79660","6.85721"
"99.10900","16.88898","6.96729"
"99.12900","16.98137","7.07840"
"99.14900","17.07378","7.18600"
"99.16900","17.16619","7.29543"
"99.18900","17.25858","7.40620"
"99.20900","17.35094","7.51406"
"99.22900","17.44334","7.62474"
"99.24900","17.53580","7.73552"
"99.26900","17.62828","7.84514"
"99.28900","17.72068","7.95702"
"99.30900","17.81301","8.06391"
"99.32900","17.90537","8.17642"
"99.34900","17.99778","8.28621"
"99.36900","18.09019","8.39988"
"99.38900","18.18263","8.50835"
"99.40900","18.27504","8.61999"
"99.42900","18.36743","8.72990"
"99.44900","18.45982","8.84351"
"99.46900","18.55220","8.95344"
"99.48900","18.64454","9.06653"
"99.50900","18.73686","9.17650"
"99.52900","18.82920","9.29062"
"99.54900","18.92163","9.40285"
"99.56900","19.01409","9.51570"
"99.58900","19.10649","9.62864"
"99.60900","19.19888","9.74023"
"99.62900","19.29125","9.85404"
"99.64900","19.38367","9.96914"
"99.66900","19.47609","10.08125"
"99.68900","19.56850","10.19745"
"99.70900","19.66089","10.31108"
"99.72900","19.75321","10.42588"
"99.74900","19.84558","10.54099"
"99.76900","19.93806","10.65614"
"99.78900","20.03053","10.77262"
"99.80900","20.12296","10.88941"
"99.82900","20.21533","11.00516"
"99.84900","20.30768","11.12180"
"99.86900","20.40007","11.23746"
"99.88900","20.49255","11.35719"
"99.90900","20.58505","11.47516"
"99.92900","20.67746","11.59305"
"99.94900","20.76980","11.71070"
"99.96900","20.86215","11.82893"
"99.98900","20.95448","11.94876"
"100.00900","21.04684","12.06859"
"100.02900","21.13926","12.18744"
"100.04900","21.23176","12.31024"
"100.06900","21.32426","12.42904"
"100.08900","21.41670","12.55239"
"100.10900","21.50906","12.67450"
"100.12900","21.60141","12.79523"
"100.14900","21.69374","12.91789"
"100.16900","21.78606","13.04047"
"100.18900","21.87847","13.16543"
"100.20900","21.97099","13.28863"
"100.22900","22.06347","13.41246"
"100.24900","22.15585","13.53857"
"100.26900","22.24816","13.66420"
"100.28900","22.34051","13.78959"
"100.30900","22.43289","13.91710"
"100.32900","22.52530","14.04199"
"100.34900","22.61776","14.17200"
"100.36900","22.71022","14.29994"
"100.38900","22.80261","14.42897"
"100.40900","22.89500","14.55691"
"100.42900","22.98737","14.68706"
"100.44900","23.07973","14.81842"
"100.46900","23.17206","14.95235"
"100.48900","23.26444","15.08052"
"100.50900","23.35690","15.21415"
"100.52900","23.44938","15.34603"
"100.54900","23.54183","15.48260"
"100.56900","23.63427","15.61619"
"100.58900","23.72666","15.75086"
"100.60900","23.81900","15.88687"
"100.62900","23.91130","16.02198"
"100.64900","24.00362","16.16130"
"100.66900","24.09601","16.29920"
"100.68900","24.18847","16.43575"
"100.70900","24.28093","16.57635"
"100.72900","24.37335","16.71879"
"100.74900","24.46575","16.85801"
"100.76900","24.55811","17.00290"
"100.78900","24.65046","17.14210"
"100.80900","24.74283","17.28883"
"100.82900","24.83525","17.43312"
"100.84900","24.92769","17.57918"
"100.86900","25.02012","17.72591"
"100.88900","25.11255","17.87243"
"100.90900","25.20497","18.02229"
"100.92900","25.29738","18.17157"
"100.94900","25.38976","18.32093"
"100.96900","25.48212","18.47261"
"100.98900","25.57454","18.62452"
"101.00900","25.66700","18.78028"
"101.02900","25.75943","18.93523"
"101.04900","25.85180","19.08780"
"101.06900","25.94417","19.24672"
"101.08900","26.03653","19.40193"
"101.10900","26.12890","19.56169"
"101.12900","26.22125","19.72343"
"101.14900","26.31366","19.88281"
"101.16900","26.40611","20.04689"
"101.18900","26.49857","20.21108"
"101.20900","26.59102","20.37591"
"101.22900","26.68344","20.54371"
"101.24900","26.77581","20.70883"
"101.26900","26.86820","20.87841"
"101.28900","26.96058","21.04837"
"101.30900","27.05304","21.21998"
"101.32900","27.14551","21.39277"
"101.34900","27.23796","21.56691"
"101.36900","27.33030","21.74418"
"101.38900","27.42259","21.92189"
"101.40900","27.51491","22.10022"
"101.42900","27.60730","22.28037"
"101.44900","27.69969","22.46368"
"101.46900","27.79210","22.64751"
"101.48900","27.88454","22.83532"
"101.50900","27.97696","23.02047"
"101.52900","28.06937","23.21132"
"101.54900","28.16180","23.39998"
"101.56900","28.25422","23.59485"
"101.58900","28.34662","23.78885"
"101.60900","28.43896","23.98411"
"101.62900","28.53130","24.18310"
"101.64900","28.62367","24.38296"
"101.66900","28.71610","24.58621"
"101.68900","28.80847","24.79258"
"101.70900","28.90089","24.99751"
"101.72900","28.99334","25.20738"
"101.74900","29.08575","25.41862"
"101.76900","29.17808","25.63154"
"101.78900","29.27044","25.84924"
"101.80900","29.36285","26.06599"
"101.82900","29.45523","26.28804"
"101.84900","29.54765","26.51251"
"101.86900","29.64014","26.73668"
"101.88900","29.73255","26.96700"
"101.90900","29.82491","27.19897"
"101.92900","29.91723","27.43372"
"101.94900","30.00959","27.67135"
"101.96900","30.10203","27.91005"
"101.98900","30.19452","28.15647"
"102.00900","30.28699","28.40236"
"102.02900","30.37945","28.65283"
"102.04900","30.47183","28.90538"
"102.06900","30.56416","29.15997"
"102.08900","30.65649","29.42072"
"102.10800","30.74422","29.67244"
"102.12700","30.83201","29.92595"
"102.14600","30.91986","30.18553"
"102.16500","31.00773","30.44253"
"102.18400","31.09553","30.70585"
"102.20200","31.17863","30.95844"
"102.22000","31.26176","31.21568"
"102.23800","31.34492","31.47586"
"102.25600","31.42806","31.73973"
"102.27400","31.51121","32.00423"
"102.29100","31.58976","32.26059"
"102.30800","31.66834","32.52206"
"102.32500","31.74689","32.78308"
"102.34100","31.82083","33.03560"
"102.35700","31.89477","33.28996"
"102.37300","31.96868","33.54441"
"102.38900","32.04259","33.80538"
"102.40500","32.11650","34.06975"
"102.42000","32.18580","34.32171"
"102.43500","32.25511","34.57794"
"102.45000","32.32442","34.83644"
"102.46500","32.39372","35.09925"
"102.48000","32.46306","35.36329"
"102.49500","32.53240","35.63098"
"102.50900","32.59709","35.88652"
"102.52300","32.66173","36.14386"
"102.53700","32.72635","36.40536"
"102.55100","32.79100","36.67337"
"102.56500","32.85569","36.94049"
"102.57800","32.91576","37.19142"
"102.59100","32.97581","37.44825"
"102.60400","33.03587","37.70723"
"102.61700","33.09592","37.97061"
"102.63000","33.15599","38.23568"
"102.64200","33.21146","38.48703"
"102.65400","33.26693","38.73915"
"102.66600","33.32240","38.99351"
"102.67800","33.37786","39.25135"
"102.69000","33.43329","39.51125"
"102.70200","33.48868","39.77458"
"102.71400","33.54406","40.04230"
"102.72600","33.59945","40.31366"
"102.73700","33.65021","40.56560"
"102.74800","33.70098","40.82133"
"102.75900","33.75179","41.08204"
"102.77000","33.80260","41.34488"
"102.78100","33.85343","41.60835"
"102.79200","33.90427","41.87707"
"102.80300","33.95514","42.15095"
"102.81300","34.00138","42.40144"
"102.82300","34.04760","42.65320"
"102.83300","34.09381","42.90812"
"102.84300","34.14001","43.16728"
"102.85300","34.18618","43.43006"
"102.86300","34.23235","43.69557"
"102.87300","34.27853","43.96257"
"102.88300","34.32472","44.23391"
"102.89300","34.37090","44.50850"
"102.90300","34.41707","44.78526"
"102.91200","34.45863","45.03837"
"102.92100","34.50021","45.29324"
"102.93000","34.54181","45.55136"
"102.93900","34.58342","45.81094"
"102.94800","34.62503","46.07534"
"102.95700","34.66666","46.34399"
"102.96600","34.70829","46.61538"
"102.97500","34.74992","46.88894"
"102.98400","34.79153","47.16644"
"102.99300","34.83313","47.44654"
"103.00100","34.87010","47.69792"
"103.00900","34.90706","47.95199"
"103.01700","34.94401","48.20810"
"103.02500","34.98095","48.46648"
"103.03300","35.01786","48.72595"
"103.04100","35.05476","48.98806"
"103.04900","35.09168","49.25348"
"103.05700","35.12860","49.52359"
"103.06500","35.16552","49.79648"
"103.07300","35.20246","50.07053"
"103.08100","35.23941","50.34687"
"103.08900","35.27637","50.62605"
"103.09700","35.31336","50.91072"
"103.10400","35.34573","51.16294"
"103.11100","35.37811","51.41705"
"103.11800","35.41048","51.67175"
"103.12500","35.44286","51.92680"
"103.13200","35.47522","52.18512"
"103.13900","35.50757","52.44763"
"103.14600","35.53992","52.71217"
"103.15300","35.57227","52.97678"
"103.16000","35.60460","53.24366"
"103.16700","35.63692","53.51482"
"103.17400","35.66925","53.78781"
"103.18100","35.70157","54.06239"
"103.18800","35.73389","54.33937"
"103.19500","35.76622","54.61845"
"103.20200","35.79856","54.89981"
"103.20900","35.83090","55.18336"
"103.21600","35.86324","55.46895"
"103.22300","35.89558","55.75798"
"103.22900","35.92331","56.00824"
"103.23600","35.95564","56.29957"
"103.24200","35.98336","56.55043"
"103.24800","36.01107","56.80560"
"103.25400","36.03878","57.06202"
"103.26000","36.06649","57.32145"
"103.26600","36.09421","57.58456"
"103.27200","36.12194","57.84672"
"103.27800","36.14967","58.11029"
"103.28400","36.17741","58.37576"
"103.29000","36.20515","58.64288"
"103.29600","36.23289","58.91254"
"103.30200","36.26063","59.18528"
"103.30800","36.28836","59.45881"
"103.31400","36.31609","59.73355"
"103.32000","36.34381","60.00909"
"103.32600","36.37153","60.28578"
"103.33200","36.39925","60.56336"
"103.33800","36.42696","60.84220"
"103.34400","36.45467","61.12236"
"103.35000","36.48238","61.40423"
"103.35600","36.51011","61.68811"
"103.36200","36.53783","61.97295"
"103.36800","36.56555","62.25921"
"103.37400","36.59327","62.54697"
"103.38000","36.62099","62.83583"
"103.38600","36.64870","63.12511"
"103.39200","36.67641","63.41621"
"103.39800","36.70412","63.70882"
"103.40400","36.73184","64.00195"
"103.41000","36.75957","64.29645"
"103.41600","36.78730","64.59245"
"103.42200","36.81503","64.88771"
"103.42800","36.84276","65.18327"
"103.43400","36.87049","65.47971"
"103.44000","36.89817","65.76244"
"103.44700","36.92965","66.04138"
"103.45200","36.95046","66.19888"
"103.45300","36.95435","66.22688"
"103.45400","36.95813","66.25388"
"103.47400","37.00288","66.28712"
"103.48200","36.99926","65.99508"
"103.48700","36.99037","65.74045"
"103.49200","36.97744","65.42647"
"103.49600","36.96487","65.13947"
"103.50000","36.95079","64.82815"
"103.50400","36.93550","64.49850"
"103.50700","36.92339","64.24095"
"103.51000","36.91082","63.97796"
"103.51300","36.89784","63.70948"
"103.51600","36.88451","63.43708"
"103.51900","36.87088","63.16368"
"103.52200","36.85697","62.88805"
"103.52500","36.84284","62.61344"
"103.52800","36.82852","62.33939"
"103.53100","36.81405","62.06726"
"103.53400","36.79947","61.79603"
"103.53700","36.78481","61.52896"
"103.54000","36.77010","61.26264"
"103.54300","36.75536","60.99908"
"103.54600","36.74062","60.73707"
"103.54900","36.72589","60.47663"
"103.55200","36.71120","60.21795"
"103.55500","36.69656","59.96205"
"103.55800","36.68197","59.70811"
"103.56100","36.66743","59.45792"
"103.56500","36.64816","59.13004"
"103.56900","36.62898","58.80820"
"103.57300","36.60991","58.49363"
"103.57700","36.59094","58.18415"
"103.58100","36.57205","57.88043"
"103.58500","36.55323","57.57903"
"103.58900","36.53447","57.28155"
"103.59300","36.51577","56.98558"
"103.59700","36.49710","56.69389"
"103.60100","36.47847","56.40522"
"103.60500","36.45986","56.12135"
"103.60900","36.44127","55.84182"
"103.61300","36.42270","55.56579"
"103.61700","36.40414","55.29402"
"103.62100","36.38558","55.02386"
"103.62500","36.36703","54.75705"
"103.62900","36.34850","54.49151"
"103.63300","36.32996","54.22610"
"103.63700","36.31142","53.96301"
"103.64100","36.29289","53.70200"
"103.64500","36.27436","53.44429"
"103.64900","36.25583","53.18971"
"103.65300","36.23730","52.93846"
"103.65800","36.21413","52.62840"
"103.66300","36.19098","52.32155"
"103.66800","36.16783","52.01676"
"103.67300","36.14468","51.71367"
"103.67800","36.12153","51.41251"
"103.68300","36.09838","51.11537"
"103.68800","36.07523","50.82117"
"103.69300","36.05208","50.53377"
"103.69800","36.02893","50.24839"
"103.70300","36.00578","49.96687"
"103.70800","35.98264","49.68773"
"103.71300","35.95950","49.41143"
"103.71800","35.93636","49.13649"
"103.72300","35.91323","48.86591"
"103.72800","35.89011","48.59810"
"103.73300","35.86699","48.33548"
"103.73800","35.84388","48.07425"
"103.74300","35.82076","47.81625"
"103.74800","35.79766","47.55999"
"103.75300","35.77455","47.30560"
"103.75800","35.75145","47.05299"
"103.76300","35.72835","46.80209"
"103.76900","35.70064","46.50684"
"103.77500","35.67293","46.21545"
"103.78100","35.64523","45.92714"
"103.78700","35.61752","45.64129"
"103.79300","35.58981","45.35624"
"103.79900","35.56210","45.07452"
"103.80500","35.53438","44.79574"
"103.81100","35.50665","44.52147"
"103.81700","35.47893","44.25274"
"103.82300","35.45119","43.98660"
"103.82900","35.42346","43.72255"
"103.83500","35.39572","43.46170"
"103.84100","35.36797","43.20251"
"103.84700","35.34022","42.94683"
"103.85300","35.31246","42.69551"
"103.86000","35.28008","42.40610"
"103.86700","35.24770","42.12041"
"103.87400","35.21533","41.83833"
"103.88100","35.18298","41.55982"
"103.88800","35.15063","41.28403"
"103.89500","35.11831","41.01103"
"103.90200","35.08599","40.74110"
"103.90900","35.05369","40.47540"
"103.91600","35.02139","40.21366"
"103.92300","34.98909","39.95525"
"103.93000","34.95679","39.69903"
"103.93700","34.92451","39.44699"
"103.94500","34.88760","39.16234"
"103.95300","34.85068","38.88110"
"103.96100","34.81374","38.60350"
"103.96900","34.77677","38.33093"
"103.97700","34.73978","38.06092"
"103.98500","34.70278","37.79443"
"103.99300","34.66577","37.53127"
"104.00100","34.62876","37.27130"
"104.00900","34.59176","37.01365"
"104.01700","34.55477","36.76105"
"104.02600","34.51317","36.48101"
"104.03500","34.47158","36.20733"
"104.04400","34.42998","35.93701"
"104.05300","34.38839","35.66915"
"104.06200","34.34682","35.40540"
"104.07100","34.30525","35.14637"
"104.08000","34.26369","34.89187"
"104.08900","34.22213","34.63978"
"104.09800","34.18056","34.38848"
"104.10800","34.13439","34.11327"
"104.11800","34.08821","33.84491"
"104.12800","34.04202","33.58041"
"104.13800","33.99585","33.31829"
"104.14800","33.94965","33.05865"
"104.15800","33.90344","32.80614"
"104.16900","33.85258","32.53322"
"104.18000","33.80172","32.26393"
"104.19100","33.75088","31.99849"
"104.20200","33.70004","31.73651"
"104.21300","33.64922","31.47737"
"104.22400","33.59840","31.22373"
"104.23500","33.54760","30.97367"
"104.24700","33.49218","30.70428"
"104.25900","33.43679","30.44015"
"104.27100","33.38141","30.17787"
"104.28300","33.32602","29.92261"
"104.29500","33.27059","29.67155"
"104.30700","33.21513","29.42109"
"104.32000","33.15504","29.15395"
"104.33300","33.09496","28.89288"
"104.34600","33.03488","28.63544"
"104.35900","32.97480","28.38033"
"104.37300","32.91011","28.11303"
"104.38700","32.84541","27.85083"
"104.40100","32.78073","27.59206"
"104.41500","32.71608","27.33514"
"104.42900","32.65145","27.08387"
"104.44400","32.58220","26.81806"
"104.45900","32.51292","26.55534"
"104.47400","32.44363","26.29847"
"104.48900","32.37431","26.04614"
"104.50500","32.30034","25.78327"
"104.52100","32.22637","25.52092"
"104.53700","32.15244","25.26594"
"104.55300","32.07855","25.01313"
"104.56900","32.00466","24.76196"
"104.58600","31.92611","24.50391"
"104.60300","31.84758","24.24962"
"104.62000","31.76907","23.99589"
"104.63800","31.68593","23.73500"
"104.65600","31.60274","23.47596"
"104.67400","31.51953","23.22158"
"104.69300","31.43172","22.96046"
"104.71200","31.34394","22.70182"
"104.73100","31.25612","22.44835"
"104.75000","31.16830","22.19711"
"104.77000","31.07593","21.93591"
"104.79000","30.98358","21.67835"
"104.81000","30.89119","21.43002"
"104.83000","30.79874","21.18085"
"104.85000","30.70626","20.94006"
"104.87000","30.61384","20.69773"
"104.89000","30.52150","20.46201"
"104.91000","30.42918","20.23109"
"104.93000","30.33685","20.00120"
"104.95000","30.24448","19.77693"
"104.97000","30.15204","19.55253"
"104.99000","30.05953","19.33229"
"105.01000","29.96707","19.11626"
"105.03000","29.87467","18.90347"
"105.05000","29.78234","18.69534"
"105.07000","29.69002","18.48904"
"105.09000","29.59759","18.28445"
"105.11000","29.50516","18.08223"
"105.13000","29.41275","17.88281"
"105.15000","29.32029","17.69031"
"105.17000","29.22784","17.49606"
"105.19000","29.13546","17.30404"
"105.21000","29.04308","17.11618"
"105.23000","28.95069","16.93168"
"105.25000","28.85833","16.74881"
"105.27000","28.76599","16.57001"
"105.29000","28.67361","16.38961"
"105.31000","28.58122","16.21432"
"105.33000","28.48885","16.03839"
"105.35000","28.39645","15.86727"
"105.37000","28.30404","15.70053"
"105.39000","28.21166","15.53072"
"105.41000","28.11926","15.36542"
"105.43000","28.02688","15.19889"
"105.45000","27.93448","15.03884"
"105.47000","27.84205","14.87837"
"105.49000","27.74959","14.72032"
"105.51000","27.65713","14.56376"
"105.53000","27.56468","14.40817"
"105.55000","27.47227","14.25336"
"105.57000","27.37994","14.10571"
"105.59000","27.28769","13.95324"
"105.61000","27.19540","13.80659"
"105.63000","27.10293","13.65940"
"105.65000","27.01039","13.51543"
"105.67000","26.91792","13.37187"
"105.69000","26.82554","13.22978"
"105.71000","26.73317","13.09071"
"105.73000","26.64080","12.95098"
"105.75000","26.54841","12.81188"
"105.77000","26.45601","12.67778"
"105.79000","26.36362","12.54199"
"105.81000","26.27118","12.40950"
"105.83000","26.17869","12.27885"
"105.85000","26.08627","12.14742"
"105.87000","25.99395","12.01876"
"105.89000","25.90158","11.88926"
"105.91000","25.80918","11.76443"
"105.93000","25.71681","11.63942"
"105.95000","25.62441","11.51301"
"105.97000","25.53195","11.38937"
"105.99000","25.43953","11.26802"
"106.01000","25.34710","11.14788"
"106.03000","25.25472","11.02824"
"106.05000","25.16234","10.90932"
"106.07000","25.06997","10.79002"
"106.09000","24.97760","10.67502"
"106.11000","24.88521","10.55834"
"106.13000","24.79280","10.44710"
"106.15000","24.70038","10.33050"
"106.17000","24.60796","10.22061"
"106.19000","24.51557","10.10707"
"106.21000","24.42323","9.99809"
"106.23000","24.33089","9.88898"
"106.25000","24.23847","9.78179"
"106.27000","24.14609","9.67188"
"106.29000","24.05364","9.56655"
"106.31000","23.96119","9.45833"
"106.33000","23.86876","9.35628"
"106.35000","23.77636","9.25154"
"106.37000","23.68392","9.14832"
"106.39000","23.59149","9.04716"
"106.41000","23.49909","8.94365"
"106.43000","23.40670","8.84373"
"106.45000","23.31433","8.74365"
"106.47000","23.22192","8.64426"
"106.49000","23.12949","8.54525"
"106.51000","23.03709","8.44632"
"106.53000","22.94474","8.34979"
"106.55000","22.85242","8.25407"
"106.57000","22.76007","8.15725"
"106.59000","22.66768","8.06240"
"106.61000","22.57525","7.96580"
"106.63000","22.48277","7.87423"
"106.65000","22.39032","7.77987"
"106.67000","22.29795","7.68736"
"106.69000","22.20558","7.59539"
"106.71000","22.11320","7.50328"
"106.73000","22.02085","7.41193"
"106.75000","21.92844","7.32303"
"106.77000","21.83600","7.23216"
"106.79000","21.74357","7.14536"
"106.81000","21.65116","7.05526"
"106.83000","21.55876","6.96532"
"106.85000","21.46640","6.87914"
"106.87000","21.37403","6.79132"
"106.89000","21.28162","6.70464"
"106.91000","21.18918","6.61833"
"106.93000","21.09674","6.53283"
"106.95000","21.00430","6.44778"
"106.97000","20.91188","6.36199"
"106.99000","20.81948","6.27843"
"107.01000","20.72712","6.19432"
"107.03000","20.63477","6.11104"
"107.05000","20.54240","6.02623"
"107.07000","20.44997","5.94468"
"107.09000","20.35753","5.86085"
"107.11000","20.26509","5.78083"
"107.13000","20.17265","5.69691"
"107.15000","20.08028","5.61757"
"107.17000","19.98795","5.53471"
"107.19000","19.89554","5.45627"
"107.21000","19.80311","5.37486"
"107.23000","19.71072","5.29402"
"107.25000","19.61839","5.21489"
"107.27000","19.52604","5.13673"
"107.29000","19.43361","5.05793"
"107.31000","19.34112","4.98151"
"107.33000","19.24872","4.90058"
"107.35000","19.15636","4.82455"
"107.37000","19.06400","4.74588"
"107.39000","18.97164","4.66903"
"107.41000","18.87929","4.59326"
"107.43000","18.78681","4.51577"
"107.45000","18.69427","4.44111"
"107.47000","18.60184","4.36439"
"107.49000","18.50951","4.28792"
"107.51000","18.41716","4.21233"
"107.53000","18.32476","4.13762"
"107.55000","18.23236","4.06233"
"107.57000","18.14001","3.98737"
"107.59000","18.04763","3.91309"
"107.61000","17.95524","3.83806"
"107.63000","17.86284","3.76300"
"107.65000","17.77045","3.68982"
"107.67000","17.67808","3.61698"
"107.69000","17.58570","3.54012"
"107.71000","17.49326","3.46828"
"107.73000","17.40081","3.39347"
"107.75000","17.30837","3.32236"
"107.77000","17.21596","3.24923"
"107.79000","17.12356","3.17522"
"107.81000","17.03118","3.10271"
"107.83000","16.93878","3.02968"
"107.85000","16.84640","2.95760"
"107.87000","16.75406","2.88593"
"107.89000","16.66164","2.81330"
"107.91000","16.56915","2.74103"
"107.93000","16.47672","2.66814"
"107.95000","16.38428","2.59541"
"107.97000","16.29186","2.52687"
"107.99000","16.19948","2.45315"
"108.01000","16.10715","2.38177"
"108.03000","16.01477","2.31044"
"108.05000","15.92233","2.24053"
"108.07000","15.82989","2.16827"
"108.09000","15.73745","2.09717"
"108.11000","15.64508","2.02617"
"108.13000","15.55273","1.95649"
"108.15000","15.46033","1.88341"
"108.17000","15.36796","1.81583"
"108.19000","15.27561","1.74397"
"108.21000","15.18326","1.67484"
"108.23000","15.09084","1.60401"
"108.25000","14.99842","1.53500"
"108.27000","14.90600","1.46649"
"108.29000","14.81360","1.39799"
"108.31000","14.72124","1.32649"
"108.33000","14.62887","1.25877"
"108.35000","14.53646","1.18919"
"108.37000","14.44409","1.12450"
"108.39000","14.35167","1.05504"
"108.41000","14.25917","0.98931"
"108.43000","14.16675","0.92148"
"108.45000","14.07437","0.85623"
"108.47000","13.98202","0.79009"
"108.49000","13.88967","0.72565"
"108.51000","13.79733","0.66105"
"108.53000","13.70494","0.59701"
"108.55000","13.61244","0.53481"
"108.57000","13.51992","0.47273"
"108.59000","13.42747","0.41372"
"108.61000","13.33507","0.35173"
"108.63000","13.24272","0.29522"
"108.65000","13.15039","0.23601"
"108.67000","13.05806","0.18083"
"108.69000","12.96568","0.12891"
"108.71000","12.87327","0.07535"
"108.73000","12.78079","0.02682"
"108.75000","12.68833","-0.02190"
"108.77000","12.59591","-0.06694"
"108.79000","12.50354","-0.10975"
"108.81000","12.41116","-0.14895"
"108.83000","12.31878","-0.18487"
"108.85000","12.22637","-0.21846"
"108.87000","12.13391","-0.25212"
"108.89000","12.04144","-0.27821"
"108.91000","11.94914","-0.30557"
"108.93000","11.85686","-0.32674"
"108.95000","11.76446","-0.34762"
"108.97000","11.67203","-0.36630"
"108.99000","11.57961","-0.38419"
"109.01000","11.48720","-0.40030"
"109.03000","11.39478","-0.41183"
"109.05000","11.30234","-0.42419"
"109.07000","11.20987","-0.43604"
"109.09000","11.11744","-0.44794"
"109.11000","11.02507","-0.45741"
"109.13000","10.93272","-0.46659"
"109.15000","10.84032","-0.47190"
"109.17000","10.74791","-0.48062"
"109.19000","10.65549","-0.48650"
"109.21000","10.56305","-0.49457"
"109.23000","10.47067","-0.49783"
"109.25000","10.37831","-0.50461"
"109.27000","10.28595","-0.50990"
"109.29000","10.19358","-0.51591"
"109.31000","10.10123","-0.51880"
"109.33000","10.00886","-0.52393"
"109.35000","9.91644","-0.52614"
"109.37000","9.82398","-0.52850"
"109.39000","9.73151","-0.53272"
"109.41000","9.63909","-0.53754"
"109.43000","9.54672","-0.54143"
"109.45000","9.45436","-0.54302"
"109.47000","9.36201","-0.54675"
"109.49000","9.26960","-0.54784"
"109.51000","9.17720","-0.55038"
"109.53000","9.08481","-0.55403"
"109.55000","8.99239","-0.55638"
"109.57000","8.89997","-0.55702"
"109.59000","8.80759","-0.56054"
"109.61000","8.71522","-0.56374"
"109.63000","8.62286","-0.56753"
"109.65000","8.53048","-0.56718"
"109.67000","8.43808","-0.56922"
"109.69000","8.34562","-0.57001"
"109.71000","8.25316","-0.57058"
"109.73000","8.16072","-0.57598"
"109.75000","8.06833","-0.57780"
"109.77000","7.97599","-0.58046"
"109.79000","7.88364","-0.58088"
"109.81000","7.79126","-0.58480"
"109.83000","7.69883","-0.58587"
"109.85000","7.60640","-0.58670"
"109.87000","7.51397","-0.58881"
"109.89000","7.42156","-0.59194"
"109.91000","7.32919","-0.59318"
"109.93000","7.23681","-0.59534"
"109.95000","7.14440","-0.59679"
"109.97000","7.05202","-0.60068"
"109.99000","6.95963","-0.60178"
"110.01000","6.86722","-0.60216"
"110.03000","6.77482","-0.60530"
"110.05000","6.68240","-0.60801"
"110.07000","6.58992","-0.60890"
"110.09000","6.49753","-0.61098"
"110.11000","6.40519","-0.61294"
"110.13000","6.31282","-0.61532"
"110.15000","6.22041","-0.61700"
"110.17000","6.12802","-0.61998"
"110.19000","6.03558","-0.62090"
"110.21000","5.94311","-0.62233"
"110.23000","5.85067","-0.62459"
"110.25000","5.75830","-0.62685"
"110.27000","5.66593","-0.63044"
"110.29000","5.57356","-0.63234"
"110.31000","5.48122","-0.63437"
"110.33000","5.38885","-0.63447"
"110.35000","5.29641","-0.63670"
"110.37000","5.20398","-0.63938"
"110.39000","5.11155","-0.64290"
"110.41000","5.01918","-0.64580"
"110.43000","4.92681","-0.64645"
"110.45000","4.83444","-0.64937"
"110.47000","4.74206","-0.64914"
"110.49000","4.64963","-0.65235"
"110.51000","4.55712","-0.65235"
"110.53000","4.46467","-0.65827"
"110.55000","4.37229","-0.65868"
"110.57000","4.27999","-0.66167"
"110.59000","4.18770","-0.66247"
"110.61000","4.09531","-0.66636"
"110.63000","4.00286","-0.66501"
"110.65000","3.91040","-0.67054"
"110.67000","3.81797","-0.67036"
"110.69000","3.72554","-0.67406"
"110.71000","3.63312","-0.67563"
"110.73000","3.54074","-0.67898"
"110.75000","3.44841","-0.68155"
"110.77000","3.35602","-0.68154"
"110.79000","3.26362","-0.68515"
"110.81000","3.17121","-0.68616"
"110.83000","3.07878","-0.68978"
"110.85000","2.98633","-0.69023"
"110.87000","2.89390","-0.69310"
"110.89000","2.80156","-0.69535"
"110.91000","2.70922","-0.69768"
"110.93000","2.61685","-0.69925"
"110.95000","2.52447","-0.70233"
"110.97000","2.43205","-0.70181"
"110.99000","2.33960","-0.70498"
"111.01000","2.24714","-0.70606"
"111.03000","2.15470","-0.70842"
"111.05000","2.06229","-0.71198"
"111.07000","1.96992","-0.71315"
"111.09000","1.87759","-0.71503"
"111.11000","1.78525","-0.71692"
"111.13000","1.69284","-0.71974"
"111.15000","1.60038","-0.72031"
"111.17000","1.50791","-0.72350"
"111.19000","1.41549","-0.72215"
"111.21000","1.32310","-0.72658"
"111.23000","1.23073","-0.72825"
"111.25000","1.13836","-0.73185"
"111.27000","1.04593","-0.73111"
"111.29000","0.95349","-0.73430"
"111.31000","0.86106","-0.73449"
"111.33000","0.76868","-0.73667"
"111.35000","0.67629","-0.73903"
"111.37000","0.58387","-0.74101"
"111.39000","0.49147","-0.74293"
"111.41000","0.39911","-0.74443"
"111.43000","0.30680","-0.74715"
"111.45000","0.21446","-0.74855"
"111.47000","0.12203","-0.75066"
"111.49000","0.03006","-0.70628"
"111.49800","-0.00357","-0.63426"
"111.49900","-0.00737","-0.62704"
"111.50000","-0.01106","-0.62087"
"111.52000","-0.05363","-0.50425"
"111.54000","-0.02087","-0.62155"
"111.56000","0.05691","-0.69671"
"111.58000","0.15070","-0.71790"
"111.60000","0.24885","-0.73469"
"111.62000","0.34529","-0.72390"
"111.64000","0.43947","-0.71767"
"111.66000","0.53255","-0.70579"
"111.68000","0.62534","-0.70477"
"111.70000","0.71807","-0.69604"
"111.72000","0.81075","-0.69402"
"111.74000","0.90332","-0.68330"
"111.76000","0.99585","-0.68175"
"111.78000","1.08832","-0.67577"
"111.80000","1.18077","-0.67309"
"111.82000","1.27324","-0.66803"
"111.84000","1.36562","-0.66378"
"111.86000","1.45795","-0.65759"
"111.88000","1.55041","-0.65477"
"111.90000","1.64291","-0.64946"
"111.92000","1.73538","-0.64668"
"111.94000","1.82782","-0.64144"
"111.96000","1.92021","-0.63605"
"111.98000","2.01253","-0.63121"
"112.00000","2.10489","-0.62811"
"112.02000","2.19729","-0.62606"
"112.04000","2.28973","-0.62083"
"112.06000","2.38216","-0.61491"
"112.08000","2.47460","-0.61150"
"112.10000","2.56706","-0.60906"
"112.12000","2.65949","-0.60359"
"112.14000","2.75185","-0.59927"
"112.16000","2.84418","-0.59602"
"112.18000","2.93650","-0.59130"
"112.20000","3.02888","-0.58712"
"112.22000","3.12132","-0.58384"
"112.24000","3.21378","-0.58166"
"112.26000","3.30619","-0.57624"
"112.28000","3.39864","-0.57266"
"112.30000","3.49101","-0.56724"
"112.32000","3.58337","-0.56444"
"112.34000","3.67570","-0.55993"
"112.36000","3.76809","-0.55750"
"112.38000","3.86051","-0.55289"
"112.40000","3.95297","-0.54973"
"112.42000","4.04545","-0.54436"
"112.44000","4.13789","-0.54257"
"112.46000","4.23025","-0.53774"
"112.48000","4.32255","-0.53514"
"112.50000","4.41478","-0.52908"
"112.52000","4.50711","-0.52542"
"112.54000","4.59954","-0.52205"
"112.56000","4.69202","-0.52017"
"112.58000","4.78450","-0.51633"
"112.60000","4.87693","-0.51084"
"112.62000","4.96929","-0.50618"
"112.64000","5.06168","-0.50389"
"112.66000","5.15408","-0.50113"
"112.68000","5.24647","-0.49609"
"112.70000","5.33884","-0.49154"
"112.72000","5.43126","-0.48801"
"112.74000","5.52369","-0.48622"
"112.76000","5.61609","-0.48193"
"112.78000","5.70847","-0.47966"
"112.80000","5.80082","-0.47372"
"112.82000","5.89318","-0.46900"
"112.84000","5.98559","-0.46444"
"112.86000","6.07807","-0.46015"
"112.88000","6.17053","-0.45751"
"112.90000","6.26297","-0.45402"
"112.92000","6.35540","-0.45022"
"112.94000","6.44774","-0.44641"
"112.96000","6.54010","-0.43961"
"112.98000","6.63252","-0.43669"
"113.00000","6.72489","-0.43183"
"113.02000","6.81728","-0.42701"
"113.04000","6.90967","-0.42258"
"113.06000","7.00214","-0.41639"
"113.08000","7.09460","-0.41323"
"113.10000","7.18699","-0.40765"
"113.12000","7.27936","-0.40378"
"113.14000","7.37175","-0.39697"
"113.16000","7.46413","-0.39124"
"113.18000","7.55654","-0.38505"
"113.20000","7.64897","-0.38147"
"113.22000","7.74137","-0.37408"
"113.24000","7.83379","-0.36717"
"113.26000","7.92621","-0.35987"
"113.28000","8.01861","-0.35348"
"113.30000","8.11099","-0.34735"
"113.32000","8.20335","-0.33875"
"113.34000","8.29575","-0.33335"
"113.36000","8.38821","-0.32332"
"113.38000","8.48069","-0.31529"
"113.40000","8.57306","-0.30509"
"113.42000","8.66543","-0.29781"
"113.44000","8.75780","-0.28669"
"113.46000","8.85017","-0.27803"
"113.48000","8.94251","-0.26439"
"113.50000","9.03489","-0.25567"
"113.52000","9.12733","-0.24161"
"113.54000","9.21973","-0.23031"
"113.56000","9.31214","-0.21590"
"113.58000","9.40457","-0.20117"
"113.60000","9.49698","-0.18528"
"113.62000","9.58932","-0.16742"
"113.64000","9.68160","-0.15151"
"113.66000","9.77394","-0.13297"
"113.68000","9.86638","-0.11142"
"113.70000","9.95891","-0.09115"
"113.72000","10.05138","-0.06603"
"113.74000","10.14380","-0.04126"
"113.76000","10.23618","-0.01589"
"113.78000","10.32856","0.01611"
"113.80000","10.42091","0.04635"
"113.82000","10.51325","0.08286"
"113.84000","10.60561","0.11860"
"113.86000","10.69801","0.15811"
"113.88000","10.79045","0.20061"
"113.90000","10.88285","0.24835"
"113.92000","10.97523","0.29939"
"113.94000","11.06762","0.35417"
"113.96000","11.15998","0.41351"
"113.98000","11.25238","0.47417"
"114.00000","11.34483","0.54240"
"114.02000","11.43728","0.61096"
"114.04000","11.52970","0.68533"
"114.06000","11.62215","0.76218"
"114.08000","11.71462","0.84581"
"114.10000","11.80702","0.92860"
"114.12000","11.89935","1.01733"
"114.14000","11.99168","1.10727"
"114.16000","12.08400","1.20058"
"114.18000","12.17640","1.29371"
"114.20000","12.26887","1.39036"
"114.22000","12.36133","1.48823"
"114.24000","12.45378","1.58962"
"114.26000","12.54620","1.69062"
"114.28000","12.63854","1.79232"
"114.30000","12.73087","1.89567"
"114.32000","12.82329","1.99831"
"114.34000","12.91578","2.10737"
"114.36000","13.00822","2.21176"
"114.38000","13.10063","2.31861"
"114.40000","13.19304","2.42369"
"114.42000","13.28540","2.53170"
"114.44000","13.37773","2.63741"
"114.46000","13.47007","2.74659"
"114.48000","13.56248","2.85386"
"114.50000","13.65493","2.96406"
"114.52000","13.74738","3.06950"
"114.54000","13.83979","3.18066"
"114.56000","13.93216","3.28680"
"114.58000","14.02449","3.39762"
"114.60000","14.11678","3.50331"
"114.62000","14.20912","3.61446"
"114.64000","14.30156","3.72074"
"114.66000","14.39402","3.83138"
"114.68000","14.48651","3.94022"
"114.70000","14.57892","4.05011"
"114.72000","14.67131","4.15747"
"114.74000","14.76368","4.26656"
"114.76000","14.85604","4.37559"
"114.78000","14.94841","4.48309"
"114.80000","15.04085","4.59345"
"114.82000","15.13330","4.70003"
"114.84000","15.22572","4.80959"
"114.86000","15.31813","4.91807"
"114.88000","15.41052","5.02699"
"114.90000","15.50291","5.13747"
"114.92000","15.59529","5.24586"
"114.94000","15.68768","5.35281"
"114.96000","15.78005","5.46114"
"114.98000","15.87244","5.56979"
"115.00000","15.96489","5.67913"
"115.02000","16.05734","5.78718"
"115.04000","16.14979","5.89621"
"115.06000","16.24217","6.00501"
"115.08000","16.33453","6.11218"
"115.10000","16.42688","6.22304"
"115.12000","16.51927","6.32970"
"115.14000","16.61167","6.43832"
"115.16000","16.70410","6.54713"
"115.18000","16.79655","6.65710"
"115.20000","16.88897","6.76432"
"115.22000","16.98135","6.87407"
"115.24000","17.07375","6.98223"
"115.26000","17.16611","7.09342"
"115.28000","17.25847","7.20032"
"115.30000","17.35083","7.31019"
"115.32000","17.44329","7.41908"
"115.34000","17.53576","7.52842"
"115.36000","17.62822","7.64008"
"115.38000","17.72061","7.74897"
"115.40000","17.81294","7.85807"
"115.42000","17.90528","7.96581"
"115.44000","17.99767","8.07878"
"115.46000","18.09009","8.18933"
"115.48000","18.18250","8.29862"
"115.50000","18.27487","8.40938"
"115.52000","18.36732","8.51903"
"115.54000","18.45977","8.62918"
"115.56000","18.55216","8.74150"
"115.58000","18.64448","8.85233"
"115.60000","18.73680","8.96379"
"115.62000","18.82916","9.07563"
"115.64000","18.92160","9.18616"
"115.66000","19.01404","9.30019"
"115.68000","19.10645","9.41055"
"115.70000","19.19883","9.52329"
"115.72000","19.29119","9.63522"
"115.74000","19.38361","9.74903"
"115.76000","19.47604","9.86097"
"115.78000","19.56846","9.97601"
"115.80000","19.66083","10.08869"
"115.82000","19.75315","10.20502"
"115.84000","19.84555","10.31671"
"115.86000","19.93800","10.43166"
"115.88000","20.03043","10.54789"
"115.90000","20.12285","10.66251"
"115.92000","20.21522","10.77969"
"115.94000","20.30759","10.89307"
"115.96000","20.40004","11.01010"
"115.98000","20.49254","11.12627"
"116.00000","20.58502","11.24540"
"116.02000","20.67743","11.36188"
"116.04000","20.76978","11.47994"
"116.06000","20.86215","11.59515"
"116.08000","20.95449","11.71571"
"116.10000","21.04683","11.83180"
"116.12000","21.13922","11.95503"
"116.14000","21.23169","12.07200"
"116.16000","21.32420","12.19293"
"116.18000","21.41663","12.31245"
"116.20000","21.50895","12.43338"
"116.22000","21.60130","12.55502"
"116.24000","21.69367","12.67626"
"116.26000","21.78602","12.79815"
"116.28000","21.87845","12.92211"
"116.30000","21.97095","13.04222"
"116.32000","22.06339","13.16717"
"116.34000","22.15581","13.29294"
"116.36000","22.24818","13.41603"
"116.38000","22.34053","13.54285"
"116.40000","22.43289","13.66553"
"116.42000","22.52531","13.79243"
"116.44000","22.61776","13.91901"
"116.46000","22.71021","14.04719"
"116.48000","22.80262","14.17399"
"116.50000","22.89498","14.30218"
"116.52000","22.98733","14.43077"
"116.54000","23.07968","14.56200"
"116.56000","23.17206","14.69262"
"116.58000","23.26446","14.82283"
"116.60000","23.35688","14.95190"
"116.62000","23.44930","15.08449"
"116.64000","23.54169","15.21971"
"116.66000","23.63413","15.35141"
"116.68000","23.72655","15.48607"
"116.70000","23.81895","15.61995"
"116.72000","23.91129","15.75448"
"116.74000","24.00363","15.89360"
"116.76000","24.09602","16.02884"
"116.78000","24.18845","16.16596"
"116.80000","24.28087","16.30535"
"116.82000","24.37329","16.44368"
"116.84000","24.46568","16.58581"
"116.86000","24.55804","16.72508"
"116.88000","24.65038","16.86686"
"116.90000","24.74274","17.01070"
"116.92000","24.83517","17.15315"
"116.94000","24.92763","17.29859"
"116.96000","25.02005","17.44317"
"116.98000","25.11246","17.59035"
"117.00000","25.20487","17.73818"
"117.02000","25.29729","17.88520"
"117.04000","25.38967","18.03502"
"117.06000","25.48202","18.18437"
"117.08000","25.57443","18.33524"
"117.10000","25.66692","18.48924"
"117.12000","25.75938","18.64178"
"117.14000","25.85175","18.79608"
"117.16000","25.94409","18.95178"
"117.18000","26.03645","19.10655"
"117.20000","26.12885","19.26573"
"117.22000","26.22122","19.42347"
"117.24000","26.31364","19.58422"
"117.26000","26.40608","19.74535"
"117.28000","26.49851","19.90775"
"117.30000","26.59094","20.07256"
"117.32000","26.68338","20.23710"
"117.34000","26.77577","20.40133"
"117.36000","26.86812","20.56922"
"117.38000","26.96050","20.73804"
"117.40000","27.05298","20.91009"
"117.42000","27.14547","21.07993"
"117.44000","27.23791","21.25372"
"117.46000","27.33025","21.42831"
"117.48000","27.42250","21.60457"
"117.50000","27.51483","21.78110"
"117.52000","27.60725","21.96149"
"117.54000","27.69965","22.14008"
"117.56000","27.79207","22.32577"
"117.58000","27.88451","22.50770"
"117.60000","27.97692","22.69625"
"117.62000","28.06933","22.88153"
"117.64000","28.16179","23.07169"
"117.66000","28.25420","23.26367"
"117.68000","28.34656","23.45542"
"117.70000","28.43891","23.65087"
"117.72000","28.53128","23.84646"
"117.74000","28.62363","24.04494"
"117.76000","28.71602","24.24739"
"117.78000","28.80841","24.44939"
"117.80000","28.90082","24.65410"
"117.82000","28.99325","24.86261"
"117.84000","29.08565","25.07011"
"117.86000","29.17798","25.28455"
"117.88000","29.27035","25.49584"
"117.90000","29.36280","25.71392"
"117.92000","29.45520","25.93309"
"117.94000","29.54761","26.15602"
"117.96000","29.64010","26.37841"
"117.98000","29.73250","26.60579"
"118.00000","29.82483","26.83485"
"118.02000","29.91717","27.06862"
"118.04000","30.00958","27.30295"
"118.06000","30.10201","27.54253"
"118.08000","30.19446","27.78435"
"118.10000","30.28692","28.02843"
"118.12000","30.37937","28.27662"
"118.14000","30.47174","28.52628"
"118.16000","30.56408","28.77978"
"118.18000","30.65641","29.03770"
"118.20000","30.74878","29.29936"
"118.21900","30.83661","29.55320"
"118.23800","30.92446","29.80746"
"118.25700","31.01230","30.06456"
"118.27600","31.10008","30.32499"
"118.29400","31.18322","30.57563"
"118.31200","31.26638","30.82968"
"118.33000","31.34955","31.08863"
"118.34800","31.43270","31.34704"
"118.36500","31.51122","31.59851"
"118.38200","31.58975","31.85210"
"118.39900","31.66832","32.10845"
"118.41600","31.74690","32.36990"
"118.43300","31.82546","32.63279"
"118.44900","31.89939","32.88565"
"118.46500","31.97329","33.14051"
"118.48100","32.04718","33.39970"
"118.49700","32.12107","33.65960"
"118.51200","32.19034","33.90984"
"118.52700","32.25964","34.16452"
"118.54200","32.32898","34.42042"
"118.55700","32.39832","34.67978"
"118.57200","32.46766","34.94380"
"118.58700","32.53697","35.21048"
"118.60100","32.60164","35.46070"
"118.61500","32.66629","35.71759"
"118.62900","32.73092","35.97768"
"118.64300","32.79558","36.23911"
"118.65700","32.86026","36.50516"
"118.67000","32.92033","36.75653"
"118.68300","32.98039","37.01059"
"118.69600","33.04046","37.26903"
"118.70900","33.10051","37.52964"
"118.72200","33.16060","37.79350"
"118.73500","33.22071","38.06358"
"118.74800","33.28080","38.33281"
"118.76000","33.33626","38.58686"
"118.77200","33.39167","38.84191"
"118.78400","33.44705","39.10218"
"118.79600","33.50244","39.36479"
"118.80800","33.55784","39.63132"
"118.82000","33.61324","39.89970"
"118.83100","33.66401","40.15231"
"118.84200","33.71479","40.40730"
"118.85300","33.76561","40.66521"
"118.86400","33.81645","40.92379"
"118.87500","33.86728","41.18868"
"118.88600","33.91811","41.45805"
"118.89700","33.96895","41.72759"
"118.90800","34.01979","41.99904"
"118.91800","34.06601","42.25215"
"118.92800","34.11222","42.50927"
"118.93800","34.15842","42.76686"
"118.94800","34.20461","43.02654"
"118.95800","34.25079","43.29161"
"118.96800","34.29696","43.55951"
"118.97800","34.34314","43.82867"
"118.98800","34.38931","44.10068"
"118.99800","34.43550","44.37859"
"119.00700","34.47708","44.63068"
"119.01600","34.51867","44.88426"
"119.02500","34.56027","45.14100"
"119.03400","34.60186","45.40309"
"119.04300","34.64347","45.66828"
"119.05200","34.68510","45.93466"
"119.06100","34.72672","46.20332"
"119.07000","34.76834","46.47651"
"119.07900","34.80995","46.75426"
"119.08800","34.85155","47.03518"
"119.09600","34.88852","47.28599"
"119.10400","34.92548","47.53865"
"119.11200","34.96242","47.79349"
"119.12000","34.99934","48.05281"
"119.12800","35.03625","48.31405"
"119.13600","35.07317","48.57637"
"119.14400","35.11008","48.84169"
"119.15200","35.14699","49.10902"
"119.16000","35.18391","49.38068"
"119.16800","35.22084","49.65543"
"119.17600","35.25779","49.93367"
"119.18400","35.29477","50.21538"
"119.19200","35.33178","50.49934"
"119.19900","35.36415","50.75056"
"119.20600","35.39654","51.00280"
"119.21300","35.42892","51.25719"
"119.22000","35.46130","51.51550"
"119.22700","35.49367","51.77539"
"119.23400","35.52603","52.03760"
"119.24100","35.55838","52.30241"
"119.24800","35.59072","52.56931"
"119.25500","35.62304","52.83729"
"119.26200","35.65536","53.10629"
"119.26900","35.68768","53.37952"
"119.27600","35.72001","53.65512"
"119.28300","35.75233","53.93310"
"119.29000","35.78465","54.21184"
"119.29700","35.81699","54.49443"
"119.30400","35.84933","54.77929"
"119.31100","35.88167","55.06615"
"119.31800","35.91401","55.35467"
"119.32500","35.94634","55.64666"
"119.33100","35.97405","55.90083"
"119.33700","36.00177","56.15680"
"119.34300","36.02949","56.41272"
"119.34900","36.05722","56.67208"
"119.35500","36.08496","56.93220"
"119.36100","36.11270","57.19234"
"119.36700","36.14044","57.45741"
"119.37300","36.16818","57.72371"
"119.37900","36.19591","57.99048"
"119.38500","36.22364","58.26052"
"119.39100","36.25136","58.53250"
"119.39700","36.27909","58.80434"
"119.40300","36.30681","59.07851"
"119.40900","36.33453","59.35353"
"119.41500","36.36226","59.62973"
"119.42100","36.38997","59.90895"
"119.42700","36.41768","60.18977"
"119.43300","36.44538","60.47167"
"119.43900","36.47309","60.75547"
"119.44500","36.50079","61.04073"
"119.45100","36.52851","61.32588"
"119.45700","36.55623","61.61408"
"119.46300","36.58396","61.90384"
"119.46900","36.61168","62.19471"
"119.47500","36.63942","62.48761"
"119.48100","36.66714","62.78178"
"119.48700","36.69487","63.07639"
"119.49300","36.72260","63.37281"
"119.49900","36.75032","63.67093"
"119.50500","36.77805","63.96882"
"119.51100","36.80578","64.26663"
"119.51700","36.83351","64.56638"
"119.52300","36.86123","64.86650"
"119.52900","36.88895","65.16618"
"119.53400","36.91206","65.41801"
"119.53900","36.93516","65.66898"
"119.54400","36.95827","65.92050"
"119.54900","36.98138","66.17104"
"119.55400","37.00449","66.42234"
"119.56000","37.03221","66.72117"
"119.56600","37.05993","67.01994"
"119.57200","37.08764","67.31866"
"119.57800","37.11534","67.61391"
"119.58400","37.14304","67.90895"
"119.59000","37.17075","68.20179"
"119.59600","37.19846","68.49131"
"119.60200","37.22618","68.77875"
"119.60800","37.25391","69.06353"
"119.61400","37.28164","69.34405"
"119.62000","37.30936","69.62278"
"119.62600","37.33709","69.89842"
"119.63200","37.36481","70.16999"
"119.63800","37.39254","70.43933"
"119.64400","37.42026","70.70686"
"119.65000","37.44798","70.96924"
"119.65600","37.47570","71.22656"
"119.66200","37.50342","71.47876"
"119.66900","37.53575","71.76748"
"119.67600","37.56808","72.05122"
"119.68300","37.60042","72.32925"
"119.69000","37.63276","72.60097"
"119.69700","37.66510","72.86567"
"119.70400","37.69745","73.12203"
"119.71200","37.73442","73.40701"
"119.72000","37.77139","73.68280"
"119.72800","37.80836","73.94990"
"119.73600","37.84533","74.20748"
"119.74500","37.88692","74.48717"
"119.75400","37.92851","74.75336"

