Time (s)	Encoder (rad)	Torque (Nm)	Marker	Normal force (N)	Gap (um)
0	0	3.47665960026E-05	0	0.10720041838	11699.96484375	
0.00208	-3.0693837796875E-07	3.49600265784E-05	0	0.10968378157	11699.96484375	
0.006176	-9.231009425E-07	3.51829424612531E-05	0	0.10323695547	11699.96484375	
0.010272	-1.3837370903125E-06	3.52448738897062E-05	0	0.11158731188	11699.96484375	
0.014368	-1.51622255640625E-06	3.51435374525812E-05	0	0.1027296017	11699.96484375	
0.018464	-1.67622915796875E-06	3.51283367466281E-05	0	0.10612849049	11699.96484375	
0.02256	-2.026506466875E-06	3.52283873677313E-05	0	0.10763147835	11699.96484375	
0.026656	-1.970184143125E-06	3.50890798147312E-05	0	0.10638026003	11699.96484375	
0.030752	-1.40046920921875E-06	3.48243678198281E-05	0	0.11229302953	11699.96484375	
0.034848	-6.2622012234375E-07	3.45927973783219E-05	0	0.10461024387	11699.96484375	
0.038944	-2.675310378125E-07	3.46020668402062E-05	0	0.10649470073	11699.96484375	
0.04304	-3.1864171796875E-07	3.47946603976125E-05	0	0.10821512592	11699.96484375	
0.047136	-3.6344356640625E-07	3.48517795712625E-05	0	0.10567454238	11699.96484375	
0.051232	-5.8443554125E-07	3.49586263394156E-05	0	0.10606745545	11699.96484375	
0.055328	-0.000000892379675	3.50425257747469E-05	0	0.10855463333	11699.96484375	
0.059424	-1.52243995578125E-06	3.5263197429075E-05	0	0.10758188738	11699.96484375	
0.06352	-0.000001974938625	3.531470699295E-05	0	0.10424021894	11699.96484375	
0.067616	-2.04982171453125E-06	3.51837631335094E-05	0	0.10673884089	11699.96484375	
0.071712	-1.864122624375E-06	3.50300882871844E-05	0	0.10541514346	11699.96484375	
0.075808	-1.56449883390625E-06	3.49618772977031E-05	0	0.10929468319	11699.96484375	
0.079904	-1.41107536109375E-06	3.49951873605469E-05	0	0.10683420814	11699.96484375	
0.084	-1.04552885078125E-06	3.48871432378219E-05	0	0.10504893322	11699.96484375	
0.088096	-6.5383269015625E-07	3.47915678526281E-05	0	0.11144616835	11699.96484375	
0.092192	-2.646052028125E-07	3.46622600492438E-05	0	0.10205058688	11699.96484375	
0.096288	-1.852419284375E-07	3.47402765577656E-05	0	0.10685709628	11699.96484375	
0.100384	-4.07788253125E-07	3.49104912913969E-05	0	0.10697535167	11699.96484375	
0.10448	-7.0850923171875E-07	3.50256257916469E-05	0	0.10699823981	11699.96484375	
0.108576	-1.0739643096875E-06	3.51200865144937E-05	0	0.10339335776	11699.96484375	
0.112672	-1.02943675828125E-06	3.49709936347406E-05	0	0.10888269667	11699.96484375	
0.116768	-9.0966038796875E-07	3.48775011801562E-05	0	0.1087568119	11699.96484375	
0.120864	-8.0049016953125E-07	3.48490764489656E-05	0	0.10873010907	11699.96484375	
0.12496	-8.592811665625E-07	3.49157319111562E-05	0	0.10590342378	11699.96484375	
0.129056	-1.04973473859375E-06	3.50135491210313E-05	0	0.10251979375	11699.96484375	
0.133152	-1.339666700625E-06	3.51081427764375E-05	0	0.10510996826	11699.96484375	
0.137248	-1.9429373046875E-06	3.53049533969344E-05	0	0.10866525934	11699.96484375	
0.141344	-2.52490417265625E-06	3.54314400492938E-05	0	0.10934427416	11699.96484375	
0.14544	-2.6893909590625E-06	3.53976364773281E-05	0	0.10708979237	11699.96484375	
0.149536	-2.02970659890625E-06	3.49973397622406E-05	0	0.10512904171	11699.96484375	
0.153632	-8.746418003125E-07	3.45556233770344E-05	0	0.10939005044	11699.96484375	
0.157728	-5.632232375E-08	3.44702225008969E-05	0	0.10891321419	11699.96484375	
0.161824	3.7112388328125E-07	3.45642606280125E-05	0	0.1053998847	11699.96484375	
0.16592	6.3371757453125E-07	3.45846836845125E-05	0	0.10413340762	11699.96484375	
0.170016	7.9665001109375E-07	3.45763760005125E-05	0	0.10615519332	11699.96484375	
0.174112	0.00000032184185	3.48797216106281E-05	0	0.10850504236	11699.96484375	
0.178208	-6.511811521875E-07	3.5290458940275E-05	0	0.10626200464	11699.96484375	
0.182304	-1.35438730796875E-06	3.53918174927625E-05	0	0.10343150466	11699.96484375	
0.1864	-1.4206757571875E-06	3.51594672443437E-05	0	0.10757807269	11699.96484375	
0.190496	-1.06984985421875E-06	3.48636699439875E-05	0	0.11233880581	11699.96484375	
0.194592	-1.11794326703125E-06	3.49172958519E-05	0	0.10888651136	11699.96484375	
0.198688	-1.2184274128125E-06	3.49830868918781E-05	0	0.10489634562	11699.96484375	
0.202784	-1.23625671984375E-06	3.49701421932844E-05	0	0.10980203696	11699.96484375	
0.20688	-1.15817349828125E-06	3.49234552207406E-05	0	0.10496501004	11699.96484375	
0.210976	-1.21870170984375E-06	3.49730594980594E-05	0	0.10594157068	11699.96484375	
0.215072	-1.70347599640625E-06	3.52088919545344E-05	0	0.10713175396	11699.96484375	
0.219168	-2.036746889375E-06	3.52536486405469E-05	0	0.1043317715	11699.96484375	
0.223264	-1.86110535703125E-06	3.50637142150969E-05	0	0.10676935841	11699.96484375	
0.22736	-1.17865434328125E-06	3.4787070982125E-05	0	0.10630015154	11699.96484375	
0.231456	-0.000000810456295	3.47825673808594E-05	0	0.10817316433	11699.96484375	
0.235552	-7.1527522515625E-07	3.48640384532344E-05	0	0.10368708889	11699.96484375	
0.239648	-5.381707753125E-07	3.48021637554937E-05	0	0.11035516701	11699.96484375	
0.243744	-5.5664010875E-07	3.48557331730781E-05	0	0.10388926746	11699.96484375	
0.24784	-8.1073059203125E-07	3.49843505925375E-05	0	0.10777643657	11699.96484375	
0.251936	-1.4583458828125E-06	3.52411823068594E-05	0	0.10843637794	11699.96484375	
0.256032	-2.0526561171875E-06	3.53647692025031E-05	0	0.10671595275	11699.96484375	
0.260128	-2.45248975640625E-06	3.53936667697594E-05	0	0.11181237859	11699.96484375	
0.264224	-2.33454203296875E-06	3.52529584970062E-05	0	0.10243968526	11699.96484375	
0.26832	-1.859733871875E-06	3.50034563426625E-05	0	0.1079938739	11699.96484375	
0.272416	-1.43612782328125E-06	3.49061364880594E-05	0	0.10612849049	11699.96484375	
0.276512	-0.000000687571225	3.46673045153531E-05	0	0.11352135971	11699.96484375	
0.280608	-3.78529903125E-08	3.45685591814062E-05	0	0.10554484292	11699.96484375	
0.284704	5.425595278125E-07	3.45120046706531E-05	0	0.10153941842	11699.96484375	
0.2888	6.31614630625E-07	3.46362742579219E-05	0	0.11277368047	11699.96484375	
0.292896	2.7896008078125E-07	3.48718206569906E-05	0	0.10416011045	11699.96484375	
0.296992	-2.4513011359375E-07	3.50732279075063E-05	0	0.10586909157	11699.96484375	
0.301088	-7.0466907328125E-07	3.51472153335187E-05	0	0.10763529304	11699.96484375	
0.305184	-6.4468945578125E-07	3.4942478519025E-05	0	0.1080320208	11699.96484375	
0.30928	-5.18969983125E-07	3.48405666017062E-05	0	0.11144998304	11699.96484375	
0.313376	-2.71005466875E-07	3.47209345098E-05	0	0.10358027757	11699.96484375	
0.317472	-1.4034864765625E-07	3.47389522802437E-05	0	0.10811975867	11699.96484375	
0.321568	-1.099016771875E-07	3.47780652219E-05	0	0.10670069399	11699.96484375	
0.325664	-1.058786540625E-07	3.48027969279375E-05	0	0.10669306461	11699.96484375	
0.32976	-4.8541431296875E-07	3.49983832708125E-05	0	0.10538844063	11699.96484375	
0.333856	-1.13641260046875E-06	3.52198950685312E-05	0	0.10142116303	11699.96484375	
0.337952	-1.64971377828125E-06	3.52963579728375E-05	0	0.10900095206	11699.96484375	
0.342048	-1.60783776484375E-06	3.50819021776781E-05	0	0.1058195006	11699.96484375	
0.346144	-1.23387947890625E-06	3.48552350966531E-05	0	0.10656717984	11699.96484375	
0.35024	-1.029528190625E-06	3.48304699771875E-05	0	0.10698679574	11699.96484375	
0.354336	-6.6187873640625E-07	0.000034717196052	0	0.10327128768	11699.96484375	
0.358432	-4.961118971875E-07	3.47376782430562E-05	0	0.10802057673	11699.96484375	
0.362528	-6.014419571875E-07	3.4861386292425E-05	0	0.10757044331	11699.96484375	
0.366624	-9.9322955015625E-07	3.50538697537875E-05	0	0.10424403363	11699.96484375	
0.37072	-1.71042485453125E-06	3.532689928845E-05	0	0.11110284625	11699.96484375	
0.374816	-2.34825688453125E-06	3.54455953236E-05	0	0.10706308954	11699.96484375	
0.378912	-2.8437287553125E-06	3.54772755803812E-05	0	0.10795954169	11699.96484375	
0.383008	-2.85387774546875E-06	3.53509814759063E-05	0	0.10672358213	11699.96484375	
0.387104	-0.00000259814148	3.51830152977187E-05	0	0.10539607001	11699.96484375	
0.3912	-2.13229368859375E-06	3.49912986625125E-05	0	0.11171701134	11699.96484375	
0.395296	-1.7481864125E-06	3.49323083368875E-05	0	0.10507945074	11699.96484375	
0.399392	-1.42808177703125E-06	3.49216886359688E-05	0	0.10462931732	11699.96484375	
0.403488	-1.00731013109375E-06	3.48469079415187E-05	0	0.10552958416	11699.96484375	
0.407584	-7.802836215625E-07	3.48785240156719E-05	0	0.10961511715	11699.96484375	
0.41168	-7.3703612296875E-07	3.49594573482E-05	0	0.10268382542	11699.96484375	
0.415776	-7.6903744328125E-07	3.50181632991094E-05	0	0.10786798913	11699.96484375	
0.419872	-5.164098775E-07	3.49002492343312E-05	0	0.10852030112	11699.96484375	
0.423968	8.585497078125E-08	3.4657859572875E-05	0	0.10354594536	11699.96484375	
0.428064	4.942832503125E-07	3.46244975870062E-05	0	0.11382272022	11699.96484375	
0.43216	6.259458253125E-07	3.47097417325312E-05	0	0.10542277284	11699.96484375	
0.436256	7.93998473125E-07	3.46498353020531E-05	0	0.10644129507	11699.96484375	
0.440352	1.185328904375E-06	3.44890282513219E-05	0	0.10516718861	11699.96484375	
0.444448	0.000001471695005	3.443969248335E-05	0	0.10573939211	11699.96484375	
0.448544	1.04315160984375E-06	3.47519820749062E-05	0	0.1124952081	11699.96484375	
0.45264	2.020654796875E-07	3.51164682488812E-05	0	0.09984569606	11699.96484375	
0.456736	-2.620450971875E-07	3.51329538093187E-05	0	0.10512904171	11699.96484375	
0.460832	-2.9358925578125E-07	3.49634429211375E-05	0	0.10958841432	11699.96484375	
0.464928	-1.5479495796875E-07	3.48090264890156E-05	0	0.10699442512	11699.96484375	
0.469024	-5.72366471875E-08	3.47681582606531E-05	0	0.11159112657	11699.96484375	
0.47312	2.0617993515625E-07	3.46586535624656E-05	0	0.10681894938	11699.96484375	
0.477216	6.2494006953125E-07	3.45202452874125E-05	0	0.10783747161	11699.96484375	
0.481312	7.6025993828125E-07	3.45742079738344E-05	0	0.10785273037	11699.96484375	
0.485408	8.567210609375E-08	3.49872705415406E-05	0	0.1058957944	11699.96484375	
0.489504	-1.1072456828125E-06	3.54622676626969E-05	0	0.10371379172	11699.96484375	
0.4936	-1.9220907303125E-06	3.55402752769969E-05	0	0.10675791434	11699.96484375	
0.497696	-2.24512120078125E-06	3.5379405005175E-05	0	0.10827997565	11699.96484375	
0.501792	-2.43840917546875E-06	3.52590854139562E-05	0	0.10604075262	11699.96484375	
0.505888	-2.6476978103125E-06	3.52612447867969E-05	0	0.10575465087	11699.96484375	
0.509984	-2.7255981671875E-06	3.52189027618312E-05	0	0.11161020002	11699.96484375	
0.51408	-2.51228650921875E-06	3.50778925663031E-05	0	0.1051710033	11699.96484375	
0.518176	-2.4074136109375E-06	3.50521409093625E-05	0	0.10865762996	11699.96484375	
0.522272	-2.6327029059375E-06	3.51981145614656E-05	0	0.10842111918	11699.96484375	
0.526368	-2.84747748140625E-06	3.53292151515187E-05	0	0.10725763873	11699.96484375	
0.530464	-2.8576264715625E-06	3.5300543545575E-05	0	0.10639551879	11699.96484375	
0.53456	-2.80487000921875E-06	0.00003526458012	0	0.1077268456	11699.96484375	
0.538656	-2.64157184328125E-06	3.52031708064094E-05	0	0.10922983346	11699.96484375	
0.542752	-2.085023166875E-06	3.49803080485031E-05	0	0.10187892583	11699.96484375	
0.546848	-1.294316258125E-06	3.47403698269031E-05	0	0.11128976606	11699.96484375	
0.550944	-5.4393101296875E-07	3.46020935228719E-05	0	0.10410670479	11700.00390625	
0.55504	1.4748037046875E-07	3.45142683703125E-05	0	0.10487727217	11700.00390625	
0.559136	5.4786260375E-07	3.45723839371969E-05	0	0.10557154575	11700.00390625	
0.563232	5.860813234375E-07	3.47102926935187E-05	0	0.1063154103	11700.00390625	
0.567328	2.254721596875E-07	3.48996499560844E-05	0	0.10870722093	11700.00390625	
0.571424	-1.83230416875E-07	3.50322176119781E-05	0	0.10499552756	11700.00390625	
0.57552	-3.8447300546875E-07	3.50053897541906E-05	0	0.1115415356	11700.00390625	
0.579616	-4.105312234375E-07	3.49226157985031E-05	0	0.10784510099	11700.00390625	
0.583712	-1.629324365625E-07	3.47412265568156E-05	0	0.10851267174	11700.00390625	
0.587808	-1.04964330625E-07	3.47609541813187E-05	0	0.10795191231	11700.00390625	
0.591904	9.188950546875E-08	3.469172300055E-05	0	0.1073453766	11700.00390625	
0.596	4.2854339515625E-07	3.45950918471812E-05	0	0.1035306866	11700.00390625	
0.600096	7.7671776015625E-07	3.45216565840781E-05	0	0.10789850665	11700.00390625	
0.604192	6.8473682234375E-07	3.46896778102875E-05	0	0.10641459224	11700.00390625	
0.608288	4.2854339515625E-07	3.48350925687188E-05	0	0.10148982745	11700.00390625	
0.612384	1.461088853125E-07	3.49096833595125E-05	0	0.10757044331	11700.00390625	
0.61648	-8.091762421875E-08	3.49371374185969E-05	0	0.10953500866	11700.00390625	
0.620576	-3.7295253015625E-07	3.498969962565E-05	0	0.10762003428	11700.00390625	
0.624672	-0.000000675867885	3.50558791267781E-05	0	0.10850885705	11700.00390625	
0.628768	-7.2953867078125E-07	3.497817656025E-05	0	0.10660914143	11700.00390625	
0.632864	-0.00000071975541	3.49178696494031E-05	0	0.11023691162	11700.00390625	
0.63696	-9.254781834375E-07	3.49991568277313E-05	0	0.11082437388	11700.00390625	
0.641056	-1.43978511703125E-06	3.51891850030875E-05	0	0.10766581056	11700.00390625	
0.645152	-2.02531784640625E-06	3.53429925415875E-05	0	0.10578516839	11700.00390625	
0.649248	-0.000002560105625	3.541606843005E-05	0	0.10852030112	11700.00390625	
0.653344	-2.98224875609375E-06	3.54431321049094E-05	0	0.10260753162	11700.00390625	
0.65744	-3.212932559375E-06	3.53909162917406E-05	0	0.10501078632	11700.00390625	
0.661536	-3.308753655625E-06	3.53219339088E-05	0	0.10490016031	11700.00390625	
0.665632	-3.038113918125E-06	3.51792919841344E-05	0	0.10757807269	11700.00390625	
0.669728	-2.607284714375E-06	3.50458224060656E-05	0	0.10878351473	11700.00390625	
0.673824	-2.09444069828125E-06	3.49260835834969E-05	0	0.1078412863	11700.00390625	
0.67792	-0.00000173209432	3.49230648365156E-05	0	0.10649470073	11700.00390625	
0.682016	-1.447922595625E-06	3.49392693876187E-05	0	0.1121900329	11700.00390625	
0.686112	-1.2498801390625E-06	3.49670888309531E-05	0	0.10491923376	11700.00390625	
0.690208	-1.13348676546875E-06	3.49940712558937E-05	0	0.10651377418	11700.00390625	
0.694304	-9.5281645421875E-07	3.49519561537781E-05	0	0.10928705381	11700.00390625	
0.6984	-8.0323313984375E-07	3.49411287607594E-05	0	0.10570124521	11700.00390625	
0.702496	-4.83128504375E-07	3.48410964088688E-05	0	0.11368920607	11700.00390625	
0.706592	1.548863903125E-07	3.46249136923594E-05	0	0.10442332406	11700.00390625	
0.710688	1.19620935328125E-06	3.42247441406062E-05	0	0.10409907541	11700.00390625	
0.714784	1.92108497453125E-06	3.41517341174625E-05	0	0.10660914143	11700.00390625	
0.71888	2.09005194578125E-06	3.43272594227063E-05	0	0.10483531058	11700.00390625	
0.722976	1.68701817453125E-06	3.4658051880375E-05	0	0.10743311447	11700.00390625	
0.727072	1.1864260925E-06	3.48582406224937E-05	0	0.10807779708	11700.00390625	
0.731168	8.34960163125E-07	3.489329972205E-05	0	0.10765436649	11700.00390625	
0.735264	5.1924428015625E-07	3.4917651620775E-05	0	0.10667399116	11700.00390625	
0.73936	-2.24923565625E-08	3.50653896941906E-05	0	0.11218240352	11700.00390625	
0.743456	-4.0147942140625E-07	3.5098397593875E-05	0	0.10992029235	11700.00390625	
0.747552	-3.1352150671875E-07	3.48961110173156E-05	0	0.10585383281	11700.00390625	
0.751648	-2.331524765625E-07	3.48062072610656E-05	0	0.10837152821	11699.96484375	
0.755744	-5.6980636625E-07	3.49739239202719E-05	0	0.10668162054	11699.96484375	
0.75984	-1.25362886515625E-06	3.52476193196531E-05	0	0.10696009291	11699.96484375	
0.763936	-1.72048241234375E-06	3.52970697509719E-05	0	0.10515574454	11699.96484375	
0.768032	-1.9828018065625E-06	3.52489438375594E-05	0	0.1044843591	11699.96484375	
0.772128	-2.316164131875E-06	3.52895111046844E-05	0	0.10413340762	11699.96484375	
0.776224	-2.92318346203125E-06	3.54587688681187E-05	0	0.10728815625	11699.96484375	
0.78032	-3.2602945134375E-06	3.54357340353844E-05	0	0.10935571823	11699.96484375	
0.784416	-3.14938708046875E-06	3.52329746227594E-05	0	0.10825327282	11699.96484375	
0.788512	-2.55781981640625E-06	3.49127307122344E-05	0	0.10731104439	11699.96484375	
0.792608	-2.0603364340625E-06	3.48038611095656E-05	0	0.10941293858	11699.96484375	
0.796704	-1.9901163940625E-06	3.49431508741219E-05	0	0.11085870609	11699.96484375	
0.8008	-2.07651995890625E-06	3.50698916127656E-05	0	0.10647181259	11699.96484375	
0.804896	-1.96881265796875E-06	3.50151366194437E-05	0	0.10634592782	11699.96484375	
0.808992	-1.9561035621875E-06	3.51034329253781E-05	0	0.10575846556	11699.96484375	
0.813088	-2.02111195859375E-06	3.5171070598125E-05	0	0.11073663601	11699.96484375	
0.817184	-2.00629991890625E-06	3.51845568827156E-05	0	0.10686091097	11699.96484375	
0.82128	-1.52024557953125E-06	3.4955640044325E-05	0	0.10336665493	11699.96484375	
0.825376	-7.6519728484375E-07	3.46999241942719E-05	0	0.11157586781	11699.96484375	
0.829472	3.757869328125E-08	3.4516086637725E-05	0	0.10191325804	11699.96484375	
0.833568	3.9306764578125E-07	3.45828264748312E-05	0	0.10480097837	11699.96484375	
0.837664	4.0111369203125E-07	3.4684436469375E-05	0	0.11003091836	11699.96484375	
0.84176	4.3860095296875E-07	3.47047765932656E-05	0	0.10806253832	11699.96484375	
0.845856	4.653906296875E-07	3.4715736438075E-05	0	0.11044671957	11699.96484375	
0.849952	1.848761990625E-07	3.48732540690188E-05	0	0.10231761518	11699.96484375	
0.854048	-2.975208465625E-07	3.50607219103969E-05	0	0.11249139341	11699.96484375	
0.858144	-7.371275553125E-07	3.51438422599687E-05	0	0.10884454977	11699.96484375	
0.86224	-6.6699894765625E-07	3.49410282800906E-05	0	0.10750559358	11699.96484375	
0.866336	-0.000000354026035	3.47420938636406E-05	0	0.11309411443	11699.96484375	
0.870432	1.724414003125E-07	3.45384671441906E-05	0	0.10610178766	11699.96484375	
0.874528	2.267522125E-07	3.46620112514156E-05	0	0.10564402486	11699.96484375	
0.878624	-7.287157796875E-08	3.48989648606156E-05	0	0.10621241367	11699.96484375	
0.88272	-3.6289497234375E-07	3.49922260654312E-05	0	0.10360316571	11699.96484375	
0.886816	-6.142424853125E-07	3.50266212233437E-05	0	0.11114480784	11699.96484375	
0.890912	-1.0198363621875E-06	3.51105336394312E-05	0	0.10425929239	11699.96484375	
0.895008	-1.59558583078125E-06	3.52740130432594E-05	0	0.1085660774	11699.96484375	
0.899104	-1.85671660453125E-06	3.52300700583562E-05	0	0.10887506729	11699.96484375	
0.9032	-1.45569434484375E-06	3.49134042692531E-05	0	0.10739115288	11699.96484375	
0.907296	-7.71323251875E-07	3.46237197031687E-05	0	0.11590935565	11699.96484375	
0.911392	-4.7517389046875E-07	3.4647755736825E-05	0	0.10871103562	11699.96484375	
0.915488	-7.3740185234375E-07	3.49214742131062E-05	0	0.1070783483	11699.96484375	
0.919584	-9.982583290625E-07	3.50281762698656E-05	0	0.10606364076	11699.96484375	
0.92368	-1.02157357671875E-06	3.496803810885E-05	0	0.10903909896	11699.96484375	
0.927776	-1.1222405871875E-06	3.4982770786425E-05	0	0.1015851947	11699.96484375	
0.931872	-1.692229818125E-06	3.52424032191E-05	0	0.10437754778	11699.96484375	
0.935968	-2.379801043125E-06	3.54519022884469E-05	0	0.10947015893	11699.96484375	
0.940064	-2.38720706296875E-06	3.52420318252406E-05	0	0.10047130522	11699.96484375	
0.94416	-1.868511376875E-06	3.48846696826031E-05	0	0.10934427416	11699.96484375	
0.948256	-1.48348977734375E-06	3.47800474314562E-05	0	0.10697916636	11699.96484375	
0.952352	-1.35685598125E-06	3.48417060236437E-05	0	0.10771158684	11699.96484375	
0.956448	-1.50214197546875E-06	3.50003878361156E-05	0	0.10896661985	11699.96484375	
0.960544	-1.7523923003125E-06	3.51285187176E-05	0	0.10612849049	11699.96484375	
0.96464	-1.91422754875E-06	3.51497088406406E-05	0	0.10807398239	11699.96484375	
0.968736	-2.1042239590625E-06	3.51692309365031E-05	0	0.10615519332	11699.96484375	
0.972832	-2.43584906984375E-06	3.52631693041031E-05	0	0.11033227887	11699.96484375	
0.976928	-2.56961458875E-06	3.52672077616031E-05	0	0.10886743791	11699.96484375	
0.981024	-1.96789833453125E-06	3.49599864342094E-05	0	0.10428980991	11699.96484375	
0.98512	-1.18011726078125E-06	3.47169782637562E-05	0	0.11002710367	11699.96484375	
0.989216	-5.0690091375E-07	3.46238329242094E-05	0	0.10332087865	11699.96484375	
0.993312	-2.635080146875E-07	3.47230203250219E-05	0	0.10554484292	11699.96484375	
0.997408	-2.5884496515625E-07	3.47892471818719E-05	0	0.1066968793	11699.96484375	
1.001504	6.683704328125E-08	3.46664795161781E-05	0	0.11219384759	11699.96484375	
1.0056	4.591732303125E-07	3.45387375766125E-05	0	0.10522440896	11699.96484375	
1.009696	1.8990497796875E-07	3.47835060818437E-05	0	0.10523966772	11699.96484375	
1.013792	-6.1369389125E-07	3.51904390883719E-05	0	0.11481453962	11699.96484375	
1.017888	-8.2974851953125E-07	3.51129199351219E-05	0	0.10263041976	11699.96484375	
1.021984	-1.6320673359375E-07	3.465977687865E-05	0	0.10868814748	11699.96484375	
1.02608	2.7127976390625E-07	3.45343503213844E-05	0	0.10755136986	11699.96484375	
1.030176	4.0221088015625E-07	3.46164894219375E-05	0	0.10855463333	11699.96484375	
1.034272	1.0898735375E-07	3.4842401696025E-05	0	0.10292415089	11699.96484375	
1.038368	-1.6046376328125E-07	3.49306720404469E-05	0	0.10140971896	11699.96484375	
1.042464	-3.4533996234375E-07	3.49623520568437E-05	0	0.10878351473	11699.96484375	
1.04656	-6.840967959375E-07	3.50544567724312E-05	0	0.10264186383	11699.96484375	
1.050656	-1.27904705671875E-06	3.52455450428812E-05	0	0.1085660774	11699.96484375	
1.054752	-1.70064159375E-06	3.52808452479656E-05	0	0.10597971758	11699.96484375	
1.058848	-1.3113226740625E-06	3.49028884143844E-05	0	0.10653284763	11699.96484375	
1.062944	-1.0512890884375E-06	3.48035808213844E-05	0	0.1070020545	11699.96484375	
1.06704	-9.991726525E-07	3.48536810116687E-05	0	0.10759714614	11699.96484375	
1.071136	-1.1032226596875E-06	3.49614520577438E-05	0	0.10681132	11699.96484375	
1.075232	-1.268715201875E-06	3.50418462081187E-05	0	0.10710505113	11699.96484375	
1.079328	-1.240188310625E-06	3.49757789664937E-05	0	0.10874536783	11699.96484375	
1.083424	-1.54968679421875E-06	3.51169836329812E-05	0	0.10631922499	11699.96484375	
1.08752	-1.9700012784375E-06	3.52353734184375E-05	0	0.10378245614	11699.96484375	
1.091616	-2.4240542975E-06	3.53380209119437E-05	0	0.10450343255	11699.96484375	
1.095712	-2.43621479921875E-06	3.51861674580281E-05	0	0.11001184491	11699.96484375	
1.099808	-2.28992304921875E-06	3.50760192508687E-05	0	0.10848596891	11699.96484375	
1.103904	-1.88195193140625E-06	3.48908242437562E-05	0	0.10552195478	11699.96484375	
1.108	-1.4484711896875E-06	3.47769012807562E-05	0	0.10712412458	11699.96484375	
1.112096	-1.18505460734375E-06	3.47718447954281E-05	0	0.10362223916	11699.96484375	
1.116192	-1.23589099046875E-06	3.49072184581312E-05	0	0.10885599384	11699.96484375	
1.120288	-1.5655045896875E-06	3.50940478386094E-05	0	0.10819223778	11699.96484375	
1.124384	-1.6701031909375E-06	3.50901050540906E-05	0	0.10474757271	11699.96484375	
1.12848	-1.68390947484375E-06	3.50529769662187E-05	0	0.11298730311	11699.96484375	
1.132576	-1.662971468125E-06	3.502580728185E-05	0	0.10609034359	11699.96484375	
1.136672	-1.46684909078125E-06	3.49283405523937E-05	0	0.1065061448	11699.96484375	
1.140768	-1.05540354390625E-06	3.47558339941313E-05	0	0.10685328159	11699.96484375	
1.144864	-6.8034806984375E-07	3.46719275876531E-05	0	0.10580424184	11699.96484375	
1.14896	-6.9936599734375E-07	3.48177392206875E-05	0	0.10966089343	11699.96484375	
1.153056	-7.6153999109375E-07	3.48979614962344E-05	0	0.10735682067	11700.00390625	
1.157152	-7.762605984375E-07	3.49155523440281E-05	0	0.1052091502	11700.00390625	
1.161248	-7.9756433453125E-07	3.49182852739875E-05	0	0.10298137124	11700.00390625	
1.165344	-1.0951766134375E-06	3.50537260039312E-05	0	0.11205270406	11700.00390625	
1.16944	-1.47014065515625E-06	3.51632826251437E-05	0	0.1036069804	11700.00390625	
1.173536	-1.5989688275E-06	3.5105501432925E-05	0	0.10739115288	11700.00390625	
1.177632	-1.24082833703125E-06	3.48625834066125E-05	0	0.11092355582	11700.00390625	
1.181728	-5.0251216125E-07	3.45597779401875E-05	0	0.10947778831	11700.00390625	
1.185824	3.099556453125E-08	3.45019919402813E-05	0	0.10993555111	11700.00390625	
1.18992	4.3494365921875E-07	3.45051503505844E-05	0	0.10700968388	11700.00390625	
1.194016	6.5858717203125E-07	3.4544340455625E-05	0	0.10241679712	11700.00390625	
1.198112	5.1576985109375E-07	3.4716767206275E-05	0	0.10543421691	11700.00390625	
1.202208	-1.600066015625E-07	3.50565779241562E-05	0	0.11106851404	11700.00390625	
1.206304	-1.00859018390625E-06	3.53159718955312E-05	0	0.10211162192	11700.00390625	
1.2104	-1.44234522265625E-06	3.52927841783344E-05	0	0.10327510237	11700.00390625	
1.214496	-1.46977492578125E-06	3.51139413283312E-05	0	0.11009576809	11700.00390625	
1.218592	-1.24850865390625E-06	3.49222833469125E-05	0	0.10285548647	11700.00390625	
1.222688	-1.18944335984375E-06	3.49103355223219E-05	0	0.10865762996	11700.00390625	
1.226784	-1.43146477375E-06	3.50425608708656E-05	0	0.10734156191	11700.00390625	
1.23088	-1.6613256859375E-06	3.51196836302813E-05	0	0.10746744668	11700.00390625	
1.234976	-1.720756709375E-06	3.50773627591406E-05	0	0.11270120136	11700.00390625	
1.239072	-1.822429475625E-06	3.50896125065062E-05	0	0.10357646288	11700.00390625	
1.243168	-2.28553429671875E-06	3.52851707244094E-05	0	0.10540369939	11700.00390625	
1.247264	-2.71581490640625E-06	3.53824153387031E-05	0	0.11269738667	11700.00390625	
1.25136	-2.71444342125E-06	3.5258539741425E-05	0	0.10590342378	11700.00390625	
1.255456	-2.2695336365625E-06	3.50402161616719E-05	0	0.10650233011	11700.00390625	
1.259552	-1.64715367265625E-06	3.484439207865E-05	0	0.10488108686	11700.00390625	
1.263648	-1.14793307578125E-06	3.47935543891031E-05	0	0.11062601	11700.00390625	
1.267744	-5.6514331671875E-07	3.4698194147925E-05	0	0.10163097098	11700.00390625	
1.27184	2.112087140625E-08	3.46070432775375E-05	0	0.10473994333	11700.00390625	
1.275936	3.1919031203125E-07	3.4607975007375E-05	0	0.10777643657	11700.00390625	
1.280032	3.059326221875E-07	3.47014677023437E-05	0	0.10765818118	11700.00390625	
1.284128	-1.3833713609375E-07	3.4954397737875E-05	0	0.10573939211	11700.00390625	
1.288224	-4.46555566875E-07	3.5021282286375E-05	0	0.10935953292	11700.00390625	
1.29232	-3.8630165234375E-07	3.48865946806781E-05	0	0.11077096822	11700.00390625	
1.296416	-2.5098178359375E-07	3.4797074818275E-05	0	0.1055524723	11700.00390625	
1.300512	-3.6234637828125E-07	3.48727944540937E-05	0	0.10668162054	11700.00390625	
1.304608	-6.189969671875E-07	3.49915690949344E-05	0	0.10792139479	11700.00390625	
1.308704	-5.3716501953125E-07	3.48756264224156E-05	0	0.10858133616	11700.00390625	
1.3128	-2.560105625E-07	3.47217734512687E-05	0	0.10600642041	11700.00390625	
1.316896	-1.7728731453125E-07	3.47462085229875E-05	0	0.10279063674	11700.00390625	
1.320992	-6.6791327109375E-07	3.50359286659594E-05	0	0.10964563467	11700.00390625	
1.325088	-1.18194590765625E-06	3.5207835945975E-05	0	0.10568217176	11700.00390625	
1.329184	-1.40942957890625E-06	3.51669811791375E-05	0	0.1036451273	11700.00390625	
1.33328	-1.3628905159375E-06	3.50164142623969E-05	0	0.10743311447	11700.00390625	
1.337376	-0.000001518508365	3.50489000472187E-05	0	0.11053445744	11700.00390625	
1.341472	-1.82837257796875E-06	3.51657660361219E-05	0	0.10721949183	11700.00390625	
1.345568	-1.8094460828125E-06	3.50665372891969E-05	0	0.10769632808	11700.00390625	
1.349664	-1.5111937775E-06	3.48970576509844E-05	0	0.10843256325	11700.00390625	
1.35376	-1.50982229234375E-06	3.49556958135E-05	0	0.10478190492	11700.00390625	
1.357856	-2.215954283125E-06	3.53335831759969E-05	0	0.1067731731	11699.96484375	
1.361952	-2.9538132971875E-06	3.55483930573406E-05	0	0.10667399116	11699.96484375	
1.366048	-3.2052522425E-06	3.55057303596187E-05	0	0.10179881734	11699.96484375	
1.370144	-2.70740313078125E-06	3.51417588485906E-05	0	0.10810449991	11699.96484375	
1.37424	-1.99733954921875E-06	3.48744079140188E-05	0	0.10853555988	11699.96484375	
1.378336	-1.4111667934375E-06	3.47905779497719E-05	0	0.10508708012	11699.96484375	
1.382432	-6.7559358796875E-07	3.46511566949625E-05	0	0.10443095344	11699.96484375	
1.386528	2.6177080015625E-07	3.44297845605656E-05	0	0.10992029235	11699.96484375	
1.390624	9.159692196875E-07	3.44043530956125E-05	0	0.10889414074	11699.96484375	
1.39472	1.114377405625E-06	3.45075008290031E-05	0	0.1063154103	11699.96484375	
1.398816	8.4510915328125E-07	3.47368909842281E-05	0	0.11203363061	11699.96484375	
1.402912	4.00473665625E-07	3.49266847848187E-05	0	0.10502985977	11699.96484375	
1.407008	6.116823796875E-08	3.49845243904406E-05	0	0.10637644534	11699.96484375	
1.411104	-4.15102840625E-08	3.49258234876031E-05	0	0.10773447498	11699.96484375	
1.4152	-4.105312234375E-08	3.48487598627437E-05	0	0.10317210574	11699.96484375	
1.419296	-1.6229241015625E-07	3.48738711357094E-05	0	0.11286904772	11699.96484375	
1.423392	-2.62959420625E-07	3.48816958875E-05	0	0.10525492648	11699.96484375	
1.427488	-1.5150339359375E-07	3.47904524691281E-05	0	0.10548380788	11699.96484375	
1.431584	-5.57737296875E-08	3.47617964881687E-05	0	0.10580424184	11699.96484375	
1.43568	-3.3637959265625E-07	3.49295499261844E-05	0	0.10482386651	11699.96484375	
1.439776	-9.8006329265625E-07	3.51991809065531E-05	0	0.10845926608	11699.96484375	
1.443872	-1.52006271484375E-06	3.52979687885344E-05	0	0.10885217915	11699.96484375	
1.447968	-1.61204365265625E-06	3.51449461050187E-05	0	0.10800150328	11699.96484375	
1.452064	-1.2010552675E-06	3.48379146812813E-05	0	0.10486201341	11699.96484375	
1.45616	-9.9432673828125E-07	3.47946433303219E-05	0	0.11254479907	11699.96484375	
1.460256	-1.11410310859375E-06	3.49454751506438E-05	0	0.10859659492	11699.96484375	
1.464352	-1.02779097609375E-06	3.49147283063906E-05	0	0.10528162931	11699.96484375	
1.468448	-6.8821125140625E-07	3.47662695606187E-05	0	0.10485819872	11699.96484375	
1.472544	-5.1686703921875E-07	3.47487318377719E-05	0	0.10739878226	11699.96484375	
1.47664	-1.06198667265625E-06	3.50845641942469E-05	0	0.10514048578	11699.96484375	
1.480736	-1.83038408953125E-06	3.53668829023125E-05	0	0.10686091097	11699.96484375	
1.484832	-2.3668176503125E-06	3.54122958376687E-05	0	0.10581187122	11699.96484375	
1.488928	-2.31058675890625E-06	3.51894960604687E-05	0	0.11133935703	11699.96484375	
1.493024	-2.0817316025E-06	3.50158157053031E-05	0	0.10860040961	11699.96484375	
1.49712	-2.0303466253125E-06	3.50910663512062E-05	0	0.10617808146	11699.96484375	
1.501216	-1.82818971328125E-06	3.50643106087312E-05	0	0.10931757133	11699.96484375	
1.505312	-1.1098057884375E-06	3.47656743689062E-05	0	0.10595682944	11699.96484375	
1.509408	-0.00000027502849	3.45381890194687E-05	0	0.11355187723	11699.96484375	
1.513504	-1.406229446875E-07	3.46705090794562E-05	0	0.10333232272	11699.96484375	
1.5176	-4.0184515078125E-07	3.49038672595594E-05	0	0.1057813537	11699.96484375	
1.521696	-0.000000570537825	3.49719167107406E-05	0	0.1069257607	11699.96484375	
1.525792	-0.000000406691065	3.482505363645E-05	0	0.10651758887	11699.96484375	
1.529888	-2.9084628546875E-07	3.47896010276719E-05	0	0.111388948	11699.96484375	
1.533984	-3.4149980390625E-07	3.48272642111625E-05	0	0.10312251477	11699.96484375	
1.53808	-4.5944752734375E-07	3.48937735196531E-05	0	0.10785654506	11699.96484375	
1.542176	-3.50003011875E-07	3.48235834456125E-05	0	0.10786417444	11699.96484375	
1.546272	8.786648234375E-08	3.46250781152719E-05	0	0.10567072769	11699.96484375	
1.550368	-1.62749571875E-08	3.47822962272844E-05	0	0.1057813537	11699.96484375	
1.554464	-4.4646413453125E-07	3.50141565723469E-05	0	0.10916879842	11699.96484375	
1.55856	-9.785089428125E-07	3.51736559320781E-05	0	0.10854700395	11700.00390625	
1.562656	-1.08502762328125E-06	3.50576243173406E-05	0	0.10309962663	11700.00390625	
1.566752	-1.0037442696875E-06	3.49330787688094E-05	0	0.1129911178	11700.00390625	
1.570848	-1.0108759925E-06	3.49305891078375E-05	0	0.10775354843	11700.00390625	
1.574944	-9.8390345109375E-07	3.49229263751156E-05	0	0.10634211313	11700.00390625	
1.57904	-8.5132655265625E-07	3.48715970995219E-05	0	0.10771921622	11700.00390625	
1.583136	-2.2739223890625E-07	3.45953800680469E-05	0	0.10705546016	11700.00390625	
1.587232	2.0407699125E-07	3.45194387978344E-05	0	0.10546473443	11700.00390625	
1.591328	-1.285538753125E-07	3.48343743002062E-05	0	0.11212518317	11700.00390625	
1.595424	-8.534294965625E-07	3.51824198656219E-05	0	0.10648707135	11700.00390625	
1.59952	-1.3186372615625E-06	3.52423998537187E-05	0	0.1048658281	11700.00390625	
1.603616	-1.3980005359375E-06	3.51083141704969E-05	0	0.10793665355	11700.00390625	
1.607712	-1.529114516875E-06	3.50951033664E-05	0	0.11192681929	11700.00390625	
1.611808	-1.65830841859375E-06	3.50905759670813E-05	0	0.10438899185	11700.00390625	
1.615904	-1.7966455546875E-06	3.51064201820062E-05	0	0.10508326543	11700.00390625	
1.62	-1.5538012496875E-06	3.49219112319E-05	0	0.10747507606	11700.00390625	
1.624096	-1.2019695909375E-06	3.4791240208725E-05	0	0.11062601	11700.00390625	
1.628192	-1.1493045609375E-06	3.487192282035E-05	0	0.10760477552	11700.00390625	
1.632288	-1.4532256715625E-06	3.50788468922719E-05	0	0.1037977149	11700.00390625	
1.636384	-1.622741236875E-06	3.51153958941844E-05	0	0.1066968793	11700.00390625	
1.64048	-1.62502704546875E-06	3.50417731312687E-05	0	0.10511378295	11700.00390625	
1.644576	-1.4616374471875E-06	3.49302412716469E-05	0	0.10643748038	11700.00390625	
1.648672	-1.5651388603125E-06	3.50061676380281E-05	0	0.10752085234	11700.00390625	
1.652768	-1.7373973959375E-06	3.50882307771187E-05	0	0.10699442512	11700.00390625	
1.656864	-1.6170724315625E-06	3.49946890437375E-05	0	0.10697535167	11700.00390625	
1.66096	-1.136321168125E-06	3.47724265256156E-05	0	0.1043699184	11700.00390625	
1.665056	-7.04760505625E-07	3.46728766251656E-05	0	0.11078241229	11700.00390625	
1.669152	-5.51885626875E-07	3.47396123757375E-05	0	0.10725000935	11700.00390625	
1.673248	-4.869686628125E-07	3.47776380588656E-05	0	0.1052472971	11700.00390625	
1.677344	-6.1561397046875E-07	3.48905429940375E-05	0	0.11207177751	11700.00390625	
1.68144	-8.3925748328125E-07	3.49935654871688E-05	0	0.10175304106	11700.00390625	
1.685536	-1.23296515546875E-06	3.51334285684594E-05	0	0.10615519332	11700.00390625	
1.689632	-1.77278171296875E-06	3.52974613371187E-05	0	0.1131437054	11700.00390625	
1.693728	-1.88204336375E-06	3.51817160201719E-05	0	0.10321788202	11700.00390625	
1.697824	-1.41985286609375E-06	3.48615062442281E-05	0	0.10801294735	11700.00390625	
1.70192	-6.3572908609375E-07	3.45407914207125E-05	0	0.10766581056	11700.00390625	
1.706016	-6.0345346875E-08	3.44676066381281E-05	0	0.1069257607	11700.00390625	
1.710112	-5.17507065625E-08	3.46829948842781E-05	0	0.11156823843	11700.00390625	
1.714208	-3.9361623984375E-07	3.49423585672219E-05	0	0.10170345009	11700.00390625	
1.718304	-8.64218513125E-07	3.51235538187187E-05	0	0.10662440019	11700.00390625	
1.7224	-1.11629748484375E-06	3.51140394051562E-05	0	0.10885980853	11700.00390625	
1.726496	-1.24759433046875E-06	3.50619134957437E-05	0	0.10699823981	11700.00390625	
1.730592	-1.3691079153125E-06	3.50481026922469E-05	0	0.11354424785	11700.00390625	
1.734688	-2.7855777846875E-06	9.29965271956875E-06	0	0.1057050599	11700.00390625	
1.738784	-0.00002055691671	0	0	0.10651758887	11700.00390625	
1.74288	-6.4109799331875E-05	0	0	0.10644129507	11700.00390625	
1.746976	-1.3398934528375E-04	0	0	0.10496882473	11700.00390625	
1.751072	-2.29883404544063E-04	0	0	0.10823801406	11700.00390625	
1.755168	-3.51055855313281E-04	0	0	0.10519007675	11700.00390625	
1.759264	-4.97161814790781E-04	0	0	0.10686854035	11699.984375	
1.76336	-0.000667988611345	0	0	0.10252360844	11699.984375	
1.767456	-8.63340305463281E-04	0	0	0.11173608479	11699.984375	
1.771552	-1.08289331808109E-03	0	0	0.10657862391	11699.984375	
1.775648	-1.32596748399328E-03	0	0	0.10428218053	11699.984375	
1.779744	-1.59177703363766E-03	0	0	0.10642222162	11699.984375	
1.78384	-1.87914056970063E-03	0	0	0.1135633213	11699.984375	
1.787936	-2.18675563844547E-03	0	0	0.10380534428	11699.984375	
1.792032	-2.5130889194675E-03	0	0	0.10248546154	11699.984375	
1.796128	-0.00285937173214	0	0	0.10669306461	11699.984375	
1.800224	-3.22520945446734E-03	0	0	0.11034753763	11699.984375	
1.80432	-3.60928829510219E-03	0	0	0.10398082002	11699.984375	
1.808416	-4.00988329144734E-03	0	0	0.10308436787	11699.984375	
1.812512	-4.42595961223625E-03	0	0	0.10739115288	11699.984375	
1.816608	-4.85682977767625E-03	0	0	0.10451106193	11699.984375	
1.820704	-5.29964192153344E-03	0	0	0.11155679436	11699.984375	
1.8248	-5.75448089302281E-03	0	0	0.1005170815	11699.984375	
1.828896	-6.22347459708047E-03	0	0	0.10404948444	11699.984375	
1.832992	-6.70464544354344E-03	0	0	0.10617808146	11699.984375	
1.837088	-7.19660356935437E-03	0	0	0.1025388672	11699.984375	
1.841184	-7.70046600345688E-03	0	0	0.10851648643	11699.984375	
1.84528	-8.21256009146719E-03	0	0	0.10296229779	11699.984375	
1.849376	-8.72922405945047E-03	0	0	0.10443476813	11699.984375	
1.853472	-9.25313925231953E-03	0	0	0.1051328564	11699.984375	
1.857568	-9.78394451231656E-03	0	0	0.10346965156	11699.984375	
1.861664	-1.03196806271797E-02	0	0	0.10557917513	11699.984375	
1.86576	-1.08600231035209E-02	0	0	0.10465983484	11699.984375	
1.869856	-1.14020824049808E-02	0	0	0.09996776614	11699.984375	
1.873952	-1.19451367646377E-02	0	0	0.10151271559	11699.984375	
1.878048	-1.24936066620148E-02	0	0	0.09961681466	11699.984375	
1.882144	-1.30443237835367E-02	0	0	0.1034543928	11699.984375	
1.88624	-1.35974560904187E-02	0	0	0.10354213067	11699.9609375	
1.890336	-1.41515110410816E-02	0	0	0.10174541168	11699.9609375	
1.894432	-1.47009794710848E-02	0	0	0.10949304707	11699.9609375	
1.898528	-1.52478453708556E-02	0	0	0.14722796055	11699.9609375	
1.902624	-1.57942426798647E-02	0	0	0.15352219905	11699.9609375	
1.90672	-0.016338287160372	0	0	0.1354596419	11699.9609375	
1.910816	-1.68806708637875E-02	0	0	0.1714321686	11699.9609375	
1.914912	-1.74199861891791E-02	0	0	0.18343318334	11699.9609375	
1.919008	-1.79549766732789E-02	0	0	0.22428088386	11692.3828125	
1.923104	-1.84936385317097E-02	0	0	0.13647434944	11692.3828125	
1.9272	-1.90376346445072E-02	0	0	0.19609032476	11692.3828125	
1.931296	-1.95865851102831E-02	4.10332467070969E-05	0	0.13417790606	11692.3828125	
1.935392	-2.01206735228795E-02	5.59382798789719E-05	0	0.22358279559	11692.3828125	
1.939488	-2.06212826113267E-02	5.71456281908531E-05	0	0.24708891537	11644.90234375	
1.943584	-0.021089489174337	5.74612733079E-05	0	0.12232184954	11644.90234375	
1.94768	-2.15304029084409E-02	5.91978722924531E-05	0	0.28941671561	11644.90234375	
1.951776	-2.19417071009125E-02	5.97052304389406E-05	0	0.17405286063	11584.36328125	
1.955872	-2.23211001253625E-02	5.76916064910281E-05	0	0.31547104831	11584.36328125	
1.959968	-2.26750499057878E-02	5.66401943212875E-05	0	0.31767593913	11584.36328125	
1.964064	-2.30087331586269E-02	5.78184243930562E-05	0	0.18831980123	11584.36328125	
1.96816	-2.33276223839502E-02	6.21575445731625E-05	0	0.39194413874	11584.36328125	
1.972256	-2.36182626723484E-02	6.08452821835031E-05	0	0.23791458592	11584.36328125	
1.976352	-2.38883670734758E-02	5.98121697550781E-05	0	0.42202678408	11524.203125	
1.980448	-2.41423827650998E-02	6.06085237664156E-05	0	0.37925266511	11524.203125	
1.984544	-2.43850930302839E-02	6.38236280032312E-05	0	0.2958292095	11524.203125	
1.98864	-2.46154901017352E-02	6.76368090458156E-05	0	0.46446139564	11524.203125	
1.992736	-0.024824905644672	6.69860498408062E-05	0	0.29887333212	11524.203125	
1.996832	-2.50163191648803E-02	6.51790605420281E-05	0	0.51216790878	11464.58203125	
2.000928	-2.51964289044308E-02	6.54680410222781E-05	0	0.42540659942	11464.58203125	
2.005024	-2.53694703752153E-02	6.840448928775E-05	0	0.36816717597	11464.58203125	
2.00912	-2.55313996161022E-02	7.03352457704531E-05	0	0.54218570439	11464.58203125	
2.013216	-2.56767167887502E-02	6.88092747002719E-05	0	0.37704777429	11464.58203125	
2.017312	-2.58097385969723E-02	6.73036456770562E-05	0	0.6123721857	11405.1640625	
2.021408	-2.59355144833847E-02	6.77851500032437E-05	0	0.49645138598	11405.1640625	
2.025504	-2.60590438771111E-02	7.11962800055719E-05	0	0.50117778689	11405.1640625	
2.0296	-2.61743424398208E-02	7.326165366135E-05	0	0.62295413576	11405.1640625	
2.033696	-2.62723632153967E-02	6.97428720839812E-05	0	0.4797354144	11345.86328125	
2.037792	-2.63644323854209E-02	6.88328713112906E-05	0	0.70921190604	11345.86328125	
2.041888	-2.64501062287292E-02	6.85056985615406E-05	0	0.58601649249	11345.86328125	
2.045984	-0.026536536126088	7.17117987208219E-05	0	0.60451010961	11345.86328125	
2.05008	-0.026615446170335	7.27469315799187E-05	0	0.70719774972	11345.86328125	
2.054176	-0.026679802562698	6.8705313986925E-05	0	0.57195554515	11345.86328125	
2.058272	-2.67400506255592E-02	6.72757743106969E-05	0	0.79416123765	11286.62109375	
2.062368	-2.67984712301659E-02	6.77770810209281E-05	0	0.64909620633	11286.62109375	
2.066464	-0.026859905261958	7.15445621092125E-05	0	0.72091918965	11286.62109375	
2.07056	-2.69139359254442E-02	7.1775168609375E-05	0	0.77979130042	11286.62109375	
2.074656	-2.69563809223569E-02	6.79933574873437E-05	0	0.6904970369	11227.5625	
2.078752	-2.69936908045475E-02	6.5368721169675E-05	0	0.9127408763	11227.5625	
2.082848	-2.70313790337766E-02	6.56157319803562E-05	0	0.76251456941	11227.5625	
2.086944	-2.70718209309023E-02	6.83538138576563E-05	0	0.85340718804	11227.5625	
2.09104	-2.71057594282819E-02	6.76384313999625E-05	0	0.89140531513	11227.5625	
2.095136	-2.71302461985586E-02	6.37982128844156E-05	0	0.80961073215	11168.54296875	
2.099232	-0.027150368080177	6.05997319482844E-05	0	1.01763340723	11168.54296875	
2.103328	-2.71748773428103E-02	6.19834904202938E-05	0	0.8610518268	11168.54296875	
2.107424	-2.72025763141877E-02	6.48907738110844E-05	0	0.96665389007	11168.54296875	
2.11152	-2.72233024721659E-02	6.35587672104E-05	0	0.98071483741	11168.54296875	
2.115616	-2.72356510502158E-02	5.93083192973906E-05	0	0.92694296717	11109.50390625	
2.119712	-2.72434767445173E-02	5.53910958107719E-05	0	1.12659621239	11109.50390625	
2.123808	-2.72563867171578E-02	5.62598408554875E-05	0	0.99744606775	11109.50390625	
2.127904	-2.72720253052328E-02	5.82260583604219E-05	0	1.08646567359	11109.50390625	
2.132	-2.72813179400575E-02	5.62357605911062E-05	0	1.10320453331	11109.50390625	
2.136096	-2.72827747315905E-02	5.14588180122844E-05	0	1.06157100665	11050.6015625	
2.140192	-2.72816443535247E-02	4.77497815770937E-05	0	1.25571583951	11050.6015625	
2.144288	-2.72873158103752E-02	4.91331587994844E-05	0	1.12214065447	11050.6015625	
2.148384	-2.72955489272005E-02	5.0846720307075E-05	0	1.2387061368	11050.6015625	
2.15248	-2.72965494713381E-02	4.78168440100312E-05	0	1.2297034684	10992.00390625	
2.156576	-2.72903724850591E-02	4.25459771655187E-05	0	1.2000251802	10992.00390625	
2.160672	-2.72819860361933E-02	3.84463541016844E-05	0	1.39069864516	10992.00390625	
2.164768	-2.72807543510906E-02	3.95178607224844E-05	0	1.257703293	10992.00390625	
2.168864	-2.72816195753595E-02	4.05188854426125E-05	0	1.355740826	10992.00390625	
2.17296	-2.72765493776016E-02	3.74204582525812E-05	0	1.36982466148	10933.1015625	
2.177056	-2.72647953840831E-02	3.20390369513156E-05	0	1.33232244409	10933.1015625	
2.181152	-2.72518012022541E-02	2.80279169239781E-05	0	1.51829621097	10933.1015625	
2.185248	-2.72466856540536E-02	2.91926614323094E-05	0	1.38370631839	10933.1015625	
2.189344	-2.72450461806978E-02	3.06970313221688E-05	0	1.50096225961	10933.1015625	
2.19344	-2.72366643034492E-02	2.73272632977094E-05	0	1.49462987421	10933.1015625	
2.197536	-2.72223017451636E-02	2.20108371237562E-05	0	1.47554116545	10874.40234375	
2.201632	-2.72071769154281E-02	1.82017897308844E-05	0	1.66101139325	10874.40234375	
2.205728	-2.71993200426973E-02	1.90315908241594E-05	0	1.52343078371	10874.40234375	
2.209824	-2.71937769568575E-02	1.97165165815406E-05	0	1.62770914955	10874.40234375	
2.21392	-2.71818827975561E-02	1.60194036921187E-05	0	1.62365794877	10874.40234375	
2.218016	-2.71640129859966E-02	1.04046419991937E-05	0	1.59622651298	10815.76171875	
2.222112	-2.71468050531734E-02	6.96175601900625E-06	0	1.77161451511	10815.76171875	
2.226208	-2.71378916797106E-02	8.35165462910625E-06	0	1.6309325626	10815.76171875	
2.230304	-2.71320022481527E-02	9.57068802545625E-06	0	1.72290092381	10815.76171875	
2.2344	-2.71191134878159E-02	5.82769176845625E-06	0	1.73478368316	10757.1015625	
2.238496	-2.71004747302455E-02	3.1941073828125E-07	0	1.72268730117	10757.1015625	
2.242592	-2.70823646344866E-02	-3.09668127831562E-06	0	1.89568349267	10757.1015625	
2.246688	-2.70717255669678E-02	-2.1791901285E-06	0	1.75402497952	10757.1015625	
2.250784	-0.027063698995807	-1.38420101964375E-06	0	1.83831055507	10757.1015625	
2.25488	-2.70491948088209E-02	-5.03709159751875E-06	0	1.8558085381	10698.6015625	
2.258976	-2.70294425881683E-02	-1.025217820935E-05	0	1.82865938937	10698.6015625	
2.263072	-2.70112352083956E-02	-1.30642799645531E-05	0	2.001567843	10698.6015625	
2.267168	-2.70001911870264E-02	-1.20750807133687E-05	0	1.862331658	10698.6015625	
2.271264	-2.69922971927641E-02	-1.09824185848781E-05	0	1.93826687714	10639.8828125	
2.27536	-2.69771374358733E-02	-1.47510460662469E-05	0	1.95612344103	10639.8828125	
2.279456	-2.69565643356384E-02	-2.00985320649094E-05	0	1.92971815685	10639.8828125	
2.283552	-2.69372743969158E-02	-2.30903108038969E-05	0	2.10026150268	10639.8828125	
2.287648	-2.69238437170777E-02	-2.28748172693906E-05	0	1.9533120145	10639.8828125	
2.291744	-2.69147516848152E-02	-2.16443684998406E-05	0	2.03453439398	10639.8828125	
2.29584	-2.68987974722895E-02	-2.51764438139156E-05	0	2.05500783521	10581.84375	
2.299936	-2.68770232253548E-02	-3.06746573060812E-05	0	2.02471538192	10581.84375	
2.304032	-2.68582750232689E-02	-3.29605677605531E-05	0	2.19438134905	10581.84375	
2.308128	-0.026845554041283	-3.2373542626425E-05	0	2.05343999762	10581.84375	
2.312224	-2.68367651986723E-02	-3.11685733987031E-05	0	2.12744879831	10581.84375	
2.31632	-0.026820521145617	-3.49316256452625E-05	0	2.13992283461	10523.34375	
2.320416	-2.67984715958953E-02	-4.05572140100531E-05	0	2.11485269193	10523.34375	
2.324512	-2.67798193977703E-02	-4.27099695496031E-05	0	2.28362983629	10523.34375	
2.328608	-2.67662512036872E-02	-4.25208860848406E-05	0	2.139278152	10523.34375	
2.332704	-2.67566912206894E-02	-4.15399918734281E-05	0	2.2030216219	10523.34375	
2.3368	-2.67396847133195E-02	-4.55026016127375E-05	0	2.2468142631	10465.36328125	
2.340896	-2.67171647441892E-02	-5.11428132802125E-05	0	2.18950236054	10465.36328125	
2.344992	-2.66993926738052E-02	-5.26746432387656E-05	0	2.35331277852	10465.36328125	
2.349088	-2.66870561648247E-02	-5.2079922920025E-05	0	2.21246297965	10465.36328125	
2.353184	-2.66790528174792E-02	-5.06986908877969E-05	0	2.28871863275	10465.36328125	
2.35728	-2.66633261800572E-02	-5.45739120125719E-05	0	2.32354675245	10465.36328125	
2.361376	-2.66419317430784E-02	-6.02125484412375E-05	0	2.27368112477	10406.68359375	
2.365472	-2.66254371654013E-02	-6.15891487473281E-05	0	2.44083321119	10406.68359375	
2.369568	-2.66130811813316E-02	-6.14470421586656E-05	0	2.29378835576	10406.68359375	
2.373664	-2.66043922742727E-02	-6.06153389038312E-05	0	2.35040598474	10406.68359375	
2.37776	-2.65888570047461E-02	-6.43119441014531E-05	0	2.40452117708	10348.84375	
2.381856	-2.65680680327477E-02	-6.97633393712062E-05	0	2.33446820992	10348.84375	
2.385952	-0.02655231542854	-7.10470395298125E-05	0	2.50168133138	10348.84375	
2.390048	-2.65413099916198E-02	-7.0550673680025E-05	0	2.35109262894	10348.84375	
2.394144	-2.65342596435933E-02	-6.93642758279625E-05	0	2.42397991077	10290.08203125	
2.39824	-2.65200451142722E-02	-7.30307370653437E-05	0	2.45910939098	10290.08203125	
2.402336	-2.64999055862114E-02	-7.88125187835562E-05	0	2.40347595202	10290.08203125	
2.406432	-2.64851542576002E-02	-7.99689976751531E-05	0	2.57061277968	10290.08203125	
2.410528	-2.64737657191597E-02	-8.00438963983312E-05	0	2.42869486761	10290.08203125	
2.414624	-2.64665603018781E-02	-7.90330810629937E-05	0	2.48249344068	10232.14453125	
2.41872	-2.64527219252192E-02	-8.26697031475219E-05	0	2.53753941738	10232.14453125	
2.422816	-2.64337244785642E-02	-8.80476768560812E-05	0	2.46170719487	10232.14453125	
2.426912	-2.64204373475058E-02	-8.88235758397969E-05	0	2.63037371322	10232.14453125	
2.431008	-0.026410886690607	-8.85257602722281E-05	0	2.48527816438	10232.14453125	
2.435104	-2.64049559316297E-02	-8.749618558065E-05	0	2.54883089978	10173.3828125	
2.4392	-2.63921277909369E-02	-9.13182348835969E-05	0	2.58110699187	10173.3828125	
2.443296	-2.63735860430831E-02	-9.71472030930844E-05	0	2.50499629699	10173.3828125	
2.447392	-2.63608411972555E-02	-9.79171895827125E-05	0	2.68939841159	10173.3828125	
2.451488	-2.63511820101647E-02	-9.79712383267406E-05	0	2.54088490051	10115.3046875	
2.455584	-2.63457777186227E-02	-9.6831935860275E-05	0	2.59392435027	10115.3046875	
2.45968	-2.63344023464397E-02	-1.00137648179559E-04	0	2.6483103856	10115.3046875	
2.463776	-2.63170592766125E-02	-1.05840063871369E-04	0	2.55086412955	10115.3046875	
2.467872	-2.63055159432141E-02	-1.06576612173281E-04	0	2.74608470499	10115.3046875	
2.471968	-2.62973188507322E-02	-1.06404607777978E-04	0	2.59573251333	10056.3046875	
2.476064	-2.62931530102863E-02	-1.05196215957525E-04	0	2.66100567392	10056.3046875	
2.48016	-2.62826549314416E-02	-1.08690596357372E-04	0	2.69932042028	10056.3046875	
2.484256	-2.62660960768267E-02	-1.14540291469209E-04	0	2.61205938653	10056.3046875	
2.488352	-0.026255328272568	-1.15268910211744E-04	0	2.80152359476	10056.3046875	
2.492448	-2.62472417217897E-02	-1.15356023586169E-04	0	2.65749997381	9998.2421875	
2.496544	-2.62432493284998E-02	-1.14342122917378E-04	0	2.7009912545	9998.2421875	
2.50064	-2.62337940355356E-02	-1.17542504332378E-04	0	2.76223228776	9998.2421875	
2.504736	-2.62181570018105E-02	-1.23417007832869E-04	0	2.65690869686	9998.2421875	
2.508832	-2.62085391421391E-02	-1.23860216764659E-04	0	2.84459144486	9998.2421875	
2.512928	-2.62021653020239E-02	-1.23558740143059E-04	0	2.70220432592	9998.2421875	
2.517024	-2.62001840545672E-02	-1.22022503698528E-04	0	2.75679635451	9939.1640625	
2.52112	-0.02619250794358	-1.25138850582178E-04	0	2.8065818737	9939.1640625	
2.525216	-2.61778939463491E-02	-1.31386520296041E-04	0	2.71244676857	9939.1640625	
2.529312	-2.61692598986964E-02	-1.31926466631094E-04	0	2.90366191951	9939.1640625	
2.533408	-2.61630000747139E-02	-1.32023461245637E-04	0	2.7664894818	9939.1640625	
2.537504	-2.61611738050798E-02	-1.30582104994687E-04	0	2.80727614728	9880.9453125	
2.5416	-2.61541251942678E-02	-1.33649194716056E-04	0	2.86207035444	9880.9453125	
2.545696	-0.026140571446495	-1.39637757237103E-04	0	2.76766822101	9880.9453125	
2.549792	-2.61329304455278E-02	-1.40081783716153E-04	0	2.94382679052	9880.9453125	
2.553888	-2.61283423705184E-02	-1.397249910441E-04	0	2.8061622578	9821.8046875	
2.557984	-2.61282285372505E-02	-1.37980354807969E-04	0	2.86519077086	9821.8046875	
2.56208	-0.02612259219042	-1.41017094078919E-04	0	2.90060635282	9821.8046875	
2.566176	-2.61096500335945E-02	-1.4746254869115E-04	0	2.81903683655	9821.8046875	
2.570272	-0.026102535317198	-1.47945190756584E-04	0	2.9951038535	9821.8046875	
2.574368	-2.60982656096095E-02	-1.47697930907691E-04	0	2.86040333491	9763.46484375	
2.578464	-2.60985595645947E-02	-1.45931628347072E-04	0	2.9008428636	9763.46484375	
2.58256	-2.60941222615202E-02	-1.48708554416297E-04	0	2.95891007478	9763.46484375	
2.586656	-2.60829544407575E-02	-1.54711516201791E-04	0	2.86569430994	9763.46484375	
2.590752	-2.60769884803278E-02	-1.55175869823975E-04	0	3.04300491583	9704.40625	
2.594848	-2.60743845786102E-02	-1.5455576467485E-04	0	2.90823954751	9704.40625	
2.598944	-2.60762351692477E-02	-1.52536703232375E-04	0	2.96204574996	9704.40625	
2.60304	-2.60728172453736E-02	-1.55435888313956E-04	0	3.00115776653	9704.40625	
2.607136	-2.60617005352911E-02	-1.62191463048759E-04	0	2.9141561317	9704.40625	
2.611232	-2.60559454178461E-02	-1.62749964653719E-04	0	3.09293539324	9704.40625	
2.615328	-2.60535365413177E-02	-1.62124847730759E-04	0	2.96007736992	9646.06640625	
2.619424	-2.60561687870619E-02	-1.59687786225516E-04	0	2.99280359543	9646.06640625	
2.62352	-2.60538019694116E-02	-1.62398759956847E-04	0	3.05866421828	9646.06640625	
2.627616	-2.60434211982639E-02	-1.69196844504909E-04	0	2.95361147037	9646.06640625	
2.631712	-2.60382995240964E-02	-1.69728212002388E-04	0	3.13647245021	9646.06640625	
2.635808	-2.60375939406997E-02	-1.68385417191338E-04	0	3.00343513646	9587.125	
2.639904	-2.60415820366694E-02	-1.65838448103694E-04	0	3.05071440432	9587.125	
2.644	-2.60397441551277E-02	-1.68978129819778E-04	0	3.09742528337	9587.125	
2.648096	-2.60299253271647E-02	-1.75923773114512E-04	0	3.00876425839	9587.125	
2.652192	-2.60255464493578E-02	-1.76229415116562E-04	0	3.19076693298	9587.125	
2.656288	-2.60252775468348E-02	-1.74976612282828E-04	0	3.08054528012	9528.82421875	
2.660384	-2.60293589952275E-02	-1.72541238516281E-04	0	3.08278450315	9528.82421875	
2.66448	-2.60282170052541E-02	-1.75475188947712E-04	0	3.1524216691	9528.82421875	
2.668576	-2.60192460294147E-02	-1.82348421257166E-04	0	3.04575912201	9528.82421875	
2.672672	-2.60158173165241E-02	-1.824193791189E-04	0	3.22670894216	9469.96484375	
2.676768	-2.60169274880419E-02	-1.80646834016447E-04	0	3.12323166122	9469.96484375	
2.680864	-2.60217529214156E-02	-1.78257306117516E-04	0	3.1313645803	9469.96484375	
2.68496	-2.60211345644748E-02	-1.81371029446097E-04	0	3.19241106437	9469.96484375	
2.689056	-2.60121245470247E-02	-1.88754911966053E-04	0	3.09699803809	9469.96484375	
2.693152	-2.60091482413709E-02	-1.88588410930631E-04	0	3.28166718099	9469.96484375	
2.697248	-2.60103695031864E-02	-1.86961881547547E-04	0	3.1679856043	9411.6640625	
2.701344	-2.60161235234433E-02	-1.83997295089059E-04	0	3.17769780504	9411.6640625	
2.70544	-2.60169210877778E-02	-1.86612155454966E-04	0	3.24155190095	9411.6640625	
2.709536	-2.60088490747422E-02	-1.94100250851478E-04	0	3.14006970288	9411.6640625	
2.713632	-2.60067960528956E-02	-1.93755223311891E-04	0	3.31529367334	9411.6640625	
2.717728	-2.60089163689472E-02	-1.91970509471606E-04	0	3.21079024079	9353.02734375	
2.721824	-2.60150436160312E-02	-1.89198921858581E-04	0	3.22866206344	9353.02734375	
2.72592	-2.60150442560577E-02	-1.92780741353681E-04	0	3.27778764126	9353.02734375	
2.730016	-2.60066177598253E-02	-2.00450681760656E-04	0	3.18547214326	9353.02734375	
2.734112	-2.60047338878147E-02	-1.996839695466E-04	0	3.36732985963	9294.5859375	
2.738208	-2.60071995438286E-02	-1.97525021945934E-04	0	3.25786351539	9294.5859375	
2.742304	-2.60135834415016E-02	-1.94627886381534E-04	0	3.23624948185	9294.5859375	
2.7464	-2.60143854860209E-02	-1.97981467162566E-04	0	3.3316739522	9294.5859375	
2.750496	-2.60070989682505E-02	-2.05406732573831E-04	0	3.23267130263	9294.5859375	
2.754592	-2.60058445164942E-02	-2.04739674346659E-04	0	3.41194647387	9236.0859375	
2.758688	-2.60093941943756E-02	-2.02110667841053E-04	0	3.29890957979	9236.0859375	
2.762784	-2.60161661309155E-02	-1.99360749196744E-04	0	3.29353086689	9236.0859375	
2.76688	-2.60166972614003E-02	-2.03194155219103E-04	0	3.36649444252	9236.0859375	
2.770976	-2.60088891221088E-02	-2.11088185546219E-04	0	3.28281158799	9236.0859375	
2.775072	-2.60086884281142E-02	-2.09357471651934E-04	0	3.45388136104	9177.6875	
2.779168	-2.60128171470286E-02	-2.06683800287147E-04	0	3.35145311985	9177.6875	
2.783264	-2.60204288896458E-02	-2.03588520209353E-04	0	3.32497154187	9177.6875	
2.78736	-2.60218362162808E-02	-2.07312787879312E-04	0	3.41865269889	9177.6875	
2.791456	-2.60146776123592E-02	-2.15255153013862E-04	0	3.32476173392	9177.6875	
2.795552	-2.60140433461906E-02	-2.14089163554853E-04	0	3.49339392006	9119.28515625	
2.799648	-2.60175698002567E-02	-2.11830913168875E-04	0	3.38756679008	9119.28515625	
2.803744	-0.026024834465697	-2.08742978516428E-04	0	3.38589977055	9119.28515625	
2.80784	-2.60261868414934E-02	-2.12467919262637E-04	0	3.46128948902	9119.28515625	
2.811936	-2.60194867707758E-02	-2.20147083939234E-04	0	3.36655929225	9060.80859375	
2.816032	-2.60199790425145E-02	-2.18172889038431E-04	0	3.55028239203	9060.80859375	
2.820128	-2.60246779335245E-02	-2.15316634202381E-04	0	3.43784440428	9060.80859375	
2.824224	-2.60320886164178E-02	-2.12627761170103E-04	0	3.41619222384	9060.80859375	
2.82832	-2.60336658243475E-02	-2.16485515725806E-04	0	3.5169915924	9060.80859375	
2.832416	-2.60270768439275E-02	-2.244013832907E-04	0	3.41166037212	9002.38671875	
2.836512	-0.026027195065948	-2.22754378447322E-04	0	3.58890994297	9002.38671875	
2.840608	-2.60316612616431E-02	-2.19891044291428E-04	0	3.47665887503	9002.38671875	
2.844704	-2.60390003530112E-02	-2.170137906783E-04	0	3.47206598827	9002.38671875	
2.8488	-2.60404382180491E-02	-2.20968962203894E-04	0	3.55103007127	8943.90625	
2.852896	-2.60335546426175E-02	-2.29158043197497E-04	0	3.45858105912	8943.90625	
2.856992	-2.60347401543866E-02	-2.26414627190916E-04	0	3.6429908031	8943.90625	
2.861088	-0.026039443159852	-2.23823332426444E-04	0	3.53384107813	8943.90625	
2.865184	-0.026046634587985	-2.2126341335175E-04	0	3.51094149406	8943.90625	
2.86928	-2.60482949993475E-02	-2.24999935336378E-04	0	3.62738109162	8943.90625	
2.873376	-2.60419584636286E-02	-2.3288264019405E-04	0	3.50218678051	8943.90625	
2.877472	-2.60426810534413E-02	-2.30629012639987E-04	0	3.68528808582	8885.34765625	
2.881568	-2.60472294468134E-02	-2.27915142036553E-04	0	3.57473455493	8885.34765625	
2.885664	-0.026054417034788	-2.25229524289481E-04	0	3.56413353142	8885.34765625	
2.88976	-2.60564414383109E-02	-2.28891322550756E-04	0	3.66856829955	8885.34765625	
2.893856	-2.60503342149102E-02	-2.36980183692656E-04	0	3.55683221476	8826.7265625	
2.897952	-2.60516346571353E-02	-2.34189694656225E-04	0	3.73195318859	8826.7265625	
2.902048	-2.60564072426144E-02	-2.31535736733262E-04	0	3.62525630929	8826.7265625	
2.906144	-2.60643717312137E-02	-2.281692718305E-04	0	3.60074692604	8826.7265625	
2.91024	-2.60672309120352E-02	-2.31660926752303E-04	0	3.7225270896	8826.7265625	
2.914336	-2.60610087581783E-02	-2.4044651724555E-04	0	3.60147553183	8768.1484375	
2.918432	-2.60617490858656E-02	-2.38084580424797E-04	0	3.78248257233	8768.1484375	
2.922528	-2.60662703238317E-02	-2.35305488732737E-04	0	3.67330232984	8768.1484375	
2.926624	-2.60740257066609E-02	-2.31849935217141E-04	0	3.66549365941	8768.1484375	
2.93072	-2.60762685420531E-02	-2.35759923374456E-04	0	3.76969191676	8768.1484375	
2.934816	-0.026070026364513	-2.44284124706016E-04	0	3.64445564406	8709.609375	
2.938912	-2.60715052826731E-02	-2.41168532148534E-04	0	3.83889802274	8709.609375	
2.943008	-2.60771779281441E-02	-2.37755844215072E-04	0	3.72741752218	8709.609375	
2.947104	-2.60854024503291E-02	-2.34436448255625E-04	0	3.69898282292	8709.609375	
2.9512	-2.60881445977505E-02	-2.38345456606228E-04	0	3.82733569735	8709.609375	
2.955296	-2.60816518955884E-02	-2.47515803926256E-04	0	3.68547500563	8650.75	
2.959392	-2.60822279193541E-02	-2.44904306297372E-04	0	3.88478492875	8650.75	
2.963488	-2.60873112833695E-02	-2.41424805449953E-04	0	3.77058836891	8650.75	
2.967584	-2.60953989313359E-02	-2.37863969587716E-04	0	3.75702333127	8650.75	
2.97168	-2.60983533846595E-02	-2.41518592615781E-04	0	3.8729021694	8650.75	
2.975776	-2.60917854336786E-02	-2.51002135536075E-04	0	3.7319875208	8592.08984375	
2.979872	-2.60936529392997E-02	-2.47058280826087E-04	0	3.9467545678	8592.08984375	
2.983968	-2.60988323987084E-02	-2.44099315515825E-04	0	3.82977328426	8592.08984375	
2.988064	-2.61063454858267E-02	-2.41036993337766E-04	0	3.80078545495	8592.08984375	
2.99216	-2.61089418900922E-02	-2.44791878525184E-04	0	3.931800983	8592.08984375	
2.996256	-2.61025230652639E-02	-2.54030022171647E-04	0	3.78702205343	8533.34765625	
3.000352	-2.61037571276075E-02	-2.50684895949469E-04	0	3.99233248392	8533.34765625	
3.004448	-2.61089752628977E-02	-2.47291643092725E-04	0	3.87873483041	8533.34765625	
3.008544	-2.61170797344153E-02	-2.43480850509291E-04	0	3.86286572001	8533.34765625	
3.01264	-0.026120008952412	-2.473403988132E-04	0	3.97657399953	8474.7890625	
3.016736	-2.61133589866187E-02	-2.57099770544203E-04	0	3.83580430915	8474.7890625	
3.020832	-2.61152234749725E-02	-2.52851921186287E-04	0	4.04653922882	8474.7890625	
3.024928	-2.61203584982622E-02	-2.49842862656888E-04	0	3.93779386099	8474.7890625	
3.029024	-2.61282778192838E-02	-2.46230130933084E-04	0	3.9004060843	8474.7890625	
3.03312	-2.61314429327273E-02	-2.49897210198694E-04	0	4.0401763259	8416.2109375	
3.037216	-0.026124807047515	-2.59939485492947E-04	0	3.8927385574	8416.2109375	
3.041312	-2.61258545878773E-02	-2.56115088596194E-04	0	4.09663755259	8416.2109375	
3.045408	-2.61309533125266E-02	-2.526022166283E-04	0	3.98899081548	8416.2109375	
3.049504	-2.61390942655494E-02	-2.48629402091503E-04	0	3.97125250698	8357.8125	
3.0536	-2.61422415496859E-02	-2.52608077199362E-04	0	4.08457168812	8357.8125	
3.057696	-2.61355754918002E-02	-2.62705194265697E-04	0	3.944770929	8357.8125	
3.061792	-2.61378726380045E-02	-2.57616157287431E-04	0	4.14025090336	8357.8125	
3.065888	-2.61434391305244E-02	-2.54317663470544E-04	0	4.04952613109	8357.8125	
3.069984	-2.61515349159694E-02	-2.50458481752806E-04	0	4.00936126008	8357.8125	
3.07408	-2.61544229894114E-02	-2.54747527223372E-04	0	4.1427151931	8357.8125	
3.078176	-2.61472911751666E-02	-2.65359061323366E-04	0	4.0039367709	8299.7109375	
3.082272	-2.61479891696788E-02	-2.61475083716963E-04	0	4.18862880194	8299.7109375	
3.086368	-2.61532799022498E-02	-2.57383487087409E-04	0	4.09900647508	8299.7109375	
3.090464	-2.61617238620598E-02	-2.52884403846112E-04	0	4.07765184046	8299.7109375	
3.09456	-2.61653549147272E-02	-2.56531244430037E-04	0	4.18590892797	8241.2890625	
3.098656	-2.61587970213041E-02	-2.67074410569553E-04	0	4.05926121997	8241.2890625	
3.102752	-2.61605164065283E-02	-2.62398706351031E-04	0	4.24555160612	8241.2890625	
3.106848	-2.61658523981095E-02	-2.58909922339819E-04	0	4.16364258244	8241.2890625	
3.110944	-2.61732248622831E-02	-2.55654021028416E-04	0	4.11982323841	8241.2890625	
3.11504	-2.61763018349473E-02	-2.59296468587887E-04	0	4.2542567287	8183.3125	
3.119136	-2.61693450222084E-02	-2.69974146371737E-04	0	4.11450556055	8183.3125	
3.123232	-2.61705220307695E-02	-2.65283827263984E-04	0	4.29246084905	8183.3125	
3.127328	-2.61763743407959E-02	-2.60735410418175E-04	0	4.21101340286	8183.3125	
3.131424	-2.61845167567362E-02	-2.5681817010465E-04	0	4.18675960384	8124.76953125	
3.13552	-2.61882080633181E-02	-2.60440554463031E-04	0	4.30559864141	8124.76953125	
3.139616	-2.61808842411514E-02	-2.72176275179222E-04	0	4.17156950826	8124.76953125	
3.143712	-2.61826143239598E-02	-2.66570483188866E-04	0	4.35883264036	8124.76953125	
3.147808	-2.61880543655483E-02	-2.62817240307497E-04	0	4.27905984308	8124.76953125	
3.151904	-2.61955464232275E-02	-2.59092197397928E-04	0	4.22811847282	8067.01171875	
3.156	-2.61989810792205E-02	-2.62634798663016E-04	0	4.37034537478	8067.01171875	
3.160096	-2.61919639211347E-02	-2.73877440064594E-04	0	4.22926287982	8067.01171875	
3.164192	-2.61929720541569E-02	-2.69140773647419E-04	0	4.41247481114	8067.01171875	
3.168288	-2.61984990479042E-02	-2.64756683319975E-04	0	4.34845286887	8067.01171875	
3.172384	-0.026206244464608	-2.60769290913141E-04	0	4.3009866812	8067.01171875	
3.17648	-2.62101752324981E-02	-2.64000250422562E-04	0	4.41627805707	8067.01171875	
3.180576	-2.62028503131433E-02	-2.75903873134313E-04	0	4.28567451554	8008.2734375	
3.184672	-0.026204957371505	-2.69525433118528E-04	0	4.47139269819	8008.2734375	
3.188768	-2.62104602271136E-02	-2.65930392242419E-04	0	4.42009656176	8008.2734375	
3.192864	-2.62176290714577E-02	-2.62578845593969E-04	0	4.34719020648	7950.59375	
3.19696	-2.62212707302769E-02	-2.65777768116197E-04	0	4.48965743391	7950.59375	
3.201056	-2.62140810393584E-02	-2.77533931600406E-04	0	4.34982615727	7950.59375	
3.205152	-2.62152580479195E-02	-2.72057242365562E-04	0	4.52225395996	7950.59375	
3.209248	-2.62209485226975E-02	-2.67412083549188E-04	0	4.47011477704	7950.59375	
3.213344	-2.62289964890267E-02	-2.63065764818587E-04	0	4.41671293173	7891.83203125	
3.21744	-2.62330263695775E-02	-2.66489148654816E-04	0	4.53472799626	7891.83203125	
3.221536	-2.62255794794761E-02	-2.79080246159859E-04	0	4.40768737519	7891.83203125	
3.225632	-2.62273610386941E-02	-2.72549091633328E-04	0	4.58698543457	7891.83203125	
3.229728	-2.62328469793191E-02	-2.68678400311716E-04	0	4.53840154273	7891.83203125	
3.233824	-2.62404426298437E-02	-2.64379473120263E-04	0	4.46034535595	7891.83203125	
3.23792	-2.62440689280292E-02	-2.68029157210959E-04	0	4.60552482797	7833.8515625	
3.242016	-2.62360961190866E-02	-2.80878655899909E-04	0	4.46920688082	7833.8515625	
3.246112	-2.62365381944686E-02	-2.75442414461156E-04	0	4.64258454132	7833.8515625	
3.250208	-2.62422060854577E-02	-2.70201512490525E-04	0	4.59138758683	7833.8515625	
3.254304	-2.62505411493462E-02	-2.65285166685722E-04	0	4.51676080636	7774.875	
3.2584	-2.62544731972892E-02	-2.69039321585409E-04	0	4.65756864364	7774.875	
3.262496	-2.62465283666437E-02	-2.82223114170834E-04	0	4.53035636152	7774.875	
3.266592	-2.62477638004725E-02	-2.75697507715678E-04	0	4.71105441213	7774.875	
3.270688	-2.62529494772806E-02	-2.71616300018044E-04	0	4.65975064632	7774.875	
3.274784	-2.62600405127002E-02	-2.67714288775828E-04	0	4.56317795428	7774.875	
3.27888	-2.62632343358997E-02	-2.71536202742372E-04	0	4.72866302117	7716.89453125	
3.282976	-2.62557187801081E-02	-2.83772248198622E-04	0	4.59878045605	7716.89453125	
3.287072	-2.62571736515619E-02	-2.76993236227641E-04	0	4.7651200135	7716.89453125	
3.291168	-2.62633154363886E-02	-2.71798451758969E-04	0	4.71366747478	7716.89453125	
3.295264	-2.62711829152712E-02	-2.67553228119581E-04	0	4.64158890723	7716.89453125	
3.29936	-0.026274486640148	-2.71880424032766E-04	0	4.78363651876	7657.85546875	
3.303456	-2.62663097542141E-02	-2.85225215495653E-04	0	4.65753431143	7657.85546875	
3.307552	-2.62678242395559E-02	-2.777552530137E-04	0	4.84134896377	7657.85546875	
3.311648	-2.62731882094344E-02	-2.73652640289394E-04	0	4.79312365279	7657.85546875	
3.315744	-2.62801440164175E-02	-2.696070150081E-04	0	4.69262183005	7599.79296875	
3.31984	-2.62835688891497E-02	-2.73175076584266E-04	0	4.86362293868	7599.79296875	
3.323936	-2.62759720500045E-02	-2.85802375255031E-04	0	4.72089249764	7599.79296875	
3.328032	-2.62769026483992E-02	-2.79410510493056E-04	0	4.89440748698	7599.79296875	
3.332128	-2.62829621441166E-02	-2.73927097226475E-04	0	4.8453047973	7599.79296875	
3.336224	-2.62907466938634E-02	-2.69598496266619E-04	0	4.77237555388	7540.5546875	
3.34032	-2.62943866154681E-02	-2.73577610556731E-04	0	4.91851632778	7540.5546875	
3.344416	-2.62862460281747E-02	-2.87154659479669E-04	0	4.78317875596	7540.5546875	
3.348512	-2.62876053528292E-02	-2.79500937806475E-04	0	4.96622284092	7540.5546875	
3.352608	-2.62934410221691E-02	-2.74588628055328E-04	0	4.9259854908	7540.5546875	
3.356704	-2.63002769613495E-02	-2.71150742070141E-04	0	4.82154690798	7482.375	
3.3608	-2.63034866023445E-02	-2.74907392640409E-04	0	5.00309944915	7482.375	
3.364896	-2.62954539966491E-02	-2.88229625231625E-04	0	4.85824041109	7482.375	
3.368992	-2.62964204365225E-02	-2.80947382033106E-04	0	5.03038211203	7482.375	
3.373088	-2.63030522987117E-02	-2.745662408181E-04	0	4.98610881989	7423.15625	
3.377184	-2.63103064494325E-02	-2.71096135393978E-04	0	4.90201016415	7423.15625	
3.38128	-2.63137575632473E-02	-2.750045865336E-04	0	5.05985059228	7423.15625	
3.385376	-2.63051755405983E-02	-2.89380684897872E-04	0	4.92220131832	7423.15625	
3.389472	-2.63066661620984E-02	-2.80827183595612E-04	0	5.10418873415	7423.15625	
3.393568	-2.63128015466611E-02	-2.75625336393619E-04	0	5.06807887861	7423.15625	
3.397664	-2.63190002024056E-02	-2.72917029726928E-04	0	4.95717439624	7364.77734375	
3.40176	-2.63222938697245E-02	-2.76058767450572E-04	0	5.13745664564	7364.77734375	
3.405856	-2.63139403365025E-02	-2.90051877495909E-04	0	4.99563028613	7364.77734375	
3.409952	-2.63152805517972E-02	-2.81604268155066E-04	0	5.15909738201	7364.77734375	
3.414048	-2.63219045508048E-02	-2.75614804673381E-04	0	5.12510849411	7305.59765625	
3.418144	-0.026328893090567	-2.72469860462559E-04	0	5.04381745021	7305.59765625	
3.42224	-2.63321810890806E-02	-2.76413687528344E-04	0	5.20097886352	7305.59765625	
3.426336	-2.63230495580456E-02	-2.91462405171919E-04	0	5.06472195141	7305.59765625	
3.430432	-2.63245264646942E-02	-2.81913750297506E-04	0	5.24178078776	7305.59765625	
3.434528	-2.63305209520152E-02	-2.76765071551959E-04	0	5.20612106564	7247.1953125	
3.438624	-2.63365786190856E-02	-2.74079796593006E-04	0	5.10119038781	7247.1953125	
3.44272	-0.026339686495882	-2.77595954134537E-04	0	5.2782721123	7247.1953125	
3.446816	-2.63313507005347E-02	-2.91599225227406E-04	0	5.13913129455	7247.1953125	
3.450912	-2.63328852095598E-02	-2.82650425762753E-04	0	5.30269757237	7188.31640625	
3.455008	-2.63395293236831E-02	-2.76548304701419E-04	0	5.26971576263	7188.31640625	
3.459104	-2.63458571733294E-02	-2.73918131129672E-04	0	5.18426670663	7188.31640625	
3.4632	-2.63488140038939E-02	-2.77880183417616E-04	0	5.33865484031	7188.31640625	
3.467296	-2.63396849415322E-02	-2.92837004037703E-04	0	5.21418150561	7188.31640625	
3.471392	-2.63413463586505E-02	-2.82966880494375E-04	0	5.3850834323	7188.31640625	
3.475488	-2.63474051229091E-02	-2.7799837969365E-04	0	5.34752017987	7129.9375	
3.479584	-2.63532154654897E-02	-2.75219619251259E-04	0	5.25085974996	7129.9375	
3.48368	-0.02635668824877	-2.78160126887672E-04	0	5.42401234375	7129.9375	
3.487776	-2.63485925547573E-02	-2.92091337475678E-04	0	5.28906387031	7129.9375	
3.491872	-0.026350131178238	-2.83072072216106E-04	0	5.45075332065	7129.9375	
3.495968	-2.63563561664975E-02	-2.77668917523112E-04	0	5.41399115312	7071.19921875	
3.500064	-2.63620766310842E-02	-2.75554537666341E-04	0	5.33833440635	7071.19921875	
3.50416	-2.63655087269716E-02	-2.78242886179912E-04	0	5.48547844372	7071.19921875	
3.508256	-2.63572208421723E-02	-2.92630091263847E-04	0	5.35989884892	7071.19921875	
3.512352	-2.63587346874878E-02	-2.83255304484797E-04	0	5.53442473111	7012.9375	
3.516448	-2.63643735029916E-02	-2.7850720226175E-04	0	5.50343418955	7012.9375	
3.520544	-2.63694385805383E-02	-2.76378577948069E-04	0	5.39462778668	7012.9375	
3.52464	-2.63731406761367E-02	-2.78407831928428E-04	0	5.58129582714	7012.9375	
3.528736	-2.63649445894106E-02	-2.93175681824025E-04	0	5.44055283959	7012.9375	
3.532832	-2.63656356350647E-02	-2.84727846762253E-04	0	5.6028259375	7012.9375	
3.536928	-2.63721461665338E-02	-2.78078592834591E-04	0	5.56927573895	6954.33984375	
3.541024	-2.63783009347533E-02	-2.75236512263212E-04	0	5.48439125707	6954.33984375	
3.54512	-2.63822782417064E-02	-2.77619974543209E-04	0	5.64696571549	6954.33984375	
3.549216	-2.63732727958734E-02	-2.93852838598791E-04	0	5.51023196713	6954.33984375	
3.553312	-2.63742494761694E-02	-2.84217543666788E-04	0	5.69444716192	6954.33984375	
3.557408	-2.63798560160558E-02	-2.79338246142244E-04	0	5.66137761431	6895.921875	
3.561504	-0.026384673860545	-2.77161072598266E-04	0	5.54950420068	6895.921875	
3.5656	-2.63886473273397E-02	-2.78608562256544E-04	0	5.73398642377	6895.921875	
3.569696	-2.63804230794517E-02	-2.93566911480872E-04	0	5.5970276087	6895.921875	
3.573792	-2.63815475144152E-02	-2.84311340207606E-04	0	5.73274664952	6895.921875	
3.577888	-0.026387336370395	-2.78956950129309E-04	0	5.73777822563	6837.5390625	
3.581984	-2.63927159752042E-02	-2.76712303816266E-04	0	5.64531776941	6837.5390625	
3.58608	-2.63963484907891E-02	-2.78898170620781E-04	0	5.80844917257	6837.5390625	
3.590176	-2.63875878093403E-02	-2.94620760186637E-04	0	5.68266358451	6837.5390625	
3.594272	-2.63881210427691E-02	-2.85438274417209E-04	0	5.82305562058	6779.23828125	
3.598368	-2.63934441423898E-02	-2.80158634744931E-04	0	5.82822071084	6779.23828125	
3.602464	-2.63985904118578E-02	-2.77386069729038E-04	0	5.71154841719	6779.23828125	
3.60656	-2.64028516162383E-02	-2.7853802530785E-04	0	5.90006276761	6779.23828125	
3.610656	-2.63945850351752E-02	-2.94591071754787E-04	0	5.76965758996	6779.23828125	
3.614752	-2.63947077373805E-02	-2.86245835869263E-04	0	5.90108891922	6720.76171875	
3.618848	-2.64009432403595E-02	-2.79253270986834E-04	0	5.90492268267	6720.76171875	
3.622944	-2.64063047415647E-02	-2.77005674917125E-04	0	5.81203498117	6720.76171875	
3.62704	-2.64105803922555E-02	-2.78239097241394E-04	0	5.97332007437	6720.76171875	
3.631136	-2.64016239541588E-02	-2.95304522483644E-04	0	5.85197860016	6720.76171875	
3.635232	-2.64017920068066E-02	-2.85983214497269E-04	0	5.99533083567	6662.19921875	
3.639328	-2.64073354583758E-02	-2.80327741546978E-04	0	6.00636673384	6662.19921875	
3.643424	-2.64123594828002E-02	-2.7786151059975E-04	0	5.88364434185	6662.19921875	
3.64752	-2.64169089733605E-02	-2.78489960452069E-04	0	6.07810579398	6662.19921875	
3.651616	-2.64082647767177E-02	-2.95268168914228E-04	0	5.93692411708	6603.78125	
3.655712	-0.026407653642932	-2.87108056401272E-04	0	6.06867969499	6603.78125	
3.659808	-2.64140760336217E-02	-2.79346575460837E-04	0	6.08180985797	6603.78125	
3.663904	-0.026419918743252	-2.76631035868687E-04	0	5.98263554735	6603.78125	
3.668	-2.64242682712766E-02	-2.78412602837119E-04	0	6.15354891811	6603.78125	
3.672096	-2.64145110687133E-02	-2.96790543593775E-04	0	6.02905269527	6545.140625	
3.676192	-2.64142012959327E-02	-2.86955764486256E-04	0	6.17179458038	6545.140625	
3.680288	-2.64201199858406E-02	-2.80216353917981E-04	0	6.20207177491	6545.140625	
3.684384	-2.64252723812756E-02	-2.775534686001E-04	0	6.06082143359	6545.140625	
3.68848	-0.026430234688868	-2.77877515391437E-04	0	6.25141479006	6545.140625	
3.692576	-2.64211191584931E-02	-2.96052637360528E-04	0	6.12491204028	6486.640625	
3.696672	-2.64203535954789E-02	-2.87718861078928E-04	0	6.2502169774	6486.640625	
3.700768	-2.64267563282147E-02	-2.79528206048438E-04	0	6.29370062871	6486.640625	
3.704864	-2.64325369552836E-02	-2.76782426582681E-04	0	6.16582077584	6486.640625	
3.70896	-2.64367620438883E-02	-2.78321228168878E-04	0	6.33329711091	6486.640625	
3.713056	-2.64269403815227E-02	-0.000296992087623	0	6.21265753966	6427.94140625	
3.717152	-0.026426065922587	-2.87792941774078E-04	0	6.34990627117	6427.94140625	
3.721248	-2.64326257360894E-02	-2.79569178603619E-04	0	6.38684391444	6427.94140625	
3.725344	-2.64378344538481E-02	-2.77678373282887E-04	0	6.24477341477	6427.94140625	
3.72944	-2.64428077333217E-02	-2.77724779246097E-04	0	6.44010080153	6427.94140625	
3.733536	-2.64331193793133E-02	-2.970744875406E-04	0	6.30644932269	6427.94140625	
3.737632	-2.64319453880195E-02	-2.87958297618337E-04	0	6.43564142892	6369.3828125	
3.741728	-2.64390706191356E-02	-2.78563090907784E-04	0	6.48086457887	6369.3828125	
3.745824	-0.026444410908037	-2.77099719775003E-04	0	6.35221797331	6369.3828125	
3.74992	-2.64489091050525E-02	-2.78084118550219E-04	0	6.52997871262	6369.3828125	
3.754016	-2.64383766476466E-02	-2.98416955669284E-04	0	6.40707321551	6369.3828125	
3.758112	-2.64376735329231E-02	-2.87585467702706E-04	0	6.54547779809	6310.703125	
3.762208	-2.64447062345073E-02	-2.78858780996709E-04	0	6.58403286992	6310.703125	
3.766304	-0.026449940187593	-2.77062783994631E-04	0	6.43743433322	6310.703125	
3.7704	-2.64545309141403E-02	-2.77914563190928E-04	0	6.63392520043	6310.703125	
3.774496	-2.64446644499262E-02	-2.97323618781853E-04	0	6.50584698368	6252.04296875	
3.778592	-2.64439636210114E-02	-2.87301471832856E-04	0	6.63488650231	6252.04296875	
3.782688	-2.64509839792292E-02	-2.78594172367087E-04	0	6.67427699125	6252.04296875	
3.786784	-2.64560483253172E-02	-2.77154558422087E-04	0	6.53911870986	6252.04296875	
3.79088	-0.026460508303613	-2.777578607034E-04	0	6.73068481228	6252.04296875	
3.794976	-2.64502986938128E-02	-2.97646984564256E-04	0	6.60351830644	6193.484375	
3.799072	-2.64496658905617E-02	-2.86743613496484E-04	0	6.74537899816	6193.484375	
3.803168	-2.64569995874216E-02	-2.77953735026756E-04	0	6.78677219935	6193.484375	
3.807264	-2.64615545639225E-02	-2.77503053987053E-04	0	6.63416934059	6193.484375	
3.81136	-2.64661955782589E-02	-2.77512399170016E-04	0	6.84297784181	6193.484375	
3.815456	-2.64566195031686E-02	-2.96755567186444E-04	0	6.71148547751	6134.96484375	
3.819552	-2.64558157214347E-02	-2.86619495351372E-04	0	6.83754572325	6134.96484375	
3.823648	-2.64628731097517E-02	-2.77486044629062E-04	0	6.88401627683	6134.96484375	
3.827744	-2.64675436567352E-02	-2.76720105971925E-04	0	6.74823620097	6134.96484375	
3.83184	-2.64716204420783E-02	-2.77842320715094E-04	0	6.93580450827	6134.96484375	
3.835936	-2.64610471144147E-02	-2.98288840412784E-04	0	6.81484450306	6076.484375	
3.840032	-2.64603071524567E-02	-2.86862825156119E-04	0	6.95346652297	6076.484375	
3.844128	-2.64680698498734E-02	-2.76851868340162E-04	0	6.99535563386	6076.484375	
3.848224	-2.64728338407122E-02	-2.76385193085684E-04	0	6.84846336603	6076.484375	
3.85232	-2.64772783669419E-02	-2.76777300626269E-04	0	7.04738800546	6076.484375	
3.856416	-2.64673364710442E-02	-2.96912444433412E-04	0	6.92931190589	6018.125	
3.860512	-2.64661783889783E-02	-2.86901677761497E-04	0	7.05212203575	6018.125	
3.864608	-2.64736122956869E-02	-2.76814650348534E-04	0	7.09664328274	6018.125	
3.868704	-2.64781383795672E-02	-2.76679574281687E-04	0	6.97049148444	6018.125	
3.8728	-2.64823476503764E-02	-2.76868299333347E-04	0	7.14761898521	5959.6875	
3.876896	-2.64719036994792E-02	-2.97480312134775E-04	0	7.03998750686	5959.6875	
3.880992	-2.64712995145517E-02	-2.85600526658803E-04	0	7.16502541568	5959.6875	
3.885088	-2.64786784704217E-02	-2.76732802353459E-04	0	7.21471938231	5959.6875	
3.889184	-2.64824541690569E-02	-2.77528306365647E-04	0	7.06821621286	5959.6875	
3.89328	-2.64868682483161E-02	-2.76746521330125E-04	0	7.25322486317	5959.6875	
3.897376	-2.64775947228513E-02	-2.95962680479331E-04	0	7.15400859096	5901.46875	
3.901472	-2.64768533894081E-02	-2.85462566700609E-04	0	7.26754902412	5901.46875	
3.905568	-2.64841843432977E-02	-2.75933750748666E-04	0	7.32278192063	5901.46875	
3.909664	-2.64876934252184E-02	-2.77165280286366E-04	0	7.19193805363	5901.46875	
3.91376	-2.64916185243033E-02	-2.76857361363516E-04	0	7.36174897898	5843.1484375	
3.917856	-2.64822439660986E-02	-2.96091892850119E-04	0	7.26855228759	5843.1484375	
3.921952	-2.64818119482744E-02	-2.84904081201403E-04	0	7.38703655899	5843.1484375	
3.926048	-2.64893048288447E-02	-2.75740618009106E-04	0	7.43819918127	5843.1484375	
3.930144	-2.64930223765092E-02	-2.76232628334403E-04	0	7.29683821394	5843.1484375	
3.93424	-2.64976643051691E-02	-2.75095243414097E-04	0	7.48127847544	5843.1484375	
3.938336	-2.64882733805748E-02	-2.9500436268765E-04	0	7.38038373963	5785.0859375	
3.942432	-2.64869235648841E-02	-2.85323571647297E-04	0	7.49718573274	5785.0859375	
3.946528	-0.026494477247963	-2.74748274770681E-04	0	7.55383769393	5785.0859375	
3.950624	-2.64982132649609E-02	-2.76140250301781E-04	0	7.42491643069	5726.6484375	
3.95472	-2.65025088479027E-02	-2.75015667772519E-04	0	7.59505541938	5726.6484375	
3.958816	-2.64931859489722E-02	-2.94788987903025E-04	0	7.50312901976	5726.6484375	
3.962912	-2.64922023198181E-02	-2.84024408523384E-04	0	7.62099912607	5726.6484375	
3.967008	-2.64996298262627E-02	-2.74365503759222E-04	0	7.68124833993	5726.6484375	
3.971104	-2.65029303510073E-02	-2.75809518420975E-04	0	7.53910536115	5726.6484375	
3.9752	-2.65076413110867E-02	-2.74095036962381E-04	0	7.72204263479	5668.76953125	
3.979296	-2.64986606434189E-02	-2.93630716224759E-04	0	7.6388022843	5668.76953125	
3.983392	-2.64975362998878E-02	-2.83538849874328E-04	0	7.73652701272	5668.76953125	
3.987488	-2.65043558726787E-02	-2.74438976041519E-04	0	7.79407924075	5668.76953125	
3.991584	-2.65076213788358E-02	-2.75384385192262E-04	0	7.66616124098	5668.76953125	
3.99568	-2.65123293216478E-02	-2.73383401616325E-04	0	7.83659014611	5668.76953125	
3.999776	-2.65032230259397E-02	-2.93454557987456E-04	0	7.75947618776	5610.08984375	
4.003872	-2.65019478190414E-02	-2.83514373216112E-04	0	7.87081554479	5610.08984375	
4.007968	-2.65094825756252E-02	-2.73081228120422E-04	0	7.92458741503	5610.08984375	
4.012064	-2.65129406382981E-02	-2.7426079112355E-04	0	7.784637883	5552.26953125	
4.01616	-2.65177095664834E-02	-2.72241845786728E-04	0	7.96537026582	5552.26953125	
4.020256	-2.65085037923853E-02	-2.92558428595125E-04	0	7.89045356891	5552.26953125	
4.024352	-2.65062892095873E-02	-2.83958702339091E-04	0	7.98508839843	5552.26953125	
4.028448	-2.65133502551981E-02	-2.73204035449537E-04	0	8.05196372882	5552.26953125	
4.032544	-2.65172649309958E-02	-2.73696483514781E-04	0	7.92167299187	5552.26953125	
4.03664	-0.026522366307183	-2.71365408201628E-04	0	8.0929792757	5493.53125	
4.040736	-2.65130764153286E-02	-2.92409380907634E-04	0	8.01242446697	5493.53125	
4.044832	-2.65110177246767E-02	-2.82916705063781E-04	0	8.12345483411	5493.53125	
4.048928	-2.65188343671762E-02	-2.71342528897584E-04	0	8.18114820567	5493.53125	
4.053024	-2.65219086883025E-02	-2.73480185654156E-04	0	8.04304879829	5493.53125	
4.05712	-0.026527229044953	-2.70389967590531E-04	0	8.22783238189	5435.61328125	
4.061216	-2.65178688416263E-02	-2.91827238460931E-04	0	8.1518399424	5435.61328125	
4.065312	-2.65158354777336E-02	-2.82215649034069E-04	0	8.24885895317	5435.61328125	
4.069408	-2.65231128522697E-02	-2.71315246472944E-04	0	8.31227817442	5435.61328125	
4.073504	-2.65264636648034E-02	-2.72460571529541E-04	0	8.18611111736	5376.57421875	
4.0776	-0.026531679239988	-2.69671998356578E-04	0	8.35799341938	5376.57421875	
4.081696	-2.65222970014664E-02	-2.91238910443491E-04	0	8.28041788354	5376.57421875	
4.085792	-2.65207167762694E-02	-2.80923525566578E-04	0	8.36445550424	5376.57421875	
4.089888	-2.65281880788066E-02	-2.70274762898044E-04	0	8.4572821707	5376.57421875	
4.093984	-2.65314000056102E-02	-2.71837446431513E-04	0	8.31624926671	5318.453125	
4.09808	-0.026536261097598	-2.69061859543641E-04	0	8.50170042106	5318.453125	
4.102176	-2.65272613205703E-02	-2.89730614596019E-04	0	8.42391889196	5318.453125	
4.106272	-2.65248365348141E-02	-2.81105402788547E-04	0	8.49501708418	5318.453125	
4.110368	-2.65320046476994E-02	-2.6992619545815E-04	0	8.58988460979	5259.51171875	
4.114464	-2.65355144610789E-02	-2.70869239947797E-04	0	8.46719273532	5259.51171875	
4.11856	-2.65408918715119E-02	-2.67677402995406E-04	0	8.64109300835	5259.51171875	
4.122656	-2.65314915293863E-02	-2.89688046850125E-04	0	8.56426133706	5259.51171875	
4.126752	-2.65295423746822E-02	-2.79504890927522E-04	0	8.65002319764	5259.51171875	
4.130848	-2.65370822514772E-02	-2.68408917648506E-04	0	8.73866514917	5259.51171875	
4.134944	-2.65406051396819E-02	-2.69373634231866E-04	0	8.60682946277	5201.2734375	
4.13904	-2.65457350427603E-02	-2.67122740088531E-04	0	8.78929371485	5201.2734375	
4.143136	-2.65365757162928E-02	-2.88247581223284E-04	0	8.72120912773	5201.2734375	
4.147232	-2.65338779135581E-02	-2.80031814679444E-04	0	8.78800053494	5201.2734375	
4.151328	-2.65412682070388E-02	-2.67431513577834E-04	0	8.88576341026	5201.2734375	
4.155424	-2.65453371292003E-02	-2.67969245732409E-04	0	8.75705958435	5141.99609375	
4.15952	-2.65501432703495E-02	-2.65937088870337E-04	0	8.93379798674	5141.99609375	
4.163616	-2.65408169884223E-02	-2.87722028143069E-04	0	8.86345891783	5141.99609375	
4.167712	-2.65380369880106E-02	-2.78714441237203E-04	0	8.94066824343	5141.99609375	
4.171808	-2.65465584824481E-02	-2.65256768396813E-04	0	9.03901095163	5141.99609375	
4.175904	-2.65492270268328E-02	-2.68721249307328E-04	0	8.90832730161	5083.57421875	
4.18	-0.026554431081542	-2.64764535956353E-04	0	9.08897194656	5083.57421875	
4.184096	-2.65452038208431E-02	-2.86634784278391E-04	0	9.02093695041	5083.57421875	
4.188192	-2.65429329157214E-02	-2.76943384114031E-04	0	9.09485038385	5083.57421875	
4.192288	-0.026550887895357	-2.64668998071122E-04	0	9.20633851379	5083.57421875	
4.196384	-0.026554027042015	-2.67149881888312E-04	0	9.07058514076	5024.49609375	
4.20048	-2.65590603925384E-02	-2.63942481009178E-04	0	9.2453208309	5024.49609375	
4.204576	-2.65497750723012E-02	-2.85677091486084E-04	0	9.18071905575	5024.49609375	
4.208672	-2.65476414071275E-02	-2.75471242076559E-04	0	9.2523780074	5024.49609375	
4.212768	-0.026556002254937	-2.62627553958722E-04	0	9.37041977476	5024.49609375	
4.216864	-2.65586883543317E-02	-2.66197519138753E-04	0	9.21985014577	4966.1171875	
4.22096	-2.65636633710198E-02	-2.62467227195972E-04	0	9.41006966262	4966.1171875	
4.225056	-0.026554679777517	-2.84111520455503E-04	0	9.34615834636	4966.1171875	
4.229152	-2.65518420832964E-02	-2.75420846213494E-04	0	9.41506309183	4966.1171875	
4.233248	-2.65601445058383E-02	-2.61632278271306E-04	0	9.52514360116	4907.03515625	
4.237344	-2.65634269269789E-02	-2.64130140917672E-04	0	9.39357112837	4907.03515625	
4.24144	-2.65690646452945E-02	-2.59756798416019E-04	0	9.57407844448	4907.03515625	
4.245536	-2.65598158979948E-02	-2.82701535807797E-04	0	9.50272466803	4907.03515625	
4.249632	-2.65572142820858E-02	-2.72958097955091E-04	0	9.59419330485	4907.03515625	
4.253728	-2.65656998436122E-02	-2.60078033671706E-04	0	9.70143949951	4848.77734375	
4.257824	-2.65677803865942E-02	-2.64332893599534E-04	0	9.55312435231	4848.77734375	
4.26192	-2.65733433132527E-02	-2.58961339836478E-04	0	9.75025227275	4848.77734375	
4.266016	-2.65644655069716E-02	-2.80982781757322E-04	0	9.67367618569	4848.77734375	
4.270112	-2.65617095532662E-02	-2.72028091673559E-04	0	9.75369693782	4848.77734375	
4.274208	-2.65697021115952E-02	-2.59044973406691E-04	0	9.86705045117	4789.80078125	
4.278304	-2.65729304047883E-02	-2.61260802921628E-04	0	9.73318916438	4789.80078125	
4.2824	-2.65784698333344E-02	-2.57313720570638E-04	0	9.91878909164	4789.80078125	
4.286496	-2.65691690610311E-02	-2.80239407741081E-04	0	9.85012085695	4789.80078125	
4.290592	-2.65665953319869E-02	-2.70029797518009E-04	0	9.9324990875	4731.5390625	
4.294688	-2.65750968941734E-02	-2.56656471949041E-04	0	10.04899590541	4731.5390625	
4.298784	-2.65775081479428E-02	-2.603636011746E-04	0	9.91246052093	4731.5390625	
4.30288	-2.65830251755647E-02	-2.55702009922734E-04	0	10.09806044819	4731.5390625	
4.306976	-2.65739605730053E-02	-2.78211996066572E-04	0	10.04291528955	4731.5390625	
4.311072	-0.026570818134783	-2.69766978309675E-04	0	10.1048849286	4673	
4.315168	-2.65791720337344E-02	-2.55278984143838E-04	0	10.23433261906	4673	
4.319264	-2.65826542345461E-02	-2.57665855074272E-04	0	10.09664138351	4673	
4.32336	-2.65881060709069E-02	-2.53444707853116E-04	0	10.25365402391	4673	
4.327456	-2.65791577702887E-02	-2.76423636556856E-04	0	10.10393888548	4673	
4.331552	-2.65760906723177E-02	-2.66786473838259E-04	0	10.13473487785	4673	
4.335648	-2.65843918148067E-02	-2.54241354893006E-04	0	10.25934935608	4673	
4.339744	-2.65866904239286E-02	-2.56995811513547E-04	0	10.18099562348	4673	
4.34384	-2.65939515235075E-02	-2.49671186145872E-04	0	10.22128256457	4673	
4.347936	-2.65875170637484E-02	-2.6862221983905E-04	0	10.18418851901	4673	
4.352032	-2.65884903610477E-02	-2.58047932336425E-04	0	10.2064701233	4673	
4.356128	-2.65867002986217E-02	-2.65154080278347E-04	0	10.18985714835	4673	
4.360224	-2.65886973638739E-02	-2.56120315273659E-04	0	10.18401685796	4673	
4.36432	-2.65952646748284E-02	-2.51382222655987E-04	0	10.17369049213	4673	
4.368416	-2.65934203015903E-02	-2.59987007080041E-04	0	10.16262407644	4673	
4.372512	-2.65946937712741E-02	-2.56685245477959E-04	0	10.16003771662	4673	
4.376608	-2.65945859725408E-02	-2.57523213870759E-04	0	10.14808247816	4673	
4.380704	-2.65994005254656E-02	-2.49907375573144E-04	0	10.14644216146	4673	
4.3848	-2.65982563411159E-02	-2.57917365399684E-04	0	10.12324884626	4673	
4.388896	-2.65976121088219E-02	-2.57184305796206E-04	0	10.12836053086	4673	
4.392992	-2.65960317921925E-02	-2.60342681243597E-04	0	10.10424787537	4673	
4.397088	-2.65973609441736E-02	-2.54642274924778E-04	0	10.1015280014	4673	
4.401184	-2.66013412683941E-02	-2.51297242212122E-04	0	10.09970457958	4673	
4.40528	-2.66003644966658E-02	-2.56729362260766E-04	0	10.07836138903	4673	
4.409376	-0.026601100527033	-2.54375247307191E-04	0	10.09781249334	4673	
4.413472	-2.66007795080741E-02	-2.56357167681037E-04	0	10.08464036877	4673	
4.417568	-2.66022076812834E-02	-2.53181105953256E-04	0	10.0966833451	4673	
4.421664	-2.66042124268525E-02	-2.52211167740503E-04	0	10.09470733568	4673	
4.42576	-2.66040697923963E-02	-2.54585136520378E-04	0	10.07480228326	4673	
4.429856	-2.66038180791539E-02	-2.5522251785415E-04	0	10.08795533438	4673	
4.433952	-2.66027766647586E-02	-2.56315947770334E-04	0	10.05971518431	4673	
4.438048	-2.66057668681286E-02	-2.49650265974484E-04	0	10.06691731903	4673	
4.442144	-2.66080288128806E-02	-2.50664338998872E-04	0	10.06076040937	4673	
4.44624	-2.66072776961767E-02	-2.54041338746869E-04	0	10.04257578214	4673	
4.450336	-2.66066043883973E-02	-2.54806950962025E-04	0	10.05386726454	4673	
4.454432	-0.026605041626778	-2.56457818061156E-04	0	10.02851864949	4673	
4.458528	-2.66078633203384E-02	-2.49604831885303E-04	0	10.03781123433	4673	
4.462624	-0.026610006768773	-2.02910039637834E-04	0	10.03075024314	4673	
4.46672	-2.65640356835236E-02	0	0	10.02415082944	4673	
4.470816	-2.63483204521023E-02	0	0	10.04175943848	4673	
4.474912	-2.59463600051356E-02	0	0	10.03142162858	4673	
4.479008	-0.025373651576295	0	0	10.04615777605	4673	
4.483104	-2.46316475683609E-02	0	0	10.03502651063	4673	
4.4872	-0.02373061089619	0	0	10.0233268564	4673	
4.491296	-2.26881520692148E-02	0	0	10.02602384223	4609.52734375	
4.495392	-2.15239263898038E-02	0	0	10.00450899063	4609.52734375	
4.499488	-2.02398035579541E-02	0	0	10.00660325544	4609.52734375	
4.503584	-0.018871547700653	0	0	9.97946555078	4609.52734375	
4.50768	-1.74310352393272E-02	0	0	9.94018568785	4609.52734375	
4.511776	-1.59432456731539E-02	0	0	9.94074263259	4610.66796875	
4.515872	-1.44155549407358E-02	0	0	9.89467262146	4610.66796875	
4.519968	-1.28780374257408E-02	0	0	9.86140852466	4610.66796875	
4.524064	-1.13536701675856E-02	0	0	9.80861702975	4610.66796875	
4.52816	-9.86212858375422E-03	0	0	9.71627864361	4610.66796875	
4.532256	-8.40915608835156E-03	0	0	9.82666814283	4642.34765625	
4.536352	-7.01731178355109E-03	0	0	9.65538474714	4642.34765625	
4.540448	-5.71017085916234E-03	0	0	9.6252639549	4642.34765625	
4.544544	-4.49624703787359E-03	0	0	9.62589719344	4642.34765625	
4.54864	-3.38994393109281E-03	0	0	9.43839373587	4642.34765625	
4.552736	-2.38372595934516E-03	0	0	9.56061258878	4642.34765625	
4.556832	-1.49710076176375E-03	0	0	9.37223938189	4702.69140625	
4.560928	-7.51652680305313E-04	0	0	9.33830771434	4702.69140625	
4.565024	-1.41231426935156E-04	0	0	9.32106531554	4702.69140625	
4.56912	0.000329686013635	0	0	9.16206903634	4702.69140625	
4.573216	6.684289495125E-04	0	0	9.28386827335	4763.01171875	
4.577312	8.71393026274375E-04	0	0	9.08191858475	4763.01171875	
4.581408	9.31354814467344E-04	0	0	9.09954626724	4763.01171875	
4.585504	8.58987211577344E-04	0	0	9.03605075219	4763.01171875	
4.5896	6.67337247328125E-04	0	0	8.92143076176	4763.01171875	
4.593696	3.59233472705937E-04	0	0	9.04255098395	4763.01171875	
4.597792	-6.45259079282812E-05	0	0	8.84837944826	4823.4296875	
4.601888	-5.9043130862375E-04	0	0	8.86684254786	4823.4296875	
4.605984	-1.20726123783203E-03	0	0	8.77311179987	4823.4296875	
4.61008	-1.90585326038594E-03	0	0	8.72069795927	4823.4296875	
4.614176	-2.67015130812891E-03	2.02853871665156E-05	0	8.79059452414	4823.4296875	
4.618272	-3.47697810481141E-03	1.28020182316228E-04	0	8.59709818858	4883.4296875	
4.622368	-4.24357211013828E-03	1.43721419259206E-04	0	8.64617799012	4883.4296875	
4.626464	-4.93978369162266E-03	1.18911122434912E-04	0	8.50510312454	4883.4296875	
4.63056	-5.56406709406109E-03	8.00083704723187E-05	0	8.51198863999	4883.4296875	
4.634656	-6.13415415760641E-03	5.18043378590719E-05	0	8.5499791377	4883.4296875	
4.638752	-6.67436917726047E-03	5.43949076242687E-05	0	8.37575461602	4943.19140625	
4.642848	-7.17192460829109E-03	3.69760594181344E-05	0	8.43423381372	4943.19140625	
4.646944	-7.63240056663734E-03	2.0176374054375E-05	0	8.27413508911	4943.19140625	
4.65104	-8.06214117690266E-03	1.498971193335E-05	0	8.31752337317	4943.19140625	
4.655136	-8.45747287037984E-03	-5.79663987643125E-06	0	8.32718598294	4943.19140625	
4.659232	-8.82940272977125E-03	-5.47067842354687E-06	0	8.16891830953	5002.57421875	
4.663328	-9.17872091339156E-03	-8.7054730252875E-06	0	8.23585848965	5002.57421875	
4.667424	-9.5038508533375E-03	-1.49153278731187E-05	0	8.05594626518	5002.57421875	
4.67152	-9.79187581097516E-03	-4.72881493464187E-05	0	8.1378018832	5062.03515625	
4.675616	-1.00630725543133E-02	-4.88791374188906E-05	0	8.10414105864	5062.03515625	
4.679712	-1.03288899671392E-02	-3.40957925868656E-05	0	7.97146614044	5062.03515625	
4.683808	-1.05845956942052E-02	-2.37827738133562E-05	0	8.02552029774	5062.03515625	
4.687904	-0.010801779329067	-5.95547620797937E-05	0	7.84338029431	5062.03515625	
4.692	-1.10057990836698E-02	-5.99777275222125E-05	0	7.94318402878	5062.03515625	
4.696096	-1.11952728667055E-02	-6.9790497517125E-05	0	7.89425681484	5121.11328125	
4.700192	-1.13792586976045E-02	-5.77075983019594E-05	0	7.78720898406	5121.11328125	
4.704288	-1.15563067336922E-02	-5.43278680278469E-05	0	7.84846909077	5121.11328125	
4.708384	-1.17064101152384E-02	-7.71866612748E-05	0	7.65723486638	5121.11328125	
4.71248	-1.18416653413214E-02	-9.04576028115375E-05	0	7.78581662221	5180.1953125	
4.716576	-1.19758249336292E-02	-8.09654180729625E-05	0	7.7080389078	5180.1953125	
4.720672	-1.21121309916389E-02	-6.62801390082563E-05	0	7.60019380681	5180.1953125	
4.724768	-1.22329539879903E-02	-7.37471950027312E-05	0	7.67057102262	5180.1953125	
4.728864	-1.23401188208323E-02	-8.38706050716187E-05	0	7.46868618375	5180.1953125	
4.73296	-1.24290927317236E-02	-1.04963221478981E-04	0	7.60055620236	5239.29296875	
4.737056	-1.25223442133848E-02	-9.11326766556937E-05	0	7.50877476096	5239.29296875	
4.741152	-1.26201610034019E-02	-7.74308011748906E-05	0	7.41633337819	5239.29296875	
4.745248	-1.27033507213628E-02	-8.68789982170687E-05	0	7.49585059124	5239.29296875	
4.749344	-1.27760584525716E-02	-9.61913953950469E-05	0	7.28418488721	5239.29296875	
4.75344	-1.28361476974517E-02	-1.11334085300419E-04	0	7.43097034372	5298.1953125	
4.757536	-1.29022597736794E-02	-9.74352316512094E-05	0	7.33569083159	5298.1953125	
4.761632	-1.29737296023861E-02	-8.36035661559656E-05	0	7.2558837021	5298.1953125	
4.765728	-1.30330405751563E-02	-9.21401054559562E-05	0	7.32761894755	5298.1953125	
4.769824	-1.30802746153698E-02	-1.05583119416775E-04	0	7.12308671382	5356.95703125	
4.77392	-1.31205343792669E-02	-1.1452852008675E-04	0	7.2831205887	5356.95703125	
4.778016	-1.31661338834712E-02	-1.04154671085609E-04	0	7.16329354642	5356.95703125	
4.782112	-1.32178129070762E-02	-9.00013749023812E-05	0	7.09557516954	5356.95703125	
4.786208	-1.32617941502286E-02	-9.50042658129469E-05	0	7.16855400393	5356.95703125	
4.790304	-0.013290304400792	-1.13803906147903E-04	0	6.93678869829	5356.95703125	
4.7944	-1.33173514595584E-02	-1.16078515411753E-04	0	7.12139299146	5415.7578125	
4.798496	-1.33497836090747E-02	-1.07319568641862E-04	0	6.99427989128	5415.7578125	
4.802592	-1.33877304089719E-02	-9.41893428297937E-05	0	6.93504919965	5415.7578125	
4.806688	-1.34204004654466E-02	-9.78982061882344E-05	0	6.99246791353	5415.7578125	
4.810784	-1.34362571196614E-02	-1.18853329944628E-04	0	6.80249253684	5415.7578125	
4.81488	-1.34549364731925E-02	-1.16089644487162E-04	0	6.96930511585	5474.53515625	
4.818976	-1.34766631753084E-02	-1.11356607633666E-04	0	6.82783352251	5474.53515625	
4.823072	-1.35062316638184E-02	-9.51246168945187E-05	0	6.78960269933	5474.53515625	
4.827168	-1.35308052033894E-02	-1.000163384451E-04	0	6.84110101433	5474.53515625	
4.831264	-1.35372576753202E-02	-1.229676154938E-04	0	6.64374802718	5474.53515625	
4.83536	-1.35493539915336E-02	-1.17498730578075E-04	0	6.82488858183	5533.21875	
4.839456	-1.35648971242417E-02	-1.12592567455397E-04	0	6.67992654714	5533.21875	
4.843552	-1.35881945425909E-02	-9.67630462657031E-05	0	6.63181186217	5533.21875	
4.847648	-1.36065730837111E-02	-1.01893638731259E-04	0	6.67592875202	5533.21875	
4.851744	-1.36079334141214E-02	-1.23799466825409E-04	0	6.491076504	5533.21875	
4.85584	-1.36153122785591E-02	-1.18136304219347E-04	0	6.66190213689	5533.21875	
4.859936	-1.36260327208638E-02	-1.13984179044553E-04	0	6.52675529957	5591.87890625	
4.864032	-1.36444636527169E-02	-9.88138968590812E-05	0	6.48927978501	5591.87890625	
4.868128	-1.36586032075161E-02	-1.03535651512322E-04	0	6.53377814386	5591.87890625	
4.872224	-1.36562890548958E-02	-1.24711085384944E-04	0	6.35464030146	5650.55859375	
4.87632	-1.36603802865492E-02	-1.18637932323487E-04	0	6.52160928276	5650.55859375	
4.880416	-1.36684074977364E-02	-1.13778224442816E-04	0	6.38845752831	5650.55859375	
4.884512	-1.36840226791314E-02	-9.90862667790187E-05	0	6.34976512764	5650.55859375	
4.888608	-1.36954121318953E-02	-1.03836221884828E-04	0	6.39114307007	5650.55859375	
4.892704	-0.013690274274203	-1.25447602677272E-04	0	6.2223315935	5709.26171875	
4.8968	-1.36913297691792E-02	-1.20017192963456E-04	0	6.36865165783	5709.26171875	
4.900896	-1.36967434782527E-02	-1.14910248070406E-04	0	6.24844314655	5709.26171875	
4.904992	-1.37096794176787E-02	-1.00881440224228E-04	0	6.21082267377	5709.26171875	
4.909088	-1.37190450155137E-02	-1.04673100855641E-04	0	6.24558594374	5709.26171875	
4.913184	-1.37127087540919E-02	-1.25368755640734E-04	0	6.07941804734	5709.26171875	
4.91728	-1.37125304610216E-02	-1.19803271542762E-04	0	6.21845586846	5767.76171875	
4.921376	-1.37170386241625E-02	-1.14380273359997E-04	0	6.1213567492	5767.76171875	
4.925472	-1.37282977858366E-02	-1.01288360730769E-04	0	6.08029161135	5767.76171875	
4.929568	-1.37361024506991E-02	-1.05020846902125E-04	0	6.11887338601	5767.76171875	
4.933664	-1.37281685005025E-02	-1.26012117978141E-04	0	5.9571724916	5767.76171875	
4.93776	-1.37263252244525E-02	-1.20768759759966E-04	0	6.09507734979	5826.5	
4.941856	-1.37296325151906E-02	-1.15074600550284E-04	0	5.98770145567	5826.5	
4.945952	-1.37399602555789E-02	-1.01749682625216E-04	0	5.94933330365	5826.5	
4.950048	-1.37472298583658E-02	-1.04998481299491E-04	0	5.98558430272	5826.5	
4.954144	-1.37385928848781E-02	-1.25830511909747E-04	0	5.82307850872	5884.90234375	
4.95824	-1.37364126806414E-02	-1.19983987227431E-04	0	5.95848474496	5884.90234375	
4.962336	-1.37392376657662E-02	-1.14396374545819E-04	0	5.86220959874	5884.90234375	
4.966432	-1.37485467584128E-02	-1.02032855178581E-04	0	5.82211720684	5884.90234375	
4.970528	-1.37547306021177E-02	-1.05626752546219E-04	0	5.85811262168	5884.90234375	
4.974624	-1.37458123827406E-02	-1.25430308704181E-04	0	5.70496044756	5943.6640625	
4.97872	-1.37427488506309E-02	-1.20572710436784E-04	0	5.83587297898	5943.6640625	
4.982816	-0.013744773802748	-1.14686152381041E-04	0	5.73619512928	5943.6640625	
4.986912	-1.37535748058603E-02	-1.02257691492206E-04	0	5.70509396171	5943.6640625	
4.991008	-1.37599822016456E-02	-1.04475757783753E-04	0	5.74093297426	5943.6640625	
4.995104	-0.0137506052662	-1.25255752388353E-04	0	5.57815633727	6001.984375	
4.9992	-1.37472906608744E-02	-1.19929489445391E-04	0	5.72030313074	6001.984375	
5.003296	-1.37493519116319E-02	-1.14129234668728E-04	0	5.62157895354	6001.984375	
5.007392	-1.37574056381987E-02	-1.02490428519084E-04	0	5.57607351653	6001.984375	
5.011488	-1.37632704744562E-02	-1.04590988197369E-04	0	5.61820295289	6001.984375	
5.015584	-1.37537614192739E-02	-1.24705761592191E-04	0	5.46493633807	6060.64453125	
5.01968	-1.37499142205459E-02	-1.20100261390003E-04	0	5.59586412825	6060.64453125	
5.023776	-1.37513508055309E-02	-1.14314269820231E-04	0	5.52438065234	6060.64453125	
5.027872	-1.37599234106486E-02	-1.01488961251322E-04	0	5.46997554356	6060.64453125	
5.031968	-1.37653732354978E-02	-1.04714821967766E-04	0	5.50006200359	6060.64453125	
5.036064	-1.37553453017647E-02	-1.24865192201991E-04	0	5.34784824321	6119.08203125	
5.04016	-1.37518797416395E-02	-1.18919054638519E-04	0	5.49237921793	6119.08203125	
5.044256	-0.013753721006178	-1.13117446497825E-04	0	5.41894262074	6119.08203125	
5.048352	-1.37608952450303E-02	-1.02775676551144E-04	0	5.35585909221	6119.08203125	
5.052448	-1.37658404547744E-02	-1.05135418662553E-04	0	5.39579126713	6119.08203125	
5.056544	-1.37561518264689E-02	-1.24250811085603E-04	0	5.24966956668	6177.8046875	
5.06064	-1.37520656235944E-02	-1.19747580733069E-04	0	5.37563444517	6177.8046875	
5.064736	-1.37532573527628E-02	-1.13833053955294E-04	0	5.30080930082	6177.8046875	
5.068832	-1.37608695525417E-02	-1.02314087830041E-04	0	5.25016547638	6177.8046875	
5.072928	-1.37664128212463E-02	-1.03963216469372E-04	0	5.28448624231	6177.8046875	
5.077024	-1.37569059604402E-02	-1.23432036663994E-04	0	5.12898040446	6236.10546875	
5.08112	-1.37532576270598E-02	-1.18422421000537E-04	0	5.27650591083	6236.10546875	
5.085216	-1.37545268908558E-02	-1.13214352410534E-04	0	5.20358429679	6236.10546875	
5.089312	-1.37613688645709E-02	-1.02720410019872E-04	0	5.14010022581	6294.984375	
5.093408	-1.37665966916895E-02	-1.03971471989962E-04	0	5.18580784139	6294.984375	
5.097504	-1.37570372572858E-02	-1.22992294555659E-04	0	5.03692430538	6294.984375	
5.1016	-1.37529039667542E-02	-1.18680139492819E-04	0	5.16672676201	6294.984375	
5.105696	-1.37538498343503E-02	-1.13306283328219E-04	0	5.1000116486	6294.984375	
5.109792	-1.37614515194097E-02	-1.01577260441869E-04	0	5.03457445634	6294.984375	
5.113888	-1.37672333350991E-02	-1.02776625829041E-04	0	5.08221611975	6353.484375	
5.117984	-1.37578211982011E-02	-1.22132625944175E-04	0	4.924383321	6353.484375	
5.12208	-1.37535807489627E-02	-1.17932215000359E-04	0	5.06465710168	6353.484375	
5.126176	-1.37546010424866E-02	-1.12309517257678E-04	0	4.99917794783	6353.484375	
5.130272	-1.37615795246909E-02	-1.01685984852375E-04	0	4.92444817073	6353.484375	
5.134368	-1.37667284456969E-02	-1.03083657012394E-04	0	4.98162655914	6412.32421875	
5.138464	-1.37576356819756E-02	-1.213458171156E-04	0	4.82625042075	6412.32421875	
5.14256	-1.37531176441416E-02	-1.18023204092062E-04	0	4.96875198039	6412.32421875	
5.146656	-0.013754180910867	-1.12088427574922E-04	0	4.89683362982	6412.32421875	
5.150752	-1.37613177538908E-02	-1.01128303198519E-04	0	4.82541118895	6470.5859375	
5.154848	-1.37672581132642E-02	-1.01400679849219E-04	0	4.88615249782	6470.5859375	
5.158944	-1.37580832432983E-02	-1.20559759007428E-04	0	4.72757964921	6470.5859375	
5.16304	-1.37535848634181E-02	-1.17061650486309E-04	0	4.87426973847	6470.5859375	
5.167136	-1.37547007951736E-02	-1.11245578658156E-04	0	4.81030883124	6470.5859375	
5.171232	-1.37614052546437E-02	-1.01103746973075E-04	0	4.7275834639	6470.5859375	
5.175328	-1.37666870268452E-02	-1.01861521696069E-04	0	4.78716510701	6529.84765625	
5.179424	-1.37574249304233E-02	-1.20240287932669E-04	0	4.63436769906	6529.84765625	
5.18352	-1.37528787314273E-02	-1.16920160243184E-04	0	4.77269980253	6529.84765625	
5.187616	-1.37533937698197E-02	-1.11758646895087E-04	0	4.69960271275	6529.84765625	
5.191712	-1.37607763829834E-02	-1.000391999607E-04	0	4.63300966942	6529.84765625	
5.195808	-1.37671379711645E-02	-1.00013300948137E-04	0	4.69396841562	6588.0078125	
5.199904	-1.37581125930806E-02	-1.19078134046747E-04	0	4.53617376377	6588.0078125	
5.204	-1.37533822493444E-02	-1.16191596548672E-04	0	4.6840197041	6588.0078125	
5.208096	-1.37542173923722E-02	-1.10341016341566E-04	0	4.61845281238	6588.0078125	
5.212192	-1.37607687940989E-02	-1.00373302991981E-04	0	4.5466145703	6647.1484375	
5.216288	-1.37663895059986E-02	-1.00393996961672E-04	0	4.6094043677	6647.1484375	
5.220384	-0.013757633396167	-1.18425843352884E-04	0	4.45587453927	6647.1484375	
5.22448	-0.013752738199915	-1.16055062310206E-04	0	4.58657344805	6647.1484375	
5.228576	-1.37533843522883E-02	-1.10349075227737E-04	0	4.52527519444	6647.1484375	
5.232672	-1.37609569618623E-02	-9.86049090873E-05	0	4.45213232838	6647.1484375	
5.236768	-1.37671138330258E-02	-9.87995213926875E-05	0	4.51888558869	6705.42578125	
5.240864	-1.37582793656756E-02	-1.17419839070428E-04	0	4.35359888568	6705.42578125	
5.24496	-1.37531874984522E-02	-1.15312264735697E-04	0	4.50468731251	6705.42578125	
5.249056	-1.37538062211223E-02	-1.09684637430637E-04	0	4.43874276648	6705.42578125	
5.253152	-1.37602213886569E-02	-9.96698565800437E-05	0	4.3671334058	6705.42578125	
5.257248	-0.013766340132533	-9.86412047240812E-05	0	4.43361963781	6764.546875	
5.261344	-1.37578385703464E-02	-1.16615631461175E-04	0	4.27903695494	6764.546875	
5.26544	-1.37527670011033E-02	-1.14764578744922E-04	0	4.4115745443	6764.546875	
5.269536	-1.37534000786514E-02	-1.08964045603153E-04	0	4.35171442882	6764.546875	
5.273632	-1.37608390141389E-02	-9.76656345458062E-05	0	4.28435081811	6764.546875	
5.277728	-1.37673902330009E-02	-9.71551651043531E-05	0	4.34588939719	6822.52734375	
5.281824	-1.37588883965173E-02	-1.15564078906959E-04	0	4.18384518068	6822.52734375	
5.28592	-0.013754051625533	-1.13346980643291E-04	0	4.33381590334	6822.52734375	
5.290016	-1.37545553263147E-02	-1.07918221648978E-04	0	4.27151820095	6822.52734375	
5.294112	-1.37610044152488E-02	-9.79828015363312E-05	0	4.19411814085	6881.44921875	
5.298208	-1.37669123161402E-02	-9.72569282237437E-05	0	4.26415203456	6881.44921875	
5.302304	-1.37586133680273E-02	-1.14754788610481E-04	0	4.1080015141	6881.44921875	
5.3064	-1.37530713793756E-02	-1.139387552919E-04	0	4.24218323485	6881.44921875	
5.310496	-1.37538405082512E-02	-1.07394165442266E-04	0	4.18171276897	6881.44921875	
5.314592	-1.37614548109741E-02	-9.61200024375937E-05	0	4.1102521812	6881.44921875	
5.318688	-1.37681273605562E-02	-9.53004265744781E-05	0	4.18664897783	6939.5078125	
5.322784	-1.37593994118866E-02	-1.14053897724834E-04	0	4.02612682263	6939.5078125	
5.32688	-1.37536962280128E-02	-1.12929109186162E-04	0	4.16902129534	6939.5078125	
5.330976	-1.37544499048223E-02	-1.06541858121497E-04	0	4.11222056124	6939.5078125	
5.335072	-1.37609170059281E-02	-9.69614982307125E-05	0	4.02811427612	6998.41015625	
5.339168	-1.37670472702795E-02	-9.58070614043812E-05	0	4.10140972978	6998.41015625	
5.343264	-1.37591147830005E-02	-1.12745272350769E-04	0	3.95075236292	6998.41015625	
5.34736	-1.37542133693491E-02	-1.11313707436181E-04	0	4.07961259112	6998.41015625	
5.351456	-0.013754991092865	-1.05491367825834E-04	0	4.02169796754	6998.41015625	
5.355552	-1.37622039161664E-02	-9.48736363762688E-05	0	3.9457627484	7056.0703125	
5.359648	-1.37685399947236E-02	-9.43124624182125E-05	0	4.02349468653	7056.0703125	
5.363744	-1.37602597902412E-02	-1.11918936879028E-04	0	3.86266354144	7056.0703125	
5.36784	-0.013754965034647	-1.10724321246722E-04	0	4.00638580188	7056.0703125	
5.371936	-1.37557699135691E-02	-1.04539235604891E-04	0	3.95136271332	7056.0703125	
5.376032	-1.37620525956375E-02	-9.53859317774344E-05	0	3.86689784734	7114.76953125	
5.380128	-1.37679180719214E-02	-9.42943331094187E-05	0	3.94233715678	7114.76953125	
5.384224	-1.37604746562491E-02	-1.10308574787469E-04	0	3.7951587872	7114.76953125	
5.38832	-1.37551915125625E-02	-1.09946519139909E-04	0	3.91926209697	7114.76953125	
5.392416	-1.37557797882622E-02	-1.04151558107953E-04	0	3.86867549288	7114.76953125	
5.396512	-1.37627659507834E-02	-9.37620865262812E-05	0	3.78796046717	7172.671875	
5.400608	-1.37696900307433E-02	-9.18289560074906E-05	0	3.86855723749	7172.671875	
5.404704	-1.37619493685214E-02	-1.09273416688012E-04	0	3.70609721977	7172.671875	
5.4088	-1.37564035397113E-02	-1.08848194757466E-04	0	3.84918242698	7172.671875	
5.412896	-1.37567745721622E-02	-1.03314157022278E-04	0	3.8007663815	7231.109375	
5.416992	-1.37627489443675E-02	-9.41855567758875E-05	0	3.71400507214	7231.109375	
5.421088	-1.37693371933288E-02	-9.18057091557375E-05	0	3.78957408104	7231.109375	
5.425184	-1.37623715116525E-02	-1.0764749619855E-04	0	3.64544364877	7231.109375	
5.42928	-1.37571246666064E-02	-1.07647266150703E-04	0	3.74351932867	7231.109375	
5.433376	-1.37575110596911E-02	-1.022091824061E-04	0	3.71875436119	7289.0703125	
5.437472	-1.37643661082314E-02	-9.1976867638425E-05	0	3.64448997627	7289.0703125	
5.441568	-1.37711854981577E-02	-9.00595673922656E-05	0	3.71248682552	7289.0703125	
5.445664	-1.37637986791061E-02	-1.06775447791753E-04	0	3.56780707789	7289.0703125	
5.44976	-1.37581523661502E-02	-1.06995709350337E-04	0	3.67752900636	7289.0703125	
5.453856	-0.013758180527312	-1.01726150437209E-04	0	3.65142508269	7347.75	
5.457952	-1.37640046761766E-02	-9.26280465545531E-05	0	3.57045828744	7347.75	
5.462048	-1.37706293152106E-02	-8.98148998484719E-05	0	3.63975594598	7347.75	
5.466144	-1.37642174392405E-02	-1.04954095286184E-04	0	3.499978075	7347.75	
5.47024	-1.37588206451506E-02	-1.0580085958365E-04	0	3.60294800217	7347.75	
5.474336	-1.37593183113977E-02	-1.00085810250628E-04	0	3.57473074024	7347.75	
5.478432	-0.013765804979025	-9.06561631899E-05	0	3.50540637887	7347.75	
5.482528	-1.37727046465491E-02	-8.80776809126156E-05	0	3.56970679351	7405.890625	
5.486624	-1.37659392017056E-02	-1.03830903380531E-04	0	3.42705264627	7405.890625	
5.49072	-1.37605166236948E-02	-1.04388835995675E-04	0	3.53736585169	7464.2890625	
5.494816	-1.37605115949159E-02	-9.9476190908325E-05	0	3.51495073325	7464.2890625	
5.498912	-1.37662205390273E-02	-9.06040923285094E-05	0	3.43962204982	7464.2890625	
5.503008	-1.37731939010205E-02	-8.72510788546031E-05	0	3.50819873195	7464.2890625	
5.507104	-1.37671566233627E-02	-1.02005322513806E-04	0	3.36661269791	7464.2890625	
5.5112	-1.37616503847573E-02	-1.03400801887556E-04	0	3.46391018105	7522.5703125	
5.515296	-0.013761284289653	-9.87252168996844E-05	0	3.43949616505	7522.5703125	
5.519392	-1.37675494167114E-02	-8.88995526868969E-05	0	3.36850859884	7522.5703125	
5.523488	-0.013775185480332	-8.50804610733E-05	0	3.43939316842	7522.5703125	
5.527584	-1.37692709963119E-02	-1.00320421554478E-04	0	3.29689542347	7522.5703125	
5.53168	-0.013763277331882	-1.02528548192503E-04	0	3.40738028994	7581.19140625	
5.535776	-1.37625182605642E-02	-9.81113761673719E-05	0	3.40961188359	7581.19140625	
5.539872	-1.37680285221927E-02	-8.88384563537625E-05	0	3.30932749818	7581.19140625	
5.543968	-1.37756643115163E-02	-8.42581133379562E-05	0	3.37770200174	7581.19140625	
5.548064	-1.37703167080273E-02	-9.86209427251125E-05	0	3.23821786189	7581.19140625	
5.55216	-1.37646303477048E-02	-1.0091235677985E-04	0	3.33327230731	7581.19140625	
5.556256	-1.37644502259877E-02	-9.60283008466031E-05	0	3.34339649457	7639.6328125	
5.560352	-1.37708995892187E-02	-8.62405423651406E-05	0	3.24253227628	7639.6328125	
5.564448	-1.37784441290633E-02	-8.25929416858219E-05	0	3.31138361609	7639.6328125	
5.568544	-1.37724201090953E-02	-9.77905413920531E-05	0	3.16897360901	7639.6328125	
5.57264	-1.37662689067372E-02	-9.99936757273781E-05	0	3.27303453752	7639.6328125	
5.576736	-1.37654353180592E-02	-9.5599398631275E-05	0	3.28500884943	7698.109375	
5.580832	-1.37711370390155E-02	-8.62137500842406E-05	0	3.17709126933	7698.109375	
5.584928	-1.37793236167778E-02	-8.10432225624656E-05	0	3.2535109541	7698.109375	
5.589024	-1.37743753897664E-02	-9.53617125708844E-05	0	3.11504533648	7698.109375	
5.59312	-1.37681711566489E-02	-9.86771126208656E-05	0	3.20973357166	7756.8515625	
5.597216	-1.37672228203795E-02	-9.429153263145E-05	0	3.22021252509	7756.8515625	
5.601312	-1.37736192442836E-02	-8.38597298421094E-05	0	3.11829926705	7756.8515625	
5.605408	-1.37820320256644E-02	-7.9057145942775E-05	0	3.19261324294	7756.8515625	
5.609504	-1.37764953400886E-02	-9.43233977438156E-05	0	3.05059614893	7756.8515625	
5.6136	-1.37697500103608E-02	-9.78963607573875E-05	0	3.15604943929	7815.4296875	
5.617696	-1.37687853077019E-02	-9.31814693184375E-05	0	3.16766517034	7815.4296875	
5.621792	-1.37747732118941E-02	-8.32890085378312E-05	0	3.05318250875	7815.4296875	
5.625888	-1.37833648349392E-02	-7.77189674732625E-05	0	3.12909483975	7815.4296875	
5.629984	-1.37783959442181E-02	-9.22914108334969E-05	0	2.99332620796	7815.4296875	
5.63408	-1.37718228730259E-02	-9.61312228590656E-05	0	3.08854087036	7874.1328125	
5.638176	-1.37708784683473E-02	-9.1601421860025E-05	0	3.09982853807	7874.1328125	
5.642272	-1.37775525722794E-02	-8.09396779544719E-05	0	2.99298288586	7874.1328125	
5.646368	-0.013786090067377	-7.62120531147937E-05	0	3.07303415551	7874.1328125	
5.650464	-1.37806185730623E-02	-9.12049715353219E-05	0	2.9289571289	7874.1328125	
5.65456	-1.37737061964425E-02	-9.50414357277E-05	0	3.03781312274	7874.1328125	
5.658656	-1.37729909212173E-02	-8.98037561096156E-05	0	3.0540026671	7932.671875	
5.662752	-1.37791328889087E-02	-8.02241303527125E-05	0	2.93634236874	7932.671875	
5.666848	-1.37876123244681E-02	-7.50078632132156E-05	0	3.01472661886	7932.671875	
5.670944	-1.37828712831477E-02	-8.90659700685562E-05	0	2.88201355376	7932.671875	
5.67504	-1.37764327089331E-02	-9.28564386338531E-05	0	2.9716053631	7932.671875	
5.679136	-1.37757414804144E-02	-8.80584095376562E-05	0	2.98937037443	7991.33203125	
5.683232	-1.37825417609808E-02	-7.75301755947469E-05	0	2.87404085166	7991.33203125	
5.687328	-1.37911178405275E-02	-7.28726321753719E-05	0	2.95915421494	7991.33203125	
5.691424	-1.37858678867817E-02	-8.76388325533875E-05	0	2.81784665327	7991.33203125	
5.69552	-1.37789119883662E-02	-9.17128241524687E-05	0	2.92389884996	8049.76953125	
5.699616	-1.37780039737605E-02	-8.68310408131031E-05	0	2.93691075755	8049.76953125	
5.703712	-0.013784249168568	-7.68907031572969E-05	0	2.82440410538	8049.76953125	
5.707808	-1.37933601273256E-02	-7.08714942726656E-05	0	2.90202923219	8049.76953125	
5.711904	-1.37890296172286E-02	-8.47857839641312E-05	0	2.76851889688	8049.76953125	
5.716	-1.37822290623652E-02	-8.95519234287562E-05	0	2.8604834434	8108.390625	
5.720096	-0.013781116147877	-8.50544971569562E-05	0	2.88055634218	8108.390625	
5.724192	-1.37877140886667E-02	-7.46461977094969E-05	0	2.76226661997	8108.390625	
5.728288	-1.37965255150663E-02	-6.93739544240531E-05	0	2.84797888958	8108.390625	
5.732384	-1.37914884158167E-02	-8.39261865064219E-05	0	2.71011217829	8166.76953125	
5.73648	-1.37843055823241E-02	-8.83827486363937E-05	0	2.80983198958	8166.76953125	
5.740576	-1.37834907372766E-02	-8.31542081918625E-05	0	2.83194574751	8166.76953125	
5.744672	-1.37902222607205E-02	-7.28868018727406E-05	0	2.71255357989	8166.76953125	
5.748768	-1.37989670329414E-02	-6.78791953418906E-05	0	2.78884737989	8166.76953125	
5.752864	-1.37941422395941E-02	-8.20261492237687E-05	0	2.65835827906	8166.76953125	
5.75696	-1.37871785694294E-02	-8.64675209843156E-05	0	2.75536966045	8166.76953125	
5.761056	-1.37867348482652E-02	-8.09755606108969E-05	0	2.77028509835	8225.41015625	
5.765152	-1.37935595412673E-02	-7.0879300274475E-05	0	2.65429181952	8225.41015625	
5.769248	-1.38023193083927E-02	-6.59217297512812E-05	0	2.74232342065	8283.671875	
5.773344	-1.37972431675323E-02	-8.03127518987062E-05	0	2.60637549843	8283.671875	
5.77744	-0.013789995782805	-8.49179504185031E-05	0	2.70236835759	8283.671875	
5.781536	-0.013789384008993	-7.95268483576875E-05	0	2.7275796438	8283.671875	
5.785632	-1.37960657932419E-02	-6.95459992039313E-05	0	2.60652045665	8283.671875	
5.789728	-1.38047326651059E-02	-6.453591623325E-05	0	2.68586219396	8283.671875	
5.793824	-1.38004060865997E-02	-7.77026263838344E-05	0	2.55358781821	8283.671875	
5.79792	-1.37940530930589E-02	-8.18261782698937E-05	0	2.64911528519	8342.33203125	
5.802016	-0.013793547746495	-7.70744385504844E-05	0	2.67136637196	8342.33203125	
5.806112	-1.37998887623987E-02	-6.77997797963062E-05	0	2.54985705139	8342.33203125	
5.810208	-1.38086328031609E-02	-6.24465954860344E-05	0	2.63570664984	8400.58984375	
5.814304	-1.38044554422397E-02	-0.000075421155348	0	2.49965954568	8400.58984375	
5.8184	-1.37978986460047E-02	-7.98694124382E-05	0	2.59633523435	8400.58984375	
5.822496	-1.37973218907803E-02	-7.50224978139656E-05	0	2.62787890596	8400.58984375	
5.826592	-1.38037693339322E-02	-6.5613817078425E-05	0	2.50315380172	8400.58984375	
5.830688	-1.38128733438317E-02	-5.98429415993062E-05	0	2.58370098107	8400.58984375	
5.834784	-0.013809042968655	-7.27136861804719E-05	0	2.47693162266	8459.3515625	
5.83888	-1.38025563010277E-02	-7.74013848581531E-05	0	2.54267017543	8459.3515625	
5.842976	-1.38018789702252E-02	-7.28139185321625E-05	0	2.57224165231	8459.3515625	
5.847072	-1.38083212931658E-02	-6.33516602059687E-05	0	2.45159826637	8459.3515625	
5.851168	-1.38172955605695E-02	-5.76458565367781E-05	0	2.53260702321	8459.3515625	
5.855264	-1.38134401329306E-02	-7.03459592212781E-05	0	2.42002407724	8517.66796875	
5.85936	-1.38069404819105E-02	-7.50280264142062E-05	0	2.50203228286	8517.66796875	
5.863456	-1.38060879667373E-02	-7.08502478996812E-05	0	2.52755255896	8517.66796875	
5.867552	-1.38117756071127E-02	-6.22060731304031E-05	0	2.40173645338	8517.66796875	
5.871648	-1.38210417265577E-02	-5.55110053062469E-05	0	2.48538116101	8576.55078125	
5.875744	-1.38182823898556E-02	-6.69295285030969E-05	0	2.37494207082	8576.55078125	
5.87984	-1.38118902632717E-02	-7.23460860673031E-05	0	2.44636451169	8576.55078125	
5.883936	-1.38109377211145E-02	-6.83957904983719E-05	0	2.47822098788	8576.55078125	
5.888032	-1.38167073763022E-02	-5.9662496106675E-05	0	2.35599450559	8576.55078125	
5.892128	-1.38256116065306E-02	-5.36141800396125E-05	0	2.4397612833	8634.91015625	
5.896224	-1.38222377530462E-02	-6.5435755718025E-05	0	2.32684264461	8634.91015625	
5.90032	-1.38159683286677E-02	-7.01287366019625E-05	0	2.39956208008	8634.91015625	
5.904416	-1.38149932941539E-02	-6.62618380650187E-05	0	2.43267740397	8634.91015625	
5.908512	-1.38206918149781E-02	-5.76305935712719E-05	0	2.30743731658	8634.91015625	
5.912608	-1.38302299456458E-02	-5.07321853254562E-05	0	2.39006731667	8634.91015625	
5.916704	-1.38276722172617E-02	-6.203869565355E-05	0	2.28944723854	8693.8515625	
5.9208	-1.38212539410275E-02	-6.76802306370094E-05	0	2.34876185335	8693.8515625	
5.924896	-1.38197978809533E-02	-6.433290105165E-05	0	2.38304065769	8693.8515625	
5.928992	-1.38256171839036E-02	-5.52697149225375E-05	0	2.26494166998	8693.8515625	
5.933088	-1.38352739937534E-02	-4.81765693714594E-05	0	2.34461147063	8752.25	
5.937184	-1.38329605725919E-02	-5.91834487491844E-05	0	2.23755982516	8752.25	
5.94128	-1.38271786654702E-02	-6.42451054663687E-05	0	2.27531762678	8752.25	
5.945376	-1.38263848498617E-02	-6.07075087635844E-05	0	2.34353954274	8752.25	
5.949472	-1.38321624596633E-02	-5.23326921384094E-05	0	2.22277408672	8752.25	
5.953568	-1.38414777697092E-02	-4.57383340693125E-05	0	2.29771367177	8811.26953125	
5.957664	-0.013839430965262	-5.602106320965E-05	0	2.19279062332	8811.26953125	
5.96176	-1.38335927358166E-02	-6.12996762002625E-05	0	2.23036150513	8811.26953125	
5.965856	-1.38325355036258E-02	-5.80346950902469E-05	0	2.2927049838	8811.26953125	
5.969952	-1.38381338146013E-02	-4.97598990381281E-05	0	2.17141310056	8811.26953125	
5.974048	-1.38476573160939E-02	-4.28186663159062E-05	0	2.25574445239	8811.26953125	
5.978144	-0.013846084039755	-5.26187851215469E-05	0	2.15150041876	8869.48828125	
5.98224	-1.38403893590892E-02	-5.8152363001425E-05	0	2.18806422241	8869.48828125	
5.986336	-1.38395141686948E-02	-5.4767547155475E-05	0	2.25553845913	8869.48828125	
5.990432	-1.38450659406073E-02	-4.67323164887906E-05	0	2.13212942294	8869.48828125	
5.994528	-1.38548260690056E-02	-3.95106386143219E-05	0	2.20779379909	8928.55078125	
5.998624	-1.38533393790963E-02	-4.92878721063094E-05	0	2.11230066432	8928.55078125	
6.00272	-1.38474151118153E-02	-5.52359745716625E-05	0	2.14050648218	8928.55078125	
6.006816	-1.38457313852052E-02	-5.27409919704937E-05	0	2.21039541767	8928.55078125	
6.010912	-1.38513369193358E-02	-4.40536189271062E-05	0	2.08706267528	8928.55078125	
6.015008	-1.38614849951686E-02	-3.63467350474594E-05	0	2.16991392739	8986.73046875	
6.019104	-1.38603877156112E-02	-4.58970178048594E-05	0	2.06326282437	8986.73046875	
6.0232	-1.38543918568052E-02	-5.21348572400906E-05	0	2.09587842387	8986.73046875	
6.027296	-1.38528925492323E-02	-4.94581204937531E-05	0	2.17033735798	8986.73046875	
6.031392	-1.38583550831773E-02	-4.12083998973281E-05	0	2.04613868096	8986.73046875	
6.035488	-1.38685625900336E-02	-3.34018940019187E-05	0	2.1231801602	9045.76953125	
6.039584	-1.38682119469953E-02	-4.19920596905906E-05	0	2.02830500521	9045.76953125	
6.04368	-1.38622042019845E-02	-4.8822926177025E-05	0	2.0575674922	9045.76953125	
6.047776	-1.38602368522441E-02	-4.66557538249687E-05	0	2.14701052863	9045.76953125	
6.051872	-1.38658486952064E-02	-3.79682980893562E-05	0	2.00497817586	9103.9296875	
6.055968	-1.38762427240439E-02	-3.01284405446062E-05	0	2.08322509714	9103.9296875	
6.060064	-1.38757519152227E-02	-3.89542699399219E-05	0	1.98275760661	9103.9296875	
6.06416	-1.38702720091323E-02	-4.5028853048025E-05	0	2.01863095137	9103.9296875	
6.068256	-1.38692502526909E-02	-4.22442060730594E-05	0	2.1089895134	9103.9296875	
6.072352	-1.38750805275225E-02	-3.40974644601938E-05	0	1.96387489111	9103.9296875	
6.076448	-0.013885322138643	-2.66620485783094E-05	0	2.03863518573	9103.9296875	
6.080544	-1.38849853018886E-02	-3.51076033539E-05	0	1.94324886228	9162.8671875	
6.08464	-1.38792939127872E-02	-4.1575710347325E-05	0	1.97362905344	9162.8671875	
6.088736	-1.38777862848711E-02	-3.92458660425562E-05	0	2.06360996116	9162.8671875	
6.092832	-1.38838324314663E-02	-3.05981725267969E-05	0	1.91817109022	9162.8671875	
6.096928	-1.38945632056258E-02	-2.27567265220969E-05	0	2.00239181604	9221.06640625	
6.101024	-1.38949549017864E-02	-3.06241544719687E-05	0	1.90282459235	9221.06640625	
6.10512	-1.38897103425489E-02	-3.708288214785E-05	0	1.93590176934	9221.06640625	
6.109216	-1.38883265140262E-02	-3.50737404069937E-05	0	2.02870936235	9221.06640625	
6.113312	-1.38938371413841E-02	-2.72785075772344E-05	0	1.88390754464	9221.06640625	
6.117408	-1.39045963510025E-02	-1.90948162417031E-05	0	1.96024712092	9279.9296875	
6.121504	-1.39051898383458E-02	-2.66531267122312E-05	0	1.86548259194	9279.9296875	
6.1256	-1.39000699928252E-02	-3.30685135660688E-05	0	1.89069769284	9279.9296875	
6.129696	-1.38983090058845E-02	-3.15656833381312E-05	0	1.98639682087	9279.9296875	
6.133792	-1.39038032668528E-02	-2.36151987405469E-05	0	1.83882172353	9337.88671875	
6.137888	-1.39148870612916E-02	-1.51203154085156E-05	0	1.91939179102	9337.88671875	
6.141984	-1.39158959257725E-02	-2.23631093676375E-05	0	1.81882893324	9337.88671875	
6.14608	-1.39110139872103E-02	-2.88389175552844E-05	0	1.85097914056	9337.88671875	
6.150176	-1.39096441478362E-02	-2.71509485701781E-05	0	1.94649134878	9396.5078125	
6.154272	-0.013915452387473	-1.92365276384531E-05	0	1.80522193401	9396.5078125	
6.158368	-1.39267450133848E-02	-1.08373434895687E-05	0	1.87464166263	9396.5078125	
6.162464	-1.39279918762566E-02	-1.785943214055E-05	0	1.78529780814	9396.5078125	
6.16656	-1.39229555998981E-02	-2.46622474531125E-05	0	1.81406057074	9396.5078125	
6.170656	-1.39209673121509E-02	-2.36148189332344E-05	0	1.90521640298	9396.5078125	
6.174752	-1.39269040142306E-02	-1.528838086545E-05	0	1.76008652193	9454.5078125	
6.178848	-1.39386678824422E-02	-6.49841225158125E-06	0	1.84362060355	9454.5078125	
6.182944	-1.39405903389019E-02	-1.29987016647469E-05	0	1.74338580911	9454.5078125	
6.18704	-1.39360001609486E-02	-1.97449807357687E-05	0	1.77290769502	9454.5078125	
6.191136	-0.013934572993495	-1.84955516967375E-05	0	1.8687784841	9454.5078125	
6.195232	-1.39405288963669E-02	-1.07120900090531E-05	0	1.72361045615	9512.90625	
6.199328	-1.39519764086691E-02	-2.48759390663438E-06	0	1.79583779661	9512.90625	
6.203424	-0.013954006115268	-8.53937102792812E-06	0	1.7063489839	9512.90625	
6.20752	-0.013949565246332	-1.51467235551844E-05	0	1.73631337385	9512.90625	
6.211616	-1.39478224544278E-02	-1.43774272090969E-05	0	1.82003818997	9512.90625	
6.215712	-1.39539609476902E-02	-6.29383457154375E-06	0	1.68034424217	9570.828125	
6.219808	-1.39665594103355E-02	2.88249831942187E-06	0	1.76351592824	9570.828125	
6.223904	-1.39694182254275E-02	-2.97066289471875E-06	0	1.66514270252	9570.828125	
6.228	-0.013965434975372	-9.64873818779063E-06	0	1.69146787821	9570.828125	
6.232096	-1.39643735372934E-02	-8.61574595155312E-06	0	1.79308359043	9570.828125	
6.236192	-1.39706856605766E-02	-1.06448523359062E-06	0	1.64250633206	9629.265625	
6.240288	-1.39828681974902E-02	7.37007892799062E-06	0	1.72029930523	9629.265625	
6.244384	-0.01398568440511	1.87936326486562E-06	0	1.62864756329	9629.265625	
6.24848	-1.39815727840439E-02	-4.86525426935625E-06	0	1.65131063658	9629.265625	
6.252576	-1.39800041707545E-02	-4.32435937755937E-06	0	1.74570514063	9629.265625	
6.256672	-1.39866716001255E-02	3.7458318310875E-06	0	1.59428102108	9687.265625	
6.260768	-1.39998272514736E-02	1.2790466055675E-05	0	1.67372194033	9687.265625	
6.264864	-1.40033935700416E-02	7.5481847595E-06	0	1.5825241465	9687.265625	
6.26896	-1.39999178609262E-02	9.98381693925E-07	0	1.60944059914	9687.265625	
6.273056	-1.39993152303486E-02	1.92671225597813E-06	0	1.70919855733	9745.6640625	
6.277152	-1.40060184097659E-02	9.159069687075E-06	0	1.56481635552	9745.6640625	
6.281248	-1.40187707530458E-02	1.75663954143562E-05	0	1.62956690358	9745.6640625	
6.285344	-1.40223240882209E-02	1.26222395412094E-05	0	1.5498704001	9745.6640625	
6.28944	-1.40190412099186E-02	6.3498676885875E-06	0	1.5706223137	9745.6640625	
6.293536	-1.40182229818744E-02	6.8807286961875E-06	0	1.66268222747	9803.90625	
6.297632	-0.014025174400105	1.43576930942156E-05	0	1.51380632084	9803.90625	
6.301728	-1.40389822383611E-02	2.35241562835125E-05	0	1.58982927785	9803.90625	
6.305824	-1.40437744817941E-02	1.92105803086312E-05	0	1.49971867067	9803.90625	
6.30992	-1.40412656697139E-02	1.28824916848031E-05	0	1.53209775939	9862.56640625	
6.314016	-1.40408046678367E-02	1.31242573084219E-05	0	1.6228454198	9862.56640625	
6.318112	-0.014047721158912	2.01102866204625E-05	0	1.47607140736	9862.56640625	
6.322208	-1.40610905790798E-02	2.87248044482437E-05	0	1.54663554298	9862.56640625	
6.326304	-1.40660318572331E-02	2.49506394724125E-05	0	1.46402080165	9862.56640625	
6.3304	-1.40636466616817E-02	1.86912248183719E-05	0	1.48719122871	9862.56640625	
6.334496	-1.40631863912633E-02	1.88366083268344E-05	0	1.57996067482	9862.56640625	
6.338592	-1.40710671278358E-02	2.65859275005844E-05	0	1.43246187128	9920.92578125	
6.342688	-1.40855459880627E-02	3.55707596215125E-05	0	1.50345325218	9920.92578125	
6.346784	-0.014091099588622	3.16883236001063E-05	0	1.43896973242	9920.92578125	
6.35088	-1.40893107148166E-02	2.56183597181531E-05	0	1.44329559088	9920.92578125	
6.354976	-1.40894106503683E-02	2.58483763150594E-05	0	1.5366715727	9979.36328125	
6.359072	-1.40975025042225E-02	3.33293991224906E-05	0	1.39202234259	9979.36328125	
6.363168	-1.41114235357202E-02	4.14869986571906E-05	0	1.45356473636	9979.36328125	
6.367264	-1.41165791312872E-02	3.75842948675906E-05	0	1.39783593015	9979.36328125	
6.37136	-1.41147088826958E-02	3.16925478747281E-05	0	1.3969776249	10037.921875	
6.375456	-1.41147936404784E-02	3.19983749727469E-05	0	1.48781302318	10037.921875	
6.379552	-1.41234137904148E-02	3.99190403693812E-05	0	1.3344167089	10037.921875	
6.383648	-1.41382284816403E-02	4.86237958473094E-05	0	1.41220968207	10037.921875	
6.387744	-1.41444656304016E-02	4.52079766669781E-05	0	1.34778338266	10037.921875	
6.39184	-0.014143091402275	3.90677849706375E-05	0	1.35105638668	10096.68359375	
6.395936	-1.41437114964303E-02	3.94696025976656E-05	0	1.44529830313	10096.68359375	
6.400032	-1.41519810033284E-02	4.6609436082825E-05	0	1.29948559257	10096.68359375	
6.404128	-1.41656921975972E-02	5.4370743706125E-05	0	1.35999420535	10096.68359375	
6.408224	-1.41712030078197E-02	5.10342982444969E-05	0	1.30366267812	10096.68359375	
6.41232	-1.41701413868764E-02	4.57368458496469E-05	0	1.29683819771	10096.68359375	
6.416416	-1.41709816501155E-02	4.62202977700406E-05	0	1.3876697813	10155.28515625	
6.420512	-1.41796764088444E-02	5.35283697888844E-05	0	1.23768761457	10155.28515625	
6.424608	-1.41946608899322E-02	6.21868861303594E-05	0	1.31510293343	10155.28515625	
6.428704	-1.42014870458519E-02	5.92564719934687E-05	0	1.24995565761	10155.28515625	
6.4328	-1.42009111135186E-02	5.36554427387344E-05	0	1.24815893862	10155.28515625	
6.436896	-0.01420179828155	5.37661306088156E-05	0	1.34359866773	10213.921875	
6.440992	-1.42101845475511E-02	6.07330806130125E-05	0	1.19729386216	10213.921875	
6.445088	-1.42242190465873E-02	6.86529291835406E-05	0	1.25449513871	10213.921875	
6.449184	-1.42309058596152E-02	6.62307551634094E-05	0	1.20217285067	10213.921875	
6.45328	-0.014230831616552	6.11190381597469E-05	0	1.17174688323	10272.5625	
6.457376	-1.42317482257981E-02	6.10584298068937E-05	0	1.28316253406	10272.5625	
6.461472	-1.42406679080927E-02	6.84968144358094E-05	0	1.13954327025	10272.5625	
6.465568	-1.42555390130742E-02	7.6815463569075E-05	0	1.20247039649	10272.5625	
6.469664	-1.42626192594772E-02	7.41793868782312E-05	0	1.13898251082	10272.5625	
6.47376	-0.0142629774914	6.93047698778531E-05	0	1.1125161916	10331.16015625	
6.477856	-1.42644520208077E-02	6.94321673466094E-05	0	1.226041366	10331.16015625	
6.481952	-1.42728145143994E-02	7.59847615151625E-05	0	1.08343680973	10331.16015625	
6.486048	-1.42867026302533E-02	8.37540672073875E-05	0	1.14065715973	10331.16015625	
6.490144	-1.42938103977917E-02	8.18298059104969E-05	0	1.08771307722	10389.7421875	
6.49424	-1.42941543662689E-02	7.70482907400937E-05	0	1.05745877083	10389.7421875	
6.498336	-1.42953985776027E-02	7.70240313893531E-05	0	1.16272514138	10389.7421875	
6.502432	-1.43041863230252E-02	8.40650005503E-05	0	1.02364917336	10389.7421875	
6.506528	-1.43190772688253E-02	9.24934690449E-05	0	1.08547766888	10389.7421875	
6.510624	-1.43268153709416E-02	9.05191782307312E-05	0	1.02270694493	10389.7421875	
6.51472	-1.43273567418489E-02	8.5486154898375E-05	0	0.99133874906	10448.26171875	
6.518816	-1.43285819352552E-02	8.53344201943406E-05	0	1.10441379004	10448.26171875	
6.522912	-1.43365000676562E-02	9.177091976745E-05	0	0.96541411582	10448.26171875	
6.527008	-1.43504741299133E-02	9.99263678619937E-05	0	1.01503560334	10448.26171875	
6.531104	-1.43575982638413E-02	9.79136624227781E-05	0	0.95862778231	10448.26171875	
6.5352	-1.43577594590633E-02	9.29839526890312E-05	0	0.92749609722	10507.01953125	
6.539296	-1.43586865830289E-02	9.29420464809375E-05	0	1.03286927909	10507.01953125	
6.543392	-1.43663796089997E-02	9.93169321733531E-05	0	0.89114591621	10507.01953125	
6.547488	-1.43804309315872E-02	1.07690631011184E-04	0	0.95349320957	10507.01953125	
6.551584	-1.43879567278013E-02	1.06093240781653E-04	0	0.89089033198	10507.01953125	
6.55568	-1.43883340690839E-02	1.01239503087319E-04	0	0.85939243665	10507.01953125	
6.559776	-1.43892877084292E-02	1.00962200239622E-04	0	0.9814815901	10565.30078125	
6.563872	-1.43965376532622E-02	1.07006734579697E-04	0	0.83231195234	10565.30078125	
6.567968	-1.44094361968597E-02	1.14641207954831E-04	0	0.88422988324	10565.30078125	
6.572064	-1.44156073314688E-02	1.12532635303791E-04	0	0.82728419092	10565.30078125	
6.57616	-1.44151769594267E-02	1.07824928713425E-04	0	0.78676836843	10623.91796875	
6.580256	-1.44154830749136E-02	1.07605720999941E-04	0	0.9025175071	10623.91796875	
6.584352	-1.44226069345445E-02	1.14052250611097E-04	0	0.74471141118	10623.91796875	
6.588448	-1.44359058603753E-02	1.22201359529288E-04	0	0.80891645857	10623.91796875	
6.592544	-1.44425590263006E-02	1.20339477256556E-04	0	0.7484803249	10623.91796875	
6.59664	-1.44416176388894E-02	1.14815565232397E-04	0	0.70366534678	10682.140625	
6.600736	-1.44403800106844E-02	1.13613585184378E-04	0	0.84034950417	10682.140625	
6.604832	-1.44453225688905E-02	1.18922094779709E-04	0	0.67761101408	10682.140625	
6.608928	-1.44560819613736E-02	1.26229679539425E-04	0	0.73204664038	10682.140625	
6.613024	-1.44611175977056E-02	1.24570872544388E-04	0	0.68071235705	10682.140625	
6.61712	-1.44589583314756E-02	1.1906171555355E-04	0	0.63545487489	10741.01953125	
6.621216	-1.44560568174791E-02	1.17000765931809E-04	0	0.75822685785	10741.01953125	
6.625312	-1.44595943348587E-02	1.22262743362134E-04	0	0.5947483179	10741.01953125	
6.629408	-1.44689786763242E-02	1.29247449838959E-04	0	0.66045635315	10741.01953125	
6.633504	-1.44711534860527E-02	1.25908765437262E-04	0	0.59882240682	10741.01953125	
6.6376	-1.44649052739778E-02	1.18396812131916E-04	0	0.55172242939	10799.2578125	
6.641696	-1.44582586911812E-02	1.15472677075284E-04	0	0.68932974176	10799.2578125	
6.645792	-1.44578010723008E-02	1.19444368295897E-04	0	0.52477164454	10799.2578125	
6.649888	-1.44630566034195E-02	1.25368709967703E-04	0	0.58045848916	10799.2578125	
6.653984	-1.44617738076367E-02	1.21534600580662E-04	0	0.52569098483	10858.1171875	
6.65808	-1.44526104581461E-02	1.13554383801272E-04	0	0.48344329308	10858.1171875	
6.662176	-1.44430935397822E-02	1.10086864672641E-04	0	0.61953617352	10858.1171875	
6.666272	-0.014440760277802	1.14288658307381E-04	0	0.46165759849	10858.1171875	
6.670368	-0.014445157807807	1.20788764547653E-04	0	0.51533028679	10916.27734375	
6.674464	-1.44430683044553E-02	1.1667351794175E-04	0	0.46256549471	10916.27734375	
6.67856	-1.44330610344319E-02	1.08450381453356E-04	0	0.42315974701	10916.27734375	
6.682656	-1.44229810756952E-02	1.04977978194994E-04	0	0.5628193626	10916.27734375	
6.686752	-0.01441977884072	1.08868049064534E-04	0	0.40304870133	10916.27734375	
6.690848	-1.44231185899402E-02	1.14935901410137E-04	0	0.45003042337	10916.27734375	
6.694944	-1.44199203779881E-02	1.10406941516025E-04	0	0.4054252532	10975.23828125	
6.69904	-1.44085957507559E-02	1.01591970523312E-04	0	0.35847786337	10975.23828125	
6.703136	-1.43974219868909E-02	9.79097739651281E-05	0	0.49407483411	10975.23828125	
6.707232	-1.43933605621816E-02	1.01621602464834E-04	0	0.33793957241	10975.23828125	
6.711328	-1.43955671903656E-02	1.07142152713509E-04	0	0.39918823505	10975.23828125	
6.715424	-0.014391260726975	1.02335440452919E-04	0	0.34183818559	11033.31640625	
6.71952	-1.43789188234863E-02	9.34076823133781E-05	0	0.30379809691	11033.31640625	
6.723616	-1.43666753926317E-02	8.92967522896969E-05	0	0.44726858781	11033.31640625	
6.727712	-1.43610216736559E-02	9.21863102174437E-05	0	0.29339925197	11033.31640625	
6.731808	-1.43616741348609E-02	9.72359784850781E-05	0	0.34069377859	11033.31640625	
6.735904	-1.43562642659459E-02	9.25299129988406E-05	0	0.29648152149	11092.31640625	
6.74	-1.43434551431806E-02	8.3841910388775E-05	0	0.24838972466	11092.31640625	
6.744096	-1.43306758273594E-02	7.96372766126437E-05	0	0.38651583487	11092.31640625	
6.748192	-1.43255817657597E-02	8.34675374458406E-05	0	0.23413422813	11092.31640625	
6.752288	-1.43264602477184E-02	8.84135435575219E-05	0	0.28208488143	11150.61328125	
6.756384	-1.43202224589308E-02	8.25773503552594E-05	0	0.2423854026	11150.61328125	
6.76048	-1.43066167775867E-02	7.34954914082812E-05	0	0.19917259428	11150.61328125	
6.764576	-1.42933164802708E-02	6.92824384098E-05	0	0.344466507	11150.61328125	
6.768672	-1.42875031204228E-02	7.2826586788725E-05	0	0.19336282141	11150.61328125	
6.772768	-1.42873291246727E-02	7.71776634472594E-05	0	0.230407276	11209.7734375	
6.776864	-1.42812375362027E-02	7.21702420123781E-05	0	0.20109138335	11209.7734375	
6.78096	-1.42680440318642E-02	6.34165103815031E-05	0	0.15758865859	11209.7734375	
6.785056	-1.42544658716556E-02	5.87145246988781E-05	0	0.29543248174	11209.7734375	
6.789152	-1.42484553836745E-02	6.20727211002937E-05	0	0.13907596802	11209.7734375	
6.793248	-1.42481132438442E-02	6.64448111993531E-05	0	0.19348870618	11267.99609375	
6.797344	-0.014241668360798	6.13020204286875E-05	0	0.15565461076	11267.99609375	
6.80144	-1.42272599034758E-02	5.16826538461406E-05	0	0.10868814748	11267.99609375	
6.805536	-1.42119240478909E-02	4.59919528060781E-05	0	0.26124141527	11267.99609375	
6.809632	-1.42037857464061E-02	4.84921928539125E-05	0	0.11023691162	11267.99609375	
6.813728	-1.42009311372019E-02	5.18267455289719E-05	0	0.14594241002	11267.99609375	
6.817824	-1.41924217118338E-02	4.63415531776312E-05	0	0.12207008	11327.0546875	
6.82192	-0.014176990126585	3.7205303179275E-05	0	0.07380280743	11327.0546875	
6.826016	-1.41612034181131E-02	3.20021975650781E-05	0	0.2116390012	11327.0546875	
6.830112	-1.41536922510741E-02	3.54087193989375E-05	0	0.06416690049	11327.0546875	
6.834208	-1.41518274884233E-02	3.93791488419656E-05	0	0.11233117643	11385.2734375	
6.838304	-1.41427910470258E-02	3.28134436288312E-05	0	0.08848554924	11385.2734375	
6.8424	-1.41258328159334E-02	2.25342373215094E-05	0	0.03877632385	11385.2734375	
6.846496	-1.41082874063295E-02	1.65799634680969E-05	0	0.18722879989	11385.2734375	
6.850592	-1.40987585103286E-02	1.92659158302187E-05	0	0.04257575509	11385.2734375	
6.854688	-1.40952678977412E-02	2.30459012329219E-05	0	0.07402787414	11444.171875	
6.858784	-1.40861785170167E-02	1.77030277296469E-05	0	0.07584748127	11444.171875	
6.86288	-1.40700496687145E-02	8.49236674800937E-06	0	0.00960538942	11444.171875	
6.866976	-1.40539758626833E-02	3.54880438388437E-06	0	0.14876528062	11444.171875	
6.871072	-1.40455889566558E-02	6.34734533534062E-06	0	0.00625990629	11444.171875	
6.875168	-1.40433778482869E-02	1.05287632693031E-05	0	0.05694569232	11502.3125	
6.879264	-1.40359662510702E-02	6.03116728613437E-06	0	0.04948034399	11502.3125	
6.88336	-1.40219928288395E-02	-2.07484816553438E-06	0	-0.01876064542	11502.3125	
6.887456	-1.40086003677211E-02	-5.8577201038125E-06	0	0.13579533462	11502.3125	
6.891552	-0.014003075294053	-2.17104254049375E-06	0	-0.01437756661	11502.3125	
6.895648	-1.40043801250306E-02	3.34244593639687E-06	0	0.02796930708	11561.3125	
6.899744	-0.014001566111787	8.7088807141875E-07	0	0.02996820464	11561.3125	
6.90384	-1.39922435785859E-02	-5.74270795920937E-06	0	-0.03536599099	11561.3125	
6.907936	-0.013982714956882	-8.98042996186875E-06	0	0.10898950799	11561.3125	
6.912032	-1.39812316499694E-02	-4.33816441183125E-06	0	-0.03651421268	11619.453125	
6.916128	-1.39874652328692E-02	2.84917743928125E-06	0	0.01916881725	11619.453125	
6.920224	-1.39899201912989E-02	2.08930896838125E-06	0	0.01255795948	11619.453125	
6.92432	-1.39852600676027E-02	-3.63815285222812E-06	0	-0.04791632109	11619.453125	
6.928416	-1.39791424209147E-02	-6.84497320309687E-06	0	0.10632685437	11619.453125	
6.932512	-1.39795516720853E-02	-2.99924459690625E-06	0	-0.03813164124	11619.453125	
6.936608	-1.39867279224492E-02	3.50219385357187E-06	0	0.00860594064	11678.171875	
6.940704	-1.39899881255303E-02	2.74672345519688E-06	0	0.01303098104	11678.171875	
6.9448	-1.39860539746434E-02	-2.76839098160625E-06	0	-0.05272664518	11678.171875	
6.948896	-1.39808934417298E-02	-5.614127078175E-06	0	0.18304408496	11678.171875	
6.952992	-1.39828254985856E-02	-1.14947601398437E-06	0	0.05867374689	11678.171875	
6.957088	-1.39911241724014E-02	5.30439060906562E-06	0	0.07769760592	11678.171875	
6.961184	-1.39950494543509E-02	4.43355446067187E-06	0	0.02246470941	11678.171875	
6.96528	-1.39906057510123E-02	-1.82815826799375E-06	0	-0.00215529985	11678.171875	
6.969376	-1.39815058555683E-02	-7.74729922384687E-06	0	0.03397744383	11678.171875	
6.973472	-1.39795979368512E-02	-4.62604489318125E-06	0	-0.02110667977	11678.171875	
6.977568	-1.39900402419662E-02	5.61771144959063E-06	0	0.01500699046	11678.171875	
6.981664	-1.39985605477833E-02	7.95158387533125E-06	0	-0.02373881587	11678.171875	
6.98576	-1.39961906214333E-02	1.23657544611562E-06	0	-0.00113677762	11678.171875	
6.989856	-1.39905920361608E-02	-3.15362136560625E-06	0	-0.01057813537	11678.171875	
6.993952	-1.39884400845183E-02	-2.26612441656562E-06	0	0.00067901482	11678.171875	
6.998048	-1.39918478594022E-02	1.89080988803437E-06	0	-0.00685118324	11678.171875	
7.002144	-1.39927616342456E-02	1.420654348575E-06	0	-0.00740431329	11678.171875	
7.00624	-1.39889859356105E-02	-2.21942205942187E-06	0	-0.00482558285	11678.171875	
7.010336	-1.39845436951894E-02	-4.12804130464687E-06	0	-0.00226974055	11678.171875	
7.014432	-1.39868991752291E-02	3.00336238125E-09	0	0.01289746689	11678.171875	
7.018528	-1.39929900322403E-02	4.139501629725E-06	0	-0.0021743733	11678.171875	
7.022624	-1.39956615938923E-02	3.42936171486562E-06	0	0.01074216704	11678.171875	
7.02672	-1.39940448871902E-02	4.10508002953125E-07	0	0.00625227691	11678.171875	
7.030816	-1.39903781759088E-02	-2.05602150166875E-06	0	0.0069045889	11678.171875	
7.034912	-0.013991714276748	5.69224430775E-07	0	0.00912855317	11678.171875	
7.039008	-1.39953898569667E-02	3.13535023003125E-06	0	-0.01042554777	11678.171875	
7.043104	-1.39953008932962E-02	1.4678129552625E-06	0	-0.00265502424	11678.171875	
7.0472	-1.39914092584492E-02	-1.76004607649062E-06	0	-0.01134488806	11678.171875	
7.051296	-1.39888087397283E-02	-2.15483390285625E-06	0	-0.00456618393	11678.171875	
7.055392	-1.39916026378562E-02	1.3421188501875E-06	0	0.00450896358	11678.171875	
7.059488	-1.39954065890856E-02	3.32905508440312E-06	0	-0.01100538065	11678.171875	
7.063584	-1.39954115264322E-02	1.56955828620937E-06	0	0.00326155995	11678.171875	
7.06768	-0.01399203931873	0	0	-0.00603102489	11678.171875	
7.071776	-1.39901098219798E-02	0	0	0.00422667652	11678.171875	
7.075872	-1.39920406902152E-02	0	0	0.01069639076	11678.171875	
7.079968	-1.39953576727817E-02	0	0	0.00043487466	11678.171875	
7.084064	-1.39975450087412E-02	0	0	0.01553723237	11678.171875	
7.08816	-1.39977775211914E-02	0	0	0.00311278704	11678.171875	
7.092256	-1.39986203445361E-02	0	0	0.00665281936	11678.171875	
7.096352	-1.40025676616805E-02	0	0	-0.00075530862	11678.171875	
7.100448	-0.01400799682282	0	0	-0.01692577953	11678.171875	
7.104544	-0.014013155344222	0	0	-0.00472258622	11678.171875	
7.10864	-0.014018325294667	0	0	-0.01501843453	11678.171875	
7.112736	-1.40251389243556E-02	0	0	-0.00121307142	11678.171875	
7.116832	-0.014033969734412	0	0	0.00267791238	11678.171875	
7.120928	-1.40426428236755E-02	0	0	0.0025176954	11678.171875	
7.125024	-1.40496296262231E-02	0	0	0.01213452889	11678.171875	
7.12912	-1.40561760906033E-02	0	0	0.00529097503	11678.171875	
7.133216	-1.40645396813831E-02	0	0	0.0115203638	11678.171875	
7.137312	-1.40753716711472E-02	0	0	0.00290679378	11678.171875	
7.141408	-1.40871402938406E-02	0	0	0.00128936522	11678.171875	
7.145504	-1.40980311660341E-02	0	0	0.00079727021	11678.171875	
7.1496	-1.41095488069439E-02	0	0	-0.00105666913	11678.171875	
7.153696	-1.41231178239181E-02	0	0	0.00342940631	11678.171875	
7.157792	-1.41379772255597E-02	0	0	0.00142669406	11678.171875	
7.161888	-1.41521207119497E-02	0	0	-0.00483702692	11678.171875	
7.165984	-1.41647899432291E-02	0	0	-0.0037002493	11678.171875	
7.17008	-1.41782729223678E-02	0	0	-0.00378035779	11678.171875	
7.174176	-1.41945774122023E-02	0	0	-0.00432967315	11678.171875	
7.178272	-1.42134254584077E-02	0	0	0.00161361387	11678.171875	
7.182368	-1.42327681535927E-02	0	0	0.00204085915	11678.171875	
7.186464	-0.014251587215745	0	0	0.01095578968	11678.171875	
7.19056	-1.42714206283189E-02	0	0	0.01245114816	11678.171875	
7.194656	-1.42928146995683E-02	0	0	0.00992582338	11678.171875	
7.198752	-1.43151401921034E-02	0	0	0.00582503163	11750.74609375	
7.202848	-0.014337217354393	0	0	-0.00299834634	11750.74609375	
7.206944	-1.43597067851205E-02	0	0	0.0037383962	11750.74609375	
7.21104	-1.43842261967439E-02	0	0	0.01774593788	11750.7265625	
7.215136	-1.44106732764706E-02	0	0	0.04893484332	11750.7265625	
7.219232	-1.44383470125211E-02	0	0	0.03999320996	11750.7265625	
7.223328	-1.44659456826173E-02	0	0	0.05739964043	11750.7265625	
7.227424	-1.44943882732464E-02	0	0	0.08657820424	11750.7265625	
7.23152	-1.45246423214698E-02	0	0	0.03837196671	11750.7265625	
7.235616	-1.45571486226169E-02	1.52291241939375E-06	0	0.03075403078	11733.92578125	
7.239712	-1.45918087040533E-02	3.03585513721875E-06	0	0.06089771116	11733.92578125	
7.243808	-1.46264834146647E-02	3.1397901294375E-06	0	-0.03975288449	11733.92578125	
7.247904	-1.46622109687144E-02	3.34395074258437E-06	0	0.11945320266	11733.92578125	
7.252	-1.47014927722627E-02	3.78202097759062E-06	0	0.02023311576	11733.92578125	
7.256096	-1.47449484623031E-02	4.46750442672187E-06	0	-0.0310897235	11678.76171875	
7.260192	-1.47928189630616E-02	5.37146409968437E-06	0	0.08810026555	11678.76171875	
7.264288	-1.48441467036019E-02	6.4271012652E-06	0	-0.04164497073	11678.76171875	
7.268384	-1.48973373781461E-02	7.48316823797812E-06	0	0.14367266947	11617.9609375	
7.27248	-1.49562136815541E-02	8.71441796826562E-06	0	-0.00689695952	11617.9609375	
7.276576	-0.015024463811708	1.03186115563781E-05	0	0.04077140672	11617.9609375	
7.280672	-1.50980624596742E-02	1.21833507974062E-05	0	0.10241298243	11617.9609375	
7.284768	-1.51746204068783E-02	1.39797398664E-05	0	0.00013732884	11617.9609375	
7.288864	-1.52578719331036E-02	1.5916312929825E-05	0	0.20513114006	11617.9609375	
7.29296	-1.53490515578555E-02	1.81328503767469E-05	0	0.01710506996	11558.0625	
7.297056	-0.015451729897022	2.07741078316406E-05	0	0.12414145667	11558.0625	
7.301152	-1.55621046451561E-02	2.37314652108187E-05	0	0.12854742362	11558.0625	
7.305248	-1.56745690795066E-02	2.65466611936969E-05	0	0.06021106696	11558.0625	
7.309344	-1.57918092994681E-02	2.93188521715031E-05	0	0.23421052193	11558.0625	
7.31344	-0.015917809286555	3.23968000550906E-05	0	0.03389733534	11497.54296875	
7.317536	-1.60511087748052E-02	3.57865500307219E-05	0	0.19186364824	11497.54296875	
7.321632	-0.016186330993812	3.91272998149688E-05	0	0.12475180707	11497.54296875	
7.325728	-1.63203691639673E-02	4.21392475241719E-05	0	0.1254651541	11497.54296875	
7.329824	-1.64571654822042E-02	4.51502738400656E-05	0	0.26616999475	11497.54296875	
7.33392	-1.65982514402805E-02	4.83701982643687E-05	0	0.06049716871	11438.203125	
7.338016	-0.016748049803528	5.2102203666975E-05	0	0.26679560391	11438.203125	
7.342112	-1.68930619578772E-02	5.56756601896687E-05	0	0.16487471649	11438.203125	
7.346208	-1.70331862305619E-02	5.86248627693094E-05	0	0.21367604566	11438.203125	
7.350304	-0.017172898874835	6.16503554168906E-05	0	0.32295928478	11438.203125	
7.3544	-1.73110434544128E-02	6.46385351210156E-05	0	0.13983127664	11378.421875	
7.358496	-1.74525091310127E-02	6.80808537940781E-05	0	0.342559162	11378.421875	
7.362592	-1.75818498730755E-02	7.09177615340906E-05	0	0.19782219402	11378.421875	
7.366688	-1.77039356415264E-02	7.31845688826656E-05	0	0.29288426882	11378.421875	
7.370784	-1.78217711774781E-02	7.55644621758469E-05	0	0.37011648256	11378.421875	
7.37488	-1.79368831267742E-02	7.80486236339906E-05	0	0.17160382965	11319.33984375	
7.378976	-1.80495824508158E-02	8.07786060001594E-05	0	0.39925308478	11319.33984375	
7.383072	-1.81488823648808E-02	8.28876793718531E-05	0	0.23890640532	11319.33984375	
7.387168	-1.82360484754714E-02	8.43194132766562E-05	0	0.36669089094	11319.33984375	
7.391264	-1.83160179462855E-02	8.56010562257812E-05	0	0.41839138451	11259.66015625	
7.39536	-1.83922563374481E-02	8.71602832723219E-05	0	0.27148385792	11259.66015625	
7.399456	-0.018462302930292	8.89419028849313E-05	0	0.47246461526	11259.66015625	
7.403552	-1.85172406940606E-02	8.98576827383812E-05	0	0.30322589341	11259.66015625	
7.407648	-0.018560010641523	9.01758249683156E-05	0	0.47163682753	11259.66015625	
7.411744	-1.85960330648813E-02	9.05691349115437E-05	0	0.48100570617	11259.66015625	
7.41584	-1.86301032248358E-02	9.14660068512094E-05	0	0.34117061484	11259.66015625	
7.419936	-1.86571809134373E-02	9.24401342424656E-05	0	0.54368487756	11200.921875	
7.424032	-0.01867018615858	9.25654271460187E-05	0	0.36487891319	11200.921875	
7.428128	-1.86710721379909E-02	9.19371284954719E-05	0	0.54119388499	11200.921875	
7.432224	-1.86661605753494E-02	9.14225016062531E-05	0	0.52567954076	11200.921875	
7.43632	-1.86602581603986E-02	9.15807223614937E-05	0	0.42446437099	11141.359375	
7.440416	-1.86473924410125E-02	9.16630412695594E-05	0	0.59755974443	11141.359375	
7.444512	-1.86220833282361E-02	9.08305546020469E-05	0	0.43339837497	11141.359375	
7.448608	-1.85882334287977E-02	8.95260888392062E-05	0	0.63886139306	11141.359375	
7.452704	-1.85524789022066E-02	8.85978265463156E-05	0	0.6071842073	11141.359375	
7.4568	-1.85184582985823E-02	8.85762546928875E-05	0	0.50992487106	11082.63671875	
7.460896	-1.84802970898391E-02	8.84783581561687E-05	0	0.68736136172	11082.63671875	
7.464992	-0.018433321986023	8.75178345974625E-05	0	0.52845663508	11082.63671875	
7.469088	-1.83802378301592E-02	8.61188492176031E-05	0	0.72040802119	11082.63671875	
7.473184	-1.83283501579458E-02	8.51984402822437E-05	0	0.67816414413	11082.63671875	
7.47728	-1.82804470158406E-02	8.52204075679687E-05	0	0.58798487253	11023.296875	
7.481376	-1.82301269511608E-02	8.51804665021406E-05	0	0.74995660993	11023.296875	
7.485472	-1.81719453507006E-02	8.398221217155E-05	0	0.60453681244	11023.296875	
7.489568	-1.81105515491398E-02	8.25153542634094E-05	0	0.79927292225	11023.296875	
7.493664	-1.80523159121645E-02	8.16674469382406E-05	0	0.75860451216	10964.91796875	
7.49776	-1.79995788334777E-02	8.18172583268906E-05	0	0.65838116179	10964.91796875	
7.501856	-1.79453912720895E-02	8.17969900779281E-05	0	0.84580451087	10964.91796875	
7.505952	-1.78833547011522E-02	8.03994571004625E-05	0	0.71011598757	10964.91796875	
7.510048	-0.017818156674065	7.85472440488312E-05	0	0.90409297407	10964.91796875	
7.514144	-1.77556212482602E-02	7.73864980941937E-05	0	0.85902622641	10905.578125	
7.51824	-1.76985452477006E-02	7.70668051446562E-05	0	0.79483262309	10905.578125	
7.522336	-1.76402036406389E-02	7.66685480909906E-05	0	0.94071781276	10905.578125	
7.526432	-1.75725907024886E-02	7.44905579612906E-05	0	0.81730114719	10905.578125	
7.530528	-1.75061232287408E-02	7.24813681435594E-05	0	1.01135442749	10847.16015625	
7.534624	-1.74423934222295E-02	7.12516474982812E-05	0	0.95906265697	10847.16015625	
7.53872	-1.73846262845836E-02	7.08066058760156E-05	0	0.87907242236	10847.16015625	
7.542816	-1.73269410703177E-02	7.04252401516125E-05	0	1.03831284172	10847.16015625	
7.546912	-1.72589900153602E-02	6.79013210409187E-05	0	0.91638390525	10847.16015625	
7.551008	-1.71925610346291E-02	6.55561772322187E-05	0	1.0982873979	10787.99609375	
7.555104	-1.71292754978761E-02	6.40725342447094E-05	0	1.04934111051	10787.99609375	
7.5592	-1.70724293582287E-02	6.35399234792437E-05	0	0.99451638583	10787.99609375	
7.563296	-1.70158263371834E-02	6.30275497127719E-05	0	1.13454602635	10787.99609375	
7.567392	-1.69500063872941E-02	6.02658488687062E-05	0	1.01986500088	10787.99609375	
7.571488	-1.68881875167672E-02	5.82129410658469E-05	0	1.21171339036	10729.5546875	
7.575584	-1.68306101926669E-02	5.71548428451E-05	0	1.16036384827	10729.5546875	
7.57968	-0.016778624779278	5.66600632918031E-05	0	1.08323463116	10729.5546875	
7.583776	-1.67268410656394E-02	5.60697076321594E-05	0	1.24612189416	10729.5546875	
7.587872	-1.66655546056502E-02	5.31918468081E-05	0	1.11449220102	10729.5546875	
7.591968	-0.016606459870373	5.07038312672719E-05	0	1.29269544437	10729.5546875	
7.596064	-1.65519680221448E-02	4.93171242405187E-05	0	1.23581460178	10670.45703125	
7.60016	-1.65031129779089E-02	4.87455767351437E-05	0	1.17006460494	10670.45703125	
7.604256	-1.64543254107427E-02	4.79860409562187E-05	0	1.32101188824	10670.45703125	
7.608352	-1.63978180279289E-02	4.5143214472125E-05	0	1.19418107512	10670.45703125	
7.612448	-1.63433451061959E-02	4.27292740976062E-05	0	1.38432048348	10670.45703125	
7.616544	-1.62944635465803E-02	4.157161612065E-05	0	1.32970938144	10612.13671875	
7.62064	-1.62511270843161E-02	4.12741084854656E-05	0	1.25845860162	10612.13671875	
7.624736	-1.62054859783953E-02	4.00988988433687E-05	0	1.41879383701	10612.13671875	
7.628832	-1.61541181904884E-02	3.73428826090031E-05	0	1.28736250775	10612.13671875	
7.632928	-1.61026419638219E-02	3.46713049921219E-05	0	1.46844202736	10553.578125	
7.637024	-1.60579425196094E-02	3.34794191647781E-05	0	1.41293065848	10553.578125	
7.64112	-1.60194319478806E-02	3.34315737799312E-05	0	1.33758671629	10553.578125	
7.645216	-1.59774526158947E-02	3.21367507959094E-05	0	1.49514867205	10553.578125	
7.649312	-1.59315850320584E-02	2.960923577535E-05	0	1.35774353825	10553.57421875	
7.653408	-1.58851094231363E-02	2.71002012651562E-05	0	1.54195873304	10553.57421875	
7.657504	-1.58452340408123E-02	2.59632716328562E-05	0	1.48873236347	10495.21484375	
7.6616	-1.58115085807937E-02	2.60562508668E-05	0	1.39570351844	10495.21484375	
7.665696	-1.57732394818848E-02	2.45976169888969E-05	0	1.5728729808	10495.21484375	
7.669792	-1.57313635598797E-02	2.21022394362E-05	0	1.43403352356	10495.21484375	
7.673888	-0.015688321692627	1.95308432095219E-05	0	1.61499860247	10495.21484375	
7.677984	-1.56517088906252E-02	1.83665941333875E-05	0	1.56060493776	10436.59375	
7.68208	-1.56215274396827E-02	1.85197978263375E-05	0	1.4840288507	10436.59375	
7.686176	-1.55864001389697E-02	1.704300988005E-05	0	1.64439460361	10436.59375	
7.690272	-1.55480689574994E-02	1.45775688358781E-05	0	1.50530337683	10436.59375	
7.694368	-0.01550916668961	1.22669213869125E-05	0	1.68632949078	10378.1328125	
7.698464	-1.54766228097697E-02	1.12848646766625E-05	0	1.63378213603	10378.1328125	
7.70256	-1.54493329066983E-02	1.14024833090437E-05	0	1.53496259158	10378.1328125	
7.706656	-1.54170812446286E-02	9.90696052572187E-06	0	1.71122415772	10378.1328125	
7.710752	-1.53805279650825E-02	7.3185763352625E-06	0	1.57013021869	10378.1328125	
7.714848	-1.53427078904138E-02	4.72342003619062E-06	0	1.73540547763	10319.79296875	
7.718944	-1.53110467898523E-02	3.60841442042812E-06	0	1.688381794	10319.79296875	
7.72304	-1.52846835535848E-02	3.60462283768125E-06	0	1.60741881344	10319.79296875	
7.727136	-1.52543740059287E-02	2.33151161079375E-06	0	1.76151321599	10319.79296875	
7.731232	-1.52201187869105E-02	-3.878313429375E-08	0	1.62559962598	10319.79296875	
7.735328	-1.51859288505856E-02	-2.1440593944E-06	0	1.80959738344	10319.79296875	
7.739424	-1.51569728673464E-02	-3.09124738951875E-06	0	1.76025818298	10261.1953125	
7.74352	-1.51324267574786E-02	-3.11917909235625E-06	0	1.65771931578	10261.1953125	
7.747616	-0.01510332411676	-4.4989060780125E-06	0	1.83335908745	10261.1953125	
7.751712	-1.50701120493516E-02	-6.86038688960625E-06	0	1.69002974008	10261.1953125	
7.755808	-1.50359521942678E-02	-9.1640514128625E-06	0	1.85399656035	10202.7109375	
7.759904	-1.50074391093017E-02	-1.01171761808906E-05	0	1.79998054995	10202.7109375	
7.764	-1.49835878852464E-02	-1.01288862653344E-05	0	1.71797615902	10202.7109375	
7.768096	-1.49561173118637E-02	-1.12237858915875E-05	0	1.86619593897	10202.7109375	
7.772192	-1.49242086125155E-02	-1.34904869902687E-05	0	1.73957111911	10202.7109375	
7.776288	-1.48922996388702E-02	-1.54956561389437E-05	0	1.91006868866	10144.11328125	
7.780384	-0.014864508960852	-1.65334962068719E-05	0	1.86013821125	10144.11328125	
7.78448	-0.014840689189523	-1.67336868720656E-05	0	1.7656674134	10144.11328125	
7.788576	-1.48135094624258E-02	-1.79272104381563E-05	0	1.93246091896	10144.11328125	
7.792672	-1.47818151719236E-02	-2.02138869976312E-05	0	1.79483453314	10144.11328125	
7.796768	-1.47498675223969E-02	-2.23718675319562E-05	0	1.93284620265	10085.53125	
7.800864	-1.47225706704673E-02	-2.33466254514281E-05	0	1.90708560108	10085.53125	
7.80496	-1.46998545789597E-02	-2.34599575496344E-05	0	1.82594333009	10085.53125	
7.809056	-1.46746223607844E-02	-2.43701511105938E-05	0	1.97110754335	10085.53125	
7.813152	-1.46441553666323E-02	-2.66868985534594E-05	0	1.83913071342	10085.53125	
7.817248	-1.46144611586497E-02	-2.86334730491906E-05	0	1.98167804934	10085.53125	
7.821344	-1.45883463440602E-02	-2.96920169425687E-05	0	1.95732125369	10026.9140625	
7.82544	-1.45664949282273E-02	-2.98852915089094E-05	0	1.8504679721	10026.9140625	
7.829536	-1.45424341412402E-02	-3.08031307353E-05	0	2.02383800322	10026.9140625	
7.833632	-1.45122077970169E-02	-3.33023421783937E-05	0	1.87955879804	9968.1328125	
7.837728	-0.014483021038542	-3.54019345499531E-05	0	2.02268978153	9968.1328125	
7.841824	-1.44582194667058E-02	-3.63234855514781E-05	0	1.99636842053	9968.1328125	
7.84592	-1.44383681333925E-02	-3.63926717803687E-05	0	1.9089090229	9968.1328125	
7.850016	-1.44183692282764E-02	-3.67103522319187E-05	0	2.06664263971	9968.1328125	
7.854112	-1.43917625076775E-02	-3.89557391692219E-05	0	1.92262283345	9909.6328125	
7.858208	-1.43672117347602E-02	-4.06834696530281E-05	0	2.07871613356	9909.6328125	
7.862304	-1.43466245539444E-02	-4.13360312600812E-05	0	2.05200948887	9909.6328125	
7.8664	-1.43296887237762E-02	-4.15029308527969E-05	0	1.93735898092	9909.6328125	
7.870496	-1.43120606593336E-02	-4.19894224336125E-05	0	2.11536386039	9909.6328125	
7.874592	-1.42875945527666E-02	-4.43761674026344E-05	0	1.96762854607	9909.6328125	
7.878688	-1.42643480622328E-02	-4.63385019787594E-05	0	2.10564784496	9850.91015625	
7.882784	-1.42450382826916E-02	-4.71493783313437E-05	0	2.10145931534	9850.91015625	
7.88688	-1.42304139536058E-02	-4.71201391778906E-05	0	1.98586276427	9850.91015625	
7.890976	-1.42154837833302E-02	-4.73707752253312E-05	0	2.14466067959	9850.91015625	
7.895072	-0.014193427193318	-4.97630572080469E-05	0	2.00607299189	9792.23046875	
7.899168	-1.41731945871312E-02	-5.15709902558812E-05	0	2.15759247869	9792.23046875	
7.903264	-1.41565557292156E-02	-5.22556448596875E-05	0	2.16179626707	9792.23046875	
7.90736	-1.41438745202992E-02	-5.2284703484475E-05	0	2.02159878019	9792.23046875	
7.911456	-1.41304323199858E-02	-5.272345112265E-05	0	2.19795571358	9733.7109375	
7.915552	-1.41099831105767E-02	-5.52375877912031E-05	0	2.05347432983	9733.7109375	
7.919648	-1.40912267710122E-02	-5.7114260193375E-05	0	2.18663752835	9733.7109375	
7.923744	-1.40770707583911E-02	-5.75736998781656E-05	0	2.19071543196	9733.7109375	
7.92784	-1.40676144596711E-02	-5.72736057071062E-05	0	2.07090746313	9733.7109375	
7.931936	-1.40579033390091E-02	-5.7377513776275E-05	0	2.22632174842	9733.7109375	
7.936032	-1.40398978418514E-02	-5.99342001618937E-05	0	2.0898397696	9675.19140625	
7.940128	-1.40234081100884E-02	-6.18905772920531E-05	0	2.23263124568	9675.19140625	
7.944224	-1.40106322686962E-02	-6.25490542778062E-05	0	2.23539689593	9675.19140625	
7.94832	-1.40016145709292E-02	-6.25565362414781E-05	0	2.09965496697	9675.19140625	
7.952416	-1.39931342210464E-02	-6.26359904889469E-05	0	2.27508874538	9675.19140625	
7.956512	-1.39765899956066E-02	-6.52479431654531E-05	0	2.13685582385	9616.87109375	
7.960608	-1.39615999371458E-02	-6.71914806449906E-05	0	2.27293726022	9616.87109375	
7.964704	-1.39511807644137E-02	-6.75579403746844E-05	0	2.27160593341	9616.87109375	
7.9688	-1.39450399853428E-02	-6.72693401825156E-05	0	2.15093202995	9616.87109375	
7.972896	-1.39396211560581E-02	-6.70689605752031E-05	0	2.30466785164	9616.87109375	
7.976992	-1.39261632293816E-02	-6.95248638885281E-05	0	2.17110411067	9558.33203125	
7.981088	-1.39143161577372E-02	-7.13359197697781E-05	0	2.31495607057	9558.33203125	
7.985184	-0.013906329633943	-7.17134280461156E-05	0	2.32053696204	9558.33203125	
7.98928	-1.39015439736388E-02	-7.16021894554312E-05	0	2.16830031352	9558.33203125	
7.993376	-1.38971607070794E-02	-7.16543627205656E-05	0	2.35188226977	9500.2109375	
7.997472	-0.01388456169584	-7.43009725739531E-05	0	2.2131305504	9500.2109375	
8.001568	-1.38735452870386E-02	-7.61987326954219E-05	0	2.34204799895	9500.2109375	
8.005664	-1.38675083751102E-02	-7.63411801491281E-05	0	2.35204248675	9500.2109375	
8.00976	-1.38659084005269E-02	-7.56820798466906E-05	0	2.21741063258	9500.2109375	
8.013856	-1.38650703316641E-02	-7.52509523932031E-05	0	2.38859103164	9441.83203125	
8.017952	-1.38552602812061E-02	-7.7922281693025E-05	0	2.25286054675	9441.83203125	
8.022048	-0.013846566528233	-7.98352689627281E-05	0	2.39988632873	9441.83203125	
8.026144	-1.38421869189673E-02	-8.00542004745656E-05	0	2.39553376744	9441.83203125	
8.03024	-1.38414175157947E-02	-7.96428174724875E-05	0	2.24930144098	9441.83203125	
8.034336	-1.38413289178536E-02	-7.93199055357844E-05	0	2.43835366269	9383.75	
8.038432	-1.38324741525231E-02	-8.21041070785031E-05	0	2.2923616617	9383.75	
8.042528	-1.38247218783936E-02	-8.40486229224469E-05	0	2.43000712097	9383.75	
8.046624	-1.38220498595798E-02	-8.40070061371406E-05	0	2.43171991678	9383.75	
8.05072	-0.013823063844272	-8.33746507598812E-05	0	2.29370824727	9383.75	
8.054816	-1.38245448653761E-02	-8.29358117756437E-05	0	2.46542651762	9325.1875	
8.058912	-1.38169533293069E-02	-8.57947293494156E-05	0	2.33192381169	9325.1875	
8.063008	-1.38105959470136E-02	-8.76805933289344E-05	0	2.4790525903	9325.1875	
8.067104	-1.38082273921488E-02	-8.78711299172437E-05	0	2.47983078706	9325.1875	
8.0712	-1.38087259727192E-02	-8.75606915257594E-05	0	2.33158430428	9325.1875	
8.075296	-1.38094327447364E-02	-8.74567310527969E-05	0	2.51891228611	9325.1875	
8.079392	-1.38015587741573E-02	-9.04836773046937E-05	0	2.37731862269	9267.2890625	
8.083488	-1.37953063561947E-02	-9.23175612881156E-05	0	2.51150415813	9267.2890625	
8.087584	-1.37941123412177E-02	-9.21319749352406E-05	0	2.515025117	9267.2890625	
8.09168	-1.37966243534298E-02	-9.13350865494375E-05	0	2.37621999197	9267.2890625	
8.095776	-1.37996802052227E-02	-9.08353231068937E-05	0	2.5540493957	9208.66796875	
8.099872	-1.37938170147473E-02	-9.37462036094719E-05	0	2.4117233118	9208.66796875	
8.103968	-1.37891445476847E-02	-9.56526692510812E-05	0	2.55861176494	9208.66796875	
8.108064	-1.37893010798572E-02	-9.54210673192219E-05	0	2.5646923808	9208.66796875	
8.11216	-1.37924691191358E-02	-9.47264223407906E-05	0	2.40647811305	9150.76953125	
8.116256	-1.37963269240156E-02	-9.42422468634281E-05	0	2.59822732059	9150.76953125	
8.120352	-1.37916198040947E-02	-9.7103900972925E-05	0	2.45901783842	9150.76953125	
8.124448	-1.37877862287859E-02	-9.90841920214781E-05	0	2.59476739676	9150.76953125	
8.128544	-1.37891133692555E-02	-9.86530011065156E-05	0	2.59881859754	9150.76953125	
8.13264	-1.37939808615073E-02	-9.76725590581125E-05	0	2.4626494233	9150.76953125	
8.136736	-1.37994179772608E-02	-9.69319951352156E-05	0	2.63675568959	9092.05078125	
8.140832	-1.37950213615792E-02	-1.00235735821856E-04	0	2.49895764272	9092.05078125	
8.144928	-1.37919761159383E-02	-1.02178292052375E-04	0	2.64317199817	9092.05078125	
8.149024	-1.37937716643048E-02	-1.01755328292647E-04	0	2.65172071846	9092.05078125	
8.15312	-1.37982838504689E-02	-1.01005807647937E-04	0	2.49381162591	9034.08984375	
8.157216	-1.38034050674747E-02	-1.00457409157875E-04	0	2.6805445161	9034.08984375	
8.161312	-1.37996749935791E-02	-1.03554125532309E-04	0	2.54545489913	9034.08984375	
8.165408	-1.37973463032161E-02	-1.05326869913409E-04	0	2.67353693057	9034.08984375	
8.169504	-1.38000568150466E-02	-1.04718269320087E-04	0	2.69086706724	9034.08984375	
8.1736	-1.38058635003334E-02	-1.03658492976019E-04	0	2.54036991736	8975.2890625	
8.177696	-1.38120520070878E-02	-1.03008848433356E-04	0	2.72584014516	8975.2890625	
8.181792	-1.38086469751742E-02	-1.06403104414097E-04	0	2.59112055312	8975.2890625	
8.185888	-1.38063565035309E-02	-1.08363708463106E-04	0	2.72988371656	8975.2890625	
8.189984	-1.38085910185798E-02	-1.07909897138072E-04	0	2.73751309656	8975.2890625	
8.19408	-0.0138131596185	-1.07282787428644E-04	0	2.58293041369	8917.046875	
8.198176	-1.38184791522594E-02	-1.06699894501922E-04	0	2.7729744548	8917.046875	
8.202272	-1.38149460236322E-02	-1.10043884907928E-04	0	2.64980574408	8917.046875	
8.206368	-1.38125323011895E-02	-1.11952914008512E-04	0	2.76160286391	8917.046875	
8.210464	-1.38155250646652E-02	-1.11134002808194E-04	0	2.77916951136	8917.046875	
8.21456	-1.38211940528423E-02	-1.10114487000787E-04	0	2.63191103329	8858.23046875	
8.218656	-1.38276769717436E-02	-1.09269756595519E-04	0	2.81139601248	8858.23046875	
8.222752	-1.38246370291786E-02	-1.12819721314781E-04	0	2.69304906992	8858.23046875	
8.226848	-1.38225114100511E-02	-1.14812822206294E-04	0	2.81675183724	8858.23046875	
8.230944	-1.38254026836252E-02	-1.14154773825881E-04	0	2.83155283444	8799.91015625	
8.23504	-1.38310995586672E-02	-1.13150336368781E-04	0	2.67120615498	8799.91015625	
8.239136	-1.38381627986542E-02	-1.12153426788769E-04	0	2.86779620413	8799.91015625	
8.243232	-1.38362370506302E-02	-1.15427729524078E-04	0	2.73889019965	8799.91015625	
8.247328	-1.38350684538447E-02	-1.17346361018906E-04	0	2.85648946297	8799.91015625	
8.251424	-1.38392532207858E-02	-1.16281704631641E-04	0	2.86682727287	8799.91015625	
8.25552	-1.38457218762414E-02	-1.15258808779537E-04	0	2.73148588636	8740.96875	
8.259616	-1.38533040862116E-02	-1.14235775427572E-04	0	2.90232677801	8740.96875	
8.263712	-1.38509113017756E-02	-1.18088252584706E-04	0	2.79016726263	8740.96875	
8.267808	-1.38496689190888E-02	-1.20018959307844E-04	0	2.90666408054	8740.96875	
8.271904	-0.01385327281635	-1.19147080612416E-04	0	2.91967217344	8740.96875	
8.276	-1.38590676154322E-02	-1.182066894855E-04	0	2.77078482274	8682.56640625	
8.280096	-0.013866102877122	-1.17205562121244E-04	0	2.95138369141	8682.56640625	
8.284192	-0.013863855835842	-1.20928841811422E-04	0	2.83743508642	8682.56640625	
8.288288	-1.38628970762855E-02	-1.22697227062266E-04	0	2.95264253911	8682.56640625	
8.292384	-1.38673917074395E-02	-1.21476894388369E-04	0	2.96884352754	8682.56640625	
8.29648	-1.38745051437833E-02	-1.20081818619984E-04	0	2.83071360264	8623.40625	
8.300576	-1.38825030966205E-02	-1.19005599744281E-04	0	2.99760247545	8623.40625	
8.304672	-1.38802140878947E-02	-1.23108307901184E-04	0	2.88486694188	8623.40625	
8.308768	-1.38789314749766E-02	-1.25162896952362E-04	0	2.97470670607	8623.40625	
8.312864	-1.38829696758706E-02	-1.24010000749491E-04	0	3.02323337756	8564.88671875	
8.31696	-1.38894056899795E-02	-1.22780940920859E-04	0	2.86687686384	8564.88671875	
8.321056	-1.38971362032112E-02	-1.21647283641056E-04	0	3.0525912318	8564.88671875	
8.325152	-1.38950907702492E-02	-1.25617790968622E-04	0	2.93464864638	8564.88671875	
8.329248	-1.38934125295797E-02	-1.27813687090031E-04	0	3.01252935742	8564.88671875	
8.333344	-1.38972514079644E-02	-1.26587192403066E-04	0	3.06264675464	8505.75	
8.33744	-0.013903713937453	-1.25190232021181E-04	0	2.92523780615	8505.75	
8.341536	-1.39116773288642E-02	-1.23870023726006E-04	0	3.09804707784	8505.75	
8.345632	-0.01390946640336	-1.28105107952456E-04	0	2.97997479296	8505.75	
8.349728	-1.39082355411484E-02	-1.30163444115272E-04	0	3.08069786772	8505.75	
8.353824	-1.39126051842886E-02	-1.28684208575278E-04	0	3.12098480881	8505.75	
8.35792	-1.39190149573148E-02	-1.27461048259978E-04	0	2.96621902082	8447.3671875	
8.362016	-1.39274298416395E-02	-1.25871402974625E-04	0	3.15237970751	8447.3671875	
8.366112	-1.39260498532753E-02	-1.29941853952247E-04	0	3.03343385862	8447.3671875	
8.370208	-1.39250861563722E-02	-1.32035762435259E-04	0	3.11891343214	8447.3671875	
8.374304	-1.39296288809391E-02	-1.30559059825425E-04	0	3.16510932804	8388.48828125	
8.3784	-1.39364904211758E-02	-1.29146134315275E-04	0	3.02560230005	8388.48828125	
8.382496	-1.39445994643106E-02	-1.27809139979194E-04	0	3.19749986083	8388.48828125	
8.386592	-1.39421563006533E-02	-1.32467688205256E-04	0	3.08447441082	8388.48828125	
8.390688	-1.39409587198148E-02	-1.34410171839694E-04	0	3.17184988527	8388.48828125	
8.394784	-1.39453843195494E-02	-1.32721483864922E-04	0	3.24566032208	8330.2265625	
8.39888	-1.39519855519034E-02	-1.31317867480078E-04	0	3.06702983345	8330.2265625	
8.402976	-1.39605613571531E-02	-1.29652109770837E-04	0	3.2554182991	8330.2265625	
8.407072	-1.39595182969756E-02	-1.33807463548172E-04	0	3.14304897577	8330.2265625	
8.411168	-1.39585359478744E-02	-1.36038012519544E-04	0	3.21839291796	8271.546875	
8.415264	-1.39630700778009E-02	-1.34410208137734E-04	0	3.29042952392	8271.546875	
8.41936	-1.39701805883097E-02	-1.32684884382291E-04	0	3.13116621642	8271.546875	
8.423456	-0.01397858047773	-1.31202108701606E-04	0	3.30052319366	8271.546875	
8.427552	-1.39764777166884E-02	-1.36015768311019E-04	0	3.1933532928	8271.546875	
8.431648	-1.39749131264222E-02	-1.38265598753494E-04	0	3.27938981106	8271.546875	
8.435744	-1.39792895355558E-02	-1.36406517679884E-04	0	3.35338335299	8213.24609375	
8.43984	-1.39857346014667E-02	-1.34904561729919E-04	0	3.17610326462	8213.24609375	
8.443936	-1.39942269289866E-02	-1.33090515226659E-04	0	3.35674790957	8213.24609375	
8.448032	-1.39926026333998E-02	-1.37683859431387E-04	0	3.25166464414	8213.24609375	
8.452128	-1.39908237257198E-02	-1.40136180536756E-04	0	3.31945550013	8213.24609375	
8.456224	-1.39953063792369E-02	-1.381637541438E-04	0	3.40127678594	8154.7265625	
8.46032	-1.40024636116733E-02	-1.36243378419947E-04	0	3.24048378775	8154.7265625	
8.464416	-1.40110737954842E-02	-1.34481800854603E-04	0	3.40817756015	8154.7265625	
8.468512	-1.40083982108091E-02	-1.39830676755722E-04	0	3.30515804201	8154.7265625	
8.472608	-1.40059681219769E-02	-1.42420837386712E-04	0	3.38575099764	8154.7265625	
8.476704	-1.40101596549114E-02	-1.40199000185475E-04	0	3.46117886301	8096.44921875	
8.4808	-1.40167280630541E-02	-1.38330003016013E-04	0	3.29109327998	8096.44921875	
8.484896	-1.40254161472219E-02	-1.36348795141453E-04	0	3.46352871205	8096.44921875	
8.488992	-1.40236060611127E-02	-1.41324501944588E-04	0	3.36791732189	8096.44921875	
8.493088	-1.40215428902759E-02	-1.43949472877306E-04	0	3.43332018194	8096.44921875	
8.497184	-1.40257402748805E-02	-1.41809528623022E-04	0	3.51614473122	8037.92578125	
8.50128	-1.40326679207017E-02	-1.39684535315325E-04	0	3.3491452324	8037.92578125	
8.505376	-1.40411946267828E-02	-1.37777642029913E-04	0	3.52311416985	8037.92578125	
8.509472	-1.40389136641033E-02	-1.43157703717153E-04	0	3.4205562292	8037.92578125	
8.513568	-1.40365365145981E-02	-1.45800949871981E-04	0	3.49668981222	8037.92578125	
8.517664	-1.40407121383048E-02	-1.43479261328288E-04	0	3.57637487163	7979.66796875	
8.52176	-1.40473552466723E-02	-1.41442741009041E-04	0	3.40775794425	7979.66796875	
8.525856	-1.40561461922269E-02	-1.39263819149503E-04	0	3.58186802523	7979.66796875	
8.529952	-1.40546104031489E-02	-1.44299314594772E-04	0	3.47760873284	7979.66796875	
8.534048	-1.40520546862764E-02	-1.47229374645478E-04	0	3.55328455306	7979.66796875	
8.538144	-1.40557872288453E-02	-1.45166331516216E-04	0	3.62800670078	7921.0859375	
8.54224	-1.40621252274817E-02	-1.43154315739772E-04	0	3.47436243165	7921.0859375	
8.546336	-1.40713665687616E-02	-1.40465949918525E-04	0	3.63896249046	7921.0859375	
8.550432	-1.40694494153778E-02	-1.46008614808547E-04	0	3.5376290653	7921.0859375	
8.554528	-1.40672718626791E-02	-1.48596427845731E-04	0	3.61484983497	7862.7265625	
8.558624	-1.40716309910997E-02	-1.46065379655628E-04	0	3.70300350618	7862.7265625	
8.56272	-1.40779256508052E-02	-1.4422006731825E-04	0	3.52165314358	7862.7265625	
8.566816	-1.40863964002919E-02	-1.42043643052369E-04	0	3.70609721977	7862.7265625	
8.570912	-1.40840769445956E-02	-1.47719641222519E-04	0	3.60167008102	7862.7265625	
8.575008	-1.40811729619258E-02	-1.50596952047128E-04	0	3.66789691411	7862.7265625	
8.579104	-1.40850793173802E-02	-1.47939560473753E-04	0	3.76041459068	7804.109375	
8.5832	-1.40915338008225E-02	-1.45647635361834E-04	0	3.59033663703	7804.109375	
8.587296	-1.40996796911919E-02	-1.43608088122537E-04	0	3.76596496463	7804.109375	
8.591392	-1.40965341442698E-02	-1.4978239252515E-04	0	3.66378467829	7804.109375	
8.595488	-1.40934339477903E-02	-1.52506859752603E-04	0	3.73952534824	7804.109375	
8.599584	-1.40976437671936E-02	-1.4946023900115E-04	0	3.83058962792	7745.56640625	
8.60368	-1.41041050166294E-02	-1.47181388635772E-04	0	3.64961310494	7745.56640625	
8.607776	-1.41129193688639E-02	-1.44706917792937E-04	0	3.81504858086	7745.56640625	
8.611872	-1.41103003808095E-02	-1.50815982837713E-04	0	3.73519567509	7745.56640625	
8.615968	-1.41064665312037E-02	-1.54208314301147E-04	0	3.79334680945	7686.94921875	
8.620064	-1.41094635919995E-02	-1.51691751192712E-04	0	3.89320013489	7686.94921875	
8.62416	-1.41154497589772E-02	-1.49214194776041E-04	0	3.71435602362	7686.94921875	
8.628256	-0.014123625547723	-1.46767368857484E-04	0	3.87904763499	7686.94921875	
8.632352	-1.41210084797478E-02	-1.52787171251137E-04	0	3.7943195554	7686.94921875	
8.636448	-1.41178754590569E-02	-1.55614158568378E-04	0	3.867714191	7628.30859375	
8.640544	-1.41220468768758E-02	-1.52426747092331E-04	0	3.96333702523	7628.30859375	
8.64464	-1.41282363893859E-02	-1.50228844963312E-04	0	3.78556102716	7628.30859375	
8.648736	-1.41364800209308E-02	-1.47887357400956E-04	0	3.94894038517	7628.30859375	
8.652832	-1.41337011177072E-02	-1.54176057843019E-04	0	3.87246348005	7628.30859375	
8.656928	-1.41304450290816E-02	-1.57097827757784E-04	0	3.92941680175	7569.6484375	
8.661024	-1.41348670629547E-02	-1.53620464648612E-04	0	4.02417751604	7569.6484375	
8.66512	-1.41418637401955E-02	-1.50879732293194E-04	0	3.85590391076	7569.6484375	
8.669216	-1.41504824272144E-02	-1.48505348609887E-04	0	4.01832196689	7569.6484375	
8.673312	-1.41476260807956E-02	-1.55152884510422E-04	0	3.93487943783	7511.046875	
8.677408	-1.41442689594302E-02	-1.58167104092353E-04	0	4.011146535	7511.046875	
8.681504	-1.41485133402594E-02	-1.54658022505284E-04	0	4.1021650384	7511.046875	
8.6856	-1.41545358058775E-02	-1.525353474645E-04	0	3.92084137863	7511.046875	
8.689696	-1.41622304776305E-02	-1.50422668086797E-04	0	4.07997880136	7511.046875	
8.693792	-1.41597767992536E-02	-1.5639197053095E-04	0	4.00864028367	7511.046875	
8.697888	-1.41562202639464E-02	-1.59545338291041E-04	0	4.07019030682	7452.24609375	
8.701984	-1.41599631383702E-02	-1.56211404846131E-04	0	4.1617123493	7452.24609375	
8.70608	-1.41661104091375E-02	-1.53678468436762E-04	0	4.00406265567	7452.24609375	
8.710176	-1.41740729776577E-02	-1.51338146498241E-04	0	4.16095322599	7452.24609375	
8.714272	-1.41706743460081E-02	-1.58267067453928E-04	0	4.10020428774	7393.70703125	
8.718368	-1.41665336494567E-02	-1.61422967663409E-04	0	4.14625904011	7393.70703125	
8.722464	-1.41707158562922E-02	-1.57432143048469E-04	0	4.23953583999	7393.70703125	
8.72656	-1.41767248813558E-02	-1.55033726937272E-04	0	4.06841647597	7393.70703125	
8.730656	-1.41850732943666E-02	-1.52330803197891E-04	0	4.2244639998	7393.70703125	
8.734752	-1.41827966290072E-02	-1.58730830451703E-04	0	4.17957272788	7335.1484375	
8.738848	-1.41789467787412E-02	-1.62212349085566E-04	0	4.21353491295	7335.1484375	
8.742944	-1.41822690643837E-02	-1.58919455263078E-04	0	4.31061495876	7335.1484375	
8.74704	-1.41874960686112E-02	-1.56725437745559E-04	0	4.1476742901	7335.1484375	
8.751136	-1.41945021633834E-02	-1.54493875794431E-04	0	4.29984990358	7335.1484375	
8.755232	-0.014190893420208	-1.61318413921809E-04	0	4.24654724021	7276.52734375	
8.759328	-1.41870631364636E-02	-1.64110301514534E-04	0	4.29365103233	7276.52734375	
8.763424	-1.41915532874328E-02	-1.59734390025066E-04	0	4.39058993461	7276.52734375	
8.76752	-1.41969366409681E-02	-1.57867174344206E-04	0	4.22056920131	7276.52734375	
8.771616	-1.42038394171919E-02	-1.55897984486475E-04	0	4.37484289429	7276.52734375	
8.775712	-1.41996622391353E-02	-1.63212824046628E-04	0	4.33317885011	7218.2890625	
8.779808	-0.014194825742448	-0.000166442372019	0	4.35777215654	7218.2890625	
8.783904	-1.41987787283977E-02	-1.618861150368E-04	0	4.45827397928	7218.2890625	
8.788	-1.42049035068084E-02	-1.59107993536078E-04	0	4.29824391909	7218.2890625	
8.792096	-1.42130836843067E-02	-1.56469753145475E-04	0	4.44652091939	7159.7265625	
8.796192	-1.42106933685441E-02	-1.63190020463662E-04	0	4.39561388134	7159.7265625	
8.800288	-1.42076511401705E-02	-1.65971463595678E-04	0	4.44839774687	7159.7265625	
8.804384	-1.42127013142452E-02	-1.61420512617788E-04	0	4.53716176848	7159.7265625	
8.80848	-1.42180485520047E-02	-1.59808441633706E-04	0	4.36741950755	7159.7265625	
8.812576	-1.42258064949395E-02	-1.57159749570862E-04	0	4.52906318161	7101.7265625	
8.816672	-0.014223057672957	-1.64062495312341E-04	0	4.48522476413	7101.7265625	
8.820768	-1.42189909451717E-02	-1.67434111411875E-04	0	4.48212342116	7101.7265625	
8.824864	-1.42230238429898E-02	-1.63111699388137E-04	0	4.61433676187	7101.7265625	
8.82896	-1.42286854251472E-02	-1.60686180179044E-04	0	4.45030127718	7101.7265625	
8.833056	-1.42368587452197E-02	-1.57584360203944E-04	0	4.60040932868	7043.1484375	
8.837152	-1.42340473835141E-02	-1.64812413793191E-04	0	4.55377474343	7043.1484375	
8.841248	-1.42300677907523E-02	-1.68120887167406E-04	0	4.56819427163	7043.1484375	
8.845344	-1.42337873499284E-02	-1.63992719901347E-04	0	4.69558584418	7043.1484375	
8.84944	-1.42378813245522E-02	-1.62703698594216E-04	0	4.53407949896	7043.1484375	
8.853536	-1.42449946694636E-02	-1.59725341957191E-04	0	4.68127694199	7043.1484375	
8.857632	-1.42415426413253E-02	-1.66865488182422E-04	0	4.64087174551	6985.44921875	
8.861728	-1.42368502420117E-02	-1.70302633783734E-04	0	4.63963578595	6985.44921875	
8.865824	-1.42400282474158E-02	-1.66058411345269E-04	0	4.77913136987	6985.44921875	
8.86992	-1.42445529598109E-02	-1.6402069367145E-04	0	4.61719777937	6985.44921875	
8.874016	-1.42515403109527E-02	-1.61272738967484E-04	0	4.76563118196	6926.80859375	
8.878112	-0.014248254415383	-1.68448278426553E-04	0	4.72268158725	6926.80859375	
8.882208	-1.42430158906802E-02	-1.72412035039716E-04	0	4.72941832979	6926.80859375	
8.886304	-1.42464280543166E-02	-1.67637668900625E-04	0	4.86752536655	6926.80859375	
8.8904	-1.42507409179712E-02	-1.65721686922378E-04	0	4.69515478421	6926.80859375	
8.894496	-1.42581608355312E-02	-1.6234517996235E-04	0	4.8422911922	6868.98828125	
8.898592	-1.42554425519516E-02	-1.69403421942562E-04	0	4.8157028029	6868.98828125	
8.902688	-1.42502710471567E-02	-1.73669765031984E-04	0	4.80628433329	6868.98828125	
8.906784	-1.42535790693536E-02	-1.68965544976594E-04	0	4.9442578559	6868.98828125	
8.91088	-1.42587135440492E-02	-1.66399366292775E-04	0	4.78558582535	6810.26953125	
8.914976	-1.42677723863709E-02	-1.62019590384094E-04	0	4.93203940383	6810.26953125	
8.919072	-1.42661814635897E-02	-1.69045975905778E-04	0	4.89058135291	6810.26953125	
8.923168	-0.014262102392438	-1.73052326466731E-04	0	4.89839002334	6810.26953125	
8.927264	-1.42664236678683E-02	-1.68135906383156E-04	0	5.04931060381	6810.26953125	
8.93136	-1.42710439270627E-02	-1.66641735040791E-04	0	4.86969211047	6810.26953125	
8.935456	-1.42788101903408E-02	-1.63190311569141E-04	0	5.01890752451	6752.48828125	
8.939552	-1.42762089401611E-02	-1.70495685754144E-04	0	4.9935436507	6752.48828125	
8.943648	-1.42704127695937E-02	-1.75322007129741E-04	0	4.97742658545	6752.48828125	
8.947744	-1.42731719234311E-02	-1.70591159456747E-04	0	5.12890792535	6752.48828125	
8.95184	-1.42779312512203E-02	-1.67925682314534E-04	0	4.96359070482	6752.48828125	
8.955936	-1.42860982624611E-02	-1.64038767451453E-04	0	5.10627536958	6693.62890625	
8.960032	-0.014283396619568	-1.71751852526822E-04	0	5.06923472968	6693.62890625	
8.964128	-1.42775990775155E-02	-1.76496118455628E-04	0	5.07211482063	6693.62890625	
8.968224	-1.42807348411767E-02	-1.71400976435391E-04	0	5.22769695228	6693.62890625	
8.97232	-1.42844133472305E-02	-1.69803413850262E-04	0	5.05034057011	6693.62890625	
8.976416	-1.42915291608152E-02	-1.66137138670387E-04	0	5.19907151852	6635.609375	
8.980512	-1.42880475085975E-02	-1.74045864896269E-04	0	5.17004172762	6635.609375	
8.984608	-1.42817802785952E-02	-1.78808128643616E-04	0	5.16201180517	6635.609375	
8.988704	-1.42855191299958E-02	-1.72787176010728E-04	0	5.30857982435	6635.609375	
8.9928	-1.42909998589772E-02	-1.69880593340391E-04	0	5.15013286051	6635.609375	
8.996896	-1.42995240049527E-02	-1.65873539174372E-04	0	5.28696197612	6576.58984375	
9.000992	-1.42963545027566E-02	-1.74523055765231E-04	0	5.2596182782	6576.58984375	
9.005088	-1.42897715568713E-02	-1.79799842074978E-04	0	5.26329182467	6576.58984375	
9.009184	-1.42928771478591E-02	-1.74046457203369E-04	0	5.40822715653	6576.58984375	
9.01328	-1.42971799539559E-02	-1.71854301703219E-04	0	5.25492239481	6576.58984375	
9.017376	-1.43057345469019E-02	-1.671668251407E-04	0	5.38039899298	6518.5703125	
9.021472	-1.43030434187283E-02	-1.753770784689E-04	0	5.35696153762	6518.5703125	
9.025568	-0.014296911600027	-1.80533702639194E-04	0	5.34673053904	6518.5703125	
9.029664	-1.43002346171283E-02	-1.74749065394991E-04	0	5.50320912284	6518.5703125	
9.03376	-1.43053846353223E-02	-1.71871625003203E-04	0	5.35334139681	6518.5703125	
9.037856	-1.43133458323573E-02	-1.68168073658681E-04	0	5.47720056642	6459.53125	
9.041952	-1.43106061536092E-02	-1.76336388086512E-04	0	5.45188628358	6459.53125	
9.046048	-1.43041929975863E-02	-1.81687973840691E-04	0	5.45586881994	6459.53125	
9.050144	-1.43078373993758E-02	-1.75372071262369E-04	0	5.60348969356	6459.53125	
9.05424	-1.43125337302802E-02	-1.72948681858837E-04	0	5.45148574113	6459.53125	
9.058336	-1.43202166072608E-02	-1.69174379623528E-04	0	5.57912908322	6401.25	
9.062432	-1.43163608138925E-02	-1.78269479182266E-04	0	5.56148614197	6401.25	
9.066528	-1.43086574560669E-02	-1.84237336916325E-04	0	5.54531567106	6401.25	
9.070624	-1.43121699209844E-02	-1.77206570870175E-04	0	5.70631466251	6401.25	
9.07472	-1.43177070637219E-02	-1.73846791056881E-04	0	5.55154887452	6342.171875	
9.078816	-0.014325742229523	-1.70012778063975E-04	0	5.67479769373	6342.171875	
9.082912	-1.43224058632995E-02	-1.7900773253055E-04	0	5.65250846006	6342.171875	
9.087008	-1.43156201204758E-02	-1.84346825027991E-04	0	5.6559264223	6342.171875	
9.091104	-1.43193808242066E-02	-1.77547978461459E-04	0	5.80705681072	6342.171875	
9.0952	-1.43239699049717E-02	-1.75334231396362E-04	0	5.66474217089	6283.76953125	
9.099296	-1.43314217324197E-02	-1.71628337025337E-04	0	5.78041120107	6283.76953125	
9.103392	-1.43280639710278E-02	-1.80275694002972E-04	0	5.77533766337	6283.76953125	
9.107488	-1.43217310011703E-02	-1.85203747969144E-04	0	5.75038577608	6283.76953125	
9.111584	-1.43259812336695E-02	-1.77904263441712E-04	0	5.91477602694	6283.76953125	
9.11568	-0.014331909889703	-1.74727691618287E-04	0	5.76944778201	6224.69140625	
9.119776	-1.43398098270677E-02	-1.71298624133897E-04	0	5.86302975709	6224.69140625	
9.123872	-0.014336482969808	-1.80588029507944E-04	0	5.87781931022	6224.69140625	
9.127968	-1.43292139156152E-02	-1.86481136835984E-04	0	5.8711130852	6224.69140625	
9.132064	-1.43322380403847E-02	-1.79768485135181E-04	0	6.02892299581	6224.69140625	
9.13616	-1.43360420830464E-02	-1.77745109273944E-04	0	5.87802911817	6166.33203125	
9.140256	-0.01434258361008	-1.74181157309053E-04	0	5.96563728871	6166.33203125	
9.144352	-1.43391917444239E-02	-1.82532611938359E-04	0	5.99281314027	6166.33203125	
9.148448	-1.43320958630902E-02	-1.88193207720066E-04	0	5.97123725363	6166.33203125	
9.152544	-1.43358289542531E-02	-1.80807644672944E-04	0	6.13494848967	6166.33203125	
9.15664	-1.43410397749558E-02	-1.77843883454016E-04	0	5.99416735522	6107.4140625	
9.160736	-0.014348151199788	-1.74624599894456E-04	0	6.09329588956	6107.4140625	
9.164832	-1.43443794327436E-02	-1.83895729565625E-04	0	6.09997922644	6107.4140625	
9.168928	-1.43365936029439E-02	-1.89975411466706E-04	0	6.09827024532	6107.4140625	
9.173024	-1.43404235209589E-02	-1.81971516105225E-04	0	6.25465727656	6049.1328125	
9.17712	-1.43446829881248E-02	-1.79986201984772E-04	0	6.11376170141	6049.1328125	
9.181216	-1.43519722488656E-02	-1.75971439893769E-04	0	6.19926034838	6049.1328125	
9.185312	-1.43489350492709E-02	-1.8465234227055E-04	0	6.22700840344	6049.1328125	
9.189408	-1.43423094959134E-02	-1.90101291629287E-04	0	6.20863304171	6049.1328125	
9.193504	-0.014346228926193	-1.82622139493062E-04	0	6.3666794631	5990.29296875	
9.1976	-1.43516121882959E-02	-1.79558781017962E-04	0	6.22710377069	5990.29296875	
9.201696	-1.43588094680989E-02	-1.76272207621847E-04	0	6.31811083002	5990.29296875	
9.205792	-1.43553842296373E-02	-1.855555221366E-04	0	6.33954175844	5990.29296875	
9.209888	-1.43482482095047E-02	-1.91308152201272E-04	0	6.33536848758	5990.29296875	
9.213984	-1.43520888251039E-02	-1.83528623201962E-04	0	6.4956159851	5931.9140625	
9.21808	-1.43563478351081E-02	-1.81525286262994E-04	0	6.35343485942	5931.9140625	
9.222176	-1.43630415969941E-02	-1.77841277687391E-04	0	6.44048608522	5931.9140625	
9.226272	-1.43598969643955E-02	-1.86536714424637E-04	0	6.49730207808	5931.9140625	
9.230368	-1.43526728949158E-02	-1.92481693575806E-04	0	6.44788276913	5873.25390625	
9.234464	-1.43565663584097E-02	-1.84529551287572E-04	0	6.6184490031	5873.25390625	
9.23856	-1.43615794109528E-02	-1.81835533308516E-04	0	6.48018937874	5873.25390625	
9.242656	-1.43686052551112E-02	-1.782847524843E-04	0	6.56838501154	5873.25390625	
9.246752	-1.43649728309587E-02	-1.8791863131195E-04	0	6.61955144851	5873.25390625	
9.250848	-1.43572287857402E-02	-1.93983302651119E-04	0	6.58265195214	5873.25390625	
9.254944	-1.43606308003864E-02	-1.86090435784378E-04	0	6.75035716861	5873.25390625	
9.25904	-1.43646234679733E-02	-1.83992876824247E-04	0	6.61060600046	5814.9921875	
9.263136	-1.43711287877988E-02	-1.80326009096887E-04	0	6.69657003961	5814.9921875	
9.267232	-1.43678616358595E-02	-1.89277099665019E-04	0	6.75393153314	5814.9921875	
9.271328	-1.43606453381291E-02	-1.95096208028597E-04	0	6.70808658872	5814.9921875	
9.275424	-1.43648679580605E-02	-1.86521343045778E-04	0	6.88023210435	5756.375	
9.27952	-1.43697326159097E-02	-1.84068255354637E-04	0	6.74508526703	5756.375	
9.283616	-1.43760885352855E-02	-1.81062847542741E-04	0	6.8314231458	5756.375	
9.287712	-1.43727760329037E-02	-1.90169266801697E-04	0	6.88001085233	5756.375	
9.291808	-1.43651724277652E-02	-1.96448619416569E-04	0	6.85202628649	5756.375	
9.295904	-1.43690963382295E-02	-1.87869757081978E-04	0	7.01486014383	5698.07421875	
9.3	-1.43733394390059E-02	-1.85857844190047E-04	0	6.88421082602	5698.07421875	
9.304096	-1.43804044162075E-02	-1.81609540986431E-04	0	6.96612366439	5698.07421875	
9.308192	-1.43778131321533E-02	-1.90340536101581E-04	0	7.0200977132	5698.07421875	
9.312288	-1.43704911386334E-02	-1.96849402188862E-04	0	6.98872570264	5698.07421875	
9.316384	-1.43738731295964E-02	-1.88872592136834E-04	0	7.14711926082	5639.6953125	
9.32048	-1.43778977985036E-02	-1.86937960417622E-04	0	7.02318379741	5639.6953125	
9.324576	-1.43844492002303E-02	-1.83100910648906E-04	0	7.10986118359	5639.6953125	
9.328672	-1.43810772668252E-02	-1.92456156822497E-04	0	7.1594483389	5639.6953125	
9.332768	-1.43730924802455E-02	-1.99007551953787E-04	0	7.10828953131	5581.234375	
9.336864	-1.43762173634578E-02	-1.90649562715631E-04	0	7.29281753068	5581.234375	
9.34096	-1.43800072341063E-02	-1.886749036326E-04	0	7.16639870408	5581.234375	
9.345056	-1.43864462654825E-02	-1.84745836648209E-04	0	7.24605324597	5581.234375	
9.349152	-1.43834693198023E-02	-1.93764167052947E-04	0	7.30434170917	5581.234375	
9.353248	-1.43758148782806E-02	-2.00307580221066E-04	0	7.25081397909	5522.75390625	
9.357344	-1.43793053994356E-02	-1.91698272003459E-04	0	7.43071475949	5522.75390625	
9.36144	-1.43842580151995E-02	-1.88695597121522E-04	0	7.30836239243	5522.75390625	
9.365536	-1.43913148549225E-02	-1.84778714019178E-04	0	7.39984628801	5522.75390625	
9.369632	-1.43879777572403E-02	-1.94677207726444E-04	0	7.44870865222	5522.75390625	
9.373728	-1.43795351689155E-02	-2.02004746793128E-04	0	7.40058633787	5464.3359375	
9.377824	-1.43829994489878E-02	-1.92882097021556E-04	0	7.5890205798	5464.3359375	
9.38192	-1.43873523600091E-02	-1.90509992903278E-04	0	7.46877392162	5464.3359375	
9.386016	-0.014393847439412	-1.86766167560569E-04	0	7.54010862462	5464.3359375	
9.390112	-1.43910579300366E-02	-1.95535253743397E-04	0	7.61027221779	5464.3359375	
9.394208	-1.43837072267608E-02	-2.0208735560475E-04	0	7.54950420609	5405.75390625	
9.398304	-1.43874151740292E-02	-1.93269878604928E-04	0	7.73465399993	5405.75390625	
9.4024	-1.43924797029819E-02	-1.90331339716547E-04	0	7.61704329254	5405.75390625	
9.406496	-1.43988516230178E-02	-1.87353833319056E-04	0	7.70331632158	5405.75390625	
9.410592	-1.43956311015739E-02	-1.96839503641069E-04	0	7.7590413131	5405.75390625	
9.414688	-1.43872857058305E-02	-2.03965702284094E-04	0	7.71064434107	5347.09375	
9.418784	-1.43910884684394E-02	-1.94216787033019E-04	0	7.89765188894	5347.09375	
9.42288	-1.43952832929383E-02	-1.92241761123431E-04	0	7.77390716003	5347.09375	
9.426976	-0.014401658870268	-1.88520200902687E-04	0	7.86286954552	5347.09375	
9.431072	-0.014399049574042	-1.97497490723466E-04	0	7.92074983689	5347.09375	
9.435168	-0.014391105932017	-2.04699770540409E-04	0	7.87700297197	5288.49609375	
9.439264	-1.43945499141091E-02	-1.95576835672969E-04	0	8.05030815336	5288.49609375	
9.44336	-1.43988089241133E-02	-1.93291648054312E-04	0	7.9412690544	5288.49609375	
9.447456	-1.44048051486487E-02	-1.89892555780331E-04	0	8.03085323436	5288.49609375	
9.451552	-1.44012928665959E-02	-1.99511297844272E-04	0	8.0758131707	5288.49609375	
9.455648	-1.43927920358681E-02	-2.06797738394362E-04	0	8.04473107658	5229.8984375	
9.459744	-1.43962054795573E-02	-1.97321831524125E-04	0	8.22301061373	5229.8984375	
9.46384	-1.43998563730433E-02	-1.95533099899397E-04	0	8.10741406266	5229.8984375	
9.467936	-1.44061674905706E-02	-1.91411746328447E-04	0	8.19221462136	5229.8984375	
9.472032	-1.44031507718209E-02	-2.00707212994509E-04	0	8.2589182907	5229.8984375	
9.476128	-1.43953726223381E-02	-2.074550156217E-04	0	8.20253335781	5171.17578125	
9.480224	-1.43988360795194E-02	-1.98261231546262E-04	0	8.39425204783	5171.17578125	
9.48432	-1.44033052010495E-02	-1.95824280377447E-04	0	8.28496117933	5171.17578125	
9.488416	-1.44092255367397E-02	-1.92733671689212E-04	0	8.37426688692	5171.17578125	
9.492512	-1.44058517746877E-02	-2.02338728911069E-04	0	8.43461909741	5171.17578125	
9.496608	-1.43972219329228E-02	-2.09882324011697E-04	0	8.3894951294	5112.37890625	
9.500704	-1.44007117226191E-02	-1.99800457170497E-04	0	8.57794844478	5112.37890625	
9.5048	-1.44052944031202E-02	-1.97031084459103E-04	0	8.46380147591	5112.37890625	
9.508896	-1.44122851372586E-02	-1.92700705856794E-04	0	8.54775517343	5112.37890625	
9.512992	-1.44100181637277E-02	-2.02098887804756E-04	0	8.62107351523	5053.67578125	
9.517088	-1.44014796628742E-02	-2.10405975411122E-04	0	8.56902588487	5053.67578125	
9.521184	-1.44047236824305E-02	-2.00752621843331E-04	0	8.75611735592	5053.67578125	
9.52528	-1.44090476093987E-02	-1.98231510902906E-04	0	8.66241331076	5053.67578125	
9.529376	-1.44159266132131E-02	-1.93594127319141E-04	0	8.73883681022	5053.67578125	
9.533472	-1.44135495551403E-02	-2.0312637764265E-04	0	8.79916994726	4995.09765625	
9.537568	-1.44049689954087E-02	-2.11341032889525E-04	0	8.76085138621	4995.09765625	
9.541664	-1.44086703595484E-02	-2.010868989129E-04	0	8.95007908366	4995.09765625	
9.54576	-1.44127860036377E-02	-1.99215691168725E-04	0	8.86638097037	4995.09765625	
9.549856	-1.44197207811817E-02	-1.94426454371428E-04	0	8.92411630352	4995.09765625	
9.553952	-1.44172388502106E-02	-2.03941964807831E-04	0	9.00340463517	4936.66015625	
9.558048	-1.44088758994572E-02	-2.11988464213247E-04	0	8.95316135318	4936.66015625	
9.562144	-1.44117505323447E-02	-2.02588038517528E-04	0	9.14235471842	4936.66015625	
9.56624	-1.44167860772444E-02	-1.98968436608287E-04	0	9.05673018668	4936.66015625	
9.570336	-1.44234952911964E-02	-1.951901278866E-04	0	9.13512206618	4936.66015625	
9.574432	-1.44205080136614E-02	-2.05521793516462E-04	0	9.19548572074	4878.1015625	
9.578528	-0.014411153753437	-2.142132396327E-04	0	9.15715571562	4878.1015625	
9.582624	-1.44146393372455E-02	-2.03159727128531E-04	0	9.34946568259	4878.1015625	
9.58672	-1.44187505925822E-02	-2.00947510831134E-04	0	9.2659583038	4878.1015625	
9.590816	-1.44251259870472E-02	-1.96712382614344E-04	0	9.32295358709	4878.1015625	
9.594912	-1.44224547911245E-02	-2.06461699307325E-04	0	9.40839501371	4819.921875	
9.599008	-1.44135081362886E-02	-2.15063124600122E-04	0	9.36311464341	4819.921875	
9.603104	-1.44163327556841E-02	-2.05123145597803E-04	0	9.55519191429	4819.921875	
9.6072	-1.44205927714441E-02	-2.0237373993375E-04	0	9.46986492837	4819.921875	
9.611296	-1.44269006888394E-02	-1.98161164819406E-04	0	9.54852383617	4819.921875	
9.615392	-1.44237523075147E-02	-2.08374398356162E-04	0	9.61879042597	4819.921875	
9.619488	-1.44140730053083E-02	-2.17458438070191E-04	0	9.57000054087	4761.4609375	
9.623584	-1.44174816945156E-02	-2.06196708706931E-04	0	9.77568481098	4761.4609375	
9.62768	-1.44224897182798E-02	-2.03010761412112E-04	0	9.68907990391	4761.4609375	
9.631776	-1.44293590302658E-02	-1.98699251781319E-04	0	9.7192197696	4703.55859375	
9.635872	-1.44273286836405E-02	-2.08293751802194E-04	0	9.84190782938	4703.55859375	
9.639968	-0.014418099137133	-2.17680850347778E-04	0	9.78588147735	4703.55859375	
9.644064	-1.44210215891362E-02	-2.07125308980253E-04	0	9.97485740526	4703.55859375	
9.64816	-1.44255087228381E-02	-2.04305897136206E-04	0	9.78804822127	4703.55859375	
9.652256	-1.44322690474703E-02	-1.99539809594606E-04	0	9.81008950009	4703.55859375	
9.656352	-1.44300886603689E-02	-2.09650307897559E-04	0	9.94474042771	4703.55859375	
9.660448	-1.44207344915769E-02	-2.18656102016756E-04	0	9.88298822599	4703.55859375	
9.664544	-1.44264201204406E-02	-2.05005863984316E-04	0	9.94205870064	4703.55859375	
9.66864	-1.44362863103577E-02	-1.97016806588766E-04	0	9.90486165845	4703.55859375	
9.672736	-0.01444655023097	-1.93261932699412E-04	0	9.92356126883	4703.55859375	
9.676832	-1.44361903978291E-02	-2.15989348914281E-04	0	9.90878315977	4703.55859375	
9.680928	-1.44255678795645E-02	-2.20114048395347E-04	0	9.91360492793	4703.55859375	
9.685024	-1.44324502663756E-02	-2.03913423490219E-04	0	9.91651935109	4703.55859375	
9.68912	-1.44433176404567E-02	-1.95300841237425E-04	0	9.90481969686	4703.55859375	
9.693216	-1.44500432207983E-02	-1.97048788527937E-04	0	9.89673636875	4703.55859375	
9.697312	-1.44441600066397E-02	-2.10396671093503E-04	0	9.88617730683	4703.55859375	
9.701408	-0.014440101964927	-2.11234155832941E-04	0	9.89209389102	4703.55859375	
9.705504	-1.44429381047978E-02	-2.04452094345778E-04	0	9.88314844297	4703.55859375	
9.7096	-1.44521905093912E-02	-1.9544481609345E-04	0	9.8786356647	4703.55859375	
9.713696	-0.014453394033332	-2.02676914630575E-04	0	9.85507232457	4703.55859375	
9.717792	-1.44471394209931E-02	-2.11701416182987E-04	0	9.86234312371	4703.55859375	
9.721888	-0.014444151320567	-2.10863546107397E-04	0	9.85637313386	4703.55859375	
9.725984	-1.44468242537042E-02	-2.04652933327631E-04	0	9.84676774444	4703.55859375	
9.73008	-1.44549316510569E-02	-1.97167555236094E-04	0	9.85764724032	4703.55859375	
9.734176	-0.014456143769638	-2.03239735702369E-04	0	9.84288820471	4703.55859375	
9.738272	-1.44509652245527E-02	-2.11174890507591E-04	0	9.85832244045	4703.55859375	
9.742368	-1.44493785076592E-02	-2.09178721349916E-04	0	9.85517150651	4703.55859375	
9.746464	-1.44544850040577E-02	-2.01368246227706E-04	0	9.85042984684	4703.55859375	
9.75056	-1.44609649056916E-02	-1.979488405125E-04	0	9.85864287441	4703.55859375	
9.754656	-1.44602834604336E-02	-2.04853436973281E-04	0	9.82931553769	4703.55859375	
9.758752	-0.014456922316045	-2.08908050466741E-04	0	9.83882174517	4703.55859375	
9.762848	-1.44565406774422E-02	-2.06970663221437E-04	0	9.83433948442	4703.55859375	
9.766944	-1.44610419831573E-02	-2.01006408128006E-04	0	9.82699239148	4703.55859375	
9.77104	-1.44659431225117E-02	-1.99326437211825E-04	0	9.83197056193	4703.55859375	
9.775136	-1.44643585085622E-02	-2.05820316775631E-04	0	9.80706826561	4703.55859375	
9.779232	-1.44616220299461E-02	-2.08265532359259E-04	0	9.81814231068	4703.55859375	
9.783328	-1.44620871462787E-02	-2.05573117022831E-04	0	9.80899849875	4703.55859375	
9.787424	-0.014467721847327	-1.98746871926006E-04	0	9.8102764199	4703.55859375	
9.79152	-0.01447265453084	-1.44610362120263E-04	0	9.82087744341	4703.55859375	
9.795616	-1.44255766570695E-02	0	0	9.80572930942	4703.55859375	
9.799712	-1.42367965712259E-02	0	0	9.82891118055	4703.55859375	
9.803808	-1.38979095379747E-02	0	0	9.8181346813	4703.55859375	
9.807904	-1.34223435856159E-02	0	0	9.81662787875	4703.55859375	
9.812	-1.28176167386145E-02	0	0	9.81187096032	4703.55859375	
9.816096	-1.20830233221414E-02	0	0	9.79157299483	4703.55859375	
9.820192	-1.12348775178595E-02	0	0	9.80247537885	4703.55859375	
9.824288	-1.02916247039323E-02	0	0	9.78953976506	4703.55859375	
9.828384	-9.26714330438531E-03	0	0	9.78941388029	4703.55859375	
9.83248	-8.16419613034953E-03	0	0	9.78768201103	4703.55859375	
9.836576	-7.0077595723025E-03	0	0	9.78268858182	4703.55859375	
9.840672	-5.81707666417453E-03	0	0	9.79142803661	4703.55859375	
9.844768	-4.60532463534688E-03	0	0	9.78743405618	4703.55859375	
9.848864	-3.39852394223031E-03	0	0	9.78884930617	4703.55859375	
9.85296	-2.19348030446359E-03	0	0	9.78943676843	4703.55859375	
9.857056	-1.01576936010516E-03	0	0	9.78602262088	4703.55859375	
9.861152	0.00011206533217	0	0	9.78832287895	4703.55859375	
9.865248	1.18239529762578E-03	0	0	9.78712506629	4703.55859375	
9.869344	2.17501535977859E-03	0	0	9.77862593697	4703.55859375	
9.87344	3.08793905952813E-03	0	0	9.77764937633	4703.55859375	
9.877536	3.91225741216406E-03	0	0	9.76616334474	4703.55859375	
9.881632	4.63743540017484E-03	0	0	9.76640367021	4703.55859375	
9.885728	5.24411835073844E-03	0	0	9.76173067496	4703.55859375	
9.889824	5.73293266684187E-03	0	0	9.75805712849	4703.55859375	
9.89392	6.10525522814969E-03	0	0	9.76281023223	4703.55859375	
9.898016	6.35544008743531E-03	0	0	9.75899172754	4703.55859375	
9.902112	6.48337167421625E-03	0	0	9.76688813584	4703.55859375	
9.906208	0.006489071932255	0	0	9.76571702601	4635.25	
9.910304	6.37684906215672E-03	0	0	9.76124239464	4635.25	
9.9144	6.15196682395109E-03	0	0	9.75407840682	4635.25	
9.918496	5.81964765024844E-03	0	0	9.71958597984	4635.25	
9.922592	5.38967964774422E-03	0	0	9.68719544705	4635.25	
9.926688	4.87077348439516E-03	0	0	9.6806532537	4635.25	
9.930784	4.26523517534297E-03	0	0	9.62548902161	4635.25	
9.93488	3.59087418680031E-03	0	0	9.58784947538	4643.01171875	
9.938976	2.86088950904625E-03	0	0	9.53604598518	4643.01171875	
9.943072	2.08957348032641E-03	6.07867637324062E-06	0	9.49842169771	4643.01171875	
9.947168	1.29184749341141E-03	9.8459191925325E-05	0	9.50692464172	4643.01171875	
9.951264	5.29899988361563E-04	1.04702107797787E-04	0	9.34256109369	4690.93359375	
9.95536	-1.61713551987969E-04	8.00174829632062E-05	0	9.40643426305	4690.93359375	
9.959456	-7.87264389575469E-04	4.56119858783531E-05	0	9.34744389689	4690.93359375	
9.963552	-1.35913977833219E-03	1.86919846733812E-05	0	9.23318248732	4690.93359375	
9.967648	-1.90296866137297E-03	2.32114840000312E-05	0	9.257871161	4690.93359375	
9.971744	-2.40090646246516E-03	2.842295234625E-07	0	9.08969673766	4690.93359375	
9.97584	-2.85682689571641E-03	-2.32414157008687E-05	0	9.1554467345	4751.1328125	
9.979936	-3.28268602012484E-03	-3.06601852051687E-05	0	9.05813780729	4751.1328125	
9.984032	-3.68772910856109E-03	-3.14649911311313E-05	0	8.96008883022	4751.1328125	
9.988128	-4.05816404913219E-03	-4.61502516862406E-05	0	8.98201566834	4751.1328125	
9.992224	-4.40137327213719E-03	-5.89406559631312E-05	0	8.78761906594	4811.15234375	
9.99632	-4.73152394494313E-03	-4.86387544861969E-05	0	8.91517467016	4811.15234375	
10.000416	-5.02827904562672E-03	-7.23897591005531E-05	0	8.76558160181	4811.15234375	
10.004512	-5.30507976874563E-03	-7.41779705334937E-05	0	8.71289310353	4811.15234375	
10.008608	-5.57048601032172E-03	-7.23430932818344E-05	0	8.7380815016	4811.15234375	
10.012704	-5.81204185073359E-03	-8.30041177169531E-05	0	8.55911913494	4871.39453125	
10.0168	-6.02838046787453E-03	-1.01013435044156E-04	0	8.69776404299	4871.39453125	
10.020896	-6.23959457644531E-03	-9.20274904243406E-05	0	8.53280540332	4871.39453125	
10.024992	-6.43923572753828E-03	-9.27785697213375E-05	0	8.51994989802	4871.39453125	
10.029088	-6.6230649348325E-03	-9.57356013796875E-05	0	8.51156139471	4871.39453125	
10.033184	-6.79112745733812E-03	-1.04564543993044E-04	0	8.33939299094	4931.21484375	
10.03728	-6.93832521043234E-03	-1.21120866138628E-04	0	8.48264222982	4931.21484375	
10.041376	-7.08155406834906E-03	-1.17996985608666E-04	0	8.28990120288	4931.21484375	
10.045472	-7.22500309534953E-03	-1.05574215339141E-04	0	8.28706688821	4931.21484375	
10.049568	-7.35788501208578E-03	-1.07808803489166E-04	0	8.25674773209	4931.21484375	
10.053664	-7.47069003191672E-03	-1.22589214189509E-04	0	8.12020090354	4931.21484375	
10.05776	-7.57827015046406E-03	-1.23604172789934E-04	0	8.24941208322	4990.77734375	
10.061856	-7.67395546968359E-03	-1.32362902492734E-04	0	8.06229772403	4990.77734375	
10.065952	-7.77963022961953E-03	-1.09681708587412E-04	0	8.10098249532	4990.77734375	
10.070048	-7.87209539312453E-03	-1.19577945085397E-04	0	8.04412454087	4990.77734375	
10.074144	-0.007946231388975	-1.34340404601769E-04	0	7.94621670733	5050.17578125	
10.07824	-8.02055317534797E-03	-1.32790862401312E-04	0	8.07643496517	5050.17578125	
10.082336	-8.08650561070344E-03	-1.380419927271E-04	0	7.88205743622	5050.17578125	
10.086432	-8.16462677668859E-03	-1.15428957407466E-04	0	7.91901796763	5050.17578125	
10.090528	-8.22934670405031E-03	-1.261617046074E-04	0	7.83876451941	5050.17578125	
10.094624	-8.27986051386656E-03	-1.38512613410325E-04	0	7.75798464397	5109.5390625	
10.09872	-8.32850233787688E-03	-1.41037831077412E-04	0	7.86462811761	5109.5390625	
10.102816	-8.37666286202969E-03	-1.37640682070719E-04	0	7.65873785424	5109.5390625	
10.106912	-8.43405677284844E-03	-1.20523946062472E-04	0	7.71679743604	5109.5390625	
10.111008	-8.47970693057125E-03	-1.29424882594219E-04	0	7.6204536254	5109.5390625	
10.115104	-8.51292530681141E-03	-1.42328319690769E-04	0	7.56978309813	5109.5390625	
10.1192	-8.54265142468203E-03	-1.47224974649878E-04	0	7.68361344773	5168.5390625	
10.123296	-8.57952380310781E-03	-1.35938479205616E-04	0	7.48455147946	5168.5390625	
10.127392	-8.62073089751844E-03	-1.26123248395856E-04	0	7.56071558	5168.5390625	
10.131488	-8.65375891161891E-03	-1.31103208079353E-04	0	7.44907104777	5168.5390625	
10.135584	-8.67554047314109E-03	-1.44156052238034E-04	0	7.41758078182	5227.67578125	
10.13968	-8.69342198804062E-03	-1.49202942143062E-04	0	7.51151752307	5227.67578125	
10.143776	-8.72350734358984E-03	-1.32308772498787E-04	0	7.307420164	5227.67578125	
10.147872	-8.75397890935906E-03	-1.27603988501653E-04	0	7.39184688308	5227.67578125	
10.151968	-8.77729653425625E-03	-1.32267505713131E-04	0	7.25520087259	5286.40234375	
10.156064	-8.78927078829078E-03	-1.46973153507469E-04	0	7.2361999017	5286.40234375	
10.16016	-0.008798655861215	-1.50868574852428E-04	0	7.32275903249	5286.40234375	
10.164256	-8.82232577493266E-03	-1.32240480740156E-04	0	7.13885282759	5286.40234375	
10.168352	-8.84418633399984E-03	-1.30589371573959E-04	0	7.20306168967	5286.40234375	
10.172448	-8.86121835099359E-03	-1.33410355531819E-04	0	7.0743044581	5345.01953125	
10.176544	-8.86807138802234E-03	-1.46850454110937E-04	0	7.08007608407	5345.01953125	
10.18064	-8.87360981081266E-03	-1.49104190559122E-04	0	7.15453883287	5345.01953125	
10.184736	-8.89326675896313E-03	-1.30728420954141E-04	0	6.97987562184	5345.01953125	
10.188832	-8.91091320130688E-03	-1.29270133229737E-04	0	7.06962001878	5345.01953125	
10.192928	-8.92224304018266E-03	-1.34365501932441E-04	0	6.91829126648	5403.6796875	
10.197024	-8.9244184899375E-03	-1.471228913385E-04	0	6.93545355679	5403.6796875	
10.20112	-8.9260686608775E-03	-1.48680435213647E-04	0	7.00317956305	5403.6796875	
10.205216	-8.94286277091281E-03	-1.29622744175203E-04	0	6.82221066945	5403.6796875	
10.209312	-8.95568304842406E-03	-1.30942393336322E-04	0	6.89217589874	5403.6796875	
10.213408	-8.96440724836766E-03	-1.33672362240966E-04	0	6.74611904802	5403.6796875	
10.217504	-8.96330393427562E-03	-1.47693452546784E-04	0	6.77348181939	5462.359375	
10.2216	-8.96225794826313E-03	-1.48328486046366E-04	0	6.81739653067	5462.359375	
10.225696	-8.97687331697922E-03	-1.28991126056822E-04	0	6.65376921781	5462.359375	
10.229792	-8.98792675587984E-03	-1.29501536123334E-04	0	6.73638777383	5462.359375	
10.233888	-8.99409158165719E-03	-1.33870185120066E-04	0	6.58950313538	5520.87890625	
10.237984	-8.98977167771203E-03	-1.48749975047953E-04	0	6.63172793899	5520.87890625	
10.24208	-8.98797402640156E-03	-1.47229335462825E-04	0	6.68014779916	5520.87890625	
10.246176	-9.00088674201234E-03	-1.28659324946316E-04	0	6.52577492424	5520.87890625	
10.250272	-9.0107189190975E-03	-1.28361750243891E-04	0	6.5918224669	5520.87890625	
10.254368	-9.01545968612094E-03	-1.32982874949684E-04	0	6.44579994839	5579.8046875	
10.258464	-9.01014079238797E-03	-1.47454885718044E-04	0	6.48547272439	5579.8046875	
10.26256	-9.00750918667016E-03	-1.45485788167912E-04	0	6.52706428946	5579.8046875	
10.266656	-9.02025467252422E-03	-1.25903607750112E-04	0	6.36420372929	5579.8046875	
10.270752	-0.009028784487305	-1.27345689961875E-04	0	6.43620218835	5579.8046875	
10.274848	-9.03110531448641E-03	-1.33520411190994E-04	0	6.2914156294	5638.0625	
10.278944	-9.02437534539234E-03	-1.46935962438891E-04	0	6.32738052672	5638.0625	
10.28304	-9.02047840746937E-03	-1.45263176371294E-04	0	6.38151479251	5638.0625	
10.287136	-9.03193378295312E-03	-1.25890391657559E-04	0	6.23590044583	5638.0625	
10.291232	-9.03914944065719E-03	-1.27663945653234E-04	0	6.28987830933	5638.0625	
10.295328	-9.04037326257828E-03	-1.33808501768288E-04	0	6.16731994901	5638.0625	
10.299424	-9.03359044558953E-03	-1.46110276726116E-04	0	6.20040475538	5697.04296875	
10.30352	-9.0298216958125E-03	-1.437168024369E-04	0	6.25167037429	5697.04296875	
10.307616	-9.04066374313437E-03	-1.25136440969203E-04	0	6.10132199732	5697.04296875	
10.311712	-9.04772030856031E-03	-1.26369101515387E-04	0	6.15960283114	5697.04296875	
10.315808	-9.04853716511938E-03	-1.32859718101687E-04	0	6.03226466425	5755.3828125	
10.319904	-9.04103889004078E-03	-1.45362002234006E-04	0	6.06005086621	5755.3828125	
10.324	-9.03691602279641E-03	-1.430433646488E-04	0	6.11397913874	5755.3828125	
10.328096	-9.04695373979031E-03	-1.25056604029809E-04	0	5.96337136285	5755.3828125	
10.332192	-9.05360196836906E-03	-1.25839700602481E-04	0	6.01636885102	5755.3828125	
10.336288	-9.05419810725031E-03	-1.31770476162084E-04	0	5.89369605	5814.4453125	
10.340384	-9.04697028904453E-03	-1.43785539147009E-04	0	5.93072906052	5814.4453125	
10.34448	-9.04229142171781E-03	-1.42408576100897E-04	0	5.97944265182	5814.4453125	
10.348576	-9.05226147877734E-03	-1.23820293006506E-04	0	5.83633074178	5814.4453125	
10.352672	-9.05882056082094E-03	-1.24738660597753E-04	0	5.90208073862	5814.4453125	
10.356768	-0.00905874211187	-1.31367844833947E-04	0	5.7950481666	5872.78515625	
10.360864	-9.05098709477016E-03	-1.43195423390972E-04	0	5.81168402969	5872.78515625	
10.36496	-9.04635092634797E-03	-1.40949116502666E-04	0	5.86298398081	5872.78515625	
10.369056	-9.05650686536234E-03	-1.22324061089278E-04	0	5.71862466714	5872.78515625	
10.373152	-9.06270094948969E-03	-1.23899003264334E-04	0	5.76941726449	5932.0078125	
10.377248	-9.06271146420922E-03	-1.29965345515294E-04	0	5.66857593434	5932.0078125	
10.381344	-9.05518649088625E-03	-1.41751101758372E-04	0	5.68344941065	5932.0078125	
10.38544	-9.05067631623375E-03	-1.39414257220219E-04	0	5.72681099188	5932.0078125	
10.389536	-9.0606161091875E-03	-1.20988088386791E-04	0	5.5829895495	5932.0078125	
10.393632	-9.06683872020609E-03	-1.22135755508353E-04	0	5.64827796885	5932.0078125	
10.397728	-9.06606063096078E-03	-1.296227088387E-04	0	5.54152005451	5990.2265625	
10.401824	-9.05805106621594E-03	-1.40936436226884E-04	0	5.57168662303	5990.2265625	
10.40592	-9.05328579532438E-03	-1.38732044200509E-04	0	5.61899640841	5990.2265625	
10.410016	-9.06240928031313E-03	-1.21280163094716E-04	0	5.48114495588	5990.2265625	
10.414112	-9.06791807902406E-03	-1.22668782619556E-04	0	5.53291792856	5990.2265625	
10.418208	-9.06760263743812E-03	-1.28320429852519E-04	0	5.43408694004	6049.40625	
10.422304	-9.06011167694703E-03	-1.39544379926634E-04	0	5.45706281791	6049.40625	
10.4264	-9.05519188539453E-03	-1.37778534577097E-04	0	5.49565222195	6049.40625	
10.430496	-9.06433566836359E-03	-1.20322503715837E-04	0	5.35858659556	6049.40625	
10.434592	-9.06996049471875E-03	-1.21523626793559E-04	0	5.42339436397	6107.6875	
10.438688	-9.06927109484688E-03	-1.28052412332075E-04	0	5.31222666799	6107.6875	
10.442784	-9.06149669409016E-03	-1.38907137054262E-04	0	5.34138615835	6107.6875	
10.44688	-9.05675803001062E-03	-1.36825661972278E-04	0	5.38782619441	6107.6875	
10.450976	-9.06588828099281E-03	-1.19469919472269E-04	0	5.25184393998	6107.6875	
10.455072	-9.07160499685344E-03	-1.20543889552144E-04	0	5.30593242949	6166.75	
10.459168	-9.07131177332703E-03	-1.26472155739256E-04	0	5.21368559591	6166.75	
10.463264	-9.06402214685688E-03	-1.37316619173628E-04	0	5.21506651369	6166.75	
10.46736	-9.05923703514672E-03	-1.35700628481928E-04	0	5.28131242023	6166.75	
10.471456	-9.06841062505984E-03	-1.18039017297403E-04	0	5.14869090769	6166.75	
10.475552	-9.07419216645219E-03	-1.19060622766181E-04	0	5.20752868625	6224.98828125	
10.479648	-9.07305255371969E-03	-1.26157808938219E-04	0	5.10744647941	6224.98828125	
10.483744	-9.06566765474734E-03	-1.36162407347072E-04	0	5.10541706433	6224.98828125	
10.48784	-9.06111039243781E-03	-1.34375697354937E-04	0	5.17504278621	6224.98828125	
10.491936	-9.0700899629175E-03	-1.17354535770347E-04	0	5.03915971372	6224.98828125	
10.496032	-9.07555258829484E-03	-1.18473609891656E-04	0	5.09391577398	6284.0078125	
10.500128	-9.07516994393625E-03	-1.24206993581344E-04	0	5.00108147814	6284.0078125	
10.504224	-0.009068160374735	-1.34410812944822E-04	0	4.99782373288	6284.0078125	
10.50832	-9.06331985502453E-03	-1.33127064228572E-04	0	5.07252299246	6284.0078125	
10.512416	-9.07188532841938E-03	-1.16621061984591E-04	0	4.93027320236	6284.0078125	
10.516512	-9.07729400871391E-03	-1.17633733087303E-04	0	5.00595283727	6342.328125	
10.520608	-9.07667565177312E-03	-1.23535713243009E-04	0	4.90559215806	6342.328125	
10.524704	-9.06971600463156E-03	-1.33381219503262E-04	0	4.89809629221	6342.328125	
10.5288	-9.06429470667359E-03	-1.32878918803641E-04	0	4.98414425454	6342.328125	
10.532896	-9.07276463326922E-03	-1.15785019070634E-04	0	4.83695825558	6401.08984375	
10.536992	-9.07811735696937E-03	-1.1681804087415E-04	0	4.89356825518	6401.08984375	
10.541088	-9.07782230479609E-03	-1.22308604373966E-04	0	4.80179062847	6401.08984375	
10.545184	-9.07073108651187E-03	-1.32704794458534E-04	0	4.79677049643	6401.08984375	
10.54928	-9.06506182403766E-03	-1.32591946013691E-04	0	4.89163420735	6401.08984375	
10.553376	-9.07345988481109E-03	-1.15381358176219E-04	0	4.7270112604	6459.2109375	
10.557472	-9.07977292241766E-03	-1.14696024005784E-04	0	4.80019990274	6459.2109375	
10.561568	-9.07922176824953E-03	-1.21552384697494E-04	0	4.70009862245	6459.2109375	
10.565664	-9.07186365895391E-03	-1.31982354315591E-04	0	4.69885121882	6459.2109375	
10.56976	-9.06666070143281E-03	-1.31001008662322E-04	0	4.80294647954	6459.2109375	
10.573856	-9.07534896846531E-03	-1.13930792078709E-04	0	4.64394638565	6517.91015625	
10.577952	-9.08110490880141E-03	-1.14495824927137E-04	0	4.70197163524	6517.91015625	
10.582048	-9.08102947711781E-03	-1.19885948383162E-04	0	4.61324576053	6517.91015625	
10.586144	-9.07386328431172E-03	-1.30509293048269E-04	0	4.61113242227	6517.91015625	
10.59024	-9.06854082471734E-03	-1.29709410194306E-04	0	4.70020543377	6575.80859375	
10.594336	-9.07707868554438E-03	-1.12806069645741E-04	0	4.54387180819	6575.80859375	
10.598432	-9.08332369748719E-03	-1.12624605884897E-04	0	4.61458853141	6575.80859375	
10.602528	-9.08276001708797E-03	-1.19313310013494E-04	0	4.51263331178	6575.80859375	
10.606624	-9.07554344506047E-03	-1.29322023562462E-04	0	4.50889491558	6575.80859375	
10.61072	-9.07053651848437E-03	-1.2831914475765E-04	0	4.61577108531	6634.37109375	
10.614816	-9.07906240167437E-03	-1.11566559106406E-04	0	4.45205984927	6634.37109375	
10.618912	-9.08516057327313E-03	-1.11431645779781E-04	0	4.51228998968	6634.37109375	
10.623008	-9.08509812498234E-03	-1.17376648488619E-04	0	4.43209376181	6634.37109375	
10.627104	-9.07813866070547E-03	-1.27624821653897E-04	0	4.43192210076	6634.37109375	
10.6312	-9.07253294371016E-03	-1.27621619734022E-04	0	4.51887795931	6692.37109375	
10.635296	-9.08096894890625E-03	-1.10467719820631E-04	0	4.36514595231	6692.37109375	
10.639392	-9.08743175269187E-03	-1.09653752124984E-04	0	4.43758691541	6692.37109375	
10.643488	-9.08682418476766E-03	-1.16694264315234E-04	0	4.33827146126	6692.37109375	
10.647584	-9.07939430108219E-03	-1.26818845056028E-04	0	4.33670743836	6692.37109375	
10.65168	-9.07409451670906E-03	-1.26212719700616E-04	0	4.44063485272	6692.37109375	
10.655776	-9.08219021072172E-03	-1.09928377331128E-04	0	4.28058190439	6692.37109375	
10.659872	-9.08824138609578E-03	-1.09507009242881E-04	0	4.34041913173	6750.91015625	
10.663968	-9.08787565672078E-03	-1.15555527953972E-04	0	4.25520277182	6750.91015625	
10.668064	-9.08037701591281E-03	-1.26220659356138E-04	0	4.24249603943	6750.91015625	
10.67216	-9.07462162417078E-03	-1.25803016264166E-04	0	4.34598857913	6750.91015625	
10.676256	-9.08297982044234E-03	-1.08820955121244E-04	0	4.18979228239	6750.91015625	
10.680352	-9.08947819140969E-03	-1.08034384753969E-04	0	4.26411007297	6808.8125	
10.684448	-9.08859815510109E-03	-1.15379829331594E-04	0	4.16973464237	6808.8125	
10.688544	-9.08120091276234E-03	-1.25232615392259E-04	0	4.1608349706	6808.8125	
10.69264	-9.07579671265266E-03	-1.24610902552434E-04	0	4.27537103785	6867.23046875	
10.696736	-9.08392102498891E-03	-1.08076261635169E-04	0	4.11427286446	6867.23046875	
10.700832	-9.09048184424703E-03	-1.07114140722291E-04	0	4.17457548398	6867.23046875	
10.704928	-9.09034725583703E-03	-1.13338513824834E-04	0	4.08989699536	6867.23046875	
10.709024	-9.08336831647094E-03	-1.23439632329475E-04	0	4.0765303216	6867.23046875	
10.71312	-9.07791620581313E-03	-1.23437273918372E-04	0	4.18661083093	6867.23046875	
10.717216	-9.08608166270406E-03	-1.0682888932485E-04	0	4.02150341835	6925.41015625	
10.721312	-9.09266634580391E-03	-1.05751812517312E-04	0	4.09170515842	6925.41015625	
10.725408	-9.09201900481016E-03	-1.12591029956934E-04	0	4.00051117928	6925.41015625	
10.729504	-9.08518654005875E-03	-1.21893413683387E-04	0	3.9935226672	6925.41015625	
10.7336	-0.00908001878399	-1.21658459591419E-04	0	4.10524730792	6925.41015625	
10.737696	-9.08843915425531E-03	-1.05095812932928E-04	0	3.94787990135	6983.9921875	
10.741792	-9.09520258758719E-03	-1.04133508126003E-04	0	4.01110457341	6983.9921875	
10.745888	-9.09499183603484E-03	-1.10571334380478E-04	0	3.92481247092	6983.9921875	
10.749984	-9.08789595470109E-03	-1.20600520985897E-04	0	3.91360109701	6983.9921875	
10.75408	-9.08255072845312E-03	-1.20296177059472E-04	0	4.02375790014	7042.171875	
10.758176	-9.09046511212813E-03	-1.04288177442487E-04	0	3.86092785749	7042.171875	
10.762272	-9.09720797318266E-03	-1.027530895545E-04	0	3.92641464072	7042.171875	
10.766368	-9.09667921993875E-03	-1.09744170784566E-04	0	3.8434527626	7042.171875	
10.770464	-9.08971609836813E-03	-1.19173627701253E-04	0	3.83126864274	7100.75390625	
10.77456	-9.08476238541609E-03	-1.18573804262616E-04	0	3.94647991012	7100.75390625	
10.778656	-9.09257052470766E-03	-1.02981853989197E-04	0	3.78635829737	7100.75390625	
10.782752	-9.09879066705297E-03	-1.02187249254956E-04	0	3.83419069528	7100.75390625	
10.786848	-9.09804878501578E-03	-1.08792031352091E-04	0	3.76437042421	7100.75390625	
10.790944	-9.09135968617938E-03	-1.17789233893341E-04	0	3.75532579422	7100.75390625	
10.79504	-9.08583744691391E-03	-1.18271364661209E-04	0	3.87026240392	7159.25390625	
10.799136	-9.09282562094672E-03	-1.03381651185553E-04	0	3.70546016654	7159.25390625	
10.803232	-9.09932975215172E-03	-1.01241562219875E-04	0	3.77528806699	7159.25390625	
10.807328	-9.09901001324562E-03	-1.07531026122712E-04	0	3.68687881155	7159.25390625	
10.811424	-9.09278164198937E-03	-1.16072605321509E-04	0	3.6807562341	7159.25390625	
10.81552	-9.08771802736016E-03	-1.16382745876753E-04	0	3.79701654123	7217.93359375	
10.819616	-9.09478794190828E-03	-1.01963642267025E-04	0	3.63868783278	7217.93359375	
10.823712	-9.10063750896437E-03	-1.00984823293922E-04	0	3.68705428729	7217.93359375	
10.827808	-9.10067316757844E-03	-1.06100720101097E-04	0	3.62135769611	7217.93359375	
10.831904	-9.0947459744625E-03	-1.14636823584216E-04	0	3.60410385324	7217.93359375	
10.836	-9.08969378887625E-03	-1.15047806586694E-04	0	3.7149740034	7276.4921875	
10.840096	-9.09666422503438E-03	-1.00763877841791E-04	0	3.55903329089	7276.4921875	
10.844192	-9.1036083286775E-03	-9.80524942551E-05	0	3.62061001687	7276.4921875	
10.848288	-9.10389862636891E-03	-1.04044498840012E-04	0	3.54610149179	7276.4921875	
10.852384	-9.09831768753875E-03	-1.12196625062878E-04	0	3.5330132904	7276.4921875	
10.85648	-9.09313164500125E-03	-1.13392998385734E-04	0	3.65537710153	7335.25390625	
10.860576	-9.09965936575094E-03	-9.95097084228844E-05	0	3.49833394361	7335.25390625	
10.864672	-9.10631801761688E-03	-9.68027034375844E-05	0	3.5449532701	7335.25390625	
10.868768	-9.10690848769281E-03	-1.01960498520169E-04	0	3.50581836539	7335.25390625	
10.872864	-9.10114066115203E-03	-1.10767606780359E-04	0	3.46572978818	7335.25390625	
10.87696	-9.09494118251641E-03	-1.13053454734894E-04	0	3.57225119174	7393.9140625	
10.881056	-9.1013993232525E-03	-9.84393772816781E-05	0	3.42700686999	7393.9140625	
10.885152	-9.10810478847844E-03	-9.56235702417187E-05	0	3.48160271327	7393.9140625	
10.889248	-9.10854722958984E-03	-1.00972582200394E-04	0	3.43209566645	7393.9140625	
10.893344	-9.10283243380844E-03	-1.09349613486816E-04	0	3.39705010942	7452.453125	
10.89744	-9.09749708225359E-03	-1.10675479468641E-04	0	3.51236818812	7452.453125	
10.901536	-9.10351927357469E-03	-9.7490823662925E-05	0	3.36304596276	7452.453125	
10.905632	-0.009109777451775	-9.49315673279531E-05	0	3.41198080608	7452.453125	
10.909728	-9.11045587976562E-03	-9.96087104873437E-05	0	3.37526441483	7452.453125	
10.913824	-9.10495558426266E-03	-1.07882823607453E-04	0	3.33373007011	7511.234375	
10.91792	-9.09910592577422E-03	-1.09893869673328E-04	0	3.44467269938	7511.234375	
10.922016	-9.10486168324563E-03	-9.66615857902406E-05	0	3.29344312902	7511.234375	
10.926112	-9.11183787964141E-03	-9.28417684562156E-05	0	3.35341387051	7511.234375	
10.930208	-9.11289547756156E-03	-9.76921109616375E-05	0	3.3055814726	7511.234375	
10.934304	-9.10785691539453E-03	-1.05718138512525E-04	0	3.26501224445	7511.234375	
10.9384	-9.10232955591781E-03	-1.07906012286187E-04	0	3.38208126586	7569.6328125	
10.942496	-9.10805285490719E-03	-9.50170742136E-05	0	3.23201517595	7569.6328125	
10.946592	-9.11470519794141E-03	-9.15094188270281E-05	0	3.28390640402	7569.6328125	
10.950688	-9.11590451599438E-03	-9.57550160237344E-05	0	3.24521018866	7569.6328125	
10.954784	-9.11036865330969E-03	-1.04616787210031E-04	0	3.20491943288	7628.29296875	
10.95888	-9.1039886872275E-03	-1.07474696852119E-04	0	3.31528985865	7628.29296875	
10.962976	-9.10940230486859E-03	-9.42789199036781E-05	0	3.16517417777	7628.29296875	
10.967072	-9.11696211391453E-03	-8.93383484019469E-05	0	3.22693400887	7628.29296875	
10.971168	-0.009118508143415	-9.39987593665312E-05	0	3.17915883131	7628.29296875	
10.975264	-9.11274882008219E-03	-1.03267551299653E-04	0	3.11499193082	7686.61328125	
10.97936	-9.10665768877391E-03	-1.05593335271944E-04	0	3.25931309759	7686.61328125	
10.983456	-9.11172642361438E-03	-9.31116388594219E-05	0	3.11153200699	7686.61328125	
10.987552	-0.009119023090375	-8.82887468073188E-05	0	3.15763635033	7686.61328125	
10.991648	-9.12021481954344E-03	-9.3160147224375E-05	0	3.12249542605	7745.29296875	
10.995744	-9.11450880126703E-03	-1.02072432302466E-04	0	3.05719937732	7745.29296875	
10.99984	-9.10794971922344E-03	-1.04995941878953E-04	0	3.19186937839	7745.29296875	
11.003936	-9.11350295405344E-03	-9.14339645755594E-05	0	3.03764527638	7745.29296875	
11.008032	-9.12173625374344E-03	-8.57459830039312E-05	0	3.10380344505	7745.29296875	
11.012128	-9.12358474143703E-03	-9.06122598684187E-05	0	3.05870236518	7745.29296875	
11.016224	-9.11793650840187E-03	-9.99880992906469E-05	0	2.98997691014	7803.57421875	
11.02032	-9.11169149645906E-03	-1.02715448726756E-04	0	3.14957972505	7803.57421875	
11.024416	-9.11702099634391E-03	-8.98280661814594E-05	0	2.99038126728	7803.57421875	
11.028512	-9.12477537341734E-03	-8.45702572565812E-05	0	3.03637498461	7803.57421875	
11.032608	-9.12672443668906E-03	-8.87417840946656E-05	0	3.00899695448	7862.2734375	
11.036704	-9.12173844811969E-03	-9.73510471200094E-05	0	2.93585790311	7862.2734375	
11.0408	-0.009115166839845	-1.00904208470691E-04	0	3.07995018848	7862.2734375	
11.044896	-9.12091491699953E-03	-8.73786159866812E-05	0	2.92662253862	7862.2734375	
11.048992	-9.12967568988063E-03	-8.12565605702812E-05	0	2.97797971009	7862.2734375	
11.053088	-9.13200319162313E-03	-0.000085846375692	0	2.94336902772	7920.47265625	
11.057184	-9.12674080307859E-03	-9.49725663254156E-05	0	2.8735296832	7920.47265625	
11.06128	-9.12064007137422E-03	-9.77983433073281E-05	0	3.02360340249	7920.47265625	
11.065376	-9.12559113278828E-03	-8.56510698776906E-05	0	2.87431932403	7920.47265625	
11.069472	-9.13361249230547E-03	-7.98683588334844E-05	0	2.92050759055	7920.47265625	
11.073568	-9.13508217579891E-03	-8.49552616792687E-05	0	2.89330122147	7979.29296875	
11.077664	-9.12887519971109E-03	-9.458607849075E-05	0	2.82441936414	7979.29296875	
11.08176	-9.12199738451719E-03	-9.75579110958375E-05	0	2.96549804441	7979.29296875	
11.085856	-9.12719650187984E-03	-8.44075855442531E-05	0	2.81400144575	7979.29296875	
11.089952	-9.1356988869575E-03	-7.80547510317094E-05	0	2.86908556935	7979.29296875	
11.094048	-9.13736432709891E-03	-8.32623600067875E-05	0	2.83236154872	8037.453125	
11.098144	-9.13122875967156E-03	-9.29288618787375E-05	0	2.76012276419	8037.453125	
11.10224	-9.12474465214984E-03	-9.55958104137094E-05	0	2.91703240796	8037.453125	
11.106336	-9.12967084396641E-03	-8.32218155761781E-05	0	2.76042031001	8037.453125	
11.110432	-9.13770820414375E-03	-7.72916397755906E-05	0	2.8081458966	8037.453125	
11.114528	-9.13901440660656E-03	-8.2396281065175E-05	0	2.77911992039	8096.37109375	
11.118624	-9.13314737597281E-03	-9.13689454098094E-05	0	2.70446643709	8096.37109375	
11.12272	-9.12650545622578E-03	-9.43614284750156E-05	0	2.86065510445	8096.37109375	
11.126816	-9.13168381844641E-03	-8.16895101373312E-05	0	2.69526540481	8096.37109375	
11.130912	-9.14041999602703E-03	-7.51110083023781E-05	0	2.75995491783	8096.37109375	
11.135008	-9.14270726753828E-03	-7.96873176683719E-05	0	2.7256341519	8154.4921875	
11.139104	-9.13722096118391E-03	-8.88214402650094E-05	0	2.65231199541	8154.4921875	
11.1432	-9.1309297759075E-03	-9.17611315560844E-05	0	2.81056822475	8154.4921875	
11.147296	-9.13588385458891E-03	-7.96444900669687E-05	0	2.65347166117	8154.4921875	
11.151392	-9.14427962955375E-03	-7.34128585582219E-05	0	2.70054112108	8213.61328125	
11.155488	-9.14611367093703E-03	-7.82142525549E-05	0	2.67782464213	8213.61328125	
11.159584	-9.14057826541406E-03	-8.7103541742525E-05	0	2.59949379767	8213.61328125	
11.16368	-9.13468124497156E-03	-8.9438270177025E-05	0	2.75131845967	8213.61328125	
11.167776	-0.009140481164265	-7.66152084808687E-05	0	2.58642848442	8213.61328125	
11.171872	-9.15024970443891E-03	-6.93082357397719E-05	0	2.65111418275	8213.61328125	
11.175968	-9.15291550585328E-03	-7.41976438311281E-05	0	2.617640278	8271.69140625	
11.180064	-9.14722045945813E-03	-8.40522702745687E-05	0	2.53838627856	8271.69140625	
11.18416	-9.14097572181234E-03	-8.68207891406625E-05	0	2.70613345662	8271.69140625	
11.188256	-9.14623463592781E-03	-7.44779365796812E-05	0	2.55967987814	8271.69140625	
11.192352	-9.15458789485281E-03	-6.85722227738625E-05	0	2.59281427548	8271.69140625	
11.196448	-9.15634165863828E-03	-7.32100114053E-05	0	2.57152449059	8330.7734375	
11.200544	-9.15131324546141E-03	-8.13727664636906E-05	0	2.49094679372	8330.7734375	
11.20464	-9.14495952046187E-03	-8.47109967793031E-05	0	2.65118284717	8330.7734375	
11.208736	-9.14964314227047E-03	-7.31415908006437E-05	0	2.49734402885	8330.7734375	
11.212832	-9.15814772172437E-03	-6.65856437508281E-05	0	2.54808703523	8330.7734375	
11.216928	-9.16017377102953E-03	-7.11274800743719E-05	0	2.51372430771	8389.05078125	
11.221024	-9.1551615413775E-03	-7.92610344408094E-05	0	2.43554605085	8389.05078125	
11.22512	-9.14977955932734E-03	-8.14781343871687E-05	0	2.607722084	8389.05078125	
11.229216	-9.15418952413109E-03	-7.11241521930844E-05	0	2.45239935127	8389.05078125	
11.233312	-9.16151398632422E-03	-6.57795044127375E-05	0	2.48832610169	8448.171875	
11.237408	-9.16339392674406E-03	-6.94789925401687E-05	0	2.47154528038	8448.171875	
11.241504	-9.15905162187469E-03	-7.67458960905656E-05	0	2.39458772432	8448.171875	
11.2456	-9.15359420814094E-03	-7.96232735016469E-05	0	2.54616824616	8448.171875	
11.249696	-9.15817432853641E-03	-6.89713740574031E-05	0	2.40055389948	8448.171875	
11.253792	-9.16669262284187E-03	-6.22644499951031E-05	0	2.44853125561	8448.171875	
11.257888	-9.16894743587109E-03	-6.64828803920531E-05	0	2.41823880232	8506.44921875	
11.261984	-0.009163759107525	-7.500770576145E-05	0	2.3384431169	8506.44921875	
11.26608	-9.15779232420422E-03	-7.79560037746875E-05	0	2.50389385158	8506.44921875	
11.270176	-9.16167664446375E-03	-6.78453460968938E-05	0	2.36096123197	8506.44921875	
11.274272	-9.17005038423375E-03	-6.075987385545E-05	0	2.38192676821	8565.58984375	
11.278368	-9.17315131217203E-03	-6.36794471377969E-05	0	2.37412954185	8565.58984375	
11.282464	-9.16894569865656E-03	-7.16242108276406E-05	0	2.29585210305	8565.58984375	
11.28656	-9.1628447840875E-03	-7.54610622792469E-05	0	2.4468566067	8565.58984375	
11.290656	-9.16723783390766E-03	-6.47711638345406E-05	0	2.3007921266	8565.58984375	
11.294752	-9.17697080689984E-03	-5.648063967315E-05	0	2.33959133859	8565.58984375	
11.298848	-9.18100114461234E-03	-5.94398996946562E-05	0	2.32254730367	8623.83203125	
11.302944	-9.17672851118891E-03	-6.82231611036937E-05	0	2.24362899695	8623.83203125	
11.30704	-9.17054329599891E-03	-7.22315159895656E-05	0	2.40917128419	8623.83203125	
11.311136	-9.17405475516062E-03	-6.24976235600063E-05	0	2.26821085931	8623.83203125	
11.315232	-9.18238890472578E-03	-5.52147625736437E-05	0	2.29193441642	8682.7890625	
11.319328	-9.18569134954969E-03	-5.78405991304969E-05	0	2.27982277567	8682.7890625	
11.323424	-9.18189946738969E-03	-6.54522427207687E-05	0	2.20080528701	8682.7890625	
11.32752	-9.17581583353359E-03	-6.96441959807344E-05	0	2.35515527379	8682.7890625	
11.331616	-9.17953411265687E-03	-5.98411175626687E-05	0	2.21441228624	8682.7890625	
11.335712	-9.18840542724156E-03	-5.21151726443906E-05	0	2.24505187632	8740.91015625	
11.339808	-9.19205787507734E-03	-5.46615955787344E-05	0	2.23117784879	8740.91015625	
11.343904	-9.18811796395281E-03	-6.2647131583575E-05	0	2.1488530239	8740.91015625	
11.348	-9.18208598937094E-03	-6.67177763110031E-05	0	2.3103669985	8740.91015625	
11.352096	-9.18568129199187E-03	-5.7271321574775E-05	0	2.17545667196	8740.91015625	
11.356192	-9.19459896277484E-03	-4.94342224407281E-05	0	2.20040474456	8799.55078125	
11.360288	-9.19860854534531E-03	-5.15610616600406E-05	0	2.19220316106	8799.55078125	
11.364384	-9.19529339142562E-03	-5.90108405083312E-05	0	2.11247614006	8799.55078125	
11.36848	-9.18942316065984E-03	-6.33245333100188E-05	0	2.26501414909	8799.55078125	
11.372576	-9.19318395582297E-03	-5.38844401058906E-05	0	2.12411094456	8857.609375	
11.376672	-9.20249441995469E-03	-4.57653544749844E-05	0	2.15722245376	8857.609375	
11.380768	-9.20655374172016E-03	-4.82055104482875E-05	0	2.17067686539	8857.609375	
11.384864	-9.20236879191438E-03	-5.673356249715E-05	0	2.05704487967	8857.609375	
11.38896	-9.19578776610828E-03	-6.11806707904219E-05	0	2.22563128953	8857.609375	
11.393056	-9.19870491503563E-03	-5.22115424999438E-05	0	2.09090025342	8916.0703125	
11.397152	-0.00920712875973	-4.44525916050562E-05	0	2.10517100871	8916.0703125	
11.401248	-9.21080562000156E-03	-4.65398854312219E-05	0	2.12570167029	8916.0703125	
11.405344	-9.20762898608266E-03	-5.34577996671469E-05	0	2.01969524988	8916.0703125	
11.40944	-9.20167838628672E-03	-5.79998081059031E-05	0	2.17621579527	8916.0703125	
11.413536	-9.20495056700484E-03	-4.91952551316187E-05	0	2.04299156171	8916.0703125	
11.417632	-9.2142517050375E-03	-4.073707849365E-05	0	2.07046877378	8974.0078125	
11.421728	-9.21893944130156E-03	-4.23193555171406E-05	0	2.08458312678	8974.0078125	
11.425824	-9.21585103959438E-03	-4.9839863621625E-05	0	1.9769630925	8974.0078125	
11.42992	-9.21026507198531E-03	-5.41298653412344E-05	0	2.14617129683	8974.0078125	
11.434016	-9.21318514674766E-03	-4.61524466359687E-05	0	2.00950621289	9032.5078125	
11.438112	-9.22234794764422E-03	-3.76613416655437E-05	0	2.0203361178	9032.5078125	
11.442208	-9.22764736628797E-03	-3.8416444275825E-05	0	2.04695502462	9032.5078125	
11.446304	-9.22542062298828E-03	-4.53462029710594E-05	0	1.93455136908	9032.5078125	
11.4504	-9.21967848893609E-03	-5.03700217453125E-05	0	2.08969862607	9032.5078125	
11.454496	-9.22283208190437E-03	-4.21347304613812E-05	0	1.96038826445	9032.5078125	
11.458592	-9.23252857339141E-03	-3.33032498697938E-05	0	1.9866524051	9090.4296875	
11.462688	-9.23768416895844E-03	-3.46602939454406E-05	0	1.99931336121	9090.4296875	
11.466784	-9.23485826951016E-03	-4.21478068906125E-05	0	1.89129278448	9090.4296875	
11.47088	-9.22897295240766E-03	-4.69283013889594E-05	0	2.05930317615	9148.84765625	
11.474976	-9.23186248876719E-03	-3.88916659159875E-05	0	1.9266473314	9148.84765625	
11.479072	-9.24169676879625E-03	-2.97240094586531E-05	0	1.93929684344	9148.84765625	
11.483168	-9.24752521498094E-03	-3.03150540599156E-05	0	1.96266563438	9148.84765625	
11.487264	-9.24530395762187E-03	-3.76140176744062E-05	0	1.83934433606	9148.84765625	
11.49136	-9.23928185773312E-03	-4.30100507399062E-05	0	2.01294706327	9148.84765625	
11.495456	-9.24232929775031E-03	-3.48808576671844E-05	0	1.87757134455	9148.84765625	
11.499552	-9.25222374026156E-03	-2.58545654915625E-05	0	1.90212268939	9206.94921875	
11.503648	-9.25755881751937E-03	-2.70057982345594E-05	0	1.91755311044	9206.94921875	
11.507744	-9.25484675133906E-03	-3.43579370362594E-05	0	1.79052774813	9206.94921875	
11.51184	-9.24870103492156E-03	-3.95047451106E-05	0	1.98141865042	9206.94921875	
11.515936	-9.25110213970078E-03	-3.21236726839875E-05	0	1.8453944344	9206.94921875	
11.520032	-9.26015458175844E-03	-2.36558280268406E-05	0	1.85683468971	9265.44921875	
11.524128	-9.26540142680453E-03	-2.42172140039156E-05	0	1.88209938158	9265.44921875	
11.528224	-9.26374769000313E-03	-3.02452310528156E-05	0	1.76048324969	9265.44921875	
11.53232	-9.2584025551875E-03	-3.51699698780719E-05	0	1.93021025186	9323.6484375	
11.536416	-9.26148217938969E-03	-2.77179782916094E-05	0	1.79872551694	9323.6484375	
11.540512	-9.27133648310203E-03	-1.89726767003812E-05	0	1.82417712862	9323.6484375	
11.544608	-9.27753952759906E-03	-1.9169125061625E-05	0	1.83878739132	9323.6484375	
11.548704	-9.27566397593172E-03	-2.60932465028812E-05	0	1.71498544206	9323.6484375	
11.5528	-9.27033913909641E-03	-3.09530341911656E-05	0	1.8933450877	9323.6484375	
11.556896	-9.27308402948812E-03	-2.39545669107937E-05	0	1.76561782243	9382.16796875	
11.560992	-9.28309815693734E-03	-1.4872906280925E-05	0	1.77545972263	9382.16796875	
11.565088	-9.28980033059891E-03	-1.45589964986812E-05	0	1.80120125075	9382.16796875	
11.569184	-9.28894626107594E-03	-2.06958783425625E-05	0	1.6751448197	9382.16796875	
11.57328	-9.28343709663563E-03	-2.64412781260031E-05	0	1.85805157582	9440.5859375	
11.577376	-9.28564162187578E-03	-2.015448369165E-05	0	1.71828514891	9440.5859375	
11.581472	-9.29560610156234E-03	-1.086675451785E-05	0	1.7444195901	9440.5859375	
11.585568	-9.30249305999063E-03	-1.02882567790406E-05	0	1.76369140398	9440.5859375	
11.589664	-9.30119910946187E-03	-1.68868513823625E-05	0	1.63376306258	9440.5859375	
11.59376	-9.29525710430625E-03	-2.27604322876219E-05	0	1.81149328437	9440.5859375	
11.597856	-9.29773866954797E-03	-1.59662482164281E-05	0	1.6891828789	9499.1875	
11.601952	-9.30822102202953E-03	-6.48498365924062E-06	0	1.69737301833	9499.1875	
11.606048	-9.31566763783391E-03	-5.61029823585E-06	0	1.7240872924	9499.1875	
11.610144	-9.31550717407062E-03	-1.14006152820656E-05	0	1.59566575355	9499.1875	
11.61424	-0.009310706244565	-1.67889115764562E-05	0	1.76097153001	9557.6484375	
11.618336	-9.31412992867672E-03	-1.00441700038969E-05	0	1.63838265217	9557.6484375	
11.622432	-9.32548280850313E-03	-4.55330554284375E-07	0	1.66355960617	9557.6484375	
11.626528	-9.33324696883734E-03	1.9948056975E-08	0	1.68316329808	9557.6484375	
11.630624	-9.33258390148047E-03	-6.4187705043E-06	0	1.55466546543	9557.6484375	
11.63472	-9.32758419805953E-03	-1.17704476045406E-05	0	1.73275426808	9616.328125	
11.638816	-9.33087365949063E-03	-5.15879147581875E-06	0	1.60652999067	9616.328125	
11.642912	-9.34209661395656E-03	4.22724913813125E-06	0	1.61851574665	9616.328125	
11.647008	-9.35042747195734E-03	5.41592294945625E-06	0	1.64380332666	9616.328125	
11.651104	-9.35094561904938E-03	-1.418642812125E-07	0	1.5219087224	9674.92578125	
11.6552	-9.34622615576203E-03	-5.895046028025E-06	0	1.6800276229	9674.92578125	
11.659296	-9.34950592536469E-03	1.843834694625E-07	0	1.55615319453	9674.92578125	
11.663392	-9.36113136500781E-03	9.7424700652125E-06	0	1.58203586618	9674.92578125	
11.667488	-9.36931967998469E-03	1.05304026907406E-05	0	1.60248260458	9674.92578125	
11.671584	-9.36914870150187E-03	4.45533088120312E-06	0	1.47343927126	9674.92578125	
11.67568	-9.36443463272281E-03	-8.47999392384375E-07	0	1.64858694792	9674.92578125	
11.679776	-9.36772619709781E-03	5.105462202225E-06	0	1.52056976621	9733.5234375	
11.683872	-9.37933353313688E-03	1.44960520904719E-05	0	1.53383725803	9733.5234375	
11.687968	-9.38777228130328E-03	1.55383123462875E-05	0	1.56338584677	9733.5234375	
11.692064	-9.38841550784156E-03	1.01435665391156E-05	0	1.43514741304	9733.5234375	
11.69616	-9.38350184225609E-03	4.1981602249125E-06	0	1.60121231281	9792.1640625	
11.700256	-9.38673050117859E-03	9.98596261018125E-06	0	1.49552251167	9792.1640625	
11.704352	-9.39817207037844E-03	1.90983607093125E-05	0	1.4994783452	9792.1640625	
11.708448	-9.40639576967234E-03	2.00385458268187E-05	0	1.51400849941	9792.1640625	
11.712544	-9.40686600621625E-03	1.47249790250062E-05	0	1.38795206836	9850.765625	
11.71664	-9.40286986420031E-03	9.80434428218437E-06	0	1.56655203947	9850.765625	
11.720736	-9.40667893564094E-03	1.54659489571125E-05	0	1.45751294051	9850.765625	
11.724832	-9.41904570872719E-03	2.48924239056281E-05	0	1.44872389475	9850.765625	
11.728928	-9.42889352074312E-03	2.67789304325812E-05	0	1.47721199967	9850.765625	
11.733024	-9.43109630876875E-03	2.2103068281525E-05	0	1.35283021753	9909.546875	
11.73712	-9.42770700321828E-03	1.66629984812156E-05	0	1.51535508498	9909.546875	
11.741216	-9.43218279930953E-03	2.23319541103312E-05	0	1.40657919963	9909.546875	
11.745312	-9.44532720447937E-03	3.18998248309125E-05	0	1.41082113491	9909.546875	
11.749408	-9.45562157206219E-03	3.3635872133325E-05	0	1.43098940094	9909.546875	
11.753504	-9.45771875573078E-03	2.85848206939969E-05	0	1.30289211074	9967.8828125	
11.7576	-9.45481495592562E-03	2.36140350397875E-05	0	1.47685341881	9967.8828125	
11.761696	-9.45964715529281E-03	2.92433118624281E-05	0	1.37001921067	9967.8828125	
11.765792	-9.47276458792125E-03	3.84874014164062E-05	0	1.35744980712	9967.8828125	
11.769888	-9.48307321894969E-03	4.02091069062375E-05	0	1.38447307108	9967.8828125	
11.773984	-9.48610438400969E-03	3.6047169722025E-05	0	1.25908421078	9967.8828125	
11.77808	-9.48316602277859E-03	3.0505129110225E-05	0	1.42207065572	10026.5234375	
11.782176	-9.48769521535859E-03	3.57183541854562E-05	0	1.3167928411	10026.5234375	
11.786272	-9.50087034179594E-03	4.50752097324375E-05	0	1.31852471036	10026.5234375	
11.790368	-9.51107903727266E-03	4.67320015852594E-05	0	1.33824665766	10026.5234375	
11.794464	-9.51375526197422E-03	4.23775530550969E-05	0	1.21294553523	10084.9453125	
11.79856	-9.51135516295078E-03	3.75534136484719E-05	0	1.37848019309	10084.9453125	
11.802656	-9.51660849969328E-03	4.31073261234E-05	0	1.2759375112	10084.9453125	
11.806752	-9.53006624350516E-03	5.22056456308406E-05	0	1.25676869395	10084.9453125	
11.810848	-9.54010313760797E-03	5.34648931696687E-05	0	1.28552764186	10143.58203125	
11.814944	-9.54274891533906E-03	4.91529477220031E-05	0	1.16731421345	10143.58203125	
11.81904	-9.54011164081594E-03	4.42485934917469E-05	0	1.32357154523	10143.58203125	
11.823136	-9.54515578035594E-03	4.96800616179656E-05	0	1.21563870637	10143.58203125	
11.827232	-9.55818991811922E-03	5.84826102673312E-05	0	1.20993574482	10143.58203125	
11.831328	-9.56815458067047E-03	5.99433078450937E-05	0	1.23571923453	10201.96484375	
11.835424	-9.57089014496313E-03	5.58338809449094E-05	0	1.10826662694	10201.96484375	
11.83952	-9.56889966283969E-03	5.14205243005781E-05	0	1.27940506441	10201.96484375	
11.843616	-9.57396922057125E-03	5.65028598432375E-05	0	1.17246785964	10201.96484375	
11.847712	-9.58699019207703E-03	6.52793147686969E-05	0	1.14986582139	10201.96484375	
11.851808	-9.59739400417531E-03	6.71185432179281E-05	0	1.18839419039	10201.9609375	
11.855904	-9.60167751804766E-03	6.41343195194625E-05	0	1.06101024722	10201.9609375	
11.86	-9.59989888466469E-03	5.9076162077625E-05	0	1.2124992165	10260.5625	
11.864096	-9.60489877095031E-03	6.39043022014031E-05	0	1.11241319497	10260.5625	
11.868192	-9.61791279359797E-03	7.26249877114781E-05	0	1.10365848142	10260.5625	
11.872288	-9.62837740820484E-03	7.45224432659437E-05	0	1.12276244894	10260.5625	
11.876384	-9.63220202314391E-03	7.11312569936719E-05	0	1.00471686689	10318.98046875	
11.88048	-9.63116838049781E-03	6.69911394991781E-05	0	1.1611534891	10318.98046875	
11.884576	-9.63601685482219E-03	7.13058361460156E-05	0	1.0580424184	10318.98046875	
11.888672	-9.64881820583828E-03	7.98728773385812E-05	0	1.03779404388	10318.98046875	
11.892768	-9.65981257944484E-03	8.24135697498094E-05	0	1.0866144465	10318.98046875	
11.896864	-9.66403785091422E-03	7.91381533136906E-05	0	0.94079792125	10377.68359375	
11.90096	-9.66249291860188E-03	7.43356763854031E-05	0	1.09758930963	10377.68359375	
11.905056	-9.66715029932781E-03	7.87355352066937E-05	0	0.99878120925	10377.68359375	
11.909152	-9.67993839265406E-03	8.74543166321344E-05	0	0.98119930304	10377.68359375	
11.913248	-9.69082140166594E-03	8.99091148984875E-05	0	1.02075382365	10377.68359375	
11.917344	-9.69563129154125E-03	8.72028541432125E-05	0	0.87228990354	10436.0234375	
11.92144	-9.69498760784125E-03	8.29923917671406E-05	0	1.04237548657	10436.0234375	
11.925536	-9.70022942410844E-03	8.74447769782125E-05	0	0.93504536873	10436.0234375	
11.929632	-9.71344249496844E-03	9.61962444286594E-05	0	0.91062372335	10436.0234375	
11.933728	-9.72461753888625E-03	9.86877784755844E-05	0	0.9603482075	10436.0234375	
11.937824	-9.72937348367875E-03	9.57023807398312E-05	0	0.81454312632	10495	
11.94192	-9.72798398635078E-03	9.0750611172375E-05	0	0.97072797899	10495	
11.946016	-9.73242375809859E-03	9.49306432904156E-05	0	0.86496951343	10495	
11.950112	-9.7454575301325E-03	1.04033690918128E-04	0	0.84968786529	10495	
11.954208	-9.75695341014453E-03	1.07063157600197E-04	0	0.88940260288	10553.1796875	
11.958304	-9.76139299902766E-03	1.03834994001441E-04	0	0.74371959178	10553.1796875	
11.9624	-9.76013882156844E-03	9.91336042316812E-05	0	0.90518397541	10553.1796875	
11.966496	-9.76442270117016E-03	1.03143337962328E-04	0	0.80268325511	10553.1796875	
11.970592	-9.77698596236313E-03	1.12011825247678E-04	0	0.77925724382	10553.1796875	
11.974688	-9.78766654016594E-03	1.14552285207216E-04	0	0.82380519364	10612.1796875	
11.978784	-9.79120360038391E-03	1.10981996469816E-04	0	0.6718050559	10612.1796875	
11.98288	-9.78883413119563E-03	1.05880237629272E-04	0	0.83088144359	10612.1796875	
11.986976	-9.79156091798328E-03	1.09345382241047E-04	0	0.72926573137	10612.1796875	
11.991072	-9.80286643585562E-03	1.18120449427509E-04	0	0.70365390271	10612.1796875	
11.995168	-9.81269358416187E-03	1.20832020994781E-04	0	0.75358056543	10670.3203125	
11.999264	-9.81513034755516E-03	1.16710713577631E-04	0	0.59559517908	10670.3203125	
12.00336	-9.81177935215672E-03	1.11513731274619E-04	0	0.75958870218	10670.3203125	
12.007456	-9.81350714915656E-03	1.14626974074834E-04	0	0.66122692053	10670.3203125	
12.011552	-9.82367515724031E-03	1.23160377560653E-04	0	0.63051866603	10729.6015625	
12.015648	-9.83191970310859E-03	1.25180894530519E-04	0	0.6777559723	10729.6015625	
12.019744	-9.83300710797281E-03	1.21019847249262E-04	0	0.52479071799	10729.6015625	
12.02384	-9.82818560618984E-03	1.15260494114391E-04	0	0.6874452849	10729.6015625	
12.027936	-9.82790143446547E-03	1.17611661234375E-04	0	0.58035549253	10729.6015625	
12.032032	-9.83611699628078E-03	1.25708273570447E-04	0	0.55789459781	10729.6015625	
12.036128	-9.84358628730641E-03	1.28236789070775E-04	0	0.59942512784	10787.78125	
12.040224	-9.84353389657344E-03	1.23618043689525E-04	0	0.44512854672	10787.78125	
12.04432	-9.83709888822031E-03	1.17294046167375E-04	0	0.6225192611	10787.78125	
12.048416	-9.83445365908328E-03	1.18557240096487E-04	0	0.51693627128	10787.78125	
12.052512	-9.83956207556094E-03	1.25170697184947E-04	0	0.48469832609	10787.78125	
12.056608	-9.84310818758094E-03	1.26136559440237E-04	0	0.53735630685	10847.05859375	
12.060704	-0.00983913837808	1.2039012960975E-04	0	0.38721392314	10847.05859375	
12.0648	-9.82876419006109E-03	1.1284748330625E-04	0	0.54754152915	10847.05859375	
12.068896	-9.82342435832141E-03	1.14338579170922E-04	0	0.44946203456	10847.05859375	
12.072992	-9.8281065172125E-03	1.22640555724706E-04	0	0.42303386224	10847.05859375	
12.077088	-9.83214636388875E-03	1.24533347101144E-04	0	0.47140413144	10905.19921875	
12.081184	-9.82803154269062E-03	1.18317244903791E-04	0	0.32103668102	10905.19921875	
12.08528	-9.81748655905359E-03	1.10667194140387E-04	0	0.49710369797	10905.19921875	
12.089376	-9.81180486178062E-03	1.11773768033812E-04	0	0.39483948845	10905.19921875	
12.093472	-9.81546060118078E-03	1.19395856805947E-04	0	0.36613776089	10964.2578125	
12.097568	-9.81743718558797E-03	1.19994881206922E-04	0	0.42351069849	10964.2578125	
12.101664	-9.81126385660266E-03	1.13241875459934E-04	0	0.26881357492	10964.2578125	
12.10576	-9.79858968797672E-03	1.04796800010787E-04	0	0.41509930704	10964.2578125	
12.109856	-9.79149627531625E-03	1.06118962150162E-04	0	0.34373027183	10964.2578125	
12.113952	-9.79412916108688E-03	1.13687631264178E-04	0	0.3123849641	11022.2578125	
12.118048	-9.79522625777953E-03	1.14208836031434E-04	0	0.36467673462	11022.2578125	
12.122144	-9.78819044749562E-03	1.07150347657237E-04	0	0.2138515214	11022.2578125	
12.12624	-9.77505427123672E-03	0.000098856747297	0	0.36799932961	11022.2578125	
12.130336	-9.76638913658719E-03	9.90612934866844E-05	0	0.29051153164	11022.2578125	
12.134432	-9.76658525896453E-03	1.05368170352878E-04	0	0.25926159116	11081.1171875	
12.138528	-9.76520298479172E-03	1.04927844350897E-04	0	0.31859527942	11081.1171875	
12.142624	-9.75620732221953E-03	9.76725405485156E-05	0	0.17175641725	11081.1171875	
12.14672	-9.74176796076516E-03	8.95100484706312E-05	0	0.31415116557	11081.1171875	
12.150816	-9.73195827603656E-03	8.95179229819875E-05	0	0.24263717214	11081.1171875	
12.154912	-9.73142467687844E-03	9.59109456754969E-05	0	0.21468312382	11139.17578125	
12.159008	-9.72980248423562E-03	9.57647813985844E-05	0	0.27009912545	11139.17578125	
12.163104	-9.71960009759062E-03	8.74008392817656E-05	0	0.12487769184	11139.17578125	
12.1672	-9.70408942336453E-03	7.89876032238563E-05	0	0.27220101964	11139.17578125	
12.171296	-0.009692989993995	7.84902128558625E-05	0	0.20455512187	11139.17578125	
12.175392	-9.69089546186437E-03	8.43311978802562E-05	0	0.17211118342	11197.93359375	
12.179488	-9.68793469970906E-03	8.39640278147344E-05	0	0.23061326926	11197.93359375	
12.183584	-9.67701027184547E-03	7.58741438373188E-05	0	0.08559782891	11197.93359375	
12.18768	-9.66098419349766E-03	6.73778802182062E-05	0	0.22927049838	11197.93359375	
12.191776	-9.64970125941422E-03	6.68919922425562E-05	0	0.15506333381	11255.95703125	
12.195872	-9.64779407215594E-03	7.29693291940594E-05	0	0.13173650446	11255.95703125	
12.199968	-9.64479929716875E-03	7.24510518277219E-05	0	0.19005929987	11255.95703125	
12.204064	-9.63305636696391E-03	6.36467087089969E-05	0	0.03837196671	11255.95703125	
12.20816	-9.61603815625406E-03	5.47760120508562E-05	0	0.19417916507	11255.95703125	
12.212256	-9.60350525059922E-03	5.38305704482219E-05	0	0.15289658989	11314.375	
12.216352	-9.59976987362766E-03	5.8961612192175E-05	0	0.09060651688	11314.375	
12.220448	-9.59478059349391E-03	5.76643973836219E-05	0	0.15465134729	11314.375	
12.224544	-9.58225628247937E-03	4.93684136123062E-05	0	0.01270673239	11314.375	
12.22864	-9.56428854687969E-03	4.02255316494281E-05	0	0.15908401707	11314.375	
12.232736	-9.55053904245891E-03	3.8799143893125E-05	0	0.11244561713	11314.375	
12.236832	-9.54604047971406E-03	4.39965620130094E-05	0	0.06028354607	11372.35546875	
12.240928	-9.54064752578266E-03	4.29617233843875E-05	0	0.12070823567	11372.35546875	
12.245024	-9.52638060572859E-03	3.34082199571312E-05	0	-0.02418131991	11372.35546875	
12.24912	-9.50717670484141E-03	2.41727599618312E-05	0	0.12525153146	11372.35546875	
12.253216	-9.49230998861234E-03	2.25196361341875E-05	0	0.08730681003	11372.3515625	
12.257312	-9.48636807488906E-03	2.71389161302875E-05	0	0.03192132592	11430.61328125	
12.261408	-9.48030035026078E-03	2.64389651475469E-05	0	0.09747295888	11430.61328125	
12.265504	-9.46712266371781E-03	1.85442350615156E-05	0	-0.04568854213	11430.61328125	
12.2696	-9.45009439545016E-03	1.08934249238719E-05	0	0.09920101345	11488.69140625	
12.273696	-9.43809289457719E-03	1.05943370018062E-05	0	0.05673588437	11488.69140625	
12.277792	-9.43597824733094E-03	1.68873097953656E-05	0	0.01073453766	11488.69140625	
12.281888	-9.43437991852984E-03	1.78580746899844E-05	0	0.07078920233	11488.69140625	
12.285984	-9.42525378200313E-03	1.09255734494156E-05	0	-0.07273087954	11488.69140625	
12.29008	-9.41201565868094E-03	4.17058116595312E-06	0	0.08514769549	11488.69140625	
12.294176	-9.40229649197266E-03	3.42737565915937E-06	0	0.04532233189	11488.69140625	
12.298272	-9.40106828129906E-03	8.82024069898125E-06	0	-0.01719662252	11547.1328125	
12.302368	-9.40074067921141E-03	1.0244683986075E-05	0	0.05970752788	11547.1328125	
12.306464	-9.39314667446891E-03	4.00664551258125E-06	0	-0.08137878177	11547.1328125	
12.31056	-9.38179132596922E-03	-1.94448122859375E-06	0	0.06554018889	11547.1328125	
12.314656	-9.37451120846281E-03	-1.68319519180312E-06	0	0.02744669455	11605.3515625	
12.318752	-9.37646200894906E-03	4.96018999172812E-06	0	-0.02756494994	11605.3515625	
12.322848	-9.37983028506047E-03	7.72313698839375E-06	0	0.04462424362	11605.3515625	
12.326944	-9.3755500627525E-03	2.27943377825625E-06	0	-0.09684353503	11605.3515625	
12.33104	-9.36696401708031E-03	-3.237694839225E-06	0	0.06065738569	11605.3515625	
12.335136	-9.36081894068922E-03	-3.84137524515937E-06	0	0.0260924796	11663.6328125	
12.339232	-9.36268406906937E-03	1.72572399542812E-06	0	-0.03033822957	11663.6328125	
12.343328	-9.36591126507438E-03	4.23981835633125E-06	0	0.07004915247	11663.6328125	
12.347424	-9.36209222750828E-03	-6.18115487653125E-07	0	0.01720043721	11663.6328125	
12.35152	-9.35404554123188E-03	-5.79746102945625E-06	0	0.1466366836	11663.6328125	
12.355616	-9.34957943696906E-03	-5.2565803203375E-06	0	0.05180730489	11663.6328125	
12.359712	-9.35489421624656E-03	2.1571853428125E-06	0	0.00144576751	11663.6328125	
12.363808	-9.36019912083094E-03	4.53576902191875E-06	0	0.02084346616	11663.6328125	
12.367904	-9.35513614622813E-03	-2.58655582690312E-06	0	-0.00973890357	11663.6328125	
12.372	-9.34863612947859E-03	-6.02465022534375E-06	0	0.00557326209	11663.6328125	
12.376096	-9.34974922683141E-03	-1.65489377779687E-06	0	-0.00884626611	11663.6328125	
12.380192	-9.36003966282344E-03	6.85156886957812E-06	0	-0.00219726144	11663.6328125	
12.384288	-9.36548848191687E-03	6.43860774407812E-06	0	-0.01584240757	11663.6328125	
12.388384	-9.35984006601703E-03	-1.62680846934375E-06	0	-0.00839613269	11663.6328125	
12.39248	-9.35296590811687E-03	-5.19312918186562E-06	0	-0.00858686719	11663.6328125	
12.396576	-9.35235962024547E-03	-2.14536323925E-06	0	-0.00151061724	11663.6328125	
12.400672	-9.35845203160656E-03	3.71258330664375E-06	0	-0.00352477356	11663.6328125	
12.404768	-9.3617371957175E-03	3.73169506637812E-06	0	-0.01456830111	11663.6328125	
12.408864	-9.35939735060859E-03	-1.29307322615625E-07	0	0.0022506671	11663.6328125	
12.41296	-9.35593243050984E-03	-2.21220860509687E-06	0	-0.00094604312	11663.6328125	
12.417056	-9.35832558067516E-03	1.31892127723125E-06	0	0.01592633075	11663.6328125	
12.421152	-9.36496155731984E-03	5.75687573350312E-06	0	0.00468062463	11663.6328125	
12.425248	-9.36674275080844E-03	4.04830292284687E-06	0	0.00196456535	11663.6328125	
12.429344	-9.36327874503312E-03	-6.485137745625E-08	0	0.00757597434	11663.6328125	
12.43344	-9.35901461481766E-03	-2.14967044648125E-06	0	-0.00843809428	11663.6328125	
12.437536	-9.36065747117016E-03	1.19727308157187E-06	0	0.0036239555	11663.6328125	
12.441632	-9.36526876999484E-03	4.45090756831875E-06	0	-0.01393887726	11663.6328125	
12.445728	-9.36556336500641E-03	2.63441539442812E-06	0	-0.01433560502	11663.6328125	
12.449824	-0.009361972725435	-6.3870272668125E-07	0	-0.00391387194	11663.6328125	
12.45392	-9.3592297551225E-03	-1.32086574644062E-06	0	-0.01134107337	11663.6328125	
12.458016	-9.36083393559359E-03	1.33169506253437E-06	0	0.0078582614	11663.6328125	
12.462112	-9.36317752942859E-03	2.73551865870937E-06	0	-0.00745390426	11663.6328125	
12.466208	-9.36256008681125E-03	1.22490694816875E-06	0	-0.00222396427	11663.6328125	
12.470304	-9.35972102110547E-03	-8.79758735625E-09	0	0.00745390426	11663.6328125	
12.4744	-9.35809023382234E-03	0	0	0.00123214487	11663.6328125	
12.478496	-9.35980395024125E-03	0	0	0.01709362589	11663.6328125	
12.482592	-9.36268050320797E-03	0	0	0.00049209501	11663.6328125	
12.486688	-9.36403717632453E-03	0	0	0.00569914686	11663.6328125	
12.490784	-9.36397884248922E-03	0	0	0.00157928166	11663.6328125	
12.49488	-9.36539412373812E-03	0	0	-0.00821684226	11663.6328125	
12.498976	-9.37003221223953E-03	0	0	-0.00029373113	11663.6328125	
12.503072	-9.37600612728312E-03	0	0	-0.01606365959	11663.6328125	
12.507168	-9.38113831617016E-03	0	0	-0.00668715157	11663.6328125	
12.511264	-9.38593723416422E-03	0	0	-0.00350188542	11663.6328125	
12.51536	-9.39196710580219E-03	0	0	-0.00113677762	11663.6328125	
12.519456	-0.009400213388885	0	0	0.00917432945	11663.6328125	
12.523552	-9.40912283075703E-03	0	0	-0.00096130188	11663.6328125	
12.527648	-9.41725308619563E-03	0	0	0.0070953234	11663.6328125	
12.531744	-9.42546288777328E-03	0	0	0.00717543189	11663.6328125	
12.53584	-9.43581778356766E-03	0	0	0.00471114215	11663.6328125	
12.539936	-9.44847147134859E-03	0	0	0.00540160104	11663.6328125	
12.544032	-9.46195618770188E-03	0	0	-0.00245284567	11663.6328125	
12.548128	-9.47490803635578E-03	0	0	-0.00127029177	11663.6328125	
12.552224	-9.48834465929625E-03	0	0	-0.00064468261	11663.6328125	
12.55632	-9.50379955979266E-03	0	0	-0.00379180186	11663.6328125	
12.560416	-9.52096863386969E-03	0	0	-0.0047683625	11663.6328125	
12.564512	-9.53851093477391E-03	0	0	-0.00721739348	11663.6328125	
12.568608	-9.55594305970391E-03	0	0	-0.00566481465	11663.6328125	
12.572704	-9.57463676811297E-03	0	0	0.00094222843	11663.6328125	
12.5768	-9.59589442230547E-03	0	0	0.00161361387	11663.6328125	
12.580896	-9.61893482433641E-03	0	0	0.00718687596	11663.6328125	
12.584992	-9.64237771154453E-03	0	0	0.00522993999	11663.6328125	
12.589088	-9.66567412413797E-03	0	0	0.00695799456	11729.8046875	
12.593184	-9.69042056227094E-03	0	0	0.00756453027	11729.8046875	
12.59728	-9.71741477314266E-03	0	0	-0.00052261253	11729.8046875	
12.601376	-9.74636618476469E-03	0	0	0.01932903423	11729.8046875	
12.605472	-9.7763601994025E-03	0	0	0.05039968428	11729.8046875	
12.609568	-9.80710176488281E-03	0	0	0.03925697479	11729.8046875	
12.613664	-9.84002728332594E-03	0	0	0.04410544578	11729.8046875	
12.61776	-9.87551848476703E-03	0	0	0.05765903935	11727.42578125	
12.621856	-9.91230692830125E-03	0	0	0.05800617614	11727.42578125	
12.625952	-9.94968684766719E-03	6.38849601534375E-07	0	0.01235196622	11727.42578125	
12.630048	-9.9895336116675E-03	3.61118124458437E-06	0	0.03538506444	11727.42578125	
12.634144	-1.00323149881728E-02	3.608840621925E-06	0	0.09672527964	11727.42578125	
12.63824	-1.00765499560791E-02	3.79669572253125E-06	0	-0.0733564887	11689.60546875	
12.642336	-1.01222850544492E-02	4.10019229403437E-06	0	0.08346160251	11689.60546875	
12.646432	-1.01705014437641E-02	4.54006228685625E-06	0	-0.0238036656	11689.60546875	
12.650528	-1.02196350823514E-02	5.05111009311563E-06	0	0.04732885883	11689.60546875	
12.654624	-1.02723160215792E-02	5.66642750664375E-06	0	0.10124950198	11628.90234375	
12.65872	-1.03313497714831E-02	6.52563458012812E-06	0	-0.07728180471	11628.90234375	
12.662816	-1.03956713281231E-02	7.59402654058125E-06	0	0.12112785157	11628.90234375	
12.666912	-1.04623906065456E-02	8.73083886530625E-06	0	-0.03119653482	11628.90234375	
12.671008	-1.05337935982091E-02	9.9102102820875E-06	0	0.11446358814	11628.90234375	
12.675104	-0.010613867576192	1.13865566422781E-05	0	0.1111219197	11568.8046875	
12.6792	-1.07018883048997E-02	1.30770724998375E-05	0	-0.03600304422	11568.8046875	
12.683296	-1.08018390343875E-02	1.51677485341594E-05	0	0.17199292803	11568.8046875	
12.687392	-1.09028730542841E-02	1.72517774597437E-05	0	0.00463866304	11568.8046875	
12.691488	-1.10126127133584E-02	1.93778395163719E-05	0	0.18139232419	11508.36328125	
12.695584	-1.11315376656859E-02	2.18382259982906E-05	0	0.11748100793	11508.36328125	
12.69968	-1.12593815688492E-02	2.44856125335937E-05	0	0.03338235219	11508.36328125	
12.703776	-1.13975049361233E-02	2.74993850005875E-05	0	0.18344081272	11508.36328125	
12.707872	-1.15354578735086E-02	3.03571626716531E-05	0	0.03483956377	11508.36328125	
12.711968	-1.16809450188836E-02	3.32543371783219E-05	0	0.24365569437	11448.625	
12.716064	-1.18322406781923E-02	3.63478679790187E-05	0	0.1283261716	11448.625	
12.72016	-0.01199269337816	3.96514952042344E-05	0	0.08465560048	11448.625	
12.724256	-0.012158568016112	4.31996399733937E-05	0	0.23903991947	11448.625	
12.728352	-0.012322095860097	4.65086275297875E-05	0	0.08534224468	11448.625	
12.732448	-1.24879630005969E-02	4.97602987973437E-05	0	0.30116596081	11388.78125	
12.736544	-1.26571899140002E-02	5.31719552414531E-05	0	0.15697830819	11388.78125	
12.74064	-1.28318936247941E-02	5.68607325622875E-05	0	0.1889797426	11388.78125	
12.744736	-1.30031535363606E-02	6.04289720228906E-05	0	0.28021186864	11388.78125	
12.748832	-1.31677358695661E-02	6.35897032371562E-05	0	0.16876570029	11388.78125	
12.752928	-1.33284675296145E-02	6.65898499966219E-05	0	0.37283254184	11329.5625	
12.757024	-1.34888527525125E-02	6.97224834024469E-05	0	0.18920480931	11329.5625	
12.76112	-1.36493692722561E-02	7.30509423336E-05	0	0.25074338839	11329.5625	
12.765216	-1.38016124449431E-02	7.6225602620475E-05	0	0.30654085902	11329.5625	
12.769312	-1.39402539593092E-02	7.872720204195E-05	0	0.22095828887	11329.5625	
12.773408	-1.40718238219127E-02	8.10625924950188E-05	0	0.41768185217	11269.9609375	
12.777504	-0.014196253549928	8.32868462803781E-05	0	0.22287326325	11269.9609375	
12.7816	-1.43164277423681E-02	8.5692012384825E-05	0	0.34064418762	11269.9609375	
12.785696	-1.44211604748664E-02	8.76996721560094E-05	0	0.34997491936	11269.9609375	
12.789792	-1.45093414844727E-02	8.8840290005775E-05	0	0.31114900454	11269.9609375	
12.793888	-1.45876767850069E-02	8.98187337388687E-05	0	0.48861982741	11269.9609375	
12.797984	-1.46581446066584E-02	9.08962331421375E-05	0	0.28617422911	11210.98046875	
12.80208	-1.47222004609075E-02	9.22432601604937E-05	0	0.42666926181	11210.98046875	
12.806176	-1.47703789057997E-02	9.30141500146031E-05	0	0.40838545264	11210.98046875	
12.810272	-1.48024954308653E-02	9.30594192001031E-05	0	0.39525528966	11210.98046875	
12.814368	-1.48237317813217E-02	9.28644451162312E-05	0	0.54442874211	11210.98046875	
12.818464	-1.48384885044412E-02	9.2868755208075E-05	0	0.33900387092	11151.7421875	
12.82256	-1.48464454955884E-02	9.31826231634375E-05	0	0.50584696745	11151.7421875	
12.826656	-0.014838864017077	9.27979218654469E-05	0	0.45019445504	11151.7421875	
12.830752	-1.48174842092733E-02	9.16801621659E-05	0	0.43831932507	11151.7421875	
12.834848	-1.47884332278289E-02	9.06022942533844E-05	0	0.60542563521	11092.90234375	
12.838944	-1.47565461979461E-02	8.99874511182281E-05	0	0.41195218779	11092.90234375	
12.84304	-0.014721192236453	8.97413590566281E-05	0	0.58473475665	11092.90234375	
12.847136	-1.46739186060345E-02	8.88999223980656E-05	0	0.53494542277	11092.90234375	
12.851232	-1.46165092431497E-02	8.73150985021219E-05	0	0.5258168696	11092.90234375	
12.855328	-1.45551846558731E-02	8.589467948985E-05	0	0.68071998643	11034.09765625	
12.859424	-1.44948387604041E-02	8.51450126914406E-05	0	0.4944219709	11034.09765625	
12.86352	-1.44363555246419E-02	8.50216921416844E-05	0	0.67399850265	11034.09765625	
12.867616	-1.43682863390963E-02	8.41512182525437E-05	0	0.60601309747	11034.09765625	
12.871712	-1.42948539151309E-02	8.26586555624156E-05	0	0.61580922139	11034.09765625	
12.875808	-1.42230565757689E-02	8.16846680748656E-05	0	0.75364160047	10975.640625	
12.879904	-1.41551874441914E-02	8.13970933624406E-05	0	0.57133375068	10975.640625	
12.884	-1.40919503665806E-02	8.18421467635406E-05	0	0.74526072654	10975.640625	
12.888096	-0.014021525609563	8.12916117371531E-05	0	0.68270362523	10975.640625	
12.892192	-1.39474634910462E-02	8.00296062683906E-05	0	0.69734822014	10916.8984375	
12.896288	-1.38767366415648E-02	7.93848319131656E-05	0	0.83667214301	10916.8984375	
12.900384	-1.38099925849772E-02	7.91804818771312E-05	0	0.67210641641	10916.8984375	
12.90448	-1.37478221570886E-02	7.96132667808844E-05	0	0.84620505332	10916.8984375	
12.908576	-1.36771026221947E-02	7.87598868650344E-05	0	0.78138965553	10916.8984375	
12.912672	-0.013602388042473	7.69734453822469E-05	0	0.81397092282	10916.8984375	
12.916768	-1.35307369948609E-02	7.58847979132031E-05	0	0.9503537197	10858.37890625	
12.920864	-1.34630796205916E-02	7.53189696328781E-05	0	0.76891180454	10858.37890625	
12.92496	-1.33975403679975E-02	7.50684203641969E-05	0	0.94753466379	10858.37890625	
12.929056	-0.013324451821077	7.35923187153E-05	0	0.87889313193	10858.37890625	
12.933152	-1.32464296763202E-02	7.12055586020625E-05	0	0.91158502523	10799.69921875	
12.937248	-1.31700401474933E-02	6.92323528829625E-05	0	1.03871719886	10799.69921875	
12.941344	-0.013100241884895	6.84169003330313E-05	0	0.86686159967	10799.69921875	
12.94544	-0.013031572811742	6.77650706964E-05	0	1.03930847581	10799.69921875	
12.949536	-1.29566820418939E-02	6.57931916586656E-05	0	0.96990019126	10799.69921875	
12.953632	-1.28794806852869E-02	6.34158714398344E-05	0	1.01420781561	10741.05859375	
12.957728	-1.28050861187683E-02	6.14561553707062E-05	0	1.13769696029	10741.05859375	
12.961824	-1.27396549392045E-02	6.09321361831875E-05	0	0.96352202958	10741.05859375	
12.96592	-1.26757465653259E-02	6.05240827450875E-05	0	1.1393334623	10741.05859375	
12.970016	-1.26070735605822E-02	5.87835551586937E-05	0	1.07040964338	10741.05859375	
12.974112	-0.012536065099482	5.64320027025562E-05	0	1.10047702996	10682.45703125	
12.978208	-1.24690301051766E-02	5.46853229588531E-05	0	1.22923426153	10682.45703125	
12.982304	-1.24103647361856E-02	5.43048464162531E-05	0	1.05693997299	10682.45703125	
12.9864	-1.23532332361934E-02	5.38593122464031E-05	0	1.21932369691	10682.45703125	
12.990496	-1.22911817617841E-02	5.20625123605125E-05	0	1.14678355187	10682.45703125	
12.994592	-1.22278458458097E-02	4.98384314115187E-05	0	1.19138490735	10623.87890625	
12.998688	-1.21689032539525E-02	4.83149105792719E-05	0	1.3087056983	10623.87890625	
13.002784	-1.21173728079061E-02	4.79472823411312E-05	0	1.13391278781	10623.87890625	
13.00688	-1.20667825606505E-02	4.74272674765312E-05	0	1.30723322796	10623.87890625	
13.010976	-1.20107894847703E-02	4.54913417682281E-05	0	1.23974754717	10565.37890625	
13.015072	-1.19521049149872E-02	4.28918489350312E-05	0	1.27235933198	10565.37890625	
13.019168	-1.18980943666166E-02	4.11553581234469E-05	0	1.3899204484	10565.37890625	
13.023264	-1.18508542004359E-02	4.06524884340094E-05	0	1.23009638147	10565.37890625	
13.02736	-1.18050846320722E-02	4.01254750187156E-05	0	1.38437770383	10565.37890625	
13.031456	-1.17536208402044E-02	3.80998594962562E-05	0	1.31609475283	10565.37890625	
13.035552	-0.011700505140182	3.55592954502844E-05	0	1.3520405767	10506.7578125	
13.039648	-1.16519928758028E-02	3.39728559309562E-05	0	1.46909815404	10506.7578125	
13.043744	-1.16086960037434E-02	3.33066940971187E-05	0	1.29863110201	10506.7578125	
13.04784	-1.15675132303362E-02	3.27652802154562E-05	0	1.45330915213	10506.7578125	
13.051936	-1.15197155097234E-02	3.0595382866125E-05	0	1.391217443	10506.7578125	
13.056032	-1.14697854039897E-02	2.77747787155781E-05	0	1.41851917933	10447.875	
13.060128	-1.14254929251392E-02	2.63178275283E-05	0	1.53329938674	10447.875	
13.064224	-1.13858709018398E-02	2.56256573070094E-05	0	1.3707325577	10447.875	
13.06832	-1.13504394057192E-02	2.54728853443969E-05	0	1.52735228503	10447.875	
13.072416	-1.13072080906503E-02	2.33972580931031E-05	0	1.46126278078	10447.875	
13.076512	-1.12625485109397E-02	2.07000716076E-05	0	1.49400045036	10389.17578125	
13.080608	-1.12246339866598E-02	1.97320949313469E-05	0	1.60908964766	10389.17578125	
13.084704	-1.11901841081817E-02	1.91588767545656E-05	0	1.44513808615	10389.17578125	
13.0888	-1.11592025327991E-02	1.89932810067E-05	0	1.59372026165	10389.17578125	
13.092896	-1.11197793748473E-02	1.67691125577937E-05	0	1.52529998181	10389.17578125	
13.096992	-0.011077910858862	1.38340087621312E-05	0	1.5500992815	10330.43359375	
13.101088	-1.10422996067536E-02	1.26186563717156E-05	0	1.66532580764	10330.43359375	
13.105184	-0.011009548175493	1.18779912469969E-05	0	1.49712086678	10330.43359375	
13.10928	-1.09802794022058E-02	1.15809357748219E-05	0	1.65205068644	10330.43359375	
13.113376	-1.09425970246467E-02	9.35231805151875E-06	0	1.57883534127	10271.734375	
13.117472	-1.09027169792733E-02	6.43690558231875E-06	0	1.61302640774	10271.734375	
13.121568	-1.08702612402123E-02	5.55672304904062E-06	0	1.7278256886	10271.734375	
13.125664	-1.08396408225875E-02	4.82844204655312E-06	0	1.561352617	10271.734375	
13.12976	-1.08125882778805E-02	4.53885363421875E-06	0	1.68761504131	10271.734375	
13.133856	-1.07775532324023E-02	2.45267999924062E-06	0	1.65060873362	10213.015625	
13.137952	-1.07403529775919E-02	-2.706372293625E-07	0	1.67129961218	10213.015625	
13.142048	-1.07095991601775E-02	-1.21978075137187E-06	0	1.78101009658	10213.015625	
13.146144	-1.06813904534837E-02	-1.82439096406875E-06	0	1.61491467929	10213.015625	
13.15024	-1.06568095993253E-02	-1.953473046525E-06	0	1.7452588219	10213.015625	
13.154336	-1.06249443303403E-02	-3.7361126100375E-06	0	1.6852918951	10154.39453125	
13.158432	-1.05908962055806E-02	-6.18491665161562E-06	0	1.7247739366	10154.39453125	
13.162528	-1.05633139933062E-02	-6.91908010014375E-06	0	1.8327678105	10154.39453125	
13.166624	-0.010537251112288	-7.50258432433125E-06	0	1.66599337839	10154.39453125	
13.17072	-1.05136964947558E-02	-7.81053281445937E-06	0	1.7939342663	10154.39453125	
13.174816	-1.04827186680992E-02	-9.68262661544062E-06	0	1.74730349574	10154.39453125	
13.178912	-1.04487136079734E-02	-1.22779862796937E-05	0	1.76491591947	10095.89453125	
13.183008	-1.04204870719727E-02	-1.32868893573281E-05	0	1.8843805662	10095.89453125	
13.187104	-1.03949216743367E-02	-1.38082708071E-05	0	1.71347101013	10095.89453125	
13.1912	-1.03720413703397E-02	-1.40269739537812E-05	0	1.84305221474	10095.89453125	
13.195296	-1.03422603930628E-02	-1.57831789283437E-05	0	1.79623452437	10037.2734375	
13.199392	-1.03102456321958E-02	-1.81295335531406E-05	0	1.82134662864	10037.2734375	
13.203488	-1.02830718482009E-02	-1.91257176531094E-05	0	1.93651974912	10037.2734375	
13.207584	-1.02587108888292E-02	-1.96277383049344E-05	0	1.7613568137	10037.2734375	
13.21168	-1.02351547169472E-02	-2.01526360973438E-05	0	1.87887215384	10037.2734375	
13.215776	-1.02052198590358E-02	-2.20850226264938E-05	0	1.84210998631	10037.2734375	
13.219872	-1.01726369375847E-02	-2.45660521166156E-05	0	1.85190992492	9979.09375	
13.223968	-1.01440670731331E-02	-2.59080502938469E-05	0	1.97386174953	9979.09375	
13.228064	-1.01200346301725E-02	-2.63223772833656E-05	0	1.80386008968	9979.09375	
13.23216	-1.00969368086297E-02	-2.67361756676437E-05	0	1.92687239811	9920.59375	
13.236256	-1.00681731076094E-02	-2.85670262406375E-05	0	1.90881747034	9920.59375	
13.240352	-1.00381834817241E-02	-3.06232164921375E-05	0	1.89834614629	9920.59375	
13.244448	-1.00107825797873E-02	-3.19987331454656E-05	0	2.02900690817	9920.59375	
13.248544	-9.98945241974625E-03	-3.21549902007469E-05	0	1.85300474095	9920.59375	
13.25264	-9.96789751900422E-03	-3.25808364095156E-05	0	1.96779257774	9920.59375	
13.256736	-9.94191930433625E-03	-3.42990856528031E-05	0	1.95909508454	9862.69140625	
13.260832	-9.91470282143687E-03	-3.62220712298156E-05	0	1.94246303614	9862.69140625	
13.264928	-9.88972853390328E-03	-3.75878799601594E-05	0	2.06066120579	9862.69140625	
13.269024	-9.87210010373125E-03	-3.74237880569437E-05	0	1.88763449677	9862.69140625	
13.27312	-9.85497189991187E-03	-3.74384642441906E-05	0	2.00988005251	9862.69140625	
13.277216	-9.83265865931078E-03	-3.90532119082875E-05	0	1.985546145	9804.05078125	
13.281312	-9.80903546752078E-03	-4.091455523925E-05	0	1.98607638691	9804.05078125	
13.285408	-9.78709490515281E-03	-4.23449574146156E-05	0	2.10580806194	9804.05078125	
13.289504	-9.77228441981516E-03	-4.21562763532969E-05	0	1.93255247152	9804.05078125	
13.2936	-9.75641533080156E-03	-4.24476779849719E-05	0	2.04701987435	9804.05078125	
13.297696	-9.73555732738359E-03	-4.42486127224969E-05	0	2.03865807387	9746.25390625	
13.301792	-9.71283712142047E-03	-4.63003892764875E-05	0	2.01916119328	9746.25390625	
13.305888	-9.69188430266203E-03	-4.78214149189219E-05	0	2.14960833252	9746.25390625	
13.309984	-9.67876257271344E-03	-4.75506421127719E-05	0	1.97164541464	9746.25390625	
13.31408	-9.6657753397425E-03	-4.75300765083375E-05	0	2.0922048774	9687.7734375	
13.318176	-9.64747680192313E-03	-4.92450687837281E-05	0	2.07209383172	9687.7734375	
13.322272	-9.62838783149203E-03	-5.10053396196094E-05	0	2.03807061161	9687.7734375	
13.326368	-9.61005345219391E-03	-5.24790631458844E-05	0	2.18778575004	9687.7734375	
13.330464	-9.59930576305078E-03	-5.22057569288062E-05	0	2.01412580248	9687.7734375	
13.33456	-9.58780275131594E-03	-5.23712464267781E-05	0	2.12327552745	9629.93359375	
13.338656	-0.00957157076733	-5.40767526539625E-05	0	2.11576058815	9629.93359375	
13.342752	-9.55382027497906E-03	-5.59401156944437E-05	0	2.07450853049	9629.93359375	
13.346848	-9.53731993706422E-03	-5.74781194449E-05	0	2.2220187781	9629.93359375	
13.350944	-9.52922049432547E-03	-5.69346053249531E-05	0	2.05440511419	9571.3125	
13.35504	-9.52166013668547E-03	-5.65826035134937E-05	0	2.16606871987	9571.3125	
13.359136	-9.50867436663203E-03	-5.81498880039E-05	0	2.15627641064	9571.3125	
13.363232	-9.49412327485359E-03	-5.99993750967187E-05	0	2.11438729975	9571.3125	
13.367328	-9.48038309653187E-03	-6.15114207000562E-05	0	2.27135797856	9571.3125	
13.371424	-9.47450271677594E-03	-6.09742498429969E-05	0	2.09304792389	9571.3125	
13.37552	-9.46855559140906E-03	-6.08007877568437E-05	0	2.20434913402	9571.3125	
13.379616	-9.45750772988141E-03	-6.24053421619031E-05	0	2.19844780859	9513.41015625	
13.383712	-9.44424629131156E-03	-6.43340539351125E-05	0	2.14926501042	9513.41015625	
13.387808	-9.43210316173813E-03	-6.58638314918719E-05	0	2.30316104909	9513.41015625	
13.391904	-9.42851517370469E-03	-6.51201779086031E-05	0	2.13520024839	9454.671875	
13.396	-9.42499383984984E-03	-6.46985413110094E-05	0	2.24349929749	9454.671875	
13.400096	-9.41545351480594E-03	-6.64312580879062E-05	0	2.23451570254	9454.671875	
13.404192	-9.40390734700484E-03	-6.84557356307344E-05	0	2.19782601412	9454.671875	
13.408288	-9.39339930203469E-03	-6.99142466722219E-05	0	2.3488190737	9454.671875	
13.412384	-9.39043113385953E-03	-6.9317117221275E-05	0	2.17796292329	9454.671875	
13.41648	-9.38730131330063E-03	-6.91131623771531E-05	0	2.28122658159	9396.55078125	
13.420576	-9.37850021875594E-03	-7.08873699779438E-05	0	2.28024239157	9396.55078125	
13.424672	-9.36745372871344E-03	-7.30358168679562E-05	0	2.23261217223	9396.55078125	
13.428768	-9.35817883176344E-03	-7.44262282179281E-05	0	2.38979647368	9396.55078125	
13.432864	-9.35717719043766E-03	-7.34516462598187E-05	0	2.2109180302	9337.58984375	
13.43696	-9.35634058449234E-03	-7.29582412243781E-05	0	2.32433257859	9337.58984375	
13.441056	-9.34927012135016E-03	-7.47498223654875E-05	0	2.31240022827	9337.58984375	
13.445152	-9.34025480082406E-03	-7.67981200768031E-05	0	2.28029961192	9337.58984375	
13.449248	-9.33245818200781E-03	-7.82588606833687E-05	0	2.43201364791	9337.58984375	
13.453344	-9.33256753509094E-03	-7.73123311010531E-05	0	2.25377988704	9279.41015625	
13.45744	-0.00933244812445	-7.69410391646531E-05	0	2.36277320972	9279.41015625	
13.461536	-9.32675902115719E-03	-7.87029056720156E-05	0	2.3581650642	9279.41015625	
13.465632	-9.31871361493359E-03	-8.07954934832719E-05	0	2.31900345666	9279.41015625	
13.469728	-9.3128816028875E-03	-8.19925485362156E-05	0	2.46911913754	9279.41015625	
13.473824	-9.31525957528375E-03	-8.07246675925594E-05	0	2.29655019132	9220.30859375	
13.47792	-9.31803326686375E-03	-7.99338174218719E-05	0	2.40791243649	9220.30859375	
13.482016	-9.31424184186547E-03	-8.17902672481125E-05	0	2.39563676407	9220.30859375	
13.486112	-9.30859735755641E-03	-8.37510705757687E-05	0	2.35813836137	9220.30859375	
13.490208	-9.30413555061375E-03	-8.50409303436E-05	0	2.5178479876	9220.30859375	
13.494304	-9.30726793127828E-03	-8.39047547970844E-05	0	2.33618863511	9162.01171875	
13.4984	-9.30983096273828E-03	-8.34589773582469E-05	0	2.44448386952	9162.01171875	
13.502496	-9.30694791807516E-03	-8.52339597178781E-05	0	2.44320976306	9162.01171875	
13.506592	-9.30206863105094E-03	-8.71776099376875E-05	0	2.39675065355	9162.01171875	
13.510688	-9.29916748278375E-03	-8.824675406085E-05	0	2.55765046306	9102.9296875	
13.514784	-9.30413664780188E-03	-8.67331096610344E-05	0	2.37478185384	9102.9296875	
13.51888	-9.30875196964969E-03	-8.60097925958906E-05	0	2.49726773505	9102.9296875	
13.522976	-9.30647521285797E-03	-8.80937921945812E-05	0	2.48198608691	9102.9296875	
13.527072	-9.30226594204875E-03	-9.02030703737625E-05	0	2.44418250901	9102.9296875	
13.531168	-9.29963223338703E-03	-9.13990114855125E-05	0	2.60520820329	9102.9296875	
13.535264	-9.30449890274781E-03	-9.00186873850687E-05	0	2.44577323474	9044.5703125	
13.53936	-9.30868522403875E-03	-8.94838513814437E-05	0	2.52805609804	9044.5703125	
13.543456	-9.30711176483516E-03	-9.13640735396813E-05	0	2.53181738238	9044.5703125	
13.547552	-9.30337026189656E-03	-9.34284231580219E-05	0	2.48112396697	9044.5703125	
13.551648	-0.00930109487659	-9.46322844541594E-05	0	2.63997910264	9044.5703125	
13.555744	-9.30611195215625E-03	-9.32023709802281E-05	0	2.48293213003	8985.55078125	
13.55984	-9.31101144572844E-03	-9.25181259913969E-05	0	2.58070263473	8985.55078125	
13.563936	-9.30884084188781E-03	-9.47693679709219E-05	0	2.57220350541	8985.55078125	
13.568032	-9.30456290538844E-03	-9.71404369940812E-05	0	2.52823538847	8985.55078125	
13.572128	-9.30145740583297E-03	-9.84833798819062E-05	0	2.69109976333	8985.55078125	
13.576224	-9.30587194225391E-03	-9.70556490981E-05	0	2.53197759936	8927.08984375	
13.58032	-9.30954596812281E-03	-9.65920880232E-05	0	2.61802937638	8927.08984375	
13.584416	-9.30759205893687E-03	-9.86882111674594E-05	0	2.62611270449	8927.08984375	
13.588512	-9.30384763016328E-03	-1.0085176453275E-04	0	2.56488692999	8927.08984375	
13.592608	-9.30219727635859E-03	-1.01781034997709E-04	0	2.73321775562	8927.08984375	
13.596704	-9.30872426564953E-03	-9.97955504447344E-05	0	2.57591519878	8868.109375	
13.6008	-9.31533829853172E-03	-9.8706126293775E-05	0	2.66485469613	8868.109375	
13.604896	-9.31521422484125E-03	-1.00803785013422E-04	0	2.66038387945	8868.109375	
13.608992	-9.31359797530078E-03	-1.02782321256037E-04	0	2.61692693097	8868.109375	
13.613088	-9.31290235802953E-03	-1.03964650842937E-04	0	2.77752919466	8809.80859375	
13.617184	-9.31989821237922E-03	-0.000102131974791	0	2.62912630959	8809.80859375	
13.62128	-9.32653994926156E-03	-1.01291657362087E-04	0	2.7092691318	8809.80859375	
13.625376	-9.32737573231578E-03	-1.03220317693041E-04	0	2.7096887477	8809.80859375	
13.629472	-9.32635050144531E-03	-1.05178133523684E-04	0	2.65704984039	8809.80859375	
13.633568	-9.32654936679297E-03	-1.06148435918766E-04	0	2.8200858763	8751.0078125	
13.637664	-9.33412581652547E-03	-1.04259890451544E-04	0	2.67100397641	8751.0078125	
13.64176	-9.34088668975172E-03	-1.03518221722059E-04	0	2.72921233112	8751.0078125	
13.645856	-9.34081912124969E-03	-1.06010653604625E-04	0	2.75826882485	8751.0078125	
13.649952	-9.33920799192047E-03	-1.08100547908959E-04	0	2.70693454152	8751.0078125	
13.654048	-9.33798855875187E-03	-1.09485565754709E-04	0	2.87392259627	8751.0078125	
13.658144	-9.34449927308562E-03	-1.07550445574447E-04	0	2.71498735211	8692.6875	
13.66224	-9.35065522992562E-03	-1.06746538205278E-04	0	2.76456306335	8692.6875	
13.666336	-9.35113652978312E-03	-1.08809773642041E-04	0	2.80775298353	8692.6875	
13.670432	-9.34991599942641E-03	-1.10820900957834E-04	0	2.74975443677	8692.6875	
13.674528	-9.34913306426688E-03	-1.12113771299578E-04	0	2.91542260878	8692.6875	
13.678624	-9.35637688313281E-03	-1.10009012587031E-04	0	2.76647422304	8633.98828125	
13.68272	-9.36378198865312E-03	-1.08804558022256E-04	0	2.83014521383	8633.98828125	
13.686816	-9.36429702704547E-03	-1.11230993576587E-04	0	2.85410146703	8633.98828125	
13.690912	-9.36297848121625E-03	-1.13421346674694E-04	0	2.8016609236	8633.98828125	
13.695008	-9.36228076100109E-03	-1.14736763868891E-04	0	2.97609143854	8575.62890625	
13.699104	-9.3697949453075E-03	-1.12374382096659E-04	0	2.8155845421	8575.62890625	
13.7032	-9.37706500525609E-03	-1.11310866092869E-04	0	2.86748721424	8575.62890625	
13.707296	-9.37854154617531E-03	-1.13405448613669E-04	0	2.90365810482	8575.62890625	
13.711392	-9.37796149938656E-03	-1.15484433553912E-04	0	2.8483908761	8516.91015625	
13.715488	-9.37803903401406E-03	-1.16666265304772E-04	0	3.01300619367	8516.91015625	
13.719584	-9.38623822943984E-03	-1.14130458705966E-04	0	2.86116245822	8516.91015625	
13.72368	-9.39435806159125E-03	-1.12898659937766E-04	0	2.92315498541	8516.91015625	
13.727776	-9.39523032615062E-03	-1.15544972676066E-04	0	2.96896559762	8516.91015625	
13.731872	-9.39432578597391E-03	-1.17831448995356E-04	0	2.90751094172	8458.546875	
13.735968	-9.39392814671094E-03	-1.190968885953E-04	0	3.06965052548	8458.546875	
13.740064	-9.40156969627219E-03	-1.16603801905697E-04	0	2.91981331697	8458.546875	
13.74416	-9.40885383680172E-03	-1.15490410230628E-04	0	2.96483047366	8458.546875	
13.748256	-9.41002307361359E-03	-1.17889903744594E-04	0	3.0338611039	8458.546875	
13.752352	-9.40922907514047E-03	-1.20073957329769E-04	0	2.95103655462	8458.546875	
13.756448	-9.40854369829172E-03	-1.21551134458359E-04	0	3.11666657973	8400.12890625	
13.760544	-9.41600613189156E-03	-1.18953124315987E-04	0	2.96804244264	8400.12890625	
13.76464	-0.00942333626289	-1.17753295708125E-04	0	3.0261172832	8400.12890625	
13.768736	-9.42322983564188E-03	-1.20733890564066E-04	0	3.0734194392	8400.12890625	
13.772832	-9.42153888587656E-03	-1.23093304070034E-04	0	3.0008640354	8400.12890625	
13.776928	-9.41985616502219E-03	-1.24671271722834E-04	0	3.17305151262	8341.7265625	
13.781024	-9.42746982771859E-03	-1.21588707497709E-04	0	3.02150532299	8341.7265625	
13.78512	-9.43539847483922E-03	-1.20020746806056E-04	0	3.0612124312	8341.7265625	
13.789216	-9.43734333222312E-03	-1.22249224144884E-04	0	3.13295149134	8341.7265625	
13.793312	-9.43743220446125E-03	-1.24265959868531E-04	0	3.05393781737	8341.7265625	
13.797408	-9.43718268559516E-03	-1.25780150181262E-04	0	3.21465833645	8283.2890625	
13.801504	-9.44585358048234E-03	-1.22601502638759E-04	0	3.0769671009	8283.2890625	
13.8056	-9.45525657414594E-03	-1.20718224233578E-04	0	3.12018372391	8283.2890625	
13.809696	-9.45680278651109E-03	-1.23660430425984E-04	0	3.18005909815	8283.2890625	
13.813792	-9.45710588473062E-03	-1.25762967986906E-04	0	3.1086671748	8224.84765625	
13.817888	-9.45728728650063E-03	-1.27079711622084E-04	0	3.27339693307	8224.84765625	
13.821984	-9.46612522827984E-03	-1.23789360104747E-04	0	3.13592313485	8224.84765625	
13.82608	-9.47472434877719E-03	-1.22292319294097E-04	0	3.1618821003	8224.84765625	
13.830176	-9.47639262332125E-03	-1.25072033341303E-04	0	3.24244072372	8224.84765625	
13.834272	-9.47635184449594E-03	-1.27283505168291E-04	0	3.15915841164	8166.2265625	
13.838368	-9.47552785621406E-03	-1.29039550046859E-04	0	3.32386146708	8166.2265625	
13.842464	-9.48345668619937E-03	-1.25832649888378E-04	0	3.18315662643	8166.2265625	
13.84656	-9.49180217337516E-03	-1.24107148729266E-04	0	3.22783427571	8166.2265625	
13.850656	-9.49212694106016E-03	-1.27410772829484E-04	0	3.29160826313	8166.2265625	
13.854752	-9.49084487673609E-03	-1.29886460978794E-04	0	3.19495927729	8107.62890625	
13.858848	-9.4891719391425E-03	-1.31610087139781E-04	0	3.38655971192	8107.62890625	
13.862944	-9.49665092199656E-03	-1.28219610722569E-04	0	3.24761725805	8107.62890625	
13.86704	-9.50461550202828E-03	-1.2643327741275E-04	0	3.26976534819	8107.62890625	
13.871136	-9.50553339132719E-03	-1.29362414147072E-04	0	3.35447816902	8048.828125	
13.875232	-9.50410238371516E-03	-1.31964082218478E-04	0	3.24938345952	8048.828125	
13.879328	-0.009501728160045	-1.34073255349687E-04	0	3.43611253502	8048.828125	
13.883424	-9.50854718424187E-03	-1.30629232832175E-04	0	3.29566709329	8048.828125	
13.88752	-9.51665549591797E-03	-1.28472704940628E-04	0	3.34451038405	8048.828125	
13.891616	-9.51679557026859E-03	-1.31894582287978E-04	0	3.40239067542	8048.828125	
13.895712	-9.51540159275578E-03	-1.34348953150912E-04	0	3.31216181285	7990.3671875	
13.899808	-9.51385007731469E-03	-1.35990274586512E-04	0	3.4969644699	7990.3671875	
13.903904	-9.52211053241078E-03	-1.31857532805797E-04	0	3.36129502005	7990.3671875	
13.908	-9.53086609364828E-03	-1.29728614021256E-04	0	3.38597224966	7990.3671875	
13.912096	-9.53243424977594E-03	-1.32758928539016E-04	0	3.46475322754	7931.609375	
13.916192	-9.53205361692891E-03	-1.35140780724469E-04	0	3.37074019249	7931.609375	
13.920288	-9.53123127442922E-03	-1.36766622608241E-04	0	3.55260935293	7931.609375	
13.924384	-9.53924413073844E-03	-1.33038160471322E-04	0	3.41344183235	7931.609375	
13.92848	-9.54819517432687E-03	-1.30834912914956E-04	0	3.45583448232	7931.609375	
13.932576	-9.54880521092438E-03	-1.34455934293931E-04	0	3.51795289428	7931.609375	
13.936672	-9.54813839484141E-03	-1.36745002918322E-04	0	3.42823138548	7873.02734375	
13.940768	-9.54669083797516E-03	-1.38575750847187E-04	0	3.61410978511	7873.02734375	
13.944864	-9.55447794782766E-03	-1.34607004815937E-04	0	3.47927956706	7873.02734375	
13.94896	-9.56273309984781E-03	-1.32676369246575E-04	0	3.50119496111	7873.02734375	
13.953056	-9.56377460567547E-03	-1.35916804467675E-04	0	3.59272463297	7873.02734375	
13.957152	-9.56308794877391E-03	-1.38238236521241E-04	0	3.49042227655	7814.34765625	
13.961248	-9.56071683380344E-03	-1.40544894551119E-04	0	3.663628276	7814.34765625	
13.965344	-9.56794465200922E-03	-1.36501951478681E-04	0	3.53580182879	7814.34765625	
13.96944	-9.57677692498313E-03	-1.33881884867981E-04	0	3.57879338509	7814.34765625	
13.973536	-9.57729936939531E-03	-1.37586858326466E-04	0	3.64597389068	7755.8671875	
13.977632	-9.57650847962187E-03	-1.399375369854E-04	0	3.54731074852	7755.8671875	
13.981728	-9.57486955486016E-03	-1.41834235569469E-04	0	3.73926213463	7755.8671875	
13.985824	-9.58311583794297E-03	-1.37208836589103E-04	0	3.59989243548	7755.8671875	
13.98992	-9.59230076546672E-03	-1.3467283071165E-04	0	3.62788844539	7755.8671875	
13.994016	-9.59335168882578E-03	-1.38367950574219E-04	0	3.71936471159	7697.48828125	
13.998112	-9.59184908968859E-03	-1.41349381967784E-04	0	3.60933379323	7697.48828125	
14.002208	-9.58924811380594E-03	-1.436250179133E-04	0	3.79840890308	7697.48828125	
14.006304	-9.59636200731141E-03	-1.39284796772756E-04	0	3.66136616483	7697.48828125	
14.0104	-9.60520022338766E-03	-1.36486577695978E-04	0	3.70604381411	7697.48828125	
14.014496	-9.60547543474234E-03	-1.40438941532072E-04	0	3.7745594612	7638.94921875	
14.018592	-9.60407779993578E-03	-1.43025656493431E-04	0	3.67784562563	7638.94921875	
14.022688	-9.60212535366734E-03	-1.44811034275359E-04	0	3.86943461619	7638.94921875	
14.026784	-9.60965224706953E-03	-1.402557982056E-04	0	3.73875859555	7638.94921875	
14.03088	-9.61785153392766E-03	-1.38029569181831E-04	0	3.75783204555	7638.94921875	
14.034976	-9.61827257987062E-03	-1.41841305514322E-04	0	3.85445051387	7638.94921875	
14.039072	-9.61627560605078E-03	-1.44854331347447E-04	0	3.74575092232	7580.90625	
14.043168	-9.6139997635825E-03	-1.46636360575031E-04	0	3.92689910635	7580.90625	
14.047264	-9.62088297328469E-03	-1.42161703511231E-04	0	3.79757348597	7580.90625	
14.05136	-9.62929630325953E-03	-1.394653913037E-04	0	3.83336672224	7580.90625	
14.055456	-9.62891749905937E-03	-1.43837841498553E-04	0	3.91267031265	7522.328125	
14.059552	-9.62679626868438E-03	-1.46700289116872E-04	0	3.81522787129	7522.328125	
14.063648	-9.62429943424125E-03	-1.485692668152E-04	0	4.00220490164	7522.328125	
14.067744	-9.63108718857656E-03	-1.43936383467319E-04	0	3.90881366106	7522.328125	
14.07184	-9.63924761668859E-03	-1.41307917826556E-04	0	3.88687919356	7522.328125	
14.075936	-9.63892650629734E-03	-1.45560213814641E-04	0	3.99646379319	7464.46875	
14.080032	-9.63676376563828E-03	-1.48451858038378E-04	0	3.88539909384	7464.46875	
14.084128	-9.63407775767594E-03	-1.50421035876891E-04	0	4.0643233136	7464.46875	
14.088224	-9.64138923647625E-03	-1.45200408405216E-04	0	3.96986014513	7464.46875	
14.09232	-9.65086775325578E-03	-1.41906402324225E-04	0	3.97351843284	7405.7890625	
14.096416	-9.65107119022062E-03	-1.46458711714219E-04	0	4.05939473412	7405.7890625	
14.100512	-9.64982862466906E-03	-1.49042539178466E-04	0	3.9548035637	7405.7890625	
14.104608	-9.6476731985975E-03	-1.51039251845212E-04	0	4.14158985955	7405.7890625	
14.108704	-9.65533477184203E-03	-1.45708166070534E-04	0	4.05038443634	7405.7890625	
14.1128	-9.66395364172563E-03	-1.4312245303125E-04	0	4.02984996007	7348.02734375	
14.116896	-9.66404114247859E-03	-1.47594884616506E-04	0	4.13728307454	7348.02734375	
14.120992	-9.66249886170422E-03	-1.50368434727569E-04	0	4.02813716426	7348.02734375	
14.125088	-0.00965994268767	-1.52509828499634E-04	0	4.20846900463	7348.02734375	
14.129184	-9.66720589019281E-03	-1.47099209631412E-04	0	4.11741998371	7348.02734375	
14.13328	-9.67626528110859E-03	-1.4392705222665E-04	0	4.11947991631	7348.02734375	
14.137376	-9.67555814336203E-03	-1.49122721790591E-04	0	4.20028649458	7289.25	
14.141472	-9.67385823322703E-03	-1.51655277671494E-04	0	4.10466366035	7289.25	
14.145568	-9.67179076507016E-03	-1.53447032129737E-04	0	4.28921836255	7289.25	
14.149664	-9.67934481387844E-03	-1.47903502336734E-04	0	4.19288218129	7289.25	
14.15376	-9.68781245466547E-03	-1.45265822522494E-04	0	4.15639467144	7231.4296875	
14.157856	-9.68699596383578E-03	-1.50389050572337E-04	0	4.28934424732	7231.4296875	
14.161952	-9.6845036095775E-03	-1.53364091587678E-04	0	4.17645612615	7231.4296875	
14.166048	-9.68145223796953E-03	-1.55437001053228E-04	0	4.3585885002	7231.4296875	
14.170144	-9.68832347003469E-03	-1.49796223520934E-04	0	4.26405666731	7172.70703125	
14.17424	-9.69687422282219E-03	-1.46691729750431E-04	0	4.24421646462	7172.70703125	
14.178336	-9.69581433909344E-03	-1.52067335672897E-04	0	4.34998637425	7172.70703125	
14.182432	-9.69345593321875E-03	-1.54848989862394E-04	0	4.2532649093	7172.70703125	
14.186528	-9.69079781212125E-03	-1.56700887289341E-04	0	4.44200814112	7172.70703125	
14.190624	-9.69716616629578E-03	-1.51401616386694E-04	0	4.35068446252	7172.70703125	
14.19472	-9.70468473935469E-03	-1.48895437402491E-04	0	4.30358448509	7172.70703125	
14.198816	-9.70327823561078E-03	-1.54144860518447E-04	0	4.44191658856	7114.80859375	
14.202912	-9.70067506535188E-03	-1.569179661588E-04	0	4.33054289932	7114.80859375	
14.207008	-9.69802151587156E-03	-1.58554858512291E-04	0	4.51003550789	7114.80859375	
14.211104	-9.7052536313975E-03	-1.52485358331797E-04	0	4.42249981646	7114.80859375	
14.2152	-9.71448784095453E-03	-1.48940490001669E-04	0	4.39771577553	7055.84765625	
14.219296	-9.71407392673438E-03	-1.54303376225316E-04	0	4.50748729497	7055.84765625	
14.223392	-9.71251317662656E-03	-1.56926227208231E-04	0	4.41227263257	7055.84765625	
14.227488	-9.71056374762547E-03	-1.58602623608756E-04	0	4.59486658411	7055.84765625	
14.231584	-9.71740764141984E-03	-1.5315709684275E-04	0	4.51129817028	7055.84765625	
14.23568	-9.72496891338328E-03	-1.50828705180759E-04	0	4.46061619894	6997.84765625	
14.239776	-9.72384685566078E-03	-1.56005335340662E-04	0	4.5975406818	6997.84765625	
14.243872	-9.72138979428719E-03	-1.58809258257891E-04	0	4.48949340224	6997.84765625	
14.247968	-9.71885218101875E-03	-1.60433001586069E-04	0	4.66617839897	6997.84765625	
14.252064	-9.72556029778266E-03	-1.54580513448178E-04	0	4.58507046019	6997.84765625	
14.25616	-9.73440902857844E-03	-1.51182646653741E-04	0	4.55255404263	6938.76953125	
14.260256	-9.73390743074063E-03	-1.56622377512081E-04	0	4.68347420343	6938.76953125	
14.264352	-9.73221483519312E-03	-1.59204318680137E-04	0	4.57129179991	6938.76953125	
14.268448	-9.72975530514625E-03	-1.61153908317084E-04	0	4.75664377232	6938.76953125	
14.272544	-9.73589553562313E-03	-1.55715765197541E-04	0	4.67687860442	6880.58984375	
14.27664	-0.009744402766615	-1.52258674423866E-04	0	4.62582279346	6880.58984375	
14.280736	-9.7441438302175E-03	-1.57301517938709E-04	0	4.78125996689	6880.58984375	
14.284832	-9.74235303633281E-03	-1.60115399740209E-04	0	4.6574694617	6880.58984375	
14.288928	-9.73929636164891E-03	-1.62544800676191E-04	0	4.83525308915	6880.58984375	
14.293024	-9.74538895587469E-03	-1.56734474755753E-04	0	4.75458383972	6821.5078125	
14.29712	-9.75423704664406E-03	-1.528346317806E-04	0	4.71890504415	6821.5078125	
14.301216	-9.75360698636328E-03	-1.58376846430687E-04	0	4.85118323459	6821.5078125	
14.305312	-9.75098205520656E-03	-1.61655044354409E-04	0	4.7395615905	6821.5078125	
14.309408	-9.74763782580156E-03	-1.63982240344519E-04	0	4.92795387084	6821.5078125	
14.313504	-9.75261083097813E-03	-1.58738536213228E-04	0	4.85244208229	6821.5078125	
14.3176	-9.75989616012812E-03	-1.55545843011694E-04	0	4.79353563931	6763.25	
14.321696	-9.75828530509594E-03	-1.61111437926862E-04	0	4.9529172022	6763.25	
14.325792	-9.75521253831953E-03	-1.64095344317953E-04	0	4.82495342615	6763.25	
14.329888	-9.75187800074297E-03	-1.66026306569681E-04	0	5.01057624155	6763.25	
14.333984	-9.75811780104219E-03	-1.59609864428437E-04	0	4.9334241363	6704.03125	
14.33808	-0.009767312054665	-1.55421673905094E-04	0	4.89742490677	6704.03125	
14.342176	-9.76674563129547E-03	-1.61322945888431E-04	0	5.0305461437	6704.03125	
14.346272	-9.76410817390766E-03	-1.64633190414722E-04	0	4.9234677954	6704.03125	
14.350368	-9.76112866812187E-03	-1.66639979032931E-04	0	5.10358219844	6704.03125	
14.354464	-9.76650333558453E-03	-1.6099515823545E-04	0	5.02993197861	6645.75	
14.35856	-9.77452560942516E-03	-1.57334897232253E-04	0	4.97048003496	6645.75	
14.362656	-9.77361110312297E-03	-1.62842226099919E-04	0	5.13322233974	6645.75	
14.366752	-9.77078483794531E-03	-1.66143320154591E-04	0	5.00659370519	6645.75	
14.370848	-9.76757912854109E-03	-1.68150233291906E-04	0	5.18854678881	6586.609375	
14.374944	-9.77359921691828E-03	-1.61784945186047E-04	0	5.11727693554	6586.609375	
14.37904	-9.78296006027141E-03	-1.57211271875109E-04	0	5.07470880983	6586.609375	
14.383136	-9.78238485939687E-03	-1.63268021106816E-04	0	5.21478804132	6586.609375	
14.387232	-9.77940974236359E-03	-1.66942265269106E-04	0	5.09861165737	6586.609375	
14.391328	-9.77607465619297E-03	-1.69085187164644E-04	0	5.28844589053	6586.609375	
14.395424	-9.78127304209687E-03	-1.63278034558341E-04	0	5.22177273871	6586.609375	
14.39952	-9.78966634838844E-03	-1.59102390176297E-04	0	5.15763635574	6528.37109375	
14.403616	-9.78919190595672E-03	-1.64592606320691E-04	0	5.31924569759	6528.37109375	
14.407712	-9.78622821796641E-03	-1.68209823136162E-04	0	5.19711458255	6528.37109375	
14.411808	-9.7828262947525E-03	-1.70321187851719E-04	0	5.37104918779	6528.37109375	
14.415904	-9.78864358619125E-03	-1.63826400836897E-04	0	5.30797328864	6469.53125	
14.42	-9.79804118534656E-03	-1.59053596234706E-04	0	5.26300953761	6469.53125	
14.424096	-9.79720558515703E-03	-1.6559902286235E-04	0	5.40744133039	6469.53125	
14.428192	-9.79358285283297E-03	-1.69697397850509E-04	0	5.29002898688	6469.53125	
14.432288	-9.78980230828359E-03	-1.71845288731462E-04	0	5.47742181844	6469.53125	
14.436384	-9.79482614984328E-03	-1.65467172513431E-04	0	5.41114920907	6411.171875	
14.44048	-9.80310415994937E-03	-1.61183772229528E-04	0	5.34865695749	6411.171875	
14.444576	-9.80165212289828E-03	-1.67631129003319E-04	0	5.51870057893	6411.171875	
14.448672	-0.00979811231971	-1.71302122447706E-04	0	5.3941242476	6411.171875	
14.452768	-9.79454316673938E-03	-1.73297249298731E-04	0	5.57316290806	6352.55078125	
14.456864	-9.80081551695297E-03	-1.65935314593366E-04	0	5.50735187618	6352.55078125	
14.46096	-9.81064449390609E-03	-1.60874602827159E-04	0	5.45967969525	6352.55078125	
14.465056	-9.81021302467594E-03	-1.67401193415947E-04	0	5.61015395699	6352.55078125	
14.469152	-9.80691570006328E-03	-1.71493232593134E-04	0	5.4895677914	6352.55078125	
14.473248	-9.80366025146406E-03	-1.73472162585356E-04	0	5.66427677871	6294.01171875	
14.477344	-9.80934569746312E-03	-1.66748135655544E-04	0	5.62118985516	6294.01171875	
14.48144	-9.81826318538141E-03	-1.62159460436531E-04	0	5.55849161032	6294.01171875	
14.485536	-9.81735233637297E-03	-1.68732472373128E-04	0	5.72491509095	6294.01171875	
14.489632	-9.81348063377687E-03	-1.72929610243294E-04	0	5.59809953659	6294.01171875	
14.493728	-9.80978795570984E-03	-1.74853932117047E-04	0	5.7591519337	6235.58984375	
14.497824	-9.81550037425031E-03	-1.67709631809431E-04	0	5.72298104312	6235.58984375	
14.50192	-9.82437488896703E-03	-1.63131157782141E-04	0	5.67205111693	6235.58984375	
14.506016	-9.82269737975625E-03	-1.7053689484755E-04	0	5.82210194808	6235.58984375	
14.510112	-9.81764117114687E-03	-1.75452167336119E-04	0	5.71201380937	6235.58984375	
14.514208	-9.81371918076172E-03	-1.76928460811747E-04	0	5.87837625496	6177.2109375	
14.518304	-9.81855019150844E-03	-1.70130462080906E-04	0	5.83870347896	6177.2109375	
14.5224	-9.82681613254516E-03	-1.65443418450647E-04	0	5.77170989318	6177.2109375	
14.526496	-9.82486048614469E-03	-1.7272076189445E-04	0	5.94107831449	6177.2109375	
14.530592	-9.82037956984219E-03	-1.76947083148894E-04	0	5.82140385981	6177.2109375	
14.534688	-9.81701367097172E-03	-1.78218978751997E-04	0	5.9791832529	6118.8515625	
14.538784	-9.82275553072687E-03	-1.70948591070469E-04	0	5.94524014128	6118.8515625	
14.54288	-9.83196752222438E-03	-1.65950739337556E-04	0	5.89439795296	6118.8515625	
14.546976	-9.83036699904703E-03	-1.73610543216206E-04	0	6.04479210621	6118.8515625	
14.551072	-9.82576539205078E-03	-1.78154999248669E-04	0	5.93754209686	6118.8515625	
14.555168	-9.82255547675875E-03	-1.79144810037703E-04	0	6.10027295757	6060.4140625	
14.559264	-9.8276500869525E-03	-1.72511736141937E-04	0	6.06866443623	6060.4140625	
14.56336	-9.83628834049297E-03	-1.67737908223462E-04	0	5.99629213755	6060.4140625	
14.567456	-9.83541744741875E-03	-1.74400885935478E-04	0	6.17595640717	6060.4140625	
14.571552	-9.8324162721675E-03	-1.77856144980216E-04	0	6.0535697079	6060.4140625	
14.575648	-9.83004506576469E-03	-1.79024706792422E-04	0	6.21098289075	6002.01171875	
14.579744	-9.83617231284875E-03	-1.71812319774047E-04	0	6.19981347843	6002.01171875	
14.58384	-9.84553480198406E-03	-1.66949109012262E-04	0	6.12897468513	6002.01171875	
14.587936	-9.84460658083031E-03	-1.74333898021697E-04	0	6.28538460451	6002.01171875	
14.592032	-9.84051022896562E-03	-1.78949144848753E-04	0	6.17150084925	5943.4140625	
14.596128	-9.83751636830187E-03	-1.80117182382637E-04	0	6.33913358661	5943.4140625	
14.600224	-9.84275608162516E-03	-1.73205376554066E-04	0	6.33228621806	5943.4140625	
14.60432	-9.85140356983234E-03	-1.68382560223041E-04	0	6.24148896668	5943.4140625	
14.608416	-0.00985012781434	-1.75482247834884E-04	0	6.41700285358	5943.4140625	
14.612512	-9.84564022347641E-03	-1.80276609627056E-04	0	6.29571097034	5884.8515625	
14.616608	-9.84197323789797E-03	-1.81803240071578E-04	0	6.45387946181	5884.8515625	
14.620704	-9.84677435026828E-03	-1.74901033752637E-04	0	6.45288001303	5884.8515625	
14.6248	-9.85541022656781E-03	-1.69723237007362E-04	0	6.37499167261	5884.8515625	
14.628896	-9.85339688635844E-03	-1.77717321320962E-04	0	6.53080268566	5884.8515625	
14.632992	-9.84798692601109E-03	-1.82746619416659E-04	0	6.42652431982	5826.23046875	
14.637088	-9.84428163028062E-03	-1.83701094423722E-04	0	6.58714184227	5826.23046875	
14.641184	-9.84852372530125E-03	-1.77099229631362E-04	0	6.58431897167	5826.23046875	
14.64528	-9.8564724875375E-03	-1.723183199892E-04	0	6.49412444131	5826.23046875	
14.649376	-9.85497601436734E-03	-1.79412741740925E-04	0	6.67359034705	5826.23046875	
14.653472	-9.8505564491675E-03	-1.83894516826453E-04	0	6.55398837148	5767.61328125	
14.657568	-9.84753817606797E-03	-1.84708107359016E-04	0	6.71316394111	5767.61328125	
14.661664	-9.85260371077641E-03	-1.77621606753216E-04	0	6.71826799633	5767.61328125	
14.66576	-9.86089397281656E-03	-1.72961390980744E-04	0	6.6124217929	5767.61328125	
14.669856	-9.85928750653687E-03	-1.80572317985194E-04	0	6.80069963254	5767.61328125	
14.673952	-9.85468955683438E-03	-1.85269350067003E-04	0	6.69348014071	5708.93359375	
14.678048	-9.85146354944984E-03	-1.86270709402181E-04	0	6.85235053514	5708.93359375	
14.682144	-0.0098558507476	-1.79584190607937E-04	0	6.85569601827	5708.93359375	
14.68624	-9.86413022062359E-03	-1.74434764266984E-04	0	6.74064496787	5708.93359375	
14.690336	-9.86293510845844E-03	-1.81564162426041E-04	0	6.94175542467	5708.93359375	
14.694432	-9.85878554296969E-03	-1.86077148778434E-04	0	6.82592236282	5708.93359375	
14.698528	-9.85575574939484E-03	-1.87145562133097E-04	0	6.98515133811	5650.33203125	
14.702624	-9.86060138931656E-03	-1.80221957037478E-04	0	6.98358350052	5650.33203125	
14.70672	-0.009869371031135	-1.74858821775619E-04	0	6.90080472752	5650.33203125	
14.710816	-9.86842607786234E-03	-1.82183897142844E-04	0	7.07311046013	5591.734375	
14.714912	-9.86366080697078E-03	-1.87410876771628E-04	0	6.97141082473	5591.734375	
14.719008	-9.86008635092422E-03	-1.88687942561869E-04	0	7.13499236131	5591.734375	
14.723104	-9.86463392140531E-03	-1.81469969731772E-04	0	7.13784193474	5591.734375	
14.7272	-9.87274607323984E-03	-1.76654123586084E-04	0	7.0344028007	5591.734375	
14.731296	-9.87194146861484E-03	-1.83432518249991E-04	0	7.21999509858	5591.734375	
14.735392	-9.86806821166891E-03	-1.87933055335987E-04	0	7.11820009593	5533.15234375	
14.739488	-9.86498886176375E-03	-1.89184725959316E-04	0	7.26808308072	5533.15234375	
14.743584	-9.86926999839516E-03	-1.82502855237347E-04	0	7.27048252073	5533.15234375	
14.74768	-9.87772355860125E-03	-1.7707300369605E-04	0	7.18647541755	5533.15234375	
14.751776	-9.87607247333781E-03	-1.85094118992234E-04	0	7.36103563195	5533.15234375	
14.755872	-9.87077506620562E-03	-1.90545514261987E-04	0	7.25926351744	5474.65625	
14.759968	-9.86744052862906E-03	-1.91168673734981E-04	0	7.42387883501	5474.65625	
14.764064	-9.87188158042969E-03	-1.83980694144122E-04	0	7.43204990099	5474.65625	
14.76816	-9.88006139219859E-03	-1.78841941109803E-04	0	7.32446801361	5474.65625	
14.772256	-9.87911781041109E-03	-1.85895428287078E-04	0	7.52040956546	5474.65625	
14.776352	-9.87448145912422E-03	-1.91154227595581E-04	0	7.41534155879	5416.13671875	
14.780448	-9.87077716914953E-03	-1.92592753801284E-04	0	7.57239616078	5416.13671875	
14.784544	-9.8745834061875E-03	-1.85913466970962E-04	0	7.58160482244	5416.13671875	
14.78864	-9.88333494440188E-03	-1.79732391421275E-04	0	7.49200156903	5416.13671875	
14.792736	-9.88211276826297E-03	-1.87587918181125E-04	0	7.67205875172	5357.6171875	
14.796832	-9.87676479904469E-03	-1.93176209708212E-04	0	7.56441964399	5357.6171875	
14.800928	-9.87296624232359E-03	-1.94334571530619E-04	0	7.73585944197	5357.6171875	
14.805024	-9.87669677338094E-03	-1.87444344286237E-04	0	7.74147848034	5357.6171875	
14.80912	-9.88507261609484E-03	-1.81667565928406E-04	0	7.63869928767	5357.6171875	
14.813216	-9.88392422585734E-03	-1.89246968925919E-04	0	7.83519015488	5299.35546875	
14.817312	-9.87931932729672E-03	-1.94278294423434E-04	0	7.73460440896	5299.35546875	
14.821408	-9.87553293107734E-03	-1.95798554922403E-04	0	7.8898470332	5299.35546875	
14.825504	-9.87977694617719E-03	-1.88363155146272E-04	0	7.90089437544	5299.35546875	
14.8296	-9.88809290070594E-03	-1.82854318587806E-04	0	7.81762350743	5299.35546875	
14.833696	-9.8864301121025E-03	-1.91092210830675E-04	0	7.99172977372	5240.9765625	
14.837792	-9.88089132358281E-03	-1.96760009009025E-04	0	7.9002992838	5240.9765625	
14.841888	-9.87749845217094E-03	-1.97308624806562E-04	0	8.06966389042	5240.9765625	
14.845984	-9.88198183714672E-03	-1.8979041405555E-04	0	8.07064045106	5240.9765625	
14.85008	-9.89033198737203E-03	-1.84236258552019E-04	0	7.97463996252	5240.9765625	
14.854176	-9.88927914393375E-03	-1.91907094631175E-04	0	8.1670605555	5182.91796875	
14.858272	-9.88444420159625E-03	-1.97279648152847E-04	0	8.06729115324	5182.91796875	
14.862368	-9.88094097134547E-03	-1.98421385232262E-04	0	8.22896153013	5182.91796875	
14.866464	-9.88548296445359E-03	-1.90801122179456E-04	0	8.24415925509	5182.91796875	
14.87056	-9.89409973139328E-03	-1.8504421110945E-04	0	8.15418979144	5182.91796875	
14.874656	-9.89259393212406E-03	-1.93559584084453E-04	0	8.34420712972	5124.31640625	
14.878752	-9.88719402933453E-03	-1.99202693345184E-04	0	8.25274230759	5124.31640625	
14.882848	-9.88383078200203E-03	-1.99669944560625E-04	0	8.41538161574	5124.31640625	
14.886944	-9.88776968737078E-03	-1.92520291614131E-04	0	8.43016735418	5124.31640625	
14.89104	-9.8960765900975E-03	-1.86792543495731E-04	0	8.32598817028	5066.17578125	
14.895136	-9.89515824363688E-03	-1.94461868518706E-04	0	8.53063103002	5066.17578125	
14.899232	-0.00988993087368	-2.00370152514262E-04	0	8.44091333591	5066.17578125	
14.903328	-9.88588234093109E-03	-2.01832427253909E-04	0	8.59369167041	5066.17578125	
14.907424	-0.00988981384028	-1.94156169064791E-04	0	8.60843163257	5066.17578125	
14.91152	-0.00989879030206	-1.87477502906925E-04	0	8.52441308532	5066.17578125	
14.915616	-9.89770564016609E-03	-1.95926037246844E-04	0	8.70624409886	5066.17578125	
14.919712	-9.89166991685812E-03	-2.02606509412519E-04	0	8.62602116816	5007.515625	
14.923808	-9.88796425539828E-03	-2.03218992453881E-04	0	8.79039234557	5007.515625	
14.927904	-9.89235995675641E-03	-1.95160945463859E-04	0	8.81109848289	5007.515625	
14.932	-9.90137902600859E-03	-1.88731236508959E-04	0	8.70913563388	5007.515625	
14.936096	-9.90009010425875E-03	-1.97424014835403E-04	0	8.9128705974	4949.73828125	
14.940192	-9.89429119072109E-03	-2.03836822364897E-04	0	8.82286298685	4949.73828125	
14.944288	-9.89020434782016E-03	-2.04781969977441E-04	0	8.98514371414	4949.73828125	
14.948384	-9.8943854574675E-03	-1.96738220088506E-04	0	8.99852564666	4949.73828125	
14.95248	-9.90323802842172E-03	-1.90381427647228E-04	0	8.91936319978	4949.73828125	
14.956576	-9.90162662479547E-03	-1.99547243962172E-04	0	9.10994892687	4890.91796875	
14.960672	-9.8955119039425E-03	-2.05840799928225E-04	0	9.02073858653	4890.91796875	
14.964768	-9.89211775247781E-03	-2.05928242869628E-04	0	9.19558108799	4890.91796875	
14.968864	-9.89649151007344E-03	-1.97873341549537E-04	0	9.21267852857	4890.91796875	
14.97296	-0.00990493455556	-1.92094200453684E-04	0	9.10587865264	4890.91796875	
14.977056	-9.90337252539938E-03	-2.00955369717506E-04	0	9.32478463829	4833.09765625	
14.981152	-9.89771588058859E-03	-2.07102151791872E-04	0	9.23615413083	4833.09765625	
14.985248	-9.89373071045391E-03	-2.08000454499337E-04	0	9.36867264674	4833.09765625	
14.989344	-9.89783135963875E-03	-1.99906921967878E-04	0	9.42200201294	4833.09765625	
14.99344	-9.90648223084266E-03	-1.93490633672634E-04	0	9.33793006003	4774.3203125	
14.997536	-9.90485939817344E-03	-2.02689539137181E-04	0	9.53173538548	4774.3203125	
15.001632	-9.89823677065094E-03	-2.09690104251994E-04	0	9.45504867241	4774.3203125	
15.005728	-9.89478593113313E-03	-2.09496148436334E-04	0	9.58922276378	4774.3203125	
15.009824	-9.89893622808062E-03	-2.01611917378266E-04	0	9.64409326474	4774.3203125	
15.01392	-9.90748195208922E-03	-1.95543490273622E-04	0	9.54620450465	4716.3203125	
15.018016	-9.90641054788516E-03	-2.03925454007034E-04	0	9.75607348969	4716.3203125	
15.022112	-9.90072802772109E-03	-2.10295290185269E-04	0	9.67439334741	4716.3203125	
15.026208	-9.89713619952922E-03	-2.10837872815762E-04	0	9.8083690749	4716.3203125	
15.030304	-9.90155503327031E-03	-2.02580941168856E-04	0	9.8623087915	4657.48046875	
15.0344	-9.91060957827188E-03	-1.95921629318559E-04	0	9.78498883989	4657.48046875	
15.038496	-9.90989978898734E-03	-2.04652175395697E-04	0	9.98210913095	4657.48046875	
15.042592	-9.90440269361641E-03	-2.11084141079109E-04	0	9.90149710187	4657.48046875	
15.046688	-9.90185913724563E-03	-2.10516055589503E-04	0	9.99504474474	4657.48046875	
15.050784	-9.90718671705125E-03	-2.01719810058834E-04	0	9.95027935759	4657.48046875	
15.05488	-9.91638718807344E-03	-1.95812330389397E-04	0	9.89261268886	4657.48046875	
15.058976	-9.91551967799594E-03	-2.04712647210225E-04	0	10.06087866476	4657.48046875	
15.063072	-9.91076519612094E-03	-2.103276204414E-04	0	9.99723819149	4657.48046875	
15.067168	-9.91064569404766E-03	-2.07114118847212E-04	0	10.02069090561	4657.48046875	
15.071264	-9.92034767147531E-03	-1.954806045192E-04	0	10.01309585782	4657.48046875	
15.07536	-9.92694259499766E-03	-1.95994971312525E-04	0	10.01330948046	4657.48046875	
15.079456	-9.92186096819672E-03	-2.08077960671831E-04	0	10.01517104918	4657.48046875	
15.083552	-9.91387170143219E-03	-2.14122964963359E-04	0	10.00210573593	4657.48046875	
15.087648	-9.91695790876312E-03	-2.04218842415569E-04	0	10.01606368664	4657.48046875	
15.091744	-9.92806364696438E-03	-1.93554297070509E-04	0	10.00028231411	4657.48046875	
15.09584	-9.93419592282734E-03	-1.95434609132503E-04	0	9.99908831614	4657.48046875	
15.099936	-9.93236535587312E-03	-2.03526976280512E-04	0	9.98262029941	4657.48046875	
15.104032	-9.92703366161203E-03	-2.09066011606856E-04	0	9.9933815399	4657.48046875	
15.108128	-9.92903575564313E-03	-2.02555414511691E-04	0	9.98028570913	4657.48046875	
15.112224	-9.93566341194453E-03	-1.96328669296134E-04	0	9.97475440863	4657.48046875	
15.11632	-9.93898962917781E-03	-1.98339521371819E-04	0	9.96261225036	4657.48046875	
15.120416	-9.93515632816609E-03	-2.06339372266191E-04	0	9.94942105234	4657.48046875	
15.124512	-9.93144956951813E-03	-2.08104772423866E-04	0	9.96495828471	4657.48046875	
15.128608	-9.93511938949922E-03	-2.00799247517859E-04	0	9.9466134405	4657.48046875	
15.132704	-9.94198102116828E-03	-1.95565197944222E-04	0	9.95799647546	4657.48046875	
15.1368	-9.94562972027797E-03	-1.97279123874525E-04	0	9.95169460758	4657.48046875	
15.140896	-9.94210664920859E-03	-2.05184746978509E-04	0	9.95009243778	4657.48046875	
15.144992	-9.93989307216641E-03	-2.05454618824022E-04	0	9.96853264924	4657.48046875	
15.149088	-9.94417804895625E-03	-1.98788120202066E-04	0	9.94826520127	4657.48046875	
15.153184	-9.94950791457047E-03	-1.95977893925756E-04	0	9.95850001454	4657.48046875	
15.15728	-9.9508921088225E-03	-1.99117568670694E-04	0	9.93751921954	4657.48046875	
15.161376	-9.94803055076016E-03	-2.04288928643559E-04	0	9.93434539746	4657.48046875	
15.165472	-9.94726882790438E-03	-2.03197256417925E-04	0	9.94519056113	4657.48046875	
15.169568	-9.95140001549203E-03	-1.97790958458844E-04	0	9.92201631938	4657.48046875	
15.173664	-9.95553897482891E-03	-1.96394488461084E-04	0	9.93057266905	4657.48046875	
15.17776	-9.95595462626359E-03	-1.99864040039606E-04	0	9.91268558764	4657.48046875	
15.181856	-9.95355882456031E-03	-2.03592825974278E-04	0	9.9138452534	4657.48046875	
15.185952	-9.95388999250938E-03	-2.01478400444475E-04	0	9.92303102692	4657.48046875	
15.190048	-9.95799759055234E-03	-1.96837151239575E-04	0	9.90924473726	4657.48046875	
15.194144	-9.9612612680625E-03	-1.96579235872491E-04	0	9.9292947479	4657.48046875	
15.19824	-9.96059180044156E-03	-2.00662075780031E-04	0	9.9208261361	4657.48046875	
15.202336	-9.95747990062203E-03	-2.04558506739366E-04	0	9.92802827082	4657.48046875	
15.206432	-9.93681609950219E-03	-3.20387756535E-06	0	9.92913453092	4657.48046875	
15.210528	-9.80096199156766E-03	0	0	9.9114419987	4657.48046875	
15.214624	-9.51825601909531E-03	0	0	9.91885394137	4657.48046875	
15.21872	-9.09249838458844E-03	0	0	9.89984915579	4657.48046875	
15.222816	-8.53194936027844E-03	0	0	9.90229818677	4657.48046875	
15.226912	-7.84326439789922E-03	0	0	9.90075323732	4657.48046875	
15.231008	-7.04807382987641E-03	0	0	9.89239906622	4657.48046875	
15.235104	-6.15407964255047E-03	0	0	9.89785407292	4657.48046875	
15.2392	-5.17050123343875E-03	0	0	9.8911478479	4657.48046875	
15.243296	-4.11750866900484E-03	0	0	9.89608024207	4657.48046875	
15.247392	-3.01071036465031E-03	0	0	9.89540504194	4657.48046875	
15.251488	-1.85870699522234E-03	0	0	9.89510749612	4657.48046875	
15.255584	-6.90634482812656E-04	0	0	9.89606498331	4657.48046875	
15.25968	4.80557152571719E-04	0	0	9.89138054399	4657.48046875	
15.263776	1.64093307314922E-03	0	0	9.89373420772	4657.48046875	
15.267872	2.76559213726125E-03	0	0	9.89441322254	4657.48046875	
15.271968	3.85473714184625E-03	0	0	9.88566613837	4657.48046875	
15.276064	4.88858733936031E-03	0	0	9.88418222396	4657.48046875	
15.28016	5.84429963877031E-03	0	0	9.87574412968	4657.48046875	
15.284256	6.71911004032469E-03	0	0	9.86930874765	4657.48046875	
15.288352	7.49976176850312E-03	0	0	9.87190273685	4657.48046875	
15.292448	8.17248639238969E-03	0	0	9.86526899094	4657.48046875	
15.296544	8.73353326581141E-03	0	0	9.87078884737	4657.48046875	
15.30064	9.18633256457641E-03	0	0	9.87041500775	4657.48046875	
15.304736	9.51918707465172E-03	0	0	9.87316539924	4657.48046875	
15.308832	9.72938052396922E-03	0	0	9.87570598278	4657.48046875	
15.312928	9.81761127277047E-03	0	0	9.86894253741	4585.66796875	
15.317024	9.78695181353484E-03	0	0	9.87121990734	4585.66796875	
15.32112	9.64070495681562E-03	0	0	9.86531476722	4585.66796875	
15.325216	9.38303114855047E-03	0	0	9.84531434755	4585.66796875	
15.329312	9.01862105083844E-03	0	0	9.78824658515	4585.66796875	
15.333408	8.55867750302984E-03	0	0	9.79396862015	4585.66796875	
15.337504	8.01863647912594E-03	0	0	9.75196125387	4586.30859375	
15.3416	7.39779769880594E-03	0	0	9.71060619958	4586.30859375	
15.345696	6.70763546404875E-03	1.11801616563656E-05	0	9.64406274722	4586.30859375	
15.349792	5.97266342624016E-03	1.021083055839E-04	0	9.63911890898	4586.30859375	
15.353888	0.005261900661545	1.27152223809187E-04	0	9.59460147668	4586.30859375	
15.357984	4.61763014876281E-03	1.09846613951353E-04	0	9.45915327885	4617.33203125	
15.36208	0.004030937508675	9.00405263055375E-05	0	9.58137213176	4617.33203125	
15.366176	3.50491781754984E-03	5.23202635450687E-05	0	9.4076740373	4617.33203125	
15.370272	3.02307631484547E-03	2.86824684328875E-05	0	9.39417766408	4617.33203125	
15.374368	2.57374614206703E-03	1.829821631715E-05	0	9.32379281889	4617.33203125	
15.378464	2.1539602282275E-03	6.38176645476562E-06	0	9.2034355347	4677.08984375	
15.38256	1.76251724376234E-03	1.8778586990625E-07	0	9.31623973269	4677.08984375	
15.386656	1.39842990222375E-03	-1.18329872054625E-05	0	9.11799029339	4677.08984375	
15.390752	1.04928772586516E-03	-2.8255212129375E-07	0	9.11512164651	4737.61328125	
15.394848	0.00073460694846	-2.46047530394531E-05	0	9.01454734466	4737.61328125	
15.398944	4.49522820726719E-04	-4.18821189351469E-05	0	8.95521747109	4737.61328125	
15.40304	1.83465123701406E-04	-5.02002697516031E-05	0	9.02225301846	4737.61328125	
15.407136	-7.661664676875E-05	-3.90570587794406E-05	0	8.83278881023	4737.61328125	
15.411232	-3.15043306648125E-04	-4.84298522912531E-05	0	8.87190464149	4737.61328125	
15.415328	-5.38077331457188E-04	-5.07419038253531E-05	0	8.73303848142	4797.390625	
15.419424	-7.37148493319219E-04	-6.83645054335031E-05	0	8.74111799484	4797.390625	
15.42352	-9.22176561504688E-04	-7.34516551540406E-05	0	8.78505559426	4797.390625	
15.427616	-1.10044284214047E-03	-7.04013704639437E-05	0	8.61802557792	4797.390625	
15.431712	-1.27473812465484E-03	-6.01176336323062E-05	0	8.66289777639	4797.390625	
15.435808	-1.42680090132766E-03	-7.71663076893844E-05	0	8.50058653158	4857.8515625	
15.439904	-1.56593496172953E-03	-8.19279288892969E-05	0	8.53985495044	4857.8515625	
15.444	-1.69499528079406E-03	-8.950280665095E-05	0	8.52723595592	4857.8515625	
15.448096	-1.81506240595969E-03	-9.02419090368469E-05	0	8.37772681075	4857.8515625	
15.452192	-1.94270515796672E-03	-7.18688365445531E-05	0	8.42984692022	4857.8515625	
15.456288	-2.04462241430391E-03	-9.50772498745781E-05	0	8.23590045124	4917.17578125	
15.460384	-2.13905849341078E-03	-9.79683496277062E-05	0	8.33415542157	4917.17578125	
15.46448	-2.22635288357969E-03	-1.04200067434444E-04	0	8.2833704536	4917.17578125	
15.468576	-2.31361170656688E-03	-9.66575884384687E-05	0	8.16785401102	4917.17578125	
15.472672	-2.40279316887844E-03	-8.74319700198656E-05	0	8.22336156521	4977.03515625	
15.476768	-2.47755355620438E-03	-9.75889512090281E-05	0	8.0324782923	4977.03515625	
15.480864	-2.53839455781484E-03	-1.12320765082969E-04	0	8.1471097268	4977.03515625	
15.48496	-2.59817677288469E-03	-1.10403765798047E-04	0	8.07275760401	4977.03515625	
15.489056	-2.66489458838969E-03	-9.75865694806406E-05	0	7.98646550152	4977.03515625	
15.493152	-2.72664643900859E-03	-9.59916992005125E-05	0	8.03169628085	4977.03515625	
15.497248	-2.78043599540437E-03	-1.01180716126875E-04	0	7.83710131457	5036.015625	
15.501344	-2.81792179342438E-03	-1.20428381494575E-04	0	7.96151742892	5036.015625	
15.50544	-2.85909615505594E-03	-1.140383705769E-04	0	7.85532790339	5036.015625	
15.509536	-2.90874638638547E-03	-1.0070569544805E-04	0	7.77668425435	5036.015625	
15.513632	-2.95281641034359E-03	-1.00387329420262E-04	0	7.82149923247	5095.4765625	
15.517728	-2.99079566872281E-03	-1.04875789354875E-04	0	7.62802578505	5095.4765625	
15.521824	-3.01193692954172E-03	-1.25905437555975E-04	0	7.7714772025	5095.4765625	
15.52592	-3.04101479209516E-03	-1.154146768929E-04	0	7.65389319794	5095.4765625	
15.530016	-3.07918624126094E-03	-1.01989150654978E-04	0	7.60240632701	5095.4765625	
15.534112	-3.11105324746047E-03	-1.03024790965491E-04	0	7.64713738195	5154.21484375	
15.538208	-3.13728555261172E-03	-1.07963116075237E-04	0	7.45203887659	5154.21484375	
15.542304	-3.14823512436984E-03	-1.27746913599112E-04	0	7.6121757481	5154.21484375	
15.5464	-3.16869914581859E-03	-1.15868202641297E-04	0	7.47147472214	5154.21484375	
15.550496	-3.19793728927062E-03	-1.03588061556066E-04	0	7.43112293132	5154.21484375	
15.554592	-3.22059861280437E-03	-1.05771113940319E-04	0	7.46916683469	5213.59765625	
15.558688	-3.23769417527703E-03	-1.11803757186516E-04	0	7.27365252812	5213.59765625	
15.562784	-3.24109746997609E-03	-1.30149852542325E-04	0	7.42470280805	5213.59765625	
15.56688	-3.25622522554656E-03	-1.16219132819212E-04	0	7.26263951809	5213.59765625	
15.570976	-3.27931893263391E-03	-1.04734916178441E-04	0	7.24794151752	5213.59765625	
15.575072	-3.29685227316844E-03	-1.06296273270928E-04	0	7.28690094649	5213.59765625	
15.579168	-3.30788879708547E-03	-1.13583683531587E-04	0	7.08004175186	5271.99609375	
15.583264	-3.30653404404812E-03	-1.31083115310984E-04	0	7.27043674445	5271.99609375	
15.58736	-3.31736941680891E-03	-1.16587965623456E-04	0	7.11497286819	5271.99609375	
15.591456	-0.003335922959435	-1.06205400765647E-04	0	7.09977514323	5271.99609375	
15.595552	-3.34822243831625E-03	-1.08573225080512E-04	0	7.12082078796	5271.99609375	
15.599648	-3.35642446814469E-03	-1.13713938930178E-04	0	6.94331181819	5331.359375	
15.603744	-3.35155834737797E-03	-1.31460923346638E-04	0	7.1011598757	5331.359375	
15.60784	-3.36137214656203E-03	-1.14234292496362E-04	0	6.93510260531	5331.359375	
15.611936	-3.37726226501469E-03	-1.05262684881441E-04	0	6.94349492331	5331.359375	
15.616032	-3.38867119286781E-03	-1.05621346542009E-04	0	6.94608891251	5389.73828125	
15.620128	-3.39106278868328E-03	-1.17082735320994E-04	0	6.76125573794	5389.73828125	
15.624224	-3.38445597895625E-03	-1.30187805629372E-04	0	6.94200337952	5389.73828125	
15.62832	-3.39211480923047E-03	-1.13823671031984E-04	0	6.77002952494	5389.73828125	
15.632416	-3.40577855011281E-03	-1.04823138686372E-04	0	6.77140662803	5448.9765625	
15.636512	-3.41407420666125E-03	-1.07151835396134E-04	0	6.78624195744	5448.9765625	
15.640608	-3.41487250245453E-03	-1.16771438997675E-04	0	6.61427191755	5448.9765625	
15.644704	-3.40706628324219E-03	-1.29750911835497E-04	0	6.79295581184	5448.9765625	
15.6488	-3.41378692623719E-03	-1.12553766051891E-04	0	6.62033345996	5448.9765625	
15.652896	-3.42652637755656E-03	-1.03541217852909E-04	0	6.63860201037	5448.98046875	
15.656992	-3.43277458963141E-03	-1.07148741889612E-04	0	6.63148761352	5507.44140625	
15.661088	-3.43132163825688E-03	-1.17634880441925E-04	0	6.46707065983	5507.44140625	
15.665184	-3.42195905768922E-03	-1.30066263923991E-04	0	6.64834091394	5507.44140625	
15.66928	-3.42699880847672E-03	-1.13651775530803E-04	0	6.47347552434	5566.6015625	
15.673376	-3.43808955177359E-03	-1.04785758916059E-04	0	6.47488314495	5566.6015625	
15.677472	-3.44380672479594E-03	-1.07243865592566E-04	0	6.47487933026	5566.6015625	
15.681568	-3.44196052291094E-03	-1.17204354910912E-04	0	6.31317080647	5566.6015625	
15.685664	-3.43247706878484E-03	-1.29093876915609E-04	0	6.48702911791	5566.6015625	
15.68976	-3.43726711784156E-03	-1.12622603963822E-04	0	6.31383074784	5566.6015625	
15.693856	-3.44840842322453E-03	-1.03293369302681E-04	0	6.33871015602	5624.859375	
15.697952	-3.45301350464984E-03	-1.07234341082859E-04	0	6.33563170119	5624.859375	
15.702048	-3.44996588176797E-03	-1.17409416003928E-04	0	6.18410458501	5624.859375	
15.706144	-3.43996638349375E-03	-1.28590026217537E-04	0	6.35040218087	5624.859375	
15.71024	-3.44412783518719E-03	-1.12330214833134E-04	0	6.21873434083	5624.859375	
15.714336	-0.003454261281845	-1.03766913540675E-04	0	6.20506630656	5683.9609375	
15.718432	-3.45785585300719E-03	-1.07877602218444E-04	0	6.19856988949	5683.9609375	
15.722528	-3.45465434949078E-03	-1.17253721448084E-04	0	6.04913703812	5683.9609375	
15.726624	-3.44474802077484E-03	-1.2789199903095E-04	0	6.20674477016	5683.9609375	
15.73072	-3.44842158948203E-03	-1.12331065072669E-04	0	6.06424321052	5683.9609375	
15.734816	-3.45839713248219E-03	-1.03159710061341E-04	0	6.05842580827	5742.19921875	
15.738912	-3.46201556748609E-03	-1.07085959740856E-04	0	6.05321494173	5742.19921875	
15.743008	-3.45805636413703E-03	-1.17291685352428E-04	0	5.91159457548	5742.19921875	
15.747104	-3.44811547399516E-03	-1.27278383538797E-04	0	6.06705845174	5742.19921875	
15.7512	-3.45131514886469E-03	-1.12494595678369E-04	0	5.94698345461	5742.19921875	
15.755296	-3.46088619517609E-03	-1.0338200815635E-04	0	5.93398299109	5801.0625	
15.759392	-3.46418516557094E-03	-1.07102375109056E-04	0	5.93013396888	5801.0625	
15.763488	-0.003460967295665	-1.15645528825509E-04	0	5.79532282428	5801.0625	
15.767584	-3.45135172180219E-03	-1.25849983284506E-04	0	5.94290173631	5801.0625	
15.77168	-3.4542627447625E-03	-1.11791062968441E-04	0	5.81577337737	5859.26171875	
15.775776	-3.46413871794031E-03	-1.01846396951578E-04	0	5.80762519953	5859.26171875	
15.779872	-3.46723836582578E-03	-1.06386856353422E-04	0	5.8019909024	5859.26171875	
15.783968	-3.46346659878141E-03	-1.15372052416294E-04	0	5.65426703215	5859.26171875	
15.788064	-3.45335701596531E-03	-1.25762456208572E-04	0	5.8124812999	5859.26171875	
15.79216	-3.45616728048281E-03	-1.11068116335619E-04	0	5.69068587758	5918.04296875	
15.796256	-3.46599470308609E-03	-1.012350603033E-04	0	5.67129580831	5918.04296875	
15.800352	-3.46888478803969E-03	-1.05777907923909E-04	0	5.67453448012	5918.04296875	
15.804448	-3.46585773743516E-03	-1.13634440451984E-04	0	5.54291241636	5918.04296875	
15.808544	-3.45581334588016E-03	-1.24455125304366E-04	0	5.68913711344	5918.04296875	
15.81264	-3.45857926571094E-03	-1.10096623797497E-04	0	5.56848991281	5976.0625	
15.816736	-3.46858360989937E-03	-9.97592055291562E-05	0	5.5575455672	5976.0625	
15.820832	-3.47159932289328E-03	-1.04381534801053E-04	0	5.56027307055	5976.0625	
15.824928	-3.46711127486797E-03	-1.14195314891109E-04	0	5.42758670828	5976.0625	
15.829024	-3.45670773706672E-03	-1.2419691811065E-04	0	5.57927785613	5976.0625	
15.83312	-3.45932270209797E-03	-1.09887514871991E-04	0	5.46479519454	5976.0625	
15.837216	-3.46875193684422E-03	-1.00199201483391E-04	0	5.43171801755	6034.6015625	
15.841312	-3.47164750773844E-03	-1.04226651542475E-04	0	5.43571962736	6034.6015625	
15.845408	-0.00346785178542	-1.12888499130619E-04	0	5.31401194291	6034.6015625	
15.849504	-3.45764318137562E-03	-1.23189423925837E-04	0	5.44931518252	6034.6015625	
15.8536	-3.45994014471531E-03	-1.09444547045728E-04	0	5.33348975005	6092.60546875	
15.857696	-3.46930263385062E-03	-9.96315313779844E-05	0	5.32886253108	6092.60546875	
15.861792	-3.47187142554828E-03	-1.04303382234975E-04	0	5.32735954322	6092.60546875	
15.865888	-3.46729633393172E-03	-1.1362186714725E-04	0	5.20280610003	6092.60546875	
15.869984	-3.45748500342094E-03	-1.22628607900116E-04	0	5.35813264745	6092.60546875	
15.87408	-3.45994553922359E-03	-1.08950129270916E-04	0	5.23832849331	6151.10546875	
15.878176	-3.46919712092594E-03	-9.93475347869812E-05	0	5.21751172998	6151.10546875	
15.882272	-3.47209781203141E-03	-1.03264983994528E-04	0	5.22628170229	6151.10546875	
15.886368	-3.46889896005297E-03	-1.11151922261428E-04	0	5.1032159882	6151.10546875	
15.890464	-3.45900460897406E-03	-1.21604010847791E-04	0	5.24109795825	6151.10546875	
15.89456	-3.46127240539609E-03	-1.08267165290419E-04	0	5.12021806153	6209.1875	
15.898656	-3.47088121326547E-03	-9.79279991872875E-05	0	5.11253146118	6209.1875	
15.902752	-3.47396458619375E-03	-1.01953172325572E-04	0	5.1286981174	6209.1875	
15.906848	-3.47010943285187E-03	-1.10726951051784E-04	0	4.97954755309	6209.1875	
15.910944	-3.46058748570906E-03	-1.20027043915144E-04	0	5.14303753711	6209.1875	
15.91504	-3.46288600339859E-03	-1.07017194665391E-04	0	5.02097508649	6267.5859375	
15.919136	-3.47238518388781E-03	-9.70822430618906E-05	0	5.00255394848	6267.5859375	
15.923232	-3.47542594934391E-03	-1.009590990408E-04	0	5.03669542398	6267.5859375	
15.927328	-3.47193241092156E-03	-1.09176058612294E-04	0	4.88619445941	6267.5859375	
15.931424	-3.46199993255531E-03	-1.19262782900559E-04	0	5.03640550754	6267.5859375	
15.93552	-3.46419814896375E-03	-1.06078880459475E-04	0	4.91972176982	6267.5859375	
15.939616	-3.47361942909609E-03	-9.6241324912425E-05	0	4.90650768366	6325.78515625	
15.943712	-3.47597280619187E-03	-1.00974980034534E-04	0	4.9301435029	6325.78515625	
15.947808	-3.47204404981328E-03	-1.09078568084784E-04	0	4.78031773846	6325.78515625	
15.951904	-0.00346205863212	-1.18922725307925E-04	0	4.93789495298	6325.7890625	
15.956	-3.46376759405703E-03	-1.06321489351481E-04	0	4.81896054816	6325.7890625	
15.960096	-3.47300984966031E-03	-9.60308287286906E-05	0	4.7926620753	6384.3671875	
15.964192	-3.47590002604625E-03	-9.996805772415E-05	0	4.8250106465	6384.3671875	
15.968288	-3.47250413736703E-03	-1.07833079907197E-04	0	4.68179573983	6384.3671875	
15.972384	-3.46277555312734E-03	-1.17924445056206E-04	0	4.83998711944	6384.3671875	
15.97648	-3.46425392269344E-03	-1.05982472623191E-04	0	4.71896607919	6442.609375	
15.980576	-3.47327098043406E-03	-9.57501816535687E-05	0	4.70623264397	6442.609375	
15.984672	-3.47619151235813E-03	-9.93312545148E-05	0	4.73816922865	6442.609375	
15.988768	-3.47271379173125E-03	-1.07235452139441E-04	0	4.58791240424	6442.609375	
15.992864	-3.46314027674656E-03	-1.16942104932778E-04	0	4.74626018614	6501.24609375	
15.99696	-3.46481422009594E-03	-1.04988912799444E-04	0	4.63269305015	6501.24609375	
16.001056	-3.47423614025469E-03	-9.46061921725594E-05	0	4.60405617232	6501.24609375	
16.005152	-3.47743517509781E-03	-9.81326417711062E-05	0	4.63825486817	6501.24609375	
16.009248	-3.47428661090844E-03	-1.05907405390566E-04	0	4.4889364575	6501.24609375	
16.013344	-3.46469508375203E-03	-1.15745159975878E-04	0	4.64165375696	6559.66796875	
16.01744	-3.46608275243313E-03	-1.04223183757481E-04	0	4.52500435145	6559.66796875	
16.021536	-3.47527984045859E-03	-9.36886808304563E-05	0	4.51824853546	6559.66796875	
16.025632	-3.47862836718375E-03	-9.70802978715281E-05	0	4.54437534727	6559.66796875	
16.029728	-0.003475239518795	-1.05176477756109E-04	0	4.39346239618	6559.66796875	
16.033824	-3.46615297247313E-03	-1.14277984760362E-04	0	4.56270493272	6559.66796875	
16.03792	-3.46785791138703E-03	-1.02716438869997E-04	0	4.44818030954	6618.24609375	
16.042016	-3.47694427484422E-03	-9.2732551498125E-05	0	4.42531505768	6618.24609375	
16.046112	-0.00347997059399	-9.62192770979344E-05	0	4.45977315245	6618.24609375	
16.050208	-3.47677539930531E-03	-1.03842366109453E-04	0	4.3165124695	6618.24609375	
16.054304	-3.46691515249062E-03	-1.14080188563928E-04	0	4.46675022046	6676.98828125	
16.0584	-3.46773292337312E-03	-1.03255295542678E-04	0	4.35198145712	6676.98828125	
16.062496	-3.47697042449453E-03	-9.21131540406E-05	0	4.33731397407	6676.98828125	
16.066592	-3.48054296046188E-03	-9.50595864307031E-05	0	4.36813666927	6676.98828125	
16.070688	-3.47734035975734E-03	-1.02999909980756E-04	0	4.2101970592	6676.98828125	
16.074784	-3.46807341742125E-03	-1.12469739933994E-04	0	4.38448643061	6735.62890625	
16.07888	-3.46904890909672E-03	-1.02047957086556E-04	0	4.26857707496	6735.62890625	
16.082976	-3.47792452100156E-03	-9.1625598758925E-05	0	4.24624206501	6735.62890625	
16.087072	-3.48136365717938E-03	-9.43371672012E-05	0	4.28623146028	6735.62890625	
16.091168	-3.47888538350203E-03	-1.01273175169031E-04	0	4.13736699772	6735.62890625	
16.095264	-3.46939644343531E-03	-1.11602186955394E-04	0	4.29329626616	6794.34765625	
16.09936	-3.47018504740016E-03	-1.01069648689866E-04	0	4.18149151695	6794.34765625	
16.103456	-3.47974539612734E-03	-8.96930355472594E-05	0	4.17193190381	6794.34765625	
16.107552	-3.48363648238031E-03	-9.25220606028469E-05	0	4.20572242783	6794.34765625	
16.111648	-3.48029252727234E-03	-1.01027201376544E-04	0	4.04023736094	6794.34765625	
16.115744	-3.47113466372234E-03	-1.10147087929725E-04	0	4.20301018324	6852.9296875	
16.11984	-3.47202457472406E-03	-9.98348487227437E-05	0	4.10262661589	6852.9296875	
16.123936	-3.48151872643437E-03	-8.84893276163531E-05	0	4.07031619159	6852.9296875	
16.128032	-3.48519558670594E-03	-9.15324921212625E-05	0	4.12228371346	6852.9296875	
16.132128	-3.48207582370484E-03	-9.94251647574281E-05	0	3.95878610006	6852.9296875	
16.136224	-3.47222965747109E-03	-1.09830863967103E-04	0	4.11059931799	6911.5703125	
16.14032	-3.47259081522891E-03	-9.96167883638812E-05	0	4.01475141705	6911.5703125	
16.144416	-3.48229672424734E-03	-8.76776195338312E-05	0	3.99742509507	6911.5703125	
16.148512	-3.48593463434047E-03	-9.0910557166275E-05	0	4.03778451527	6911.5703125	
16.152608	-3.48247145145625E-03	-9.90548348392969E-05	0	3.87470270308	6970.109375	
16.156704	-3.47311938560813E-03	-1.08328597440525E-04	0	4.04174797818	6970.109375	
16.1608	-3.47365435625141E-03	-9.849927457755E-05	0	3.94004452809	6970.109375	
16.164896	-3.48306804749922E-03	-8.70948883857937E-05	0	3.9111635101	6970.109375	
16.168992	-3.48683323141484E-03	-8.99455869774E-05	0	3.95974740194	6970.109375	
16.173088	-3.48391041368219E-03	-9.75691937768625E-05	0	3.7996219745	6970.109375	
16.177184	-3.47438032906078E-03	-1.07423504355234E-04	0	3.94809352399	7028.75	
16.18128	-3.47471231990094E-03	-9.77262443409656E-05	0	3.85319548086	7028.75	
16.185376	-3.48403009862016E-03	-8.62253075246062E-05	0	3.83294329165	7028.75	
16.189472	-3.48810542104578E-03	-8.85592575945E-05	0	3.87677407975	7028.75	
16.193568	-0.0034853716854	-9.62780118949688E-05	0	3.71421869478	7087.12890625	
16.197664	-0.003476766804665	-1.05140926589737E-04	0	3.87442423071	7087.12890625	
16.20176	-3.47738049855625E-03	-9.60145414853625E-05	0	3.80492057891	7087.12890625	
16.205856	-3.48684950637203E-03	-8.45105397682219E-05	0	3.75321245596	7087.12890625	
16.209952	-3.4906103929675E-03	-8.73766001233125E-05	0	3.80401649738	7087.12890625	
16.214048	-3.48765740256141E-03	-9.49127094141187E-05	0	3.64724418245	7145.73046875	
16.218144	-3.47841560411984E-03	-1.04506532272209E-04	0	3.79158060798	7145.73046875	
16.22224	-3.47862132689328E-03	-9.53624438201531E-05	0	3.72882895748	7145.73046875	
16.226336	-3.48806290500594E-03	-8.36790826669875E-05	0	3.68484558178	7145.73046875	
16.230432	-3.49218622941203E-03	-8.60041067842688E-05	0	3.72118813341	7204.2890625	
16.234528	-3.48949400405031E-03	-9.34106020219969E-05	0	3.56634605162	7204.2890625	
16.238624	-3.48051644508219E-03	-1.02858275026237E-04	0	3.71792657346	7204.2890625	
16.24272	-3.48041001783406E-03	-9.43281434121469E-05	0	3.65668935489	7204.2890625	
16.246816	-3.4893113222275E-03	-8.31794396570156E-05	0	3.60302429597	7204.2890625	
16.250912	-3.49263351643766E-03	-8.60576680287844E-05	0	3.6474539904	7204.2890625	
16.255008	-3.49006710198094E-03	-9.27389358667406E-05	0	3.50251865854	7262.73046875	
16.259104	-3.48125448696094E-03	-1.01935945900491E-04	0	3.63977883412	7262.73046875	
16.2632	-3.48130834061141E-03	-9.34214291746312E-05	0	3.57796559736	7262.73046875	
16.267296	-3.49060243835359E-03	-8.1620466456375E-05	0	3.5421685464	7262.73046875	
16.271392	-3.49518164442562E-03	-8.34033903946031E-05	0	3.57462774361	7262.73046875	
16.275488	-0.003492794528795	-9.08261560487531E-05	0	3.42890277092	7321.19140625	
16.279584	-3.4843315510575E-03	-9.9915802007175E-05	0	3.58044514586	7321.19140625	
16.28368	-0.003483806363675	-9.24969534164156E-05	0	3.51598832893	7321.19140625	
16.287776	-3.49249865373062E-03	-8.11191265731E-05	0	3.4635859324	7321.19140625	
16.291872	-3.49642795870328E-03	-8.29438713829687E-05	0	3.50938510054	7321.19140625	
16.295968	-3.49447633532594E-03	-8.92556335808156E-05	0	3.35974625591	7321.19140625	
16.300064	-3.48576502734281E-03	-9.88942244229844E-05	0	3.50154591259	7379.890625	
16.30416	-3.48511284043484E-03	-9.16028595989719E-05	0	3.44149124792	7379.890625	
16.308256	-3.49409314237328E-03	-7.97623945163719E-05	0	3.39293405891	7379.890625	
16.312352	-3.49870069247188E-03	-8.11430433761062E-05	0	3.44279968659	7438.19140625	
16.316448	-3.49669457541766E-03	-8.79575053116375E-05	0	3.29151671057	7438.19140625	
16.320544	-3.48846557304781E-03	-9.68027604086812E-05	0	3.44186508754	7438.19140625	
16.32464	-3.48771802220531E-03	-9.00734166572625E-05	0	3.38152050643	7438.19140625	
16.328736	-3.49623009911141E-03	-7.88395189969406E-05	0	3.32318245226	7438.19140625	
16.332832	-3.50057404976297E-03	-8.0148756389625E-05	0	3.38312649092	7497.03125	
16.336928	-3.49868697762031E-03	-8.66087186796562E-05	0	3.2303176389	7497.03125	
16.341024	-3.49032110103187E-03	-9.57696241822031E-05	0	3.37059141958	7497.03125	
16.34512	-3.48958552782641E-03	-8.88444390400875E-05	0	3.31457651162	7497.03125	
16.349216	-3.49834876938078E-03	-7.72818431507719E-05	0	3.25873326471	7497.03125	
16.353312	-3.50293410141984E-03	-7.84076665441781E-05	0	3.30742778256	7497.03125	
16.357408	-3.50132653795203E-03	-8.47405015574906E-05	0	3.15752572432	7555.2109375	
16.361504	-3.49344570994719E-03	-9.36607952814187E-05	0	3.31139124547	7555.2109375	
16.3656	-3.49231222318172E-03	-8.77334339010937E-05	0	3.25343084561	7555.2109375	
16.369696	-3.50053418526109E-03	-7.65699546799688E-05	0	3.19433366813	7555.2109375	
16.373792	-3.50511896870609E-03	-7.70966685763312E-05	0	3.24903250804	7555.2109375	
16.377888	-3.5039404972275E-03	-8.28572212292344E-05	0	3.10384922133	7614.25	
16.381984	-3.49574121036937E-03	-9.23642232606844E-05	0	3.24388267654	7614.25	
16.38608	-3.49463972492422E-03	-8.62617719112187E-05	0	3.18497241887	7614.25	
16.390176	-3.50365513688266E-03	-7.41588943506469E-05	0	3.12978529864	7614.25	
16.394272	-3.50954996294891E-03	-7.37931908701969E-05	0	3.19086992961	7672.37109375	
16.398368	-3.50856642522719E-03	-8.04086025240094E-05	0	3.03240770701	7672.37109375	
16.402464	-3.50015876405766E-03	-9.035411349195E-05	0	3.18610156711	7672.37109375	
16.40656	-3.49802436742516E-03	-8.53317728412187E-05	0	3.13011336198	7672.37109375	
16.410656	-3.50597130101453E-03	-7.37419570272E-05	0	3.0683840484	7731.51171875	
16.414752	-3.5103919634025E-03	-7.4345708346525E-05	0	3.13544248391	7731.51171875	
16.418848	-3.50907753202875E-03	-8.00432088990187E-05	0	2.97702985228	7731.51171875	
16.422944	-3.50061181132094E-03	-8.97865503575906E-05	0	3.11836411678	7731.51171875	
16.42704	-3.49862452932953E-03	-8.44955479562906E-05	0	3.06705272159	7731.51171875	
16.431136	-3.50756396101031E-03	-7.17497020483031E-05	0	3.01083563506	7731.51171875	
16.435232	-3.51318924452719E-03	-7.17098619439125E-05	0	3.07177149312	7789.65234375	
16.439328	-3.51173867039359E-03	-7.85500317864281E-05	0	2.91086023954	7789.65234375	
16.443424	-3.50330595676188E-03	-8.81111556387562E-05	0	3.06609141971	7789.65234375	
16.44752	-3.50160641235625E-03	-8.26172712288E-05	0	3.01895711007	7789.65234375	
16.451616	-3.51067339215656E-03	-7.00689727194187E-05	0	2.95049105395	7789.65234375	
16.455712	-3.51647358574703E-03	-6.98562212494781E-05	0	3.0115070205	7789.65234375	
16.459808	-3.51571826315531E-03	-7.59322690195781E-05	0	2.85956410311	7848.9296875	
16.463904	-3.50724065624281E-03	-8.60355067528687E-05	0	2.99709512168	7848.9296875	
16.468	-3.50531829121547E-03	-8.08435552140562E-05	0	2.94955264021	7848.9296875	
16.472096	-3.51464484743969E-03	-6.78519554652844E-05	0	2.89066145599	7848.9296875	
16.476192	-3.52098888061078E-03	-6.72935944851844E-05	0	2.95265779787	7906.9921875	
16.480288	-3.51989123532406E-03	-7.41737799126844E-05	0	2.7948326285	7906.9921875	
16.484384	-3.51146848781781E-03	-8.39341292869406E-05	0	2.95111666311	7906.9921875	
16.48848	-3.50904946229922E-03	-7.93600504475625E-05	0	2.89692136228	7906.9921875	
16.492576	-3.51740235549484E-03	-6.72093082713938E-05	0	2.83310541327	7906.9921875	
16.496672	-3.52304171959266E-03	-6.66321047620594E-05	0	2.90168972478	7966.15234375	
16.500768	-3.52210462950156E-03	-7.27174210325062E-05	0	2.74515773532	7966.15234375	
16.504864	-3.51353083576344E-03	-8.28031193602594E-05	0	2.88561843581	7966.15234375	
16.50896	-3.51135593460266E-03	-7.78224243409594E-05	0	2.83724435192	7966.15234375	
16.513056	-3.52074219614734E-03	-6.46061704899187E-05	0	2.77174993931	7966.15234375	
16.517152	-3.52735915486453E-03	-6.36527303375906E-05	0	2.84509879863	8024.19140625	
16.521248	-3.52654211544078E-03	-7.03357573084031E-05	0	2.68563712725	8024.19140625	
16.525344	-3.51831923903797E-03	-8.01064090762031E-05	0	2.83313593079	8024.19140625	
16.52944	-3.51590688808047E-03	-7.58601318321E-05	0	2.78788607801	8024.19140625	
16.533536	-3.52498657697656E-03	-6.29075738712094E-05	0	2.7189584444	8024.19140625	
16.537632	-3.53076519253391E-03	-6.27303336638344E-05	0	2.79472581718	8083.26953125	
16.541728	-3.52936755772734E-03	-6.938437292325E-05	0	2.63837311815	8083.26953125	
16.545824	-3.52044622965062E-03	-7.93685422659937E-05	0	2.77630467917	8083.26953125	
16.54992	-3.51828220893875E-03	-7.42015671445125E-05	0	2.73192076102	8083.26953125	
16.554016	-3.52810505992484E-03	-6.06120521282719E-05	0	2.66240185046	8083.26953125	
16.558112	-3.53478602128266E-03	-6.00081546552469E-05	0	2.73514798876	8141.3125	
16.562208	-3.53339103801406E-03	-6.74152789788844E-05	0	2.58150753432	8141.3125	
16.566304	-3.52469893082312E-03	-7.7118947880975E-05	0	2.72540908519	8141.3125	
16.5704	-3.52225869300078E-03	-7.25270777132344E-05	0	2.68286003293	8141.3125	
16.574496	-3.53148339359406E-03	-5.94608340487219E-05	0	2.60660056514	8200.12890625	
16.578592	-3.53755157538406E-03	-5.90270549151937E-05	0	2.68225349722	8200.12890625	
16.582688	-3.53655423137844E-03	-6.54372857645719E-05	0	2.53110785004	8200.12890625	
16.586784	-3.52819768088906E-03	-7.49972209161656E-05	0	2.66637675744	8200.12890625	
16.59088	-3.52647335831828E-03	-6.99451468817062E-05	0	2.62144352393	8200.12890625	
16.594976	-3.53625954493453E-03	-5.67758254356562E-05	0	2.55629243342	8258.05078125	
16.599072	-3.54293438032531E-03	-5.61067241816812E-05	0	2.62801242011	8258.05078125	
16.603168	-3.54186005028625E-03	-6.30187761638531E-05	0	2.47672944409	8258.05078125	
16.607264	-3.53348713340734E-03	-7.25354875605937E-05	0	2.62034107852	8258.05078125	
16.61136	-3.53089246635641E-03	-6.85676155669312E-05	0	2.58143505521	8258.05078125	
16.615456	-3.53959645975203E-03	-5.61376421796094E-05	0	2.50385570468	8316.58984375	
16.619552	-3.54535221722344E-03	-5.567853278295E-05	0	2.57647595821	8316.58984375	
16.623648	-3.54435149022109E-03	-6.16759996220156E-05	0	2.42940058526	8316.58984375	
16.627744	-3.53651427544422E-03	-7.04369427841406E-05	0	2.5349377988	8316.58984375	
16.63184	-3.53465755883969E-03	-6.5975159024775E-05	0	2.51750848019	8316.58984375	
16.635936	-3.5445335320175E-03	-5.28570223833094E-05	0	2.45388326568	8374.53125	
16.640032	-3.55128389052422E-03	-5.22073838502562E-05	0	2.52497001383	8374.53125	
16.644128	-3.55026624853828E-03	-5.90358587525437E-05	0	2.37490010923	8374.53125	
16.648224	-3.54271631418547E-03	-6.74864293885031E-05	0	2.49026014952	8374.53125	
16.65232	-3.54115199821625E-03	-6.30087747315469E-05	0	2.4760389852	8433.05078125	
16.656416	-3.55019904576562E-03	-5.10551215409812E-05	0	2.40332717911	8433.05078125	
16.660512	-3.55649233398594E-03	-5.03076722884312E-05	0	2.47285753374	8433.05078125	
16.664608	-3.55595955771891E-03	-5.61690159463125E-05	0	2.33490308458	8433.05078125	
16.668704	-3.54867861732141E-03	-6.4638410361525E-05	0	2.43970024826	8433.05078125	
16.6728	-3.54662742412172E-03	-6.10094654327812E-05	0	2.41963879355	8433.05078125	
16.676896	-3.55552342543922E-03	-4.89841385158125E-05	0	2.35454873808	8491.08984375	
16.680992	-3.56190586019469E-03	-4.798079432685E-05	0	2.42347637169	8491.08984375	
16.685088	-3.56133157364359E-03	-5.37894195278344E-05	0	2.27544732624	8491.08984375	
16.689184	-3.55429457473922E-03	-6.18931140683625E-05	0	2.38818285981	8491.08984375	
16.69328	-3.55199697137313E-03	-5.88754233360562E-05	0	2.3787643902	8491.08984375	
16.697376	-3.55997343760953E-03	-4.77839339467875E-05	0	2.30719317642	8549.51171875	
16.701472	-3.56604408807281E-03	-4.64515302311156E-05	0	2.37762761258	8549.51171875	
16.705568	-3.56629506985641E-03	-5.10014631811781E-05	0	2.23476747208	8549.51171875	
16.709664	-3.55990513764875E-03	-5.8926854534625E-05	0	2.34043057039	8549.51171875	
16.71376	-3.55756968129234E-03	-5.63822015504344E-05	0	2.32407317967	8549.51171875	
16.717856	-3.56575616762234E-03	-4.51385877940594E-05	0	2.25861309927	8607.75	
16.721952	-3.57239141280828E-03	-4.33700633606625E-05	0	2.33097013919	8607.75	
16.726048	-3.57260655311313E-03	-4.84462984286531E-05	0	2.18571818806	8607.75	
16.730144	-3.56573586964203E-03	-5.68137713111719E-05	0	2.2965959676	8607.75	
16.73424	-3.56307930289437E-03	-5.43706247158594E-05	0	2.3092607384	8607.75	
16.738336	-3.57128864731031E-03	-4.28898080716875E-05	0	2.21395452344	8666.23046875	
16.742432	-3.57795049930828E-03	-4.10147539371281E-05	0	2.28338569613	8666.23046875	
16.746528	-3.5782537803925E-03	-4.59266562367594E-05	0	2.14321109739	8666.23046875	
16.750624	-0.00357185351633	-5.3822713484925E-05	0	2.24065735344	8724.41015625	
16.75472	-3.56947572679844E-03	-5.14872667819125E-05	0	2.26269100288	8724.41015625	
16.758816	-3.57818465754063E-03	-3.97889823263625E-05	0	2.16402786072	8724.41015625	
16.762912	-3.58543039648578E-03	-3.76337806354125E-05	0	2.23900177798	8724.41015625	
16.767008	-3.58625840779078E-03	-4.23665278257375E-05	0	2.09607678775	8724.41015625	
16.771104	-3.58033231186297E-03	-5.00521605247125E-05	0	2.19716607275	8724.41015625	
16.7752	-3.57778180663406E-03	-4.83539237614125E-05	0	2.22439151528	8782.76953125	
16.779296	-3.58559936345703E-03	-3.764198928105E-05	0	2.12560248835	8782.76953125	
16.783392	-3.59244097144281E-03	-3.53528442144281E-05	0	2.19411813544	8782.76953125	
16.787488	-3.59389099698234E-03	-3.90165023296125E-05	0	2.05533589855	8782.76953125	
16.791584	-0.003588410816595	-4.65717560724281E-05	0	2.14815493563	8841.25	
16.79568	-3.58558656292891E-03	-4.54847225440781E-05	0	2.1704823162	8841.25	
16.799776	-3.59338519325672E-03	-3.471518451555E-05	0	2.07409272928	8841.25	
16.803872	-3.60066403071031E-03	-3.19214666361938E-05	0	2.14963122066	8841.25	
16.807968	-3.6020349672725E-03	-3.59792693091563E-05	0	2.00799559565	8841.25	
16.812064	-3.59609524792547E-03	-4.395065220315E-05	0	2.10933665019	8841.25	
16.81616	-3.59294906097703E-03	-4.29980692615031E-05	0	2.1336324108	8899.73046875	
16.820256	-0.00360021656082	-3.25982628343969E-05	0	2.03947823222	8899.73046875	
16.824352	-3.60775927201766E-03	-2.91027514260656E-05	0	2.10617427218	8899.73046875	
16.828448	-3.60986221592391E-03	-3.24408899148469E-05	0	1.97103124955	8899.73046875	
16.832544	-3.60446286172844E-03	-4.03047931086281E-05	0	2.06354892612	8899.73046875	
16.83664	-3.60126373545297E-03	-3.98949572203875E-05	0	2.08586104793	8958.2890625	
16.840736	-3.60902908440766E-03	-2.90627240622469E-05	0	1.98498538557	8958.2890625	
16.844832	-3.61743327114813E-03	-2.50470658182937E-05	0	2.06629168823	8958.2890625	
16.848928	-3.61940007229453E-03	-2.90979461424094E-05	0	1.91946045544	8958.2890625	
16.853024	-3.61354876802391E-03	-3.72842122349812E-05	0	2.02173229434	8958.2890625	
16.85712	-3.61007333320563E-03	-3.68836633566844E-05	0	2.05063620047	9016.88671875	
16.861216	-3.61726924152344E-03	-2.661954645735E-05	0	1.94193660892	9016.88671875	
16.865312	-3.62519468851203E-03	-2.27320818352031E-05	0	2.02135082534	9016.88671875	
16.869408	-3.62796700860687E-03	-2.55473287795687E-05	0	1.88627265244	9016.88671875	
16.873504	-3.62291774885562E-03	-3.32997275175469E-05	0	1.97420507163	9075.52734375	
16.8776	-3.61941506719891E-03	-3.3512660718075E-05	0	2.01126478498	9075.52734375	
16.881696	-3.62734956598953E-03	-2.26161283453875E-05	0	1.89856358362	9075.52734375	
16.885792	-0.003636055113735	-1.84373135338219E-05	0	1.98489001832	9075.52734375	
16.889888	-3.63837630664578E-03	-2.22614722096594E-05	0	1.83716996276	9075.52734375	
16.893984	-3.63300227920953E-03	-3.00625901296875E-05	0	1.9408379782	9134.046875	
16.89808	-3.6292393811025E-03	-3.041865035055E-05	0	1.97175985534	9134.046875	
16.902176	-3.63672897010844E-03	-1.98457294330969E-05	0	1.86026791071	9134.046875	
16.906272	-3.64569528289828E-03	-1.51233896842875E-05	0	1.93758404763	9134.046875	
16.910368	-3.64928610533437E-03	-1.76790311190281E-05	0	1.80277290303	9134.046875	
16.914464	-3.64422907383391E-03	-0.000025960974039	0	1.88904211738	9134.046875	
16.91856	-3.64057973469781E-03	-2.64684180027094E-05	0	1.92657866698	9192.74609375	
16.922656	-3.64850646173922E-03	-1.5786274598325E-05	0	1.81231725741	9192.74609375	
16.926752	-3.65824044048719E-03	-1.06048884335625E-05	0	1.89953251488	9192.74609375	
16.930848	-3.66152002722516E-03	-1.40217261224906E-05	0	1.75901077935	9192.74609375	
16.934944	-3.65608153998656E-03	-2.23522908688406E-05	0	1.85569791209	9192.74609375	
16.93904	-3.65249803213797E-03	-2.26064711435062E-05	0	1.89184591453	9251.44921875	
16.943136	-3.66080749497031E-03	-1.17215243361562E-05	0	1.78617900153	9251.44921875	
16.947232	-3.6698997100975E-03	-7.49798913661875E-06	0	1.85043363989	9251.44921875	
16.951328	-3.67301444431969E-03	-1.05847723479094E-05	0	1.72438865291	9251.44921875	
16.955424	-3.6690775504625E-03	-1.72658353783781E-05	0	1.81271017048	9310.02734375	
16.95952	-3.66668531462062E-03	-1.72881387214594E-05	0	1.83905823431	9310.02734375	
16.963616	-3.67454200448672E-03	-7.8242912141625E-06	0	1.7375150012	9310.02734375	
16.967712	-3.68437884462141E-03	-2.69292206669062E-06	0	1.81528890092	9310.02734375	
16.971808	-3.68869070252031E-03	-5.10608359583437E-06	0	1.677319193	9368.546875	
16.975904	-3.68395240417016E-03	-1.32171586578281E-05	0	1.77687878731	9368.546875	
16.98	-3.68005363760031E-03	-1.44041961727125E-05	0	1.80624427093	9368.546875	
16.984096	-3.68857924649328E-03	-3.49287847827187E-06	0	1.6989866322	9368.546875	
16.988192	-3.69922626862594E-03	2.01343909232812E-06	0	1.77399869636	9368.546875	
16.992288	-3.70318821494531E-03	-1.11817147798125E-06	0	1.63843987252	9427.14453125	
16.996384	-3.69915879155625E-03	-8.29641261704062E-06	0	1.73469594529	9427.14453125	
17.00048	-3.69637860827984E-03	-8.91458555655937E-06	0	1.7664684983	9427.14453125	
17.004576	-3.70378755395859E-03	-2.4574975425E-08	0	1.65753239597	9427.14453125	
17.008672	-3.71316924388609E-03	4.76728249232813E-06	0	1.73868611103	9427.14453125	
17.012768	-3.71708355395437E-03	2.471107144275E-06	0	1.60115890715	9485.625	
17.016864	-3.71312681927859E-03	-4.41521938285312E-06	0	1.69616757629	9485.625	
17.02096	-3.70946449674969E-03	-5.89625588258437E-06	0	1.72954611379	9485.625	
17.025056	-3.71749262226031E-03	3.86595334558125E-06	0	1.6154449212	9485.625	
17.029152	-3.7283081542025E-03	9.64186944465938E-06	0	1.69125044088	9485.625	
17.033248	-3.73361598462187E-03	7.78769726037188E-06	0	1.5832489376	9544.10546875	
17.037344	-3.73058993977313E-03	9.754384476375E-07	0	1.65120382526	9544.10546875	
17.04144	-3.72805817817469E-03	-1.84667123025E-07	0	1.68483031761	9544.10546875	
17.045536	-3.73694969930734E-03	9.39886896650625E-06	0	1.57761464047	9544.10546875	
17.049632	-3.74869528105016E-03	1.52984178746438E-05	0	1.65763157791	9544.10546875	
17.053728	-3.75374710090703E-03	1.26576577750219E-05	0	1.54096309895	9602.4453125	
17.057824	-3.75120482458906E-03	6.46839016621875E-06	0	1.6157882433	9602.4453125	
17.06192	-3.75008934999531E-03	6.21846132960937E-06	0	1.65400380772	9602.4453125	
17.066016	-3.75908318392063E-03	1.48995480812062E-05	0	1.53802578765	9602.4453125	
17.070112	-3.77063858638844E-03	2.03820356275594E-05	0	1.61069944684	9602.4453125	
17.074208	-3.77650506842813E-03	1.85769807018469E-05	0	1.50261402038	9661.04296875	
17.078304	-3.77402542326563E-03	1.20202031240156E-05	0	1.57338796395	9661.04296875	
17.0824	-3.77192906248812E-03	1.07982041056312E-05	0	1.60588530806	9661.04296875	
17.086496	-3.78039524035766E-03	1.93486869012937E-05	0	1.48852637021	9661.04296875	
17.090592	-3.79210415773063E-03	2.52781965967781E-05	0	1.57672200301	9661.04296875	
17.094688	-3.7979722855525E-03	2.34764178697125E-05	0	1.4578219304	9719.3046875	
17.098784	-3.79578110943453E-03	1.72958976079313E-05	0	1.53311628162	9719.3046875	
17.10288	-3.79420765023094E-03	1.62740310817219E-05	0	1.56786429283	9719.3046875	
17.106976	-3.80306543282875E-03	2.47471718874188E-05	0	1.45449170603	9719.3046875	
17.111072	-3.81506172205812E-03	3.05937138774094E-05	0	1.53168958756	9719.3046875	
17.115168	-3.82141023541406E-03	2.91033483004687E-05	0	1.42163196637	9778.04296875	
17.119264	-0.00382025690783	2.35701834009469E-05	0	1.48783591132	9778.04296875	
17.12336	-3.81918696654344E-03	2.2392514145925E-05	0	1.52584166779	9778.04296875	
17.127456	-3.82772254156187E-03	3.01201684374937E-05	0	1.409146486	9778.04296875	
17.131552	-3.83991211876594E-03	3.61574013425625E-05	0	1.48911383247	9778.04296875	
17.135648	-3.84616636537547E-03	3.44846825825906E-05	0	1.37426496064	9836.34375	
17.139744	-3.84494327491312E-03	2.89847472171469E-05	0	1.42321506272	9836.34375	
17.14384	-3.84432235786672E-03	2.82656205324281E-05	0	1.47997764992	9836.34375	
17.147936	-3.85338238880891E-03	3.61086482663156E-05	0	1.36926390205	9836.34375	
17.152032	-3.86620641504625E-03	4.23668734984687E-05	0	1.44572173372	9836.34375	
17.156128	-3.87305835488688E-03	4.084702453755E-05	0	1.3327382453	9895.3828125	
17.160224	-3.87194388604891E-03	3.5093636060175E-05	0	1.3772556776	9895.3828125	
17.16432	-3.87141961298984E-03	3.42670359252375E-05	0	1.43536866506	9895.3828125	
17.168416	-3.88081190906922E-03	4.23087139412437E-05	0	1.32250724672	9895.3828125	
17.172512	-3.89415316807516E-03	4.88043620128969E-05	0	1.40740317267	9953.54296875	
17.176608	-3.90157692579359E-03	4.74900498656719E-05	0	1.28751509535	9953.54296875	
17.180704	-3.90150569999781E-03	4.23319247353406E-05	0	1.33667500538	9953.54296875	
17.1848	-3.90147909318578E-03	4.13464233169969E-05	0	1.39569970375	9953.54296875	
17.188896	-3.91075014997734E-03	4.88263266543937E-05	0	1.28068298556	9953.54296875	
17.192992	-0.003924091866145	5.52734853514594E-05	0	1.3522313112	10012.54296875	
17.197088	-3.93158840400906E-03	5.40773283745406E-05	0	1.24546958217	10012.54296875	
17.201184	-3.93163146864297E-03	4.9060779785325E-05	0	1.28523772542	10012.54296875	
17.20528	-3.93148453686656E-03	4.79169758810531E-05	0	1.34343463606	10012.54296875	
17.209376	-3.94014692854578E-03	5.48893975143937E-05	0	1.22818903647	10012.54296875	
17.213472	-3.95359223755891E-03	6.17379875407969E-05	0	1.31194437011	10012.54296875	
17.217568	-3.96088762426672E-03	6.03054505117969E-05	0	1.1944557328	10070.68359375	
17.221664	-3.96098417682172E-03	5.54485207533469E-05	0	1.24121620282	10070.68359375	
17.22576	-3.96174891694484E-03	5.508825645015E-05	0	1.29552212966	10070.68359375	
17.229856	-3.97140417244484E-03	6.25167261851344E-05	0	1.18781054282	10070.68359375	
17.233952	-3.98553851560047E-03	6.94074945347437E-05	0	1.25952671482	10070.68359375	
17.238048	-3.99306604902906E-03	6.78240903489187E-05	0	1.14633723314	10129.90234375	
17.242144	-3.99307528369578E-03	6.270722575425E-05	0	1.18965303809	10129.90234375	
17.24624	-3.99342949259547E-03	6.19320748467094E-05	0	1.2629675652	10129.90234375	
17.250336	-4.00258945908938E-03	6.90455850408844E-05	0	1.13057874875	10129.90234375	
17.254432	-4.01698164145438E-03	7.64181180529594E-05	0	1.21160657904	10188.12109375	
17.258528	-4.02455196521984E-03	7.48148554735312E-05	0	1.09146291749	10188.12109375	
17.262624	-4.02494613005375E-03	7.00143105144656E-05	0	1.13596127634	10188.12109375	
17.26672	-4.02600528232375E-03	6.96437435773406E-05	0	1.21411283037	10188.12109375	
17.270816	-4.03510371485031E-03	7.64125257508594E-05	0	1.0850504236	10247.2421875	
17.274912	-4.04912641911422E-03	8.356765104765E-05	0	1.14943094673	10247.2421875	
17.279008	-4.05646843631734E-03	8.20331311879406E-05	0	1.04687682077	10247.2421875	
17.283104	-4.05672270966531E-03	7.72726796983969E-05	0	1.08305915542	10247.2421875	
17.2872	-4.05720693535781E-03	7.65715871302594E-05	0	1.1529137587	10247.2421875	
17.291296	-4.0660138815725E-03	8.3419022350125E-05	0	1.02978319488	10247.2421875	
17.295392	-4.08047829548906E-03	9.09694948477219E-05	0	1.09750538645	10305.44140625	
17.299488	-4.08837987863594E-03	8.96308060421813E-05	0	0.98592951864	10305.44140625	
17.303584	-4.08957992814766E-03	8.54813765377687E-05	0	1.02306934048	10305.44140625	
17.30768	-4.09136587611812E-03	8.53980746979937E-05	0	1.10026340732	10305.44140625	
17.311776	-4.10028299830703E-03	9.16855554297375E-05	0	0.97175794529	10364.51953125	
17.315872	-4.11465122539797E-03	9.92105635297219E-05	0	1.03550904457	10364.51953125	
17.319968	-4.12254787119828E-03	9.79113508866281E-05	0	0.93027700623	10364.51953125	
17.324064	-4.12286779296906E-03	9.28403211018937E-05	0	0.96414763874	10364.51953125	
17.32816	-4.12358681692031E-03	9.23543384148E-05	0	1.03659241653	10364.51953125	
17.332256	-4.13202090203719E-03	9.89152349788969E-05	0	0.91024988373	10364.51953125	
17.336352	-0.0041466689121	1.07041900409916E-04	0	0.97757534754	10364.51953125	
17.340448	-4.15451179568219E-03	1.05725541870506E-04	0	0.86556460507	10422.66015625	
17.344544	-4.15507410459625E-03	1.00957881974709E-04	0	0.90162105495	10422.66015625	
17.34864	-4.15620512268844E-03	1.00717427647856E-04	0	0.9749584702	10422.66015625	
17.352736	-4.16434662430531E-03	1.06860962610084E-04	0	0.84729986935	10422.66015625	
17.356832	-4.17875709313906E-03	1.14933862229484E-04	0	0.91242044234	10481.63671875	
17.360928	-4.18583889389188E-03	1.13024128081528E-04	0	0.80288924837	10481.63671875	
17.365024	-4.18579491493453E-03	1.08307465009734E-04	0	0.83542855407	10481.63671875	
17.36912	-4.1866694653025E-03	1.08321764995434E-04	0	0.90807551043	10481.63671875	
17.373216	-4.19449387955125E-03	1.14438806474541E-04	0	0.771330318	10481.63671875	
17.377312	-4.20882845953969E-03	1.22664030701231E-04	0	0.84856253174	10539.796875	
17.381408	-4.21592086644438E-03	1.20916288458591E-04	0	0.73251203256	10539.796875	
17.385504	-4.21577594617953E-03	1.16093240877797E-04	0	0.76779028568	10539.796875	
17.3896	-4.21649990747734E-03	1.15988464540266E-04	0	0.84833746503	10539.796875	
17.393696	-4.22346760066516E-03	1.21676860774941E-04	0	0.71040590401	10598.41796875	
17.397792	-4.23657415284469E-03	1.2947122052865E-04	0	0.77670140152	10598.41796875	
17.401888	-4.24267506741375E-03	1.27538471740247E-04	0	0.66696421429	10598.41796875	
17.405984	-4.24183681568625E-03	1.22764449350812E-04	0	0.69516621746	10598.41796875	
17.41008	-4.24132964047547E-03	1.22080722871078E-04	0	0.77311559292	10598.41796875	
17.414176	-4.2472869148325E-03	1.27604634174084E-04	0	0.62881731429	10656.27734375	
17.418272	-4.2601781438425E-03	1.36025474551312E-04	0	0.70791491144	10656.27734375	
17.422368	-4.26614895018641E-03	1.34219560972613E-04	0	0.59119302682	10656.27734375	
17.426464	-4.26459450891031E-03	1.2899278254555E-04	0	0.61844517218	10656.27734375	
17.43056	-4.26321634919297E-03	1.28002839304725E-04	0	0.70379123155	10656.27734375	
17.434656	-4.26781228738391E-03	1.32922884865444E-04	0	0.56369292661	10715	
17.438752	-4.27863714542516E-03	1.40380625484619E-04	0	0.63468049282	10715	
17.442848	-4.28224634576234E-03	1.37704710372075E-04	0	0.5253972537	10715	
17.446944	-4.27786509071453E-03	1.313507455722E-04	0	0.54990282226	10715	
17.45104	-4.27333032076156E-03	1.29405509536669E-04	0	0.63597367273	10772.95703125	
17.455136	-4.27524701698359E-03	1.34113208915503E-04	0	0.48861601272	10772.95703125	
17.459232	-4.28388975070891E-03	1.41345026683678E-04	0	0.55432786266	10772.95703125	
17.463328	-4.28503731805531E-03	1.37964618525628E-04	0	0.44967947189	10772.95703125	
17.467424	-4.27777585274703E-03	1.30575801395222E-04	0	0.47868255996	10772.95703125	
17.47152	-4.2699445810725E-03	1.27470319404553E-04	0	0.57054792454	10772.95703125	
17.475616	-4.26789567368141E-03	1.30793565119766E-04	0	0.43156732377	10831.4375	
17.479712	-4.27226559111859E-03	1.36766680060106E-04	0	0.48497679846	10831.4375	
17.483808	-0.004270036744875	1.33054500839597E-04	0	0.39298173442	10831.4375	
17.487904	-4.26031245795547E-03	1.25663991643575E-04	0	0.42170253543	10831.4375	
17.492	-4.25107568829281E-03	1.22916612900572E-04	0	0.50640772688	10831.4375	
17.496096	-4.24907267993828E-03	1.27257087406247E-04	0	0.36587836197	10889.53515625	
17.500192	-4.25456182069531E-03	1.34435968448512E-04	0	0.43556511889	10889.53515625	
17.504288	-4.25306809049547E-03	1.30694703199397E-04	0	0.33243878943	10889.53515625	
17.508384	-4.24305314015516E-03	1.22592481974703E-04	0	0.36466529055	10889.53515625	
17.51248	-4.23283978162891E-03	1.18988693991956E-04	0	0.45733174003	10889.53515625	
17.516576	-4.22884693117734E-03	1.22075913981656E-04	0	0.31530320195	10947.89453125	
17.520672	-4.23135300028719E-03	1.27592546205403E-04	0	0.37539219883	10947.89453125	
17.524768	-4.22771472446469E-03	1.23676520554125E-04	0	0.28536170014	10947.89453125	
17.528864	-4.21607456421422E-03	1.15430634809634E-04	0	0.30994737719	10947.89453125	
17.53296	-4.20423745869531E-03	1.11510376710666E-04	0	0.39719696687	10947.89453125	
17.537056	-4.19975334226078E-03	1.15227445830131E-04	0	0.25902889507	11005.95703125	
17.541152	-4.20252977681109E-03	1.21545657540759E-04	0	0.32768950038	11005.95703125	
17.545248	-4.19848243268266E-03	1.17105563903934E-04	0	0.25525235197	11005.95703125	
17.549344	-4.18594468111359E-03	1.0800006507675E-04	0	0.25823162486	11005.95703125	
17.55344	-4.17295790530437E-03	1.03540965449316E-04	0	0.35973289638	11005.95703125	
17.557536	-4.16663974748656E-03	1.06292626639959E-04	0	0.21948581853	11064.21484375	
17.561632	-0.004166848396095	1.11480306308044E-04	0	0.2785868107	11064.21484375	
17.565728	-4.16091032253016E-03	1.06795687434975E-04	0	0.21748310628	11064.21484375	
17.569824	-4.14649765932016E-03	9.71672622076406E-05	0	0.21223409284	11064.21484375	
17.57392	-4.13147678815953E-03	9.20808432556031E-05	0	0.30688418112	11064.21484375	
17.578016	-4.1242672564225E-03	9.52543319090344E-05	0	0.16534010867	11122.5546875	
17.582112	-4.12349757895281E-03	1.00051486727259E-04	0	0.23597290871	11122.5546875	
17.586208	-4.11680601144312E-03	9.53814286569375E-05	0	0.16600767942	11122.5546875	
17.590304	-4.10181458149719E-03	8.58382329116812E-05	0	0.17171445566	11122.5546875	
17.5944	-4.08625947115203E-03	8.05504569494625E-05	0	0.27008768138	11122.5546875	
17.598496	-4.07818032639359E-03	8.32259081201625E-05	0	0.13001226458	11181.17578125	
17.602592	-4.07652174367797E-03	8.77050473910188E-05	0	0.19403420685	11181.17578125	
17.606688	-4.06939248953875E-03	8.30280602410875E-05	0	0.1324841837	11181.17578125	
17.610784	-4.05408196071312E-03	7.33956604984969E-05	0	0.12995885892	11181.17578125	
17.61488	-4.03802726404172E-03	6.78925809054281E-05	0	0.23092607384	11239.59375	
17.618976	-4.02975071685312E-03	7.07363840712375E-05	0	0.08396514159	11239.59375	
17.623072	-4.02757142693984E-03	7.49339635275E-05	0	0.159454042	11239.59375	
17.627168	-4.01951148297359E-03	6.97098762035156E-05	0	0.09545498787	11239.59375	
17.631264	-4.00257108118828E-03	5.91087490642687E-05	0	0.09123594073	11298.17578125	
17.63536	-3.9840553915525E-03	5.22687801830906E-05	0	0.19823418054	11298.17578125	
17.639456	-3.97382475231328E-03	5.47575171174281E-05	0	0.05794895579	11298.17578125	
17.643552	-3.96915073090078E-03	5.79133476154406E-05	0	0.11978508069	11298.17578125	
17.647648	-3.95869407090781E-03	5.21065130376656E-05	0	0.06142032369	11298.17578125	
17.651744	-3.93961186647016E-03	4.11406326574031E-05	0	0.03971855228	11356.79296875	
17.65584	-3.91935073339219E-03	3.41774364956062E-05	0	0.16054122865	11356.79296875	
17.659936	-3.90790559833094E-03	3.67209135194344E-05	0	0.02173228893	11356.79296875	
17.664032	-3.90267630829484E-03	4.01941218250687E-05	0	0.09573346024	11356.79296875	
17.668128	-3.89198274709922E-03	3.46355507009531E-05	0	0.03232186837	11356.79296875	
17.672224	-3.87355428391938E-03	2.45571218370844E-05	0	0.00557326209	11356.79296875	
17.67632	-3.85509912249516E-03	1.89873877433625E-05	0	0.13735172814	11415.390625	
17.680416	-3.84594180753922E-03	2.25232072844625E-05	0	0.00539778635	11415.390625	
17.684512	-3.84250998594891E-03	2.61888997726125E-05	0	0.06659685802	11415.390625	
17.688608	-3.83453507406234E-03	2.19852128705344E-05	0	0.01008604036	11415.390625	
17.692704	-3.81993378592719E-03	1.37083814839125E-05	0	-0.01282117309	11415.390625	
17.6968	-3.80522131606203E-03	9.2305686540375E-06	0	0.11038568453	11474.03125	
17.700896	-3.80000272361016E-03	1.38672666615656E-05	0	-0.02511591896	11474.03125	
17.704992	-3.80041151761906E-03	1.84449382858125E-05	0	0.050735377	11474.03125	
17.709088	-0.00379563308047	1.4689991079225E-05	0	-0.01012418726	11474.03125	
17.713184	-3.78326127860484E-03	6.42180631857187E-06	0	-0.03179162646	11532.61328125	
17.71728	-3.76991809951969E-03	1.61897794832812E-06	0	0.10607127014	11532.61328125	
17.721376	-3.76492817935953E-03	5.41854049491562E-06	0	-0.03387826189	11532.61328125	
17.725472	-3.76527745091266E-03	9.65467640300625E-06	0	0.03454583264	11532.61328125	
17.729568	-3.76194053609516E-03	7.24527857202187E-06	0	-0.01958080377	11532.61328125	
17.733664	-3.75204188769609E-03	5.43188639503125E-07	0	-0.03950874433	11591.43359375	
17.73776	-3.74123147596516E-03	-3.37224999313125E-06	0	0.08480437339	11591.43359375	
17.741856	-3.73971863640547E-03	1.80036574770937E-06	0	-0.04949560275	11591.43359375	
17.745952	-3.74437089692016E-03	7.61766858424687E-06	0	0.03124994048	11591.43359375	
17.750048	-3.74422442230547E-03	5.47567962046875E-06	0	-0.03432458062	11591.43359375	
17.754144	-3.73618879934266E-03	-1.54974989255625E-06	0	-0.053024191	11649.80859375	
17.75824	-0.00372671211121	-5.57637927938437E-06	0	0.09485226685	11649.80859375	
17.762336	-3.72543406990906E-03	-1.2251747363625E-06	0	-0.04537192286	11649.80859375	
17.766432	-3.72989139666688E-03	4.054524791625E-06	0	0.10581187122	11649.80859375	
17.770528	-3.73058939117906E-03	2.78845802884687E-06	0	0.07461152171	11649.80859375	
17.774624	-3.72440079299234E-03	-2.98245398869688E-06	0	0.06226337018	11649.80859375	
17.77872	-3.71772184314609E-03	-5.600423245725E-06	0	0.04525366747	11649.80859375	
17.782816	-3.71921036170234E-03	-6.15039529190625E-07	0	-0.00072097641	11649.80859375	
17.786912	-3.72375390916031E-03	3.04602748281562E-06	0	0.02266688798	11649.80859375	
17.791008	-3.72279258949812E-03	1.74459681309375E-07	0	-0.01989360835	11649.80859375	
17.795104	-3.72004404181266E-03	-2.02898378832187E-06	0	0.00097274595	11649.80859375	
17.7992	-0.00372238187541	1.14172914673125E-06	0	-0.01133725868	11649.80859375	
17.803296	-3.72680070915109E-03	3.8103298435125E-06	0	-0.0028228706	11649.80859375	
17.807392	-3.73007288986922E-03	4.242878449425E-06	0	-0.0155257883	11649.80859375	
17.811488	-3.72664006252312E-03	-4.18632994828125E-07	0	-0.0106048382	11649.80859375	
17.815584	-3.72109843960078E-03	-3.6359271333E-06	0	-0.00894163336	11649.80859375	
17.81968	-3.71925196341875E-03	-2.36483152939687E-06	0	-0.00972364481	11649.80859375	
17.823776	-3.72268232209156E-03	1.71325934443125E-06	0	-0.00261306265	11649.80859375	
17.827872	-3.72585831598406E-03	2.94247758636562E-06	0	-0.0141906468	11649.80859375	
17.831968	-3.72518509963703E-03	7.89376854853125E-07	0	0.00579069942	11649.80859375	
17.836064	-3.72370462712703E-03	-4.4310340305E-07	0	0.0013732884	11649.80859375	
17.84016	-3.72356089548266E-03	7.226483158125E-08	0	0.00869367851	11649.80859375	
17.844256	-3.72736923546453E-03	3.17238697184062E-06	0	0.0098800471	11649.80859375	
17.848352	-3.72878680252203E-03	2.6374560163875E-06	0	-0.00445555792	11649.80859375	
17.852448	-3.72596840052594E-03	-4.239909221625E-07	0	0.00295257006	11649.80859375	
17.856544	-3.72299072338703E-03	-1.70847930113437E-06	0	-0.01450345138	11649.80859375	
17.86064	-3.72333972064313E-03	2.807641423125E-08	0	-0.00920484697	11649.80859375	
17.864736	-3.72648481040344E-03	2.569141661625E-06	0	-0.00651167583	11649.80859375	
17.868832	-3.72761308552531E-03	2.13209354098125E-06	0	-0.0189590093	11649.80859375	
17.872928	-3.72578206140937E-03	2.317161144375E-08	0	0.00059509164	11649.80859375	
17.877024	-3.72340893492734E-03	-1.15606110355312E-06	0	-0.00978467985	11649.80859375	
17.88112	-3.72336651031984E-03	-9.049750565625E-08	0	0.00108337196	11649.80859375	
17.885216	-3.72510491347156E-03	1.45244734562812E-06	0	0.00176620147	11649.80859375	
17.889312	-3.72587221370031E-03	1.37083636954687E-06	0	-0.00581740225	11649.80859375	
17.893408	-3.72541221757891E-03	5.74188608503125E-07	0	0.01145932876	11649.80859375	
17.897504	-3.72525312530078E-03	5.2345091885625E-07	0	-0.00036239555	11649.80859375	
17.9016	-3.72636256535984E-03	1.39736278532812E-06	0	0.01143644062	11649.80859375	
17.905696	-3.72745883916141E-03	1.75056603789375E-06	0	0.00468062463	11649.80859375	
17.909792	-3.72642675086516E-03	4.917995082E-07	0	-0.00673674254	11649.80859375	
17.913888	-3.72454818193047E-03	-5.61938620753125E-07	0	-0.00062560916	11649.80859375	
17.917984	-3.72446223552734E-03	-4.34951488125E-09	0	-0.0185393934	11649.80859375	
17.92208	-3.72665048581031E-03	0	0	-0.00867460506	11649.80859375	
17.926176	-3.73032917472875E-03	0	0	-0.01219556393	11649.80859375	
17.930272	-3.73376255066891E-03	0	0	-0.00788877892	11649.80859375	
17.934368	-3.73700245576969E-03	0	0	0.00333022437	11649.80859375	
17.938464	-3.74084947163297E-03	0	0	-0.00100326347	11649.80859375	
17.94256	-3.74590101719281E-03	0	0	0.00870512258	11649.80859375	
17.946656	-3.75217190448891E-03	0	0	0.00285338812	11717.88671875	
17.950752	-3.75874305560187E-03	0	0	0.00371550806	11717.90625	
17.954848	-3.76566000383891E-03	0	0	0.00273894742	11717.90625	
17.958944	-3.77395758046656E-03	0	0	0.01562878493	11717.90625	
17.96304	-3.7840950501475E-03	0	0	0.05892551643	11717.90625	
17.967136	-3.79557940968422E-03	0	0	0.03572457185	11717.90625	
17.971232	-3.80766795414844E-03	0	0	0.04060356036	11717.90625	
17.975328	-3.82040950841172E-03	0	0	0.05566014179	11713.06640625	
17.979424	-3.83410333053516E-03	0	0	0.01067731731	11713.06640625	
17.98352	-3.84915336861344E-03	0	0	0.07472214772	11713.06640625	
17.987616	-3.86743041983203E-03	0	0	0.0664137529	11713.06640625	
17.991712	-3.88881955373484E-03	0	0	-0.08683378847	11670.1640625	
17.995808	-3.91425365452516E-03	0	0	0.08538420627	11670.1640625	
17.999904	-3.94460370670953E-03	0	0	-0.04093925308	11670.1640625	
18.004	-3.97778459568875E-03	0	0	0.05981815389	11670.1640625	
18.008096	-4.01680471986922E-03	0	0	0.0768278566	11670.1640625	
18.012192	-4.06464486508953E-03	0	0	-0.08091720428	11609.40625	
18.016288	-4.11944438315438E-03	0	0	0.1050565626	11609.40625	
18.020384	-4.18085089381094E-03	0	0	-0.05023183792	11609.40625	
18.02448	-4.25158268063891E-03	0	0	0.10897043454	11609.40625	
18.028576	-4.33482268638891E-03	0	0	0.0779341167	11609.40625	
18.032672	-4.43194102473203E-03	0	0	-0.04933920046	11609.40625	
18.036768	-4.54680446091781E-03	0	0	0.1431271688	11549.34375	
18.040864	-4.67121526243797E-03	0	0	-0.01514050461	11549.34375	
18.04496	-4.81336988174797E-03	0	0	0.17093244421	11549.34375	
18.049056	-4.97507182182828E-03	0	0	0.07664475148	11549.34375	
18.053152	-5.15883108337953E-03	0	0	0.02767176126	11488.703125	
18.057248	-5.36602829479234E-03	0	0	0.16999021578	11488.703125	
18.061344	-5.58923741253969E-03	0	0	0.02504725454	11488.703125	
18.06544	-5.83810793188391E-03	8.31809504728125E-07	0	0.22822908801	11488.703125	
18.069536	-6.11205971460391E-03	2.56574241021656E-05	0	0.08623488214	11488.703125	
18.073632	-6.40402065177531E-03	2.39790736170563E-05	0	0.08444197784	11488.703125	
18.077728	-6.70544931670969E-03	2.26118343592969E-05	0	0.19935188471	11429.140625	
18.081824	-0.007014727448355	2.15500517672344E-05	0	0.07477936807	11429.140625	
18.08592	-7.33908716223719E-03	2.08052453005031E-05	0	0.27634377298	11429.140625	
18.090016	-7.68511917599078E-03	2.04100824745125E-05	0	0.10174922637	11369.26171875	
18.094112	-8.05441377237063E-03	2.03864228827875E-05	0	0.17822994618	11369.26171875	
18.098208	-8.43854692381766E-03	2.0712661979625E-05	0	0.22400241149	11369.26171875	
18.102304	-8.83719834283172E-03	2.1326780596275E-05	0	0.16095321517	11369.26171875	
18.1064	-9.25745559040328E-03	2.22398162217E-05	0	0.33822185947	11369.26171875	
18.110496	-9.70147893851813E-03	2.34782870986125E-05	0	0.14124652663	11369.26171875	
18.114592	-1.01690911912941E-02	2.50575535481906E-05	0	0.24976301306	11310.28125	
18.118688	-1.06535394301187E-02	2.69419014234562E-05	0	0.25372266128	11310.28125	
18.122784	-1.11505408725786E-02	2.90668024235531E-05	0	0.21639210494	11310.28125	
18.12688	-1.16655265998923E-02	3.14435812967719E-05	0	0.37327123119	11310.28125	
18.130976	-1.21994019751278E-02	3.408560052975E-05	0	0.17455639971	11310.28125	
18.135072	-1.27524418439103E-02	3.70382985385875E-05	0	0.33129438243	11250.703125	
18.139168	-1.33116613505098E-02	4.02284427042094E-05	0	0.28914205793	11250.703125	
18.143264	-1.38768740643775E-02	4.35818242065937E-05	0	0.3009027472	11250.703125	
18.14736	-1.44481702292366E-02	4.71153930287906E-05	0	0.43520272334	11250.703125	
18.151456	-1.50228559739431E-02	5.0772935765475E-05	0	0.23234132383	11250.703125	
18.155552	-1.55999473950461E-02	5.45896422853031E-05	0	0.41418759613	11192.01953125	
18.159648	-1.61668463956295E-02	5.84977770790875E-05	0	0.34645396049	11192.01953125	
18.163744	-1.67189585918523E-02	6.23742950775656E-05	0	0.3524010622	11192.01953125	
18.16784	-1.72598818464411E-02	6.62616880651687E-05	0	0.4911413375	11192.01953125	
18.171936	-1.77832407649308E-02	7.01248685769844E-05	0	0.28996603097	11132.62109375	
18.176032	-1.82902355796978E-02	7.39846139960812E-05	0	0.48684599656	11132.62109375	
18.180128	-1.87664880975258E-02	7.77117189228187E-05	0	0.38394473381	11132.62109375	
18.184224	-0.019208882121275	8.11027602433125E-05	0	0.42853083053	11132.62109375	
18.18832	-1.96188076968675E-02	8.41478821981875E-05	0	0.54752627039	11132.62109375	
18.192416	-1.99969962830533E-02	8.69750721594562E-05	0	0.35868767132	11074.1796875	
18.196512	-2.03375177608814E-02	8.95524782358937E-05	0	0.56196487204	11074.1796875	
18.200608	-2.06244977382623E-02	9.15681870374906E-05	0	0.46309573662	11074.1796875	
18.204704	-2.08601725588919E-02	9.28700249183437E-05	0	0.51645180565	11074.1796875	
18.2088	-2.10495637785211E-02	9.35232490247344E-05	0	0.61035802938	11074.1796875	
18.212896	-2.11953757830134E-02	9.36974796197344E-05	0	0.44269095981	11015.01953125	
18.216992	-2.12918502547919E-02	9.33837128661937E-05	0	0.63866302918	11015.01953125	
18.221088	-2.13318675401133E-02	9.23087406238594E-05	0	0.53321355351	11015.01953125	
18.225184	-2.13190319934006E-02	9.04075593519656E-05	0	0.59797554564	11015.01953125	
18.22928	-2.12599607562358E-02	8.77898432196844E-05	0	0.68692648706	11015.01953125	
18.233376	-2.11612243397053E-02	8.480652673185E-05	0	0.512694336	11015.01953125	
18.237472	-2.10191266827455E-02	8.141161474215E-05	0	0.71603257176	10956.78125	
18.241568	-2.08315257998392E-02	7.73898346293187E-05	0	0.6100833717	10956.78125	
18.245664	-2.06043188942938E-02	7.27069958025469E-05	0	0.67594017986	10956.78125	
18.24976	-2.03467018655141E-02	6.77379195216281E-05	0	0.75722740907	10956.78125	
18.253856	-2.00657343876258E-02	6.27763720793344E-05	0	0.6115329539	10897.5390625	
18.257952	-1.97649526065234E-02	5.79644934777562E-05	0	0.8034500078	10897.5390625	
18.262048	-1.94387375475219E-02	5.29190276097656E-05	0	0.70240268439	10897.5390625	
18.266144	-1.90986005426992E-02	4.77863644732031E-05	0	0.79505006042	10897.5390625	
18.27024	-1.87535047047133E-02	4.30274937513094E-05	0	0.87819122897	10897.5390625	
18.274336	-1.84119354122258E-02	3.89868970707563E-05	0	0.70558413585	10839.23828125	
18.278432	-1.80716357492636E-02	3.55040017555781E-05	0	0.89873333462	10839.23828125	
18.282528	-1.77315825879002E-02	3.22978366925156E-05	0	0.79801025986	10839.23828125	
18.286624	-1.73980571472864E-02	2.93515338695906E-05	0	0.87409043722	10839.23828125	
18.29072	-1.70789811256848E-02	2.710053059175E-05	0	0.96022232273	10839.23828125	
18.294816	-1.67773155595478E-02	2.56012806486937E-05	0	0.80657423891	10779.83984375	
18.298912	-1.64952602196336E-02	2.49500680787531E-05	0	0.98509791622	10779.83984375	
18.303008	-1.62222874944505E-02	2.44581019841812E-05	0	0.88656447352	10779.83984375	
18.307104	-0.015965796180687	2.42267673597469E-05	0	0.97876934551	10779.83984375	
18.3112	-1.57310523241816E-02	2.45899648330875E-05	0	1.05747402959	10721.49609375	
18.315296	-1.55218772483088E-02	2.57882198848312E-05	0	0.90067501183	10721.49609375	
18.319392	-1.53279908489314E-02	2.72435616987187E-05	0	1.08977682451	10721.49609375	
18.323488	-1.51456625035598E-02	2.85361930983937E-05	0	0.99232675377	10721.49609375	
18.327584	-1.49761874427756E-02	2.97883884808125E-05	0	1.07189355779	10721.49609375	
18.33168	-1.48245652785673E-02	3.13074271060031E-05	0	1.14644785915	10721.49609375	
18.335776	-1.46911835012078E-02	3.32893044510469E-05	0	0.9897213205	10662.296875	
18.339872	-0.014567577395745	3.52921274482219E-05	0	1.16357200256	10662.296875	
18.343968	-1.44442681711023E-02	3.66301955813063E-05	0	1.07029138799	10662.296875	
18.348064	-1.43264436070319E-02	3.74854137164719E-05	0	1.15368432608	10662.296875	
18.35216	-1.42172413872741E-02	3.841478081595E-05	0	1.23053888551	10662.296875	
18.356256	-0.014115093812863	3.93925247901281E-05	0	1.06669795001	10662.296875	
18.360352	-1.40156387381106E-02	4.02461349942094E-05	0	1.25324392039	10603.9765625	
18.364448	-1.39079406718398E-02	4.02420602386687E-05	0	1.15463418389	10603.9765625	
18.368544	-1.37987070907881E-02	3.96536286155625E-05	0	1.23245767458	10603.9765625	
18.37264	-1.36938447986588E-02	3.92109163178906E-05	0	1.31119669087	10544.875	
18.376736	-1.35915051248934E-02	3.88413895239562E-05	0	1.15528268119	10544.875	
18.380832	-1.34879724419069E-02	3.83787844577156E-05	0	1.33287175945	10544.875	
18.384928	-1.33747909036844E-02	3.71163080759625E-05	0	1.2292457056	10544.875	
18.389024	-0.013258795535083	3.54599710303781E-05	0	1.31543862615	10544.875	
18.39312	-1.31456935429995E-02	3.40201267971469E-05	0	1.38977930487	10486.41796875	
18.397216	-1.30368614413692E-02	3.293628629445E-05	0	1.22063595027	10486.41796875	
18.401312	-1.29248221674172E-02	3.17279324547281E-05	0	1.4039966545	10486.41796875	
18.405408	-1.28056257524611E-02	2.98367184805594E-05	0	1.3069509409	10486.41796875	
18.409504	-1.26851783601778E-02	2.77864368769969E-05	0	1.38017773014	10486.41796875	
18.4136	-1.25691638822166E-02	2.60664434046844E-05	0	1.45522412651	10486.41796875	
18.417696	-1.24606629485353E-02	2.49971156278594E-05	0	1.2934087914	10427.31640625	
18.421792	-1.23514267159456E-02	2.38610343120187E-05	0	1.47422128271	10427.31640625	
18.425888	-1.22381784321122E-02	2.21766730156125E-05	0	1.37852215468	10427.31640625	
18.429984	-1.21265483178984E-02	2.04354925452562E-05	0	1.46013744723	10427.31640625	
18.43408	-1.20220441662595E-02	1.9173817364625E-05	0	1.53236478769	10368.85546875	
18.438176	-1.19252424581228E-02	1.85050528891594E-05	0	1.3616154486	10368.85546875	
18.442272	-1.18295007251472E-02	1.77832769282438E-05	0	1.54421321483	10368.85546875	
18.446368	-1.17309874035355E-02	1.65163707432281E-05	0	1.44151413065	10368.85546875	
18.450464	-1.16347738796661E-02	1.509978874635E-05	0	1.51057146372	10368.85546875	
18.45456	-1.15466727819283E-02	1.42273263976594E-05	0	1.58419116603	10368.85546875	
18.458656	-1.14648781386683E-02	1.37620283052656E-05	0	1.41801945494	10309.953125	
18.462752	-1.13863968206811E-02	1.33808810902594E-05	0	1.60105591052	10309.953125	
18.466848	-1.13019984585681E-02	1.22215603745812E-05	0	1.49679280344	10309.953125	
18.470944	-1.12197500365861E-02	1.08007495357781E-05	0	1.57873234464	10309.953125	
18.47504	-1.11452519686544E-02	1.00875139509375E-05	0	1.65075369184	10251.5546875	
18.479136	-1.10742480791714E-02	9.49231743075E-06	0	1.48267082106	10251.5546875	
18.483232	-1.10067938675698E-02	9.05657291457187E-06	0	1.64569159821	10251.5546875	
18.487328	-1.09319871240456E-02	7.77425015843437E-06	0	1.56668173893	10251.5546875	
18.491424	-1.08590801617598E-02	6.24945072169687E-06	0	1.63151239548	10251.5546875	
18.49552	-0.010793513570895	5.49509378374687E-06	0	1.70120296709	10192.93359375	
18.499616	-1.07308825982909E-02	4.8665480180625E-06	0	1.53891842511	10192.93359375	
18.503712	-1.06712106506277E-02	4.3625956374E-06	0	1.6973463155	10192.93359375	
18.507808	-1.06042691001775E-02	3.07138587091875E-06	0	1.60432509985	10192.93359375	
18.511904	-1.05380901869066E-02	1.49819032873125E-06	0	1.69071638428	10134.43359375	
18.516	-1.04785147003659E-02	6.4374118318125E-07	0	1.75565003746	10134.43359375	
18.520096	-1.04207972104827E-02	-9.9493410121875E-08	0	1.58303150027	10134.43359375	
18.524192	-1.03647953570975E-02	-7.7694585766875E-07	0	1.75183534746	10134.43359375	
18.528288	-1.03025868019216E-02	-2.10439765521562E-06	0	1.66509692624	10134.43359375	
18.532384	-1.02401658494111E-02	-3.66858887948437E-06	0	1.73194936849	10075.9140625	
18.53648	-1.01832112710041E-02	-4.672516481325E-06	0	1.80310096637	10075.9140625	
18.540576	-1.01303513986795E-02	-5.29605840585937E-06	0	1.64064094865	10075.9140625	
18.544672	-1.00771078762406E-02	-5.9604873087375E-06	0	1.8016017932	10075.9140625	
18.548768	-1.00183155991566E-02	-7.29354967759687E-06	0	1.71386773789	10075.9140625	
18.552864	-9.95932372526609E-03	-8.73776650260937E-06	0	1.78815119626	10017.57421875	
18.55696	-9.90341833300359E-03	-9.90730235230312E-06	0	1.85620145117	10017.57421875	
18.561056	-9.85301469916156E-03	-1.05284012504344E-05	0	1.6841093412	10017.57421875	
18.565152	-9.80024973360984E-03	-1.13337877046625E-05	0	1.83857376868	10017.57421875	
18.569248	-9.74345936769219E-03	-1.26934748065125E-05	0	1.75730561292	10017.57421875	
18.573344	-9.68616173513141E-03	-1.41366250460531E-05	0	1.81364476953	9959.09375	
18.57744	-9.63233670298625E-03	-1.53131342060813E-05	0	1.8950998451	9959.09375	
18.581536	-9.58559237440578E-03	-1.57756779743063E-05	0	1.73324636309	9959.09375	
18.585632	-9.53662267401078E-03	-1.641374897085E-05	0	1.88504813695	9959.09375	
18.589728	-9.48318824083813E-03	-1.77346825056844E-05	0	1.82433353091	9959.09375	
18.593824	-9.42988766461672E-03	-1.90961871537937E-05	0	1.87359643757	9959.09375	
18.59792	-9.37917672666734E-03	-2.02823530349344E-05	0	1.95316324159	9900.69140625	
18.602016	-9.33515817911875E-03	-2.07989840086875E-05	0	1.77328916402	9900.69140625	
18.606112	-9.28897807953156E-03	-2.15109854601469E-05	0	1.92838683004	9900.69140625	
18.610208	-9.23935655795797E-03	-2.27936954755125E-05	0	1.87004877587	9900.69140625	
18.614304	-9.18923901591953E-03	-2.41997226752531E-05	0	1.90680712871	9842.15234375	
18.6184	-9.14290293275391E-03	-2.5316818913925E-05	0	1.98362735593	9842.15234375	
18.622496	-9.10282073046844E-03	-2.57625862566188E-05	0	1.81450307478	9842.15234375	
18.626592	-9.06147447603062E-03	-2.63546731645312E-05	0	1.96787650092	9842.15234375	
18.630688	-9.01603625848063E-03	-2.76237014628094E-05	0	1.90037556137	9783.61328125	
18.634784	-8.97067319831719E-03	-2.89916914409719E-05	0	1.9544945684	9783.61328125	
18.63888	-8.92857582717547E-03	-3.01066852779E-05	0	2.03284067162	9783.61328125	
18.642976	-8.89260716603531E-03	-3.05793987474938E-05	0	1.85166197007	9783.61328125	
18.647072	-8.85574923391984E-03	-3.11614618673531E-05	0	2.0142326138	9783.61328125	
18.651168	-8.81532260599547E-03	-3.23562907206E-05	0	1.95318612973	9783.61328125	
18.655264	-8.77403166812562E-03	-3.37811183823094E-05	0	1.98476794824	9725.11328125	
18.65936	-8.73680946955266E-03	-3.48492021699938E-05	0	2.0685156525	9725.11328125	
18.663456	-8.70553329915844E-03	-3.52906404304781E-05	0	1.89771290775	9725.11328125	
18.667552	-8.67475159487922E-03	-3.57299784526781E-05	0	2.05237188442	9725.11328125	
18.671648	-8.63912022765516E-03	-3.69383082539625E-05	0	1.98413089501	9725.11328125	
18.675744	-8.6030594027125E-03	-3.83506902550406E-05	0	2.03265375181	9666.58984375	
18.67984	-8.57040717554484E-03	-3.94268812461562E-05	0	2.11624505378	9666.58984375	
18.683936	-8.54319005261906E-03	-3.99126439815469E-05	0	1.92803969325	9666.58984375	
18.688032	-8.51654584475922E-03	-4.03967562378187E-05	0	2.08876021233	9666.58984375	
18.692128	-8.48511231930141E-03	-4.16345658173156E-05	0	2.03160089737	9607.9296875	
18.696224	-8.45284858816234E-03	-4.31569008334406E-05	0	2.0333060638	9607.9296875	
18.70032	-8.42529627426438E-03	-4.4132500098225E-05	0	2.14953203872	9607.9296875	
18.704416	-8.40332608781703E-03	-4.44906809900438E-05	0	1.97912602173	9607.9296875	
18.708512	-8.38334784641062E-03	-4.47138009592312E-05	0	2.13018774573	9607.9296875	
18.712608	-8.35721227667906E-03	-4.58997666001875E-05	0	2.07208620234	9607.9296875	
18.716704	-8.33055746266734E-03	-4.74232701247594E-05	0	2.0799597225	9607.9296875	
18.7208	-8.30869681216781E-03	-4.82838380141906E-05	0	2.19612084769	9549.33203125	
18.724896	-8.29154657315359E-03	-4.86404910229219E-05	0	2.01096342447	9549.33203125	
18.728992	-8.27705061507844E-03	-4.87561317726656E-05	0	2.16465346988	9549.33203125	
18.733088	-8.25643829036813E-03	-4.98651184040625E-05	0	2.1112783274	9549.33203125	
18.737184	-8.23472841180344E-03	-5.142609088155E-05	0	2.10928705922	9490.58984375	
18.74128	-8.21840526977078E-03	-5.22012504429281E-05	0	2.23049883397	9490.58984375	
18.745376	-8.20676538381734E-03	-5.23951598644031E-05	0	2.05388250166	9490.58984375	
18.749472	-8.19739475720344E-03	-5.2399018754775E-05	0	2.20573768118	9490.58984375	
18.753568	-0.008180883355975	-5.36406785708062E-05	0	2.14738818294	9431.9296875	
18.757664	-8.16282693100187E-03	-5.53729210693312E-05	0	2.16475265182	9431.9296875	
18.76176	-8.15008126228312E-03	-5.6118915034875E-05	0	2.27299829526	9431.9296875	
18.765856	-8.14159496929797E-03	-5.63427633687187E-05	0	2.09184248185	9431.9296875	
18.769952	-8.13587752197859E-03	-5.63257330972875E-05	0	2.24679900434	9431.9296875	
18.774048	-8.12280041101375E-03	-5.75979512962219E-05	0	2.19449197506	9373.37109375	
18.778144	-8.10793854069891E-03	-5.93456545965937E-05	0	2.19110834503	9373.37109375	
18.78224	-8.09864508298313E-03	-6.00824952059062E-05	0	2.32106338926	9373.37109375	
18.786336	-8.09335983635266E-03	-6.02780130392344E-05	0	2.13079428144	9373.37109375	
18.790432	-8.09017323630828E-03	-6.02785627983E-05	0	2.28556388412	9373.37109375	
18.794528	-8.07930677655063E-03	-6.16406071093312E-05	0	2.22742037914	9314.671875	
18.798624	-8.06698069085734E-03	-6.34879434831469E-05	0	2.2421984882	9314.671875	
18.80272	-8.06014429451516E-03	-6.41938983060375E-05	0	2.36555030404	9314.671875	
18.806816	-8.05726563860453E-03	-6.43022746399687E-05	0	2.17126051296	9314.671875	
18.810912	-8.05685401019297E-03	-6.4199876184675E-05	0	2.32792983126	9314.671875	
18.815008	-8.04928844090937E-03	-6.55122063627281E-05	0	2.27030893881	9256.25	
18.819104	-8.04014703518125E-03	-6.72406892496281E-05	0	2.27895684104	9256.25	
18.8232	-8.03669848147203E-03	-6.78057490211062E-05	0	2.40016098641	9256.25	
18.827296	-8.03703641541453E-03	-6.78231780902156E-05	0	2.21881062381	9256.25	
18.831392	-8.03953004972562E-03	-6.76105059471187E-05	0	2.36744239028	9256.25	
18.835488	-8.03398806107391E-03	-6.90696648244969E-05	0	2.31288087921	9256.25	
18.839584	-8.02700967030187E-03	-7.09819468064437E-05	0	2.32026230436	9197.7109375	
18.84368	-8.02571453115266E-03	-7.14836943816187E-05	0	2.44561301776	9197.7109375	
18.847776	-8.02795471500688E-03	-7.1447938167375E-05	0	2.25279951171	9197.7109375	
18.851872	-8.03237044004828E-03	-7.12573688867906E-05	0	2.40743941493	9197.7109375	
18.855968	-8.02964676196031E-03	-7.25585897009531E-05	0	2.36009529734	9139.44921875	
18.860064	-8.02524411174406E-03	-7.43527100222156E-05	0	2.3595002057	9139.44921875	
18.86416	-8.02627007407328E-03	-7.48373470375781E-05	0	2.49109938132	9139.44921875	
18.868256	-8.03093056349891E-03	-7.46652948057844E-05	0	2.29696980722	9139.44921875	
18.872352	-8.03728154552812E-03	-7.44056421808219E-05	0	2.45900257966	9080.94921875	
18.876448	-8.03604364302609E-03	-7.58220672067031E-05	0	2.3939468564	9080.94921875	
18.880544	-8.03270645391156E-03	-7.77566789740125E-05	0	2.40562743718	9080.94921875	
18.88464	-8.03507162577969E-03	-7.81930528164844E-05	0	2.5331067476	9080.94921875	
18.888736	-8.04058673332234E-03	-7.80658591936781E-05	0	2.35673074076	9080.94921875	
18.892832	-8.04806077882984E-03	-7.77453402834281E-05	0	2.49205305382	9022.98828125	
18.896928	-8.04827911926672E-03	-7.91987378684906E-05	0	2.4435759733	9022.98828125	
18.901024	-8.04653212147469E-03	-8.10629573985E-05	0	2.43947899624	9022.98828125	
18.90512	-8.05019032954813E-03	-8.14176866110781E-05	0	2.57044493332	9022.98828125	
18.909216	-8.05708432826687E-03	-8.12284358387906E-05	0	2.4005462701	9022.98828125	
18.913312	-8.06583604934594E-03	-8.08162636548094E-05	0	2.53933232168	9022.98828125	
18.917408	-8.06655580475594E-03	-8.24244247870312E-05	0	2.4854231226	8964.46875	
18.921504	-8.06547617164094E-03	-8.43969458914312E-05	0	2.49425412995	8964.46875	
18.9256	-8.07021520144984E-03	-8.46182516797406E-05	0	2.62306095249	8964.46875	
18.929696	-8.07772920289156E-03	-8.43909004647844E-05	0	2.44150459663	8964.46875	
18.933792	-8.08681794358969E-03	-8.40102472396687E-05	0	2.58205303499	8964.46875	
18.937888	-8.08824785401359E-03	-8.5630762446075E-05	0	2.53420919301	8906.58984375	
18.941984	-8.0873605031175E-03	-8.77173916094437E-05	0	2.52920050504	8906.58984375	
18.94608	-8.09162755916797E-03	-8.81121948204094E-05	0	2.66209286057	8906.58984375	
18.950176	-8.09890959675359E-03	-8.78778830354906E-05	0	2.48830702824	8906.58984375	
18.954272	-8.10807587207922E-03	-8.74376397257344E-05	0	2.62276722136	8848.08984375	
18.958368	-8.10961376410109E-03	-8.91223495794844E-05	0	2.5786541462	8848.08984375	
18.962464	-8.10951593149328E-03	-9.11191858038E-05	0	2.57625852088	8848.08984375	
18.96656	-8.11484040259922E-03	-9.12717632954531E-05	0	2.70985659406	8848.08984375	
18.970656	-8.12296242912688E-03	-9.09427203552656E-05	0	2.53732579474	8790.12890625	
18.974752	-0.00813339412809	-9.03286046232281E-05	0	2.6747843342	8790.12890625	
18.978848	-8.13668907546172E-03	-9.18145990506937E-05	0	2.62753176917	8790.12890625	
18.982944	-8.13771659214078E-03	-9.38025571588875E-05	0	2.61775090401	8790.12890625	
18.98704	-8.14389751001062E-03	-9.39595320019125E-05	0	2.75722359979	8790.12890625	
18.991136	-8.15308152321094E-03	-9.34696663860094E-05	0	2.57918438811	8790.12890625	
18.995232	-8.16409454901562E-03	-9.2883001347675E-05	0	2.69466268379	8731.5703125	
18.999328	-8.16791733530781E-03	-9.44178736108781E-05	0	2.66950861793	8731.5703125	
19.003424	-8.16913557985594E-03	-9.65963387401031E-05	0	2.66960398518	8731.5703125	
19.00752	-8.17582056423687E-03	-9.66251086632562E-05	0	2.80171051457	8731.5703125	
19.011616	-8.18524166150453E-03	-9.6130101946725E-05	0	2.6290080542	8731.5703125	
19.015712	-8.19679724683703E-03	-9.53814137531062E-05	0	2.73173384121	8673.58984375	
19.019808	-8.20089423872812E-03	-9.70004731917375E-05	0	2.71675736827	8673.58984375	
19.023904	-8.20222457932969E-03	-9.92483548380844E-05	0	2.7155252234	8673.58984375	
19.028	-8.20860673978813E-03	-9.93704234660156E-05	0	2.847284616	8673.58984375	
19.032096	-8.21793969627641E-03	-9.88709900712187E-05	0	2.68015923241	8673.58984375	
19.036192	-0.008229393700275	-9.80479572404062E-05	0	2.79088060966	8614.75	
19.040288	-8.23307851516047E-03	-9.98416229948156E-05	0	2.76573035849	8614.75	
19.044384	-8.23433634991344E-03	-1.02051839774981E-04	0	2.76767585039	8614.75	
19.04848	-8.24076431797609E-03	-1.02105825538303E-04	0	2.90266247073	8614.75	
19.052576	-8.25010047459641E-03	-1.01474231698744E-04	0	2.72307449491	8556.66796875	
19.056672	-8.26130239962328E-03	-1.00718637502416E-04	0	2.83063730884	8556.66796875	
19.060768	-8.26518333688609E-03	-1.02475877572097E-04	0	2.816004158	8556.66796875	
19.064864	-8.26624779223203E-03	-1.04796294482447E-04	0	2.810663592	8556.66796875	
19.06896	-8.27183631994672E-03	-1.04941716452409E-04	0	2.94387638149	8556.66796875	
19.073056	-8.28085904649266E-03	-1.04276331540872E-04	0	2.77379079846	8497.48828125	
19.077152	-8.29189328460109E-03	-1.0335696202755E-04	0	2.88887999576	8497.48828125	
19.081248	-8.29518667762297E-03	-1.05304651666397E-04	0	2.86255100538	8497.48828125	
19.085344	-8.29605098756844E-03	-1.07693243268187E-04	0	2.86388996157	8497.48828125	
19.08944	-8.30248855602719E-03	-1.07492471353575E-04	0	2.99926568029	8497.48828125	
19.093536	-8.31226121065656E-03	-1.06579456641591E-04	0	2.83053049752	8497.48828125	
19.097632	-8.32432031390609E-03	-1.05404784258572E-04	0	2.92971625221	8439.40625	
19.101728	-8.32888681088234E-03	-0.000107140431321	0	2.94597446099	8439.40625	
19.105824	-8.33007360270422E-03	-1.0966835571615E-04	0	2.90658778674	8439.40625	
19.10992	-8.33614681327313E-03	-1.09720267683469E-04	0	3.04652968939	8439.40625	
19.114016	-8.34595951526906E-03	-1.08720841038666E-04	0	2.88266968044	8380.328125	
19.118112	-8.35766431818656E-03	-1.07577083768962E-04	0	2.98594478281	8380.328125	
19.122208	-8.36167774091547E-03	-1.09556608231744E-04	0	2.98673060895	8380.328125	
19.126304	-8.36311972040875E-03	-1.11950427712922E-04	0	2.96647841974	8380.328125	
19.1304	-8.36951861298609E-03	-1.11764585591072E-04	0	3.10132389655	8380.328125	
19.134496	-8.37939284894938E-03	-1.10678552542491E-04	0	2.93438161808	8322.08984375	
19.138592	-8.39077955874297E-03	-1.09666086968419E-04	0	3.029626798	8322.08984375	
19.142688	-8.39506554128859E-03	-1.11580474477106E-04	0	3.04905119948	8322.08984375	
19.146784	-8.39631633575109E-03	-1.14051699409725E-04	0	3.01129721255	8322.08984375	
19.15088	-8.40184460955125E-03	-1.14080455630969E-04	0	3.14743205458	8263.109375	
19.154976	-8.41188324086859E-03	-1.12720457471737E-04	0	2.98890879694	8263.109375	
19.159072	-8.42354927647234E-03	-1.11429861406566E-04	0	3.08477958602	8263.109375	
19.163168	-8.42797515050391E-03	-1.13414178412631E-04	0	3.09622365602	8263.109375	
19.167264	-8.43033218489344E-03	-1.15559837324662E-04	0	3.06604564343	8263.109375	
19.17136	-8.43649024467734E-03	-1.15495148447044E-04	0	3.20702895645	8204.84765625	
19.175456	-8.44671228927625E-03	-1.14143638981247E-04	0	3.04453842121	8204.84765625	
19.179552	-8.45780074676453E-03	-1.13070285246909E-04	0	3.13245558164	8204.84765625	
19.183648	-8.46143216516125E-03	-0.000115312653918	0	3.15907067377	8204.84765625	
19.187744	-8.46172950314313E-03	-1.18085873500547E-04	0	3.0929887989	8204.84765625	
19.19184	-8.4656885236275E-03	-1.18429053445828E-04	0	3.2610258934	8204.84765625	
19.195936	-8.47465712222594E-03	-1.16945126323987E-04	0	3.09454900711	8204.84765625	
19.200032	-8.48502609860125E-03	-1.15672804759772E-04	0	3.19244921127	8145.6875	
19.204128	-8.48819870949703E-03	-1.17817892037759E-04	0	3.20317993424	8145.6875	
19.208224	-8.48856069014594E-03	-1.20391550521791E-04	0	3.15091105186	8145.6875	
19.21232	-8.49276548077031E-03	-1.204405949439E-04	0	3.31461847321	8145.6875	
19.216416	-8.50201724533734E-03	-1.18769688682116E-04	0	3.16227501337	8145.6875	
19.220512	-8.51224569020031E-03	-1.17553760330737E-04	0	3.23231653646	8087.5078125	
19.224608	-8.51545688554516E-03	-1.19840273669222E-04	0	3.26719424713	8087.5078125	
19.228704	-8.51586147366625E-03	-1.22409864849628E-04	0	3.21059950629	8087.5078125	
19.2328	-8.52000774759062E-03	-1.22470168395094E-04	0	3.36521270668	8087.5078125	
19.236896	-8.52961756121578E-03	-1.20537908067741E-04	0	3.21135481491	8028.52734375	
19.240992	-8.54068306918578E-03	-1.18927900783519E-04	0	3.30236187424	8028.52734375	
19.245088	-8.54448391171547E-03	-1.21166825708053E-04	0	3.31986748665	8028.52734375	
19.249184	-8.54580748632359E-03	-1.23549894238444E-04	0	3.26590488191	8028.52734375	
19.25328	-8.55008139979984E-03	-1.23767738010984E-04	0	3.43011202765	8028.52734375	
19.257376	-8.55955561925922E-03	-1.21884654557531E-04	0	3.26839205979	7970.1875	
19.261472	-8.56894992685016E-03	-1.20938342523075E-04	0	3.35071306999	7970.1875	
19.265568	-8.57138166146453E-03	-1.23483337574231E-04	0	3.3830578265	7970.1875	
19.269664	-0.00857108148908	-1.26141113281837E-04	0	3.32114922249	7970.1875	
19.27376	-8.57349438863156E-03	-1.26657394977094E-04	0	3.48214821394	7911.328125	
19.277856	-8.58242165981062E-03	-1.24394341711303E-04	0	3.32447944686	7911.328125	
19.281952	-8.59255986095031E-03	-1.22776280108212E-04	0	3.42293278107	7911.328125	
19.286048	-8.59602103232297E-03	-1.24967234167256E-04	0	3.43246950607	7911.328125	
19.290144	-8.59735932753844E-03	-1.27137961563834E-04	0	3.38208508055	7911.328125	
19.29424	-8.60105337709063E-03	-1.27422827384737E-04	0	3.54462139207	7853.046875	
19.298336	-8.61082045434703E-03	-1.25069962670297E-04	0	3.39433786483	7853.046875	
19.302432	-8.62075101263406E-03	-1.23823743964594E-04	0	3.4701853461	7853.046875	
19.306528	-0.00862380503578	-1.26331790254622E-04	0	3.50368976837	7853.046875	
19.310624	-8.62386154096844E-03	-1.29062018053237E-04	0	3.44568740692	7853.046875	
19.31472	-8.62608691278297E-03	-1.29661012406166E-04	0	3.59863358778	7853.046875	
19.318816	-8.63511347948734E-03	-1.27063716686156E-04	0	3.44627486918	7794.40625	
19.322912	-8.64526868704297E-03	-1.25294951387616E-04	0	3.53764432406	7794.40625	
19.327008	-8.64770069595438E-03	-1.28059342132837E-04	0	3.55149546345	7794.40625	
19.331104	-8.64772199969047E-03	-1.30686979649428E-04	0	3.5066919294	7794.40625	
19.3352	-8.64978407333906E-03	-1.31318375652647E-04	0	3.67188326516	7736.02734375	
19.339296	-8.65863810721078E-03	-1.28633570645147E-04	0	3.51022433234	7736.02734375	
19.343392	-8.66737254757687E-03	-1.27437534581569E-04	0	3.59357530884	7736.02734375	
19.347488	-8.66934766906656E-03	-1.30130692224947E-04	0	3.62702632545	7736.02734375	
19.351584	-8.66839265823609E-03	-1.33007903530425E-04	0	3.56602561766	7677.58984375	
19.35568	-8.66976798355078E-03	-1.33594930587628E-04	0	3.73210959088	7677.58984375	
19.359776	-8.67932120055516E-03	-1.30167716707153E-04	0	3.57179724363	7677.58984375	
19.363872	-8.68940755955594E-03	-1.28342986801116E-04	0	3.66804568702	7677.58984375	
19.367968	-8.69168120764797E-03	-1.31297883846216E-04	0	3.68829787623	7677.58984375	
19.372064	-8.69127872247078E-03	-1.34125529816644E-04	0	3.63182139078	7677.58984375	
19.37616	-8.69302508023641E-03	-1.34624251914075E-04	0	3.80411949401	7619.25	
19.380256	-8.70204058362719E-03	-1.31487425723981E-04	0	3.63747094667	7619.25	
19.384352	-8.71050282990594E-03	-1.30341474225703E-04	0	3.72316795752	7619.25	
19.388448	-8.71170973684344E-03	-1.33506361926197E-04	0	3.76636169239	7619.25	
19.392544	-8.70994948136156E-03	-1.36633941971691E-04	0	3.68975508781	7619.25	
19.39664	-8.71052943671797E-03	-1.37287071607022E-04	0	3.86788585205	7560.7265625	
19.400736	-8.71955902068969E-03	-1.33593102945225E-04	0	3.72630744739	7560.7265625	
19.404832	-8.72906258993141E-03	-1.31651703684703E-04	0	3.79476205944	7560.7265625	
19.408928	-8.73078572388172E-03	-1.34793991648181E-04	0	3.83079180649	7560.7265625	
19.413024	-8.73017879598391E-03	-1.37550772304859E-04	0	3.75555849031	7560.7265625	
19.41712	-8.73161528953656E-03	-1.38054005455472E-04	0	3.94804774771	7502.30859375	
19.421216	-8.74101362015062E-03	-1.34379353360897E-04	0	3.80772437606	7502.30859375	
19.425312	-8.74969987567156E-03	-1.33091889504131E-04	0	3.85664777531	7502.30859375	
19.429408	-8.75111863134953E-03	-1.36319103344222E-04	0	3.90918750068	7502.30859375	
19.433504	-8.74994692586437E-03	-1.39222053806653E-04	0	3.8270877425	7443.7265625	
19.4376	-8.75103003340844E-03	-1.39664076441553E-04	0	4.00727080996	7443.7265625	
19.441696	-8.76043311850437E-03	-1.35708127993659E-04	0	3.87045695311	7443.7265625	
19.445792	-8.76983757508547E-03	-1.33957739599819E-04	0	3.93091216023	7443.7265625	
19.449888	-8.77099492569266E-03	-1.37573479012922E-04	0	3.97210699754	7443.7265625	
19.453984	-8.77004988098766E-03	-1.40320785159844E-04	0	3.90100499063	7385.08984375	
19.45808	-8.77084835964563E-03	-1.40950136453569E-04	0	4.08641799808	7385.08984375	
19.462176	-8.77938274604359E-03	-1.37247610348406E-04	0	3.95016490066	7385.08984375	
19.466272	-8.78729594109813E-03	-1.35962049614738E-04	0	3.99579240775	7385.08984375	
19.470368	-8.78780238485016E-03	-1.39580484938606E-04	0	4.05627813239	7385.08984375	
19.474464	-8.78615605406859E-03	-1.42427954687287E-04	0	3.97058493623	7326.46875	
19.47856	-8.78665198310109E-03	-1.429404109056E-04	0	4.1504208669	7326.46875	
19.482656	-8.79588939279016E-03	-1.38532177573453E-04	0	4.01990887793	7326.46875	
19.486752	-8.80551474991375E-03	-1.36327153816941E-04	0	4.08155808302	7326.46875	
19.490848	-8.8067326287325E-03	-1.40066580365972E-04	0	4.11636331458	7326.46875	
19.494944	-8.80563160044906E-03	-1.42996574070591E-04	0	4.04747764256	7326.46875	
19.49904	-8.80594274471484E-03	-1.43840211928875E-04	0	4.22935061769	7267.828125	
19.503136	-8.81425321330297E-03	-1.39868967102047E-04	0	4.10234814352	7267.828125	
19.507232	-8.82187949366281E-03	-1.38573972723966E-04	0	4.1086118645	7267.828125	
19.511328	-8.82198994393406E-03	-1.424036883654E-04	0	4.20118676142	7209.1875	
19.515424	-8.81991744699828E-03	-1.45347196239197E-04	0	4.12403847086	7209.1875	
19.51952	-8.82019018967969E-03	-1.45622543319619E-04	0	4.29404776009	7209.1875	
19.523616	-8.82918813806047E-03	-1.41035245983844E-04	0	4.17026488428	7209.1875	
19.527712	-8.83798840971406E-03	-1.39210682664178E-04	0	4.20531807069	7209.1875	
19.531808	-8.83780984234672E-03	-1.43654639999062E-04	0	4.26253079131	7209.1875	
19.535904	-8.83583453799234E-03	-1.466614994922E-04	0	4.20666847095	7209.1875	
19.54	-8.83620072452906E-03	-1.46888367534562E-04	0	4.37602926288	7150.48828125	
19.544096	-8.84451869056938E-03	-1.42528234635084E-04	0	4.25621747936	7150.48828125	
19.548192	-8.85191072126453E-03	-1.41308169989766E-04	0	4.26742503858	7150.48828125	
19.552288	-8.85185366748203E-03	-1.45234808130431E-04	0	4.35385065522	7150.48828125	
19.556384	-8.85024052664125E-03	-1.47967471984303E-04	0	4.27835031074	7091.80859375	
19.56048	-8.85090633696844E-03	-1.48079010334303E-04	0	4.45069037556	7091.80859375	
19.564576	-8.85970990018641E-03	-1.43416283266266E-04	0	4.32571731647	7091.80859375	
19.568672	-8.86822974884172E-03	-1.41622590348422E-04	0	4.3557274827	7091.80859375	
19.572768	-8.86834029054531E-03	-1.45929831233484E-04	0	4.42470470728	7033.25	
19.576864	-8.86696615385109E-03	-1.48666382343084E-04	0	4.3574059463	7033.25	
19.58096	-0.008866786855025	-1.49415170536603E-04	0	4.53666204409	7033.25	
19.585056	-8.87449323011797E-03	-1.45082337850209E-04	0	4.41018218245	7033.25	
19.589152	-8.88169371005297E-03	-1.43711235375159E-04	0	4.42074124437	7033.25	
19.593248	-8.88169645302328E-03	-1.47620452860169E-04	0	4.51011943107	7033.25	
19.597344	-8.88044163553766E-03	-1.50022083871997E-04	0	4.4322501641	6974.58984375	
19.60144	-8.88051880443578E-03	-1.50533537687466E-04	0	4.60734824979	6974.58984375	
19.605536	-8.88907897475469E-03	-1.45620365196797E-04	0	4.48875335238	6974.58984375	
19.609632	-8.89765999164797E-03	-1.43634957086053E-04	0	4.51250742701	6974.58984375	
19.613728	-8.89751150552172E-03	-1.48294623820612E-04	0	4.60447578822	6974.58984375	
19.617824	-8.89599491723594E-03	-1.50942188480737E-04	0	4.51675699167	6916.0703125	
19.62192	-8.89492406162594E-03	-1.52163214903941E-04	0	4.69613515954	6916.0703125	
19.626016	-8.90247317308766E-03	-1.47341521167947E-04	0	4.58055768192	6916.0703125	
19.630112	-8.90960261009156E-03	-1.45798719104981E-04	0	4.5801838423	6916.0703125	
19.634208	-8.9090344495075E-03	-1.50156897439106E-04	0	4.69359839069	6916.0703125	
19.638304	-8.90708630055922E-03	-1.52817878912737E-04	0	4.6000965241	6857.75	
19.6424	-8.90614207874531E-03	-1.53631879300659E-04	0	4.77273413474	6857.75	
19.646496	-8.91431366160328E-03	-1.48349807900044E-04	0	4.65629835187	6857.75	
19.650592	-8.92239015482375E-03	-1.46345396202534E-04	0	4.67577615901	6857.75	
19.654688	-8.92135715220406E-03	-1.51488755722631E-04	0	4.76931235781	6857.75	
19.658784	-8.91925493975656E-03	-1.54134701634375E-04	0	4.69171774852	6799.23046875	
19.66288	-8.91765258793234E-03	-1.55334072790772E-04	0	4.86524799662	6799.23046875	
19.666976	-8.92500703993422E-03	-1.50161376040397E-04	0	4.75195170362	6799.23046875	
19.671072	-8.93232638191609E-03	-1.48386631661297E-04	0	4.74880458437	6799.23046875	
19.675168	-8.93227216253625E-03	-1.52567677239862E-04	0	4.86920764484	6741.19140625	
19.679264	-8.93078309538594E-03	-1.55075428337878E-04	0	4.76990744945	6741.19140625	
19.68336	-8.92974424109625E-03	-1.56116523691012E-04	0	4.94583713756	6741.19140625	
19.687456	-8.93762753777438E-03	-1.50729412251206E-04	0	4.83695444089	6741.19140625	
19.691552	-8.94581448126609E-03	-1.48542685351397E-04	0	4.85206824267	6682.6484375	
19.695648	-8.94486513924094E-03	-1.53815451713241E-04	0	4.94988070896	6682.6484375	
19.699744	-8.94277847029188E-03	-1.565276511645E-04	0	4.85218268337	6682.6484375	
19.70384	-8.94092906827484E-03	-1.57871937079828E-04	0	5.04181855265	6682.6484375	
19.707936	-8.94808255198516E-03	-1.52421981952866E-04	0	4.93406118953	6682.6484375	
19.712032	-8.95550768118875E-03	-1.50436879130278E-04	0	4.92616096654	6624.75	
19.716128	-8.95480895521781E-03	-1.55189983511784E-04	0	5.05188933425	6624.75	
19.720224	-8.95296513057375E-03	-1.57755578542341E-04	0	4.93619360124	6624.75	
19.72432	-8.95164247028906E-03	-1.58850232255378E-04	0	5.12763763358	6624.75	
19.728416	-8.95991435442813E-03	-1.52743657833112E-04	0	5.02134129673	6624.75	
19.732512	-8.96875942793016E-03	-1.50110171524294E-04	0	5.03041262955	6624.75	
19.736608	-8.96770439011563E-03	-1.55868186920119E-04	0	5.13487028582	6566.2109375	
19.740704	-8.96560674928531E-03	-1.58558865239053E-04	0	5.02983279667	6566.2109375	
19.7448	-8.96328692785969E-03	-1.60266545021756E-04	0	5.22665554191	6566.2109375	
19.748896	-8.97068627314234E-03	-1.54260086364759E-04	0	5.12146927985	6566.2109375	
19.752992	-8.97840874032781E-03	-1.52020626584991E-04	0	5.11077670378	6566.2109375	
19.757088	-8.97778937763125E-03	-1.56980366336784E-04	0	5.23694757553	6508.390625	
19.761184	-8.97593869556141E-03	-1.59562342360575E-04	0	5.13178420161	6508.390625	
19.76528	-8.97388293074453E-03	-1.61083833627544E-04	0	5.31112422258	6508.390625	
19.769376	-8.98146687792922E-03	-1.54937349149034E-04	0	5.21442183108	6508.390625	
19.773472	-8.98988487095359E-03	-1.52260473941297E-04	0	5.21560819967	6449.83203125	
19.777568	-8.98841911905094E-03	-1.58270184998887E-04	0	5.32909904186	6449.83203125	
19.781664	-8.98575688349797E-03	-1.61274714205894E-04	0	5.22801738624	6449.83203125	
19.78576	-8.98302753660469E-03	-1.62986730282337E-04	0	5.41670339771	6449.83203125	
19.789856	-8.99000355013578E-03	-1.56745706715675E-04	0	5.31429422997	6449.83203125	
19.793952	-0.00899786718886	-1.54081744956562E-04	0	5.30229702992	6391.83203125	
19.798048	-8.99670060358609E-03	-1.59581971908253E-04	0	5.43146624801	6391.83203125	
19.802144	-8.99446581424016E-03	-1.62303367504162E-04	0	5.32495247383	6391.83203125	
19.80624	-8.99193588128859E-03	-1.64029729239337E-04	0	5.49655630348	6391.83203125	
19.810336	-8.99993054256141E-03	-1.57064947021434E-04	0	5.41062659654	6391.83203125	
19.814432	-9.00838684573781E-03	-1.54408689581541E-04	0	5.41561239637	6333.15234375	
19.818528	-9.00628838201641E-03	-1.61059369228931E-04	0	5.52780242927	6333.15234375	
19.822624	-9.00282382764703E-03	-1.64320970053866E-04	0	5.42654148322	6333.15234375	
19.82672	-8.99991746773625E-03	-1.657503265572E-04	0	5.6042755197	6333.15234375	
19.830816	-9.00773155013016E-03	-1.58444402613131E-04	0	5.52290436731	6333.15234375	
19.834912	-9.01589462978016E-03	-1.55937186851119E-04	0	5.50778675084	6275.03125	
19.839008	-9.01417515312359E-03	-1.62258126684019E-04	0	5.63948892309	6275.03125	
19.843104	-9.01120817356891E-03	-1.65267528482306E-04	0	5.52939696969	6275.03125	
19.8472	-9.00863855898016E-03	-1.66626712940428E-04	0	5.70801219956	6275.03125	
19.851296	-9.01638854730109E-03	-1.59414438902709E-04	0	5.61810377095	6216.25390625	
19.855392	-9.02487173158656E-03	-1.56574897030716E-04	0	5.61922528981	6216.25390625	
19.859488	-9.02270496790437E-03	-1.63574137146853E-04	0	5.73719457806	6216.25390625	
19.863584	-9.01983079217859E-03	-1.66318618777369E-04	0	5.64118264545	6216.25390625	
19.86768	-9.01722945056656E-03	-1.67817561989962E-04	0	5.82046163138	6216.25390625	
19.871776	-9.02459844031109E-03	-1.60720528702388E-04	0	5.73602346823	6158.0703125	
19.875872	-9.03284819782297E-03	-1.57862540935378E-04	0	5.72203118531	6158.0703125	
19.879968	-9.03084966965328E-03	-1.64572696484831E-04	0	5.85979108528	6158.0703125	
19.884064	-9.02847014290719E-03	-1.66968513319781E-04	0	5.74932529226	6158.0703125	
19.88816	-9.02611822872891E-03	-1.68391690261987E-04	0	5.92397324453	6158.0703125	
19.892256	-9.03367081461969E-03	-1.61299324758206E-04	0	5.84710342634	6158.0703125	
19.896352	-9.04164810374719E-03	-1.58771232093994E-04	0	5.84514649037	6099.15234375	
19.900448	-9.03884506238484E-03	-1.66110687494916E-04	0	5.96129617149	6099.15234375	
19.904544	-9.03575638638062E-03	-1.68666034218412E-04	0	5.86506298686	6099.15234375	
19.90864	-9.03299000938813E-03	-1.70059431623091E-04	0	6.04311364261	6099.15234375	
19.912736	-9.04013636137562E-03	-1.62833376829922E-04	0	5.98992160525	6099.15234375	
19.916832	-9.04806830006063E-03	-1.6017892059015E-04	0	5.94525158535	6040.97265625	
19.920928	-9.04587474670172E-03	-1.6701616759905E-04	0	6.08826049876	6040.97265625	
19.925024	-9.04334810531453E-03	-1.69471047355706E-04	0	5.981052451	6040.97265625	
19.92912	-9.04059599176766E-03	-1.71102877214259E-04	0	6.15383501986	6040.97265625	
19.933216	-9.04801033195469E-03	-1.63558102307119E-04	0	6.10259991847	6040.97265625	
19.937312	-9.05624463740047E-03	-1.60727349609028E-04	0	6.07853685395	5981.93359375	
19.941408	-0.009052957736075	-1.68805813886325E-04	0	6.20099221764	5981.93359375	
19.945504	-9.04967476634031E-03	-1.71370638244575E-04	0	6.10191708896	5981.93359375	
19.9496	-9.04677224658797E-03	-1.72780824094003E-04	0	6.28347725951	5981.93359375	
19.953696	-9.05400390495219E-03	-1.65061100082966E-04	0	6.22724109953	5923.59375	
19.957792	-9.0619561416175E-03	-1.62243996650072E-04	0	6.18786586935	5923.59375	
19.961888	-9.05915721471062E-03	-1.69779731902791E-04	0	6.33190093437	5923.59375	
19.965984	-9.05626941556562E-03	-1.72156116064866E-04	0	6.22029454904	5923.59375	
19.97008	-9.05308080400969E-03	-1.74056021616881E-04	0	6.39812776746	5923.59375	
19.974176	-9.05982329933484E-03	-1.66647976861472E-04	0	6.35311824015	5864.375	
19.978272	-9.06774499759734E-03	-1.6363783251585E-04	0	6.31948030373	5864.375	
19.982368	-9.06451140132828E-03	-1.71659096850347E-04	0	6.44935905416	5864.375	
19.986464	-9.06187028664672E-03	-1.73462965238784E-04	0	6.35394602788	5864.375	
19.99056	-9.05920430236766E-03	-1.75017775462819E-04	0	6.52471444042	5864.375	
19.994656	-9.06613359397109E-03	-1.67508752202619E-04	0	6.48433213208	5864.375	
19.998752	-9.07407778459016E-03	-1.64693717998425E-04	0	6.44298852186	5806.15234375	
20.002848	-9.07124749638938E-03	-1.72409609320987E-04	0	6.58754238472	5806.15234375	
20.006944	-9.06881832188063E-03	-1.74389842677291E-04	0	6.48073106472	5806.15234375	
20.01104	-9.06600065134328E-03	-1.76060198218472E-04	0	6.65252181418	5806.15234375	
20.015136	-9.07294228631312E-03	-1.68418859225203E-04	0	6.6131084371	5806.15234375	
20.019232	-9.08098595532219E-03	-1.653892269183E-04	0	6.55544939775	5747.15234375	
20.023328	-9.07754864779125E-03	-1.73902761193219E-04	0	6.71487673692	5747.15234375	
20.027424	-9.07485733675297E-03	-1.75760103807028E-04	0	6.61588171673	5747.15234375	
20.03152	-9.07166543363266E-03	-1.77776546021353E-04	0	6.79475634552	5747.15234375	
20.035616	-9.07835325241625E-03	-1.69929076464984E-04	0	6.75937891046	5688.89453125	
20.039712	-9.08639180121406E-03	-1.66725304428375E-04	0	6.67676798382	5688.89453125	
20.043808	-9.08297927184828E-03	-1.75096990527834E-04	0	6.8588889138	5688.89453125	
20.047904	-9.08016589863109E-03	-1.77075765472134E-04	0	6.74857570838	5688.89453125	
20.052	-9.07673919725203E-03	-1.79194287151687E-04	0	6.92933860872	5688.89453125	
20.056096	-9.08317201122891E-03	-1.71389047360781E-04	0	6.88833069122	5629.99609375	
20.060192	-9.09144069523594E-03	-1.67896322968894E-04	0	6.8349708075	5629.99609375	
20.064288	-9.08754924325359E-03	-1.77018088606734E-04	0	6.98723415885	5629.99609375	
20.068384	-9.08463648307875E-03	-1.78728846030591E-04	0	6.89512083942	5629.99609375	
20.07248	-9.08101036775797E-03	-1.80937103918484E-04	0	7.06894100396	5629.99609375	
20.076576	-9.08769516927422E-03	-1.72467830897381E-04	0	7.03560442805	5571.81640625	
20.080672	-9.09541507635406E-03	-1.69665513988162E-04	0	6.96495636925	5571.81640625	
20.084768	-9.09264440204141E-03	-1.77544426061166E-04	0	7.13980650009	5571.81640625	
20.088864	-9.08978759846094E-03	-1.79925113824706E-04	0	7.04233354121	5571.81640625	
20.09296	-9.0863517538475E-03	-1.82049804969244E-04	0	7.20639954342	5513.13671875	
20.097056	-9.09234642403313E-03	-1.74318065345222E-04	0	7.17478720739	5513.13671875	
20.101152	-9.10097955736234E-03	-1.70014356187397E-04	0	7.12403657163	5513.13671875	
20.105248	-9.09741177587687E-03	-1.79339990371369E-04	0	7.27990861972	5513.13671875	
20.109344	-9.09404715705922E-03	-1.81620073427822E-04	0	7.18437352336	5513.13671875	
20.11344	-9.09030373404141E-03	-1.83946389611119E-04	0	7.36662796749	5454.71484375	
20.117536	-9.09658083873688E-03	-1.75502543487666E-04	0	7.32784019957	5454.71484375	
20.121632	-9.10513982043531E-03	-1.71619131746081E-04	0	7.26437520204	5454.71484375	
20.125728	-9.10181378606672E-03	-1.80505232956125E-04	0	7.43973268665	5454.71484375	
20.129824	-9.09888859109313E-03	-1.82566745798456E-04	0	7.33748373589	5454.71484375	
20.13392	-9.09458295059359E-03	-1.85541336333478E-04	0	7.51150989369	5454.71484375	
20.138016	-9.10086197536828E-03	-1.76851971705544E-04	0	7.48138528676	5396.2734375	
20.142112	-9.10928024268969E-03	-1.73019584191781E-04	0	7.42881504387	5396.2734375	
20.146208	-9.10567058519078E-03	-1.82403338990709E-04	0	7.58633122335	5396.2734375	
20.150304	-9.10288573886484E-03	-1.84024276552462E-04	0	7.49767401306	5396.2734375	
20.1544	-9.0996438222525E-03	-1.85958504425925E-04	0	7.67198627261	5337.87890625	
20.158496	-9.10625785513469E-03	-1.77410813935162E-04	0	7.63937067311	5337.87890625	
20.162592	-9.11403902188484E-03	-1.74459877222641E-04	0	7.57526862235	5337.87890625	
20.166688	-9.10998024871344E-03	-1.84054605849056E-04	0	7.75617266622	5337.87890625	
20.170784	-9.10659021170422E-03	-1.860757600779E-04	0	7.65729590142	5337.87890625	
20.17488	-9.10271914913453E-03	-1.88321785716487E-04	0	7.8280109083	5279.4375	
20.178976	-9.10873082573609E-03	-1.79712221489522E-04	0	7.79855005743	5279.4375	
20.183072	-9.11719435206766E-03	-1.75546998731672E-04	0	7.75004245939	5279.4375	
20.187168	-9.11319738716062E-03	-1.8551129525775E-04	0	7.90675755397	5279.4375	
20.191264	-9.11028938146766E-03	-1.87094684780128E-04	0	7.82738529914	5279.4375	
20.19536	-9.1065926803775E-03	-1.89596684441587E-04	0	8.00006105668	5220.95703125	
20.199456	-9.11268326309172E-03	-1.80907318611731E-04	0	7.9725876593	5220.95703125	
20.203552	-9.1209292718775E-03	-1.77183323297269E-04	0	7.91145725205	5220.95703125	
20.207648	-9.11722242179719E-03	-1.86665182084631E-04	0	8.08564362683	5220.95703125	
20.211744	-9.11420442299469E-03	-1.88556230914734E-04	0	7.99428180133	5220.95703125	
20.21584	-9.11004992015937E-03	-1.91316230318194E-04	0	8.16401261819	5162.45703125	
20.219936	-9.11590680180297E-03	-1.82541984044372E-04	0	8.13919043036	5162.45703125	
20.224032	-9.12461097806328E-03	-1.78149042283472E-04	0	8.0934751854	5162.45703125	
20.228128	-9.12036431142547E-03	-1.88747671588678E-04	0	8.25474501984	5162.45703125	
20.232224	-9.11704513448266E-03	-1.90468752319519E-04	0	8.1658398547	5162.45703125	
20.23632	-9.11319071259953E-03	-1.92805637242247E-04	0	8.34723599358	5103.796875	
20.240416	-9.11981315725734E-03	-1.83108901025531E-04	0	8.32451188525	5103.796875	
20.244512	-9.12845552525328E-03	-1.79363380011441E-04	0	8.25576354207	5103.796875	
20.248608	-9.12422906516344E-03	-1.89976019398791E-04	0	8.44798577117	5103.796875	
20.252704	-9.12076085350031E-03	-1.92024682734741E-04	0	8.35262615055	5044.98046875	
20.2568	-0.009116588795655	-1.94543106658622E-04	0	8.53478522743	5044.98046875	
20.260896	-9.12257487120031E-03	-1.85317226942203E-04	0	8.50263502011	5044.98046875	
20.264992	-9.13167248083578E-03	-1.80427555629956E-04	0	8.46267995705	5044.98046875	
20.269088	-9.12694670871672E-03	-1.92020810142459E-04	0	8.62778736963	5044.98046875	
20.273184	-9.12376797185391E-03	-1.932075683307E-04	0	8.53839010948	5044.98046875	
20.27728	-9.11977411564656E-03	-1.9597430787165E-04	0	8.72764069507	4986.3984375	
20.281376	-9.12582766826156E-03	-1.86593385281428E-04	0	8.70311986775	4986.3984375	
20.285472	-9.13440246775547E-03	-1.82525987425753E-04	0	8.6357333689	4986.3984375	
20.289568	-9.12963966553719E-03	-1.93745133658519E-04	0	8.83329997869	4986.3984375	
20.293664	-9.12611284574172E-03	-1.95307876326544E-04	0	8.73629241199	4927.73828125	
20.29776	-9.12163311805969E-03	-1.98137433593137E-04	0	8.91426295925	4927.73828125	
20.301856	-9.1271408195825E-03	-1.8900296099685E-04	0	8.89081405982	4927.73828125	
20.305952	-9.13622590298687E-03	-1.83874815163462E-04	0	8.85056145094	4927.73828125	
20.310048	-9.13126121815359E-03	-1.95848823141366E-04	0	9.0244502799	4927.73828125	
20.314144	-9.12812591165406E-03	-1.968047955027E-04	0	8.93529334522	4869.19921875	
20.31824	-9.12403669151219E-03	-1.99666639515853E-04	0	9.12508943148	4869.19921875	
20.322336	-9.13043604125125E-03	-1.895514950637E-04	0	9.10554677461	4869.19921875	
20.326432	-9.13887305220312E-03	-1.85845012952878E-04	0	9.0451640466	4869.19921875	
20.330528	-9.13385972536297E-03	-1.97406055718747E-04	0	9.23914866248	4869.19921875	
20.334624	-9.13047380280922E-03	-1.98829826169975E-04	0	9.14849636932	4810.4609375	
20.33872	-9.12644264220563E-03	-2.01331391456869E-04	0	9.30676404273	4810.4609375	
20.342816	-9.13279746439328E-03	-1.91384202125222E-04	0	9.31574763768	4810.4609375	
20.346912	-9.14257203910187E-03	-1.85909585484459E-04	0	9.26579808682	4810.4609375	
20.351008	-9.13814223347953E-03	-1.98054144493734E-04	0	9.44489778232	4810.4609375	
20.355104	-9.13511682865719E-03	-1.99237900040747E-04	0	9.36440019394	4751.90234375	
20.3592	-9.1314096128475E-03	-2.02001722517306E-04	0	9.53072067794	4751.90234375	
20.363296	-9.1367521875575E-03	-1.92994844985731E-04	0	9.54265684295	4751.90234375	
20.367392	-9.14527761358578E-03	-1.88611710426562E-04	0	9.47755534341	4751.90234375	
20.371488	-9.13953191367219E-03	-2.01171575270531E-04	0	9.68031756098	4693.30078125	
20.375584	-9.13588751188266E-03	-2.02168912494347E-04	0	9.59210666942	4693.30078125	
20.37968	-9.13127182430547E-03	-2.05136180200153E-04	0	9.75155308204	4693.30078125	
20.383776	-9.13672009480484E-03	-1.95344723645466E-04	0	9.72661645351	4693.30078125	
20.387872	-9.14639043664156E-03	-1.89463909574362E-04	0	9.60232240924	4693.30078125	
20.391968	-9.14127653422328E-03	-2.02629540399103E-04	0	9.74098257605	4693.30078125	
20.396064	-9.13759565092859E-03	-2.03916062429887E-04	0	9.74681523706	4693.30078125	
20.40016	-9.1332090013725E-03	-2.06835179222306E-04	0	9.77410934401	4693.30078125	
20.404256	-9.14257542209859E-03	-1.92458428214456E-04	0	9.76939820186	4693.30078125	
20.408352	-9.15554400287141E-03	-1.85964870525328E-04	0	9.76446580769	4693.30078125	
20.412448	-9.15306463200594E-03	-1.98527807962378E-04	0	9.78352781362	4693.30078125	
20.416544	-9.14379951831672E-03	-2.08878540400097E-04	0	9.76417970594	4693.30078125	
20.42064	-9.13847541294016E-03	-2.07930232934944E-04	0	9.78229566875	4693.30078125	
20.424736	-9.15104973744672E-03	-1.90281113805234E-04	0	9.77021836021	4693.30078125	
20.428832	-9.15866970897484E-03	-1.90850906264287E-04	0	9.76514100782	4693.30078125	
20.432928	-9.16141798236328E-03	-1.94342589791831E-04	0	9.751873516	4693.30078125	
20.437024	-9.15502164989156E-03	-2.04721455855262E-04	0	9.7573666696	4693.30078125	
20.44112	-9.15528268923297E-03	-1.99853614809647E-04	0	9.75208332395	4693.30078125	
20.445216	-9.16283061207422E-03	-1.92244509197606E-04	0	9.75088932598	4693.30078125	
20.449312	-9.16783388135656E-03	-1.9226587311855E-04	0	9.73172432342	4693.30078125	
20.453408	-9.16553636942281E-03	-1.99779345653147E-04	0	9.72111185584	4693.30078125	
20.457504	-9.1593718179425E-03	-2.05381872021769E-04	0	9.73161369741	4693.30078125	
20.4616	-9.16135809417813E-03	-1.99040605526503E-04	0	9.71440563082	4693.30078125	
20.465696	-9.16737937117578E-03	-1.93542995158734E-04	0	9.72324426755	4693.30078125	
20.469792	-9.17418833781484E-03	-1.90826271673537E-04	0	9.71217022248	4693.30078125	
20.473888	-9.1724824845775E-03	-1.98950364991744E-04	0	9.7211652615	4693.30078125	
20.477984	-9.16885618639203E-03	-2.02257202069519E-04	0	9.73373847974	4693.30078125	
20.48208	-9.17259494636031E-03	-1.95740473009331E-04	0	9.72030314156	4693.30078125	
20.486176	-0.00917859601681	-1.9181525818455E-04	0	9.73472266976	4693.30078125	
20.490272	-9.18221472611094E-03	-1.92733618083497E-04	0	9.71009121643	4693.30078125	
20.494368	-9.17936541998266E-03	-1.99565536011187E-04	0	9.71262417059	4693.30078125	
20.498464	-9.17684024151297E-03	-2.00752376410884E-04	0	9.71903284979	4693.30078125	
20.50256	-9.18064108404266E-03	-1.61628454236769E-04	0	9.69983732971	4693.30078125	
20.506656	-9.15082911120125E-03	0	0	9.70954953045	4693.30078125	
20.510752	-8.99152407001234E-03	0	0	9.68739381093	4693.30078125	
20.514848	-8.68573261936359E-03	0	0	9.69015564649	4693.30078125	
20.518944	-8.23894673441469E-03	0	0	9.6914106795	4693.30078125	
20.52304	-7.66088320463297E-03	0	0	9.68060747742	4693.30078125	
20.527136	-6.97152840890344E-03	0	0	9.6973615959	4693.30078125	
20.531232	-6.17064060010922E-03	0	0	9.68798508788	4693.30078125	
20.535328	-5.26848598467125E-03	0	0	9.70228636069	4693.30078125	
20.539424	-4.28232369752516E-03	0	0	9.70515500757	4693.30078125	
20.54352	-3.23314303893453E-03	0	0	9.69559920912	4693.30078125	
20.547616	-2.12407904110188E-03	0	0	9.70149290517	4693.30078125	
20.551712	-9.789653730725E-04	0	0	9.67908541611	4693.30078125	
20.555808	1.81047286803281E-04	0	0	9.67990175977	4693.30078125	
20.559904	1.34510738223984E-03	0	0	9.67520587638	4693.30078125	
20.564	2.48690763356406E-03	0	0	9.66885823222	4693.30078125	
20.568096	3.60612711324937E-03	0	0	9.67392032585	4693.30078125	
20.572192	4.68656894732984E-03	0	0	9.66251058806	4693.30078125	
20.576288	5.70227896784391E-03	0	0	9.67057102803	4693.30078125	
20.580384	6.64780899572453E-03	0	0	9.67006748895	4693.30078125	
20.58448	7.50899250363109E-03	0	0	9.66859120392	4693.30078125	
20.588576	0.00827084985639	0	0	9.67213123624	4693.30078125	
20.592672	8.9325903470925E-03	0	0	9.66813344112	4693.30078125	
20.596768	9.49012850432281E-03	0	0	9.67160480902	4693.30078125	
20.600864	9.92993096972078E-03	0	0	9.67287891548	4693.30078125	
20.60496	0.010250674351543	0	0	9.66542119653	4693.30078125	
20.609056	1.04500153302514E-02	0	0	9.66542501122	4693.30078125	
20.613152	1.05287891403062E-02	0	0	9.6582991703	4693.30078125	
20.617248	1.04883243850945E-02	0	0	9.65382453893	4693.30078125	
20.621344	1.03295606233806E-02	0	0	9.65179512385	4628.96875	
20.62544	1.00584597925711E-02	0	0	9.6436889076	4628.96875	
20.629536	9.68315269669859E-03	0	0	9.63911509429	4628.96875	
20.633632	9.21210661082078E-03	0	0	9.61871413217	4628.96875	
20.637728	8.65430595133156E-03	0	0	9.57823264189	4628.94921875	
20.641824	8.02661861416766E-03	0	0	9.58342062029	4628.94921875	
20.64592	7.32821594799766E-03	0	0	9.52338121438	4628.94921875	
20.650016	6.57571852426844E-03	0	0	9.4865236796	4628.94921875	
20.654112	5.78230210944375E-03	0	0	9.46872815075	4628.94921875	
20.658208	4.96966725598922E-03	8.87448888992531E-05	0	9.40472909662	4643.62890625	
20.662304	4.18616155863297E-03	1.11742248834562E-04	0	9.40692254337	4643.62890625	
20.6664	3.47900333122547E-03	7.80876428257406E-05	0	9.31052151238	4643.62890625	
20.670496	2.84308781458281E-03	3.96830879611031E-05	0	9.19127048829	4643.62890625	
20.674592	2.26232383052844E-03	6.84848473804687E-06	0	9.30777112089	4643.62890625	
20.678688	1.72223178737672E-03	-8.1418735888875E-06	0	9.13379073937	4698.3515625	
20.682784	1.20534435874531E-03	7.85227820540625E-07	0	9.10592442892	4698.3515625	
20.68688	7.22440777935938E-04	-8.00500713921562E-06	0	9.05147735855	4698.3515625	
20.690976	2.83821264201406E-04	-2.97244104197906E-05	0	8.93726172526	4758.8125	
20.695072	-1.15219473732344E-04	-5.47830661303406E-05	0	9.04142946509	4758.8125	
20.699168	-4.97698705513281E-04	-4.92237486127406E-05	0	8.85093910525	4758.8125	
20.703264	-8.53281193300937E-04	-5.88649726253531E-05	0	8.87327030051	4758.8125	
20.70736	-1.18433933211859E-03	-6.53309603901281E-05	0	8.76213693674	4758.8125	
20.711456	-1.49076002015703E-03	-7.30336151874656E-05	0	8.69995748974	4758.8125	
20.715552	-1.78013351343266E-03	-7.57009557893531E-05	0	8.782942256	4819.05078125	
20.719648	-2.03672275123625E-03	-9.76715403091312E-05	0	8.59990580042	4819.05078125	
20.723744	-2.29067352589625E-03	-8.31000705056156E-05	0	8.63411212565	4819.05078125	
20.72784	-2.52326908805297E-03	-9.19305910020094E-05	0	8.50097944465	4819.05078125	
20.731936	-2.73237010372734E-03	-1.07530207133147E-04	0	8.49686339414	4819.05078125	
20.736032	-2.92457963392031E-03	-1.15440780232181E-04	0	8.5368184572	4819.05078125	
20.740128	-3.11597047890734E-03	-1.03629868966181E-04	0	8.36936119558	4879.19140625	
20.744224	-3.29122543530172E-03	-1.08835888279387E-04	0	8.42138975249	4879.19140625	
20.74832	-3.45846223231094E-03	-1.04806085097656E-04	0	8.2497248878	4879.19140625	
20.752416	-3.60252239309703E-03	-1.24404607326037E-04	0	8.30055563205	4938.9921875	
20.756512	-3.73294551124516E-03	-1.32395306546869E-04	0	8.30303899524	4938.9921875	
20.760608	-3.86476379552656E-03	-1.23057856509328E-04	0	8.15033313985	4938.9921875	
20.764704	-3.99316927614516E-03	-1.15423637220478E-04	0	8.20846520076	4938.9921875	
20.7688	-4.10641938862547E-03	-1.25210836567884E-04	0	8.02506634963	4938.9921875	
20.772896	-4.20639370765797E-03	-1.33601259187069E-04	0	8.09692366516	4938.9921875	
20.776992	-4.29764181523531E-03	-1.40779935181462E-04	0	8.06580723883	4998.515625	
20.781088	-4.38848058020969E-03	-1.33157602178803E-04	0	7.94380582325	4998.515625	
20.785184	-4.48746349833891E-03	-1.14988545347878E-04	0	8.00151826826	4998.515625	
20.78928	-4.56184937878484E-03	-1.37384357567428E-04	0	7.80744591451	4998.515625	
20.793376	-4.63112172254187E-03	-1.38585285933806E-04	0	7.92643753968	5057.953125	
20.797472	-4.69194992362422E-03	-1.48638265544278E-04	0	7.86386136492	5057.953125	
20.801568	-4.75531244641062E-03	-1.38553699667316E-04	0	7.7649159357	5057.953125	
20.805664	-4.82929483592359E-03	-1.20393145472119E-04	0	7.81593741445	5057.953125	
20.80976	-4.87867168454531E-03	-1.43547090106612E-04	0	7.61597517934	5057.953125	
20.813856	-4.92603583298406E-03	-1.43454074815013E-04	0	7.73505835707	5117.375	
20.817952	-4.96677945684422E-03	-1.51639061581941E-04	0	7.656464299	5117.375	
20.822048	-0.005014983594225	-1.3677849783675E-04	0	7.56683434276	5117.375	
20.826144	-5.07003080250906E-03	-1.23857922055416E-04	0	7.62401654586	5117.375	
20.83024	-5.10213489277594E-03	-1.46678010052612E-04	0	7.41973608167	5117.375	
20.834336	-5.13247543599656E-03	-1.48024456783088E-04	0	7.56672371675	5176.57421875	
20.838432	-5.15943865130375E-03	-1.53112124051184E-04	0	7.45557509422	5176.57421875	
20.842528	-5.19612990225656E-03	-1.36234504390359E-04	0	7.39047359468	5176.57421875	
20.846624	-0.00523672970304	-1.27815533963184E-04	0	7.44965851003	5176.57421875	
20.85072	-0.00525787763842	-1.4724251814195E-04	0	7.25277472975	5176.578125	
20.854816	-5.27663918962813E-03	-1.50966053360719E-04	0	7.3968746445	5235.59765625	
20.858912	-5.29495784256312E-03	-1.52089750554328E-04	0	7.27457949779	5235.59765625	
20.863008	-5.32434264349453E-03	-1.34473882833675E-04	0	7.2243743627	5235.59765625	
20.867104	-5.35449959056891E-03	-1.29822589648434E-04	0	7.27441928081	5235.59765625	
20.8712	-5.36789479465766E-03	-1.47118777640691E-04	0	7.07289683749	5235.59765625	
20.875296	-5.37842222328469E-03	-1.52143130068256E-04	0	7.22972637277	5294.55859375	
20.879392	-5.39110772952125E-03	-1.50434980093716E-04	0	7.09995824835	5294.55859375	
20.883488	-5.41446284167937E-03	-1.33943026393378E-04	0	7.05537215163	5294.55859375	
20.887584	-5.43666773495313E-03	-1.31839191958753E-04	0	7.10565739521	5294.55859375	
20.89168	-5.44497125468313E-03	-1.46551159458309E-04	0	6.90139981916	5294.55859375	
20.895776	-5.44915940462094E-03	-1.53518541673612E-04	0	7.06791103766	5294.55859375	
20.899872	-5.45770640868234E-03	-1.49238630328528E-04	0	6.92161004678	5353.296875	
20.903968	-5.47728381069375E-03	-1.32889758456262E-04	0	6.89797041285	5353.296875	
20.908064	-5.49515124501234E-03	-1.31198674570425E-04	0	6.94687473865	5353.296875	
20.91216	-5.49964834483969E-03	-1.45971952825978E-04	0	6.728731691	5412.05859375	
20.916256	-5.49969451817328E-03	-1.53654056441944E-04	0	6.91729944708	5412.05859375	
20.920352	-5.50638352557734E-03	-1.46150851204772E-04	0	6.76778648722	5412.05859375	
20.924448	-5.52266808316094E-03	-1.32069104949994E-04	0	6.74010709658	5412.05859375	
20.928544	-5.53549311515406E-03	-1.32941795904225E-04	0	6.7750420276	5412.05859375	
20.93264	-5.53740395970609E-03	-1.45404417095437E-04	0	6.58202634298	5470.73828125	
20.936736	-5.53474565574391E-03	-1.53495870061669E-04	0	6.75485468812	5470.73828125	
20.940832	-5.53986257542953E-03	-1.44681052674572E-04	0	6.59446986176	5470.73828125	
20.944928	-5.55497963341578E-03	-1.30005729609525E-04	0	6.59291728293	5470.73828125	
20.949024	-5.56638782981016E-03	-1.30714801736991E-04	0	6.60993080033	5470.73828125	
20.95312	-5.56581025169469E-03	-1.44569701103231E-04	0	6.42417065609	5529.48046875	
20.957216	-5.56079893636609E-03	-1.52885121393572E-04	0	6.60851936503	5529.48046875	
20.961312	-5.56407916313047E-03	-1.43976385110009E-04	0	6.45337210804	5529.48046875	
20.965408	-5.57706027013437E-03	-1.30180824626738E-04	0	6.44820320309	5529.48046875	
20.969504	-5.58629457112375E-03	-1.31006817550744E-04	0	6.4648695837	5529.48046875	
20.9736	-5.58478840612516E-03	-1.43667096957759E-04	0	6.2839769839	5588.23828125	
20.977696	-5.57870952675094E-03	-1.51801690265466E-04	0	6.45753774952	5588.23828125	
20.981792	-5.58169049545422E-03	-1.41609266563669E-04	0	6.30159703701	5588.23828125	
20.985888	-5.59435552084578E-03	-1.27670911511653E-04	0	6.298434659	5588.23828125	
20.989984	-5.60207862805766E-03	-1.30264558918003E-04	0	6.31655825119	5588.23828125	
20.99408	-5.59924184816047E-03	-1.43039484123834E-04	0	6.14114354623	5588.23828125	
20.998176	-5.59208781585609E-03	-1.51053347744578E-04	0	6.31573046346	5646.640625	
21.002272	-5.5940926528575E-03	-1.40928890320969E-04	0	6.16580551708	5646.640625	
21.006368	-5.60583924035609E-03	-1.27034421523144E-04	0	6.16236848139	5646.640625	
21.010464	-5.61242666642625E-03	-1.29957396004013E-04	0	6.17699781754	5646.640625	
21.01456	-5.60886418801672E-03	-1.42307319711769E-04	0	6.01383971155	5646.640625	
21.018656	-5.60132504268047E-03	-1.50099056631562E-04	0	6.17173354534	5705.48046875	
21.022752	-5.60373995374359E-03	-1.38887691160247E-04	0	6.03065105038	5705.48046875	
21.026848	-5.61502023628906E-03	-1.25938619253562E-04	0	6.03008266157	5705.48046875	
21.030944	-5.62110899035641E-03	-1.28634288432891E-04	0	6.03591150789	5705.48046875	
21.03504	-5.6169434242075E-03	-1.41201160721775E-04	0	5.88022256492	5763.83984375	
21.039136	-5.60930096032281E-03	-1.48399087177688E-04	0	6.03280635023	5763.83984375	
21.043232	-5.61101083658328E-03	-1.38078715526916E-04	0	5.9273797627	5763.83984375	
21.047328	-5.62150909829266E-03	-1.25422216644966E-04	0	5.89643881211	5763.83984375	
21.051424	-5.62667831727891E-03	-1.28546812318444E-04	0	5.90636463549	5763.83984375	
21.05552	-5.62229642220469E-03	-1.40373656260819E-04	0	5.75490236904	5822.6015625	
21.059616	-5.61466575309234E-03	-1.46964694862081E-04	0	5.90033742529	5822.6015625	
21.063712	-0.005616213428375	-1.36670063089416E-04	0	5.79593317468	5822.6015625	
21.067808	-5.62663909280344E-03	-1.23939276781753E-04	0	5.7686123649	5822.6015625	
21.071904	-5.63177411609312E-03	-1.27161916107187E-04	0	5.78061337964	5822.6015625	
21.076	-5.62752040916484E-03	-1.38674758921256E-04	0	5.62475659031	5880.98046875	
21.080096	-5.6196322665725E-03	-1.45811557553681E-04	0	5.78027387223	5880.98046875	
21.084192	-5.62079327447344E-03	-1.35812958898444E-04	0	5.67388598282	5880.98046875	
21.088288	-5.63044953572922E-03	-1.23653266010072E-04	0	5.6405532216	5880.98046875	
21.092384	-5.63512319141234E-03	-1.26440527645884E-04	0	5.65772314129	5880.98046875	
21.09648	-5.63118017158813E-03	-1.37114663606353E-04	0	5.51069735931	5939.86328125	
21.100576	-5.62307048842688E-03	-1.44936506505656E-04	0	5.65050193312	5939.86328125	
21.104672	-5.62436754765531E-03	-1.34521796487684E-04	0	5.54516689815	5939.86328125	
21.108768	-5.63459087230703E-03	-1.21522589534981E-04	0	5.53136916442	5939.86328125	
21.112864	-5.63961891975453E-03	-0.000124426567881	0	5.52925582616	5998.28125	
21.11696	-5.63497296807156E-03	-1.36251265190906E-04	0	5.38486218028	5998.28125	
21.121056	-5.62683210648109E-03	-1.43351011696922E-04	0	5.54111569737	5998.28125	
21.125152	-5.62775264731797E-03	-0.000133342789734	0	5.44280350669	5998.28125	
21.129248	-5.63671521138172E-03	-1.22030687584575E-04	0	5.4087345103	5998.28125	
21.133344	-5.64114218260141E-03	-1.24395680411887E-04	0	5.41927831346	6057.04296875	
21.13744	-5.63718270495531E-03	-1.34616486056456E-04	0	5.28199143505	6057.04296875	
21.141536	-0.00562892618145	-1.42405581151969E-04	0	5.41988484917	6057.04296875	
21.145632	-5.63022068057281E-03	-1.31775245628469E-04	0	5.31778467132	6057.04296875	
21.149728	-5.64042928461719E-03	-1.18904202730294E-04	0	5.29171126517	6057.04296875	
21.153824	-5.64492620157984E-03	-1.22532449102044E-04	0	5.30769100158	6057.04296875	
21.15792	-5.63999415809328E-03	-1.34296807529981E-04	0	5.16547554369	6115.32421875	
21.162016	-5.63164821375578E-03	-1.41292801255134E-04	0	5.31554926298	6115.32421875	
21.166112	-5.63266274704203E-03	-1.30812687216028E-04	0	5.21621855007	6115.32421875	
21.170208	-5.64190024816344E-03	-1.19142305376806E-04	0	5.17938008874	6115.32421875	
21.174304	-5.64617525882781E-03	-1.21994721274387E-04	0	5.1999183797	6115.32421875	
21.1784	-5.64211712568281E-03	-1.32149294533266E-04	0	5.06287564145	6174.265625	
21.182496	-5.63422870879344E-03	-1.39346376999637E-04	0	5.20464478061	6174.265625	
21.186592	-5.63535936115625E-03	-1.2941287443315E-04	0	5.10434895113	6174.265625	
21.190688	-5.64490014336187E-03	-1.17238836366816E-04	0	5.07871804902	6174.265625	
21.194784	-5.64925433443594E-03	-1.20323407080319E-04	0	5.09351523153	6232.5234375	
21.19888	-5.64455727207281E-03	-1.314225378081E-04	0	4.94716846437	6232.5234375	
21.202976	-5.63642235358469E-03	-1.38170132502806E-04	0	5.10542469371	6232.5234375	
21.207072	-5.63707454049266E-03	-1.28714297247112E-04	0	5.00219918231	6232.5234375	
21.211168	-5.64580724364422E-03	-1.17523183438237E-04	0	4.96647842515	6232.5234375	
21.215264	-5.6499526946775E-03	-1.20010784075634E-04	0	4.99417688924	6291.54296875	
21.21936	-5.64608016919031E-03	-1.29642206174972E-04	0	4.85001593945	6291.54296875	
21.223456	-5.63823920568734E-03	-1.36925450574412E-04	0	4.99550440136	6291.54296875	
21.227552	-5.63922621783812E-03	-1.27178634600084E-04	0	4.89658186028	6291.54296875	
21.231648	-5.64866084709266E-03	-1.15083189243619E-04	0	4.86564853907	6349.9453125	
21.235744	-5.65300589493234E-03	-1.18079409805087E-04	0	4.88906692098	6349.9453125	
21.23984	-5.6484927030125E-03	-1.28774899349972E-04	0	4.74316265786	6349.9453125	
21.243936	-5.64049813317203E-03	-1.35684993161025E-04	0	4.90093823626	6349.9453125	
21.248032	-0.005641217614285	-1.26270660748444E-04	0	4.80593338181	6349.9453125	
21.252128	-5.64998350737734E-03	-1.14937802610159E-04	0	4.76220177565	6349.9453125	
21.256224	-5.65402289689187E-03	-1.17407295573356E-04	0	4.80217972685	6409.02734375	
21.26032	-5.65013144490953E-03	-1.27095368817966E-04	0	4.6477420022	6409.02734375	
21.264416	-5.64239242846984E-03	-1.34196737197359E-04	0	4.79784623901	6409.02734375	
21.268512	-5.64312736164891E-03	-1.24988074290647E-04	0	4.69692098568	6409.02734375	
21.272608	-5.65231219774031E-03	-1.13131638791325E-04	0	4.6666247177	6409.02734375	
21.276704	-5.65693401128453E-03	-1.15464989823356E-04	0	4.70653400448	6467.3046875	
21.2808	-5.65262123906219E-03	-1.26014431918134E-04	0	4.54583637354	6467.3046875	
21.284896	-5.64433692012437E-03	-1.33424074748869E-04	0	4.70539341217	6467.3046875	
21.288992	-0.005644664247915	-1.24379018890088E-04	0	4.61038855772	6467.3046875	
21.293088	-5.65355567761531E-03	-1.12549400671641E-04	0	4.56688201827	6467.3046875	
21.297184	-5.65816523922547E-03	-1.14472185287316E-04	0	4.61457708734	6526.32421875	
21.30128	-5.65476907624922E-03	-1.23804254320622E-04	0	4.45905217604	6526.32421875	
21.305376	-5.64677615219094E-03	-1.31693763498412E-04	0	4.60537986975	6526.32421875	
21.309472	-5.64712898960547E-03	-1.22784782022787E-04	0	4.50758266222	6526.32421875	
21.313568	-5.65628529880562E-03	-1.10576432933072E-04	0	4.47891145218	6526.32421875	
21.317664	-5.66081878870578E-03	-1.12930949088169E-04	0	4.52100655633	6584.484375	
21.32176	-5.65623875974266E-03	-1.23975916889344E-04	0	4.36089257296	6584.484375	
21.325856	-5.64784271048078E-03	-1.31228254108153E-04	0	4.52443977733	6584.484375	
21.329952	-5.64820267961812E-03	-1.21994630649478E-04	0	4.42798534068	6584.484375	
21.334048	-5.65706302232156E-03	-1.10268718577325E-04	0	4.38529514489	6643.546875	
21.338144	-5.66189732463266E-03	-1.11756169253334E-04	0	4.42920222679	6643.546875	
21.34224	-5.65837361353688E-03	-1.21440849232106E-04	0	4.27980752232	6643.546875	
21.346336	-5.6503037948775E-03	-1.292871553281E-04	0	4.42285076794	6643.546875	
21.350432	-5.65037145481188E-03	-1.20812063322431E-04	0	4.33140883395	6643.546875	
21.354528	-5.65953498716719E-03	-1.08501938372953E-04	0	4.30317631326	6701.56640625	
21.358624	-5.66441052546531E-03	-1.10291701006266E-04	0	4.34196789587	6701.56640625	
21.36272	-5.66030823049828E-03	-1.20752009295947E-04	0	4.18392147448	6701.56640625	
21.366816	-5.65241569915344E-03	-1.27806112578375E-04	0	4.34680873748	6701.56640625	
21.370912	-5.6523899152325E-03	-1.19627024603625E-04	0	4.25128889988	6701.56640625	
21.375008	-5.66094194807281E-03	-1.07945778352191E-04	0	4.21199377819	6701.56640625	
21.379104	-5.66585031058234E-03	-1.09236517446066E-04	0	4.25819730347	6760.5078125	
21.3832	-5.66273411344266E-03	-1.18377406862859E-04	0	4.10343914486	6760.5078125	
21.387296	-0.00565463256776	-1.26671412030384E-04	0	4.25120116201	6760.5078125	
21.391392	-5.65418262919641E-03	-1.18754484130012E-04	0	4.16092652316	6760.5078125	
21.395488	-5.66299231838141E-03	-1.06309218209906E-04	0	4.12878013053	6760.5078125	
21.399584	-5.66804093810625E-03	-1.07645087787497E-04	0	4.17386213695	6818.46875	
21.40368	-5.66391359067703E-03	-1.18269850239647E-04	0	4.01137923109	6818.46875	
21.407776	-5.65552284449109E-03	-1.26062490764306E-04	0	4.17596784583	6818.46875	
21.411872	-5.65516040668047E-03	-1.18046106953775E-04	0	4.08275589568	6818.46875	
21.415968	-5.66415085760906E-03	-1.05326342990859E-04	0	4.04061501525	6877.06640625	
21.420064	-5.66942440089953E-03	-1.06367905891603E-04	0	4.09245283766	6877.06640625	
21.42416	-0.005666172061	-1.16038167134794E-04	0	3.93099608341	6877.06640625	
21.428256	-5.65787064421391E-03	-1.24362887656219E-04	0	4.08424743947	6877.06640625	
21.432352	-5.65764096616641E-03	-1.16227115503537E-04	0	3.99572374333	6934.90625	
21.436448	-5.66676042813203E-03	-1.03619870418487E-04	0	3.95994195113	6934.90625	
21.440544	-5.67210483148891E-03	-1.04855770624894E-04	0	4.00905608488	6934.90625	
21.44464	-5.66805492725484E-03	-1.15512423910537E-04	0	3.84483749507	6934.90625	
21.448736	-5.65985234883234E-03	-1.22955130650516E-04	0	3.99104693339	6934.90625	
21.452832	-5.65961133317422E-03	-1.14960639366169E-04	0	3.92175308954	6934.90625	
21.456928	-5.6686985195225E-03	-1.02355494038634E-04	0	3.87207819636	6993.48828125	
21.461024	-5.67402417924891E-03	-1.03527956327709E-04	0	3.92931380512	6993.48828125	
21.46512	-5.67083867639266E-03	-1.13112581598844E-04	0	3.76913497202	6993.48828125	
21.469216	-5.66292374412359E-03	-1.20958933608253E-04	0	3.90275211865	6993.48828125	
21.473312	-5.66260784537594E-03	-1.13281307391656E-04	0	3.83055529571	7051.3671875	
21.477408	-5.67121994926609E-03	-1.01251768459669E-04	0	3.79642144959	7051.3671875	
21.481504	-5.67611788848844E-03	-1.02561602726756E-04	0	3.84888488116	7051.3671875	
21.4856	-5.67235608756953E-03	-1.12380887859384E-04	0	3.68513931291	7051.3671875	
21.489696	-5.66470832060891E-03	-1.19437057726284E-04	0	3.83105883479	7051.3671875	
21.493792	-5.6646579413875E-03	-1.11799771132809E-04	0	3.76236008258	7051.3671875	
21.497888	-5.67341761708047E-03	-9.98755436339719E-05	0	3.71355493872	7051.3671875	
21.501984	-5.67854962310281E-03	-1.00898662562775E-04	0	3.77170225839	7109.80859375	
21.50608	-5.67536092011453E-03	-1.10091698081269E-04	0	3.61383894212	7109.80859375	
21.510176	-5.66741362079578E-03	-1.17990011577178E-04	0	3.74563648162	7167.84765625	
21.514272	-5.66656924310125E-03	-1.11108241535878E-04	0	3.68190827048	7167.84765625	
21.518368	-5.67520511940078E-03	-9.87762079544625E-05	0	3.64600822289	7167.84765625	
21.522464	-5.68046759937766E-03	-9.95804590732875E-05	0	3.6982275143	7167.84765625	
21.52656	-0.005676737251185	-1.09616427162309E-04	0	3.53626722097	7167.84765625	
21.530656	-5.66908637552469E-03	-1.16559191854153E-04	0	3.67698732038	7167.84765625	
21.534752	-5.66850422579203E-03	-1.09615991105053E-04	0	3.61576154588	7167.84765625	
21.538848	-5.67679238488828E-03	-9.79531397871469E-05	0	3.56750190269	7226.40625	
21.542944	-5.68203502404656E-03	-9.83587033238906E-05	0	3.62434078369	7226.40625	
21.54704	-5.67937553146391E-03	-1.07016952117556E-04	0	3.46857554692	7226.40625	
21.551136	-5.67169704323578E-03	-1.14958251628172E-04	0	3.59483415654	7226.40625	
21.555232	-5.67093120592453E-03	-1.08405312748425E-04	0	3.56340874032	7226.41015625	
21.559328	-5.67922594814953E-03	-9.64165658429531E-05	0	3.50020314171	7284.44921875	
21.563424	-5.68441720233063E-03	-9.69392105126156E-05	0	3.54985896144	7284.44921875	
21.56752	-5.68114374155969E-03	-1.06262962246547E-04	0	3.39435693828	7284.44921875	
21.571616	-5.67394344448937E-03	-1.13085097010944E-04	0	3.53466886586	7284.44921875	
21.575712	-5.67301156604188E-03	-1.07267882635856E-04	0	3.49927617204	7343.08984375	
21.579808	-5.68114173004813E-03	-9.54257976029531E-05	0	3.4271556429	7343.08984375	
21.583904	-5.6868065123375E-03	-9.50533744176844E-05	0	3.48674873008	7343.08984375	
21.588	-5.68445249521531E-03	-1.03495829677144E-04	0	3.33099875207	7343.08984375	
21.592096	-5.67680838554844E-03	-1.11733321920412E-04	0	3.45744809619	7343.08984375	
21.596192	-5.67546917600953E-03	-1.05929291666756E-04	0	3.42266956746	7401.46875	
21.600288	-5.68349172414719E-03	-9.40718852549437E-05	0	3.36816146205	7401.46875	
21.604384	-5.68941836866906E-03	-9.3340458582525E-05	0	3.41473501226	7401.46875	
21.60848	-5.68690864226547E-03	-1.02241773719662E-04	0	3.26103733747	7401.46875	
21.612576	-5.67966528056125E-03	-1.09737286897219E-04	0	3.39778634459	7401.46875	
21.616672	-5.67833777436234E-03	-1.04312135351222E-04	0	3.36086777477	7460.0703125	
21.620768	-5.68605420701312E-03	-9.26823695771531E-05	0	3.29469816203	7460.0703125	
21.624864	-5.69213710941047E-03	-9.14867597150719E-05	0	3.35015612525	7460.0703125	
21.62896	-5.6899430074575E-03	-1.00141733271628E-04	0	3.20010910879	7460.0703125	
21.633056	-5.68238740429937E-03	-1.08398243284341E-04	0	3.32806525546	7460.0703125	
21.637152	-5.68081275647531E-03	-1.031049122796E-04	0	3.29301206905	7518.6875	
21.641248	-5.68883146445453E-03	-9.08855742585656E-05	0	3.23402551758	7518.6875	
21.645344	-5.69483043196031E-03	-9.0035158041675E-05	0	3.28832762973	7518.6875	
21.64944	-5.69225030265203E-03	-9.90129387273469E-05	0	3.12546706956	7518.6875	
21.653536	-5.68489603351484E-03	-1.06498253597794E-04	0	3.26843020669	7577.1875	
21.657632	-5.68348093513063E-03	-1.01334349386703E-04	0	3.23614648522	7577.1875	
21.661728	-5.69121620284422E-03	-8.976422946645E-05	0	3.15746850397	7577.1875	
21.665824	-5.6970761931875E-03	-8.87742975236906E-05	0	3.22482829999	7577.1875	
21.66992	-5.69526354697266E-03	-9.66103392068719E-05	0	3.07073771213	7635.94921875	
21.674016	-5.68792226122828E-03	-1.04758079616816E-04	0	3.19638215666	7635.94921875	
21.678112	-0.005685895114735	-1.0038474192285E-04	0	3.1687103954	7635.94921875	
21.682208	-5.69362635942547E-03	-8.82414257007937E-05	0	3.09446508393	7635.94921875	
21.686304	-5.70014237683516E-03	-8.64429085089281E-05	0	3.16022652484	7635.94921875	
21.6904	-5.69814540301531E-03	-9.51264272292469E-05	0	3.00488471866	7635.94921875	
21.694496	-5.69101413736453E-03	-1.02789989277216E-04	0	3.14237377564	7694.52734375	
21.698592	-5.68920085112328E-03	-9.83356182508219E-05	0	3.11154345106	7694.52734375	
21.702688	-5.69680500485594E-03	-8.65137360823312E-05	0	3.03513902505	7694.52734375	
21.706784	-5.70346703971859E-03	-8.441695789065E-05	0	3.09672338041	7694.52734375	
21.71088	-5.70183780678531E-03	-9.26866359190406E-05	0	2.95118151284	7694.52734375	
21.714976	-5.69408059530922E-03	-1.01640797878331E-04	0	3.07626519794	7753.2890625	
21.719072	-5.69148903695797E-03	-9.7622427377475E-05	0	3.04784957213	7753.2890625	
21.723168	-5.69903257104672E-03	-8.52847495709344E-05	0	2.97418027885	7753.2890625	
21.727264	-5.70623058230844E-03	-8.23575339885375E-05	0	3.03756516789	7753.2890625	
21.73136	-5.70458434295922E-03	-9.10791002669625E-05	0	2.8779165767	7811.80859375	
21.735456	-5.69707143870562E-03	-9.95649235119E-05	0	3.01754186008	7811.80859375	
21.739552	-5.69478197281813E-03	-9.5419506503475E-05	0	2.99550439595	7811.80859375	
21.743648	-5.70270769410375E-03	-8.29966595513344E-05	0	2.91481988776	7811.80859375	
21.747744	-5.70972997240078E-03	-8.0628855909525E-05	0	2.97693829972	7811.80859375	
21.75184	-5.70843629616906E-03	-8.87667410408625E-05	0	2.82914957974	7870.5078125	
21.755936	-5.70051871236203E-03	-9.80209582289437E-05	0	2.95442781403	7870.5078125	
21.760032	-5.69770588773891E-03	-9.4127384718675E-05	0	2.92972769628	7870.5078125	
21.764128	-5.70570832076094E-03	-8.1132966943875E-05	0	2.85739735919	7870.5078125	
21.768224	-5.71312604394469E-03	-7.84581840417375E-05	0	2.92393699686	7870.5078125	
21.77232	-5.71133323854844E-03	-8.75477069233594E-05	0	2.76395652764	7870.5078125	
21.776416	-5.70365996196391E-03	-9.59784451272281E-05	0	2.90517635144	7928.98828125	
21.780512	-5.70140597182578E-03	-9.17968425780656E-05	0	2.87873673505	7928.98828125	
21.784608	-5.70921520830547E-03	-7.94321460485438E-05	0	2.79631654291	7928.98828125	
21.788704	-5.71651717814203E-03	-7.66357582199344E-05	0	2.86663272368	7928.98828125	
21.7928	-5.71491665496469E-03	-8.53384038442031E-05	0	2.7149530199	7987.62890625	
21.796896	-5.70676902738078E-03	-9.46498745808E-05	0	2.83920128789	7987.62890625	
21.800992	-5.70433500695781E-03	-9.02419734598594E-05	0	2.81801831432	7987.62890625	
21.805088	-5.71262472040391E-03	-7.72604797105969E-05	0	2.73633054266	7987.62890625	
21.809184	-5.72023344575375E-03	-7.44257171607469E-05	0	2.81564939183	7987.62890625	
21.81328	-5.71866090087359E-03	-8.32589814043969E-05	0	2.64830657091	7987.62890625	
21.817376	-5.71113208739219E-03	-9.16987801761281E-05	0	2.79008715414	8046.02734375	
21.821472	-5.70854720360203E-03	-8.81460957480469E-05	0	2.76698920619	8046.02734375	
21.825568	-5.71645802141563E-03	-7.55511314199469E-05	0	2.68246330517	8046.02734375	
21.829664	-5.72387217873797E-03	-7.28205836697281E-05	0	2.76113365704	8046.02734375	
21.83376	-5.72240002657125E-03	-8.12749670422594E-05	0	2.60077171882	8104.6484375	
21.837856	-5.71430753269063E-03	-9.04329766342406E-05	0	2.72774367547	8104.6484375	
21.841952	-5.71161713597578E-03	-8.64374933701125E-05	0	2.71386201856	8104.6484375	
21.846048	-5.71982995482078E-03	-7.34330869033781E-05	0	2.62719607645	8104.6484375	
21.850144	-5.72764248286484E-03	-7.04335360567781E-05	0	2.70321521877	8104.6484375	
21.85424	-5.72607844119266E-03	-7.93535540598281E-05	0	2.54090397396	8162.94921875	
21.858336	-5.71850363724234E-03	-8.77954052333531E-05	0	2.67794289752	8162.94921875	
21.862432	-5.71608808615281E-03	-8.39725665081187E-05	0	2.6597544556	8162.94921875	
21.866528	-5.72426131479297E-03	-7.12632234482437E-05	0	2.57102095151	8162.94921875	
21.870624	-5.7316917470725E-03	-6.86693224363781E-05	0	2.64935179597	8221.62890625	
21.87472	-5.72993889761047E-03	-7.74851600147625E-05	0	2.50749873363	8221.62890625	
21.878816	-5.72182610574953E-03	-8.63992176872344E-05	0	2.62435031771	8221.62890625	
21.882912	-5.71934225469922E-03	-8.22598973073281E-05	0	2.60246544118	8221.62890625	
21.887008	-5.72731149778047E-03	-6.98545957703344E-05	0	2.52209755226	8221.62890625	
21.891104	-5.73505289146109E-03	-6.66902246558625E-05	0	2.59831887315	8221.62890625	
21.8952	-5.73374632326891E-03	-7.50358554929156E-05	0	2.45068274077	8279.88671875	
21.899296	-5.72645477671953E-03	-8.32118285669344E-05	0	2.5732372864	8279.88671875	
21.903392	-5.72426168052234E-03	-7.94782616274281E-05	0	2.55972946911	8279.88671875	
21.907488	-5.73187991483594E-03	-6.79001869074375E-05	0	2.46677691788	8279.88671875	
21.911584	-5.73897725908719E-03	-6.52890469705031E-05	0	2.54275409861	8279.88671875	
21.91568	-5.73756380648516E-03	-7.31996602137281E-05	0	2.40822524107	8338.52734375	
21.919776	-5.73010256150578E-03	-8.1499278116025E-05	0	2.5151395577	8338.52734375	
21.923872	-5.72765930641609E-03	-7.78300776986906E-05	0	2.4993085942	8338.52734375	
21.927968	-5.73608068243719E-03	-6.50335097260406E-05	0	2.41796032995	8338.52734375	
21.932064	-5.74435713819344E-03	-6.16563275263031E-05	0	2.49350645071	8338.52734375	
21.93616	-5.74324166359969E-03	-7.02067206585937E-05	0	2.35189371384	8396.88671875	
21.940256	-5.73639895842578E-03	-7.79615600191312E-05	0	2.46802432151	8396.88671875	
21.944352	-5.73438113803156E-03	-7.44964822342125E-05	0	2.4596358182	8396.88671875	
21.948448	-5.74182811956531E-03	-6.32541384284906E-05	0	2.36935354997	8396.88671875	
21.952544	-5.74895188776391E-03	-6.04583138204719E-05	0	2.44052040661	8396.88671875	
21.95664	-5.74777204480016E-03	-6.79849555726687E-05	0	2.3093751791	8455.765625	
21.960736	-5.74086506268859E-03	-7.57914037758281E-05	0	2.38918612328	8455.765625	
21.964832	-5.73871064237281E-03	-7.2404364134025E-05	0	2.4030258186	8455.765625	
21.968928	-5.74647251689844E-03	-6.08225557639219E-05	0	2.31756150384	8455.765625	
21.973024	-5.75422351097516E-03	-5.7454144468875E-05	0	2.39317628902	8455.765625	
21.97712	-5.75353639691188E-03	-6.48784767079969E-05	0	2.25315809257	8514.02734375	
21.981216	-5.74709297678312E-03	-7.24233951246094E-05	0	2.34208996054	8514.02734375	
21.985312	-5.74473402231437E-03	-6.97605857681906E-05	0	2.35860756824	8514.02734375	
21.989408	-5.75176196941672E-03	-5.89089918121031E-05	0	2.27194925551	8514.02734375	
21.993504	-5.7590863401775E-03	-5.5601861705775E-05	0	2.34785777182	8573.06640625	
21.9976	-5.75866218553484E-03	-6.23178057109781E-05	0	2.21327550862	8573.06640625	
22.001696	-5.75236926304391E-03	-6.98088304314844E-05	0	2.29259817248	8573.06640625	
22.005792	-5.75002566920891E-03	-6.72409236243938E-05	0	2.30721606456	8573.06640625	
22.009888	-5.75712219056906E-03	-5.63707395426656E-05	0	2.21990543984	8573.06640625	
22.013984	-5.76491734646781E-03	-5.24973227430094E-05	0	2.30042973105	8573.06640625	
22.01808	-5.76502423087766E-03	-5.89105422913219E-05	0	2.1596867435	8631.38671875	
22.022176	-5.75890960145703E-03	-6.66829270670062E-05	0	2.24578048211	8631.38671875	
22.026272	-0.00575630533401	-6.46796617625813E-05	0	2.26694438223	8631.38671875	
22.030368	-5.76306629866859E-03	-5.40928886955187E-05	0	2.18033566047	8631.38671875	
22.034464	-5.77067374396562E-03	-5.01217907435437E-05	0	2.25411939445	8631.38671875	
22.03856	-5.77059593504109E-03	-5.64927021610875E-05	0	2.12073494391	8690.56640625	
22.042656	-5.76428856623984E-03	-6.4292006861775E-05	0	2.19813118932	8690.56640625	
22.046752	-0.00576151332031	-6.23882755924312E-05	0	2.22200351934	8690.56640625	
22.050848	-5.76862072211906E-03	-5.13310465054406E-05	0	2.1327550321	8690.56640625	
22.054944	-5.77721609389031E-03	-4.64954205718406E-05	0	2.20681723845	8748.66796875	
22.05904	-5.77761885336453E-03	-5.31116937632531E-05	0	2.07349382295	8748.66796875	
22.063136	-5.77163387500734E-03	-6.07588885198969E-05	0	2.14876147134	8748.66796875	
22.067232	-5.76880514115641E-03	-5.92128992005031E-05	0	2.2028308874	8748.66796875	
22.071328	-5.77530451787953E-03	-4.89582289263375E-05	0	2.08889372648	8748.66796875	
22.075424	-5.78305788919719E-03	-4.47015509714812E-05	0	2.16143768621	8807.6875	
22.07952	-5.78365987974844E-03	-5.03033665235062E-05	0	2.03190225788	8807.6875	
22.083616	-5.77800250347891E-03	-5.77478547520875E-05	0	2.10510234429	8807.6875	
22.087712	-5.77513097929109E-03	-5.64983576842781E-05	0	2.15649766266	8807.6875	
22.091808	-5.78194250603578E-03	-4.58479378058625E-05	0	2.03870385015	8865.84765625	
22.095904	-5.79082031231688E-03	-4.04908063841531E-05	0	2.1208531993	8865.84765625	
22.1	-5.79218265423875E-03	-4.60631330233594E-05	0	1.98487475956	8865.84765625	
22.104096	-5.78653387260953E-03	-5.41024043110031E-05	0	2.06370532841	8865.84765625	
22.108192	-5.78340469207703E-03	-5.33218971588187E-05	0	2.11728264946	8865.84765625	
22.112288	-5.78947022232906E-03	-4.34369378130187E-05	0	2.00170898653	8865.84765625	
22.116384	-5.79781013213188E-03	-3.81259169221219E-05	0	2.07346712012	8865.84765625	
22.12048	-5.79934016097219E-03	-4.29990882508688E-05	0	1.94723521333	8924.88671875	
22.124576	-5.79392928630141E-03	-5.07499877115E-05	0	2.01387403294	8924.88671875	
22.128672	-5.79084088459422E-03	-5.00995773042187E-05	0	2.06337726507	8924.88671875	
22.132768	-5.79748198145016E-03	-3.97528934201437E-05	0	1.95604333254	8982.88671875	
22.136864	-5.80702139217062E-03	-3.35806159385812E-05	0	2.03395074641	8982.88671875	
22.14096	-5.80840037477906E-03	-3.95143056779625E-05	0	1.89896412607	8982.88671875	
22.145056	-5.80275799341391E-03	-4.74062242283437E-05	0	1.97741704061	8982.88671875	
22.149152	-5.79945966304547E-03	-4.68184909218469E-05	0	2.03162378551	8982.88671875	
22.153248	-5.80534790598297E-03	-3.7218899319525E-05	0	1.91728989683	8982.88671875	
22.157344	-5.81418475057406E-03	-3.13416066391312E-05	0	1.9926414684	9041.82421875	
22.16144	-5.81619498208375E-03	-3.59406296843344E-05	0	1.86241939587	9041.82421875	
22.165536	-5.81068225178203E-03	-4.41363546616781E-05	0	1.92895140416	9041.82421875	
22.169632	-5.80741473411344E-03	-4.36031256276E-05	0	1.98773959175	9041.82421875	
22.173728	-0.005814219312	-3.31025878108406E-05	0	1.86666133115	9041.82421875	
22.177824	-5.82402881386391E-03	-2.68041407439094E-05	0	1.94628535552	9099.88671875	
22.18192	-5.82601829023156E-03	-3.21405755517E-05	0	1.81184423585	9099.88671875	
22.186016	-5.82081130968734E-03	-3.9893846644575E-05	0	1.89003393678	9099.88671875	
22.190112	-5.81748106943094E-03	-3.98649329715656E-05	0	1.9499550873	9099.88671875	
22.194208	-5.82360072763047E-03	-3.01754919398625E-05	0	1.82656130987	9158.64453125	
22.198304	-5.83316482508375E-03	-2.37199488761812E-05	0	1.90708941577	9158.64453125	
22.2024	-5.83557891325578E-03	-2.82442118999906E-05	0	1.78086513836	9158.64453125	
22.206496	-5.83022298942359E-03	-3.64118780111625E-05	0	1.84957533464	9158.64453125	
22.210592	-5.82695848902234E-03	-3.61825590097125E-05	0	1.90188236392	9216.50390625	
22.214688	-5.83387470580062E-03	-2.58021143420906E-05	0	1.78585093819	9216.50390625	
22.218784	-5.84442755261922E-03	-1.89309825113062E-05	0	1.864620472	9216.50390625	
22.22288	-5.84697869787453E-03	-2.40104000280375E-05	0	1.73682072762	9216.50390625	
22.226976	-5.84187832744312E-03	-3.19519175672812E-05	0	1.8124355128	9216.50390625	
22.231072	-5.83844056275047E-03	-3.21731882594719E-05	0	1.86819102184	9216.50390625	
22.235168	-5.84443248996578E-03	-2.27979642212437E-05	0	1.74764300315	9275.24609375	
22.239264	-5.85407814506969E-03	-1.63077382595531E-05	0	1.82436404843	9275.24609375	
22.24336	-5.85696603564703E-03	-2.02666225218187E-05	0	1.69465695905	9275.24609375	
22.247456	-5.85238500092812E-03	-2.77853275031062E-05	0	1.76606795585	9275.24609375	
22.251552	-5.84970283312422E-03	-2.75681786817937E-05	0	1.82237659494	9333.08203125	
22.255648	-5.85690358735625E-03	-1.75993480256344E-05	0	1.70267543743	9333.08203125	
22.259744	-5.86745387406922E-03	-1.10396146815281E-05	0	1.78747599613	9333.08203125	
22.26384	-0.005870328049795	-1.5665709334275E-05	0	1.65512151189	9333.08203125	
22.267936	-5.86539033750313E-03	-2.3558539902975E-05	0	1.73311666363	9333.08203125	
22.272032	-5.86215802128688E-03	-2.37747356002406E-05	0	1.78883402577	9391.5625	
22.276128	-5.86892410615672E-03	-1.40267934251156E-05	0	1.66868273484	9391.5625	
22.280224	-5.87914871086125E-03	-7.55562249244687E-06	0	1.73571828221	9391.5625	
22.28432	-5.88265724418797E-03	-1.11635734518E-05	0	1.61767651485	9391.5625	
22.288416	-5.87855522351797E-03	-1.85010610662281E-05	0	1.68875563362	9391.5625	
22.292512	-5.87581527047281E-03	-1.87900396234031E-05	0	1.74210025858	9391.5625	
22.296608	-5.88269930306609E-03	-9.50620083032812E-06	0	1.61959911861	9449.625	
22.300704	-5.89351849230203E-03	-2.63202837758437E-06	0	1.69931469554	9449.625	
22.3048	-5.89721025604562E-03	-6.43164885680625E-06	0	1.57648930692	9449.625	
22.308896	-5.89310530954062E-03	-1.38035878790906E-05	0	1.64826651396	9449.625	
22.312992	-5.89007972185359E-03	-1.44791665304344E-05	0	1.7077222723	9508.0625	
22.317088	-5.89686939626813E-03	-5.27561083015312E-06	0	1.58845598945	9508.0625	
22.321184	-5.90723974412859E-03	1.14301255890937E-06	0	1.66060322142	9508.0625	
22.32528	-5.91164349153297E-03	-1.5262744352625E-06	0	1.53854840018	9508.0625	
22.329376	-5.90832952623375E-03	-8.48014993330312E-06	0	1.61042860385	9508.0625	
22.333472	-5.90568429709672E-03	-9.37445360630625E-06	0	1.66419284471	9508.0625	
22.337568	-5.91262218334047E-03	-5.28539856075E-07	0	1.5385026239	9566.10546875	
22.341664	-5.9236821139375E-03	6.33260015777812E-06	0	1.62300945147	9566.10546875	
22.34576	-5.92847737463781E-03	3.657744419175E-06	0	1.49413396451	9566.10546875	
22.349856	-5.9251245505925E-03	-3.52714310746875E-06	0	1.56602179756	9566.10546875	
22.353952	-5.92245600620781E-03	-4.50340102544062E-06	0	1.63050531732	9624.44140625	
22.358048	-5.92966087489531E-03	4.38512229756562E-06	0	1.50392245905	9624.44140625	
22.362144	-5.94060633219797E-03	1.0844418001725E-05	0	1.57907185205	9624.44140625	
22.36624	-5.94580096937578E-03	8.64756899665312E-06	0	1.4571352862	9624.44140625	
22.370336	-5.94319825627859E-03	2.057672942325E-06	0	1.52739043193	9682.80078125	
22.374432	-5.94132279604359E-03	1.32491670392812E-06	0	1.5824859996	9682.80078125	
22.378528	-5.94949730473656E-03	1.03874836028906E-05	0	1.45511731519	9682.80078125	
22.382624	-5.96164646884469E-03	1.72252645054875E-05	0	1.5413254945	9682.80078125	
22.38672	-5.96708175595125E-03	1.45382857020844E-05	0	1.44004166031	9682.80078125	
22.390816	-5.96431428177063E-03	7.6111260427125E-06	0	1.48539450972	9682.80078125	
22.394912	-5.96235698958797E-03	6.77020332594375E-06	0	1.54544154501	9741.30078125	
22.399008	-5.96985672758406E-03	1.50740455028625E-05	0	1.42133060586	9741.30078125	
22.403104	-5.98145674903562E-03	2.16799446661875E-05	0	1.49251653595	9741.30078125	
22.4072	-5.98766116501781E-03	2.01606997912031E-05	0	1.39935799146	9741.30078125	
22.411296	-5.98619751605906E-03	1.41320834640562E-05	0	1.44180404709	9741.30078125	
22.415392	-5.98473350137094E-03	1.29284901964969E-05	0	1.50078296918	9799.703125	
22.419488	-5.99240924662875E-03	2.08421111290219E-05	0	1.3744709539	9799.703125	
22.423584	-6.00440498726406E-03	2.75910623127562E-05	0	1.45482358406	9799.703125	
22.42768	-6.01070156704875E-03	2.58546594818531E-05	0	1.35517243719	9799.703125	
22.431776	-6.00927001084266E-03	1.98679202762906E-05	0	1.4059039995	9799.703125	
22.435872	-6.00793052700672E-03	1.87048618239656E-05	0	1.45698651329	9858.44140625	
22.439968	-6.01546007194687E-03	2.6320064064525E-05	0	1.33663304379	9858.44140625	
22.444064	-6.02772279502594E-03	3.3318049374225E-05	0	1.41039007494	9858.44140625	
22.44816	-6.03467311606844E-03	3.2104650587625E-05	0	1.31264627307	9858.44140625	
22.452256	-6.03358022526359E-03	2.60244915235594E-05	0	1.35118608614	9858.44140625	
22.456352	-6.03257446948234E-03	2.49039226922062E-05	0	1.41300313759	9917.12109375	
22.460448	-6.04092955705422E-03	3.29172353519625E-05	0	1.28775542082	9917.12109375	
22.464544	-6.05387189674437E-03	3.99850686687375E-05	0	1.36698653212	9917.12109375	
22.46864	-6.06093477100203E-03	3.84618987976781E-05	0	1.26651141221	9917.12109375	
22.472736	-6.05982926253375E-03	3.23309645440031E-05	0	1.31421029597	9975.66015625	
22.476832	-6.05870309035578E-03	3.10626073989E-05	0	1.37363553679	9975.66015625	
22.480928	-6.06684020322016E-03	3.8850393841875E-05	0	1.25000906327	9975.66015625	
22.485024	-6.07982917340563E-03	4.60168222523625E-05	0	1.31402719085	9975.66015625	
22.48912	-6.08753975438641E-03	4.50787676615719E-05	0	1.22240215174	9975.66015625	
22.493216	-6.08733366588359E-03	3.94631571714187E-05	0	1.23906090297	10034.28125	
22.497312	-6.08657934904766E-03	3.800624276295E-05	0	1.31784951023	10034.28125	
22.501408	-6.09507140227047E-03	4.5755536936725E-05	0	1.19095384738	10034.28125	
22.505504	-6.10883873599828E-03	5.33380036330969E-05	0	1.27485032455	10034.28125	
22.5096	-0.00611662191426	5.20286816251125E-05	0	1.17090002205	10034.28125	
22.513696	-6.11625874499063E-03	4.61564920646156E-05	0	1.19366609197	10093.01953125	
22.517792	-6.11594001184031E-03	0.000045111801042	0	1.27421708601	10093.01953125	
22.521888	-6.12453099485906E-03	5.27312092879687E-05	0	1.15144891774	10093.01953125	
22.525984	-6.13789639200375E-03	5.98801218505875E-05	0	1.21901470702	10093.01953125	
22.53008	-0.006145941706795	5.90099099804156E-05	0	1.12891172922	10093.01953125	
22.534176	-6.14601530983172E-03	5.34486681858937E-05	0	1.14157268533	10151.69921875	
22.538272	-6.14589059611484E-03	5.23072791830531E-05	0	1.22097545768	10151.69921875	
22.542368	-6.15484621132047E-03	6.0033403428075E-05	0	1.09662037837	10151.69921875	
22.546464	-6.1687588310425E-03	6.74588024930531E-05	0	1.1780144189	10151.69921875	
22.55056	-6.17626862659641E-03	6.58891720915312E-05	0	1.06757532871	10151.69921875	
22.554656	-6.17575239958359E-03	6.00699502665281E-05	0	1.0887506729	10210.23828125	
22.558752	-6.17550644657891E-03	5.91696874648687E-05	0	1.17306676597	10210.23828125	
22.562848	-6.18421912604719E-03	6.68142514549125E-05	0	1.04805555998	10210.23828125	
22.566944	-6.19781749280375E-03	7.40580713745469E-05	0	1.11223390454	10210.23828125	
22.57104	-6.20612915001234E-03	7.32628322659406E-05	0	1.02321048401	10210.23828125	
22.575136	-6.20658247157266E-03	6.79364510538656E-05	0	1.03199952977	10268.859375	
22.579232	-6.20663111357953E-03	6.68232084171094E-05	0	1.12522292399	10268.859375	
22.583328	-6.21590921066156E-03	7.47309654131906E-05	0	0.99304773018	10268.859375	
22.587424	-6.22976477660109E-03	8.18801746101281E-05	0	1.06237209155	10268.859375	
22.59152	-6.23745414527812E-03	8.04402890307844E-05	0	0.96433074386	10268.859375	
22.595616	-6.23791066697047E-03	7.54254978917344E-05	0	0.98061947016	10327.45703125	
22.599712	-6.23820078179719E-03	7.45283807600062E-05	0	1.07564721275	10327.45703125	
22.603808	-6.24693513073094E-03	8.18657479418625E-05	0	0.93782246305	10327.45703125	
22.607904	-6.26026185199422E-03	8.88600272456531E-05	0	0.99879265332	10327.45703125	
22.612	-6.26875262516422E-03	8.84844485346938E-05	0	0.90322703944	10327.45703125	
22.616096	-6.26954863514891E-03	8.3524410706275E-05	0	0.91385476578	10386.0390625	
22.620192	-6.26950602767672E-03	8.21679336973687E-05	0	1.00684164922	10386.0390625	
22.624288	-6.27806144351375E-03	8.94428098359469E-05	0	0.87114168185	10386.0390625	
22.628384	-6.29118527640625E-03	9.63681079587187E-05	0	0.94030201155	10386.0390625	
22.63248	-6.29926597551453E-03	9.58194443246906E-05	0	0.84424048797	10444.37890625	
22.636576	-6.29990124743891E-03	9.10108573063594E-05	0	0.85022573658	10444.37890625	
22.640672	-6.2995261005325E-03	8.94876482526469E-05	0	0.94937715906	10444.37890625	
22.644768	-6.30809175679203E-03	9.69970844932031E-05	0	0.8137115239	10444.37890625	
22.648864	-6.32162456655812E-03	1.04278397163806E-04	0	0.87564301605	10444.37890625	
22.65296	-6.33016096446766E-03	1.039755652551E-04	0	0.78027195136	10444.375	
22.657056	-6.33095880309922E-03	9.89511327795375E-05	0	0.78778307597	10503.15625	
22.661152	-6.33058749635125E-03	9.74415619333406E-05	0	0.88085388259	10503.15625	
22.665248	-6.33883085359906E-03	1.04813983887834E-04	0	0.73870708912	10503.15625	
22.669344	-6.35176597013406E-03	1.11809076892734E-04	0	0.81020963848	10503.15625	
22.67344	-6.35925473624891E-03	1.10872615569581E-04	0	0.71061571196	10503.15625	
22.677536	-6.35888763538875E-03	1.05422206356534E-04	0	0.71640641138	10561.4375	
22.681632	-6.35758170722297E-03	1.03796521924528E-04	0	0.81830822535	10561.4375	
22.685728	-6.36512002966812E-03	1.11204355862841E-04	0	0.67564263404	10561.4375	
22.689824	-6.37750070047062E-03	1.182653509653E-04	0	0.7380662212	10561.4375	
22.69392	-6.38471672390406E-03	1.17595890336684E-04	0	0.64142486474	10620.13671875	
22.698016	-6.38406892574859E-03	1.12164433748916E-04	0	0.64682265109	10620.13671875	
22.702112	-6.38206436304422E-03	1.10027648145319E-04	0	0.74649287141	10620.13671875	
22.706208	-6.38843573448609E-03	1.16799409642781E-04	0	0.59871178081	10620.13671875	
22.710304	-6.39962193314984E-03	1.23620183110462E-04	0	0.67013040699	10678.27734375	
22.7144	-6.40551941075406E-03	1.22555143069734E-04	0	0.57185254852	10678.27734375	
22.718496	-6.40375083492891E-03	1.16887266285694E-04	0	0.57257733962	10678.27734375	
22.722592	-6.40014666337062E-03	1.14169139917284E-04	0	0.6806932836	10678.27734375	
22.726688	-6.40421668272031E-03	1.19912448116278E-04	0	0.53121084126	10678.27734375	
22.730784	-6.41303953816281E-03	1.26037344154837E-04	0	0.59556466156	10678.27734375	
22.73488	-6.41678835568891E-03	1.24442665701441E-04	0	0.50502299441	10678.27734375	
22.738976	-6.41248052081313E-03	1.17938725811156E-04	0	0.50208186842	10737.2578125	
22.743072	-6.40556896708437E-03	1.13796119376844E-04	0	0.61086919784	10737.2578125	
22.747168	-6.40610073759562E-03	1.18618124170219E-04	0	0.46007450214	10737.2578125	
22.751264	-6.41157561490703E-03	1.24086228317494E-04	0	0.53197377926	10737.2578125	
22.75536	-6.41131667850953E-03	1.20927079553569E-04	0	0.43447030286	10795.47265625	
22.759456	-6.40290636580203E-03	1.13201335837012E-04	0	0.4348365131	10795.47265625	
22.763552	-6.39253757229141E-03	1.08561530861437E-04	0	0.55791748595	10795.47265625	
22.767648	-6.39021317924859E-03	1.13126227258275E-04	0	0.4034416144	10795.47265625	
22.771744	-6.39404803461016E-03	1.18912291183744E-04	0	0.46858126084	10854.375	
22.77584	-6.39369510576328E-03	1.1702597912775E-04	0	0.37719273251	10854.375	
22.779936	-6.38520131532594E-03	1.09413616788197E-04	0	0.37756657213	10854.375	
22.784032	-6.37468312136562E-03	1.04746911118369E-04	0	0.49258710501	10854.375	
22.788128	-6.37244531475234E-03	1.09329846198891E-04	0	0.34253245917	10854.375	
22.792224	-6.37628117586969E-03	1.15106541143344E-04	0	0.40707701397	10912.6953125	
22.79632	-6.37457724271156E-03	1.11882716482556E-04	0	0.32212005298	10912.6953125	
22.800416	-6.36421082644187E-03	1.03337019980184E-04	0	0.32501540269	10912.6953125	
22.804512	-6.35191637633953E-03	9.81366081132937E-05	0	0.44828329535	10912.6953125	
22.808608	-6.34781152126688E-03	1.02216594417919E-04	0	0.29413930183	10912.6953125	
22.812704	-6.35037683853547E-03	1.08011715305484E-04	0	0.34828501169	10912.6953125	
22.8168	-0.006347847728475	1.04877203055384E-04	0	0.27278466721	10971.734375	
22.820896	-6.33653782185016E-03	9.58619296187437E-05	0	0.27353616114	10971.734375	
22.824992	-6.32317407048766E-03	9.01730725672219E-05	0	0.38294528503	10971.734375	
22.829088	-6.31807690018828E-03	9.41025683973375E-05	0	0.24001266542	10971.734375	
22.833184	-6.31987071134031E-03	1.00012845419747E-04	0	0.3041452337	10971.734375	
22.83728	-6.31625794514172E-03	9.62826967460531E-05	0	0.22086673631	11029.8359375	
22.841376	-6.30397236397672E-03	8.70251504747625E-05	0	0.22502474841	11029.8359375	
22.845472	-6.28989928049141E-03	8.12641576780687E-05	0	0.34489375228	11029.8359375	
22.849568	-6.28381518947359E-03	8.48763071909156E-05	0	0.19800529914	11029.8359375	
22.853664	-6.28501560471469E-03	9.07949048780813E-05	0	0.25240659323	11029.8359375	
22.85776	-6.28078941892187E-03	8.691092462745E-05	0	0.18619883359	11088.890625	
22.861856	-6.26733615529484E-03	7.69871100320437E-05	0	0.1807400122	11088.890625	
22.865952	-6.25180006287719E-03	7.06207327445813E-05	0	0.29640904238	11088.890625	
22.870048	-6.24443518758813E-03	7.37963786073938E-05	0	0.15105409462	11147.1328125	
22.874144	-6.24464703632859E-03	7.95506281416E-05	0	0.21779972555	11147.1328125	
22.87824	-6.23929870138094E-03	7.52342108234063E-05	0	0.13797352261	11147.1328125	
22.882336	-6.22527983727547E-03	6.54733616900344E-05	0	0.13878223689	11147.1328125	
22.886432	-6.21057843072391E-03	6.03011096507531E-05	0	0.25840328591	11147.1328125	
22.890528	-6.20324628821391E-03	6.3127227257325E-05	0	0.11824013124	11206.2734375	
22.894624	-6.20302611913016E-03	6.83680347568969E-05	0	0.16922727778	11206.2734375	
22.89872	-6.19697988110266E-03	6.35758957990406E-05	0	0.12848257389	11206.2734375	
22.902816	-6.18225058768625E-03	5.36487004377844E-05	0	0.10014705657	11206.2734375	
22.906912	-6.16657423805328E-03	4.80546560318344E-05	0	0.21966510896	11206.2734375	
22.911008	-6.15789392563469E-03	5.01993937909406E-05	0	0.07347855878	11206.2734375	
22.915104	-6.15680460069125E-03	5.55152699654437E-05	0	0.13922474093	11264.43359375	
22.9192	-6.15018599619187E-03	5.09297334452156E-05	0	0.09280759301	11264.43359375	
22.923296	-6.13454009352938E-03	4.05696091899656E-05	0	0.06415927111	11264.43359375	
22.927392	-6.11790224136953E-03	3.45642678395437E-05	0	0.19096719609	11264.43359375	
22.931488	-6.10739346494063E-03	3.56247114906375E-05	0	0.04949178806	11264.43359375	
22.935584	-6.10396484348234E-03	3.98615442730313E-05	0	0.10133723985	11323.4140625	
22.93968	-6.09526587886563E-03	3.48503488034625E-05	0	0.06539523067	11323.4140625	
22.943776	-6.07773052681953E-03	2.42949367627313E-05	0	0.03796379488	11323.4140625	
22.947872	-6.05939313025406E-03	1.80742449065062E-05	0	0.15554779944	11323.4140625	
22.951968	-6.04818133053406E-03	1.96007517934594E-05	0	0.01103208348	11381.4921875	
22.956064	-6.04609987322859E-03	2.56056587693156E-05	0	0.08201964969	11381.4921875	
22.96016	-6.03989408576125E-03	2.22627113911125E-05	0	0.03557198425	11381.4921875	
22.964256	-6.02511450455578E-03	1.28572239216094E-05	0	0.00603102489	11381.4921875	
22.968352	-6.01003630531563E-03	7.94629325562187E-06	0	0.13362096132	11381.4921875	
22.972448	-6.00252760694984E-03	1.07427159399656E-05	0	-0.00236892249	11381.4921875	
22.976544	-6.00301302126281E-03	1.6687785235275E-05	0	0.05090703805	11440.25	
22.98064	-5.99875236547641E-03	1.34333930569781E-05	0	0.01461789208	11440.25	
22.984736	-5.98651798642391E-03	5.05848484535625E-06	0	-0.00861357002	11440.25	
22.988832	-5.97401653349531E-03	8.907866092125E-07	0	0.1147077283	11440.25	
22.992928	-5.96862604823719E-03	3.89806653462187E-06	0	-0.02789301328	11498.26953125	
22.997024	-5.97105385126078E-03	1.01084478242344E-05	0	0.04175178205	11498.26953125	
23.00112	-5.96926333167312E-03	7.90557743095312E-06	0	-0.00575255252	11498.26953125	
23.005216	-5.95942393143281E-03	2.86983126478125E-07	0	-0.05206288912	11498.26953125	
23.009312	-5.94949693900719E-03	-3.08858128641562E-06	0	0.10264567852	11498.26953125	
23.013408	-0.005946341243095	1.981844172E-07	0	-0.036239555	11498.26953125	
23.017504	-5.95074654484922E-03	6.59465422264687E-06	0	0.02804560088	11556.890625	
23.0216	-5.95147187763219E-03	5.41487896011562E-06	0	-0.01269910301	11556.890625	
23.025696	-5.94441512934156E-03	-1.18740674528437E-06	0	-0.06060779472	11556.890625	
23.029792	-5.93668178170719E-03	-4.3065735780375E-06	0	0.09236127428	11614.91015625	
23.033888	-5.93493697829141E-03	-1.31499315615937E-06	0	-0.05269231297	11614.91015625	
23.037984	-5.94067033483859E-03	5.13768957384375E-06	0	0.02283473434	11614.91015625	
23.04208	-5.94294910314187E-03	4.49619045572812E-06	0	-0.02234263933	11614.91015625	
23.046176	-5.93717844219844E-03	-1.79863642251562E-06	0	-0.06563174145	11614.91015625	
23.050272	-5.9301862451425E-03	-5.08500621306562E-06	0	0.09150296903	11614.91015625	
23.054368	-5.92892758749844E-03	-2.25631865714063E-06	0	-0.04638281571	11673.2890625	
23.058464	-5.93531422814172E-03	4.2714034209E-06	0	0.01816173909	11673.2890625	
23.06256	-5.93826950435641E-03	3.868482669975E-06	0	-0.01867672224	11673.2890625	
23.066656	-5.93339963486359E-03	-1.93911512819062E-06	0	-0.03407281108	11673.2890625	
23.070752	-5.92731142939031E-03	-4.94257919203125E-06	0	0.162124325	11673.2890625	
23.074848	-5.92653672314172E-03	-2.367564940125E-06	0	0.0636290292	11673.2890625	
23.078944	-5.93435318277656E-03	4.89812370764062E-06	0	0.03921882789	11673.2890625	
23.08304	-5.93862215890625E-03	4.82807161423125E-06	0	0.01643368452	11673.2890625	
23.087136	-5.93396816117703E-03	-1.44337499893125E-06	0	-0.0056457412	11673.2890625	
23.091232	-5.92398237775438E-03	-7.76281771794375E-06	0	0.01768108815	11673.2890625	
23.095328	-5.92324424444328E-03	-3.48366069902812E-06	0	-0.0125121832	11673.2890625	
23.099424	-5.93436168598453E-03	6.5498780655E-06	0	-0.00047302156	11673.2890625	
23.10352	-5.94110280982453E-03	7.0914631008375E-06	0	-0.02105327411	11673.2890625	
23.107616	-5.93704522527359E-03	1.5905753325E-08	0	-0.01084897836	11673.2890625	
23.111712	-5.92981201255953E-03	-4.67751383209688E-06	0	-0.01269528832	11673.2890625	
23.115808	-5.92871939605172E-03	-2.13694738228125E-06	0	-0.00093841374	11673.2890625	
23.119904	-5.93309150786516E-03	2.36641902780937E-06	0	-0.01453015421	11673.2890625	
23.124	-5.93499531212672E-03	2.244518909325E-06	0	-0.009918194	11673.2890625	
23.128096	-5.93080012189844E-03	-2.13125099374687E-06	0	-0.01227567242	11673.2890625	
23.132192	-5.92626471191906E-03	-4.00660296454688E-06	0	-0.00403975671	11673.2890625	
23.136288	-5.92905504418562E-03	3.5249435904375E-07	0	0.0070571765	11673.2890625	
23.140384	-5.93482104207953E-03	3.98121861493125E-06	0	-0.00637816168	11673.2890625	
23.14448	-5.93745731084688E-03	3.39881847617812E-06	0	0.00772474725	11673.2890625	
23.148576	-0.005934093697785	-7.986020860125E-07	0	-0.00281524122	11673.2890625	
23.152672	-5.93000950642203E-03	-2.80976137292812E-06	0	0.00172423988	11673.2890625	
23.156768	-5.93163809932891E-03	2.9224970775E-07	0	-0.00153350538	11673.2890625	
23.160864	-5.93588558885781E-03	3.17649321773437E-06	0	-0.01863476065	11673.2890625	
23.16496	-5.93620203619953E-03	1.64722767969375E-06	0	-0.00789259361	11673.2890625	
23.169056	-5.9319563753175E-03	-1.97986773166875E-06	0	-0.02062984352	11673.2890625	
23.173152	-5.92946575827375E-03	-2.2134429788625E-06	0	-0.00969312729	11673.2890625	
23.177248	-5.93176647033953E-03	7.88955701428125E-07	0	-0.00397109229	11673.2890625	
23.181344	-0.005934731529815	2.34064405358437E-06	0	-0.01357648171	11673.2890625	
23.18544	-5.93398791056328E-03	5.24149716234375E-07	0	-0.00026321361	11673.2890625	
23.189536	-5.93001554095672E-03	-2.3218909473375E-06	0	-0.01044462122	11673.2890625	
23.193632	-5.92865100465859E-03	-1.7745876484875E-06	0	0.00227736993	11673.2890625	
23.197728	-5.93190489890797E-03	1.41182719394062E-06	0	0.00630949726	11673.2890625	
23.201824	-5.93521218964609E-03	2.71141123089375E-06	0	-0.00397490698	11673.2890625	
23.20592	-5.93468992809859E-03	8.444424247875E-07	0	0.00674437192	11673.2890625	
23.210016	-5.93078786996437E-03	-3.8938807215E-07	0	-0.0053787129	11673.2890625	
23.214112	-5.92762705384094E-03	0	0	-0.00039291307	11673.2890625	
23.218208	-5.92699379342812E-03	0	0	-0.00868986382	11673.2890625	
23.222304	-5.92709491760031E-03	0	0	-0.01978679703	11673.2890625	
23.2264	-5.92608065861109E-03	0	0	-0.00936124926	11673.2890625	
23.230496	-5.92390027150969E-03	0	0	-0.01803585432	11673.2890625	
23.234592	-5.92287485777453E-03	0	0	-0.00234984904	11673.2890625	
23.238688	-5.92328429180984E-03	0	0	-0.00272368866	11673.2890625	
23.242784	-5.92335103742078E-03	0	0	-0.00214385578	11673.2890625	
23.24688	-5.92184057510203E-03	0	0	0.00220489082	11673.2890625	
23.250976	-5.91978700466141E-03	0	0	-0.00245284567	11673.2890625	
23.255072	-5.91911470263781E-03	0	0	0.00385665159	11673.2890625	
23.259168	-5.92028366515266E-03	0	0	-0.00257110106	11673.2890625	
23.263264	-5.92156289507406E-03	0	0	-0.00478743595	11673.2890625	
23.26736	-5.92135479505969E-03	0	0	-0.00449370482	11673.2890625	
23.271456	-5.92087349520219E-03	0	0	-0.00726316976	11673.2890625	
23.275552	-5.92175362294313E-03	0	0	-0.00772093256	11673.2890625	
23.279648	-5.92377062044625E-03	0	0	-0.00899122433	11673.2890625	
23.283744	-5.92527641971547E-03	0	0	-0.01227948711	11673.2890625	
23.28784	-5.92538485847516E-03	0	0	-0.01023099858	11673.2890625	
23.291936	-5.92561481081969E-03	0	0	-0.00842283552	11673.2890625	
23.296032	-5.92744382342406E-03	0	0	-0.00561903837	11673.2890625	
23.300128	-5.93084940393172E-03	0	0	-0.00030898989	11673.2890625	
23.304224	-5.93358249955109E-03	0	0	-0.00351332949	11673.2890625	
23.30832	-5.93511197979734E-03	0	0	0.00400160981	11673.2890625	
23.312416	-5.93658998363406E-03	0	0	0.00157928166	11673.2890625	
23.316512	-5.93905225665125E-03	0	0	-0.00017547574	11747.58203125	
23.320608	-5.94226610353406E-03	0	0	-0.00449751951	11747.58203125	
23.324704	-5.94466940268953E-03	0	0	-0.00709913809	11747.58203125	
23.3288	-5.94657512703031E-03	0	0	0.02612681181	11747.58203125	
23.332896	-5.94902395949297E-03	0	0	0.04635992757	11747.58203125	
23.336992	-5.95249399980297E-03	0	0	0.03812019717	11747.421875	
23.341088	-5.95667136072422E-03	0	0	0.06461703391	11747.421875	
23.345184	-5.95966458136156E-03	0	0	0.04708471867	11747.421875	
23.34928	-5.96111158963375E-03	0	0	0.00950239279	11747.421875	
23.353376	-5.96306193295828E-03	0	0	0.06422030615	11720.33984375	
23.357472	-5.96646961640984E-03	0	0	-0.05637348882	11720.33984375	
23.361568	-5.97006821059516E-03	4.84168025446875E-07	0	0.0552748581	11720.33984375	
23.365664	-5.97415871078984E-03	4.89303116465625E-07	0	0.06925569695	11720.33984375	
23.36976	-0.005976986438885	4.03506086878125E-07	0	-0.09707241643	11720.33984375	
23.373856	-5.98131365741766E-03	3.42684993853125E-07	0	0.08227523392	11661.54296875	
23.377952	-5.98622375714172E-03	3.29053276715625E-07	0	-0.05896366333	11661.54296875	
23.382048	-5.98924056732375E-03	2.99340325659375E-07	0	0.0624083284	11661.54296875	
23.386144	-5.99195784514766E-03	2.555257060125E-07	0	0.05052175436	11661.54296875	
23.39024	-5.99646902555594E-03	2.2673486941875E-07	0	-0.06340396249	11661.54296875	
23.394336	-6.00568476577953E-03	3.11132621559375E-07	0	0.10092525333	11601.04296875	
23.398432	-6.01269406068375E-03	4.06635891440625E-07	0	-0.05011358253	11601.04296875	
23.402528	-6.02292451705828E-03	5.10083864915625E-07	0	0.12879537847	11601.04296875	
23.406624	-6.03654208460703E-03	6.98110119196875E-07	0	0.06323611613	11601.04296875	
23.41072	-6.05537705598719E-03	9.4896683949375E-07	0	-0.03386300313	11601.04296875	
23.414816	-6.08279587866328E-03	1.37472290412187E-06	0	0.13911030023	11601.04296875	
23.418912	-6.10898621636875E-03	1.82146692853125E-06	0	-0.0162505794	11541.01953125	
23.423008	-6.14143619519203E-03	2.2864813673625E-06	0	0.17032209381	11541.01953125	
23.427104	-6.18044306168266E-03	2.87166852255938E-06	0	0.05136861554	11541.01953125	
23.4312	-6.23031730225438E-03	3.59946491014687E-06	0	0.02935403955	11541.01953125	
23.435296	-6.28932526823734E-03	4.53240364066875E-06	0	0.1299664883	11541.01953125	
23.439392	-6.35073964207547E-03	5.4761224084875E-06	0	0.01975246482	11480.76171875	
23.443488	-6.42122858459844E-03	6.49521201439687E-06	0	0.22103839736	11480.76171875	
23.447584	-6.50052630198297E-03	7.64158827186562E-06	0	0.06617724212	11480.76171875	
23.45168	-6.59456593044734E-03	8.9988986934E-06	0	0.09543591442	11480.7578125	
23.455776	-6.69732363288828E-03	1.05505519494375E-05	0	0.16819349679	11421.359375	
23.459872	-6.80418536751078E-03	1.21110900523594E-05	0	0.08815367121	11421.359375	
23.463968	-6.91813960047031E-03	1.36991495219906E-05	0	0.2858347217	11421.359375	
23.468064	-7.0433786875925E-03	1.54230843365156E-05	0	0.11067941566	11421.359375	
23.47216	-7.17972296432188E-03	1.73380523734687E-05	0	0.19678078365	11361.8203125	
23.476256	-7.31937846338016E-03	1.92974052218062E-05	0	0.19665489888	11361.8203125	
23.480352	-7.4601287733225E-03	2.11769485345687E-05	0	0.16439788024	11361.8203125	
23.484448	-7.60568979603125E-03	2.30481161345531E-05	0	0.33099302192	11361.8203125	
23.488544	-7.75774662960172E-03	2.50066632144656E-05	0	0.12975668035	11361.8203125	
23.49264	-7.91621369336016E-03	2.70998510251219E-05	0	0.25169706089	11302.83984375	
23.496736	-8.07029319323906E-03	2.91347872113375E-05	0	0.22637133398	11302.83984375	
23.500832	-8.21715666968453E-03	3.08933296835625E-05	0	0.22829012305	11302.83984375	
23.504928	-8.36107163590875E-03	3.24979280789625E-05	0	0.38661501681	11302.83984375	
23.509024	-8.50427141834016E-03	3.40704289103062E-05	0	0.19148599393	11302.83984375	
23.51312	-8.64555916759906E-03	3.56484511303594E-05	0	0.35062723135	11302.83984375	
23.517216	-8.77516753213203E-03	3.7004822610525E-05	0	0.31000841223	11243.578125	
23.521312	-8.89257717622656E-03	3.80025218532094E-05	0	0.32553420053	11243.578125	
23.525408	-9.00200660535859E-03	3.88081729706344E-05	0	0.45469197455	11243.578125	
23.529504	-9.10632962952453E-03	3.95857171450125E-05	0	0.25456189308	11243.578125	
23.5336	-9.20337847928641E-03	4.03702858315969E-05	0	0.43384087901	11185	
23.537696	-9.28345401161922E-03	4.08299195065781E-05	0	0.36034324678	11185	
23.541792	-9.34645336513625E-03	4.07809856612812E-05	0	0.40114898571	11185	
23.545888	-9.39754594168844E-03	4.04512102699031E-05	0	0.5051793967	11185	
23.549984	-9.44165848168641E-03	4.01321293389844E-05	0	0.310134297	11185	
23.55408	-9.47577883799766E-03	3.98429704935281E-05	0	0.50110149309	11185	
23.558176	-9.49158538728813E-03	3.91852807666031E-05	0	0.4139320119	11125.77734375	
23.562272	-0.00949154332841	3.81152130866719E-05	0	0.49035169667	11125.77734375	
23.566368	-9.48151082305969E-03	3.68677922187094E-05	0	0.57699093595	11125.77734375	
23.570464	-9.46731750604234E-03	3.5777277684225E-05	0	0.39399644196	11125.77734375	
23.57456	-9.44432071723937E-03	3.47815661799375E-05	0	0.58548243589	11125.77734375	
23.578656	-9.40640774730937E-03	3.34738571511094E-05	0	0.50057506587	11067.55859375	
23.582752	-9.35648623621594E-03	3.185887198725E-05	0	0.56338012203	11067.55859375	
23.586848	-9.30187433732047E-03	3.02665519449562E-05	0	0.64122268617	11067.55859375	
23.590944	-9.24796207871938E-03	2.904231326535E-05	0	0.46778780532	11067.55859375	
23.59504	-9.18990281473516E-03	2.79940924385719E-05	0	0.6523882838	11067.55859375	
23.599136	-9.12049661402688E-03	2.66415596564906E-05	0	0.55864990643	11008.65625	
23.603232	-9.04476411802219E-03	2.50667528178375E-05	0	0.61396291143	11008.65625	
23.607328	-8.96952864823813E-03	2.36807183865656E-05	0	0.70739992829	11008.65625	
23.611424	-8.89912510352422E-03	2.27751923690156E-05	0	0.53479664986	11008.65625	
23.61552	-8.82764558298906E-03	2.2076399077425E-05	0	0.7287965245	10950.6171875	
23.619616	-8.74928148126656E-03	2.1093276983625E-05	0	0.63831589239	10950.6171875	
23.623712	-8.66735682121375E-03	1.98767647386E-05	0	0.69713841219	10950.6171875	
23.627808	-8.58920475109641E-03	1.88471797104937E-05	0	0.78545230038	10950.6171875	
23.631904	-8.51777250108297E-03	1.82919247369031E-05	0	0.62845491874	10891.6171875	
23.636	-8.44774072027875E-03	1.79654209768688E-05	0	0.81299054749	10891.6171875	
23.640096	-8.37107598009719E-03	1.72249996019063E-05	0	0.71588379885	10891.6171875	
23.644192	-8.29393277446078E-03	1.62670786848281E-05	0	0.78539508003	10891.6171875	
23.648288	-8.22177318015281E-03	1.56018865615594E-05	0	0.85919788746	10891.6171875	
23.652384	-8.15609385320813E-03	1.53063998378156E-05	0	0.69808064062	10891.6171875	
23.65648	-8.09352011725125E-03	1.52404044711187E-05	0	0.88302825589	10833.4765625	
23.660576	-8.02400099759844E-03	1.46755324398375E-05	0	0.79377976865	10833.4765625	
23.664672	-7.95421498693422E-03	1.38280695853781E-05	0	0.85695484974	10833.4765625	
23.668768	-7.88982467317172E-03	1.32569934737625E-05	0	0.92877401837	10833.4765625	
23.672864	-7.83202599136719E-03	1.3055319636975E-05	0	0.78905718243	10833.4765625	
23.67696	-7.77752371985187E-03	1.30849525400344E-05	0	0.96379668726	10774.53515625	
23.681056	-7.71515195794234E-03	1.25276242512094E-05	0	0.87406373439	10774.53515625	
23.685152	-7.65307725971766E-03	1.16855426413687E-05	0	0.94960985515	10774.53515625	
23.689248	-7.59666505797375E-03	1.12150681118437E-05	0	1.02643389706	10774.53515625	
23.693344	-7.54503019619078E-03	1.10238449857594E-05	0	0.86822725869	10774.53515625	
23.69744	-7.49421822550156E-03	1.08872530550437E-05	0	1.0502604508	10716.39453125	
23.701536	-7.43508984312188E-03	1.01308237633969E-05	0	0.96017654645	10716.39453125	
23.705632	-7.37374376924453E-03	8.98770519497812E-06	0	1.01895710466	10716.39453125	
23.709728	-7.31667983775438E-03	8.15700842952187E-06	0	1.11078432234	10716.39453125	
23.713824	-7.26410313139844E-03	7.66595819941875E-06	0	0.94668398792	10657.39453125	
23.71792	-7.21074952441766E-03	7.2059649094125E-06	0	1.11861588091	10657.39453125	
23.722016	-7.14990733418672E-03	6.15361331753437E-06	0	1.03495209983	10657.39453125	
23.726112	-7.08739376071203E-03	4.87354945336875E-06	0	1.10977342949	10657.39453125	
23.730208	-7.02807300468109E-03	3.83063006359688E-06	0	1.19184648484	10657.39453125	
23.734304	-6.97379556529906E-03	3.20375953662188E-06	0	1.02659792873	10599.21484375	
23.7384	-6.91695838602141E-03	2.50868547208125E-06	0	1.21296079399	10599.21484375	
23.742496	-6.85364148797453E-03	1.2821785255125E-06	0	1.12312865918	10599.21484375	
23.746592	-6.78799599099703E-03	-1.5517821020625E-07	0	1.1847282733	10599.21484375	
23.750688	-6.72594076786156E-03	-1.34288880134063E-06	0	1.2730383468	10599.21484375	
23.754784	-6.66955782446766E-03	-2.0243143218375E-06	0	1.11047151776	10599.21484375	
23.75888	-6.61059219165984E-03	-2.7518366712375E-06	0	1.28386443702	10540.21484375	
23.762976	-6.54502514363328E-03	-4.0235007841875E-06	0	1.19619904613	10540.21484375	
23.767072	-6.47830065356719E-03	-5.43649985195625E-06	0	1.26117847559	10540.21484375	
23.771168	-6.41470132101047E-03	-6.60548329835625E-06	0	1.35079317307	10540.21484375	
23.775264	-6.35551689060406E-03	-7.38003444688125E-06	0	1.17493596407	10481.75390625	
23.77936	-6.29388883937859E-03	-8.20338049853437E-06	0	1.35887268649	10481.75390625	
23.783456	-6.22539540775797E-03	-9.55983106515937E-06	0	1.27291246203	10481.75390625	
23.787552	-0.00615534826632	-1.11055295194594E-05	0	1.32842383091	10481.75390625	
23.791648	-6.0895740326025E-03	-1.23273006534562E-05	0	1.42087665775	10481.75390625	
23.795744	-6.02857018998781E-03	-1.31203315911937E-05	0	1.25554799315	10422.53125	
23.79984	-5.96593391430781E-03	-1.39386846189937E-05	0	1.43040193868	10422.53125	
23.803936	-5.89711763508141E-03	-1.528229625615E-05	0	1.34255725736	10422.53125	
23.808032	-5.82754383888703E-03	-1.67966884917562E-05	0	1.40447349075	10422.53125	
23.812128	-5.76243221536469E-03	-1.79820202391156E-05	0	1.49289419026	10422.53125	
23.816224	-5.70156652702141E-03	-1.87905593344219E-05	0	1.32321296437	10364.11328125	
23.82032	-5.63926781955453E-03	-1.96731009999562E-05	0	1.4933748412	10364.11328125	
23.824416	-5.57129006635266E-03	-2.10675106632375E-05	0	1.4113208593	10364.11328125	
23.828512	-5.50231899216828E-03	-2.2673798480025E-05	0	1.45827587851	10364.11328125	
23.832608	-5.43785269812812E-03	-2.39073710445281E-05	0	1.54781428219	10364.11328125	
23.836704	-5.37692849308484E-03	-2.48425544843437E-05	0	1.38044475844	10305.01171875	
23.8408	-5.31712515714359E-03	-2.57014447312219E-05	0	1.55660332795	10305.01171875	
23.844896	-5.25062659639891E-03	-2.71384769480344E-05	0	1.46517665272	10305.01171875	
23.848992	-5.18433686712734E-03	-2.88159045975281E-05	0	1.52826781063	10305.01171875	
23.853088	-5.12411522821344E-03	-2.99496460118625E-05	0	1.62171245687	10246.55078125	
23.857184	-5.06644080296406E-03	-3.09056065943625E-05	0	1.44459640017	10246.55078125	
23.86128	-5.01141069252828E-03	-3.16904303287688E-05	0	1.62101818329	10246.55078125	
23.865376	-4.94958770754594E-03	-3.30941483962031E-05	0	1.53358930318	10246.55078125	
23.869472	-4.88838472528656E-03	-3.47761733968688E-05	0	1.57724843023	10246.55078125	
23.873568	-4.83445893469859E-03	-3.57966178091156E-05	0	1.67174211622	10187.609375	
23.877664	-4.78405374650672E-03	-3.65951778278625E-05	0	1.49689961476	10187.609375	
23.88176	-4.73775569919609E-03	-3.71645640373219E-05	0	1.66758791881	10187.609375	
23.885856	-4.68424080556094E-03	-3.84214918669312E-05	0	1.57941898884	10187.609375	
23.889952	-4.63122796692531E-03	-4.00634863787813E-05	0	1.63331292916	10187.609375	
23.894048	-4.58548052518875E-03	-4.09976025119719E-05	0	1.72747855181	10129.15234375	
23.898144	-4.54199429674547E-03	-4.18307860537875E-05	0	1.55028238662	10129.15234375	
23.90224	-4.50178902652531E-03	-4.25069315314875E-05	0	1.72435813539	10129.15234375	
23.906336	-4.45487243940922E-03	-4.38681544491094E-05	0	1.64066383679	10129.15234375	
23.910432	-4.40800266565312E-03	-4.56178565455594E-05	0	1.67940582843	10070.37109375	
23.914528	-4.36855308375406E-03	-4.66139529052312E-05	0	1.77696271049	10070.37109375	
23.918624	-4.33241463275156E-03	-4.73771631997125E-05	0	1.60495833839	10070.37109375	
23.92272	-4.29894216602813E-03	-4.80373048472625E-05	0	1.74775744385	10070.37109375	
23.926816	-4.25951608224141E-03	-4.939617752685E-05	0	1.6877714436	10070.37109375	
23.930912	-0.00422048772915	-5.10689292194812E-05	0	1.73496678828	10070.37109375	
23.935008	-4.18776656199516E-03	-5.20802496023906E-05	0	1.82946428896	10012.0703125	
23.939104	-4.15830733513594E-03	-5.28404961979125E-05	0	1.6470305544	10012.0703125	
23.9432	-4.13041343000172E-03	-5.35524995724469E-05	0	1.79174463424	10012.0703125	
23.947296	-4.09740580531391E-03	-5.5009377682875E-05	0	1.73418477683	10012.0703125	
23.951392	-4.06406536689484E-03	-5.67822872080406E-05	0	1.76819655287	10012.0703125	
23.955488	-4.03656087211266E-03	-5.79235932782719E-05	0	1.86624552994	9953.46875	
23.959584	-4.01399756405141E-03	-5.85242561391469E-05	0	1.69886837681	9953.46875	
23.96368	-3.99224800384953E-03	-5.91926960957062E-05	0	1.84217483604	9953.46875	
23.967776	-3.96537210643062E-03	-6.07299166738687E-05	0	1.77801937962	9953.46875	
23.971872	-3.93864094641188E-03	-6.24337152104531E-05	0	1.8195689831	9953.46875	
23.975968	-3.91650718750156E-03	-6.36013513024312E-05	0	1.92155853494	9895.12890625	
23.980064	-3.90002934194328E-03	-6.41812528859906E-05	0	1.73955967504	9895.12890625	
23.98416	-3.88321465963063E-03	-6.49520951439937E-05	0	1.88330100893	9895.12890625	
23.988256	-3.86234870159875E-03	-6.6463966228275E-05	0	1.82253299723	9895.12890625	
23.992352	-0.003841349252345	-6.81476494003594E-05	0	1.86055401246	9836.48828125	
23.996448	-3.82497106804141E-03	-6.93488777664375E-05	0	1.95455178875	9836.48828125	
24.000544	-3.81539572440984E-03	-6.96988009742062E-05	0	1.78215068889	9836.48828125	
24.00464	-3.80570033011094E-03	-7.01808682806E-05	0	1.9257699527	9836.48828125	
24.008736	-3.79130293610234E-03	-7.16889518686687E-05	0	1.85602216074	9836.48828125	
24.012832	-3.77674846132719E-03	-7.33493083813875E-05	0	1.91105669337	9778.16796875	
24.016928	-3.76559956705969E-03	-7.4561623515225E-05	0	2.00521087195	9778.16796875	
24.021024	-3.76089948742922E-03	-7.49342894887125E-05	0	1.82288013402	9778.16796875	
24.02512	-3.75458544406687E-03	-7.56295755722719E-05	0	1.96946722665	9778.16796875	
24.029216	-3.74409047392188E-03	-7.72507506337875E-05	0	1.92920698839	9778.16796875	
24.033312	-3.73303758361531E-03	-7.90285551059812E-05	0	1.93780148496	9778.16796875	
24.037408	-3.72546524833828E-03	-8.03077800286781E-05	0	2.04366676184	9719.73046875	
24.041504	-3.72483902821594E-03	-8.05378862889562E-05	0	1.86300685813	9719.73046875	
24.0456	-3.72295671055516E-03	-8.11325419443E-05	0	2.01154325735	9719.73046875	
24.049696	-3.71600849245656E-03	-8.28518620999781E-05	0	1.96360404812	9719.73046875	
24.053792	-3.70914356922313E-03	-8.45616738517031E-05	0	1.98675921642	9719.73046875	
24.057888	-3.70502371924609E-03	-8.58826614730219E-05	0	2.08501418675	9661.328125	
24.061984	-3.70797076654984E-03	-8.60068041373406E-05	0	1.90170307349	9661.328125	
24.06608	-3.70936209252469E-03	-8.657306342685E-05	0	2.04614631034	9661.328125	
24.070176	-3.70668422204094E-03	-8.81650077483656E-05	0	2.00909422637	9661.328125	
24.074272	-3.70309166239031E-03	-8.98895884757062E-05	0	2.01899334692	9602.91015625	
24.078368	-3.70267966824938E-03	-9.11511744737344E-05	0	2.12095238124	9602.91015625	
24.082464	-3.70938860790437E-03	-9.1106110816875E-05	0	1.95044718231	9602.91015625	
24.08656	-3.71499432489969E-03	-9.14914077873469E-05	0	2.08460220023	9602.91015625	
24.090656	-3.71514911985766E-03	-9.32280889833562E-05	0	2.04926672676	9602.91015625	
24.094752	-3.71456642153094E-03	-9.50062256667562E-05	0	2.06280887626	9544.38671875	
24.098848	-3.71640220012875E-03	-9.63497120636531E-05	0	2.16944090583	9544.38671875	
24.102944	-3.72492406029562E-03	-9.63472565372625E-05	0	1.98464587816	9544.38671875	
24.10704	-3.73198574593281E-03	-9.68407574860687E-05	0	2.12237144592	9544.38671875	
24.111136	-3.73425692535156E-03	-9.85570331736375E-05	0	2.0918997022	9544.38671875	
24.115232	-3.73589292427828E-03	-1.003062689244E-04	0	2.07158266326	9485.7890625	
24.119328	-3.74043025433687E-03	-1.01413795461103E-04	0	2.20029411855	9485.7890625	
24.123424	-0.00375226050243	-1.01097207796922E-04	0	2.02430721009	9485.7890625	
24.12752	-3.7629880764575E-03	-1.01270196085472E-04	0	2.16272323674	9485.7890625	
24.131616	-3.76840196839562E-03	-1.02907165121578E-04	0	2.12635779697	9485.7890625	
24.135712	-3.77264497773969E-03	-1.04735763292978E-04	0	2.11912133004	9427.12890625	
24.139808	-3.77944224103875E-03	-1.05847996555744E-04	0	2.24457504007	9427.12890625	
24.143904	-3.79235559667594E-03	-1.05666521496834E-04	0	2.0676001269	9427.12890625	
24.148	-3.80409761255734E-03	-1.05905731834547E-04	0	2.20558127889	9427.12890625	
24.152096	-3.81026280406406E-03	-1.07702437249378E-04	0	2.17020765852	9427.12890625	
24.156192	-3.8145061791375E-03	-1.09701456644587E-04	0	2.15492982507	9368.46875	
24.160288	-3.82167465775219E-03	-1.10904905200753E-04	0	2.27869362743	9368.46875	
24.164384	-3.83532157508328E-03	-1.10546573587931E-04	0	2.10616282811	9368.46875	
24.16848	-0.003848178151235	-1.10640574215084E-04	0	2.24634124154	9368.46875	
24.172576	-3.85456214034031E-03	-1.12535082657112E-04	0	2.2031360626	9309.7890625	
24.176672	-3.85894915562578E-03	-1.14715269178847E-04	0	2.20117912663	9309.7890625	
24.180768	-3.86635352968734E-03	-1.15838155555959E-04	0	2.32637343774	9309.7890625	
24.184864	-3.87996341691922E-03	-1.15493624650491E-04	0	2.14271900238	9309.7890625	
24.18896	-3.89349384944438E-03	-1.15438705715025E-04	0	2.2822527332	9309.7890625	
24.193056	-3.90125837550797E-03	-1.17202376307122E-04	0	2.25757550359	9309.7890625	
24.197152	-3.90698825762609E-03	-1.19238828837975E-04	0	2.23044542831	9251.06640625	
24.201248	-3.91643102435922E-03	-1.20100715956856E-04	0	2.36785819149	9251.06640625	
24.205344	-3.93211816300875E-03	-1.19325000867187E-04	0	2.18275417393	9251.06640625	
24.20944	-3.94725085592578E-03	-1.19156387093494E-04	0	2.32918486427	9251.06640625	
24.213536	-3.95500294719062E-03	-1.21247534281191E-04	0	2.29100363206	9251.06640625	
24.217632	-3.96054758738031E-03	-1.23628648005844E-04	0	2.27825493808	9192.40625	
24.221728	-3.9699938285425E-03	-1.24458755108428E-04	0	2.40967100858	9192.40625	
24.225824	-3.98437805629359E-03	-1.23944848170413E-04	0	2.22550540476	9192.40625	
24.22992	-3.99843705919797E-03	-1.23926872948003E-04	0	2.36336448667	9192.40625	
24.234016	-4.00597218151109E-03	-1.25952310826409E-04	0	2.33568128134	9192.40625	
24.238112	-4.01131841351484E-03	-1.28346311076637E-04	0	2.31905686232	9133.7890625	
24.242208	-0.00402188204935	-1.28738838087956E-04	0	2.45396337417	9133.7890625	
24.246304	-4.03723262554219E-03	-1.27962003287869E-04	0	2.27152582492	9133.7890625	
24.2504	-4.05307620493188E-03	-1.27534004917791E-04	0	2.41666333535	9133.7890625	
24.254496	-4.06151495309828E-03	-1.29608423276062E-04	0	2.37160421707	9075.24609375	
24.258592	-4.06741206497313E-03	-1.32126506815669E-04	0	2.36461951968	9075.24609375	
24.262688	-4.07873065767062E-03	-1.32355466202094E-04	0	2.50631236504	9075.24609375	
24.266784	-4.09406797617297E-03	-1.31614640981381E-04	0	2.31022966966	9075.24609375	
24.27088	-4.10972640506656E-03	-1.31264321139394E-04	0	2.45105658039	9016.765625	
24.274976	-4.11845983967687E-03	-1.33287875125453E-04	0	2.42623439256	9016.765625	
24.279072	-4.12377983059797E-03	-1.36040421411366E-04	0	2.39630052013	9016.765625	
24.283168	-4.13429199002359E-03	-1.36373033097984E-04	0	2.54349414847	9016.765625	
24.287264	-4.1484551343675E-03	-1.35736565224837E-04	0	2.35486154266	9016.765625	
24.29136	-4.16378303533844E-03	-1.35195322256466E-04	0	2.49746991362	9016.765625	
24.295456	-4.17099274994016E-03	-1.37629356601275E-04	0	2.46168812142	8958.28515625	
24.299552	-4.17554854933219E-03	-1.40467336936369E-04	0	2.44962225695	8958.28515625	
24.303648	-4.18657620431187E-03	-1.40272251554531E-04	0	2.59320718855	8958.28515625	
24.307744	-4.20037636225109E-03	-1.39593813290662E-04	0	2.40196152009	8958.28515625	
24.31184	-4.21557836088469E-03	-1.38970219923872E-04	0	2.53784077789	8958.28515625	
24.315936	-4.22331289713953E-03	-1.41153304519631E-04	0	2.51280115273	8900.125	
24.320032	-4.22771280438547E-03	-1.44141180618291E-04	0	2.48904326341	8900.125	
24.324128	-4.23873716780078E-03	-1.43866412623828E-04	0	2.63390993085	8900.125	
24.328224	-4.25243108135656E-03	-1.43057271125278E-04	0	2.4658537629	8900.125	
24.33232	-4.26731471256922E-03	-1.424841036696E-04	0	2.5858257634	8841.625	
24.336416	-4.27435317439109E-03	-1.44949773078928E-04	0	2.5514172596	8841.625	
24.340512	-4.27817266911891E-03	-1.47992052488569E-04	0	2.53918354877	8841.625	
24.344608	-4.28907003300875E-03	-1.47450903750872E-04	0	2.67976631934	8841.625	
24.348704	-4.30197406254687E-03	-1.46716129485647E-04	0	2.50995539399	8841.625	
24.3528	-4.31661356940172E-03	-1.4599555785045E-04	0	2.63103365459	8841.625	
24.356896	-4.32384230193094E-03	-1.48352541791541E-04	0	2.60309105034	8783.60546875	
24.360992	-4.32740624325797E-03	-1.51522757371322E-04	0	2.58116039753	8783.60546875	
24.365088	-4.33844880170969E-03	-1.50724018266216E-04	0	2.72207886082	8783.60546875	
24.369184	-4.35130226916172E-03	-1.49947535388853E-04	0	2.5586270237	8783.60546875	
24.37328	-4.36607773591172E-03	-1.49033075245622E-04	0	2.67622628702	8783.60546875	
24.377376	-4.37273556488656E-03	-1.51633824087178E-04	0	2.65316648597	8725.24609375	
24.381472	-4.37614919144047E-03	-1.54867251622978E-04	0	2.6285502914	8725.24609375	
24.385568	-4.38731810939125E-03	-1.53814165897219E-04	0	2.77352377016	8725.24609375	
24.389664	-4.39980328736266E-03	-1.53009351798187E-04	0	2.60777548966	8725.24609375	
24.39376	-4.41426824987328E-03	-1.52032892438109E-04	0	2.71636826989	8667.3671875	
24.397856	-4.42106743325156E-03	-1.54574195666034E-04	0	2.69842015344	8667.3671875	
24.401952	-4.42395651244938E-03	-1.5800163815205E-04	0	2.67071024528	8667.3671875	
24.406048	-4.43432100863984E-03	-1.57046011463447E-04	0	2.81470334871	8667.3671875	
24.410144	-4.44585647885672E-03	-1.56368358535331E-04	0	2.6552149745	8667.3671875	
24.41424	-4.45929538760578E-03	-1.55472755344397E-04	0	2.7752632688	8608.6640625	
24.418336	-4.46504575056891E-03	-1.58173511537869E-04	0	2.74066784519	8608.6640625	
24.422432	-4.46679494273719E-03	-1.61815298521078E-04	0	2.72941832438	8608.6640625	
24.426528	-4.47720286929094E-03	-1.60285061109009E-04	0	2.86934496827	8608.6640625	
24.430624	-4.48802544152359E-03	-1.59641661752409E-04	0	2.70565662037	8608.6640625	
24.43472	-4.50151299227953E-03	-1.58467875906966E-04	0	2.78782885766	8550.7265625	
24.438816	-4.50782749280359E-03	-1.60960982308087E-04	0	2.80072632455	8550.7265625	
24.442912	-4.50987521157422E-03	-1.64581941667894E-04	0	2.76986548245	8550.7265625	
24.447008	-4.51953192999172E-03	-1.63308351354947E-04	0	2.9151479511	8550.7265625	
24.451104	-4.53002379143703E-03	-1.62633732798797E-04	0	2.74577190041	8491.90625	
24.4552	-4.54334383813922E-03	-1.61276412761887E-04	0	2.84504920766	8491.90625	
24.459296	-4.54863173630766E-03	-1.64153218779309E-04	0	2.83871300757	8491.90625	
24.463392	-4.54967507078219E-03	-1.680711242364E-04	0	2.82268749488	8491.90625	
24.467488	-4.55944635392641E-03	-1.66311327678891E-04	0	2.96986967915	8491.90625	
24.471584	-4.56974383020891E-03	-1.65520190489259E-04	0	2.80651702397	8491.90625	
24.47568	-4.58340939973812E-03	-1.63786397511516E-04	0	2.88716338526	8433.9453125	
24.479776	-4.58920136441766E-03	-1.66496958743259E-04	0	2.90108700376	8433.9453125	
24.483872	-4.58969683628844E-03	-1.70797006847053E-04	0	2.86664798244	8433.9453125	
24.487968	-4.59832795810609E-03	-1.69341790754194E-04	0	3.0197467509	8433.9453125	
24.492064	-4.60823245817516E-03	-1.68406790006503E-04	0	2.85893086457	8375.10546875	
24.49616	-4.62144324322656E-03	-1.66616605017844E-04	0	2.94209492126	8375.10546875	
24.500256	-4.62640326501031E-03	-1.69677568303031E-04	0	2.94306766721	8375.10546875	
24.504352	-4.62628924887766E-03	-1.74044385090056E-04	0	2.92473426707	8375.10546875	
24.508448	-4.63538411554281E-03	-1.71878159612053E-04	0	3.06991373909	8375.10546875	
24.512544	-4.64514223242953E-03	-1.70910473320125E-04	0	2.90949076583	8375.10546875	
24.51664	-4.65828215741453E-03	-1.69024718475112E-04	0	2.9813328226	8317.06640625	
24.520736	-4.66316409597672E-03	-1.721124971181E-04	0	3.0009403292	8317.06640625	
24.524832	-4.66284444850297E-03	-1.76660421175941E-04	0	2.97472577952	8317.06640625	
24.528928	-4.67111761269484E-03	-1.74711672403538E-04	0	3.11872269764	8317.06640625	
24.533024	-4.68040777884625E-03	-1.73667066476991E-04	0	2.96587951341	8317.06640625	
24.53712	-4.69260302485562E-03	-1.71911445876844E-04	0	3.04420654318	8258.24609375	
24.541216	-4.69645506949781E-03	-1.75316328289266E-04	0	3.07590280239	8258.24609375	
24.545312	-4.69552968274672E-03	-1.79839397323884E-04	0	3.0288257131	8258.24609375	
24.549408	-4.70403124493328E-03	-1.77321933975966E-04	0	3.17909398158	8258.24609375	
24.553504	-4.71317969095188E-03	-1.76216687965828E-04	0	3.01817509862	8200.2265625	
24.5576	-4.72529045347563E-03	-1.74358262660794E-04	0	3.08920081173	8200.2265625	
24.561696	-4.72958411633813E-03	-1.77597738748237E-04	0	3.13581250884	8200.2265625	
24.565792	-4.72816828649516E-03	-1.82480386269431E-04	0	3.07486520671	8200.2265625	
24.569888	-4.73578313781203E-03	-1.80147252304491E-04	0	3.22483974406	8200.2265625	
24.573984	-4.74450907497016E-03	-1.78960841952441E-04	0	3.07236277007	8140.984375	
24.57808	-4.75660264821328E-03	-1.76753348486859E-04	0	3.14797374056	8140.984375	
24.582176	-4.76071180060609E-03	-1.80131112897553E-04	0	3.18234409746	8140.984375	
24.586272	-4.75931151426156E-03	-1.85005375330978E-04	0	3.13379072314	8140.984375	
24.590368	-4.76764712674422E-03	-1.82038814595619E-04	0	3.28846877326	8140.984375	
24.594464	-4.77649119449047E-03	-1.80869222495981E-04	0	3.13273405401	8082.90625	
24.59856	-4.78832656279484E-03	-1.78828925738203E-04	0	3.19352495385	8082.90625	
24.602656	-4.79187276624719E-03	-1.82512276622156E-04	0	3.24997092178	8082.90625	
24.606752	-4.78903196332687E-03	-1.88094294117056E-04	0	3.18440403006	8082.90625	
24.610848	-4.79547684637313E-03	-1.85598424737928E-04	0	3.34419757947	8082.90625	
24.614944	-4.80377222862453E-03	-1.83939486012253E-04	0	3.18206943978	8082.90625	
24.61904	-4.81509402145406E-03	-1.81616266700859E-04	0	3.25780629504	8023.765625	
24.623136	-4.81893463705328E-03	-1.84966843879125E-04	0	3.29499189316	8023.765625	
24.627232	-4.81635368485391E-03	-1.90488493886316E-04	0	3.25018454442	8023.765625	
24.631328	-4.82411391359734E-03	-1.87138595313141E-04	0	3.3988124962	8023.765625	
24.635424	-4.83226245550469E-03	-1.85940243626878E-04	0	3.24701453703	8023.765625	
24.63952	-4.84339717775891E-03	-1.83714346573931E-04	0	3.30492153123	7965.36328125	
24.643616	-4.84630454342547E-03	-1.87684836834206E-04	0	3.36108902679	7965.36328125	
24.647712	-4.84283267446859E-03	-1.93470234414187E-04	0	3.28878920722	7965.36328125	
24.651808	-4.84950814988578E-03	-1.90106353403072E-04	0	3.45068846551	7965.36328125	
24.655904	-4.85733530710484E-03	-1.88608048891762E-04	0	3.30538692341	7906.3046875	
24.66	-4.86863460757781E-03	-1.86002501256928E-04	0	3.37870526521	7906.3046875	
24.664096	-4.87175491917297E-03	-1.89874638490556E-04	0	3.4116298546	7906.3046875	
24.668192	-4.86839057465234E-03	-1.95719765578116E-04	0	3.34604770412	7906.3046875	
24.672288	-4.87563265630375E-03	-1.91941491471778E-04	0	3.51423357153	7906.3046875	
24.676384	-4.88316604140234E-03	-1.90688166282797E-04	0	3.363412173	7848.0234375	
24.68048	-4.89368377820094E-03	-1.88316321539259E-04	0	3.42560687876	7848.0234375	
24.684576	-4.89620758518547E-03	-1.92443880152081E-04	0	3.48218254615	7848.0234375	
24.688672	-4.89240930276141E-03	-1.98437054206978E-04	0	3.40470237756	7848.0234375	
24.692768	-4.89867177828188E-03	-1.94857142642662E-04	0	3.57057272814	7848.0234375	
24.696864	-0.004906625295	-1.92854308828191E-04	0	3.42239109509	7789.046875	
24.70096	-4.91775005112875E-03	-1.899823638636E-04	0	3.49471761749	7789.046875	
24.705056	-4.92050344472844E-03	-1.94269582412916E-04	0	3.53577512596	7789.046875	
24.709152	-0.004916739906595	-2.00402916183422E-04	0	3.46553905368	7789.046875	
24.713248	-4.92342361092313E-03	-1.96380741599831E-04	0	3.64502784756	7730.68359375	
24.717344	-4.93077797149266E-03	-1.94919022148091E-04	0	3.48534873885	7730.68359375	
24.72144	-4.94065092740313E-03	-1.92653230904269E-04	0	3.55084696615	7730.68359375	
24.725536	-4.9424302008125E-03	-1.972015951059E-04	0	3.60666351023	7730.68359375	
24.729632	-4.93750391756359E-03	-2.03652783847012E-04	0	3.52452179046	7730.68359375	
24.733728	-4.9430621811725E-03	-1.99624872971081E-04	0	3.69768964301	7671.92578125	
24.737824	-4.9502714386125E-03	-1.97595257693006E-04	0	3.54481975595	7671.92578125	
24.74192	-4.96039281620094E-03	-1.94934329825091E-04	0	3.62059094342	7671.92578125	
24.746016	-4.96258883823312E-03	-1.99370636446472E-04	0	3.66356724096	7671.92578125	
24.750112	-4.95834427453922E-03	-2.05608877804378E-04	0	3.59258730413	7671.92578125	
24.754208	-4.9644207766725E-03	-2.01322789061625E-04	0	3.7697910987	7613.7265625	
24.758304	-4.97099713942906E-03	-1.99921870510622E-04	0	3.61591413348	7613.7265625	
24.7624	-4.98041649948219E-03	-1.97390115830841E-04	0	3.67883744503	7613.7265625	
24.766496	-4.98207837376219E-03	-2.01895088489325E-04	0	3.74234058946	7613.7265625	
24.770592	-0.00497733102361	-2.08335762577491E-04	0	3.65393514871	7555.06640625	
24.774688	-4.98237836328203E-03	-2.04452444585812E-04	0	3.83517107061	7555.06640625	
24.778784	-4.98975603909922E-03	-2.01972218941041E-04	0	3.68043198545	7555.06640625	
24.78288	-4.99963950972922E-03	-1.99230607740347E-04	0	3.75061846676	7555.06640625	
24.786976	-5.00188069933922E-03	-2.03596713230006E-04	0	3.80303612205	7555.06640625	
24.791072	-4.99660733891344E-03	-2.10714640006303E-04	0	3.71773583896	7555.06640625	
24.795168	-5.00177034050031E-03	-2.06314667963972E-04	0	3.90277500679	7496.78515625	
24.799264	-5.00819181686656E-03	-2.04541471660247E-04	0	3.75944184473	7496.78515625	
24.80336	-5.01733870853531E-03	-2.01880895234287E-04	0	3.80856742255	7496.78515625	
24.807456	-5.01876825322984E-03	-2.06582596061428E-04	0	3.88371300086	7496.78515625	
24.811552	-5.01295727062281E-03	-2.13714212006728E-04	0	3.79190867132	7496.78515625	
24.815648	-5.01776423466312E-03	-2.09060782044778E-04	0	3.96813209056	7496.78515625	
24.819744	-5.02490171771328E-03	-2.06416142381728E-04	0	3.8256381603	7438.20703125	
24.82384	-5.03479085714859E-03	-2.03435391997097E-04	0	3.88836692266	7438.20703125	
24.827936	-5.03673946325859E-03	-2.08308886642828E-04	0	3.95083247141	7438.20703125	
24.832032	-5.03114124371547E-03	-2.1573243426735E-04	0	3.86524608657	7438.20703125	
24.836128	-5.03685594806453E-03	-2.10327393999319E-04	0	4.05002204079	7379.82421875	
24.840224	-5.04353471504609E-03	-2.08386234161634E-04	0	3.92966857129	7379.82421875	
24.84432	-5.05176819760078E-03	-2.06338283324972E-04	0	3.94566356646	7379.82421875	
24.848416	-5.05271443092625E-03	-2.11284492801834E-04	0	4.02884288191	7379.82421875	
24.852512	-5.04672314373734E-03	-2.18475527197331E-04	0	3.93308653353	7379.82421875	
24.856608	-5.05163452351422E-03	-2.13288587191969E-04	0	4.11450174586	7321.2265625	
24.860704	-5.05855997495922E-03	-2.10730527490416E-04	0	3.99689485316	7321.2265625	
24.8648	-5.06756103203969E-03	-2.08003755938344E-04	0	4.03766625988	7321.2265625	
24.868896	-5.06905092208109E-03	-2.12944093786462E-04	0	4.09365446501	7321.2265625	
24.872992	-5.06265824690312E-03	-2.20812782792766E-04	0	4.00873565092	7321.2265625	
24.877088	-5.06803245720406E-03	-2.14897735342434E-04	0	4.1944423895	7262.7265625	
24.881184	-5.07413702906688E-03	-2.13170428415897E-04	0	4.07951340918	7262.7265625	
24.88528	-5.08215802285469E-03	-2.10858194430056E-04	0	4.09892636659	7262.7265625	
24.889376	-5.08326005689391E-03	-2.15720566731141E-04	0	4.17785611738	7262.7265625	
24.893472	-5.07711543766453E-03	-2.23157870832291E-04	0	4.0873258943	7204.32421875	
24.897568	-5.08189058324922E-03	-2.17469145511406E-04	0	4.25621747936	7204.32421875	
24.901664	-5.08858306508234E-03	-2.14848613516556E-04	0	4.14695331369	7204.32421875	
24.90576	-5.09749854148906E-03	-2.11966787311847E-04	0	4.18276180872	7204.32421875	
24.909856	-5.09843051136891E-03	-2.17569737478122E-04	0	4.23976472139	7204.32421875	
24.913952	-5.09188486987984E-03	-2.25488732684119E-04	0	4.16732375829	7145.56640625	
24.918048	-5.09695186750578E-03	-2.19284173984837E-04	0	4.3424905084	7145.56640625	
24.922144	-5.10271265375609E-03	-2.17548566585831E-04	0	4.23522905498	7145.56640625	
24.92624	-5.11023259830016E-03	-2.15244694370475E-04	0	4.25458860673	7145.56640625	
24.930336	-5.11044197836734E-03	-2.20729820616112E-04	0	4.33076796603	7086.92578125	
24.934432	-5.10387594746563E-03	-2.28252986410247E-04	0	4.24127533863	7086.92578125	
24.938528	-5.10834964061297E-03	-2.22315921193472E-04	0	4.41703718038	7086.92578125	
24.942624	-5.1156922978425E-03	-2.18909893830272E-04	0	4.30227986111	7086.92578125	
24.94672	-5.12410242768531E-03	-2.16456266716594E-04	0	4.31129397358	7086.92578125	
24.950816	-5.12493363912234E-03	-2.22056721212287E-04	0	4.39971848778	7086.92578125	
24.954912	-5.11822881392281E-03	-2.30114331904669E-04	0	4.31859529024	7028.3671875	
24.959008	-5.12245966276516E-03	-2.24148380659087E-04	0	4.49998379974	7028.3671875	
24.963104	-5.12850718084547E-03	-2.21706678052716E-04	0	4.38995669607	7028.3671875	
24.9672	-5.13578656689313E-03	-2.19657516640341E-04	0	4.37433935521	7028.3671875	
24.971296	-5.13652177436922E-03	-2.24803980965025E-04	0	4.48895171626	7028.3671875	
24.975392	-5.12997366420687E-03	-2.32604789029594E-04	0	4.39734956529	6969.60546875	
24.979488	-5.13439268081266E-03	-2.2621960839555E-04	0	4.57222258427	6969.60546875	
24.983584	-5.14098641571453E-03	-2.23296970933575E-04	0	4.46513660659	6969.60546875	
24.98768	-5.14897321380578E-03	-2.20783755658331E-04	0	4.46842105468	6969.60546875	
24.991776	-5.14967139118266E-03	-2.26550972727647E-04	0	4.5646962009	6969.60546875	
24.995872	-5.14224553052031E-03	-2.35375969431487E-04	0	4.4789801166	6910.984375	
24.999968	-5.1462643477575E-03	-2.28823560599287E-04	0	4.66029996168	6910.984375	
25.004064	-5.15179966184813E-03	-2.26456255755056E-04	0	4.56077851427	6910.984375	
25.00816	-5.15910556327547E-03	-2.23774892330653E-04	0	4.53260702862	6910.984375	
25.012256	-5.15934081869594E-03	-2.29510493325816E-04	0	4.65139266053	6910.984375	
25.016352	-5.15266479468469E-03	-2.37363987635775E-04	0	4.56143082626	6852.3046875	
25.020448	-0.005156670079935	-2.31080378775159E-04	0	4.73720029739	6852.3046875	
25.024544	-5.16313361517937E-03	-2.27939431675725E-04	0	4.63254046255	6852.3046875	
25.02864	-5.17084821918328E-03	-2.25405017623603E-04	0	4.63257860945	6852.3046875	
25.032736	-5.17107872012188E-03	-2.31511320651909E-04	0	4.72585540933	6793.765625	
25.036832	-5.16367388889859E-03	-2.40085685394844E-04	0	4.65287276025	6793.765625	
25.040928	-5.16743623841156E-03	-2.33374947153666E-04	0	4.82732616333	6793.765625	
25.045024	-5.17286713676563E-03	-2.30958958944656E-04	0	4.73305372936	6793.765625	
25.04912	-0.00517979295394	-2.28504608995162E-04	0	4.70389805369	6793.765625	
25.053216	-5.17977146733922E-03	-2.34497407088897E-04	0	4.8445800062	6735.1875	
25.057312	-5.17263142418344E-03	-2.42776602175078E-04	0	4.73760846922	6735.1875	
25.061408	-5.17585935164719E-03	-2.36370940071131E-04	0	4.91097468565	6735.1875	
25.065504	-5.18219396728687E-03	-2.32732071354234E-04	0	4.81138838851	6735.1875	
25.0696	-5.19009408751625E-03	-2.29771524314784E-04	0	4.80505218842	6735.1875	
25.073696	-5.19075843492594E-03	-2.35856232653147E-04	0	4.92353645982	6676.60546875	
25.077792	-5.18302527015625E-03	-2.45268361462162E-04	0	4.8275283419	6676.60546875	
25.081888	-5.18608066478734E-03	-2.38699951924809E-04	0	5.00747489858	6676.60546875	
25.085984	-5.19150470571563E-03	-2.35808750489091E-04	0	4.90818233257	6676.60546875	
25.09008	-5.19852670971563E-03	-2.32972512219562E-04	0	4.88358521145	6676.60546875	
25.094176	-5.19917313638594E-03	-2.38522342727419E-04	0	5.0237559955	6676.60546875	
25.098272	-5.19176428213953E-03	-2.47488577751559E-04	0	4.9111463467	6618.28515625	
25.102368	-5.19501333047469E-03	-2.40814230579759E-04	0	5.09316046536	6618.28515625	
25.106464	-5.20171586986562E-03	-2.36837736719719E-04	0	4.99997521804	6618.28515625	
25.11056	-5.20927055870031E-03	-2.34215024198203E-04	0	4.98884395262	6618.28515625	
25.114656	-5.20956140498578E-03	-2.40650588195325E-04	0	5.10704212227	6618.28515625	
25.118752	-5.20136230099234E-03	-2.50376342892637E-04	0	5.00726127594	6559.90625	
25.122848	-5.20419862372781E-03	-2.43252987996769E-04	0	5.19298327328	6559.90625	
25.126944	-5.20958563455688E-03	-2.40198194897719E-04	0	5.09845144039	6559.90625	
25.13104	-5.21605374141844E-03	-2.37872907319162E-04	0	5.06680477215	6559.90625	
25.135136	-5.21648676499844E-03	-2.43458044522481E-04	0	5.2126594443	6501.78515625	
25.139232	-5.20831637076094E-03	-2.53283087822428E-04	0	5.10292225707	6501.78515625	
25.143328	-5.21140714970906E-03	-2.45815850818519E-04	0	5.2754492417	6501.78515625	
25.147424	-5.21826503265203E-03	-2.41278237327291E-04	0	5.19054950106	6501.78515625	
25.15152	-5.22579366326875E-03	-2.386778536296E-04	0	5.17113654365	6501.78515625	
25.155616	-5.22577738831156E-03	-2.45628609178837E-04	0	5.29787580421	6443.38671875	
25.159712	-5.21654189870172E-03	-2.56519211749763E-04	0	5.1932426722	6443.38671875	
25.163808	-5.21891301367219E-03	-2.48934877747566E-04	0	5.38580440871	6443.38671875	
25.167904	-5.22441678360422E-03	-2.45332260196341E-04	0	5.29049437906	6443.38671875	
25.172	-5.23128051821719E-03	-2.42385516027703E-04	0	5.26111363668	6443.38671875	
25.176096	-5.23213824503391E-03	-2.47827026932341E-04	0	5.40511436949	6385.38671875	
25.180192	-5.22360651017391E-03	-2.58599822649919E-04	0	5.29203169913	6385.38671875	
25.184288	-5.22624323610297E-03	-2.50950378857062E-04	0	5.47248560958	6385.38671875	
25.188384	-5.2325325927325E-03	-2.46814711838887E-04	0	5.39015315531	6385.38671875	
25.19248	-5.23961613069984E-03	-2.44253715601809E-04	0	5.37198760153	6385.38671875	
25.196576	-5.23931440396547E-03	-2.51310744121697E-04	0	5.50182439037	6326.9296875	
25.200672	-5.23014492850781E-03	-2.61975452687747E-04	0	5.39018367283	6326.9296875	
25.204768	-5.23264011716875E-03	-2.53872038195016E-04	0	5.58079610275	6326.9296875	
25.208864	-5.23862509552594E-03	-2.49742155065288E-04	0	5.49854375697	6326.9296875	
25.21296	-5.24590960178484E-03	-2.46612494733413E-04	0	5.46082410225	6268.98828125	
25.217056	-5.24609941533047E-03	-2.53489114779863E-04	0	5.61144332221	6268.98828125	
25.221152	-5.23734467698406E-03	-2.64174987507441E-04	0	5.49908162826	6268.98828125	
25.225248	-5.23956694009891E-03	-2.56534565580562E-04	0	5.68026032981	6268.98828125	
25.229344	-5.24658336672594E-03	-2.51051153996672E-04	0	5.59850770842	6268.98828125	
25.23344	-5.25376318295125E-03	-2.48663004702131E-04	0	5.57626425103	6210.3671875	
25.237536	-5.25330144961531E-03	-2.56268211519994E-04	0	5.70796642328	6210.3671875	
25.241632	-5.24354068119063E-03	-2.67690522453441E-04	0	5.60602646241	6210.3671875	
25.245728	-5.24580509461594E-03	-2.59136293026909E-04	0	5.79463236539	6210.3671875	
25.249824	-5.25214830489594E-03	-2.54368431208238E-04	0	5.71572550274	6210.3671875	
25.25392	-5.25881637429328E-03	-2.52038483538187E-04	0	5.67604128267	6152.48828125	
25.258016	-5.25846234825828E-03	-2.59241465517891E-04	0	5.83046374856	6152.48828125	
25.262112	-5.24932313690641E-03	-2.69972142767972E-04	0	5.71762903305	6152.48828125	
25.266208	-5.25189101428063E-03	-2.61325745404762E-04	0	5.88140511882	6152.48828125	
25.270304	-5.25902200563438E-03	-2.55909354426928E-04	0	5.82611881665	6152.48828125	
25.2744	-5.26544558494453E-03	-2.54593874732794E-04	0	5.79904214703	6152.48828125	
25.278496	-5.2645734118175E-03	-2.62210944279178E-04	0	5.93421568718	6093.76953125	
25.282592	-5.25545623566047E-03	-2.72771835400969E-04	0	5.83290515016	6093.76953125	
25.286688	-5.25817707934578E-03	-2.63543255927634E-04	0	6.00178147646	6093.76953125	
25.290784	-5.26470297144859E-03	-2.58947333840869E-04	0	5.94289029224	6093.76953125	
25.29488	-5.27052702888078E-03	-2.57634012317653E-04	0	5.89951726694	6093.76953125	
25.298976	-5.26966747341719E-03	-2.65036562126634E-04	0	6.05872335409	6035.75	
25.303072	-5.26066842784828E-03	-2.75585253260625E-04	0	5.95061503949	6035.75	
25.307168	-5.2631368268325E-03	-2.66693332585247E-04	0	6.1129262843	6035.75	
25.311264	-5.27007681602016E-03	-2.61239146212516E-04	0	6.05470648552	6035.75	
25.31536	-5.27605137109016E-03	-2.60085736308234E-04	0	6.03351969726	5976.84765625	
25.319456	-5.27441162343734E-03	-2.68545605492587E-04	0	6.17204253523	5976.84765625	
25.323552	-5.26445747560562E-03	-2.79728807770912E-04	0	6.06583775094	5976.84765625	
25.327648	-5.26708743554125E-03	-2.69714945429016E-04	0	6.24517014253	5976.84765625	
25.331744	-5.27418514552187E-03	-2.64349134448678E-04	0	6.18312802437	5976.84765625	
25.33584	-5.28003224390469E-03	-2.63334084021422E-04	0	6.14160893841	5918.75	
25.339936	-5.27916400236844E-03	-2.70835698154416E-04	0	6.30509129305	5918.75	
25.344032	-5.27020610135422E-03	-2.81424028912228E-04	0	6.18330350011	5918.75	
25.348128	-5.27236655620469E-03	-2.72616944690475E-04	0	6.35583048474	5918.75	
25.352224	-5.27918292886359E-03	-2.67060775006266E-04	0	6.32466065275	5859.65234375	
25.35632	-5.28437665171797E-03	-2.66733608506509E-04	0	6.2741350837	5859.65234375	
25.360416	-5.28305838018578E-03	-2.74423530624272E-04	0	6.41963117499	5859.65234375	
25.364512	-5.27394577564594E-03	-2.84899290100425E-04	0	6.31812990347	5859.65234375	
25.368608	-5.27666177341703E-03	-2.75077698239334E-04	0	6.48568634703	5859.65234375	
25.372704	-5.28272620648094E-03	-2.70746979493134E-04	0	6.45899877579	5801.390625	
25.3768	-5.28790767740125E-03	-2.69788197038456E-04	0	6.39540789349	5801.390625	
25.380896	-0.005286887292445	-2.77206928321641E-04	0	6.55615893009	5801.390625	
25.384992	-5.27793880896219E-03	-2.87990987489494E-04	0	6.44650566604	5801.390625	
25.389088	-5.28021510859219E-03	-2.78656127833978E-04	0	6.61192969789	5801.390625	
25.393184	-5.28684203343484E-03	-2.73356186018541E-04	0	6.58732494739	5801.390625	
25.39728	-5.29193618646687E-03	-2.72845652634844E-04	0	6.53419013038	5742.44921875	
25.401376	-5.29082409486984E-03	-2.802942504747E-04	0	6.68430199657	5742.44921875	
25.405472	-5.28178253326109E-03	-2.91130725455522E-04	0	6.57525526823	5742.44921875	
25.409568	-5.28388593432906E-03	-2.81841516956278E-04	0	6.75345469689	5742.44921875	
25.413664	-5.2904085348675E-03	-2.76602111378381E-04	0	6.72726685004	5742.44921875	
25.41776	-5.29555014128594E-03	-2.75868391679409E-04	0	6.66079587679	5684.2109375	
25.421856	-5.29480597344016E-03	-2.83069058276812E-04	0	6.82724224556	5684.2109375	
25.425952	-5.28568285418078E-03	-2.94274526398256E-04	0	6.71490343975	5684.2109375	
25.430048	-5.2877694316975E-03	-2.84685629977547E-04	0	6.88291764611	5684.2109375	
25.434144	-5.29425079624891E-03	-2.79423809518219E-04	0	6.86222295286	5625.08984375	
25.43824	-5.29910338502875E-03	-2.79235262591381E-04	0	6.80951919582	5625.08984375	
25.442336	-5.29766707434078E-03	-2.87167200332512E-04	0	6.96040925877	5625.08984375	
25.446432	-5.28811312587766E-03	-2.98424482584834E-04	0	6.85983114223	5625.08984375	
25.450528	-5.29034617800906E-03	-2.88096586903125E-04	0	7.03251834384	5625.08984375	
25.454624	-5.29662620853953E-03	-2.83069030872994E-04	0	7.00636101451	5566.83203125	
25.45872	-5.30116701302719E-03	-2.82957602378653E-04	0	6.92238442885	5566.83203125	
25.462816	-5.30038938094359E-03	-2.89832870984147E-04	0	7.10554295451	5566.83203125	
25.466912	-5.2915525363525E-03	-3.00958678127559E-04	0	7.00753593903	5566.83203125	
25.471008	-5.29335174201281E-03	-2.91805982232187E-04	0	7.16629952214	5566.83203125	
25.475104	-5.29949946994187E-03	-2.86573362705197E-04	0	7.1483094441	5507.9140625	
25.4792	-5.30446799493359E-03	-2.857557603978E-04	0	7.08230386303	5507.9140625	
25.483296	-5.30325477916437E-03	-2.93587615306322E-04	0	7.24215844748	5507.9140625	
25.487392	-5.29378988580406E-03	-3.05058412248975E-04	0	7.15131541982	5507.9140625	
25.491488	-5.29572953154438E-03	-2.95071671995341E-04	0	7.32235849004	5449.47265625	
25.495584	-5.30161640299672E-03	-2.90380712503613E-04	0	7.30548230148	5449.47265625	
25.49968	-5.30642839581594E-03	-2.89603145733103E-04	0	7.21513136883	5449.47265625	
25.503776	-5.30587056708672E-03	-2.96505212869491E-04	0	7.40662499214	5449.47265625	
25.507872	-5.29708711898438E-03	-3.07844873885587E-04	0	7.3010114848	5449.47265625	
25.511968	-5.29794877739188E-03	-2.99471519278181E-04	0	7.46323499174	5449.47265625	
25.516064	-5.30422560779031E-03	-2.93238027675141E-04	0	7.4521495026	5390.7109375	
25.52016	-5.30905387556672E-03	-2.92887418410366E-04	0	7.38023496672	5390.7109375	
25.524256	-5.30784687719687E-03	-3.00866205143109E-04	0	7.5540398725	5390.7109375	
25.528352	-5.29795682343813E-03	-3.13211586547716E-04	0	7.45585356659	5390.7109375	
25.532448	-5.29963204684031E-03	-3.02614904355947E-04	0	7.6316306671	5332.4140625	
25.536544	-5.30616232769562E-03	-2.96753596274953E-04	0	7.61222152438	5332.4140625	
25.54064	-5.31090949498312E-03	-2.96281261170366E-04	0	7.52774521433	5332.4140625	
25.544736	-5.31018973957312E-03	-3.03825771895078E-04	0	7.71762903846	5332.4140625	
25.548832	-5.30009405447328E-03	-3.1707194062005E-04	0	7.62089994413	5332.4140625	
25.552928	-5.30121794084266E-03	-3.06934890901341E-04	0	7.78822750629	5332.4140625	
25.557024	-5.30739145269266E-03	-3.01085249154834E-04	0	7.77432677593	5332.4140625	
25.56112	-5.31258691276156E-03	-2.9977078869045E-04	0	7.70061933575	5273.7734375	
25.565216	-5.31167990391156E-03	-3.07792205669025E-04	0	7.8763811775	5273.7734375	
25.569312	-5.30179049017922E-03	-3.20641035849028E-04	0	7.78322263301	5273.7734375	
25.573408	-5.3032207663325E-03	-3.10062791138822E-04	0	7.95614253071	5273.7734375	
25.577504	-5.30944438310688E-03	-3.04573363455178E-04	0	7.94001783608	5215.453125	
25.5816	-5.3142102025925E-03	-3.03979054674488E-04	0	7.86458234133	5215.453125	
25.585696	-5.31316915392656E-03	-3.11942918345231E-04	0	8.05106727667	5215.453125	
25.589792	-5.30321829765922E-03	-3.24818933353819E-04	0	7.95419703881	5215.453125	
25.593888	-5.30444915987078E-03	-3.14248381424381E-04	0	8.12221505986	5157.015625	
25.597984	-5.3108747506925E-03	-3.07955156948381E-04	0	8.10531979785	5157.015625	
25.60208	-5.31559521973562E-03	-3.07763994158775E-04	0	8.04570382253	5157.015625	
25.606176	-0.005314337476415	-3.16223226564919E-04	0	8.21851309422	5157.015625	
25.610272	-5.30420476121594E-03	-3.29209068386756E-04	0	8.13099266155	5098.59375	
25.614368	-5.30598065162859E-03	-3.17733179141503E-04	0	8.30200139956	5098.59375	
25.618464	-5.31275405108594E-03	-3.11438337359428E-04	0	8.29544013276	5098.59375	
25.62256	-5.31766250502781E-03	-3.11005711590131E-04	0	8.20573006803	5098.59375	
25.626656	-5.31621238805594E-03	-3.19978061271619E-04	0	8.40401383954	5098.59375	
25.630752	-5.30590064832781E-03	-3.3330943207485E-04	0	8.31466235567	5098.59375	
25.634848	-5.30695138882219E-03	-3.22395710777044E-04	0	8.48353105259	5098.59375	
25.638944	-5.31365511683359E-03	-3.15796342136034E-04	0	8.47112568071	5039.6328125	
25.64304	-5.31835638508453E-03	-3.15590583928331E-04	0	8.4112770093	5039.6328125	
25.647136	-5.31712570573766E-03	-3.23936444332462E-04	0	8.58576855928	5039.6328125	
25.651232	-5.30641294374984E-03	-3.380004081531E-04	0	8.5022573658	5039.6328125	
25.655328	-5.30839821422969E-03	-3.25148818600856E-04	0	8.67277019411	5039.6328125	
25.659424	-5.31542835570828E-03	-3.19025776887366E-04	0	8.66939800815	4981.21484375	
25.66352	-5.31982414849875E-03	-3.19693811555869E-04	0	8.59112819873	4981.21484375	
25.667616	-5.31798919279203E-03	-3.28953184267641E-04	0	8.78962177819	4981.21484375	
25.671712	-5.30771219735453E-03	-3.41817188470931E-04	0	8.69309104774	4981.21484375	
25.675808	-5.30909684876828E-03	-3.30080963909091E-04	0	8.86581639625	4922.73828125	
25.679904	-5.31626249298031E-03	-3.22949992674684E-04	0	8.85245353718	4922.73828125	
25.684	-5.32091566781844E-03	-3.23301607948069E-04	0	8.79512637586	4922.73828125	
25.688096	-5.31950203235172E-03	-3.32266664608003E-04	0	8.97389800802	4922.73828125	
25.692192	-5.30898383839141E-03	-3.46280002758112E-04	0	8.89071106319	4922.73828125	
25.696288	-5.31110570879281E-03	-3.3308507076075E-04	0	9.07156551609	4864.21484375	
25.700384	-5.31821868797484E-03	-3.26756667233391E-04	0	9.06537045953	4864.21484375	
25.70448	-5.32230991962828E-03	-3.27661601905378E-04	0	8.98106581053	4864.21484375	
25.708576	-5.32095169216187E-03	-3.36049156498584E-04	0	9.18872609006	4864.21484375	
25.712672	-5.31059697923219E-03	-3.49968133925747E-04	0	9.09796698558	4864.21484375	
25.716768	-5.31215443777563E-03	-3.3751002018195E-04	0	9.26783131659	4805.63671875	
25.720864	-5.31936460953906E-03	-3.30702793094953E-04	0	9.26926564003	4805.63671875	
25.72496	-5.32407264378344E-03	-3.30980445701916E-04	0	9.20517503334	4805.63671875	
25.729056	-5.32248236102859E-03	-3.40330903178372E-04	0	9.38935208123	4805.63671875	
25.733152	-5.31177545071078E-03	-3.54272637313547E-04	0	9.30098097269	4805.63671875	
25.737248	-5.31414940008391E-03	-3.40235738850459E-04	0	9.48623376316	4747.05859375	
25.741344	-5.32169092266109E-03	-3.3374197010385E-04	0	9.48304468232	4747.05859375	
25.74544	-5.32567837860437E-03	-3.35344644703097E-04	0	9.40412256091	4747.05859375	
25.749536	-5.32415246421953E-03	-3.44138018361637E-04	0	9.61427383301	4747.05859375	
25.753632	-5.31398098170672E-03	-3.57810818390747E-04	0	9.5240983761	4747.05859375	
25.757728	-5.31608118264266E-03	-3.44165066651897E-04	0	9.63215709973	4747.05859375	
25.761824	-5.32375034477172E-03	-3.36991060845141E-04	0	9.55464259893	4747.05859375	
25.76592	-5.32893337004187E-03	-3.36862271310469E-04	0	9.51692294421	4747.05859375	
25.770016	-5.32768769579063E-03	-3.46898129063062E-04	0	9.68311372875	4747.05859375	
25.774112	-5.31875667588547E-03	-3.58277068164881E-04	0	9.61481551899	4747.05859375	
25.778208	-5.32648892633172E-03	-3.38067684768516E-04	0	9.64594338939	4747.05859375	
25.782304	-0.00533750716378	-3.31429073137903E-04	0	9.63333202425	4747.05859375	
25.7864	-5.34220852346328E-03	-3.36031421900934E-04	0	9.63693309161	4747.05859375	
25.790496	-5.33446072951859E-03	-3.54722929170947E-04	0	9.63758921829	4747.05859375	
25.794592	-5.32719405256672E-03	-3.56065329030469E-04	0	9.62581327026	4747.05859375	
25.798688	-5.33765126115375E-03	-3.34772935899806E-04	0	9.63951945143	4747.05859375	
25.802784	-5.3483108095175E-03	-3.30349545371278E-04	0	9.62334516583	4747.05859375	
25.80688	-5.35283460758922E-03	-3.35837471133347E-04	0	9.62086180264	4747.05859375	
25.810976	-5.34742309289203E-03	-3.49580092967634E-04	0	9.60675507902	4747.05859375	
25.815072	-0.00534552980335	-3.46689098262478E-04	0	9.61554031009	4747.05859375	
25.819168	-5.35120866622031E-03	-3.37303540580737E-04	0	9.60343248403	4747.05859375	
25.823264	-5.35924913509734E-03	-3.31441948846181E-04	0	9.60022432974	4747.05859375	
25.82736	-5.36116674564281E-03	-3.38950570664475E-04	0	9.5843704781	4747.05859375	
25.831456	-5.35539599326703E-03	-3.49795693953956E-04	0	9.57865988717	4747.05859375	
25.835552	-5.35483679305266E-03	-3.45436601678437E-04	0	9.58925709599	4747.05859375	
25.839648	-5.36021539210609E-03	-3.37079166526266E-04	0	9.57442939596	4747.05859375	
25.843744	-5.36867846127594E-03	-3.30464195497013E-04	0	9.5868500266	4747.05859375	
25.84784	-5.37029754521906E-03	-3.38426652438394E-04	0	9.57540977129	4747.05859375	
25.851936	-5.36558036774031E-03	-3.47522660409684E-04	0	9.57896506237	4747.05859375	
25.856032	-5.36585164750422E-03	-3.42864705692644E-04	0	9.59114155285	4747.05859375	
25.860128	-5.37219083476109E-03	-3.34104564452794E-04	0	9.57466972143	4747.05859375	
25.864224	-5.37843639529797E-03	-3.32295691502053E-04	0	9.58421026112	4747.05859375	
25.86832	-5.37781319244297E-03	-3.40790951035631E-04	0	9.56200876532	4747.05859375	
25.872416	-5.37455024639156E-03	-3.45295151098734E-04	0	9.56488504158	4747.05859375	
25.876512	-5.37577287969219E-03	-3.40514144822053E-04	0	9.57470023895	4747.05859375	
25.880608	-5.38078547507359E-03	-3.14008720365966E-04	0	9.55383769934	4747.05859375	
25.884704	-5.34148017341297E-03	0	0	9.55910578623	4747.05859375	
25.8888	-5.08676996170578E-03	0	0	9.54132170145	4747.05859375	
25.892896	-4.58267428369437E-03	0	0	9.54527372029	4747.05859375	
25.896992	-3.84780026135828E-03	0	0	9.5499619743	4747.05859375	
25.901088	-2.88260011906969E-03	0	0	9.53939146831	4747.05859375	
25.905184	-1.7002071072525E-03	0	0	9.55753794864	4747.05859375	
25.90928	-3.28966441089687E-04	0	0	9.54681485505	4747.05859375	
25.913376	1.21785532063766E-03	0	0	9.55945673771	4747.05859375	
25.917472	2.90757084074187E-03	0	0	9.55728999379	4747.05859375	
25.921568	4.73156280368922E-03	0	0	9.54351896289	4747.05859375	
25.925664	6.64452849466312E-03	0	0	9.54681485505	4747.05859375	
25.92976	8.62535252819797E-03	0	0	9.52735993605	4747.05859375	
25.933856	1.06582712367725E-02	0	0	9.53383727967	4747.05859375	
25.937952	1.27012803273709E-02	0	0	9.52745148861	4747.05859375	
25.942048	1.47273107974644E-02	0	0	9.52316377705	4747.05859375	
25.946144	1.67233904089862E-02	0	0	9.52608582959	4747.05859375	
25.95024	1.86552537939281E-02	0	0	9.51781939636	4747.05859375	
25.954336	2.05002405430797E-02	0	0	9.5226487939	4747.05859375	
25.958432	2.22404751760761E-02	0	0	9.52052401157	4747.05859375	
25.962528	2.38547466692202E-02	0	0	9.52084063084	4747.05859375	
25.966624	2.53201210477291E-02	0	0	9.52084826022	4747.05859375	
25.97072	2.66251673485548E-02	0	0	9.51757144151	4747.05859375	
25.974816	2.77589812589495E-02	0	0	9.51999758435	4747.05859375	
25.978912	2.87140204334448E-02	0	0	9.52129457895	4747.05859375	
25.983008	2.94785782404764E-02	0	0	9.51076221986	4747.05859375	
25.987104	3.00417552132105E-02	0	0	9.50919438227	4747.05859375	
25.9912	3.04117599646042E-02	0	0	9.50202657976	4747.05859375	
25.995296	3.05851826168298E-02	0	0	9.4981203372	4747.05859375	
25.999392	3.05620547140459E-02	0	0	9.49878409326	4747.05859375	
26.003488	3.03475291088492E-02	0	0	9.49085716744	4644.06640625	
26.007584	2.99538872679492E-02	0	0	9.49622825096	4644.06640625	
26.01168	2.93919660270242E-02	0	0	9.48792367083	4644.046875	
26.015776	2.86636950656891E-02	0	0	9.45117676206	4644.046875	
26.019872	2.77915746036878E-02	0	0	9.42162817332	4644.046875	
26.023968	2.67955655102816E-02	0	0	9.42397802236	4644.046875	
26.028064	2.56919663322025E-02	0	0	9.37704970598	4644.046875	
26.03216	2.44913317449161E-02	0	0	9.32504022252	4657.64453125	
26.036256	2.32185196425823E-02	0	0	9.29773848619	4657.64453125	
26.040352	2.18898613047125E-02	1.35057357490584E-04	0	9.29683821935	4657.64453125	
26.044448	0.020613183442885	1.55095584086953E-04	0	9.13738799204	4657.64453125	
26.048544	1.94406198651827E-02	1.30509767086256E-04	0	9.17611853961	4657.64453125	
26.05264	1.83616235764569E-02	9.01313615512406E-05	0	9.15862437127	4657.64453125	
26.056736	0.017374374524473	3.91736649128344E-05	0	9.02259634056	4711.1875	
26.060832	1.64489703098016E-02	4.11507908203219E-05	0	9.04389375483	4711.1875	
26.064928	1.55911964968581E-02	9.008865991125E-06	0	8.87418582611	4711.1875	
26.069024	1.48012025775247E-02	-2.92797050952656E-05	0	8.93722739305	4711.1875	
26.07312	1.40691251962869E-02	-4.82273243687812E-05	0	8.89436553621	4711.1875	
26.077216	1.33703310168209E-02	-3.06806960019656E-05	0	8.77110527293	4771.30859375	
26.081312	1.27177932829492E-02	-4.55875356624187E-05	0	8.79639666763	4771.30859375	
26.085408	1.21231657783414E-02	-7.18321231197281E-05	0	8.60409051535	4771.30859375	
26.089504	1.15775653936405E-02	-1.04795618040816E-04	0	8.71369418843	4771.30859375	
26.0936	1.10646995252166E-02	-1.06749368250525E-04	0	8.61145286705	4771.30859375	
26.097696	1.05733255606498E-02	-8.58970451124844E-05	0	8.52562997143	4831.84765625	
26.101792	1.01155959556128E-02	-1.00005423792553E-04	0	8.5415868197	4831.84765625	
26.105888	9.71001807939797E-03	-1.38230972105428E-04	0	8.36261300897	4831.84765625	
26.109984	9.33190657067797E-03	-1.50540904026253E-04	0	8.49617674994	4831.84765625	
26.11408	8.96573832042797E-03	-1.30413555884391E-04	0	8.35967188298	4831.84765625	
26.118176	8.62570344553328E-03	-1.41493832063719E-04	0	8.32391297892	4891.76953125	
26.122272	8.31353449747562E-03	-1.49107020363984E-04	0	8.30825749116	4891.76953125	
26.126368	8.02540695274828E-03	-1.60689207820247E-04	0	8.14910099498	4891.76953125	
26.130464	7.75150024617375E-03	-1.54251281325487E-04	0	8.30422917852	4951.828125	
26.13456	7.50539125790781E-03	-1.77214817977312E-04	0	8.13670706717	4951.828125	
26.138656	7.26273475494187E-03	-1.48962320508684E-04	0	8.11893061177	4951.828125	
26.142752	7.04131734540266E-03	-1.67892115761562E-04	0	8.07968508105	4951.828125	
26.146848	6.84759909010547E-03	-1.86986100513712E-04	0	7.95391475175	4951.828125	
26.150944	6.66360960191266E-03	-1.89320095054716E-04	0	8.07657992339	4951.828125	
26.15504	6.48455864890281E-03	-1.75804807848862E-04	0	7.9006426059	4951.828125	
26.159136	6.31527303593484E-03	-1.74708302935753E-04	0	7.91573351954	5010.91015625	
26.163232	6.15869030134875E-03	-1.74224585631009E-04	0	7.84512742233	5010.91015625	
26.167328	6.02066595530297E-03	-1.92828468469416E-04	0	7.76531647815	5010.91015625	
26.171424	0.00589911534036	-2.05340192255756E-04	0	7.8906099712	5010.91015625	
26.17552	5.77128186048391E-03	-1.82468521858219E-04	0	7.71210918203	5070.58984375	
26.179616	5.65197088080109E-03	-1.83472193931469E-04	0	7.74054769598	5070.58984375	
26.183712	5.54263498695672E-03	-1.84413467990194E-04	0	7.68639817143	5070.58984375	
26.187808	5.44887267279094E-03	-2.02150429580137E-04	0	7.5940178237	5070.58984375	
26.191904	5.36491373452203E-03	-2.08743914813569E-04	0	7.69649565586	5070.58984375	
26.196	5.27471353303641E-03	-1.89733833102516E-04	0	7.51191043614	5129.61328125	
26.200096	5.18524415027437E-03	-1.78560668314153E-04	0	7.5589608226	5129.61328125	
26.204192	5.10973447489141E-03	-1.91575951452703E-04	0	7.47117336163	5129.61328125	
26.208288	5.04772908238328E-03	-2.05469037319219E-04	0	7.41290015719	5129.61328125	
26.212384	4.98829787608109E-03	-2.06622313569787E-04	0	7.50676823402	5188.671875	
26.21648	4.92718669189484E-03	-1.96377908910356E-04	0	7.31723154668	5188.671875	
26.220576	4.85908029338531E-03	-1.75248105761334E-04	0	7.38257337169	5188.671875	
26.224672	4.80803736459578E-03	-1.97278888297837E-04	0	7.28780502802	5188.671875	
26.228768	4.76805546359141E-03	-2.0780688065445E-04	0	7.2504286954	5188.671875	
26.232864	4.72590689033719E-03	-2.04741376508419E-04	0	7.33389792729	5247.23046875	
26.23696	4.68302402393031E-03	-1.96483137891666E-04	0	7.14648220759	5247.23046875	
26.241056	4.63011550959891E-03	-1.71860600014228E-04	0	7.22800213289	5247.23046875	
26.245152	4.59671737737094E-03	-2.00563605445809E-04	0	7.11488513032	5247.23046875	
26.249248	4.57210022457203E-03	-2.08070968371131E-04	0	7.08658013052	5247.23046875	
26.253344	4.54089363419141E-03	-2.00510428095141E-04	0	7.15907831397	5247.234375	
26.25744	4.51134178636797E-03	-1.96248588847369E-04	0	6.99070171206	5306.09375	
26.261536	4.46938869546469E-03	-1.69426305092756E-04	0	7.03939241522	5306.09375	
26.265632	4.44915974657172E-03	-2.02361800282228E-04	0	6.93849386472	5306.09375	
26.269728	4.43352042703797E-03	-2.04840911505037E-04	0	6.93517508442	5306.09375	
26.273824	4.41218523821797E-03	-1.9986641936415E-04	0	6.98563961843	5306.09375	
26.27792	4.39016293533469E-03	-1.92217255378706E-04	0	6.81022872816	5364.57421875	
26.282016	4.35625607354609E-03	-1.67567601422616E-04	0	6.90006086297	5364.57421875	
26.286112	4.34377153560109E-03	-2.00106055422591E-04	0	6.7583336854	5364.57421875	
26.290208	4.33572603794516E-03	-2.03278199365828E-04	0	6.7547478768	5364.57421875	
26.294304	4.32028860102641E-03	-1.95840973149216E-04	0	6.83207927248	5423.15625	
26.2984	4.30442499795344E-03	-1.89618120477844E-04	0	6.67243449598	5423.15625	
26.302496	4.27702811903984E-03	-1.66868742025322E-04	0	6.73589567882	5423.15625	
26.306592	4.27140914435469E-03	-2.00706938715937E-04	0	6.60586434079	5423.15625	
26.310688	4.26641273249813E-03	-1.98280456767422E-04	0	6.60539513392	5423.15625	
26.314784	4.25660899087188E-03	-1.95560800112081E-04	0	6.65827818139	5481.89453125	
26.31888	4.24298977754094E-03	-1.82773087178653E-04	0	6.50479031455	5481.89453125	
26.322976	4.21943525144109E-03	-1.64050480660894E-04	0	6.5859478443	5481.89453125	
26.327072	4.21829637016734E-03	-1.98178894368984E-04	0	6.43962015059	5481.89453125	
26.331168	4.21740837924484E-03	-1.97145943719244E-04	0	6.45360861882	5481.89453125	
26.335264	4.21077468840875E-03	-1.92385115066616E-04	0	6.51153850116	5540.49609375	
26.33936	4.19930130075328E-03	-1.79440879693556E-04	0	6.37322547114	5540.49609375	
26.343456	4.18050427379578E-03	-1.64592813772406E-04	0	6.43694986759	5540.49609375	
26.347552	4.18149274886406E-03	-1.94907922880344E-04	0	6.30245534226	5540.49609375	
26.351648	4.18293783705703E-03	-1.94884324105866E-04	0	6.31659639809	5540.49609375	
26.355744	4.17840882734172E-03	-1.89516973463606E-04	0	6.36372689304	5599.23828125	
26.35984	4.16836928170094E-03	-1.75910061830147E-04	0	6.22740131651	5599.23828125	
26.363936	4.15149663128234E-03	-1.62096981652856E-04	0	6.29719107006	5599.23828125	
26.368032	4.15427498591188E-03	-1.92096416557237E-04	0	6.15473147201	5599.23828125	
26.372128	4.15717924287875E-03	-1.91503452967509E-04	0	6.17101256893	5657.8984375	
26.376224	4.15387871813406E-03	-1.85712089047341E-04	0	6.21713598572	5657.8984375	
26.38032	4.1455819643975E-03	-1.73222734950169E-04	0	6.09001144147	5657.8984375	
26.384416	4.13115357482438E-03	-1.61113264367344E-04	0	6.15106936961	5657.8984375	
26.388512	4.13490312380922E-03	-1.89045411915937E-04	0	6.02099606999	5657.8984375	
26.392608	4.13887613344219E-03	-1.89240009557878E-04	0	6.04252618035	5657.8984375	
26.396704	4.13708607101625E-03	-1.83763071284822E-04	0	6.10549526818	5657.8984375	
26.4008	4.12902832142625E-03	-1.69355531846222E-04	0	5.9546929431	5716.71875	
26.404896	4.11543845787766E-03	-1.58035454945156E-04	0	6.02493283007	5716.71875	
26.408992	4.11978752874047E-03	-1.85486816195691E-04	0	5.89006446512	5716.71875	
26.413088	4.1248026842275E-03	-1.86704337814706E-04	0	5.9072000526	5775.41796875	
26.417184	4.12377891627453E-03	-1.80903016452572E-04	0	5.97913747662	5775.41796875	
26.42128	4.11646451163922E-03	-1.66931887394869E-04	0	5.83462939004	5775.41796875	
26.425376	4.10439114494406E-03	-1.5685424699175E-04	0	5.8842356188	5775.41796875	
26.429472	4.10923349330141E-03	-1.82570305169897E-04	0	5.75349856312	5775.41796875	
26.433568	4.11488008055438E-03	-1.84309281315534E-04	0	5.77514311418	5775.41796875	
26.437664	4.11452102574047E-03	-1.78426995130519E-04	0	5.84130891223	5834.15625	
26.44176	4.10721119272234E-03	-1.63716119456794E-04	0	5.69576322997	5834.15625	
26.445856	4.09518546227828E-03	-1.53543167370141E-04	0	5.76312302599	5834.15625	
26.449952	4.10034480657141E-03	-1.79749704384731E-04	0	5.62891460241	5834.15625	
26.454048	4.10706974688656E-03	-1.82474827380759E-04	0	5.65157004632	5834.15625	
26.458144	4.10644087522625E-03	-1.74527134847691E-04	0	5.72960334496	5892.98046875	
26.46224	4.09976146821828E-03	-1.614055539789E-04	0	5.58487400636	5892.98046875	
26.466336	4.08926796099078E-03	-1.52963268430809E-04	0	5.63645242985	5892.98046875	
26.470432	4.09458091162141E-03	-1.7719701895665E-04	0	5.51680849269	5892.98046875	
26.474528	4.10101226268078E-03	-1.7961017038965E-04	0	5.53499693461	5951.69921875	
26.478624	4.10116294318328E-03	-1.73168439331387E-04	0	5.60630112009	5951.69921875	
26.48272	4.09449414232719E-03	-1.58799200816025E-04	0	5.4559985194	5951.69921875	
26.486816	4.08368382202859E-03	-1.49557799720897E-04	0	5.51543901898	5951.69921875	
26.490912	4.08874103639375E-03	-1.73581193005172E-04	0	5.38796733794	5951.69921875	
26.495008	4.0958603244075E-03	-1.77465683351447E-04	0	5.41379660393	6010.359375	
26.499104	4.09575517721219E-03	-1.69781800169953E-04	0	5.48698906096	6010.359375	
26.5032	4.08990405580625E-03	-1.57580823669019E-04	0	5.35172015356	6010.359375	
26.507296	4.07984101205312E-03	-1.48233368112637E-04	0	5.39863702587	6010.359375	
26.511392	4.08462612376328E-03	-1.70536481386425E-04	0	5.28091187778	6010.359375	
26.515488	4.09159747424484E-03	-1.74433053451387E-04	0	5.30971660197	6068.8984375	
26.519584	4.09205299018141E-03	-1.67762351708634E-04	0	5.37242629088	6068.8984375	
26.52368	4.08595253277406E-03	-1.54398351370725E-04	0	5.23195414632	6068.8984375	
26.527776	4.07552970274828E-03	-1.45014351620119E-04	0	5.29970685541	6068.8984375	
26.531872	4.08070577916031E-03	-1.68587226845297E-04	0	5.16496056054	6068.8984375	
26.535968	4.08826796544719E-03	-1.72727283282159E-04	0	5.1952644579	6127.59765625	
26.540064	4.08837475842469E-03	-1.64556529433691E-04	0	5.26765964472	6127.59765625	
26.54416	4.08271911936969E-03	-1.52679448041553E-04	0	5.12550903656	6127.59765625	
26.548256	4.07301805626547E-03	-1.43690220973097E-04	0	5.17918172486	6127.59765625	
26.552352	4.07799389584469E-03	-1.65968702781131E-04	0	5.06344784495	6127.59765625	
26.556448	4.08531634652625E-03	-1.70351582292478E-04	0	5.0881861096	6186.01953125	
26.560544	4.08611592237234E-03	-1.63590285688397E-04	0	5.15699548782	6186.01953125	
26.56464	4.07963794081766E-03	-1.48987784906297E-04	0	5.01798818422	6186.01953125	
26.568736	4.06907549360297E-03	-1.39750015778691E-04	0	5.08343682055	6186.01953125	
26.572832	0.00407444174929	-1.63505442023241E-04	0	4.95757875338	6186.01953125	
26.576928	4.08219356625781E-03	-1.68027858654666E-04	0	4.98845103955	6244.5625	
26.581024	4.08299359926563E-03	-1.60993021939509E-04	0	5.06001462395	6244.5625	
26.58512	4.07739556258719E-03	-1.48449335685131E-04	0	4.91830651983	6244.5625	
26.589216	4.06781509874438E-03	-1.39439711040919E-04	0	4.96568878432	6244.5625	
26.593312	4.07250713232859E-03	-1.60656885256416E-04	0	4.85233145628	6303.1015625	
26.597408	4.0799291528325E-03	-1.65549339738956E-04	0	4.8778822499	6303.1015625	
26.601504	4.08083232152406E-03	-1.58788420538344E-04	0	4.94965564225	6303.1015625	
26.6056	4.07483710274438E-03	-1.45468074964472E-04	0	4.80081406783	6303.1015625	
26.609696	4.06470255889844E-03	-1.36207080860091E-04	0	4.87085559092	6303.1015625	
26.613792	4.06948017315641E-03	-1.58330799120966E-04	0	4.74640895905	6361.640625	
26.617888	4.07757284990172E-03	-1.64149284648628E-04	0	4.77353521964	6361.640625	
26.621984	4.0784077186325E-03	-1.56373304924616E-04	0	4.86180333155	6361.640625	
26.62608	4.07273379310875E-03	-1.43772171131531E-04	0	4.71699006977	6361.640625	
26.630176	4.06304324472406E-03	-1.34780357286816E-04	0	4.76074456407	6361.640625	
26.634272	4.0676113874825E-03	-1.55816347068112E-04	0	4.65893048797	6361.640625	
26.638368	4.07523145044297E-03	-1.61393093654822E-04	0	4.68240609023	6420.28125	
26.642464	4.07632040965703E-03	-1.54696830158784E-04	0	4.75330973326	6420.28125	
26.64656	4.07051555301703E-03	-1.41529588999116E-04	0	4.60968284007	6420.28125	
26.650656	4.06030329167891E-03	-1.31614580404519E-04	0	4.67466226953	6420.28125	
26.654752	4.06520232808937E-03	-1.53911151136772E-04	0	4.55204287417	6478.62109375	
26.658848	4.07351142519234E-03	-1.59913222538541E-04	0	4.57894788274	6478.62109375	
26.662944	4.07402006332063E-03	-1.51669214436403E-04	0	4.66627758091	6478.62109375	
26.66704	4.06867273412875E-03	-1.40414938190691E-04	0	4.51908013788	6478.62109375	
26.671136	4.05939161977938E-03	-1.31377631843391E-04	0	4.56835067392	6537.421875	
26.675232	4.06353350495125E-03	-1.51021069892241E-04	0	4.46649845092	6537.421875	
26.679328	4.07101961952813E-03	-1.56640279176872E-04	0	4.494849227	6537.421875	
26.683424	4.07223484680891E-03	-1.50394611384084E-04	0	4.56714523188	6537.421875	
26.68752	4.06650953630797E-03	-1.37369585466816E-04	0	4.42361370594	6537.421875	
26.691616	4.05631281846828E-03	-1.27659123302287E-04	0	4.49330427755	6595.703125	
26.695712	4.06052327789797E-03	-1.48516417348819E-04	0	4.39844056663	6595.703125	
26.699808	4.06839450550672E-03	-1.54627142007319E-04	0	4.39615556732	6595.703125	
26.703904	4.06958824618672E-03	-1.47890783839837E-04	0	4.48693374525	6595.703125	
26.708	4.06482608399484E-03	-1.36697354889047E-04	0	4.33800824765	6595.703125	
26.712096	4.05536219639031E-03	-1.26719466790022E-04	0	4.38755344137	6595.703125	
26.716192	4.05912189436531E-03	-1.45912641587212E-04	0	4.31423891426	6654.6015625	
26.720288	4.06677533013125E-03	-1.52511965516728E-04	0	4.30995501739	6654.6015625	
26.724384	4.06833854891234E-03	-1.46763621265078E-04	0	4.38498996969	6654.6015625	
26.72848	4.06263563933562E-03	-1.33274931388397E-04	0	4.24347641476	6654.6015625	
26.732576	4.05230415022125E-03	-1.232039614113E-04	0	4.31390322154	6654.6015625	
26.736672	4.05627624553078E-03	-1.43561058361875E-04	0	4.21807820874	6712.86328125	
26.740768	4.06442478743812E-03	-1.50527500193503E-04	0	4.22298008539	6712.86328125	
26.744864	4.06604597432516E-03	-1.44446064928791E-04	0	4.3134225706	6712.86328125	
26.74896	4.06107598641594E-03	-1.32468043012594E-04	0	4.16474121316	6712.86328125	
26.753056	4.05100480518422E-03	-1.21921925433722E-04	0	4.22333866625	6712.86328125	
26.757152	4.05428914640406E-03	-1.406900977713E-04	0	4.14044926724	6771.9453125	
26.761248	4.06231224313578E-03	-1.48341321370069E-04	0	4.13053107324	6771.9453125	
26.765344	4.06423405956906E-03	-1.42559390613544E-04	0	4.21863133879	6771.9453125	
26.76944	4.05864790909531E-03	-1.29287703164091E-04	0	4.06870257772	6771.9453125	
26.773536	4.04865892554063E-03	-1.19799093902709E-04	0	4.13780950176	6771.9453125	
26.777632	4.05241844065094E-03	-1.39230866297841E-04	0	4.05371084602	6830.203125	
26.781728	0.004060599623905	-1.46723898468262E-04	0	4.05220022878	6830.203125	
26.785824	4.06251357715672E-03	-1.40676166775616E-04	0	4.14024708867	6830.203125	
26.78992	4.05736712482406E-03	-1.28270516200509E-04	0	3.99277498796	6830.203125	
26.794016	4.04747195085406E-03	-1.18039994700272E-04	0	4.05026236626	6889.22265625	
26.798112	4.05050787039594E-03	-1.36046684626256E-04	0	3.9744873641	6889.22265625	
26.802208	4.05836401166797E-03	-1.43974679582869E-04	0	3.9406129169	6889.22265625	
26.806304	4.06041209616797E-03	-1.38634956076444E-04	0	4.05340567082	6889.22265625	
26.8104	4.05489351419625E-03	-1.25530179758156E-04	0	3.90310688482	6889.22265625	
26.814496	4.04510705328297E-03	-1.160451762624E-04	0	3.97220617948	6889.22265625	
26.818592	4.04822791347219E-03	-1.33860870706303E-04	0	3.88417457835	6947.3828125	
26.822688	4.05626710229641E-03	-1.41906381651169E-04	0	3.85330610687	6947.3828125	
26.826784	4.05851066914734E-03	-1.36713393334547E-04	0	3.97375494362	6947.3828125	
26.83088	4.05351654309937E-03	-1.24447061850891E-04	0	3.82563053092	6947.3828125	
26.834976	4.04378091856922E-03	-1.14510694623806E-04	0	3.88793586269	7006.5234375	
26.839072	4.04637585991719E-03	-1.31322763388644E-04	0	3.81253088546	7006.5234375	
26.843168	4.05427451722906E-03	-1.39803667167347E-04	0	3.77886624621	7006.5234375	
26.847264	4.05654011927484E-03	-1.34590787764847E-04	0	3.88962958505	7006.5234375	
26.85136	4.05105326432641E-03	-1.21372236560334E-04	0	3.74189427073	7006.5234375	
26.855456	4.04111639720766E-03	-1.11849329015944E-04	0	3.81626165228	7064.56640625	
26.859552	4.0440203798775E-03	-1.2934609757685E-04	0	3.72537284834	7064.56640625	
26.863648	4.05243645282266E-03	-1.38392245501847E-04	0	3.69958935863	7064.56640625	
26.867744	4.05457203807563E-03	-1.32439950732994E-04	0	3.82151448041	7064.56640625	
26.87184	4.04960223303109E-03	-1.2037949115885E-04	0	3.67089144576	7123.5859375	
26.875936	4.03979821710781E-03	-1.10149036725853E-04	0	3.7249684912	7123.5859375	
26.880032	4.04219493313453E-03	-1.26603866424853E-04	0	3.65013571747	7123.5859375	
26.884128	4.04978418339516E-03	-1.34860242783853E-04	0	3.62153698654	7123.5859375	
26.888224	4.05212841725656E-03	-1.30438402974928E-04	0	3.73815968922	7123.5859375	
26.89232	4.04706653984187E-03	-1.18013953620544E-04	0	3.59179384861	7123.5859375	
26.896416	4.03748534454031E-03	-1.08446775928116E-04	0	3.66054982117	7181.70703125	
26.900512	4.04022520615312E-03	-1.25020028104847E-04	0	3.5779121917	7181.70703125	
26.904608	4.04811170296328E-03	-1.33257434290509E-04	0	3.55342569659	7181.70703125	
26.908704	4.05045291955734E-03	-1.284281408025E-04	0	3.6805273527	7181.70703125	
26.9128	4.04576756053422E-03	-1.16849596611825E-04	0	3.52715774125	7181.70703125	
26.916896	4.03624314471812E-03	-1.06891794069637E-04	0	3.57771764251	7240.60546875	
26.920992	4.03818827639906E-03	-1.22053771936491E-04	0	3.51540086667	7240.60546875	
26.925088	4.04585186115516E-03	-1.30938998628178E-04	0	3.47985939994	7240.60546875	
26.929184	4.04871259632641E-03	-1.27013666976591E-04	0	3.59508974077	7240.60546875	
26.93328	4.04373959114984E-03	-1.14275306638041E-04	0	3.44998656255	7298.40625	
26.937376	4.03379147785281E-03	-1.04099513448459E-04	0	3.51517198527	7298.40625	
26.941472	4.03590959952812E-03	-1.20070497717844E-04	0	3.43404115835	7298.40625	
26.945568	4.04396341752734E-03	-1.29374350913981E-04	0	3.40844077376	7298.40625	
26.949664	4.0463464187025E-03	-1.24371347263144E-04	0	3.53735822231	7298.40625	
26.95376	4.04165310506547E-03	-1.12786989857128E-04	0	3.3879406297	7357.3046875	
26.957856	4.03224233965266E-03	-1.02936782399653E-04	0	3.44120896086	7357.3046875	
26.961952	4.03371074309328E-03	-1.16980472442487E-04	0	3.37478757858	7357.3046875	
26.966048	4.04127695240328E-03	-1.26328552277091E-04	0	3.34382755454	7357.3046875	
26.970144	4.04400383062328E-03	-1.22456860956478E-04	0	3.4606486211	7357.3046875	
26.97424	4.03936089620766E-03	-1.10711340730856E-04	0	3.31555688695	7415.14453125	
26.978336	4.03001934507906E-03	-1.01118518352534E-04	0	3.38480876921	7415.14453125	
26.982432	4.03184314603984E-03	-1.154993691159E-04	0	3.3009275508	7415.14453125	
26.986528	4.03918123165219E-03	-1.23852359080209E-04	0	3.2701430025	7415.14453125	
26.990624	4.04166745994344E-03	-1.20009928547644E-04	0	3.40628547391	7415.14453125	
26.99472	4.03790474470109E-03	-1.10039550056494E-04	0	3.25115347568	7415.14453125	
26.998816	4.02874112091344E-03	-9.95855307028312E-05	0	3.30849208107	7473.7265625	
27.002912	4.02928057174156E-03	-1.11800833872131E-04	0	3.24058678438	7473.7265625	
27.007008	4.03618755385312E-03	-1.21101700052025E-04	0	3.20937117611	7473.7265625	
27.011104	4.03948478703344E-03	-1.18803253071628E-04	0	3.33065161528	7473.7265625	
27.0152	4.03584888845188E-03	-1.07962336989478E-04	0	3.18615497277	7473.7265625	
27.019296	4.02607687384891E-03	-9.65424349478531E-05	0	3.25069189819	7531.625	
27.023392	4.02675393035438E-03	-1.09603632944334E-04	0	3.17600026799	7531.625	
27.027488	4.03414870401984E-03	-1.19557683326812E-04	0	3.14237759033	7531.625	
27.031584	4.03755245588062E-03	-1.1707336369575E-04	0	3.27250429561	7531.625	
27.03568	4.03389452210422E-03	-1.06223885122162E-04	0	3.12840819555	7590.06640625	
27.039776	4.02404753297938E-03	-9.45681511048312E-05	0	3.17913975786	7590.06640625	
27.043872	4.02421759713875E-03	-1.06702895941228E-04	0	3.11617829941	7590.06640625	
27.047968	4.03147394223578E-03	-1.16980520759747E-04	0	3.07621942166	7590.06640625	
27.052064	4.03543095120859E-03	-1.15454555218406E-04	0	3.20736846386	7648.1875	
27.05616	4.03153383042094E-03	-1.03767828683991E-04	0	3.06100262325	7648.1875	
27.060256	4.02151622854266E-03	-9.23191254692437E-05	0	3.12455154396	7648.1875	
27.064352	0.004021691870075	-1.04626670853994E-04	0	3.04688445556	7648.1875	
27.068448	4.02927087991312E-03	-1.15224163141106E-04	0	3.01419256226	7648.1875	
27.072544	4.03283765564281E-03	-1.12684141883053E-04	0	3.15016337262	7648.1875	
27.07664	4.02883026744859E-03	-1.01301635236725E-04	0	3.00776480961	7706.50390625	
27.080736	4.01885545590719E-03	-9.00992724006375E-05	0	3.0580843854	7706.50390625	
27.084832	4.01888288561031E-03	-1.02057331356028E-04	0	2.99020960623	7706.50390625	
27.088928	4.02645650094016E-03	-1.12950867337481E-04	0	2.95355425002	7706.50390625	
27.093024	4.03047696395953E-03	-1.11099711015562E-04	0	3.08383735759	7706.50390625	
27.09712	4.02675155311344E-03	-9.96057145768781E-05	0	2.94034397855	7764.765625	
27.101216	4.01663127271313E-03	-8.78735977032375E-05	0	2.99009516553	7764.765625	
27.105312	4.01655474384141E-03	-9.9788063673375E-05	0	2.92881217068	7764.765625	
27.109408	4.02428068545594E-03	-1.11076243250569E-04	0	2.89140532054	7764.765625	
27.113504	4.02839925538016E-03	-1.09213680449672E-04	0	3.03772919956	7764.765625	
27.1176	4.02464312326656E-03	-9.77721591988969E-05	0	2.88786147353	7823.20703125	
27.121696	4.01436237910297E-03	-8.56832830666312E-05	0	2.92503562758	7823.20703125	
27.125792	4.01350766955359E-03	-9.64037812403531E-05	0	2.87628770407	7823.20703125	
27.129888	4.02097174893563E-03	-1.08134706047878E-04	0	2.83120188296	7823.20703125	
27.133984	4.02576271231578E-03	-1.07589125343459E-04	0	2.96825606528	7881.5859375	
27.13808	4.02215479203141E-03	-9.5736679263225E-05	0	2.8234428035	7881.5859375	
27.142176	4.01145958505359E-03	-8.3061745784325E-05	0	2.87396837255	7881.5859375	
27.146272	4.01076634502328E-03	-9.45013422774094E-05	0	2.81421888308	7881.5859375	
27.150368	4.01868228304812E-03	-0.00010640912436	0	2.76857230254	7940.125	
27.154464	4.02273365019969E-03	-1.04306014203497E-04	0	2.91795556294	7940.125	
27.15856	4.01881906583438E-03	-9.27937036004344E-05	0	2.76946494	7940.125	
27.162656	4.00839111559734E-03	-8.08991013123562E-05	0	2.81025923486	7940.125	
27.166752	4.00759876290641E-03	-9.18827191748812E-05	0	2.76334999193	7940.125	
27.170848	4.01557193757844E-03	-1.04195301814209E-04	0	2.71821076516	7940.125	
27.174944	4.02036829546687E-03	-1.03060628429653E-04	0	2.85639791041	7998.7265625	
27.17904	4.01653133716141E-03	-9.08526348684281E-05	0	2.70901354757	7998.7265625	
27.183136	4.00566670605062E-03	-7.82809895073938E-05	0	2.76185463345	7998.7265625	
27.187232	4.00491174918828E-03	-8.95981914113344E-05	0	2.70210895867	7998.7265625	
27.191328	4.01301183195344E-03	-1.020074056848E-04	0	2.66058605802	8057.3671875	
27.195424	4.0172753221425E-03	-1.00062024697491E-04	0	2.80728759135	8057.3671875	
27.19952	4.01328228882625E-03	-8.84479372731281E-05	0	2.65832394685	8057.3671875	
27.203616	4.00237505024328E-03	-7.58216621590313E-05	0	2.6954981009	8057.3671875	
27.207712	4.00134049327375E-03	-8.66586955527562E-05	0	2.67819466706	8057.3671875	
27.211808	4.00950540157062E-03	-9.94384560902906E-05	0	2.60238914738	8057.3671875	
27.215904	4.01455155262219E-03	-9.85153543691625E-05	0	2.74709941253	8116.02734375	
27.22	4.01071285710219E-03	-8.6411957818725E-05	0	2.59434778086	8116.02734375	
27.224096	3.99972360370687E-03	-7.37240423816531E-05	0	2.65090818949	8116.02734375	
27.228192	3.99862038104719E-03	-8.45615625537375E-05	0	2.62337757176	8116.02734375	
27.232288	4.00668599381875E-03	-9.70476676156969E-05	0	2.54918566595	8174.6640625	
27.236384	4.01119598560656E-03	-9.53775668819531E-05	0	2.70030842499	8174.6640625	
27.24048	4.00707320979453E-03	-8.34474927543469E-05	0	2.54837695167	8174.6640625	
27.244576	3.99638531740422E-03	-7.15859440389844E-05	0	2.58640178159	8174.6640625	
27.248672	3.99562524033063E-03	-8.25349585707281E-05	0	2.57656751077	8174.6640625	
27.252768	4.00373583781531E-03	-9.48228587828156E-05	0	2.49519254369	8233.38671875	
27.256864	4.00855624241016E-03	-9.36128203293937E-05	0	2.64366027849	8233.38671875	
27.26096	4.00436900679578E-03	-8.13087634026937E-05	0	2.48886778767	8233.38671875	
27.265056	3.99336064404063E-03	-6.89972076854156E-05	0	2.54296009187	8233.38671875	
27.269152	3.99210838666062E-03	-7.94262842755594E-05	0	2.51630303815	8233.38671875	
27.273248	4.00013824938578E-03	-9.19428325763062E-05	0	2.43640817079	8233.38671875	
27.277344	4.00417590168578E-03	-8.97221033066531E-05	0	2.599329766	8291.8671875	
27.28144	3.99979327515281E-03	-7.82037821326781E-05	0	2.44554816803	8291.8671875	
27.285536	3.98948994720031E-03	-6.72299414238375E-05	0	2.48005585377	8291.8671875	
27.289632	3.98827215981391E-03	-7.67459859943219E-05	0	2.47072130734	8291.8671875	
27.293728	3.99572407869422E-03	-8.84310853669031E-05	0	2.39297792514	8350.42578125	
27.297824	4.0004429933875E-03	-8.77808838536437E-05	0	2.53807347398	8350.42578125	
27.30192	3.99684586211969E-03	-7.66542947398594E-05	0	2.38718341103	8350.42578125	
27.306016	3.98617525044234E-03	-6.45405731997469E-05	0	2.43970787764	8350.42578125	
27.310112	3.98445632237984E-03	-7.37249767557187E-05	0	2.41273801934	8350.42578125	
27.314208	3.99194143120094E-03	-8.57679526935E-05	0	2.31973587714	8409.046875	
27.318304	3.99603449150125E-03	-8.42135893440187E-05	0	2.49371244397	8409.046875	
27.3224	3.99243909744797E-03	-7.38323201579906E-05	0	2.34407741403	8409.046875	
27.326496	3.98232439442063E-03	-6.24527584606406E-05	0	2.37901997443	8409.046875	
27.330592	3.98022794221078E-03	-7.03871101416656E-05	0	2.37086035252	8467.7265625	
27.334688	3.98727682731984E-03	-8.23353049242281E-05	0	2.27508874538	8467.7265625	
27.338784	3.99215885731437E-03	-8.24319293468344E-05	0	2.4348784801	8467.7265625	
27.34288	3.98876662592891E-03	-7.15588464699281E-05	0	2.29126303098	8467.7265625	
27.346976	3.97817958341375E-03	-5.940159059835E-05	0	2.33890469439	8467.7265625	
27.351072	3.97594835992922E-03	-6.74374700624625E-05	0	2.31928955841	8526.20703125	
27.355168	3.98295783769812E-03	-7.93063577127937E-05	0	2.21757847894	8526.20703125	
27.359264	3.98720697300922E-03	-7.85273919052219E-05	0	2.39186022097	8526.20703125	
27.36336	3.98378648902953E-03	-6.857131989015E-05	0	2.24666930488	8526.20703125	
27.367456	3.97365240234531E-03	-5.70599253919406E-05	0	2.28554862536	8526.20703125	
27.371552	3.97141587578484E-03	-6.4632879597825E-05	0	2.27839226692	8584.96484375	
27.375648	3.97825327788281E-03	-7.61832202109344E-05	0	2.17503705606	8584.96484375	
27.379744	3.98316383476859E-03	-7.65045597934406E-05	0	2.34250957644	8584.96484375	
27.38384	3.97993883313984E-03	-6.61139444629125E-05	0	2.19542275942	8584.96484375	
27.387936	3.96952889507453E-03	-5.42184885699187E-05	0	2.24267150976	8584.96484375	
27.392032	3.96674258583109E-03	-6.11744986812094E-05	0	2.22274738389	8584.96484375	
27.396128	3.97293456701453E-03	-7.22584909625906E-05	0	2.12826132728	8643.3046875	
27.400224	3.97714447785016E-03	-7.23468408742406E-05	0	2.29956761111	8643.3046875	
27.40432	3.97427917106172E-03	-6.31849471515281E-05	0	2.15219087765	8643.3046875	
27.408416	3.96434001813438E-03	-5.15865363941812E-05	0	2.19443475471	8643.3046875	
27.412512	3.96138273040812E-03	-5.77444028324625E-05	0	2.18315471638	8643.3046875	
27.416608	3.96779689218687E-03	-6.94413178182281E-05	0	2.08398803514	8702.0234375	
27.420704	3.97280089292797E-03	-7.03984863322125E-05	0	2.2455935623	8702.0234375	
27.4248	3.97001668662844E-03	-6.06786292251562E-05	0	2.10370998244	8702.0234375	
27.428896	3.95957044992266E-03	-4.83414735334781E-05	0	2.15128679612	8702.0234375	
27.432992	3.95591608200766E-03	-5.38379752485094E-05	0	2.13896153273	8702.0234375	
27.437088	3.96157345827719E-03	-6.50439135617906E-05	0	2.03287118914	8760.10546875	
27.441184	3.96631660254156E-03	-6.63103942664625E-05	0	2.19997749928	8760.10546875	
27.44528	3.96377542341172E-03	-5.74456677946594E-05	0	2.0693548843	8760.10546875	
27.449376	3.95377729662266E-03	-4.56647295756094E-05	0	2.10411815427	8760.10546875	
27.453472	0.00395026931189	-5.08336563778312E-05	0	2.09216291581	8818.96484375	
27.457568	3.95583635300391E-03	-6.171863443515E-05	0	1.99506761124	8818.96484375	
27.461664	3.96104415643922E-03	-6.36741346431094E-05	0	2.15401429947	8818.96484375	
27.46576	3.95864085728375E-03	-5.45278875393656E-05	0	2.01591489209	8818.96484375	
27.469856	3.94791483760609E-03	-4.16820850005656E-05	0	2.06058491199	8818.96484375	
27.473952	3.94333252283437E-03	-4.60823531964469E-05	0	2.05129232715	8877.125	
27.478048	3.94894226285281E-03	-5.802502274415E-05	0	1.94220363722	8877.125	
27.482144	3.95383947061641E-03	-5.94738176895844E-05	0	2.11529138128	8877.125	
27.48624	3.95100360504266E-03	-5.01789676094437E-05	0	1.98328403383	8877.125	
27.490336	3.94099596928984E-03	-3.88100340264656E-05	0	2.01071546962	8877.125	
27.494432	3.93708330500375E-03	-4.33064261646844E-05	0	2.00853346694	8877.125	
27.498528	3.94257089141094E-03	-5.43912713298281E-05	0	1.91025179378	8936.04296875	
27.502624	3.94813747536312E-03	-5.70089723178937E-05	0	2.06629931761	8936.04296875	
27.50672	3.94581427094078E-03	-4.78167199716937E-05	0	1.93239988392	8936.04296875	
27.510816	0.003934882345625	-3.47825890154531E-05	0	1.97769551298	8936.04296875	
27.514912	3.9298660015175E-03	-3.85800871410281E-05	0	1.96075066	8936.04296875	
27.519008	3.93508578258984E-03	-5.01225700696875E-05	0	1.85566357988	8994.22265625	
27.523104	3.94023205205781E-03	-5.24344124693812E-05	0	2.03357690679	8994.22265625	
27.5272	3.93811959918781E-03	-4.41383839865719E-05	0	1.91070574189	8994.22265625	
27.531296	3.92811616932281E-03	-3.23228804174719E-05	0	1.9251214554	8994.22265625	
27.535392	3.92318065140719E-03	-3.52931921106188E-05	0	1.92900862451	9053.203125	
27.539488	3.92790020612687E-03	-4.60925832342937E-05	0	1.8168605532	9053.203125	
27.543584	3.9334911110825E-03	-4.93061454053438E-05	0	1.98023228183	9053.203125	
27.54768	3.93108141166297E-03	-4.02567688778062E-05	0	1.86676432778	9053.203125	
27.551776	3.91990152183094E-03	-2.72423191518844E-05	0	1.89202901965	9053.203125	
27.555872	0.003914495127345	-3.06557753538094E-05	0	1.87866234589	9111.46484375	
27.559968	3.91925939248078E-03	-4.18419925329656E-05	0	1.77647824486	9111.46484375	
27.564064	3.92446518440453E-03	-4.46344277212969E-05	0	1.94792948691	9111.46484375	
27.56816	3.92248055395109E-03	-3.66122631473156E-05	0	1.82868990689	9111.46484375	
27.572256	3.91187495067016E-03	-2.40501771517219E-05	0	1.84441024438	9111.46484375	
27.576352	3.90650302617781E-03	-2.69111966464687E-05	0	1.83976013727	9111.46484375	
27.580448	3.91130999021813E-03	-3.8013236986725E-05	0	1.7378201764	9170.44140625	
27.584544	3.91665155917234E-03	-4.08955336236562E-05	0	1.89874287405	9170.44140625	
27.58864	3.91417127398344E-03	-3.2270800421475E-05	0	1.77993816869	9170.44140625	
27.592736	3.90299751011844E-03	-1.96080933726562E-05	0	1.81016577225	9228.68359375	
27.596832	3.89695730662563E-03	-2.19610660196812E-05	0	1.79378930808	9228.68359375	
27.600928	3.90096122039078E-03	-3.24901160675437E-05	0	1.6907469018	9228.68359375	
27.605024	3.9059092645375E-03	-3.55801737947906E-05	0	1.86939264919	9228.68359375	
27.60912	3.90419536525391E-03	-2.8479404212875E-05	0	1.74669696003	9228.68359375	
27.613216	3.8941064461475E-03	-1.67601957397875E-05	0	1.7523541453	9287.82421875	
27.617312	3.88832600194328E-03	-1.84173210057375E-05	0	1.76372955088	9287.82421875	
27.621408	3.89188893751453E-03	-2.80639570321687E-05	0	1.65688389867	9287.82421875	
27.625504	3.89711575887734E-03	-3.18540183863344E-05	0	1.82022510978	9287.82421875	
27.6296	3.89523499556641E-03	-2.43639241937437E-05	0	1.69886074743	9287.82421875	
27.633696	0.00388409862753	-1.15217238148031E-05	0	1.71518380594	9287.82421875	
27.637792	3.87717299322031E-03	-1.26344303944031E-05	0	1.71580560041	9346.04296875	
27.641888	3.88055845861234E-03	-2.29631042003344E-05	0	1.61066892932	9346.04296875	
27.645984	3.88589143292625E-03	-2.71167774505031E-05	0	1.78223461207	9346.04296875	
27.65008	3.88416583030266E-03	-1.99264411312313E-05	0	1.66706530628	9346.04296875	
27.654176	3.87325850028734E-03	-7.4151541233E-06	0	1.67326417753	9404.9609375	
27.658272	3.86642941853266E-03	-8.30636549170312E-06	0	1.67914642951	9404.9609375	
27.662368	3.86980619785203E-03	-1.84381880521781E-05	0	1.57146917488	9404.9609375	
27.666464	3.87529853874109E-03	-2.27693358844875E-05	0	1.74432040816	9404.9609375	
27.67056	3.87310388819406E-03	-1.50328301594625E-05	0	1.61859204045	9404.9609375	
27.674656	3.86154830286156E-03	-2.29964000805E-06	0	1.63370584223	9404.9609375	
27.678752	3.85395822970984E-03	-2.76650949310312E-06	0	1.63994286038	9463.2421875	
27.682848	3.85697860575328E-03	-1.29664973700281E-05	0	1.52863402087	9463.2421875	
27.686944	3.86235629048328E-03	-1.7473999833675E-05	0	1.70327815845	9463.2421875	
27.69104	3.8605880803875E-03	-1.05324445156219E-05	0	1.58811648204	9463.2421875	
27.695136	3.84953491578391E-03	1.65607142085E-06	0	1.58814699956	9522.12109375	
27.699232	3.84227665060766E-03	1.3269419422875E-06	0	1.60422591791	9522.12109375	
27.703328	3.84465956035047E-03	-7.75255715128125E-06	0	1.49058630281	9522.12109375	
27.707424	3.84971741474203E-03	-1.22797930086562E-05	0	1.6610686136	9522.12109375	
27.71152	3.84755778278266E-03	-5.32726823041875E-06	0	1.5386552115	9580.08203125	
27.715616	3.83576767348844E-03	7.23643459048125E-06	0	1.54991999107	9580.08203125	
27.719712	3.82749423499953E-03	7.46761344584062E-06	0	1.57734761217	9580.08203125	
27.723808	3.8294250118025E-03	-1.73258264241562E-06	0	1.4480181771	9580.08203125	
27.727904	3.83449347234594E-03	-6.7106827123875E-06	0	1.62337184702	9580.08203125	
27.732	3.83276567534609E-03	-5.08796846971875E-07	0	1.5043992953	9580.08203125	
27.736096	3.82178593091453E-03	1.11435222699281E-05	0	1.50807665646	9638.66015625	
27.740192	3.81356863188469E-03	1.20695396131406E-05	0	1.53842251541	9638.66015625	
27.744288	3.81494249428188E-03	3.70443091095E-06	0	1.41581456412	9638.66015625	
27.748384	3.81976299030906E-03	-1.3485707668125E-06	0	1.57349096058	9638.66015625	
27.75248	3.81743384278438E-03	5.15515854675937E-06	0	1.45282850119	9638.66015625	
27.756576	3.80518337163937E-03	1.75682196913781E-05	0	1.47127252734	9696.69921875	
27.760672	3.79607168142297E-03	1.85219035934625E-05	0	1.49332525023	9696.69921875	
27.764768	3.79736261468437E-03	9.62703340180312E-06	0	1.36470916219	9696.69921875	
27.768864	3.80228103475172E-03	4.33913460316875E-06	0	1.54343120338	9696.69921875	
27.77296	3.80016839901703E-03	1.04902616251125E-05	0	1.42201725006	9696.69921875	
27.777056	3.78871713798875E-03	2.19340359986344E-05	0	1.4248630088	9755.28125	
27.781152	0.003779737018915	2.33638521168937E-05	0	1.45366010361	9755.28125	
27.785248	3.78028040133391E-03	1.55760779335219E-05	0	1.32796606811	9755.28125	
27.789344	3.78508873685938E-03	9.92646170814375E-06	0	1.49133779674	9755.28125	
27.79344	3.78257517029734E-03	1.62999231231375E-05	0	1.37262464394	9813.0390625	
27.797536	3.77000304016703E-03	2.84525395762781E-05	0	1.3831684471	9813.0390625	
27.801632	3.76039441516234E-03	2.97669478772531E-05	0	1.40859717064	9813.0390625	
27.805728	3.76085733711875E-03	2.16361834118719E-05	0	1.28212875307	9813.0390625	
27.809824	3.76525660433828E-03	1.63351675590469E-05	0	1.4560290261	9813.0390625	
27.81392	3.76311443595656E-03	2.1826745480925E-05	0	1.33383687602	9871.78125	
27.818016	3.75115718833797E-03	3.3465014611875E-05	0	1.3352940876	9871.78125	
27.822112	3.74152552238266E-03	3.52655493498E-05	0	1.36943174841	9871.78125	
27.826208	3.74147825186094E-03	2.77598304132187E-05	0	1.23496392591	9871.78125	
27.830304	3.74564646954781E-03	2.23774348340812E-05	0	1.40211601233	9871.78125	
27.8344	3.74274330976906E-03	2.83855732970906E-05	0	1.28510039658	9929.83984375	
27.838496	3.73000056688531E-03	4.01997429732937E-05	0	1.29590741335	9929.83984375	
27.842592	3.71997318174625E-03	4.18360394139187E-05	0	1.31922279863	9929.83984375	
27.846688	3.72006717419563E-03	3.39703359815531E-05	0	1.18348849905	9929.83984375	
27.850784	3.72383062089672E-03	2.90701158817781E-05	0	1.36316802743	9929.83984375	
27.85488	3.72114598441953E-03	3.44685342814312E-05	0	1.24741888876	9988.1171875	
27.858976	3.70902498147328E-03	4.55833481666062E-05	0	1.24719000736	9988.1171875	
27.863072	3.69936396573562E-03	4.72588378372687E-05	0	1.27523942293	9988.1171875	
27.867168	3.69884508718484E-03	4.04265987560531E-05	0	1.14088985582	9988.1171875	
27.871264	3.70225139915125E-03	3.56180170261781E-05	0	1.30930841932	9988.1171875	
27.87536	3.69902402028156E-03	4.12485125976E-05	0	1.19270860478	9988.1171875	
27.879456	3.68619121653922E-03	5.26079396997E-05	0	1.20178375229	10046.13671875	
27.883552	3.67598626978859E-03	5.42699851530375E-05	0	1.22954706611	10046.13671875	
27.887648	3.67570191519953E-03	4.68327014845594E-05	0	1.0927179505	10046.13671875	
27.891744	3.67919344211031E-03	4.20680858164875E-05	0	1.26781985088	10104.71875	
27.89584	3.67640649284047E-03	4.7210004713025E-05	0	1.15134592111	10104.71875	
27.899936	3.6643230685875E-03	5.80506621415875E-05	0	1.14877863474	10104.71875	
27.904032	3.65432512466312E-03	6.00971324508844E-05	0	1.17677082996	10104.71875	
27.908128	3.65318715771281E-03	5.38048620604687E-05	0	1.04928007547	10104.71875	
27.912224	3.65587499432203E-03	4.92759745220531E-05	0	1.20779951842	10163.09765625	
27.91632	3.65246895665266E-03	5.439510329715E-05	0	1.09171468703	10163.09765625	
27.920416	3.64015192276141E-03	6.49354992471281E-05	0	1.10546282979	10163.09765625	
27.924512	3.63010652545063E-03	6.6905811940275E-05	0	1.12413955203	10163.09765625	
27.928608	3.62943888647656E-03	6.01112398887E-05	0	0.99192621132	10163.09765625	
27.932704	3.63261506323375E-03	5.5426658034825E-05	0	1.1526848773	10163.09765625	
27.9368	3.62952730155297E-03	6.05094459808781E-05	0	1.04660979247	10221.5	
27.940896	3.61791539389672E-03	7.04725619792906E-05	0	1.0489253093	10221.5	
27.944992	3.60788316284344E-03	7.29558645440625E-05	0	1.07951530841	10221.5	
27.949088	3.60638998123766E-03	6.7040750266875E-05	0	0.93932163622	10221.5	
27.953184	3.60950197248953E-03	6.20206228350844E-05	0	1.09056646534	10279.95703125	
27.95728	3.60615609730234E-03	6.72213664324125E-05	0	0.98788645461	10279.95703125	
27.961376	3.59428040733438E-03	7.72996693348687E-05	0	0.99422646939	10279.95703125	
27.965472	3.58428593783906E-03	7.95303096523031E-05	0	1.01406285739	10279.95703125	
27.969568	3.58285621027984E-03	7.35434288603437E-05	0	0.88169692908	10279.95703125	
27.973664	3.58588307801969E-03	6.86097859574531E-05	0	1.03872864293	10279.95703125	
27.97776	3.58332653825609E-03	7.30726675522594E-05	0	0.93625081077	10338.67578125	
27.981856	3.57208328580984E-03	8.29881256656375E-05	0	0.93608296441	10338.67578125	
27.985952	3.56216945964172E-03	8.55822564849656E-05	0	0.96058090359	10338.67578125	
27.990048	3.56090147589859E-03	7.96202124470156E-05	0	0.82207713907	10338.67578125	
27.994144	3.5638615980275E-03	7.48881323233312E-05	0	0.97451215147	10338.67578125	
27.99824	3.56108891220328E-03	7.93813545127969E-05	0	0.87560105446	10397.13671875	
28.002336	3.55036700698109E-03	8.85713813804531E-05	0	0.87999176265	10397.13671875	
28.006432	3.54104365088891E-03	9.097439748705E-05	0	0.89882488718	10397.13671875	
28.010528	3.54044266609344E-03	8.48503110630656E-05	0	0.7608780674	10455.81640625	
28.014624	3.5441268409525E-03	7.98520814459156E-05	0	0.92108360333	10455.81640625	
28.01872	3.54293977483359E-03	8.33535529444406E-05	0	0.81929623006	10455.81640625	
28.022816	3.53309662586719E-03	9.27832199570719E-05	0	0.8097060994	10455.81640625	
28.026912	3.52409172862828E-03	9.55153881383625E-05	0	0.84347754997	10455.81640625	
28.031008	3.52350802454578E-03	8.963341421265E-05	0	0.69592534077	10455.81640625	
28.035104	3.52763582913672E-03	8.42910065742937E-05	0	0.85278157888	10514.63671875	
28.0392	3.52703603296172E-03	8.73471566431406E-05	0	0.77165456665	10514.63671875	
28.043296	3.51771935143062E-03	9.66274524109125E-05	0	0.7525620432	10514.63671875	
28.047392	3.50922592672266E-03	9.92061587264344E-05	0	0.77809376337	10514.63671875	
28.051488	3.5098155739075E-03	9.24580587437719E-05	0	0.63587830548	10514.63671875	
28.055584	3.51538599801813E-03	8.63812530417375E-05	0	0.79620972618	10514.63671875	
28.05968	3.51644396166766E-03	8.89195973783906E-05	0	0.71770340598	10573.1953125	
28.063776	3.50800420774547E-03	9.85948350589125E-05	0	0.6896196582	10573.1953125	
28.067872	3.49943809432422E-03	1.02028934269041E-04	0	0.71851593495	10573.1953125	
28.071968	3.49966283502516E-03	9.56820886928156E-05	0	0.57054792454	10573.1953125	
28.076064	3.5055028931175E-03	8.91410949934312E-05	0	0.72810225092	10631.8359375	
28.08016	3.50712718870422E-03	9.11589629274844E-05	0	0.64838667399	10631.8359375	
28.084256	3.49952367499797E-03	1.00336507115316E-04	0	0.62565112159	10631.8359375	
28.088352	3.4917778011325E-03	1.0347690036915E-04	0	0.65411633837	10631.8359375	
28.092448	3.49316620127234E-03	9.66298055335594E-05	0	0.50493525654	10690.35546875	
28.096544	3.49988474132344E-03	9.0017750366775E-05	0	0.67120996426	10690.35546875	
28.10064	3.50222147773266E-03	9.20263293678094E-05	0	0.59450799243	10690.35546875	
28.104736	3.49506707969891E-03	1.01237024003259E-04	0	0.56516158226	10690.35546875	
28.108832	3.4880151773225E-03	1.04034013994728E-04	0	0.59480172356	10690.35546875	
28.112928	3.48964797611719E-03	9.75254440609969E-05	0	0.45426091458	10749.09375	
28.117024	3.49700270241609E-03	9.05214392861625E-05	0	0.60971334677	10749.09375	
28.12112	3.50015355241406E-03	9.21943587670875E-05	0	0.52722449021	10749.09375	
28.125216	3.49358166984234E-03	1.01474205496847E-04	0	0.49811459082	10749.09375	
28.129312	3.48673247297203E-03	1.04418401350725E-04	0	0.53390782709	10749.09375	
28.133408	3.48991413566984E-03	9.63134238787875E-05	0	0.38817141033	10749.09375	
28.137504	3.49868240600313E-03	8.88120397936406E-05	0	0.55955017327	10807.515625	
28.1416	3.50284824644906E-03	9.04481727728906E-05	0	0.47653870418	10807.515625	
28.145696	3.49696137499672E-03	9.98113499481656E-05	0	0.43619454274	10807.515625	
28.149792	3.49026121284672E-03	1.03228598453991E-04	0	0.4800024427	10807.515625	
28.153888	3.49295636404344E-03	0.000095808134961	0	0.33218701989	10866.171875	
28.157984	0.003501817803935	8.7899633254125E-05	0	0.49537182871	10866.171875	
28.16208	3.50629177137937E-03	8.92425826323281E-05	0	0.41952053275	10866.171875	
28.166176	3.50054963732719E-03	9.8604676395225E-05	0	0.37989353303	10866.171875	
28.170272	3.49464146213875E-03	1.01264362918228E-04	0	0.42432322746	10866.171875	
28.174368	3.49904648959594E-03	9.26569599871781E-05	0	0.27730507486	10924.57421875	
28.178464	3.50875751882562E-03	8.51678316590062E-05	0	0.4457846734	10924.57421875	
28.18256	3.51390872564016E-03	8.64219782413969E-05	0	0.36878515575	10924.57421875	
28.186656	3.50889073575047E-03	9.56126875602937E-05	0	0.32559142088	10924.57421875	
28.190752	3.50361335230156E-03	9.80940872423531E-05	0	0.37332082216	10924.57421875	
28.194848	3.50863975396688E-03	8.93285931232406E-05	0	0.22629885487	10983.3125	
28.198944	3.51917321712859E-03	8.13737186262E-05	0	0.38372729648	10983.3125	
28.20304	3.52497441647484E-03	8.26294397262469E-05	0	0.31457459616	10983.3125	
28.207136	3.52118445439406E-03	9.10607483622375E-05	0	0.27540154455	10983.3125	
28.211232	3.51737894881484E-03	9.27706192485188E-05	0	0.32060943574	10983.3125	
28.215328	3.52406859624531E-03	8.32877330583375E-05	0	0.17058912211	11041.51171875	
28.219424	3.53603864439203E-03	7.50036562462687E-05	0	0.34118205891	11041.51171875	
28.22352	0.00354413415554	7.49492582237437E-05	0	0.26682993612	11041.51171875	
28.227616	3.54272957187531E-03	8.25452645700375E-05	0	0.22110706178	11041.51171875	
28.231712	3.54084240830031E-03	8.41046007510844E-05	0	0.28245872105	11041.51171875	
28.235808	3.54895538302594E-03	7.46232515785969E-05	0	0.12597632256	11100.19140625	
28.239904	3.56309411493406E-03	6.52644361778062E-05	0	0.28304618331	11100.19140625	
28.244	3.57306325767016E-03	6.48076077884813E-05	0	0.21576268109	11100.19140625	
28.248096	3.57265382363484E-03	7.26421259154937E-05	0	0.17801250885	11100.19140625	
28.252192	3.57158717391266E-03	7.41848654785219E-05	0	0.23356965401	11100.19140625	
28.256288	3.58092525061219E-03	6.41675584285313E-05	0	0.08320220359	11158.51171875	
28.260384	3.59621804156312E-03	5.45519574672187E-05	0	0.2439112786	11158.51171875	
28.26448	3.60802140854719E-03	5.29817785085531E-05	0	0.17711224201	11158.51171875	
28.268576	3.61027951314078E-03	5.92899957580219E-05	0	0.13515828139	11158.51171875	
28.272672	3.61175029382234E-03	6.01750278056812E-05	0	0.19544945684	11217.390625	
28.276768	3.62216434634313E-03	5.08398748812281E-05	0	0.04090492087	11217.390625	
28.280864	3.63740767239609E-03	4.21731881152312E-05	0	0.19987831193	11217.390625	
28.28496	3.64771849780078E-03	4.22217036917156E-05	0	0.13246511025	11217.390625	
28.289056	3.64791471161047E-03	4.97434538622656E-05	0	0.09117490569	11217.390625	
28.293152	3.64757842345016E-03	5.10250340710687E-05	0	0.15494889311	11275.55078125	
28.297248	3.65723395324719E-03	4.12135441229531E-05	0	-0.00198745349	11275.55078125	
28.301344	3.67205367325156E-03	3.23485801513875E-05	0	0.16507308037	11275.55078125	
28.30544	3.68269082069109E-03	3.16927541245219E-05	0	0.10412959293	11275.55078125	
28.309536	3.68358329179844E-03	3.86259974316562E-05	0	0.05975711885	11275.55078125	
28.313632	3.68423657589453E-03	3.93450969529406E-05	0	0.11878181722	11275.55078125	
28.317728	3.69450927401188E-03	2.97140041801969E-05	0	-0.02518076869	11334.53125	
28.321824	3.71023517997516E-03	2.05003876726687E-05	0	0.13486455026	11334.53125	
28.32592	0.00372293778406	1.84316358952688E-05	0	0.06360614106	11334.53125	
28.330016	3.72647767868062E-03	2.401314906375E-05	0	0.03401177604	11334.53125	
28.334112	3.72941658850578E-03	2.42790685093687E-05	0	0.09331113209	11334.53125	
28.338208	3.74157901030375E-03	1.45653820692187E-05	0	-0.05230321459	11392.69140625	
28.342304	3.75886630640125E-03	5.34496340503125E-06	0	0.10901239613	11392.69140625	
28.3464	0.00377181678357	4.24299263200312E-06	0	0.04360572139	11392.69140625	
28.350496	3.77456779992875E-03	1.08347442133219E-05	0	0.00820921288	11451.62890625	
28.354592	3.77585544162578E-03	1.24125974431594E-05	0	0.06840883577	11451.62890625	
28.358688	3.78409084425969E-03	5.65983929207812E-06	0	-0.07363114638	11451.62890625	
28.362784	3.79703903561984E-03	-1.756527089625E-06	0	0.08724577499	11451.62890625	
28.36688	3.80555614130484E-03	-1.45861945484062E-06	0	0.02454371546	11451.62890625	
28.370976	3.80310730884219E-03	6.99286007444062E-06	0	-0.00485610037	11451.62890625	
28.375072	3.79934989667578E-03	9.94356673911562E-06	0	0.05814350498	11451.62890625	
28.379168	3.80376031864125E-03	3.52303181350312E-06	0	-0.09024412133	11509.890625	
28.383264	3.81374537060516E-03	-3.63437545215937E-06	0	0.078582614	11509.890625	
28.38736	3.82019034508375E-03	-3.54962673883125E-06	0	0.02168269796	11509.890625	
28.391456	3.81665593640375E-03	4.27105101740625E-06	0	-0.01616665622	11569.05078125	
28.395552	3.81210681157281E-03	7.12462965420937E-06	0	0.04727926786	11569.05078125	
28.399648	3.81563225988312E-03	1.09341789696562E-06	0	-0.09661846832	11569.05078125	
28.403744	3.82521436950813E-03	-6.14804457310312E-06	0	0.06476580682	11569.05078125	
28.40784	3.83133073614328E-03	-6.11151047502187E-06	0	0.00440215226	11569.05078125	
28.411936	3.82660990137078E-03	2.44463241113437E-06	0	-0.02478785562	11569.05078125	
28.416032	3.81984866241516E-03	6.5888789880375E-06	0	0.03741066483	11627.23046875	
28.420128	3.82117168842922E-03	1.43354015299687E-06	0	-0.10366801544	11627.23046875	
28.424224	3.82841697021266E-03	-5.00338081392187E-06	0	0.06624209185	11627.23046875	
28.42832	3.83267790029609E-03	-4.84934563141875E-06	0	0.00792692582	11627.23046875	
28.432416	3.82719671415297E-03	2.96477419868437E-06	0	-0.02486414942	11686.26953125	
28.436512	3.82007349454844E-03	6.76033434542812E-06	0	0.04139320119	11686.26953125	
28.440608	3.82098717795953E-03	1.81333304243437E-06	0	-0.09761410241	11686.26953125	
28.444704	3.82843635386953E-03	-4.96069648160625E-06	0	0.06839357701	11686.26953125	
28.4488	3.83338293509875E-03	-5.38063644628125E-06	0	0.0896070681	11686.26953125	
28.452896	3.82796246003187E-03	2.53710491481562E-06	0	0.08765013213	11686.26953125	
28.456992	3.82012012504375E-03	7.07016552598125E-06	0	0.05379094369	11686.26953125	
28.461088	3.82030216684016E-03	2.5089003757125E-06	0	-0.00952528093	11686.26953125	
28.465184	3.82849011608766E-03	-5.2301380390875E-06	0	0.01779934354	11686.26953125	
28.46928	3.83704224036031E-03	-8.4921136232625E-06	0	-0.00935743457	11686.26953125	
28.473376	3.83223152759391E-03	6.82961576653125E-07	0	0.0014114353	11686.26953125	
28.477472	3.82149133590297E-03	8.26687514657813E-06	0	-0.01601025393	11686.26953125	
28.481568	3.81876656062688E-03	4.88717443974375E-06	0	-0.01597973641	11686.26953125	
28.485664	3.82459180667953E-03	-2.31098783324062E-06	0	-0.01238248374	11686.26953125	
28.48976	3.83038002263297E-03	-4.80290072594062E-06	0	-0.00672148378	11686.26953125	
28.493856	3.82856024469531E-03	3.7000203384375E-08	0	-0.00250625133	11686.26953125	
28.497952	3.82492160314344E-03	2.7317693836125E-06	0	-0.01547619733	11686.26953125	
28.502048	3.82623886891984E-03	-1.2295228089375E-07	0	-0.00705336181	11686.26953125	
28.506144	3.83182648231109E-03	-4.4160350070375E-06	0	-0.01631161444	11686.26953125	
28.51024	3.83344126893406E-03	-3.008291222475E-06	0	0.00765989752	11686.26953125	
28.514336	3.82783902636781E-03	2.8580634880875E-06	0	-0.00239944001	11686.26953125	
28.518432	3.82308171009016E-03	4.30150098695625E-06	0	-0.00186538341	11686.26953125	
28.522528	3.82309441918594E-03	1.60900055445937E-06	0	0.00717924658	11686.26953125	
28.526624	3.82798540955016E-03	-2.87181563779687E-06	0	-0.00500105859	11686.26953125	
28.53072	3.82982630835922E-03	-2.1726747504E-06	0	0.00867841975	11686.26953125	
28.534816	3.82643928861734E-03	1.78527201280312E-06	0	-0.01216504641	11686.26953125	
28.538912	3.82371003315641E-03	2.6725598274375E-06	0	-0.01324460368	11686.26953125	
28.543008	3.82559993970172E-03	-3.1682612548125E-07	0	-0.01154706663	11686.26953125	
28.547104	3.82988775089422E-03	-3.1451382010125E-06	0	-0.02306743043	11686.26953125	
28.5512	3.82997570880891E-03	-1.18511636295937E-06	0	-0.0006484973	11686.26953125	
28.555296	3.82641844204297E-03	2.04202848681562E-06	0	-0.0157546697	11686.26953125	
28.559392	3.82433680187281E-03	2.1898545409125E-06	0	-0.00759886248	11686.26953125	
28.563488	3.82667189249984E-03	-8.311558996125E-07	0	-0.00508116708	11686.26953125	
28.567584	3.83005159765422E-03	-2.67641703511875E-06	0	-0.01154706663	11686.26953125	
28.57168	3.82927515419109E-03	-4.62793046821875E-07	0	0.00861357002	11686.26953125	
28.575776	3.82532070532391E-03	2.559641671125E-06	0	-0.00598143392	11686.26953125	
28.579872	0.003823010118565	2.62641251781562E-06	0	0.0056075943	11686.26953125	
28.583968	3.82517852802937E-03	-3.428381187E-07	0	0.00270461521	11686.26953125	
28.588064	3.82901146331172E-03	-1.6086089683125E-07	0	-0.00497817045	11686.26953125	
28.59216	3.83090493571844E-03	0	0	0.00443266978	11686.26953125	
28.596256	3.83067955499109E-03	0	0	-0.01990886711	11686.26953125	
28.600352	3.83053756056125E-03	0	0	-0.01364133144	11686.26953125	
28.604448	3.83169966565031E-03	0	0	-0.01719662252	11686.26953125	
28.608544	3.8331057122325E-03	0	0	-0.01494595542	11686.26953125	
28.61264	3.8327195020125E-03	0	0	-0.00044250404	11686.26953125	
28.616736	3.83157568339219E-03	0	0	-0.01034543928	11686.26953125	
28.620832	3.83210791106516E-03	0	0	0.00345610914	11686.26953125	
28.624928	3.83444355028625E-03	0	0	-0.00252913947	11686.26953125	
28.629024	3.83624586464625E-03	0	0	0.00108718665	11686.26953125	
28.63312	3.83624568178156E-03	0	0	0.00203704446	11686.26953125	
28.637216	3.83525263509609E-03	0	0	-0.00648878769	11686.26953125	
28.641312	3.83520947902984E-03	0	0	-0.00204467384	11686.26953125	
28.645408	3.83614309469187E-03	0	0	-0.00645064079	11686.26953125	
28.649504	3.83644427283219E-03	0	0	-0.00457381331	11686.26953125	
28.6536	3.83573420925063E-03	0	0	-0.00651167583	11686.26953125	
28.657696	3.83513596742547E-03	0	0	-0.01043317715	11686.26953125	
28.661792	3.83602670131828E-03	0	0	-0.01087949588	11686.26953125	
28.665888	3.83764679101719E-03	0	0	-0.00882337797	11686.26953125	
28.669984	3.83836672929187E-03	0	0	-0.01114652418	11686.26953125	
28.67408	3.83779253417313E-03	0	0	-0.00458525738	11686.26953125	
28.678176	3.83685983283453E-03	0	0	-0.00405883016	11686.26953125	
28.682272	3.83688305664984E-03	0	0	0.00098037533	11686.26953125	
28.686368	3.83712087217594E-03	0	0	0.00419997369	11686.26953125	
28.690464	3.83726213514703E-03	0	0	-0.00085449056	11686.26953125	
28.69456	3.83692145823422E-03	0	0	0.0011825539	11686.26953125	
28.698656	3.83670229490625E-03	0	0	-0.00762556531	11753.26171875	
28.702752	3.83687098758047E-03	0	0	-0.00750349523	11753.26171875	
28.706848	3.83679363581766E-03	0	0	-0.00817869536	11753.26171875	
28.710944	3.83605038229531E-03	0	0	0.00452040765	11753.26171875	
28.71504	3.83465795913234E-03	0	0	0.04636374226	11753.26171875	
28.719136	3.83344821779219E-03	0	0	0.0270080052	11753.26171875	
28.723232	3.83280233971594E-03	0	0	0.05300130286	11753.26171875	
28.727328	3.83166108120125E-03	0	0	0.07123552106	11753.26171875	
28.731424	3.83049093006594E-03	0	0	0.06564700021	11753.26171875	
28.73552	3.82976486582422E-03	3.1490353125E-11	0	-0.01217649048	11753.26171875	
28.739616	3.82896583857219E-03	4.361774484375E-09	0	0.05536259597	11737.30078125	
28.743712	3.82784176933813E-03	2.06740177875E-08	0	-0.05045690463	11737.30078125	
28.747808	3.82739813960625E-03	2.9559585825E-08	0	0.0627135036	11737.30078125	
28.751904	3.82508517560641E-03	4.782735601875E-08	0	0.05132665395	11737.30078125	
28.756	3.82021969486609E-03	9.7974902025E-08	0	-0.10395411719	11681.44140625	
28.760096	3.81485005618234E-03	1.704459834E-07	0	0.07415375891	11681.44140625	
28.764192	3.80887641543578E-03	2.450776395375E-07	0	-0.05795658517	11681.44140625	
28.768288	3.80439440194516E-03	3.07530702084375E-07	0	0.07749924204	11681.44140625	
28.772384	3.79844937952219E-03	3.58236420609375E-07	0	0.03065866353	11681.44140625	
28.77648	3.78710436287734E-03	4.567149279E-07	0	-0.06310260198	11620.5	
28.780576	3.77244492377156E-03	6.210368789625E-07	0	0.10776880719	11620.5	
28.784672	3.75818742124891E-03	7.91054978175E-07	0	-0.03896705835	11620.5	
28.788768	3.74047679339984E-03	9.69521867015625E-07	0	0.15248078868	11620.5	
28.792864	3.71711518954531E-03	1.20404278634063E-06	0	0.05092229681	11620.5	
28.79696	3.68658638712891E-03	1.51902420212812E-06	0	-0.00228118462	11560.66015625	
28.801056	3.64965046322422E-03	1.92770191845E-06	0	0.14489337027	11560.66015625	
28.805152	3.61291111885859E-03	2.34788250788438E-06	0	-0.01089093995	11560.66015625	
28.809248	3.57158333375422E-03	2.76749410750313E-06	0	0.18810999328	11560.66015625	
28.813344	3.52308021260938E-03	3.2534198235E-06	0	0.02866358066	11560.66015625	
28.81744	3.46481513441937E-03	3.834309627225E-06	0	0.06382357839	11560.66015625	
28.821536	3.40173221174016E-03	4.50862698175312E-06	0	0.13507054352	11500.078125	
28.825632	0.003338468435885	5.16304315425938E-06	0	0.02414317301	11500.078125	
28.829728	3.26902767375078E-03	5.83124753413125E-06	0	0.23215058933	11500.078125	
28.833824	3.19220804717891E-03	6.56803405695937E-06	0	0.05102529344	11440.640625	
28.83792	3.1047659023425E-03	7.41862166790937E-06	0	0.14123508256	11440.640625	
28.842016	3.01408028654391E-03	8.35184910006562E-06	0	0.1850506119	11440.640625	
28.846112	2.92466110013859E-03	9.2323878829875E-06	0	0.10328654644	11440.640625	
28.850208	2.83080625644094E-03	1.00956826927687E-05	0	0.3001016623	11440.63671875	
28.854304	2.73048678031078E-03	1.101686206005E-05	0	0.09999446897	11380.7578125	
28.8584	2.62273486038953E-03	1.20390059898281E-05	0	0.23244813515	11380.7578125	
28.862496	2.51614531985437E-03	1.30765496638219E-05	0	0.20491370273	11380.7578125	
28.866592	2.41202244108891E-03	1.4028787894275E-05	0	0.16973844624	11380.7578125	
28.870688	2.30667729475219E-03	1.49342800176281E-05	0	0.33834392955	11380.7578125	
28.874784	2.19610770429359E-03	1.58851319513906E-05	0	0.11637093314	11321.73828125	
28.87888	2.08217770090516E-03	1.69059280459781E-05	0	0.29476872568	11321.73828125	
28.882976	1.97335821693828E-03	1.78904292249375E-05	0	0.23672058795	11321.73828125	
28.887072	1.87193222658406E-03	1.87105493182781E-05	0	0.23714401854	11321.73828125	
28.891168	1.77104440700516E-03	1.946651514885E-05	0	0.39819641565	11321.73828125	
28.895264	0.00166984425454	2.02406838458344E-05	0	0.18685877496	11261.9765625	
28.89936	1.56640730121734E-03	2.10947709725156E-05	0	0.38199161253	11261.9765625	
28.903456	1.47409592691453E-03	2.18620307821781E-05	0	0.29009954512	11261.9765625	
28.907552	1.39081066215438E-03	2.23909636667062E-05	0	0.3314584141	11261.9765625	
28.911648	1.31063391421703E-03	2.28650232888E-05	0	0.4595938512	11261.9765625	
28.915744	1.23299761395078E-03	2.33301418140656E-05	0	0.24800062628	11203.19921875	
28.91984	1.15675986281453E-03	2.38652282982094E-05	0	0.45901401832	11203.19921875	
28.923936	1.09623823438078E-03	2.41953383046375E-05	0	0.33635647606	11203.19921875	
28.928032	1.04754456823156E-03	2.42016039233719E-05	0	0.40034790081	11203.19921875	
28.932128	1.00487172191828E-03	2.41220434260094E-05	0	0.5074682107	11143.63671875	
28.936224	9.66509544883437E-04	2.40342348599719E-05	0	0.31037843716	11143.63671875	
28.94032	9.32347861152813E-04	0.000024016591368	0	0.52010627867	11143.63671875	
28.944416	9.15837648544844E-04	2.37506423551031E-05	0	0.39824600662	11143.63671875	
28.948512	9.11374561549375E-04	2.31638035188656E-05	0	0.49174405852	11143.63671875	
28.952608	9.12942534812344E-04	2.25243452640938E-05	0	0.58181270411	11084.89453125	
28.956704	9.18773815399687E-04	2.19176843322937E-05	0	0.39618607402	11084.89453125	
28.9608	9.30191337893125E-04	2.13780764584406E-05	0	0.60385398293	11084.89453125	
28.964896	9.59219278386875E-04	2.05248451001344E-05	0	0.4797735613	11084.89453125	
28.968992	9.99220288751094E-04	1.93547433856219E-05	0	0.56550871905	11084.89453125	
28.973088	1.04374656010453E-03	1.81980995903437E-05	0	0.64014694359	11025.65625	
28.977184	1.09038894162172E-03	1.71541140958687E-05	0	0.46372134578	11025.65625	
28.98128	1.13997965049547E-03	1.62695962303875E-05	0	0.65728253107	11025.65625	
28.985376	1.20553673239656E-03	1.51089163814531E-05	0	0.53571599015	11025.65625	
28.989472	1.27797857834969E-03	1.36895060220187E-05	0	0.6396090723	11025.65625	
28.993568	1.35107096542859E-03	1.24121335013156E-05	0	0.70663699029	11025.65625	
28.997664	1.42355194442484E-03	1.1314690608375E-05	0	0.52861685206	10967.13671875	
29.00176	1.49660026111406E-03	1.04110593004688E-05	0	0.74150325689	10967.13671875	
29.005856	1.58182306867062E-03	9.25887776034375E-06	0	0.62041736691	10967.13671875	
29.009952	1.67065260789109E-03	7.89375989469375E-06	0	0.72121292078	10967.13671875	
29.014048	1.75603853074891E-03	6.74825238635625E-06	0	0.78415912047	10907.89453125	
29.018144	1.83735278847484E-03	5.86129630215937E-06	0	0.61816669981	10907.89453125	
29.02224	1.91625176940828E-03	5.21753084015625E-06	0	0.80903089927	10907.89453125	
29.026336	2.00299665119125E-03	4.36684996006875E-06	0	0.68787634487	10907.89453125	
29.030432	2.09001921300219E-03	3.38773459303125E-06	0	0.80110778814	10907.89453125	
29.034528	0.00217125045016	2.63311803995625E-06	0	0.84788733161	10849.35546875	
29.038624	2.24483090308984E-03	2.20922399269687E-06	0	0.67962898509	10849.35546875	
29.04272	2.31829103105531E-03	1.88455700967187E-06	0	0.87972473435	10849.35546875	
29.046816	2.39632844501359E-03	1.33798664278125E-06	0	0.76009987064	10849.35546875	
29.050912	2.47521453398656E-03	6.5126521411875E-07	0	0.8683760316	10790.37109375	
29.055008	2.54788532652844E-03	9.7291008478125E-08	0	0.91531579205	10790.37109375	
29.059104	0.002611392586715	-8.8879959196875E-08	0	0.76787802355	10790.37109375	
29.0632	0.00267508508883	-2.059690248E-07	0	0.9449750068	10790.37109375	
29.067296	2.74376229946156E-03	-6.15627990140625E-07	0	0.84338599741	10790.37109375	
29.071392	2.81174197274266E-03	-1.14145438739062E-06	0	0.95856674727	10790.37109375	
29.075488	2.87365364709844E-03	-1.52269871768437E-06	0	1.00071525708	10732.07421875	
29.079584	2.92808231557703E-03	-1.6116445422E-06	0	0.84242469553	10732.07421875	
29.08368	2.98369457574547E-03	-1.68706586100937E-06	0	1.01972385735	10732.07421875	
29.087776	3.04488768331172E-03	-2.06190971693438E-06	0	0.91684166805	10732.07421875	
29.091872	3.10689673311359E-03	-2.60846998768125E-06	0	1.01537892544	10732.07421875	
29.095968	3.1633352673725E-03	-3.02507702299687E-06	0	1.05892361179	10673.3125	
29.100064	3.21361857625016E-03	-3.17948263782187E-06	0	0.90865152862	10673.3125	
29.10416	3.26572742330313E-03	-3.33003969880312E-06	0	1.08633978882	10673.3125	
29.108256	3.32425408942859E-03	-3.79834668241875E-06	0	0.98672678885	10673.3125	
29.112352	3.38394898661016E-03	-4.43209773135937E-06	0	1.10326175366	10614.97265625	
29.116448	3.43990823252313E-03	-4.96880152157813E-06	0	1.14595957883	10614.97265625	
29.120544	3.49182296871031E-03	-5.30295407204062E-06	0	0.98904612037	10614.97265625	
29.12464	3.54712280456016E-03	-5.68629791946562E-06	0	1.17114416221	10614.97265625	
29.128736	3.61004626923188E-03	-6.41064238742812E-06	0	1.07253061102	10614.97265625	
29.132832	3.67500510930781E-03	-7.31733811534687E-06	0	1.17083517232	10614.97265625	
29.136928	3.73616767847125E-03	-8.0792774976375E-06	0	1.21492154465	10556.53125	
29.141024	3.79326745144016E-03	-8.60691519115313E-06	0	1.06275356055	10556.53125	
29.14512	3.85319924982438E-03	-9.13775624685E-06	0	1.23384622174	10556.53125	
29.149216	3.92169222428328E-03	-1.00374971740312E-05	0	1.13370679455	10556.53125	
29.153312	3.99127287790344E-03	-1.1104533126225E-05	0	1.24035789757	10556.53125	
29.157408	4.05749897026375E-03	-1.19911423357687E-05	0	1.28286117355	10498.05078125	
29.161504	4.12113697870187E-03	-1.27035211906969E-05	0	1.12982344013	10498.05078125	
29.1656	4.18678604154078E-03	-1.34023534245562E-05	0	1.31062067268	10498.05078125	
29.169696	4.26161052293969E-03	-1.44823210945875E-05	0	1.22460704256	10498.05078125	
29.173792	4.33680055084891E-03	-1.57233686516156E-05	0	1.31185663224	10439.41015625	
29.177888	4.40762971312297E-03	-1.67144219874844E-05	0	1.35834244458	10439.41015625	
29.181984	4.47550460493812E-03	-1.75198755089531E-05	0	1.20046386955	10439.41015625	
29.18608	4.54384744748859E-03	-1.82713043248313E-05	0	1.38456462364	10439.41015625	
29.190176	0.00462015093848	-1.93959205079062E-05	0	1.29346982644	10439.41015625	
29.194272	4.69606218471672E-03	-2.06705064929344E-05	0	1.38707850435	10380.97265625	
29.198368	4.76691100494469E-03	-2.16681586202812E-05	0	1.42835726484	10380.97265625	
29.202464	4.83490000432484E-03	-2.24970443298562E-05	0	1.26378009417	10380.97265625	
29.20656	4.90375569089141E-03	-2.33238211473094E-05	0	1.44326125867	10380.97265625	
29.210656	4.97904656867578E-03	-2.45055105906187E-05	0	1.35910156789	10380.97265625	
29.214752	5.05430837097484E-03	-2.58280162392656E-05	0	1.43545640293	10380.97265625	
29.218848	5.12446559695469E-03	-2.69197146667969E-05	0	1.48298744033	10322.37109375	
29.222944	5.18972204930953E-03	-2.77385883671531E-05	0	1.33051428103	10322.37109375	
29.22704	5.25623066761203E-03	-2.85853911261187E-05	0	1.51156328312	10322.37109375	
29.231136	5.32790713341562E-03	-0.0000298384317	0	1.41984669145	10322.37109375	
29.235232	5.39886704394125E-03	-3.11889315514219E-05	0	1.5109224152	10263.76953125	
29.239328	5.46523750797234E-03	-3.23535039445406E-05	0	1.5574997801	10263.76953125	
29.243424	5.52566514395672E-03	-3.31509853585969E-05	0	1.3890049228	10263.76953125	
29.24752	5.58812925253344E-03	-3.40417226890125E-05	0	1.57136236356	10263.76953125	
29.251616	5.65438158597641E-03	-3.53366314902562E-05	0	1.48372749019	10205.19140625	
29.255712	5.71964983310359E-03	-3.67211248173E-05	0	1.55480660896	10205.19140625	
29.259808	5.77919130681234E-03	-3.78790698132E-05	0	1.60557250348	10205.19140625	
29.263904	5.83138555167438E-03	-3.86153818172719E-05	0	1.44204437256	10205.19140625	
29.268	5.88391233597063E-03	-3.93366731632875E-05	0	1.61718441984	10205.19140625	
29.272096	5.94066128303656E-03	-4.05292193265094E-05	0	1.53032774323	10205.19140625	
29.276192	5.99551319183437E-03	-4.18318980719062E-05	0	1.58922274214	10205.19140625	
29.280288	6.04463402989359E-03	-4.28797215433125E-05	0	1.66500918837	10146.48828125	
29.284384	6.08779841648687E-03	-4.35988924587562E-05	0	1.49659443956	10146.48828125	
29.28848	6.13110781477734E-03	-4.43802681196875E-05	0	1.6758314639	10146.48828125	
29.292576	6.17772907542313E-03	-4.55613820828031E-05	0	1.59367067068	10146.48828125	
29.296672	6.22314461775187E-03	-4.68853485472969E-05	0	1.63525842106	10087.76953125	
29.300768	6.26207221240047E-03	-4.78958035464563E-05	0	1.71103723791	10087.76953125	
29.304864	6.29498410742437E-03	-4.85317435355156E-05	0	1.5555161413	10087.76953125	
29.30896	6.32805920918187E-03	-4.92464178208406E-05	0	1.71743828773	10087.76953125	
29.313056	6.36500528207672E-03	-5.04561507457219E-05	0	1.63710091633	10087.76953125	
29.317152	6.40043997832937E-03	-5.18007251223E-05	0	1.68862974885	10029.08984375	
29.321248	6.4304659942875E-03	-5.28492675833719E-05	0	1.76483962567	10029.08984375	
29.325344	6.45519816897484E-03	-5.3546140684575E-05	0	1.58880694093	10029.08984375	
29.32944	6.48021872127437E-03	-5.43090336716812E-05	0	1.76960035879	10029.08984375	
29.333536	6.50913804014375E-03	-5.560025593815E-05	0	1.68617690318	9970.3515625	
29.337632	6.53787915737516E-03	-5.71211205230531E-05	0	1.7260709312	9970.3515625	
29.341728	6.56064160508109E-03	-5.82480105019312E-05	0	1.80488624129	9970.3515625	
29.345824	6.57738158716891E-03	-5.88388666418437E-05	0	1.64805670601	9970.3515625	
29.34992	6.59403214842453E-03	-5.95105349605594E-05	0	1.81652486048	9970.3515625	
29.354016	0.006615906879505	-6.09092398118531E-05	0	1.73115209828	9911.84765625	
29.358112	6.63744038507859E-03	-6.25147172929125E-05	0	1.78146404469	9911.84765625	
29.362208	6.65354244370406E-03	-6.36110541773437E-05	0	1.87712121113	9911.84765625	
29.366304	6.66488636316078E-03	-6.43189282290844E-05	0	1.68378509255	9911.84765625	
29.3704	6.67626356399063E-03	-6.51532894139531E-05	0	1.86198452121	9911.84765625	
29.374496	0.006692230211315	-6.66469845548719E-05	0	1.77517362088	9911.84765625	
29.378592	6.70811100366859E-03	-6.82808074402781E-05	0	1.81570088744	9853.0078125	
29.382688	6.71828093183156E-03	-6.93933981546094E-05	0	1.90863055053	9853.0078125	
29.386784	6.72356818997359E-03	-7.00589450852156E-05	0	1.72868399385	9853.0078125	
29.39088	6.72809692539187E-03	-7.06881711386812E-05	0	1.90407199598	9853.0078125	
29.394976	6.73841543111344E-03	-7.21882472828344E-05	0	1.81523930995	9794.44921875	
29.399072	6.74827979238359E-03	-7.392186838575E-05	0	1.86585261687	9794.44921875	
29.403168	6.75258250704812E-03	-7.49741435353969E-05	0	1.96641928934	9794.44921875	
29.407264	6.75277826369609E-03	-7.55971299316406E-05	0	1.76987883116	9794.44921875	
29.41136	6.75236553809641E-03	-7.63113635924062E-05	0	1.94696818503	9794.44921875	
29.415456	6.75713410055234E-03	-7.77937284561937E-05	0	1.86376216675	9736.0078125	
29.419552	6.76173863338359E-03	-7.94753522553375E-05	0	1.89920445154	9736.0078125	
29.423648	6.76042795073594E-03	-8.04621421339312E-05	0	1.99579240234	9736.0078125	
29.427744	6.75439167883391E-03	-8.09364370923281E-05	0	1.81650960172	9736.0078125	
29.43184	6.74739225862281E-03	-8.13764316042562E-05	0	1.98521045228	9736.0078125	
29.435936	6.74664479921266E-03	-8.28910219165875E-05	0	1.89949818267	9677.62890625	
29.440032	6.74604299152609E-03	-8.4620221148925E-05	0	1.94482814394	9677.62890625	
29.444128	6.74031100646406E-03	-8.55696382283531E-05	0	2.04694358055	9677.62890625	
29.448224	6.73059705139937E-03	-8.60902713615656E-05	0	1.85034590202	9677.62890625	
29.45232	6.72045601585703E-03	-8.66257749126E-05	0	2.02677149983	9619.34765625	
29.456416	6.71590597670266E-03	-8.81408669071219E-05	0	1.94938669849	9619.34765625	
29.460512	6.71217288553969E-03	-8.99354802567375E-05	0	1.97456746718	9619.34765625	
29.464608	6.70320721277625E-03	-9.08510247738844E-05	0	2.08251175011	9619.34765625	
29.468704	6.68967358011906E-03	-9.11824717982062E-05	0	1.90366763884	9619.34765625	
29.4728	6.67672218862687E-03	-9.16839145659937E-05	0	2.06503665522	9619.34765625	
29.476896	6.67019849090031E-03	-9.33895775237906E-05	0	1.98691561871	9560.98828125	
29.480992	6.66431829400906E-03	-9.5316329683575E-05	0	2.02429958071	9560.98828125	
29.485088	6.65419463061203E-03	-9.63597271978687E-05	0	2.12615943309	9560.98828125	
29.489184	6.63988912610891E-03	-9.67781522602125E-05	0	1.94184887105	9560.98828125	
29.49328	6.62608201931156E-03	-9.73348880015531E-05	0	2.10634593323	9503.02734375	
29.497376	6.61771477123797E-03	-9.89937764868937E-05	0	2.02552028151	9503.02734375	
29.501472	6.61035291321625E-03	-1.00869247207575E-04	0	2.06091297533	9503.02734375	
29.505568	0.00659820265192	-1.01786539559512E-04	0	2.16241043216	9503.02734375	
29.509664	6.58163053961531E-03	-1.01990835509062E-04	0	1.98435596172	9503.02734375	
29.51376	6.56587354665516E-03	-1.02434831459297E-04	0	2.14696475235	9444.546875	
29.517856	6.55630094599391E-03	-1.04273137072912E-04	0	2.0696982064	9444.546875	
29.521952	0.006547647148955	-1.06203723123094E-04	0	2.10644511517	9444.546875	
29.526048	6.53482513422922E-03	-1.07211886538006E-04	0	2.20345649656	9444.546875	
29.530144	6.51681991136859E-03	-1.07252830727831E-04	0	2.02611155846	9444.546875	
29.53424	6.49944776605609E-03	-1.07582429917462E-04	0	2.18846095017	9444.546875	
29.538336	6.48741938407406E-03	-1.09220826596372E-04	0	2.10580424725	9386.5859375	
29.542432	6.47702718388344E-03	-1.11090077852119E-04	0	2.14093754215	9386.5859375	
29.546528	6.46230218778719E-03	-1.11963068084897E-04	0	2.23755219578	9386.5859375	
29.550624	6.44248011282391E-03	-1.11798660316612E-04	0	2.06613910063	9386.5859375	
29.55472	6.42347516871672E-03	-1.12039958633006E-04	0	2.22553592228	9328.10546875	
29.558816	6.41106533099656E-03	-1.13846895047222E-04	0	2.14504596328	9328.10546875	
29.562912	6.40030484132531E-03	-1.15927307870653E-04	0	2.19285928774	9328.10546875	
29.567008	6.38560480625891E-03	-1.16871552839869E-04	0	2.28348869276	9328.10546875	
29.571104	6.36560809551906E-03	-1.166845294692E-04	0	2.10693721018	9328.10546875	
29.5752	6.34689646637062E-03	-1.16949124396912E-04	0	2.24356414722	9270.1875	
29.579296	0.00633393538305	-1.18719572626462E-04	0	2.19070780258	9270.1875	
29.583392	6.32319445990031E-03	-1.20781256382084E-04	0	2.22244983807	9270.1875	
29.587488	6.30830991436422E-03	-1.217260628892E-04	0	2.32279525852	9270.1875	
29.591584	6.28756162975875E-03	-1.21224226131422E-04	0	2.14987917551	9270.1875	
29.59568	6.26875929972531E-03	-1.21461792480394E-04	0	2.28802054448	9211.38671875	
29.599776	6.25712480828016E-03	-1.23623144645963E-04	0	2.22849612172	9211.38671875	
29.603872	6.24704110081734E-03	-1.25803092706397E-04	0	2.27075525754	9211.38671875	
29.607968	6.23302077379437E-03	-1.26745727581069E-04	0	2.36915900078	9211.38671875	
29.612064	6.21320729347141E-03	-1.26202815143212E-04	0	2.18559230329	9211.38671875	
29.61616	6.19515900597687E-03	-1.26458823060281E-04	0	2.32796797816	9153.52734375	
29.620256	6.18279963891047E-03	-1.28348621170481E-04	0	2.27573342799	9153.52734375	
29.624352	6.17241795343937E-03	-1.30482288988734E-04	0	2.30861987048	9153.52734375	
29.628448	6.15810339713422E-03	-1.31267958876141E-04	0	2.40658873906	9153.52734375	
29.632544	6.13802778028172E-03	-1.30536383405794E-04	0	2.23152880027	9153.52734375	
29.63664	6.11994456563188E-03	-1.30716798129225E-04	0	2.37382436665	9094.765625	
29.640736	6.10886744575422E-03	-1.32994515563044E-04	0	2.31780945869	9094.765625	
29.644832	6.09914059872906E-03	-1.35233710439231E-04	0	2.35335474011	9094.765625	
29.648928	6.08533906930469E-03	-1.35949847463478E-04	0	2.45630559383	9094.765625	
29.653024	6.06539474929781E-03	-1.3500253807425E-04	0	2.27352853717	9094.765625	
29.65712	6.0474741927875E-03	-1.35107048787047E-04	0	2.40941923904	9036.6640625	
29.661216	6.03578374474797E-03	-1.37205489236681E-04	0	2.36217811808	9036.6640625	
29.665312	6.02611751736672E-03	-1.39476662927044E-04	0	2.38804934566	9036.6640625	
29.669408	6.01248714928984E-03	-1.40160913925484E-04	0	2.49112608415	9036.6640625	
29.673504	5.99258872831953E-03	-1.39069993862559E-04	0	2.32273040879	9036.6640625	
29.6776	5.97482122955266E-03	-1.39121706791616E-04	0	2.45718678722	8977.6640625	
29.681696	5.96412190811938E-03	-1.41563170696303E-04	0	2.42118755769	8977.6640625	
29.685792	5.95423487162797E-03	-1.43665527007406E-04	0	2.44140922938	8977.6640625	
29.689888	5.94046726360313E-03	-1.44139899129187E-04	0	2.5448941397	8977.6640625	
29.693984	5.92029829432766E-03	-1.42696774851159E-04	0	2.36003807699	8919.6640625	
29.69808	5.90311102521422E-03	-1.42879035966975E-04	0	2.49897671617	8919.6640625	
29.702176	5.89211180569344E-03	-1.45242255719137E-04	0	2.47847275742	8919.6640625	
29.706272	5.88270853773281E-03	-1.47454419131972E-04	0	2.47463136459	8919.6640625	
29.710368	5.86986604216203E-03	-1.48110222562706E-04	0	2.59209329907	8919.6640625	
29.714464	5.85051676384828E-03	-1.4663369567385E-04	0	2.40530700322	8860.625	
29.71856	5.83403846112828E-03	-1.46725931398922E-04	0	2.54549304603	8860.625	
29.722656	5.82496114947312E-03	-1.49562611254547E-04	0	2.5158643488	8860.625	
29.726752	0.005816176695615	-1.51626535392544E-04	0	2.52747626516	8860.625	
29.730848	5.80428518785156E-03	-1.52189016560831E-04	0	2.63641236749	8860.625	
29.734944	5.78558453058437E-03	-1.50548592960872E-04	0	2.45016012824	8860.625	
29.73904	5.76954318303516E-03	-1.50547999211466E-04	0	2.59043390892	8802.2265625	
29.743136	5.76019212294281E-03	-1.53156571602891E-04	0	2.56505859104	8802.2265625	
29.747232	5.75258815207484E-03	-1.55555356463719E-04	0	2.56498229724	8802.2265625	
29.751328	5.74138055824266E-03	-1.56094056165403E-04	0	2.6770350013	8802.2265625	
29.755424	5.72347079074891E-03	-1.54297073827772E-04	0	2.50503444389	8743.1640625	
29.75952	5.70824319105906E-03	-1.54321152409462E-04	0	2.63837693284	8743.1640625	
29.763616	5.70046778454656E-03	-1.57355252500359E-04	0	2.61235311766	8743.1640625	
29.767712	5.69326593312641E-03	-1.59571655572416E-04	0	2.58804972767	8743.1640625	
29.771808	5.68241017095297E-03	-1.59894269913263E-04	0	2.73020033583	8743.1640625	
29.775904	5.66458817850922E-03	-1.57769142711469E-04	0	2.54583636813	8684.8671875	
29.78	5.64984096435344E-03	-1.57807557096131E-04	0	2.67845406598	8684.8671875	
29.784096	5.64183734271094E-03	-1.60770294518006E-04	0	2.6646754057	8684.8671875	
29.788192	5.63448645657047E-03	-1.62884360432784E-04	0	2.62956499894	8684.8671875	
29.792288	5.62452042253406E-03	-1.63434164690672E-04	0	2.77940983683	8625.765625	
29.796384	5.60788997639406E-03	-1.61432058519703E-04	0	2.59239465958	8625.765625	
29.80048	5.59421197206609E-03	-1.61561819688019E-04	0	2.73425916599	8625.765625	
29.804576	5.58743518961203E-03	-1.64681875702575E-04	0	2.70661029287	8625.765625	
29.808672	5.58050854954656E-03	-1.66579969237172E-04	0	2.68541206054	8625.765625	
29.812768	5.57070389359688E-03	-1.6693911382995E-04	0	2.82277141806	8567.34375	
29.816864	5.55399417561484E-03	-1.64649352658175E-04	0	2.645868984	8567.34375	
29.82096	5.54029294747156E-03	-1.64719014607744E-04	0	2.77783818455	8567.34375	
29.825056	5.53311477702844E-03	-1.67701580855944E-04	0	2.76154564356	8567.34375	
29.829152	5.52701514251219E-03	-1.69937887033097E-04	0	2.73123793151	8567.34375	
29.833248	5.51794395682406E-03	-1.70291770573444E-04	0	2.86778857475	8508.38671875	
29.837344	5.50234377033344E-03	-1.68053817042169E-04	0	2.6985879998	8508.38671875	
29.84144	5.48899208804031E-03	-1.67924142892997E-04	0	2.8315299463	8508.38671875	
29.845536	5.48244745230703E-03	-1.71056668125853E-04	0	2.80322876119	8508.38671875	
29.849632	5.47654988327047E-03	-1.73185113833944E-04	0	2.78348011106	8508.38671875	
29.853728	5.46816087429906E-03	-1.73604836971912E-04	0	2.92583671248	8449.86328125	
29.857824	5.45296161863578E-03	-1.71150258176494E-04	0	2.74296810326	8449.86328125	
29.86192	5.44001059287297E-03	-1.70971145374837E-04	0	2.87678361377	8449.86328125	
29.866016	5.43366189665234E-03	-1.74103874694028E-04	0	2.86273792519	8449.86328125	
29.870112	5.42888437382672E-03	-1.76614152712594E-04	0	2.82647929674	8449.86328125	
29.874208	5.42157737521125E-03	-1.77189850213819E-04	0	2.97165495407	8449.86328125	
29.878304	5.40706569077297E-03	-1.74507020925497E-04	0	2.80142441282	8391.06640625	
29.8824	5.3943751557575E-03	-1.74054223301372E-04	0	2.92793479198	8391.06640625	
29.886496	5.38921334279109E-03	-1.77573156801666E-04	0	2.90356273757	8391.06640625	
29.890592	5.38454151575484E-03	-1.79805840386288E-04	0	2.88915465344	8391.06640625	
29.894688	5.37686311895906E-03	-1.79960361145228E-04	0	3.0318011713	8332.74609375	
29.898784	5.36258723853531E-03	-1.77245480927419E-04	0	2.85086279522	8332.74609375	
29.90288	5.35043121700141E-03	-1.77063967166625E-04	0	2.97766690551	8332.74609375	
29.906976	5.34522213351328E-03	-1.80496386330356E-04	0	2.96422393795	8332.74609375	
29.911072	5.34192782616797E-03	-1.83243109304784E-04	0	2.9353658081	8332.74609375	
29.915168	5.33563051492453E-03	-1.83580537573125E-04	0	3.07816872825	8274.3046875	
29.919264	5.32246608607141E-03	-1.80768482212106E-04	0	2.9101888541	8274.3046875	
29.92336	5.31050454113266E-03	-1.80202087586194E-04	0	3.02945132226	8274.3046875	
29.927456	5.30590439705391E-03	-1.83757198213772E-04	0	3.01582143489	8274.3046875	
29.931552	5.30207100460984E-03	-1.86107029037016E-04	0	2.98945048292	8274.3046875	
29.935648	5.29535456750266E-03	-1.86191496741009E-04	0	3.13540052232	8216.10546875	
29.939744	5.28226365025391E-03	-1.83349115208394E-04	0	2.96100815428	8216.10546875	
29.94384	5.27053434346828E-03	-1.82823809002931E-04	0	3.07956871948	8216.10546875	
29.947936	5.26631181496922E-03	-1.86567331220944E-04	0	3.07507501466	8216.10546875	
29.952032	5.26423511214563E-03	-1.89715402111331E-04	0	3.03755753851	8216.10546875	
29.956128	5.25860708565844E-03	-1.89760976584987E-04	0	3.18858111561	8157.46484375	
29.960224	5.24597762744859E-03	-1.86550426430156E-04	0	3.01338384798	8157.46484375	
29.96432	5.23375614035656E-03	-1.854215145783E-04	0	3.13700269212	8157.46484375	
29.968416	5.22925830907047E-03	-1.89120937561566E-04	0	3.12407089302	8157.46484375	
29.972512	5.22685436988859E-03	-1.92124055231522E-04	0	3.09804707784	8157.46484375	
29.976608	5.22058741418328E-03	-1.91866994911659E-04	0	3.2446990202	8157.46484375	
29.980704	5.20824386491234E-03	-1.88785999434966E-04	0	3.09828740331	8099.203125	
29.9848	5.19660315606781E-03	-1.87946958687469E-04	0	3.18433918033	8099.203125	
29.988896	5.19285287562422E-03	-1.91934360950062E-04	0	3.18438495661	8099.203125	
29.992992	5.19208850123047E-03	-1.95598070026734E-04	0	3.14898081872	8099.203125	
29.997088	5.18689724704938E-03	-1.95223205257369E-04	0	3.2961210414	8040.765625	
30.001184	5.17556356801516E-03	-1.92129174937941E-04	0	3.14440319072	8040.765625	
30.00528	5.16408295720453E-03	-1.90810676496825E-04	0	3.24503089823	8040.765625	
30.009376	5.16057497247188E-03	-1.94840273909531E-04	0	3.23540643536	8040.765625	
30.013472	5.15965379160859E-03	-1.98345746125209E-04	0	3.20959242813	8040.765625	
30.017568	5.15392336089641E-03	-1.975213024785E-04	0	3.35929993718	7982.265625	
30.021664	0.0051425646294	-1.94339508785297E-04	0	3.20474395714	7982.265625	
30.02576	5.13172267351047E-03	-1.93390821512831E-04	0	3.29864255149	7982.265625	
30.029856	5.12873292730219E-03	-1.97593004089491E-04	0	3.30544414376	7982.265625	
30.033952	5.12902039059094E-03	-2.01674467315716E-04	0	3.26323459891	7982.265625	
30.038048	5.12409904468859E-03	-2.00806455924112E-04	0	3.41222876093	7982.265625	
30.042144	5.11290370279047E-03	-1.97212754469741E-04	0	3.26109837251	7923.625	
30.04624	5.10135488345141E-03	-1.9558370826225E-04	0	3.36007050456	7923.625	
30.050336	5.09860231274281E-03	-2.00155164508097E-04	0	3.34934741097	7923.625	
30.054432	5.09896685349734E-03	-2.04215452515112E-04	0	3.32636390372	7865.125	
30.058528	5.09368197259625E-03	-2.02959838866881E-04	0	3.4733896857	7865.125	
30.062624	5.08332917974578E-03	-1.997745309945E-04	0	3.32691703377	7865.125	
30.06672	5.07319335584703E-03	-1.98731531316347E-04	0	3.4145671659	7865.125	
30.070816	5.07151328653063E-03	-2.03652339135919E-04	0	3.41862218137	7865.125	
30.074912	5.07354646755859E-03	-2.08240709787928E-04	0	3.38220715063	7865.125	
30.079008	5.06864011656063E-03	-2.06294700435862E-04	0	3.53035063678	7806.4453125	
30.083104	5.05800479776797E-03	-2.02511354219212E-04	0	3.38281368634	7806.4453125	
30.0872	5.04699881225375E-03	-2.00864441923819E-04	0	3.45580777949	7806.4453125	
30.091296	5.04479008112578E-03	-2.05806012222628E-04	0	3.47218424366	7747.82421875	
30.095392	5.04589421810891E-03	-2.10105562490381E-04	0	3.45102034354	7747.82421875	
30.099488	5.04008460698703E-03	-2.07850306572562E-04	0	3.59506685263	7747.82421875	
30.103584	5.03018815296422E-03	-2.04808737739134E-04	0	3.44508850059	7747.82421875	
30.10768	5.02059223705531E-03	-2.03792639957156E-04	0	3.50610446714	7747.82421875	
30.111776	5.01965057534703E-03	-2.09098035853678E-04	0	3.54240887187	7689.0234375	
30.115872	5.02213680363828E-03	-2.13752129276503E-04	0	3.50314808239	7689.0234375	
30.119968	5.01693302322609E-03	-2.111788118979E-04	0	3.65823048965	7689.0234375	
30.124064	5.00690609524875E-03	-2.07524999205562E-04	0	3.50444889168	7689.0234375	
30.12816	4.99657433183734E-03	-2.05916299131572E-04	0	3.57978901918	7689.0234375	
30.132256	4.99508069306984E-03	-2.11172178250687E-04	0	3.60373001362	7689.0234375	
30.136352	4.99713590929266E-03	-2.158431995412E-04	0	3.57050406372	7630.56640625	
30.140448	4.99224235882281E-03	-2.13505085533162E-04	0	3.72839408282	7630.56640625	
30.144544	4.98329268671953E-03	-2.103926588379E-04	0	3.57668767621	7630.56640625	
30.14864	4.97421775230531E-03	-2.0923005615435E-04	0	3.63644860975	7630.56640625	
30.152736	4.97336706577906E-03	-2.14483362199116E-04	0	3.67777314652	7630.56640625	
30.156832	4.97604987360937E-03	-2.19174701017387E-04	0	3.62978053163	7571.8046875	
30.160928	4.97103572387813E-03	-2.16163505470894E-04	0	3.78728526704	7571.8046875	
30.165024	4.96162696997688E-03	-2.12625332085994E-04	0	3.63679574654	7571.8046875	
30.16912	4.95193313002781E-03	-2.11109940091772E-04	0	3.70721492394	7571.8046875	
30.173216	4.95090826488672E-03	-2.16680510963503E-04	0	3.73616460635	7571.8046875	
30.177312	4.95400891852797E-03	-2.21870740629037E-04	0	3.70304928246	7513.20703125	
30.181408	4.94911728813734E-03	-2.18692895970347E-04	0	3.86413219709	7513.20703125	
30.185504	4.94051286456406E-03	-2.15432748749728E-04	0	3.71442850273	7513.20703125	
30.1896	4.93191045250234E-03	-2.14266129964425E-04	0	3.76660583255	7513.20703125	
30.193696	4.93169010055391E-03	-2.19925720458675E-04	0	3.83730729701	7454.56640625	
30.197792	4.93544943279953E-03	-2.25201708692297E-04	0	3.76577041544	7454.56640625	
30.201888	4.93060955311547E-03	-2.21542784947378E-04	0	3.93103041562	7454.56640625	
30.205984	4.92153251575734E-03	-2.17790438459344E-04	0	3.7768101283	7454.56640625	
30.21008	4.91230424930266E-03	-2.16310482727762E-04	0	3.8442157006	7454.56640625	
30.214176	4.91177449030297E-03	-2.22244115255662E-04	0	3.9026186045	7395.984375	
30.218272	4.91542529235656E-03	-2.27622459396544E-04	0	3.83885606115	7395.984375	
30.222368	4.91020761422812E-03	-0.000223554853368	0	4.00582122776	7395.984375	
30.226464	4.90202195078922E-03	-2.20539906142566E-04	0	3.85350828544	7395.984375	
30.23056	4.89400607721266E-03	-2.19604636885528E-04	0	3.90439625004	7395.984375	
30.234656	4.89412576215062E-03	-2.255430590721E-04	0	3.98535541591	7395.984375	
30.238752	4.89823601173156E-03	-2.30906353949184E-04	0	3.9042207743	7337.546875	
30.242848	4.89308809648141E-03	-2.26384601259403E-04	0	4.07566820166	7337.546875	
30.246944	4.88457272801094E-03	-2.22890632637991E-04	0	3.92208496757	7337.546875	
30.25104	4.87569665894438E-03	-2.21285624627616E-04	0	3.98710635862	7278.984375	
30.255136	4.87529316801141E-03	-2.27370353158266E-04	0	4.04955664861	7278.984375	
30.259232	4.87980901146922E-03	-2.33468189848884E-04	0	3.98648837884	7278.984375	
30.263328	4.87503779747531E-03	-2.28999129894872E-04	0	4.1538922348	7278.984375	
30.267424	4.86765637293203E-03	-2.26150991156475E-04	0	4.00543212938	7278.984375	
30.27152	4.85969188433266E-03	-2.24609084525306E-04	0	4.05192175641	7278.984375	
30.275616	4.85959734328922E-03	-2.30442537105309E-04	0	4.13077902809	7220.984375	
30.279712	4.8642138537575E-03	-2.36329907419856E-04	0	4.05323019508	7220.984375	
30.283808	4.85925502059422E-03	-2.31380620542225E-04	0	4.22046238999	7220.984375	
30.287904	4.85085842273828E-03	-2.27745731869425E-04	0	4.07565675759	7220.984375	
30.292	4.84204745350047E-03	-2.26021811237578E-04	0	4.13495992833	7220.984375	
30.296096	4.84231178440625E-03	-2.32783332841434E-04	0	4.19359934301	7162.46484375	
30.300192	4.84767932014609E-03	-2.39226039860259E-04	0	4.12002160229	7162.46484375	
30.304288	4.84304022588891E-03	-2.34019444586091E-04	0	4.29933492043	7162.46484375	
30.308384	4.83585336937313E-03	-2.31068757873319E-04	0	4.16182297531	7162.46484375	
30.31248	4.82798671338156E-03	-2.29460418856659E-04	0	4.20409736989	7162.46484375	
30.316576	4.82799677093938E-03	-2.35599407188819E-04	0	4.28536934034	7104.546875	
30.320672	4.83306706012969E-03	-2.41928813840175E-04	0	4.1905514057	7104.546875	
30.324768	4.82829164024797E-03	-2.36486897407097E-04	0	4.37029196912	7104.546875	
30.328864	4.82047956936562E-03	-2.32912415645044E-04	0	4.23080782927	7104.546875	
30.33296	4.81247914785516E-03	-2.31402843596925E-04	0	4.29121726011	7104.546875	
30.337056	4.81289479928984E-03	-2.38149661128947E-04	0	4.35153513839	7045.984375	
30.341152	4.81910872423578E-03	-2.45345771240522E-04	0	4.27645059512	7045.984375	
30.345248	4.81482795333375E-03	-2.39662677885159E-04	0	4.45673284452	7045.984375	
30.349344	4.80789198716922E-03	-2.36512521660319E-04	0	4.31665361303	7045.984375	
30.35344	4.80034379003094E-03	-2.3478254598645E-04	0	4.35888986071	6988.3046875	
30.357536	4.80056286192656E-03	-2.40982252527122E-04	0	4.43730844304	6988.3046875	
30.361632	4.80651903909547E-03	-2.48035849079287E-04	0	4.35261851035	6988.3046875	
30.365728	4.80192803825109E-03	-2.41986029888728E-04	0	4.52816291477	6988.3046875	
30.369824	4.7941049954875E-03	-2.38271042738334E-04	0	4.39438555116	6929.56640625	
30.37392	4.78587306728266E-03	-2.36445543361912E-04	0	4.44785987558	6929.56640625	
30.378016	4.78639039148359E-03	-2.43622392194672E-04	0	4.5105276029	6929.56640625	
30.382112	4.79295962251734E-03	-2.51035675646766E-04	0	4.43275751787	6929.56640625	
30.386208	4.78831101929641E-03	-2.44319343901566E-04	0	4.60988120395	6929.56640625	
30.390304	4.78146090810266E-03	-2.41391251156584E-04	0	4.48126130122	6929.56640625	
30.3944	4.77435725501969E-03	-2.39972220364078E-04	0	4.520026181	6871.74609375	
30.398496	0.00477508560507	-2.46826956057413E-04	0	4.60554008673	6871.74609375	
30.402592	4.78129879855719E-03	-2.53824515646384E-04	0	4.51321695935	6871.74609375	
30.406688	4.77647053078078E-03	-2.46905840593912E-04	0	4.68909705649	6871.74609375	
30.410784	4.76874175476359E-03	-2.43159305638528E-04	0	4.5595845163	6871.74609375	
30.41488	4.76126917217359E-03	-2.41799864209509E-04	0	4.6099765712	6812.98828125	
30.418976	4.76180789154297E-03	-2.48800827400847E-04	0	4.68113579846	6812.98828125	
30.423072	4.76843399349453E-03	-2.56430675059453E-04	0	4.60102349377	6812.98828125	
30.427168	4.76389218325109E-03	-2.49512139429919E-04	0	4.78665775324	6812.98828125	
30.431264	4.75757539691844E-03	-2.46925624468359E-04	0	4.64933272793	6812.98828125	
30.43536	4.75093329430672E-03	-2.45344142636381E-04	0	4.68602241635	6755.20703125	
30.439456	4.7510835176475E-03	-2.51450522106919E-04	0	4.77776189616	6755.20703125	
30.443552	4.75770148212047E-03	-2.59297821230766E-04	0	4.68132653296	6755.20703125	
30.447648	4.75335350844578E-03	-2.52330919543828E-04	0	4.85954884976	6755.20703125	
30.451744	4.74647130449937E-03	-2.48983610631525E-04	0	4.73654417071	6696.109375	
30.45584	4.73927795628719E-03	-2.47311495236334E-04	0	4.78562778694	6696.109375	
30.459936	4.74027008864922E-03	-2.54854909567912E-04	0	4.85896901688	6696.109375	
30.464032	4.74800444203937E-03	-2.63333278252997E-04	0	4.77650686315	6696.109375	
30.468128	4.74364083343391E-03	-2.55244046198006E-04	0	4.95679292724	6696.109375	
30.472224	4.73750938046203E-03	-2.52556718837259E-04	0	4.83336100291	6638.046875	
30.47632	4.73062790797437E-03	-2.50607945064881E-04	0	4.86051015164	6638.046875	
30.480416	4.73068249308359E-03	-2.57039901132919E-04	0	4.96015366913	6638.046875	
30.484512	4.73785179458937E-03	-2.65687466043037E-04	0	4.86306217925	6638.046875	
30.488608	4.73369116578703E-03	-2.58109075304128E-04	0	5.03959458838	6638.046875	
30.492704	4.72658230106047E-03	-2.54250053922769E-04	0	4.94706546774	6638.046875	
30.4968	4.71986504106219E-03	-2.52955256900259E-04	0	4.95815477157	6579.046875	
30.500896	4.72084876164859E-03	-2.60414476844878E-04	0	5.04191010521	6579.046875	
30.504992	4.72916553906844E-03	-2.69649139004437E-04	0	4.95683870352	6579.046875	
30.509088	4.72505135789672E-03	-2.61191852750194E-04	0	5.14069913214	6579.046875	
30.513184	4.71877004731344E-03	-2.58187041331931E-04	0	5.04849426015	6579.046875	
30.51728	4.71226993913156E-03	-2.56407843832284E-04	0	5.04341690776	6520.90625	
30.521376	4.71248133071031E-03	-2.63011611988125E-04	0	5.145635341	6520.90625	
30.525472	4.72037623929609E-03	-2.72283397908637E-04	0	5.05009642995	6520.90625	
30.529568	4.71633794696969E-03	-2.63943766584816E-04	0	5.22363049274	6520.90625	
30.533664	4.70974412063547E-03	-2.60620086735422E-04	0	5.13896726288	6520.90625	
30.53776	4.70317552962812E-03	-2.59028669576841E-04	0	5.1467416011	6461.7265625	
30.541856	4.70359465549187E-03	-2.66074812771075E-04	0	5.23448328579	6461.7265625	
30.545952	0.004711954863275	-2.75763422793994E-04	0	5.14946528976	6461.7265625	
30.550048	0.004707969876005	-2.66876169662025E-04	0	5.32429253246	6461.7265625	
30.554144	4.70156577178406E-03	-2.63608593602681E-04	0	5.23590997985	6403.4296875	
30.55824	4.69533346893703E-03	-2.62077392008884E-04	0	5.23727182418	6403.4296875	
30.562336	4.69530146761672E-03	-2.68572488638781E-04	0	5.33910497373	6403.4296875	
30.566432	4.70409405895344E-03	-2.79332877157228E-04	0	5.24421074529	6403.4296875	
30.570528	4.69997695194672E-03	-2.69789885498306E-04	0	5.42044179391	6344.46875	
30.574624	4.69310617704328E-03	-2.66045137079597E-04	0	5.3349965526	6344.46875	
30.57872	4.68649442996969E-03	-2.64300156853425E-04	0	5.34623081465	6344.46875	
30.582816	4.68728934276625E-03	-2.72074261338928E-04	0	5.43291583021	6344.46875	
30.586912	4.69692649466219E-03	-2.83161705780319E-04	0	5.34599811856	6344.46875	
30.591008	4.69297049144516E-03	-2.73078754805588E-04	0	5.52713867321	6285.98828125	
30.595104	4.68676031522531E-03	-2.69949129569831E-04	0	5.44588196152	6285.98828125	
30.5992	4.68035054219906E-03	-2.67929695291191E-04	0	5.40401192408	6285.98828125	
30.603296	4.68090654228141E-03	-2.75316030933694E-04	0	5.54247372701	6285.98828125	
30.607392	4.68979047452953E-03	-2.85681327299156E-04	0	5.45099364612	6285.98828125	
30.611488	4.68592901235594E-03	-2.76008246347247E-04	0	5.62110211729	6285.98828125	
30.615584	4.67927758364516E-03	-2.72370680754047E-04	0	5.53799909564	6227.02734375	
30.61968	4.6728115797275E-03	-2.70633770712113E-04	0	5.51987168876	6227.02734375	
30.623776	4.67361828729641E-03	-2.7863242521345E-04	0	5.63926004169	6227.02734375	
30.627872	4.68341288568828E-03	-2.89953499950056E-04	0	5.55906381382	6227.02734375	
30.631968	4.67925307977703E-03	-2.78983204910747E-04	0	5.73509268387	6227.02734375	
30.636064	4.67278305283625E-03	-2.75533938888863E-04	0	5.65472479495	6168.75	
30.64016	4.66647330679406E-03	-2.73737337079697E-04	0	5.61709669279	6168.75	
30.644256	4.66740088792141E-03	-2.81844003011484E-04	0	5.75644731849	6168.75	
30.648352	4.67690720013344E-03	-2.92959776030316E-04	0	5.66697757923	6168.75	
30.652448	4.67328574786219E-03	-2.82713895410822E-04	0	5.83965333677	6168.75	
30.656544	4.66646590077422E-03	-2.78427445610737E-04	0	5.76450394377	6168.75	
30.66064	4.66055123388937E-03	-2.77343595973434E-04	0	5.73986486106	6110.03125	
30.664736	4.66214800834062E-03	-2.85861791301384E-04	0	5.86446026584	6110.03125	
30.668832	4.67231373061578E-03	-2.97336043769428E-04	0	5.77515074356	6110.03125	
30.672928	4.66832828618406E-03	-2.85916802304066E-04	0	5.9612923568	6110.03125	
30.677024	4.66119345467187E-03	-2.81686812543675E-04	0	5.88154244766	6051.55078125	
30.68112	4.65513606189844E-03	-2.80641443156353E-04	0	5.83752092506	6051.55078125	
30.685216	4.65568941044281E-03	-2.88251603334647E-04	0	5.99101642128	6051.55078125	
30.689312	4.66570948099438E-03	-3.00406400074069E-04	0	5.88863395637	6051.55078125	
30.693408	4.66217004353547E-03	-2.89204214401266E-04	0	6.07013309188	5993.03125	
30.697504	4.65501436544891E-03	-2.84642430501516E-04	0	5.99500658702	5993.03125	
30.7016	4.64989296557844E-03	-2.84606897363972E-04	0	5.96797569368	5993.03125	
30.705696	4.65135734599594E-03	-2.92844696578087E-04	0	6.10669689553	5993.03125	
30.709792	0.004661905529765	-3.04943830873172E-04	0	6.01404570481	5993.03125	
30.713888	0.004657001830305	-2.91507108252216E-04	0	6.1915470452	5934.66796875	
30.717984	4.65030038810219E-03	-2.88401551982775E-04	0	6.12055184961	5934.66796875	
30.72208	4.6452765465425E-03	-2.88108806362059E-04	0	6.07228457704	5934.66796875	
30.726176	4.64639348405375E-03	-2.95900641118294E-04	0	6.23875383395	5934.66796875	
30.730272	4.65663966679141E-03	-3.08223489853125E-04	0	6.13637899842	5934.66796875	
30.734368	4.6523892514275E-03	-2.95581767158322E-04	0	6.30669346285	5876.05078125	
30.738464	4.64555541519094E-03	-2.91977694560475E-04	0	6.23727754892	5876.05078125	
30.74256	4.64085304975187E-03	-2.92019232499706E-04	0	6.21173438468	5876.05078125	
30.746656	4.64257773805203E-03	-3.00421762558706E-04	0	6.35461359863	5876.05078125	
30.750752	4.65285281341031E-03	-3.12111108561656E-04	0	6.25629377857	5817.65234375	
30.754848	4.64825961818969E-03	-2.98884284288494E-04	0	6.43939889857	5817.65234375	
30.758944	4.64157883969656E-03	-2.95740382865091E-04	0	6.37025001294	5817.65234375	
30.76304	4.63699570203375E-03	-2.95897317804309E-04	0	6.32425629561	5817.65234375	
30.767136	4.63795629023719E-03	-3.03351110831278E-04	0	6.4930219959	5817.65234375	
30.771232	4.64823154846016E-03	-3.15886651420725E-04	0	6.37966466786	5817.65234375	
30.775328	4.64462243955531E-03	-3.03443146075781E-04	0	6.56083955472	5759.23046875	
30.779424	4.63799140025719E-03	-2.99585745606262E-04	0	6.49909116769	5759.23046875	
30.78352	0.004633677073685	-2.99971077432469E-04	0	6.46435078586	5759.23046875	
30.787616	4.63496407535562E-03	-3.07812142427934E-04	0	6.6149776352	5759.23046875	
30.791712	4.64571743330406E-03	-3.208194637956E-04	0	6.51425837513	5759.23046875	
30.795808	0.004641026771205	-3.06372284492794E-04	0	6.69956075657	5700.87109375	
30.799904	4.63441602988719E-03	-3.03448203041878E-04	0	6.63567995783	5700.87109375	
30.804	4.62996674917563E-03	-3.03390290119022E-04	0	6.58624539012	5700.87109375	
30.808096	4.63115756402062E-03	-3.11423805883575E-04	0	6.75515986332	5700.87109375	
30.812192	4.64205922523062E-03	-3.24790431699628E-04	0	6.64486191666	5700.87109375	
30.816288	4.63808246687156E-03	-3.11102628079753E-04	0	6.83445963904	5642.26953125	
30.820384	4.63160896550172E-03	-3.07820079679612E-04	0	6.76825950878	5642.26953125	
30.82448	4.62794838018734E-03	-3.086368836705E-04	0	6.73667006089	5642.26953125	
30.828576	4.62908634713766E-03	-3.15927450899156E-04	0	6.88659882196	5642.26953125	
30.832672	4.63978932586469E-03	-3.29022184198641E-04	0	6.78863758276	5642.26953125	
30.836768	4.63510067527719E-03	-3.14331925811991E-04	0	6.975542134	5583.79296875	
30.840864	4.62888583600781E-03	-3.12012452891081E-04	0	6.91564768631	5583.79296875	
30.84496	4.62518675767672E-03	-3.12792324466978E-04	0	6.86989429445	5583.79296875	
30.849056	4.62613747118703E-03	-3.19935062997309E-04	0	7.03857225687	5583.79296875	
30.853152	4.63652500832813E-03	-3.33080417880787E-04	0	6.93509879062	5525.29296875	
30.857248	4.63267634668266E-03	-3.19293588638784E-04	0	7.11110095784	5525.29296875	
30.861344	4.62624490419094E-03	-3.15880423061569E-04	0	7.05008499129	5525.29296875	
30.86544	4.62289592030406E-03	-3.17314001676066E-04	0	7.02691837892	5525.29296875	
30.869536	4.62370381649344E-03	-3.24060769929291E-04	0	7.17366568853	5525.29296875	
30.873632	4.63474006611344E-03	-3.3844853462805E-04	0	7.07429301403	5466.59375	
30.877728	4.6301060920675E-03	-3.22733064285844E-04	0	7.26657627817	5466.59375	
30.881824	4.62369723336469E-03	-3.20282149669453E-04	0	7.20147859332	5466.59375	
30.88592	4.62009754199125E-03	-3.20893932471131E-04	0	7.16293115087	5466.59375	
30.890016	4.62039954302266E-03	-3.27522293871609E-04	0	7.32548272115	5466.59375	
30.894112	4.63198072941141E-03	-3.42973406545481E-04	0	7.22884517938	5466.59375	
30.898208	4.62826775336406E-03	-3.28155909584147E-04	0	7.4087383304	5407.953125	
30.902304	4.62255789492922E-03	-3.25703689920984E-04	0	7.35464221151	5407.953125	
30.9064	4.61845331415359E-03	-3.25215854110744E-04	0	7.33178077434	5407.953125	
30.910496	4.61955973694531E-03	-3.33334326040341E-04	0	7.47057064061	5407.953125	
30.914592	4.63066328077031E-03	-3.47330214448284E-04	0	7.37988782993	5349.53125	
30.918688	4.62634886276578E-03	-3.31857264777019E-04	0	7.54903881391	5349.53125	
30.922784	4.62048512369641E-03	-3.29836039634784E-04	0	7.51286410864	5349.53125	
30.92688	4.61687738627672E-03	-3.30282751447687E-04	0	7.47170360354	5349.53125	
30.930976	4.61767092758813E-03	-3.37626038815931E-04	0	7.64178918657	5349.53125	
30.935072	4.6287250979475E-03	-3.52248739337447E-04	0	7.54005140427	5290.87109375	
30.939168	4.62562014698609E-03	-3.3791648900625E-04	0	7.69979154802	5290.87109375	
30.943264	4.61916584640844E-03	-3.34000436191537E-04	0	7.67009037168	5290.87109375	
30.94736	4.61573320192703E-03	-3.350571187887E-04	0	7.64451668992	5290.87109375	
30.951456	4.61645167728422E-03	-3.42370513157991E-04	0	7.79198879063	5290.87109375	
30.955552	4.62776716128203E-03	-3.57632320011553E-04	0	7.70264112145	5232.21484375	
30.959648	4.62376050454656E-03	-3.41666044631691E-04	0	7.8781359349	5232.21484375	
30.963744	4.61785132360234E-03	-3.39598156074581E-04	0	7.83654055514	5232.21484375	
30.96784	4.61443650842797E-03	-3.39606233710734E-04	0	7.79927103384	5232.21484375	
30.971936	4.61499040556641E-03	-3.46940724453159E-04	0	7.96529778671	5232.21484375	
30.976032	4.62720174366828E-03	-3.63615649605141E-04	0	7.8706209956	5173.515625	
30.980128	4.6241754245225E-03	-3.48062209389366E-04	0	8.03617472691	5173.515625	
30.984224	4.61775824547641E-03	-3.44395358248528E-04	0	7.99885942933	5173.515625	
30.98832	4.61459358919453E-03	-3.45676241583028E-04	0	7.98032003593	5173.515625	
30.992416	4.61492548860234E-03	-3.52176403832859E-04	0	8.12813545874	5114.81640625	
30.996512	4.62636797212562E-03	-3.68170038079594E-04	0	8.04234308064	5114.81640625	
31.000608	4.62159895250797E-03	-3.50296181674622E-04	0	8.21145591772	5114.81640625	
31.004704	4.61515891537594E-03	-3.48442271990072E-04	0	8.21106681934	5114.81640625	
31.0088	4.61274235853062E-03	-3.50909678657278E-04	0	8.14766667154	5114.81640625	
31.012896	4.61440203843437E-03	-3.58932362221125E-04	0	8.31786669527	5114.81640625	
31.016992	4.62684881482141E-03	-3.75094561683909E-04	0	8.22716099645	5056.15625	
31.021088	4.62259849088984E-03	-3.56829281872284E-04	0	8.39048313411	5056.15625	
31.025184	4.61574243659375E-03	-3.53720325365859E-04	0	8.37749029997	5056.15625	
31.02928	4.61286396354781E-03	-3.55632655424681E-04	0	8.34092268163	5056.15625	
31.033376	0.0046137492115	-3.63169544041631E-04	0	8.49028686858	4997.39453125	
31.037472	4.62606981125266E-03	-3.80317433624494E-04	0	8.40878601673	4997.39453125	
31.041568	4.62157243712828E-03	-3.61491220960341E-04	0	8.58475766643	4997.39453125	
31.045664	4.61545095028188E-03	-3.60125069201494E-04	0	8.57598769412	4997.39453125	
31.04976	4.61288142712547E-03	-3.61466915215416E-04	0	8.51241588527	4997.3984375	
31.053856	4.61333575444156E-03	-3.6797672048445E-04	0	8.69135536379	4997.3984375	
31.057952	4.62509587392703E-03	-3.84832733436112E-04	0	8.59870798776	4939.2578125	
31.062048	4.62154144156375E-03	-3.67854928538934E-04	0	8.76528787068	4939.2578125	
31.066144	4.61502231545438E-03	-3.64975755696956E-04	0	8.75990915778	4939.2578125	
31.07024	4.61216843770891E-03	-3.66425372997337E-04	0	8.72664887567	4939.2578125	
31.074336	4.61264946326938E-03	-3.73658986436794E-04	0	8.87879015694	4939.2578125	
31.078432	4.62518401470641E-03	-3.91502220516619E-04	0	8.7967514338	4880.859375	
31.082528	4.62042221824391E-03	-3.71360971907888E-04	0	8.96934708285	4880.859375	
31.086624	4.61443842850719E-03	-3.70788523682259E-04	0	8.9677258396	4880.859375	
31.09072	4.61242810556516E-03	-3.72956040745509E-04	0	8.90685864596	4880.859375	
31.094816	4.61366929963156E-03	-3.80542284361181E-04	0	9.084684235	4880.859375	
31.098912	4.62599922548328E-03	-3.97610639648578E-04	0	9.00119974435	4822.73828125	
31.103008	4.62188120415312E-03	-3.78519590951184E-04	0	9.16359872703	4822.73828125	
31.107104	4.61470504522156E-03	-3.75186817841653E-04	0	9.16806954371	4822.73828125	
31.1112	4.61231335797375E-03	-3.78047786134528E-04	0	9.10313970522	4822.73828125	
31.115296	4.61319293712063E-03	-3.85348054555406E-04	0	9.28604264665	4764.23828125	
31.119392	4.62568405819438E-03	-4.03537210885462E-04	0	9.20430528402	4764.23828125	
31.123488	4.62030728778781E-03	-3.81941566856128E-04	0	9.38312269246	4764.23828125	
31.127584	4.61299974057828E-03	-3.80227280830031E-04	0	9.38089109881	4764.23828125	
31.13168	4.61093949557656E-03	-3.83294973435412E-04	0	9.30175535476	4764.23828125	
31.135776	4.61138038233812E-03	-3.89874470221294E-04	0	9.50599385736	4706.3984375	
31.139872	4.62371487980703E-03	-4.080323535057E-04	0	9.42074316524	4706.3984375	
31.143968	4.61922317448797E-03	-3.87819227084231E-04	0	9.58867726311	4706.3984375	
31.148064	4.61198895601812E-03	-3.85255815464953E-04	0	9.53383346498	4706.3984375	
31.15216	4.61054679366016E-03	-3.89786496030422E-04	0	9.40284082507	4706.3984375	
31.156256	4.60881323642266E-03	-3.91991157768066E-04	0	9.55344478627	4706.3984375	
31.160352	4.61976079666922E-03	-4.10281918323441E-04	0	9.56029215482	4706.3984375	
31.164448	4.6121648718475E-03	-3.8658079418805E-04	0	9.57767951184	4706.3984375	
31.168544	4.60198762909703E-03	-3.81702283441566E-04	0	9.57007683467	4706.3984375	
31.17264	4.59176494447172E-03	-3.7623782760795E-04	0	9.56934441419	4706.3984375	
31.176736	4.59646447550812E-03	-3.99140836195303E-04	0	9.57902609741	4706.3984375	
31.180832	4.60926107204234E-03	-4.11390546060966E-04	0	9.57199562374	4706.3984375	
31.184928	4.59984015763937E-03	-3.84917776379916E-04	0	9.57756507114	4706.3984375	
31.189024	4.58864591292938E-03	-3.78420473742609E-04	0	9.56717385558	4706.3984375	
31.19312	4.57915066403094E-03	-3.77027954942822E-04	0	9.56036463393	4706.3984375	
31.197216	4.58470499604906E-03	-3.97355992547456E-04	0	9.54754727553	4706.3984375	
31.201312	4.58677383569109E-03	-3.94336794364734E-04	0	9.55229656458	4706.3984375	
31.205408	4.58290195023031E-03	-3.87695630332828E-04	0	9.54660886179	4706.3984375	
31.209504	4.5727187643775E-03	-3.76137970496269E-04	0	9.54419416302	4706.3984375	
31.2136	4.56949760290719E-03	-3.85036370251706E-04	0	9.52592561261	4706.3984375	
31.217696	0.004575675320645	-3.97601500234641E-04	0	9.51636599947	4706.3984375	
31.221792	4.57613641395453E-03	-3.92858530939153E-04	0	9.52387712408	4706.3984375	
31.225888	4.57301079928344E-03	-3.87802513879791E-04	0	9.5110521363	4706.3984375	
31.229984	4.56309057285125E-03	-3.76584276299962E-04	0	9.52096651561	4706.3984375	
31.23408	4.56018960744875E-03	-3.84930298482778E-04	0	9.50962544224	4706.3984375	
31.238176	4.56334402330813E-03	-3.93407159957831E-04	0	9.51751422116	4706.3984375	
31.242272	4.56404110349687E-03	-3.91646735997103E-04	0	9.52491853445	4706.3984375	
31.246368	4.55830875270547E-03	-3.81863838087703E-04	0	9.51406192671	4706.3984375	
31.250464	4.55008295046766E-03	-3.76662984394331E-04	0	9.5274171564	4706.3984375	
31.25456	4.55049156161188E-03	-3.87863572953347E-04	0	9.50280096183	4706.3984375	
31.258656	4.55327384783219E-03	-3.92040570459037E-04	0	9.50402929201	4706.3984375	
31.262752	4.55240862356328E-03	-3.88791258564122E-04	0	9.50927449076	4706.3984375	
31.266848	4.54721544930297E-03	-3.81576520346175E-04	0	9.49198631568	4706.3984375	
31.270944	4.54021337755391E-03	-3.77381494252744E-04	0	9.50107290726	4706.3984375	
31.27504	4.54099960427781E-03	-3.87810430698797E-04	0	9.47741038519	4706.3984375	
31.279136	4.54296128521297E-03	-3.89960668933172E-04	0	9.4819079047	4706.3984375	
31.283232	4.54149471041922E-03	-3.86712989248162E-04	0	9.48566537435	4706.3984375	
31.287328	4.53620452644219E-03	-3.79945592169412E-04	0	9.47809702939	4706.3984375	
31.291424	4.52998996146984E-03	-3.77567876758669E-04	0	9.49355415327	4706.3984375	
31.29552	4.53158390151844E-03	-3.88101342186731E-04	0	9.48161798826	4706.3984375	
31.299616	4.53791687137594E-03	-2.07341319341166E-04	0	9.49573234126	4706.3984375	
31.303712	4.67097872696469E-03	0	0	9.49448875232	4706.3984375	
31.307808	5.07563487372219E-03	0	0	9.48577981505	4706.3984375	
31.311904	5.7540422006375E-03	0	0	9.4888887874	4706.3984375	
31.316	6.70321873325156E-03	0	0	9.46759900251	4706.3984375	
31.320096	7.90380275845188E-03	0	0	9.47158153887	4706.3984375	
31.324192	9.33204646216391E-03	0	0	9.46764859348	4706.3984375	
31.328288	0.010979295590187	0	0	9.46151075727	4706.3984375	
31.332384	1.28024883430177E-02	0	0	9.46413907868	4706.3984375	
31.33648	1.47818004513162E-02	0	0	9.4551669278	4706.3984375	
31.340576	1.68997222555253E-02	0	0	9.4626437202	4706.3984375	
31.344672	1.91109528694752E-02	0	0	9.46180067371	4706.3984375	
31.348768	0.021382025860977	0	0	9.46088514811	4706.3984375	
31.352864	2.36995079900872E-02	0	0	9.46177397088	4706.3984375	
31.35696	2.60152449500522E-02	0	0	9.45584212793	4706.3984375	
31.361056	2.83079898756961E-02	0	0	9.46019087453	4706.3984375	
31.365152	3.05501087126056E-02	0	0	9.45999632534	4706.3984375	
31.369248	3.27040635463248E-02	0	0	9.4510470626	4706.3984375	
31.373344	3.47567704998955E-02	0	0	9.44918549388	4706.3984375	
31.37744	3.66817584468844E-02	0	0	9.44091143127	4706.3984375	
31.381536	3.84538884301069E-02	0	0	9.43698992995	4706.3984375	
31.385632	4.00537779813084E-02	0	0	9.43492236797	4706.3984375	
31.389728	4.14770228044906E-02	0	0	9.42671696978	4706.3984375	
31.393824	4.26945041668423E-02	0	0	9.4320117595	4706.3984375	
31.39792	0.043704475710598	0	0	9.42876545831	4706.3984375	
31.402016	4.45002503484327E-02	0	0	9.43479266851	4706.3984375	
31.406112	4.50695802607394E-02	0	0	9.43686404518	4632.16796875	
31.410208	4.54164198963853E-02	0	0	9.43049732757	4632.1875	
31.414304	4.55458099204814E-02	0	0	9.43326297782	4632.1875	
31.4184	0.045459233548508	0	0	9.4091236195	4632.1875	
31.422496	4.51654353698212E-02	0	0	9.3688404931	4632.1875	
31.426592	4.46724528360309E-02	0	0	9.36119203965	4632.1875	
31.430688	4.39842344529019E-02	0	0	9.32011927242	4632.1875	
31.434784	4.31230441790019E-02	0	0	9.2690482027	4637.66796875	
31.43888	4.21030081285756E-02	0	0	9.2320457097	4637.66796875	
31.442976	4.09372062469906E-02	0	0	9.1852776103	4637.66796875	
31.447072	0.039646834380175	0	0	9.1924492275	4637.66796875	
31.451168	3.82646652631255E-02	0	0	9.12903382094	4637.66796875	
31.455264	3.67995723133706E-02	1.14572510908144E-04	0	8.98198896551	4684.5703125	
31.45936	3.53439076840386E-02	2.24872677290559E-04	0	9.11409930959	4684.5703125	
31.463456	3.40035499377595E-02	1.87109386928887E-04	0	8.95273029321	4684.5703125	
31.467552	3.27970486855688E-02	9.75283289138812E-05	0	8.92035120449	4684.5703125	
31.471648	3.16726870508709E-02	9.025709051205E-05	0	8.89999601865	4684.5703125	
31.475744	3.06236112651786E-02	6.87927920244469E-05	0	8.75258495298	4744.828125	
31.47984	2.96600810432162E-02	1.90579535381812E-05	0	8.86025076354	4744.828125	
31.483936	2.87555523869728E-02	1.79100121380469E-05	0	8.6690356126	4744.828125	
31.488032	2.79097752289881E-02	4.46566813048125E-06	0	8.67707316443	4744.828125	
31.492128	2.71305512168573E-02	-2.39714094420281E-05	0	8.60859947893	4744.828125	
31.496224	2.64135644696584E-02	-6.091580446875E-05	0	8.50467206457	4804.76953125	
31.50032	2.57305132940041E-02	-4.43484989206875E-05	0	8.60267145067	4804.76953125	
31.504416	2.51033918316156E-02	-7.27310121246844E-05	0	8.41593474579	4804.76953125	
31.508512	2.45151975067141E-02	-7.65372705780375E-05	0	8.44901192278	4804.76953125	
31.512608	2.39653622501477E-02	-8.13163956066E-05	0	8.36217050493	4804.76953125	
31.516704	2.34652329072081E-02	-1.14510837892894E-04	0	8.31833590214	4865.19140625	
31.5208	2.29926573410841E-02	-1.09339632246797E-04	0	8.37419440781	4865.19140625	
31.524896	2.25537766965758E-02	-1.19216621889028E-04	0	8.20534478434	4865.19140625	
31.528992	2.21376102234959E-02	-1.12384549874953E-04	0	8.2600626977	4865.19140625	
31.533088	2.17594684506702E-02	-1.33360381783716E-04	0	8.12438180378	4924.9296875	
31.537184	2.14125191876441E-02	-1.55729248357134E-04	0	8.11242656532	4924.9296875	
31.54128	0.021088651836933	-1.55939668579406E-04	0	8.141311398	4924.9296875	
31.545376	2.07764602136541E-02	-1.45093665963881E-04	0	7.98687748804	4924.9296875	
31.549472	2.04869230564831E-02	-1.46551398881147E-04	0	8.03379817504	4924.9296875	
31.553568	2.02228684592447E-02	-1.64239119654947E-04	0	7.87773920714	4984.59375	
31.557664	1.99765577712284E-02	-1.61231720979656E-04	0	7.90068456749	4984.59375	
31.56176	1.97495499138953E-02	-1.77293094341344E-04	0	7.90829868873	4984.59375	
31.565856	1.95374698495969E-02	-1.70603359684931E-04	0	7.78876537758	4984.59375	
31.569952	1.93260352976453E-02	-1.52324325560137E-04	0	7.85530501525	4984.59375	
31.574048	1.91478642895117E-02	-1.86645524411981E-04	0	7.6819464282	5043.93359375	
31.578144	0.018982255993977	-1.91203213844672E-04	0	7.75582934412	5043.93359375	
31.58224	1.88238443382189E-02	-1.86611660022769E-04	0	7.72383935378	5043.93359375	
31.586336	1.86671218035792E-02	-1.7149064773995E-04	0	7.62188413415	5043.93359375	
31.590432	1.85241023257297E-02	-1.74644722951256E-04	0	7.66909855228	5043.93359375	
31.594528	1.83931734038559E-02	-1.79895472988962E-04	0	7.47947794176	5103.57421875	
31.598624	1.82836497994098E-02	-2.07218337252609E-04	0	7.56148614738	5103.57421875	
31.60272	1.81731656981927E-02	-1.90207947051478E-04	0	7.50052358649	5103.57421875	
31.606816	1.80603225510744E-02	-1.75803226600444E-04	0	7.42368428582	5103.57421875	
31.610912	1.79605249707623E-02	-1.81457175994566E-04	0	7.46812923901	5103.57421875	
31.615008	1.78712993466288E-02	-1.90353318540722E-04	0	7.27856584884	5103.57421875	
31.619104	1.77970027041503E-02	-2.09648914148953E-04	0	7.39296840194	5162.47265625	
31.6232	1.77195346393966E-02	-1.93962518537287E-04	0	7.32278192063	5162.47265625	
31.627296	1.76373990449267E-02	-1.76538925383975E-04	0	7.24864723517	5162.47265625	
31.631392	1.75643520997227E-02	-1.79525289464916E-04	0	7.31323375156	5221.453125	
31.635488	1.75046476935773E-02	-1.94967320897869E-04	0	7.12111451909	5221.453125	
31.639584	1.74534991604308E-02	-2.05098678314578E-04	0	7.24452355528	5221.453125	
31.64368	1.74003893120784E-02	-1.96387924765725E-04	0	7.17953268175	5221.453125	
31.647776	0.017340646047187	-1.75548163634353E-04	0	7.09285911026	5221.453125	
31.651872	1.72861990008073E-02	-1.77253969380469E-04	0	7.14211438754	5280.09765625	
31.655968	1.72500546981348E-02	-2.02670055743203E-04	0	6.9335423971	5280.09765625	
31.660064	1.72139764096145E-02	-1.98947180139159E-04	0	7.06762493591	5280.09765625	
31.66416	1.71766075535622E-02	-1.95156140420587E-04	0	6.98665432597	5280.09765625	
31.668256	1.71325302150166E-02	-1.72938045571397E-04	0	6.91639918024	5280.09765625	
31.672352	1.70914087012797E-02	-1.75295086002816E-04	0	6.96939285372	5338.99609375	
31.676448	1.70704912668383E-02	-2.03799072402647E-04	0	6.76207589629	5338.99609375	
31.680544	1.70446493777948E-02	-1.93491381989194E-04	0	6.92553536279	5338.99609375	
31.68464	1.70194656187617E-02	-1.943412287355E-04	0	6.83005367209	5338.99609375	
31.688736	1.69861130198409E-02	-1.69827777287437E-04	0	6.77589270347	5338.99609375	
31.692832	1.69556772041181E-02	-1.74885753239072E-04	0	6.82580792212	5338.99609375	
31.696928	1.69454488506875E-02	-2.03938341253762E-04	0	6.60962181044	5397.515625	
31.701024	1.69277638238947E-02	-1.91301098121787E-04	0	6.7880119736	5397.515625	
31.70512	1.69094575143261E-02	-1.90587897392681E-04	0	6.6728846294	5397.515625	
31.709216	1.68828104720636E-02	-1.66091817321478E-04	0	6.61665228411	5397.515625	
31.713312	1.68600420812553E-02	-1.73874580211784E-04	0	6.64005922195	5397.515625	
31.717408	0.016856882088023	-2.01699757194272E-04	0	6.44826042344	5456.5546875	
31.721504	1.68443061177342E-02	-1.87608663593072E-04	0	6.61800268437	5456.5546875	
31.7256	1.68321085859163E-02	-1.88299540065656E-04	0	6.49259093593	5456.5546875	
31.729696	1.68098764458041E-02	-1.62475355553328E-04	0	6.45587454468	5456.5546875	
31.733792	1.67929737141444E-02	-1.72939426820016E-04	0	6.49002746425	5456.5546875	
31.737888	1.67943089920925E-02	-1.99033359139519E-04	0	6.30633869668	5515.0546875	
31.741984	0.016785907182593	-1.84932807134316E-04	0	6.48927215563	5515.0546875	
31.74608	1.67771228201672E-02	-1.84463996785819E-04	0	6.36210946448	5515.0546875	
31.750176	0.016758310706873	-1.58985459283612E-04	0	6.32226502743	5515.0546875	
31.754272	1.67446021641422E-02	-1.69270379527528E-04	0	6.35621958312	5574.140625	
31.758368	1.67483281235823E-02	-1.94394248394019E-04	0	6.17301146649	5574.140625	
31.762464	1.67432325076328E-02	-1.82280977814994E-04	0	6.34094174967	5574.140625	
31.76656	1.67372094019883E-02	-1.80933759931444E-04	0	6.20752678161	5574.140625	
31.770656	1.67210315459498E-02	-1.55970227202694E-04	0	6.17649046377	5574.140625	
31.774752	0.016710438194603	-1.66996351753481E-04	0	6.19314158562	5632.3984375	
31.778848	1.67163105283127E-02	-1.90987573675697E-04	0	6.01753996085	5632.3984375	
31.782944	1.67129874197791E-02	-1.78621997579747E-04	0	6.19641458964	5632.3984375	
31.78704	1.67084739535622E-02	-1.77032809024706E-04	0	6.0750845595	5632.3984375	
31.791136	1.66941268473427E-02	-1.52871661310878E-04	0	6.04183190677	5632.3984375	
31.795232	1.66849179645448E-02	-1.62995177148891E-04	0	6.06544102318	5691.59765625	
31.799328	1.66922191114903E-02	-1.8700599376305E-04	0	5.90193959509	5691.59765625	
31.803424	0.016691125306362	-1.76330884486247E-04	0	6.06563938706	5691.59765625	
31.80752	1.66875783714509E-02	-1.725495043734E-04	0	5.95029842022	5691.59765625	
31.811616	1.66742201974614E-02	-1.49759961057197E-04	0	5.91890733621	5749.9609375	
31.815712	1.66675299100045E-02	-1.62217077446222E-04	0	5.93562330779	5749.9609375	
31.819808	1.66759967279005E-02	-1.84742994583744E-04	0	5.76504562975	5749.9609375	
31.823904	1.66760026710028E-02	-1.73856612441291E-04	0	5.93231978625	5749.9609375	
31.828	1.66721124990733E-02	-1.67361083359903E-04	0	5.81173362066	5749.9609375	
31.832096	1.66600831113355E-02	-1.47563926474387E-04	0	5.77289244708	5809.05859375	
31.836192	1.66540057863111E-02	-1.58392912039622E-04	0	5.80558434038	5809.05859375	
31.840288	1.66633984481198E-02	-1.82140150792359E-04	0	5.63938592646	5809.05859375	
31.844384	0.016664353641815	-1.71370690407984E-04	0	5.80331078514	5809.05859375	
31.84848	1.66616711997141E-02	-1.65916391535366E-04	0	5.68661941804	5809.05859375	
31.852576	1.66503215200197E-02	-1.45060954698516E-04	0	5.66136998493	5867.4609375	
31.856672	1.66440957088691E-02	-1.54416609765928E-04	0	5.70026074948	5867.4609375	
31.860768	1.66540151124102E-02	-1.79166792948412E-04	0	5.52721496701	5867.4609375	
31.864864	0.016655149239202	-1.67527962519947E-04	0	5.68203416066	5867.4609375	
31.86896	1.66524862721903E-02	-1.62008741356481E-04	0	5.57973180424	5867.4609375	
31.873056	1.66415152138314E-02	-1.42056248328225E-04	0	5.53836149119	5926.6796875	
31.877152	1.66365392828198E-02	-1.52678977128563E-04	0	5.56675041417	5926.6796875	
31.881248	1.66460274914278E-02	-1.74474456534984E-04	0	5.40577431086	5926.6796875	
31.885344	1.66480594838353E-02	-1.65371454820688E-04	0	5.54451840085	5926.6796875	
31.88944	1.66461207524184E-02	-1.59492792189741E-04	0	5.44704162728	5926.6796875	
31.893536	1.66358990735489E-02	-1.40672045385506E-04	0	5.41867559244	5984.90234375	
31.897632	1.66308335388405E-02	-1.49441709211987E-04	0	5.44994842106	5984.90234375	
31.901728	1.66405174126641E-02	-1.72340684630297E-04	0	5.28803390401	5984.90234375	
31.905824	1.66426892051252E-02	-1.62059758853541E-04	0	5.43921769809	5984.90234375	
31.90992	1.66400213007669E-02	-1.55171342905425E-04	0	5.35232287458	5984.90234375	
31.914016	1.66303927435113E-02	-1.37801970851737E-04	0	5.30880489106	6043.86328125	
31.918112	1.66255033074969E-02	-1.46250710720297E-04	0	5.34153874595	6043.86328125	
31.922208	0.016635426185467	-1.69087497979641E-04	0	5.1941963447	6043.86328125	
31.926304	1.66378706291772E-02	-1.59690130213556E-04	0	5.32826362475	6043.86328125	
31.9304	1.66361869939994E-02	-1.53803092110216E-04	0	5.22846751966	6043.86328125	
31.934496	1.66264631642416E-02	-1.3504829187465E-04	0	5.20307312833	6102.0625	
31.938592	1.66215592819169E-02	-1.43315211492337E-04	0	5.22121579397	6102.0625	
31.942688	1.66315542085739E-02	-1.66034954637956E-04	0	5.06376064953	6102.0625	
31.946784	1.66339144430955E-02	-1.56358159266684E-04	0	5.21875913361	6102.0625	
31.95088	1.66322739639839E-02	-1.50962567306512E-04	0	5.12246109925	6102.0625	
31.954976	1.66232959478541E-02	-1.33720874692453E-04	0	5.08443626933	6102.0625	
31.959072	1.66181094481548E-02	-1.40083421935669E-04	0	5.12372376164	6160.921875	
31.963168	0.016627663945212	-1.6252021824885E-04	0	4.97136122835	6160.921875	
31.967264	1.66311167048091E-02	-1.55314108628044E-04	0	5.11424807168	6160.921875	
31.97136	1.66298647217261E-02	-1.48692472941994E-04	0	5.02268406761	6218.96484375	
31.975456	1.66202247354275E-02	-1.30269585595669E-04	0	4.99130061298	6218.96484375	
31.979552	1.66149854792659E-02	-1.37321918447175E-04	0	5.02544208848	6218.96484375	
31.983648	1.66247883980011E-02	-1.60368353573794E-04	0	4.85734777363	6218.96484375	
31.987744	1.66280555499403E-02	-1.52075477972447E-04	0	5.01496313505	6218.96484375	
31.99184	1.66265063203078E-02	-1.45597508488884E-04	0	4.91852777185	6218.96484375	
31.995936	1.66176291540531E-02	-1.28577242336091E-04	0	4.87449099049	6277.6015625	
32.000032	1.66124485974563E-02	-1.347477344829E-04	0	4.91119212298	6277.6015625	
32.004128	1.66223107643502E-02	-1.57757775174759E-04	0	4.75433207018	6277.6015625	
32.008224	1.66259878989188E-02	-1.50616957796353E-04	0	4.90704174026	6277.6015625	
32.01232	1.66246827022117E-02	-1.43768564644753E-04	0	4.81349791208	6335.64453125	
32.016416	1.66156727761939E-02	-1.26526293425503E-04	0	4.78079076002	6335.64453125	
32.020512	1.66101960702356E-02	-1.31842955897297E-04	0	4.81907117417	6335.64453125	
32.024608	1.66200276987267E-02	-1.55137894140797E-04	0	4.65901059646	6335.64453125	
32.028704	1.66234255074852E-02	-1.47266105618362E-04	0	4.81610716004	6335.64453125	
32.0328	0.016621826904387	-1.40669294426719E-04	0	4.72598510879	6394.18359375	
32.036896	1.66129453493798E-02	-1.24210778192944E-04	0	4.67888513136	6394.18359375	
32.040992	1.66078327270144E-02	-1.30036075011872E-04	0	4.72093827392	6394.18359375	
32.045088	1.66174472036891E-02	-1.52206683610472E-04	0	4.56146897316	6394.18359375	
32.049184	1.66211338472214E-02	-1.45273951360519E-04	0	4.6903520895	6394.18359375	
32.05328	1.66198828698942E-02	-1.38634476028847E-04	0	4.61570242089	6452.125	
32.057376	1.66110561742933E-02	-1.21948952570156E-04	0	4.57950864217	6452.125	
32.061472	1.66053329667363E-02	-1.26518605933191E-04	0	4.62164189322	6452.125	
32.065568	1.66146771694028E-02	-1.49231987787094E-04	0	4.46133336066	6452.125	
32.069664	0.016618286644037	-1.42242306315244E-04	0	4.59978753421	6452.125	
32.07376	1.66170700452711E-02	-1.36040367324881E-04	0	4.53195471663	6510.60546875	
32.077856	1.66091396609359E-02	-1.20795606367734E-04	0	4.48792937934	6510.60546875	
32.081952	1.66036977907006E-02	-1.24584992482191E-04	0	4.53571600097	6510.60546875	
32.086048	1.66129817394527E-02	-1.46817665201419E-04	0	4.38183140637	6510.60546875	
32.090144	1.66171551687831E-02	-0.000141318781758	0	4.51245783604	6510.60546875	
32.09424	1.66163831140725E-02	-1.35005734946053E-04	0	4.43441690802	6510.60546875	
32.098336	1.66072904417836E-02	-1.17247361358291E-04	0	4.40194626674	6568.703125	
32.102432	1.66012029677691E-02	-1.21354475520403E-04	0	4.43844140597	6568.703125	
32.106528	1.66108478914142E-02	-1.44580823447878E-04	0	4.27577539499	6568.703125	
32.110624	1.66147934713441E-02	-1.38103079204475E-04	0	4.4182883987	6568.703125	
32.11472	1.66138685417547E-02	-1.32080636909616E-04	0	4.34708339516	6627.04296875	
32.118816	1.66056720892992E-02	-1.16427834052819E-04	0	4.30365314951	6627.04296875	
32.122912	1.65996616013181E-02	-1.19224372842816E-04	0	4.3539727253	6627.04296875	
32.127008	1.66085351102791E-02	-1.41277278674503E-04	0	4.19725381603	6627.04296875	
32.131104	1.66132511905697E-02	-1.37144255644069E-04	0	4.32973037035	6627.04296875	
32.1352	0.016612712654065	-1.30385421056756E-04	0	4.28438133563	6685.265625	
32.139296	1.66035151088778E-02	-1.12721239682494E-04	0	4.22805362309	6685.265625	
32.143392	1.65972725656083E-02	-1.16438012648409E-04	0	4.26991603115	6685.265625	
32.147488	0.016606545268182	-1.39424716344375E-04	0	4.1035764737	6685.265625	
32.151584	0.0166106674954	-1.33624251231384E-04	0	4.25052977657	6685.265625	
32.15568	1.66097291252561E-02	-1.27336828672659E-04	0	4.20307884766	6743.74609375	
32.159776	1.66015355986356E-02	-1.11693625806262E-04	0	4.12977576462	6743.74609375	
32.163872	1.65954561706673E-02	-1.14234522784594E-04	0	4.18246044821	6743.74609375	
32.167968	1.66043034385456E-02	-1.36280253142687E-04	0	4.02143093924	6743.74609375	
32.172064	1.66094641543239E-02	-1.33246111705678E-04	0	4.15402956364	6743.74609375	
32.17616	0.0166092045779	-1.26508413154922E-04	0	4.11087016098	6802.14453125	
32.180256	1.65996658986383E-02	-1.08047874403941E-04	0	4.05426016138	6802.14453125	
32.184352	1.65931496069316E-02	-1.11467977233834E-04	0	4.09817105797	6802.14453125	
32.188448	1.66022251813722E-02	-1.34085833942878E-04	0	3.93024458948	6802.14453125	
32.192544	1.66070402828911E-02	-1.29949443608119E-04	0	4.07879243277	6860.64453125	
32.19664	1.66061749671898E-02	-1.22850292053431E-04	0	4.03796762039	6860.64453125	
32.200736	1.65979612340214E-02	-1.07820852996347E-04	0	3.97089774081	6860.64453125	
32.204832	1.65921572002725E-02	-1.10614926163809E-04	0	4.01753995544	6860.64453125	
32.208928	1.66008873433184E-02	-1.31834997732178E-04	0	3.85789136425	6860.64453125	
32.213024	1.66058759834258E-02	-1.28541733236984E-04	0	3.99029925415	6860.64453125	
32.21712	1.66049729061666E-02	-1.20796093146094E-04	0	3.94271862578	6919.20703125	
32.221216	1.65961098204928E-02	-1.04818830757987E-04	0	3.88048577312	6919.20703125	
32.225312	1.65898344530119E-02	-1.07441751211987E-04	0	3.9282151744	6919.20703125	
32.229408	1.65983671021953E-02	-1.28986557551775E-04	0	3.76437042421	6919.20703125	
32.233504	1.66032097248497E-02	-1.25673680576194E-04	0	3.91397493663	6919.20703125	
32.2376	1.66024199322644E-02	-1.18606591008675E-04	0	3.87242533315	6977.82421875	
32.241696	1.65943349358359E-02	-1.03704733314394E-04	0	3.79237787819	6977.82421875	
32.245792	1.65883125616502E-02	-1.05615685009209E-04	0	3.85637693232	6977.82421875	
32.249888	1.65963170976161E-02	-1.25826026577694E-04	0	3.69746076161	6977.82421875	
32.253984	1.66013533739745E-02	-1.236146533083E-04	0	3.8296817317	7036.46875	
32.25808	1.66008190433577E-02	-1.16753544544416E-04	0	3.78891795436	7036.46875	
32.262176	1.65921230045759E-02	-1.00807499673169E-04	0	3.71407373656	7036.46875	
32.266272	1.65855763573311E-02	-1.02460722539175E-04	0	3.7761997779	7036.46875	
32.270368	1.65938481500378E-02	-1.23657194131144E-04	0	3.61098173931	7036.46875	
32.274464	1.65991849645102E-02	-1.21416986996353E-04	0	3.74945117162	7036.46875	
32.27856	1.65987312772205E-02	-1.14543701081184E-04	0	3.71349390368	7095.10546875	
32.282656	1.65909347498366E-02	-1.00218598098609E-04	0	3.63815759087	7095.10546875	
32.286752	1.65846662397814E-02	-1.01265571090097E-04	0	3.69526731486	7095.10546875	
32.290848	0.01659263264846	-1.21571527707197E-04	0	3.54513637522	7095.10546875	
32.294944	0.016597896225625	-1.19733197333991E-04	0	3.67148272271	7095.10546875	
32.29904	1.65972664396413E-02	-1.12269466576575E-04	0	3.63972161377	7153.765625	
32.303136	1.65886671362792E-02	-9.69475960811531E-05	0	3.5703972524	7153.765625	
32.307232	1.65820547491792E-02	-9.82114222211719E-05	0	3.62515712735	7153.765625	
32.311328	0.01659004035865	-1.18918270985456E-04	0	3.46844966215	7153.765625	
32.315424	1.65952686429303E-02	-1.16968900098291E-04	0	3.60680465376	7212.48828125	
32.31952	1.65946072213556E-02	-1.09893606212053E-04	0	3.5713890718	7212.48828125	
32.323616	1.65869735349759E-02	-9.62637289765594E-05	0	3.49733830952	7212.48828125	
32.327712	1.65808811236148E-02	-9.69878943581625E-05	0	3.54910365282	7212.48828125	
32.331808	1.65883820502314E-02	-1.16207115523537E-04	0	3.40384407231	7271.0078125	
32.335904	0.016593621306393	-1.14992375872894E-04	0	3.52557845959	7271.0078125	
32.34	1.65931879170836E-02	-1.08213556209412E-04	0	3.49072363706	7271.0078125	
32.344096	1.65848891518355E-02	-9.34042876052344E-05	0	3.4270412022	7271.0078125	
32.348192	1.65782853593758E-02	-9.4105880894025E-05	0	3.48389534196	7271.0078125	
32.352288	1.65854673699773E-02	-1.13090889553228E-04	0	3.32779059778	7329.60546875	
32.356384	1.65903602804208E-02	-1.11643850375269E-04	0	3.4662943623	7329.60546875	
32.36048	1.65902357495686E-02	-1.05873081386428E-04	0	3.43298830391	7329.60546875	
32.364576	1.65832721708363E-02	-9.29815909125469E-05	0	3.36207321681	7329.60546875	
32.368672	1.65766558521455E-02	-9.20019606421781E-05	0	3.42675891514	7329.60546875	
32.372768	0.016583123959007	-1.10006538070275E-04	0	3.26786563257	7388.40625	
32.376864	1.65884216404362E-02	-1.10134377125128E-04	0	3.39250299894	7388.40625	
32.38096	1.65884754940867E-02	-1.03979109241941E-04	0	3.35580186645	7388.40625	
32.385056	1.65807925256737E-02	-8.97744484466156E-05	0	3.29047911489	7388.40625	
32.389152	1.65734239016586E-02	-8.830600784775E-05	0	3.35320787725	7388.40625	
32.393248	1.65802111073998E-02	-1.07683798085325E-04	0	3.19159472071	7388.40625	
32.397344	1.65859668648712E-02	-1.08272011679803E-04	0	3.32963309305	7446.74609375	
32.40144	1.65866524245847E-02	-1.02848550276347E-04	0	3.2996305562	7446.74609375	
32.405536	0.016579416651765	-8.86662368144437E-05	0	3.22478252371	7446.74609375	
32.409632	1.65720800290702E-02	-8.66111453599219E-05	0	3.29017775438	7446.74609375	
32.413728	1.65783009943066E-02	-1.04875323970725E-04	0	3.13442014699	7505.40625	
32.417824	1.65841237716859E-02	-1.06187920254281E-04	0	3.26333759554	7505.40625	
32.42192	1.65848519388716E-02	-1.00749885067322E-04	0	3.23286966651	7505.40625	
32.426016	1.65770015578372E-02	-8.57601757782E-05	0	3.16171806863	7505.40625	
32.430112	1.65692898796683E-02	-8.3875491124425E-05	0	3.22750621237	7505.40625	
32.434208	0.016575712818952	-1.02784316205966E-04	0	3.06330669601	7563.7265625	
32.438304	1.65817973671316E-02	-1.04164723239019E-04	0	3.19794617956	7563.7265625	
32.4424	1.65824074951614E-02	-9.82366041671437E-05	0	3.17175451802	7563.7265625	
32.446496	1.65751786711998E-02	-8.45183476931062E-05	0	3.09593373958	7563.7265625	
32.450592	1.65678987365581E-02	-8.25803049196125E-05	0	3.159707727	7563.7265625	
32.454688	1.65738082832317E-02	-1.00057905951609E-04	0	3.01909443891	7622.48828125	
32.458784	1.65795928418914E-02	-1.01804162378428E-04	0	3.13247465509	7622.48828125	
32.46288	1.65803597763908E-02	-9.63730803095156E-05	0	3.10579089854	7622.48828125	
32.466976	1.65725746780498E-02	-8.1564516512325E-05	0	3.0322207872	7622.48828125	
32.471072	1.65643000509405E-02	-7.84797438759469E-05	0	3.10215168428	7622.48828125	
32.475168	1.65703158419975E-02	-9.73488754875656E-05	0	2.95369539355	7680.7265625	
32.479264	1.65768497801466E-02	-9.99781353583031E-05	0	3.07867608202	7680.7265625	
32.48336	1.65780754307145E-02	-9.4787118674325E-05	0	3.05328169069	7680.7265625	
32.487456	1.65707202472539E-02	-8.02767879923625E-05	0	2.97701077883	7680.7265625	
32.491552	1.65624140759859E-02	-7.65949960010812E-05	0	3.03846543473	7680.7265625	
32.495648	0.016567628736847	-9.39557781595125E-05	0	2.89403745664	7739.546875	
32.499744	1.65740481102694E-02	-9.74288590614281E-05	0	3.00959586081	7739.546875	
32.50384	1.65754483051816E-02	-9.23774292570937E-05	0	2.98244289739	7739.546875	
32.507936	1.65673014090564E-02	-7.66547793547594E-05	0	2.91479318493	7739.546875	
32.512032	1.65586632469483E-02	-7.34823695464031E-05	0	2.97894101197	7797.7890625	
32.516128	0.016564368808063	-9.19166633717062E-05	0	2.82745585738	7797.7890625	
32.520224	1.65712316283525E-02	-9.54337271623312E-05	0	2.95746430727	7797.7890625	
32.52432	1.65725856499311E-02	-8.98896615525562E-05	0	2.93765080741	7797.7890625	
32.528416	1.65652192202922E-02	-7.56417327716531E-05	0	2.85627584033	7797.7890625	
32.532512	1.65569242037702E-02	-7.19177434668E-05	0	2.92342964309	7797.7890625	
32.536608	0.016562052095337	-8.90188446349125E-05	0	2.78152698978	7856.66796875	
32.540704	1.65686678654338E-02	-9.29778209643937E-05	0	2.89207670598	7856.66796875	
32.5448	0.016570071809072	-8.76998043674156E-05	0	2.87096239683	7856.66796875	
32.548896	1.65619396335542E-02	-7.22195847514969E-05	0	2.79544679359	7856.66796875	
32.552992	1.65533673027336E-02	-6.89822091427219E-05	0	2.86184910242	7856.66796875	
32.557088	1.65592505168922E-02	-8.7334087665825E-05	0	2.71381242759	7914.74609375	
32.561184	1.65662531372353E-02	-9.10293616147781E-05	0	2.81378782311	7914.74609375	
32.56528	1.65677019741544E-02	-8.57352053704781E-05	0	2.82036434867	7914.74609375	
32.569376	1.65604268854269E-02	-7.16879730234937E-05	0	2.73711255411	7914.74609375	
32.573472	1.65518030781967E-02	-6.71942621325937E-05	0	2.80838622207	7914.74609375	
32.577568	1.65563766154634E-02	-8.35885671325031E-05	0	2.6667734852	7973.80859375	
32.581664	1.65634119685856E-02	-8.86885036191E-05	0	2.75328683971	7973.80859375	
32.58576	1.65650811574531E-02	-8.34554040445125E-05	0	2.76006935853	7973.80859375	
32.589856	0.016556934261328	-6.80607468430312E-05	0	2.68078484157	7973.80859375	
32.593952	1.65479396959439E-02	-6.41230077519281E-05	0	2.75719689696	8032.0078125	
32.598048	1.65529265074044E-02	-8.14522380188344E-05	0	2.60198097555	8032.0078125	
32.602144	1.65604180164895E-02	-8.67616711709344E-05	0	2.70418033534	8032.0078125	
32.60624	1.65620275000366E-02	-8.09939872751625E-05	0	2.70964297142	8032.0078125	
32.610336	1.65543552292078E-02	-6.64573482060469E-05	0	2.62223316476	8032.0078125	
32.614432	1.65453981510847E-02	-6.19637430842719E-05	0	2.69834385964	8032.0078125	
32.618528	1.65500124671767E-02	-7.85426683322531E-05	0	2.55068865381	8091.02734375	
32.622624	0.016557019110543	-8.36875927546312E-05	0	2.63693116533	8091.02734375	
32.62672	1.65580930748527E-02	-7.75828414074656E-05	0	2.65661115104	8091.02734375	
32.630816	1.65498503576312E-02	-6.29209923674062E-05	0	2.56463134576	8091.02734375	
32.634912	1.65408522263858E-02	-5.88251406940312E-05	0	2.6465556282	8091.02734375	
32.639008	1.65458762508102E-02	-7.60148475427687E-05	0	2.49735547292	8149.20703125	
32.643104	1.65530545126856E-02	-8.07495889618687E-05	0	2.59182627077	8149.20703125	
32.6472	1.65542596824086E-02	-7.50642309453094E-05	0	2.63276933854	8149.20703125	
32.651296	1.65467086508677E-02	-6.14075438808562E-05	0	2.51502893169	8149.20703125	
32.655392	1.65377991175633E-02	-5.67105894432E-05	0	2.5891445437	8208.38671875	
32.659488	1.65420690994488E-02	-7.24412751548062E-05	0	2.44945822528	8208.38671875	
32.663584	1.65488206465759E-02	-7.73888990533312E-05	0	2.53173727389	8208.38671875	
32.66768	1.65503826767366E-02	-7.25683247873719E-05	0	2.57186781269	8208.38671875	
32.671776	1.65430560201672E-02	-5.90526185915531E-05	0	2.45815953317	8208.38671875	
32.675872	1.65341640418728E-02	-5.41790491862812E-05	0	2.53733342412	8266.48828125	
32.679968	0.016538507626795	-7.00003574034187E-05	0	2.39099047165	8266.48828125	
32.684064	0.016545567392353	-7.52693660767125E-05	0	2.48293594472	8266.48828125	
32.68816	1.65473268249438E-02	-7.05261508680094E-05	0	2.5265454808	8266.48828125	
32.692256	1.65402218003756E-02	-5.71538993364281E-05	0	2.41197889603	8325.42578125	
32.696352	1.65310886235584E-02	-5.16114890134594E-05	0	2.48169998516	8325.42578125	
32.700448	1.65346571365027E-02	-6.63806338596844E-05	0	2.35120325495	8325.42578125	
32.704544	1.65413633331873E-02	-7.20867868073719E-05	0	2.42671885819	8325.42578125	
32.70864	1.65434106862286E-02	-6.81245085581156E-05	0	2.46988207554	8325.42578125	
32.712736	1.65360289873883E-02	-5.41784405330437E-05	0	2.36426475351	8383.625	
32.716832	1.65267821601678E-02	-4.87763122813312E-05	0	2.43451226986	8383.625	
32.720928	1.65305499041891E-02	-6.3786865059225E-05	0	2.29143469203	8383.625	
32.725024	0.016537650631437	-6.97669749444937E-05	0	2.38047718601	8383.625	
32.72912	1.65395954888209E-02	-6.53671194885844E-05	0	2.42523875847	8383.625	
32.733216	1.65323645619155E-02	-0.000051974486487	0	2.31057680645	8383.625	
32.737312	1.65227563026402E-02	-4.57864765692469E-05	0	2.38360523181	8442.625	
32.741408	1.65253616672753E-02	-5.93897035910062E-05	0	2.25123167412	8442.625	
32.745504	1.65322769697302E-02	-6.62532041794219E-05	0	2.32553802063	8442.625	
32.7496	1.65344616541517E-02	-6.2328224210175E-05	0	2.37316061059	8442.625	
32.753696	0.016527108847932	-4.86004273610625E-05	0	2.25649976101	8442.625	
32.757792	1.65176319769347E-02	-4.29244416909E-05	0	2.33796246596	8500.7265625	
32.761888	1.65207447910777E-02	-5.69792031168937E-05	0	2.19556008826	8500.7265625	
32.765984	0.016527500635525	-6.30715092841969E-05	0	2.28182930261	8500.7265625	
32.77008	1.65295053810941E-02	-5.91780297642187E-05	0	2.32904372074	8500.7265625	
32.774176	1.65225490255169E-02	-4.62680921934E-05	0	2.20734748036	8559.546875	
32.778272	1.65125717453022E-02	-3.93242013007594E-05	0	2.28975241374	8559.546875	
32.782368	1.65147308286675E-02	-5.24343581425125E-05	0	2.15114565259	8559.546875	
32.786464	1.65216912987002E-02	-5.98241779161469E-05	0	2.23212007722	8559.546875	
32.79056	1.65242714280084E-02	-5.66462315748656E-05	0	2.27669472987	8617.625	
32.794656	0.016517266338992	-4.32396567603E-05	0	2.15784043354	8617.625	
32.798752	1.65073061566256E-02	-3.64058688825562E-05	0	2.24709655016	8617.625	
32.802848	1.65095443289683E-02	-4.94241686046281E-05	0	2.10265331331	8617.625	
32.806944	0.016516469963278	-5.66000364287531E-05	0	2.18534053375	8617.625	
32.81104	1.65189833469753E-02	-5.33764509504187E-05	0	2.23916962434	8617.625	
32.815136	1.65119622572988E-02	-4.02793534706062E-05	0	2.12130714741	8617.625	
32.819232	1.65018670293606E-02	-3.33010046797312E-05	0	2.1964222082	8676.125	
32.823328	0.016503727951853	-4.57206494716125E-05	0	2.06247318354	8676.125	
32.827424	1.65103518594283E-02	-5.28908668206187E-05	0	2.13605855364	8676.125	
32.83152	1.65131254595759E-02	-5.02833922646344E-05	0	2.18519557553	8676.125	
32.835616	1.65063228932009E-02	-3.73406239574156E-05	0	2.0686682401	8676.125	
32.839712	1.64960767104633E-02	-2.99842668907031E-05	0	2.15087099491	8733.90625	
32.843808	1.64979293126123E-02	-4.25482173075094E-05	0	2.01624677012	8733.90625	
32.847904	0.016504849095252	-5.00361917906812E-05	0	2.08885939427	8733.90625	
32.852	1.65076346730367E-02	-4.72819041603562E-05	0	2.14606067082	8733.90625	
32.856096	1.65006589338027E-02	-3.41968263800625E-05	0	2.0305976339	8792.3046875	
32.860192	1.64901667980603E-02	-2.65599585361687E-05	0	2.09745770553	8792.3046875	
32.864288	1.64910761841513E-02	-3.78936246063375E-05	0	1.97624593078	8792.3046875	
32.868384	1.64975840640823E-02	-4.57527318914531E-05	0	2.04850378876	8792.3046875	
32.87248	1.65005808505811E-02	-4.37737040627906E-05	0	2.09882336455	8792.3046875	
32.876576	1.64938775797314E-02	-3.10846268480344E-05	0	1.9820747771	8850.40625	
32.880672	1.64834201882797E-02	-2.32821005159531E-05	0	2.0599707469	8850.40625	
32.884768	1.64841672819605E-02	-3.42023415187781E-05	0	1.92652526132	8850.40625	
32.888864	1.64908134990277E-02	-4.2312178841625E-05	0	1.99959564827	8850.40625	
32.89296	1.64935135875709E-02	-3.97859097332812E-05	0	2.0581396957	8850.40625	
32.897056	1.64864971609439E-02	-2.71652918250656E-05	0	1.9423257073	8908.70703125	
32.901152	1.64758847916695E-02	-1.95107218354125E-05	0	2.00613021224	8908.70703125	
32.905248	1.64763473478966E-02	-3.00764004524156E-05	0	1.89099523866	8908.70703125	
32.909344	1.64827182621767E-02	-3.80887871515594E-05	0	1.95280847542	8908.70703125	
32.91344	1.64860020548025E-02	-3.6611099927325E-05	0	2.0134315289	8908.70703125	
32.917536	1.64793544662502E-02	-2.40536199367406E-05	0	1.89489003715	8966.765625	
32.921632	0.016468448233423	-1.57230763442156E-05	0	1.97539144022	8966.765625	
32.925728	1.64685797131333E-02	-2.60466213091219E-05	0	1.84136612176	8966.765625	
32.929824	1.64750756154273E-02	-3.44174220729281E-05	0	1.91872803496	8966.765625	
32.93392	1.64778419924198E-02	-3.22814069012531E-05	0	1.98060230676	8966.765625	
32.938016	1.64711989754847E-02	-2.03762411622E-05	0	1.85697964793	9025.2265625	
32.942112	1.64604500977211E-02	-0.00001225921851	0	1.9235574325	9025.2265625	
32.946208	1.64601490110131E-02	-2.1657895649775E-05	0	1.80597724263	9025.2265625	
32.950304	1.64662129869153E-02	-2.98591256696906E-05	0	1.8681299868	9025.2265625	
32.9544	1.64695522789737E-02	-2.89472366777344E-05	0	1.92911543583	9083.54296875	
32.958496	1.64631958110039E-02	-1.70659062513844E-05	0	1.81303441913	9083.54296875	
32.962592	1.64524340412798E-02	-8.84076399576562E-06	0	1.88558219355	9083.54296875	
32.966688	1.64519761481023E-02	-1.78602739666313E-05	0	1.77971691667	9083.54296875	
32.970784	1.64574690375855E-02	-2.53289780363812E-05	0	1.83316072357	9083.54296875	
32.97488	1.64603448590934E-02	-2.43529477624125E-05	0	1.88925955471	9142.0234375	
32.978976	1.64541108190319E-02	-1.32781804718062E-05	0	1.77298017413	9142.0234375	
32.983072	1.64429192258598E-02	-4.45446453591562E-06	0	1.84461242295	9142.0234375	
32.987168	0.016441571513113	-1.26058121537906E-05	0	1.74406100924	9142.0234375	
32.991264	0.016447280365792	-2.11713201748125E-05	0	1.78971903385	9142.0234375	
32.99536	1.64508622278584E-02	-2.08764637389E-05	0	1.84822111969	9200.40625	
32.999456	1.64446771041008E-02	-9.47910903049687E-06	0	1.7262235188	9200.40625	
33.003552	1.64333821923803E-02	-5.442840711E-07	0	1.80578269344	9200.40625	
33.007648	1.64315142295975E-02	-7.98142591279687E-06	0	1.69806729191	9200.40625	
33.011744	1.64369353446908E-02	-1.65363606270844E-05	0	1.74816943037	9259.14453125	
33.01584	1.64404226657138E-02	-1.64529337874344E-05	0	1.81105078033	9259.14453125	
33.019936	1.64340397737966E-02	-5.13989918701875E-06	0	1.6907087549	9259.14453125	
33.024032	1.64223605719353E-02	3.97111958656875E-06	0	1.75971268231	9259.14453125	
33.028128	1.64204226634095E-02	-3.5344705039875E-06	0	1.66215961494	9259.14453125	
33.032224	1.64257610322317E-02	-1.20029815066219E-05	0	1.70599803242	9317.74609375	
33.03632	1.64295473370187E-02	-1.24200195511219E-05	0	1.76648757175	9317.74609375	
33.040416	1.64232332022241E-02	-1.13280103065937E-06	0	1.64587470333	9317.74609375	
33.044512	1.64110016575742E-02	8.58654165383438E-06	0	1.72308402893	9317.74609375	
33.048608	0.016408670498538	1.2249680058E-06	0	1.61963726551	9317.74609375	
33.052704	1.64139237438481E-02	-7.34239602298125E-06	0	1.66553943028	9317.7421875	
33.0568	1.64173205468508E-02	-7.4601088860375E-06	0	1.72876410234	9376.2421875	
33.060896	1.64107427211767E-02	3.5113628347875E-06	0	1.60897139227	9376.2421875	
33.064992	1.63987511864292E-02	1.25867794805156E-05	0	1.67694153869	9376.2421875	
33.069088	1.63959005088158E-02	6.20755268667187E-06	0	1.57747731163	9376.2421875	
33.073184	0.016400718079008	-2.1960583808625E-06	0	1.59676056958	9376.2421875	
33.07728	1.64047343361395E-02	-3.48759218548125E-06	0	1.68783629333	9434.94140625	
33.081376	0.016398669994508	7.13708468983125E-06	0	1.5603226507	9434.94140625	
33.085472	1.63860722633214E-02	1.71823739233781E-05	0	1.642986983	9434.94140625	
33.089568	1.63821420440253E-02	1.17431887375687E-05	0	1.537701539	9434.94140625	
33.093664	1.63866885173183E-02	2.95934271373125E-06	0	1.55319680978	9493.68359375	
33.09776	1.63904478495639E-02	1.61640775859062E-06	0	1.65154714736	9493.68359375	
33.101856	1.63839178430056E-02	1.23131307157031E-05	0	1.52609725202	9493.68359375	
33.105952	1.63711933865906E-02	2.19726167292844E-05	0	1.59644395031	9493.68359375	
33.110048	1.63674126591766E-02	1.63971186990187E-05	0	1.50238895367	9493.68359375	
33.114144	1.63720326440739E-02	7.65164883872812E-06	0	1.51846787202	9493.68359375	
33.11824	1.63759539030003E-02	6.20801278236562E-06	0	1.60323028382	9552.34375	
33.122336	0.016369617001552	1.65670262214187E-05	0	1.48195365934	9552.34375	
33.126432	1.63563071952723E-02	2.69451699298031E-05	0	1.55902184141	9552.34375	
33.130528	0.016352120233955	2.144435932485E-05	0	1.45354184822	9552.34375	
33.134624	1.63562695251467E-02	1.30648095313312E-05	0	1.47150140874	9610.8046875	
33.13872	1.63592248927938E-02	1.22784877215E-05	0	1.56869589525	9610.8046875	
33.142816	1.63524800202277E-02	2.21778636394219E-05	0	1.44228469803	9610.8046875	
33.146912	1.63395389605903E-02	3.16512560890969E-05	0	1.50925539567	9610.8046875	
33.151008	1.63353801604348E-02	2.64455411025094E-05	0	1.41883198391	9610.8046875	
33.155104	1.63393812397973E-02	1.82832011879344E-05	0	1.4350482311	9669.44140625	
33.1592	1.63428335422327E-02	1.68384752288156E-05	0	1.53636258281	9669.44140625	
33.163296	1.63361045788944E-02	2.69469410818781E-05	0	1.39767189848	9669.44140625	
33.167392	1.63226006617489E-02	3.69833709492844E-05	0	1.47412210077	9669.44140625	
33.171488	1.63176791329819E-02	3.22945756380844E-05	0	1.37257123828	9669.44140625	
33.175584	1.63210980626117E-02	2.42759610605531E-05	0	1.3914844713	9727.94140625	
33.17968	1.63238145175445E-02	2.30990410836281E-05	0	1.50200366998	9727.94140625	
33.183776	1.63171085037245E-02	3.24480324557812E-05	0	1.35635499109	9727.94140625	
33.187872	1.63040391645089E-02	4.18765299984281E-05	0	1.42882647171	9727.94140625	
33.191968	1.62991960846928E-02	3.75166264256438E-05	0	1.33325704314	9786.48046875	
33.196064	1.63029979329783E-02	2.92301315871469E-05	0	1.34540683079	9786.48046875	
33.20016	1.63064799509253E-02	2.75087068662656E-05	0	1.45210752478	9786.48046875	
33.204256	1.62996615667548E-02	3.74137351823813E-05	0	1.31298959517	9786.48046875	
33.208352	1.62858332476538E-02	4.74770433882937E-05	0	1.38639948953	9786.48046875	
33.212448	1.62805354747922E-02	4.31459378636344E-05	0	1.28594725776	9786.48046875	
33.216544	1.62837222577013E-02	3.52646394949406E-05	0	1.30360164308	9844.921875	
33.22064	0.016286160209715	3.42006145974281E-05	0	1.41449849607	9844.921875	
33.224736	1.62790937695959E-02	4.34756346493219E-05	0	1.2746023697	9844.921875	
33.228832	0.016265770339897	5.27764421754281E-05	0	1.33970386924	9844.921875	
33.232928	1.62609841309987E-02	4.81783837927219E-05	0	1.24845266975	9903.7421875	
33.237024	1.62646846722473E-02	4.01309360709469E-05	0	1.26378390886	9903.7421875	
33.24112	0.016267555099247	3.89798619816375E-05	0	1.36033371276	9903.7421875	
33.245216	1.62602299970275E-02	4.87970127414E-05	0	1.22311549877	9903.7421875	
33.249312	0.016246410089702	5.84288975806594E-05	0	1.29670468356	9903.7421875	
33.253408	1.62408922391891E-02	5.44052732389031E-05	0	1.19423829547	9903.7421875	
33.257504	1.62435696525111E-02	4.69217893762406E-05	0	1.2178779294	9961.98046875	
33.2616	1.62454281063302E-02	4.60585753356094E-05	0	1.31831490241	9961.98046875	
33.265696	1.62381681953717E-02	5.48953631334281E-05	0	1.18670428272	9961.98046875	
33.269792	1.62255039014389E-02	6.32487470877281E-05	0	1.24799490695	9961.98046875	
33.273888	0.01622034940306	5.96948439108656E-05	0	1.15265054509	9961.98046875	
33.277984	1.62228051843808E-02	5.27660378589094E-05	0	1.17227331045	10020.62109375	
33.28208	1.62252662687775E-02	5.12332213628812E-05	0	1.26684710493	10020.62109375	
33.286176	1.62181621585328E-02	6.03042413783906E-05	0	1.12625289029	10020.62109375	
33.290272	0.016204860306867	6.93167847696844E-05	0	1.20824583715	10020.62109375	
33.294368	1.61987849019219E-02	6.63170733463219E-05	0	1.10129718831	10078.94140625	
33.298464	1.62008257632667E-02	5.92467044551594E-05	0	1.12412429327	10078.94140625	
33.30256	1.62030554324014E-02	5.76000061018594E-05	0	1.22209316185	10078.94140625	
33.306656	1.61962996793864E-02	6.60518286596437E-05	0	1.08583624974	10078.94140625	
33.310752	1.61837393440284E-02	7.46008241971781E-05	0	1.15323800735	10137.78125	
33.314848	1.61780621269403E-02	7.16518074346594E-05	0	1.05947674184	10137.78125	
33.318944	1.61800357855125E-02	6.49640035455469E-05	0	1.07226739741	10137.78125	
33.32304	1.61824621256186E-02	6.31490031970875E-05	0	1.16810003959	10137.78125	
33.327136	1.61755864133686E-02	7.18262428371469E-05	0	1.03043169218	10137.78125	
33.331232	1.61621537220189E-02	8.11791123304219E-05	0	1.10799196926	10137.78125	
33.335328	1.61561674636089E-02	7.80189248656125E-05	0	1.00141716004	10196.0390625	
33.339424	1.61583314843208E-02	7.0898800254975E-05	0	1.0179118796	10196.0390625	
33.34352	1.61606669406772E-02	6.92531180064281E-05	0	1.1211755379	10196.0390625	
33.347616	1.61544612446422E-02	7.72133172577594E-05	0	0.98584941015	10196.0390625	
33.351712	1.61423277154648E-02	8.55536781481594E-05	0	1.04748717117	10196.0390625	
33.355808	1.61366496754856E-02	8.30402152770094E-05	0	0.95715531197	10254.91796875	
33.359904	0.016138885653452	7.62388264053281E-05	0	0.96117980992	10254.91796875	
33.364	1.61418015223266E-02	7.41134794922156E-05	0	1.06274593117	10254.91796875	
33.368096	1.61357091109655E-02	8.22424151132719E-05	0	0.92487921988	10254.91796875	
33.372192	1.61231578274095E-02	9.11337103085062E-05	0	0.99249460013	10254.91796875	
33.376288	1.61171590427684E-02	8.86792161283875E-05	0	0.89618893639	10313.23828125	
33.380384	1.61192540320608E-02	8.18200439010281E-05	0	0.91189020043	10313.23828125	
33.38448	1.61224499582042E-02	7.93032752639531E-05	0	1.0137920144	10313.23828125	
33.388576	1.61176139186786E-02	8.64741229007906E-05	0	0.87662720607	10313.23828125	
33.392672	1.61067429787361E-02	9.45486725185406E-05	0	0.93045629666	10372.2578125	
33.396768	1.61016640949055E-02	9.23988931779375E-05	0	0.84768896773	10372.2578125	
33.400864	1.61048385344481E-02	8.50272962226187E-05	0	0.85313253036	10372.2578125	
33.40496	1.61093565722822E-02	8.19317966738906E-05	0	0.94772921298	10372.2578125	
33.409056	1.61047374102759E-02	8.96315038780219E-05	0	0.81926189785	10372.2578125	
33.413152	1.60935472800214E-02	9.83082697204781E-05	0	0.87677216429	10430.45703125	
33.417248	0.016088286262962	9.6182901893925E-05	0	0.78442996346	10430.45703125	
33.421344	1.60914928866897E-02	8.87385194344687E-05	0	0.79125825856	10430.45703125	
33.42544	1.60965699418734E-02	8.50722057930937E-05	0	0.89879436966	10430.45703125	
33.429536	1.60933464945945E-02	9.18118622745844E-05	0	0.76437995282	10430.45703125	
33.433632	1.60837419840453E-02	9.97895112680812E-05	0	0.82123409258	10489.63671875	
33.437728	1.60791188904483E-02	9.81356482584844E-05	0	0.73158506289	10489.63671875	
33.441824	1.60826445216233E-02	9.09239381625094E-05	0	0.73816540314	10489.63671875	
33.44592	1.60877630870911E-02	8.75884939018031E-05	0	0.84086448732	10489.63671875	
33.450016	1.60837457327714E-02	9.52076999845125E-05	0	0.69891605773	10489.63671875	
33.454112	1.60733858996305E-02	1.03428580465547E-04	0	0.76236961119	10489.63671875	
33.458208	1.60686722880131E-02	1.01289232604897E-04	0	0.67026010645	10547.91796875	
33.462304	1.60729085313637E-02	9.31808887901719E-05	0	0.67652382743	10547.91796875	
33.4664	1.60793758153342E-02	8.88904293787125E-05	0	0.7862839028	10547.91796875	
33.470496	1.60769940027795E-02	9.58040888112E-05	0	0.64911527978	10547.91796875	
33.474592	1.60681085161816E-02	1.03737598666144E-04	0	0.70270023021	10606.875	
33.478688	0.016064188537308	1.01890096427109E-04	0	0.64079544089	10606.875	
33.482784	1.60686366293991E-02	9.43561027591875E-05	0	0.61499669242	10606.875	
33.48688	1.60752346616211E-02	9.01453163449781E-05	0	0.72800688367	10606.875	
33.490976	1.60728192933963E-02	9.72241958045531E-05	0	0.58217128497	10664.9765625	
33.495072	1.60636625270344E-02	1.05417022467487E-04	0	0.64745970432	10664.9765625	
33.499168	1.60597680577847E-02	1.03402931933503E-04	0	0.58892710096	10664.9765625	
33.503264	1.60649837244016E-02	9.4940768520675E-05	0	0.56013000615	10664.9765625	
33.50736	1.60728898791656E-02	8.98596930729094E-05	0	0.67604699118	10664.9765625	
33.511456	1.60716515195019E-02	9.65863565385469E-05	0	0.53499882843	10724.0546875	
33.515552	0.01606340761366	1.04656787891184E-04	0	0.58919794395	10724.0546875	
33.519648	1.60602081216552E-02	1.0260277047405E-04	0	0.52966589181	10724.0546875	
33.523744	0.016065798295152	9.42922112365406E-05	0	0.50276469793	10724.0546875	
33.52784	1.60737727498769E-02	8.95221186508687E-05	0	0.61832691679	10724.0546875	
33.531936	1.60721641806533E-02	9.67451366682281E-05	0	0.46733385721	10724.0546875	
33.536032	1.60633154498575E-02	1.05213950314791E-04	0	0.53525441266	10782.1171875	
33.540128	1.60597803097188E-02	1.03037589991153E-04	0	0.4715719778	10782.1171875	
33.544224	1.60657787286305E-02	9.40202288162156E-05	0	0.44362937355	10782.1171875	
33.54832	1.60740102911059E-02	8.91506596473281E-05	0	0.57368741441	10782.1171875	
33.552416	0.016073036262348	9.597366941085E-05	0	0.42490306034	10782.1171875	
33.556512	1.60651485769173E-02	1.03916123247234E-04	0	0.47154146028	10841.15625	
33.560608	1.60624962160575E-02	1.01562634494956E-04	0	0.42411341951	10841.15625	
33.564704	1.60688934628527E-02	9.28081749801937E-05	0	0.39600678359	10841.15625	
33.5688	1.60776983061234E-02	8.78384539883812E-05	0	0.50763987175	10841.15625	
33.572896	1.60768914156898E-02	9.47901590559E-05	0	0.36173942332	10841.15625	
33.576992	0.01606924172865	1.02528261654328E-04	0	0.42026821199	10899.09375	
33.581088	1.60677588788991E-02	9.92948071954781E-05	0	0.36064460729	10899.09375	
33.585184	1.60759375934798E-02	8.95687630753781E-05	0	0.31637131515	10899.09375	
33.58928	0.016086723318478	8.36079161516156E-05	0	0.46030338354	10899.09375	
33.593376	1.60892953103077E-02	8.85702688815656E-05	0	0.31472718376	10958.0546875	
33.597472	1.60848721792464E-02	9.53071984427062E-05	0	0.3684227602	10958.0546875	
33.601568	1.60853801773483E-02	9.2158890533325E-05	0	0.31577622351	10958.0546875	
33.605664	1.60947849082264E-02	8.26741430469281E-05	0	0.26406810056	10958.0546875	
33.60976	0.016106712623198	7.66115967056344E-05	0	0.40647810764	10958.0546875	
33.613856	1.61099002289981E-02	8.18135304460031E-05	0	0.25935695841	11015.8359375	
33.617952	1.61063246757634E-02	8.83837447892437E-05	0	0.3190606716	11015.8359375	
33.622048	1.61084972911156E-02	8.41576288230562E-05	0	0.26717707291	11015.8359375	
33.626144	1.61201764015445E-02	7.34766993597656E-05	0	0.2144237249	11015.8359375	
33.63024	1.61345933620747E-02	6.64151251713469E-05	0	0.36149909785	11074.234375	
33.634336	1.61405836435078E-02	7.04431790759812E-05	0	0.21654469254	11074.234375	
33.638432	1.61385362904666E-02	7.74382134270937E-05	0	0.26604410998	11074.234375	
33.642528	1.61416413328603E-02	7.35423504960375E-05	0	0.21878010088	11074.234375	
33.646624	1.61539987798475E-02	6.29638762187531E-05	0	0.16428343954	11074.234375	
33.65072	1.61685614835336E-02	5.61409493878406E-05	0	0.30959261102	11074.234375	
33.654816	1.61739177730952E-02	6.09811661822344E-05	0	0.16091125358	11074.234375	
33.658912	1.61714277960778E-02	6.79327625960156E-05	0	0.23007158328	11132.171875	
33.663008	0.016174267776107	6.40405676901375E-05	0	0.16957441457	11132.171875	
33.667104	1.61863338282147E-02	5.35491240950531E-05	0	0.11995674174	11132.171875	
33.6712	1.62003830478583E-02	4.7102277897675E-05	0	0.27966255328	11132.171875	
33.675296	1.62053673906455E-02	5.19429300281719E-05	0	0.126266239	11132.171875	
33.679392	1.62024241835002E-02	5.90525193128062E-05	0	0.18178142257	11190.75390625	
33.683488	1.62038540939241E-02	5.62255404090187E-05	0	0.13759205361	11190.75390625	
33.687584	1.62138256139011E-02	4.69319287891781E-05	0	0.07995208771	11190.75390625	
33.69168	1.62262283198984E-02	4.08166250487187E-05	0	0.22944978881	11190.75390625	
33.695776	1.62294694136197E-02	4.61506274070187E-05	0	0.07914718812	11248.57421875	
33.699872	1.62249186430066E-02	5.36185326794906E-05	0	0.1446911917	11248.57421875	
33.703968	1.62257902675395E-02	5.01399525042281E-05	0	0.09843807545	11248.57421875	
33.708064	1.62359335888905E-02	4.02420265848563E-05	0	0.03910820188	11248.57421875	
33.71216	1.62494429919766E-02	3.301894775025E-05	0	0.20004615829	11248.57421875	
33.716256	0.01625489766274	3.68250287999344E-05	0	0.05373372334	11307.05078125	
33.720352	1.62528916371181E-02	4.31579876112E-05	0	0.10533122028	11307.05078125	
33.724448	1.62559907364095E-02	3.93647654428875E-05	0	0.06523501369	11307.05078125	
33.728544	1.62688912000863E-02	2.83745622504094E-05	0	0.0132369743	11307.05078125	
33.73264	0.016286148506375	1.93946919033656E-05	0	0.15729492746	11365.33203125	
33.736736	1.62957755092808E-02	2.15726531869406E-05	0	0.01317593926	11365.33203125	
33.740832	1.62973299505569E-02	2.72731071018656E-05	0	0.08344252906	11365.33203125	
33.744928	1.63034541803736E-02	2.31026175223594E-05	0	0.03155511568	11365.33203125	
33.749024	1.63185471916534E-02	1.23666479698781E-05	0	-0.02338786439	11365.33203125	
33.75312	1.63356574747334E-02	5.28512043602812E-06	0	0.13831303002	11365.328125	
33.757216	1.63429906229992E-02	9.82167912061875E-06	0	-0.0035476617	11423.6484375	
33.761312	1.63414518166539E-02	1.71592580811094E-05	0	0.04992284803	11423.6484375	
33.765408	1.63433154821166E-02	1.52046975356719E-05	0	0.01082609022	11423.6484375	
33.769504	1.63532338799019E-02	6.78972662372812E-06	0	-0.03896324366	11423.6484375	
33.7736	1.63663716105106E-02	1.88788032365625E-07	0	0.11571099177	11423.6484375	
33.777696	1.63708847109981E-02	4.52244788139375E-06	0	-0.02310939202	11481.890625	
33.781792	1.63673982128663E-02	1.15346531287969E-05	0	0.0393294539	11481.890625	
33.785888	1.63686295322395E-02	8.88280986718125E-06	0	-0.00868604913	11481.890625	
33.789984	0.016379137394345	-4.94112727040625E-07	0	-0.05704105957	11481.890625	
33.79408	1.63933043788473E-02	-7.71407618014687E-06	0	0.10560206327	11481.890625	
33.798176	1.63982265476408E-02	-3.22340855543437E-06	0	-0.02869791287	11540.44921875	
33.802272	1.63939327933459E-02	4.85462663575312E-06	0	0.02585978351	11540.44921875	
33.806368	1.63920557787611E-02	4.79548246412812E-06	0	-0.01589199854	11540.44921875	
33.810464	1.63981367610792E-02	-2.106853662375E-06	0	-0.06298434659	11540.44921875	
33.81456	0.016407570933172	-7.5654414730125E-06	0	0.09189969679	11540.44921875	
33.818656	1.64081365336505E-02	-2.25218837280937E-06	0	-0.04404441074	11599.01171875	
33.822752	1.63999776598883E-02	6.30306268731562E-06	0	0.02606577677	11599.01171875	
33.826848	1.63957405022142E-02	5.83808767152187E-06	0	-0.02353282261	11599.01171875	
33.830944	1.64007046384534E-02	-1.5793782283125E-06	0	-0.07019411069	11599.01171875	
33.83504	0.01640967433424	-7.45468220877187E-06	0	0.09799175672	11599.01171875	
33.839136	1.64099820040767E-02	-2.47006507800938E-06	0	-0.03757851119	11657.41015625	
33.843232	1.64016670553037E-02	5.89207607907187E-06	0	0.0192260376	11657.41015625	
33.847328	1.63968172094942E-02	5.91709360213125E-06	0	-0.00041580121	11657.41015625	
33.851424	1.64010076452406E-02	-1.03009464298125E-06	0	0.04701223956	11657.41015625	
33.85552	1.64091824282306E-02	-6.59648186505E-06	0	0.16123168754	11657.41015625	
33.859616	1.64088351681891E-02	-1.6518493096875E-06	0	0.02354045199	11657.41015625	
33.863712	1.64000389195586E-02	6.51172786326562E-06	0	0.02497096074	11657.41015625	
33.867808	1.63971673039384E-02	4.562555052825E-06	0	0.00931547298	11657.41015625	
33.871904	1.64054966075894E-02	-4.83475646331562E-06	0	-0.00376128434	11657.41015625	
33.876	1.64146746776873E-02	-8.83923346845E-06	0	0.00220489082	11657.41015625	
33.880096	1.64109739535741E-02	-3.22085495221875E-07	0	-0.00901792716	11657.41015625	
33.884192	0.016397599138898	1.00845853480969E-05	0	-0.00721739348	11657.41015625	
33.888288	1.63943939780878E-02	5.92779912027187E-06	0	-0.01888653019	11657.41015625	
33.892384	1.64027529058181E-02	-3.91446195091875E-06	0	-0.01364514613	11657.41015625	
33.89648	1.64103113433789E-02	-6.65607267084375E-06	0	-0.00937269333	11657.41015625	
33.900576	1.64091236372336E-02	-1.30634508788437E-06	0	-0.00155257883	11657.41015625	
33.904672	1.64027615004584E-02	4.22682894624375E-06	0	-0.01230618994	11657.41015625	
33.908768	1.64019226087045E-02	1.882634655825E-06	0	-0.00852583215	11657.41015625	
33.912864	1.64075866595352E-02	-3.743709717825E-06	0	-0.00627135036	11657.41015625	
33.91696	1.64116255004556E-02	-4.52777840490937E-06	0	0.00288009095	11657.41015625	
33.921056	1.64068083874252E-02	1.8196895264625E-06	0	0.01053617378	11657.41015625	
33.925152	1.63997096716887E-02	5.75012237487187E-06	0	-0.00555800333	11657.41015625	
33.929248	1.63990193574934E-02	2.63828990978437E-06	0	0.00607680117	11657.41015625	
33.933344	1.64041429517402E-02	-2.56498445424375E-06	0	-0.00634001478	11657.41015625	
33.93744	1.64082133368192E-02	-3.65211317480625E-06	0	-0.00429534094	11657.41015625	
33.941536	0.016404498532125	1.6267377963375E-06	0	-0.00170898112	11657.41015625	
33.945632	1.63996380801636E-02	4.24082508609375E-06	0	-0.02094646279	11657.41015625	
33.949728	1.64014802590255E-02	3.2741890335E-07	0	-0.00872038134	11657.41015625	
33.953824	1.64070280079148E-02	-3.71501046767812E-06	0	-0.0178527492	11657.41015625	
33.95792	1.64088699124797E-02	-2.60126542757813E-06	0	-0.00513457274	11657.41015625	
33.962016	1.64049404246423E-02	1.82719841318437E-06	0	0.00000381469	11657.41015625	
33.966112	1.64012561583509E-02	3.2427121419E-06	0	-0.01702114678	11657.41015625	
33.970208	1.64023759302648E-02	4.2646736199375E-07	0	0.00051879784	11657.41015625	
33.974304	1.64056728891481E-02	-2.03503330150312E-06	0	-0.00445937261	11657.41015625	
33.9784	1.64057718189441E-02	-6.68916398390625E-07	0	0.00643538203	11657.41015625	
33.982496	1.64019522327839E-02	2.608803160425E-06	0	0.00879667514	11657.41015625	
33.986592	1.64000736638492E-02	2.46765786887812E-06	0	-0.00352095887	11657.41015625	
33.990688	1.64033612052011E-02	-1.15248370328437E-06	0	0.00524138406	11657.41015625	
33.994784	0.016408032940805	-3.53026185435E-06	0	-0.00929639953	11657.41015625	
33.99888	1.64084280199623E-02	-1.60869093938437E-06	0	-0.00637816168	11657.41015625	
34.002976	1.64042860433581E-02	2.15476010485313E-06	0	-0.0138854716	11657.41015625	
34.007072	1.64013315900345E-02	2.76596261865E-06	0	-0.02389140347	11657.41015625	
34.011168	1.64023784903705E-02	4.13392615453125E-07	0	-0.0097274595	11657.41015625	
34.015264	1.64046609159675E-02	-1.21160143262812E-06	0	-0.01160428698	11657.41015625	
34.01936	1.64048841023186E-02	-4.22053664484375E-07	0	0.00040435714	11657.41015625	
34.023456	1.64033732742705E-02	9.98016069290625E-07	0	0.00015640229	11657.41015625	
34.027552	1.64038052006623E-02	1.48409226590625E-07	0	-0.00162887263	11657.41015625	
34.031648	1.64066261627641E-02	-1.82741956680937E-06	0	0.00572584969	11657.41015625	
34.035744	1.64082105024166E-02	-1.83964575650625E-06	0	-0.00088500808	11657.41015625	
34.03984	1.64063719808484E-02	3.7136068633125E-07	0	0.00075149393	11657.41015625	
34.043936	1.64030629528958E-02	2.2191487423875E-06	0	-0.00250243664	11657.41015625	
34.048032	1.64017709224463E-02	1.69832762859375E-06	0	-0.00714109968	11657.41015625	
34.052128	1.64032133591012E-02	-1.426488958125E-07	0	-0.00534438069	11657.41015625	
34.056224	1.64045667406534E-02	-7.597386633375E-07	0	-0.00864790223	11657.41015625	
34.06032	0.01640424398448	7.1873245434375E-08	0	-0.0086211994	11657.41015625	
34.064416	0.016403582471473	5.65313617378125E-07	0	-0.009155256	11657.41015625	
34.068512	1.64045936217625E-02	-3.64463097075E-07	0	-0.01420972025	11657.41015625	
34.072608	1.64067095490616E-02	-1.50395883257812E-06	0	-0.00787733485	11657.41015625	
34.076704	1.64069320039539E-02	-7.96204732640625E-07	0	-0.00536726883	11657.41015625	
34.0808	1.64048638957706E-02	9.0485630668125E-07	0	-0.00143813813	11657.41015625	
34.084896	1.64025413313747E-02	1.802080890225E-06	0	0.00040817183	11657.41015625	
34.088992	0.016402499912523	8.00180690203125E-07	0	-0.00096893126	11657.41015625	
34.093088	0.016404082789258	-5.33311726303125E-07	0	0.00331496561	11657.41015625	
34.097184	1.64045756095908E-02	-3.85448893396875E-07	0	-0.00086593463	11657.41015625	
34.10128	1.64037796910384E-02	4.50778395375E-07	0	-0.00244521629	11657.41015625	
34.105376	1.64028520184787E-02	8.74321000678125E-07	0	-0.00669478095	11657.41015625	
34.109472	1.64032273482498E-02	2.4655023421875E-07	0	-0.00939939616	11657.41015625	
34.113568	1.64040714516473E-02	-2.7881847118125E-07	0	-0.00516509026	11657.41015625	
34.117664	1.64038629859036E-02	1.47286150790625E-07	0	-0.00894163336	11657.41015625	
34.12176	1.64031439619523E-02	6.248695674375E-07	0	-0.0074004986	11657.41015625	
34.125856	1.64027535458445E-02	6.20033754965625E-07	0	-0.00890348646	11657.41015625	
34.129952	1.64032150963158E-02	1.4323591445625E-07	0	-0.00736998108	11657.41015625	
34.134048	1.64036573545625E-02	-5.0221103625E-08	0	-0.00286864688	11657.41015625	
34.138144	1.64032475547978E-02	3.79352264878125E-07	0	-0.00311278704	11657.41015625	
34.14224	1.64027828956269E-02	5.83877541121875E-07	0	0.00125121832	11657.41015625	
34.146336	1.64030019675225E-02	2.8262712121875E-07	0	0.00174712802	11736.00390625	
34.150432	1.64042160061828E-02	-4.4617022690625E-07	0	0.00136565902	11736.00390625	
34.154528	1.64053895403148E-02	-7.81771093228125E-07	0	-0.00066375606	11736.00390625	
34.158624	0.016405487464355	-3.53615752153125E-07	0	-0.00470351277	11736.00390625	
34.16272	1.64047715491034E-02	2.5287234328125E-07	0	-0.00584029039	11736.00390625	
34.166816	1.64041800732717E-02	4.52137769015625E-07	0	-0.00949094872	11736.00390625	
34.170912	1.64041709300373E-02	2.12191374346875E-07	0	-0.01073453766	11736.00390625	
34.175008	1.64045276990427E-02	-8.0235256303125E-08	0	-0.00880048983	11736.00390625	
34.179104	1.64043459315433E-02	1.1794170898125E-07	0	-0.00643538203	11736.00390625	
34.1832	1.64043032326388E-02	1.21305407540625E-07	0	-0.00362777019	11736.00390625	
34.187296	1.64046110853402E-02	-8.0390063840625E-08	0	-0.00166320484	11736.00390625	
34.191392	1.64054615890017E-02	-4.932620067375E-07	0	-0.00295257006	11736.00390625	
34.195488	1.64062119742469E-02	-6.6077097384375E-07	0	-0.00033187803	11736.00390625	
34.199584	1.64056508539533E-02	-2.50509364875E-08	0	-0.00036621024	11736.00390625	
34.20368	1.64042222235822E-02	7.31431720490625E-07	0	-0.00278090901	11736.00390625	
34.207776	1.64030229969616E-02	9.8537834154375E-07	0	-0.00268172707	11736.00390625	
34.211872	1.64027701865311E-02	6.295561012125E-07	0	-0.00332259499	11736.00390625	
34.215968	1.64028940773569E-02	3.3120976494375E-07	0	-0.00121307142	11736.00390625	
34.220064	1.64029551541625E-02	2.64736273725E-07	0	-0.00659559901	11736.00390625	
34.22416	1.64036615604503E-02	-1.0854652606875E-07	0	-0.00785444671	11736.00390625	
34.228256	1.64049065946752E-02	-6.1769120923125E-07	0	-0.01027296017	11736.00390625	
34.232352	1.64054030723017E-02	-4.82739180721875E-07	0	-0.00940321085	11736.00390625	
34.236448	1.64046842312152E-02	1.810411651125E-07	0	-0.00686262731	11736.00390625	
34.240544	1.64036560745097E-02	6.3807868884375E-07	0	-0.00405120078	11736.00390625	
34.24464	1.64028742365383E-02	7.52959583578125E-07	0	-0.00139236185	11736.00390625	
34.248736	1.64027259332767E-02	5.16117512728125E-07	0	-0.00042343059	11736.00390625	
34.252832	1.64029471081163E-02	2.4013004833125E-07	0	0.00148391441	11736.00390625	
34.256928	0.016402935861938	2.51167056525E-07	0	0.0004959097	11736.00390625	
34.261024	1.64024989067672E-02	4.88428117340625E-07	0	-0.00170516643	11736.00390625	
34.26512	1.64021918769569E-02	5.467023379125E-07	0	0.00083541711	11736.00390625	
34.269216	1.64022026659734E-02	4.201197721875E-07	0	-0.00299453165	11736.00390625	
34.273312	1.64025950021605E-02	1.6927434995625E-07	0	-0.00456236924	11736.00390625	
34.277408	1.64030368946778E-02	1.9430028646875E-08	0	-0.00673674254	11736.00390625	
34.281504	1.64029290045122E-02	2.248103521125E-07	0	-0.0091934029	11736.00390625	
34.2856	1.64026312093686E-02	3.9712412210625E-07	0	-0.00894544805	11736.00390625	
34.289696	1.64026307522069E-02	3.30352794646875E-07	0	-0.0093078436	11736.00390625	
34.293792	1.64028410465975E-02	1.9581134265E-07	0	-0.00674437192	11736.00390625	
34.297888	1.64033789430758E-02	-2.4355744875E-08	0	-0.00296782882	11736.00390625	
34.301984	1.64043161245992E-02	-3.53787386596875E-07	0	-0.00154113476	11736.00390625	
34.30608	1.64052228591522E-02	-5.280196642875E-07	0	-0.00086974932	11736.00390625	
34.310176	1.64058330786144E-02	-5.1888073111875E-07	0	0.00016403167	11736.00390625	
34.314272	1.64064214457464E-02	-5.5067973778125E-07	0	0.00059127695	11736.00390625	
34.318368	1.64065531083214E-02	-0.000000394922682	0	-0.00202560039	11736.00390625	
34.322464	1.64058762346806E-02	5.176965976875E-08	0	-0.00383376345	11736.00390625	
34.32656	1.64050475833492E-02	3.4583426955E-07	0	-0.00504302018	11736.00390625	
34.330656	1.64044561989498E-02	3.95462344921875E-07	0	-0.00745390426	11736.00390625	
34.334752	1.64040378959772E-02	3.72373425703125E-07	0	-0.00462340428	11736.00390625	
34.338848	1.64037289460877E-02	3.429179263125E-07	0	-0.004577628	11736.00390625	
34.342944	1.64038279673159E-02	1.6731137115E-07	0	-0.00537108352	11736.00390625	
34.34704	1.64044563818145E-02	-1.556411905125E-07	0	-0.00646971424	11736.00390625	
34.351136	1.64051090258842E-02	-3.400467753375E-07	0	-0.00680159227	11736.00390625	
34.355232	1.64049696829923E-02	-9.18643312125E-08	0	-0.0064468261	11736.0546875	
34.359328	1.64038620715802E-02	4.67829099478125E-07	0	-0.00294494068	11736.0546875	
34.363424	1.64022421647459E-02	1.002300920775E-06	0	-0.00201797101	11736.0546875	
34.36752	1.64009691522239E-02	1.15895797565625E-06	0	0.0004577628	11736.0546875	
34.371616	1.64006462131858E-02	8.64258510740625E-07	0	0.0013351415	11736.0546875	
34.375712	1.64011558570698E-02	3.94090711678125E-07	0	0.00084304649	11736.0546875	
34.379808	1.64018859443347E-02	7.200521645625E-08	0	-0.00361632612	11736.0546875	
34.383904	1.64022787376834E-02	5.59143671625E-08	0	-0.00611113338	11736.0546875	
34.388	1.64025449886684E-02	8.7070345621875E-08	0	-0.00794599927	11736.0546875	
34.392096	0.01640278691865	8.8601113321875E-08	0	-0.0091934029	11736.0546875	
34.396192	1.64027390081019E-02	1.9457432465625E-07	0	-0.00647734362	11736.0546875	
34.400288	1.64024186291694E-02	3.6471117375E-07	0	-0.00553892988	11736.0546875	
34.404384	1.64020936786197E-02	4.5762406160625E-07	0	-0.0043105997	11736.0546875	
34.40848	1.64023763874266E-02	2.47255521975E-07	0	-0.00354003232	11736.0546875	
34.412576	1.64030372604072E-02	-2.67461271E-08	0	-0.00307845483	11736.0546875	
34.416672	1.64033815031814E-02	-4.29922647E-08	0	-0.001144407	11736.0546875	
34.420768	1.64032758988244E-02	1.2127151334375E-07	0	-0.0009536725	11736.0546875	
34.424864	1.64031275955628E-02	2.1797430125625E-07	0	0.00172423988	11736.0546875	
34.42896	1.64035152687003E-02	5.08066799625E-08	0	-0.00146102627	11736.0546875	
34.433056	1.64042175605327E-02	-2.0597815940625E-07	0	-0.00307082545	11736.0546875	
34.437152	1.64044172487714E-02	-1.267229502E-07	0	-0.00267409769	11736.0546875	
34.441248	1.64044177059331E-02	-1.4758398703125E-08	0	-0.00652693459	11736.0546875	
34.445344	1.64045701236502E-02	-4.460909000625E-08	0	-0.00851057339	11736.0546875	
34.44944	1.64045116069502E-02	2.30855538375E-08	0	-0.00620650063	11736.0546875	
34.453536	1.64042332868958E-02	1.38429909646875E-07	0	-0.00726316976	11736.0546875	
34.457632	1.64039093421019E-02	2.3702235913125E-07	0	-0.00206374729	11736.0546875	
34.461728	0.01640422642947	3.3687225928125E-08	0	-0.00379561655	11736.0546875	
34.465824	1.64048492665956E-02	-2.02588980103125E-07	0	-0.0033187803	11736.0546875	
34.46992	1.64056817580855E-02	-4.13313769378125E-07	0	-0.00320815429	11736.0546875	
34.474016	1.64062003623392E-02	-4.51685365621875E-07	0	-0.00321959836	11736.0546875	
34.478112	1.64049894323786E-02	2.041921035E-07	0	-0.00369643461	11736.0546875	
34.482208	1.64032338399463E-02	7.9146026623125E-07	0	-0.00058364757	11736.0546875	
34.486304	1.64024232007866E-02	7.57291310015625E-07	0	0.00025176954	11736.0546875	
34.4904	1.64024984496055E-02	4.142755472625E-07	0	-0.00070190296	11736.0546875	
34.494496	1.64028267831519E-02	1.76036362425E-07	0	-0.0037765431	11736.0546875	
34.498592	1.64034108529637E-02	-3.7636500825E-08	0	-0.00706099119	11736.0546875	
34.502688	1.64037253802263E-02	-7.6249202596875E-08	0	-0.00886915425	11736.0546875	
34.506784	1.64032505720652E-02	2.0755027321875E-07	0	-0.00898740964	11736.0546875	
34.51088	1.64021847452341E-02	5.80989563240625E-07	0	-0.00452040765	11736.0546875	
34.514976	1.64016228934817E-02	6.2695177689375E-07	0	-0.00378798717	11736.0546875	
34.519072	1.64016815016141E-02	4.0456161466875E-07	0	-0.00295638475	11736.0546875	
34.523168	1.64016749184853E-02	3.4607273085E-07	0	-0.00188064217	11736.0546875	
34.527264	1.64017920433177E-02	2.75340830428125E-07	0	-0.00339888879	11736.0546875	
34.53136	1.64018141699448E-02	2.54298063009375E-07	0	-0.00307464014	11736.0546875	
34.535456	1.64009353222567E-02	5.80582111725E-07	0	-0.00384902221	11736.0546875	
34.539552	1.63998421571548E-02	8.62411877971875E-07	0	-0.0024795485	11736.0546875	
34.543648	1.63993643317264E-02	8.204789872125E-07	0	-0.00063705323	11736.0546875	
34.547744	1.63998810159009E-02	4.53448825396875E-07	0	-0.00116729514	11736.0546875	
34.55184	1.64008465414509E-02	9.3791492746875E-08	0	-0.00308226952	11736.0546875	
34.555936	1.64016737298648E-02	-6.3662195953125E-08	0	-0.00135802964	11736.0703125	
34.560032	1.64022673086405E-02	-8.6246307984375E-08	0	-0.00491713541	11736.0703125	
34.564128	0.016402596739375	-1.8937721446875E-08	0	-0.00725554038	11736.0703125	
34.568224	1.64030427463478E-02	-4.46374553625E-08	0	-0.00790403768	11736.0703125	
34.57232	1.64035533045553E-02	-1.13972722565625E-07	0	-0.00794218458	11736.0703125	
34.576416	0.0164035183774	1.231585306875E-08	0	-0.004196159	11736.0703125	
34.580512	0.016403210890428	1.8880990734375E-07	0	-0.00270080052	11736.0703125	
34.584608	1.64033595594189E-02	1.23106367278125E-07	0	0.00021362264	11736.0703125	
34.588704	1.64041168020898E-02	-1.28407323515625E-07	0	0.00267791238	11736.0703125	
34.5928	1.64053309321825E-02	-4.3050293488125E-07	0	0.00074386455	11736.0703125	
34.596896	1.64064981574828E-02	-6.23538559153125E-07	0	-0.00302504917	11736.0703125	
34.600992	0.016406950107558	-5.20402123828125E-07	0	-0.0071716172	11736.0703125	
34.605088	1.64064513441228E-02	-1.7472915219375E-07	0	-0.00794599927	11736.0703125	
34.609184	1.64050229880487E-02	3.309237075375E-07	0	-0.00710295278	11736.0703125	
34.61328	1.64030487808825E-02	8.01284054484375E-07	0	-0.00159072573	11736.0703125	
34.617376	0.016401511528887	9.7305671925E-07	0	0.00024414016	11736.0703125	
34.621472	0.016401376940477	6.51532761928125E-07	0	-0.00049209501	11736.0703125	
34.625568	1.64026320322597E-02	3.79047697875E-08	0	-0.00130843867	11736.0703125	
34.629664	1.64038094979825E-02	-3.0136844863125E-07	0	-0.0043105997	11736.0703125	
34.63376	1.64038489053227E-02	-1.30359485025E-07	0	-0.00816725129	11736.0703125	
34.637856	1.64028335491453E-02	3.11544640378125E-07	0	-0.00864408754	11736.0703125	
34.641952	1.64014420403058E-02	6.80816867259375E-07	0	-0.0057601819	11736.0703125	
34.646048	1.64001777138564E-02	8.744452794E-07	0	-0.00173568395	11736.0703125	
34.650144	1.63994745077006E-02	8.28778738528125E-07	0	0.00028991644	11736.0703125	
34.65424	1.63994141623538E-02	6.280676411625E-07	0	0.00033950741	11736.0703125	
34.658336	0.016399957361908	3.50920562540625E-07	0	-0.00121307142	11736.0703125	
34.662432	1.64010196228777E-02	3.1877612353125E-08	0	-0.00232314621	11736.0703125	
34.666528	0.016402283949327	-2.351180341125E-07	0	-0.00390242787	11736.0703125	
34.670624	1.64030074534631E-02	-2.46917781928125E-07	0	-0.00573729376	11736.0703125	
34.67472	1.64031378359853E-02	-7.6345837115625E-08	0	-0.00632857071	11736.0703125	
34.678816	1.64029842296478E-02	8.4796790203125E-08	0	-0.0056457412	11736.0703125	
34.682912	1.64026841486956E-02	2.04932727759375E-07	0	-0.00462340428	11736.0703125	
34.687008	1.64021981857886E-02	3.3288668634375E-07	0	-0.00219344675	11736.0703125	
34.691104	1.64019632046652E-02	3.39990765778125E-07	0	-0.00170516643	11736.0703125	
34.6952	1.64020386363487E-02	2.5120503725625E-07	0	-0.00241469877	11736.0703125	
34.699296	1.64025579720612E-02	7.611098158125E-08	0	-0.00242232815	11736.0703125	
34.703392	1.64032090617811E-02	-7.7953047046875E-08	0	-0.00496672638	11736.0703125	
34.707488	1.64033844290164E-02	-4.4325676828125E-08	0	-0.00566862934	11736.0703125	
34.711584	1.64028197428614E-02	1.977065330625E-07	0	-0.00309752828	11736.0703125	
34.71568	1.64020604886789E-02	3.97905130940625E-07	0	-0.00300979041	11736.0703125	
34.719776	1.64016206076731E-02	4.3317985528125E-07	0	-0.00254058354	11736.0703125	
34.723872	0.016401525883765	3.53040031575E-07	0	-0.00368499054	11736.0703125	
34.727968	1.64014239367017E-02	3.14947521590625E-07	0	-0.00347518259	11736.0703125	
34.732064	1.64012729819022E-02	3.17285019253125E-07	0	-0.00517653433	11736.0703125	
34.73616	1.64013046174931E-02	2.772122227875E-07	0	-0.00538634228	11736.0703125	
34.740256	1.64015523991447E-02	1.90551492140625E-07	0	-0.00358962329	11736.0703125	
34.744352	1.64018787211795E-02	1.113691194E-07	0	-0.00313567518	11736.0703125	
34.748448	1.64022257069241E-02	6.234657226875E-08	0	-0.00096130188	11736.0703125	
34.752544	1.64025825673617E-02	2.184276661875E-08	0	-0.00283049998	11736.0703125	
34.75664	1.64030817879586E-02	-4.6022309746875E-08	0	-0.00286864688	11736.06640625	
34.760736	1.64033729085411E-02	-5.4317253375E-08	0	-0.00162887263	11736.06640625	
34.764832	1.64029707890933E-02	1.2396477988125E-07	0	-0.00300979041	11736.06640625	
34.768928	1.64022821206802E-02	3.19805449425E-07	0	-0.00212478233	11736.06640625	
34.773024	1.64017647050469E-02	3.93646962121875E-07	0	-0.00249862195	11736.06640625	
34.77712	1.64016684267889E-02	3.2689053849375E-07	0	-0.00392150132	11736.06640625	
34.781216	0.016401751447357	2.39128366640625E-07	0	-0.00252151009	11736.06640625	
34.785312	1.64017782370337E-02	2.06581283803125E-07	0	-0.00401305388	11736.06640625	
34.789408	1.64016676038978E-02	2.28358665871875E-07	0	-0.00499342921	11736.06640625	
34.793504	1.64014767845964E-02	2.64170649290625E-07	0	-0.00302123448	11736.06640625	
34.7976	1.64013155893744E-02	2.88294182859375E-07	0	-0.0040054245	11736.06640625	
34.801696	1.64012751762784E-02	2.6239733375625E-07	0	-0.00410079175	11736.06640625	
34.805792	1.64011089522775E-02	2.8298962085625E-07	0	-0.00481795347	11736.06640625	
34.809888	1.64007071071267E-02	3.55692192384375E-07	0	-0.00515364619	11736.06640625	
34.813984	1.64002442766027E-02	4.31043799725E-07	0	-0.00268172707	11736.06640625	
34.81808	1.63999073484159E-02	4.47262293121875E-07	0	-0.00189971562	11736.06640625	
34.822176	0.01639986693532	3.9160201224375E-07	0	-0.00062942385	11736.06640625	
34.826272	1.64002175783583E-02	2.64236033840625E-07	0	-0.00048446563	11736.06640625	
34.830368	1.64005640155088E-02	1.756354012875E-07	0	-0.00209426481	11736.06640625	
34.834464	1.64007519089752E-02	1.63235654071875E-07	0	-0.00374221089	11736.06640625	
34.83856	1.64006974152983E-02	2.1478680444375E-07	0	-0.0059509164	11736.06640625	
34.842656	1.64003366232698E-02	3.147775698375E-07	0	-0.00542448918	11736.06640625	
34.846752	1.63995683172853E-02	4.7816154106875E-07	0	-0.00452803703	11736.06640625	
34.850848	0.016398705104528	6.17895295565625E-07	0	-0.00383757814	11736.06640625	
34.854944	1.63984882270086E-02	5.64675637246875E-07	0	-0.00414656803	11736.06640625	
34.85904	0.016399109144055	3.23355686259375E-07	0	-0.00442122571	11736.06640625	
34.863136	1.63998919877822E-02	1.2998496616875E-07	0	-0.00315856332	11736.06640625	
34.867232	1.64004676458184E-02	5.7348259959375E-08	0	-0.00257491575	11736.06640625	
34.871328	1.64009040523952E-02	4.7424712190625E-08	0	-0.00393294539	11736.06640625	
34.875424	1.64015352098641E-02	-7.0990313625E-09	0	-0.00328826278	11736.06640625	
34.87952	0.016402313207677	-1.02857349065625E-07	0	-0.00146102627	11736.06640625	
34.883616	1.64027861871913E-02	-1.07595805865625E-07	0	-0.0017166105	11736.06640625	
34.887712	1.64026310265039E-02	2.83336255125E-08	0	-0.00280761184	11736.06640625	
34.891808	1.64023779417764E-02	1.45719806203125E-07	0	-0.00210952357	11736.06640625	
34.895904	1.64025933563783E-02	1.0040999574375E-07	0	-0.00150680255	11736.06640625	
34.9	1.64029218727894E-02	3.545044531875E-08	0	-0.00025176954	11736.06640625	
34.904096	1.64031017202095E-02	1.962161499375E-08	0	-0.00001144407	11736.06640625	
34.908192	1.64032829391148E-02	1.9305028771875E-08	0	-0.00448607544	11736.06640625	
34.912288	1.64035993864566E-02	-1.81701741375E-08	0	-0.00552748581	11736.06640625	
34.916384	1.64035926204631E-02	7.27451195625E-09	0	-0.00433730253	11736.06640625	
34.92048	1.64028914258189E-02	1.835536626E-07	0	-0.00561140899	11736.06640625	
34.924576	1.64019120025527E-02	3.71766695540625E-07	0	-0.00421523245	11736.06640625	
34.928672	1.64010444010428E-02	4.69511790103125E-07	0	-0.00426100873	11736.06640625	
34.932768	1.64004799891848E-02	4.7728461886875E-07	0	-0.00241469877	11736.06640625	
34.936864	1.64002647574477E-02	4.1223660699375E-07	0	-0.00110244541	11736.06640625	
34.94096	1.64002621059097E-02	3.301304391E-07	0	-0.00031661927	11736.06640625	
34.945056	1.64003328745438E-02	2.67452376778125E-07	0	-0.00264739486	11736.06640625	
34.949152	1.64004979099242E-02	2.17767089925E-07	0	-0.00225829648	11736.06640625	
34.953248	1.64007050041828E-02	1.7157723226875E-07	0	-0.00289534971	11736.06640625	
34.957344	1.64005436260961E-02	2.10120703340625E-07	0	-0.00493620886	11736.0859375	
34.96144	1.63998111615903E-02	3.61446513553125E-07	0	-0.00412367989	11736.0859375	
34.965536	1.63987121448184E-02	5.49409065975E-07	0	-0.00380706062	11736.0859375	
34.969632	1.63979518848802E-02	6.16633758365625E-07	0	-0.00254439823	11736.0859375	
34.973728	1.63976922170239E-02	5.53420360040625E-07	0	-0.00265883893	11736.0859375	
34.977824	1.63978092504239E-02	4.385918691E-07	0	-0.00222396427	11736.0859375	
34.98192	1.63980851932373E-02	3.34766251771875E-07	0	-0.00325011588	11736.0859375	
34.986016	1.63984643631669E-02	2.55549023296875E-07	0	-0.00367736116	11736.0859375	
34.990112	1.63989825102589E-02	1.7395415296875E-07	0	-0.00350570011	11736.0859375	
34.994208	1.63993670746967E-02	1.3452823085625E-07	0	-0.00459670145	11736.0859375	
34.998304	1.63994629872253E-02	1.708777137375E-07	0	-0.00281905591	11736.0859375	
35.0024	1.63993736578255E-02	2.29249530365625E-07	0	-0.00223159365	11736.0859375	
35.006496	1.63994587813375E-02	2.34257217665625E-07	0	-0.00296019944	11736.0859375	
35.010592	1.63999861630963E-02	1.51395762065625E-07	0	-0.00148391441	11736.0859375	
35.014688	1.64008746111805E-02	9.32162529375E-09	0	-0.00254821292	11736.0859375	
35.018784	1.64016886333369E-02	-8.712683595E-08	0	-0.00320815429	11736.0859375	
35.02288	1.64021038276098E-02	-6.90912770625E-08	0	-0.00301741979	11736.0859375	
35.026976	1.64024728485492E-02	-5.0591535946875E-08	0	-0.00359725267	11736.0859375	
35.031072	1.64027814327094E-02	-4.18768812E-08	0	-0.00376509903	11736.0859375	
35.035168	1.64026809485636E-02	2.703699219375E-08	0	-0.00101852223	11736.0859375	
35.039264	1.64019460153845E-02	1.9405124825625E-07	0	-0.00163268732	11736.0859375	
35.04336	1.64010376350494E-02	3.52975368178125E-07	0	-0.00259780389	11736.0859375	
35.047456	1.64003708189664E-02	4.0853468761875E-07	0	-0.0035858086	11736.0859375	
35.051552	1.63997833661578E-02	4.29659906878125E-07	0	-0.00335311251	11736.0859375	
35.055648	1.63990364553417E-02	4.74313708378125E-07	0	-0.0031280458	11736.0859375	
35.059744	1.63981839401686E-02	5.4369897553125E-07	0	-0.00315474863	11736.0859375	
35.06384	1.63974971004023E-02	5.70244381678125E-07	0	-0.00372695213	11736.0859375	
35.067936	1.63971158275289E-02	5.37142491703125E-07	0	-0.00216674392	11736.0859375	
35.072032	1.63967480866423E-02	5.128466025375E-07	0	-0.00176238678	11736.0859375	
35.076128	0.016396300616752	5.23041063496875E-07	0	-0.00254058354	11736.0859375	
35.080224	1.63959870952453E-02	5.23046351953125E-07	0	-0.00357436453	11736.0859375	
35.08432	1.63958737191391E-02	4.81105528509375E-07	0	-0.00313567518	11736.0859375	
35.088416	1.63958038648284E-02	4.516332022125E-07	0	-0.00374984027	11736.0859375	
35.092512	1.63958267229144E-02	4.17873860971875E-07	0	-0.00222014958	11736.0859375	
35.096608	1.63959048975683E-02	3.89812831340625E-07	0	-0.00288009095	11736.0859375	
35.100704	1.63962052528175E-02	3.36585480721875E-07	0	-0.00263595079	11736.0859375	
35.1048	1.63967039248203E-02	2.5870022206875E-07	0	-0.00157928166	11736.0859375	
35.108896	1.63973829928373E-02	1.7147290545E-07	0	-0.00212859702	11736.0859375	
35.112992	1.63980141503062E-02	1.1421671270625E-07	0	-0.00308226952	11736.0859375	
35.117088	1.63984342819258E-02	1.0741960411875E-07	0	-0.00304030793	11736.0859375	
35.121184	0.016398740214548	1.19661178415625E-07	0	-0.00421523245	11736.0859375	
35.12528	1.63990809828931E-02	1.1636382594375E-07	0	-0.00408553299	11736.0859375	
35.129376	1.63993728349344E-02	1.17442911403125E-07	0	-0.00456236924	11736.0859375	
35.133472	1.63998168303956E-02	8.7926113996875E-08	0	-0.00197600942	11736.0859375	
35.137568	1.64003855395738E-02	4.1148035775E-08	0	-0.00105666913	11736.0859375	
35.141664	1.64011063007395E-02	-2.1791083978125E-08	0	-0.00162124325	11736.0859375	
35.14576	1.64020296759791E-02	-1.05845807615625E-07	0	-0.00193023314	11736.0859375	
35.149856	1.64028292518252E-02	-1.5924984075E-07	0	-0.00425337935	11736.0859375	
35.153952	1.64031753232462E-02	-1.2901573636875E-07	0	-0.00396346291	11736.0859375	
35.158048	1.64028908772248E-02	-7.613694309375E-09	0	-0.00534819538	11736.1015625	
35.162144	1.64022213181716E-02	1.400854368375E-07	0	-0.00423812059	11736.1015625	
35.16624	1.64014723044116E-02	2.575545501375E-07	0	-0.00321959836	11736.1015625	
35.170336	1.64008777198802E-02	3.05165319834375E-07	0	-0.00145721158	11736.1015625	
35.174432	1.64000981677173E-02	3.68936890678125E-07	0	-0.00028228706	11736.1015625	
35.178528	1.63992807625642E-02	4.2673418865E-07	0	-0.00085067587	11736.1015625	
35.182624	1.63988741629316E-02	4.1590679563125E-07	0	-0.00175094271	11736.1015625	
35.18672	1.63985227884345E-02	3.88724370890625E-07	0	-0.00265120955	11736.1015625	
35.190816	1.63979101002991E-02	4.15678670859375E-07	0	-0.00181579244	11736.1015625	
35.194912	1.63968851437256E-02	5.10647806659375E-07	0	-0.00170516643	11736.1015625	
35.199008	1.63958975829808E-02	5.92670561175E-07	0	-0.0036621024	11736.1015625	
35.203104	1.63954118029384E-02	5.74857838603125E-07	0	-0.00403212733	11736.1015625	
35.2072	1.63952048915445E-02	5.1184227661875E-07	0	-0.00261687734	11736.1015625	
35.211296	1.63949039877013E-02	4.9047258645E-07	0	-0.00165176077	11736.1015625	
35.215392	1.63947010993305E-02	4.7502596728125E-07	0	-0.00230025807	11736.1015625	
35.219488	1.63949361718863E-02	4.03063058475E-07	0	-0.00244903098	11736.1015625	
35.223584	1.63955573632297E-02	2.888449034625E-07	0	-0.00199889756	11736.1015625	
35.22768	1.63960169021894E-02	2.217642013125E-07	0	-0.00146102627	11736.1015625	
35.231776	1.63958062420694E-02	2.77146597853125E-07	0	-0.00276565025	11736.1015625	
35.235872	1.63951750846005E-02	3.93551529525E-07	0	-0.00238418125	11736.1015625	
35.239968	1.63945398126761E-02	4.7567500509375E-07	0	-0.00163650201	11736.1015625	
35.244064	1.63938561730419E-02	5.3584129108125E-07	0	-0.00123595956	11736.1015625	
35.24816	1.63931415378431E-02	5.8784316215625E-07	0	-0.00045013342	11736.1015625	
35.252256	1.63925596624075E-02	6.102503512875E-07	0	-0.00158691104	11736.1015625	
35.256352	1.63923985586178E-02	5.730311577375E-07	0	-0.00169753705	11736.1015625	
35.260448	1.63929423981984E-02	4.44511334334375E-07	0	-0.00193023314	11736.1015625	
35.264544	1.63937540431139E-02	3.05892242184375E-07	0	-0.00236129311	11736.1015625	
35.26864	1.63947112483206E-02	1.9023298284375E-07	0	-0.00365065833	11736.1015625	
35.272736	1.63956794254086E-02	1.0590806716875E-07	0	-0.0035858086	11736.1015625	
35.276832	1.63968034032103E-02	2.445045631875E-08	0	-0.0025558423	11736.1015625	
35.280928	1.63980881190723E-02	-6.755137475625E-08	0	-0.0036621024	11736.1015625	
35.285024	1.63994035562019E-02	-1.47877015584375E-07	0	-0.00251388071	11736.1015625	
35.28912	0.0164004169923	-1.76558717671875E-07	0	-0.00212478233	11736.1015625	
35.293216	1.64010651561848E-02	-1.472065835625E-07	0	-0.00074004986	11736.1015625	
35.297312	1.64015103402666E-02	-1.02598214709375E-07	0	-0.00109100134	11736.1015625	
35.301408	1.64017971635289E-02	-6.318214835625E-08	0	-0.00297927289	11736.1015625	
35.305504	1.64016764728352E-02	8.7009528375E-09	0	-0.00181579244	11736.1015625	
35.3096	0.016400721553437	1.65832766859375E-07	0	-0.00124358894	11736.1015625	
35.313696	1.63990858288073E-02	3.826678865625E-07	0	-0.00268554176	11736.1015625	
35.317792	1.63973234703816E-02	5.6491433893125E-07	0	-0.0032043396	11736.1015625	
35.321888	1.63957138954022E-02	6.731483653125E-07	0	-0.00268554176	11736.1015625	
35.325984	1.63941194981919E-02	7.49541798534375E-07	0	-0.00215529985	11736.1015625	
35.33008	0.016392338761865	8.35610462465625E-07	0	-0.00192641845	11736.1015625	
35.334176	1.63909202804841E-02	8.7764575696875E-07	0	-0.00181579244	11736.1015625	
35.338272	1.63902628819325E-02	8.14082599378125E-07	0	-0.00340270348	11736.1015625	
35.342368	1.63902381951997E-02	6.8315364376875E-07	0	-0.00159454042	11736.1015625	
35.346464	1.63903779952533E-02	5.7203933180625E-07	0	-0.0016021698	11736.1015625	
35.35056	0.016390601090172	4.93093978059375E-07	0	-0.00201415632	11736.1015625	
35.354656	1.63911838799311E-02	4.01965703803125E-07	0	-0.00318526615	11736.1015625	
35.358752	1.63921677833822E-02	2.7723193430625E-07	0	-0.00285338812	11736.09765625	
35.362848	1.63931931971173E-02	1.74914007778125E-07	0	-0.0004196159	11736.09765625	
35.366944	1.63940116080263E-02	1.28593861790625E-07	0	-0.00183486589	11736.09765625	
35.37104	1.63948563514502E-02	9.602057705625E-08	0	-0.00157546697	11736.09765625	
35.375136	1.63958861539378E-02	3.99682292625E-08	0	-0.00150680255	11736.09765625	
35.379232	1.63969097390261E-02	-1.4269937653125E-08	0	-0.00151824662	11736.09765625	
35.383328	0.016397622545578	-2.081680610625E-08	0	-0.00109100134	11736.09765625	
35.387424	1.63978760874672E-02	2.531584006875E-08	0	-0.00196838004	11736.09765625	
35.39152	1.63976277572216E-02	1.2009939913125E-07	0	-0.0021362264	11736.09765625	
35.395616	1.63971067757269E-02	2.2376083393125E-07	0	-0.0029373113	11736.09765625	
35.399712	1.63964710466408E-02	3.10398487678125E-07	0	-0.000762938	11736.09765625	
35.403808	1.63957942644323E-02	3.73586886028125E-07	0	-0.00130080929	11736.09765625	
35.407904	1.63951195851678E-02	4.23071932696875E-07	0	-0.0024032547	11736.09765625	
35.412	1.63945934834619E-02	4.4265099965625E-07	0	-0.00302504917	11736.09765625	
35.416096	1.63943275982062E-02	4.253697669375E-07	0	-0.00191497438	11736.09765625	
35.420192	1.63942745674469E-02	3.885765345E-07	0	-0.00168227829	11736.09765625	
35.424288	1.63942941339684E-02	3.5191070578125E-07	0	-0.00219726144	11736.09765625	
35.428384	0.016394170608872	3.422535039E-07	0	-0.00159072573	11736.09765625	
35.43248	1.63939206328442E-02	3.55818634565625E-07	0	-0.00173568395	11736.09765625	
35.436576	1.63938744595106E-02	3.51222004546875E-07	0	-0.00252151009	11736.09765625	
35.440672	1.63938377951408E-02	3.34825386328125E-07	0	-0.00153732007	11736.09765625	
35.444768	1.63935123874294E-02	3.56674643325E-07	0	-0.00101470754	11736.09765625	
35.448864	1.63929644333933E-02	4.08990216009375E-07	0	-0.00088119339	11736.09765625	
35.45296	1.63928120156762E-02	4.1125295413125E-07	0	-0.00059127695	11736.09765625	
35.457056	1.63932658858306E-02	3.388390842375E-07	0	-0.0011825539	11736.09765625	
35.461152	1.63939401993658E-02	2.437564870125E-07	0	-0.00060653571	11736.09765625	
35.465248	1.63943556679358E-02	2.04380805234375E-07	0	-0.00117110983	11736.09765625	
35.469344	1.63946607776669E-02	1.9494740120625E-07	0	-0.00429534094	11736.09765625	
35.47344	1.63950517423688E-02	1.80255829359375E-07	0	-0.00492476479	11736.09765625	
35.477536	1.63954737940675E-02	1.5809070729375E-07	0	-0.00292968192	11736.09765625	
35.481632	1.63956103939891E-02	1.66593343021875E-07	0	-0.00193023314	11736.09765625	
35.485728	1.63954750741203E-02	2.09948107359375E-07	0	-0.00243377222	11736.09765625	
35.489824	1.63955478542659E-02	2.25969725953125E-07	0	-0.00112151886	11736.09765625	
35.49392	1.63960480806186E-02	1.81344770578125E-07	0	-0.00033569272	11736.09765625	
35.498016	1.63966451338233E-02	1.25141461396875E-07	0	-0.00089263746	11736.09765625	
35.502112	1.63968260784316E-02	1.24847711690625E-07	0	-0.0008392318	11736.09765625	
35.506208	1.63965541586413E-02	1.7927145534375E-07	0	-0.00373458151	11736.09765625	
35.510304	0.016396215767537	2.322382293E-07	0	-0.00257110106	11736.09765625	
35.5144	1.63956145998769E-02	2.9114345885625E-07	0	-0.00247191912	11736.09765625	
35.518496	0.016394579951475	3.8401115445E-07	0	-0.0011825539	11736.09765625	
35.522592	1.63932385475598E-02	4.9309998766875E-07	0	-0.0011062601	11736.09765625	
35.526688	1.63921469368078E-02	5.5949703665625E-07	0	-0.00092315498	11736.09765625	
35.530784	1.63915235510881E-02	5.5323358138125E-07	0	-0.00008010849	11736.09765625	
35.53488	1.63911342321684E-02	5.225350543875E-07	0	0.00068282951	11736.09765625	
35.538976	1.63907401587669E-02	4.99787240596875E-07	0	-0.00127029177	11736.09765625	
35.543072	1.63902771453781E-02	4.97424262190625E-07	0	-0.00217818799	11736.09765625	
35.547168	1.63897502207811E-02	5.07437232946875E-07	0	-0.00269317114	11736.09765625	
35.551264	1.63893624562113E-02	5.04121370878125E-07	0	-0.00087356401	11736.09765625	
35.55536	1.63890487518398E-02	4.958841195E-07	0	-0.00206374729	11736.09765625	
35.559456	1.63886132595866E-02	5.028658432875E-07	0	-0.00115203638	11736.09765625	
35.563552	1.63881393657489E-02	5.1896486565E-07	0	-0.00033187803	11736.09765625	
35.567648	1.63879057561106E-02	5.1129420024375E-07	0	-0.0005722035	11736.09765625	
35.571744	1.63879586954377E-02	4.74616592690625E-07	0	-0.00100707816	11736.09765625	
35.57584	1.63880860606925E-02	4.3567696816875E-07	0	-0.00021743733	11736.09765625	
35.579936	1.63880987697883E-02	4.16602227628125E-07	0	0.00028228706	11736.09765625	
35.584032	1.63879520208766E-02	4.23861835753125E-07	0	-0.0010681132	11736.09765625	
35.588128	1.63878583027242E-02	4.30745963484375E-07	0	-0.00046539218	11736.09765625	
35.592224	1.63878520853248E-02	4.23065682703125E-07	0	-0.00118636859	11736.09765625	
35.59632	1.63876338363203E-02	4.31257501434375E-07	0	-0.00294494068	11736.09765625	
35.600416	1.63871273925683E-02	4.73325728596875E-07	0	-0.000381469	11736.09765625	
35.604512	1.63867002206583E-02	5.05015600753125E-07	0	-0.00186538341	11736.09765625	
35.608608	1.63867851613056E-02	4.79402164828125E-07	0	-0.00075912331	11736.09765625	
35.612704	1.63872078530308E-02	4.19198859646875E-07	0	-0.00208663543	11736.09765625	
35.6168	1.63876944559642E-02	3.62345070346875E-07	0	0.0001144407	11736.09765625	
35.620896	1.63882207405348E-02	3.183891046875E-07	0	-0.00028610175	11736.09765625	
35.624992	1.63888782305187E-02	2.7304347695625E-07	0	-0.00125503301	11736.09765625	
35.629088	1.63895658017438E-02	2.32851449840625E-07	0	-0.00158309635	11736.09765625	
35.633184	1.63900240606506E-02	2.16995696465625E-07	0	-0.00174712802	11736.09765625	
35.63728	1.63901147615356E-02	2.424997575E-07	0	-0.00141524999	11736.09765625	
35.641376	1.63900382326639E-02	2.812429879875E-07	0	-0.00183486589	11736.09765625	
35.645472	1.63902341721766E-02	2.88746586253125E-07	0	-0.00116729514	11736.09765625	
35.649568	0.016390767314173	2.55114408346875E-07	0	-0.00146865565	11736.09765625	
35.653664	1.63914324844738E-02	2.06213495709375E-07	0	-0.00054168598	11736.09765625	
35.65776	1.63921043293356E-02	1.702604066625E-07	0	-0.00143432344	11736.09765625	
35.661856	1.63928570003894E-02	1.33302030159375E-07	0	-0.00318526615	11736.09765625	
35.665952	1.63936269521561E-02	9.8870333821875E-08	0	-0.00290679378	11736.09765625	
35.670048	1.63941083434459E-02	9.098212055625E-08	0	-0.00176620147	11736.09765625	
35.674144	1.63942689900739E-02	1.17053488715625E-07	0	-0.00135802964	11736.09765625	
35.67824	1.63942496978494E-02	1.58132293790625E-07	0	-0.00041580121	11736.09765625	
35.682336	1.63943272324769E-02	1.78411600434375E-07	0	-0.00067901482	11736.09765625	
35.686432	1.63946176216006E-02	1.70950069434375E-07	0	0.0003433221	11736.09765625	
35.690528	1.63949786879261E-02	1.51159704609375E-07	0	-0.00091934029	11736.09765625	
35.694624	1.63951691414981E-02	1.47528698625E-07	0	-0.00084686118	11736.09765625	
35.69872	1.63950462564281E-02	1.7038829115E-07	0	-0.00014877291	11736.09765625	
35.702816	1.63945794028809E-02	2.233295843625E-07	0	-0.00030136051	11736.09765625	
35.706912	1.63940063963827E-02	2.7598578170625E-07	0	-0.00085449056	11736.09765625	
35.711008	1.63932598512959E-02	3.27812412571875E-07	0	-0.00146865565	11736.09765625	
35.715104	1.63921328562269E-02	3.98563303359375E-07	0	-0.0010299663	11736.09765625	
35.7192	1.63904212427519E-02	5.0544324455625E-07	0	-0.00205611791	11736.09765625	
35.723296	1.63886103337516E-02	6.14322702984375E-07	0	-0.00160598449	11736.09765625	
35.727392	1.63870750018353E-02	6.75172642134375E-07	0	-0.00117492452	11736.09765625	
35.731488	1.63858262188844E-02	6.957531504E-07	0	-0.00057983288	11736.09765625	
35.735584	1.63846081572009E-02	7.0599015939375E-07	0	0.00102615161	11736.09765625	
35.73968	1.63834636071219E-02	7.1835360856875E-07	0	-0.00016784636	11736.09765625	
35.743776	1.63827337941541E-02	7.01001943228125E-07	0	-0.0016784636	11736.09765625	
35.747872	1.63823730021256E-02	6.5591520946875E-07	0	-0.00254439823	11736.09765625	
35.751968	1.63819526876414E-02	6.20643850509375E-07	0	-0.00015640229	11736.09765625	
35.756064	1.63811558547656E-02	6.32414031046875E-07	0	-0.00077056738	11736.09765625	
35.76016	1.63805648360956E-02	6.44593826559375E-07	0	-0.00169372236	11736.11328125	
35.764256	1.63807286828556E-02	5.93785704290625E-07	0	-0.00122833018	11736.11328125	
35.768352	1.63814813539094E-02	4.9444614016875E-07	0	-0.00127792115	11736.11328125	
35.772448	1.63821583189825E-02	4.14339729890625E-07	0	-0.000762938	11736.11328125	
35.776544	1.63826503164242E-02	3.77164767065625E-07	0	-0.00161361387	11736.11328125	
35.78064	1.63832998517942E-02	3.42583070878125E-07	0	-0.00157165228	11736.11328125	
35.784736	1.63841780594559E-02	2.9014201755E-07	0	-0.00136565902	11736.11328125	
35.788832	0.016384783981598	2.63463198075E-07	0	-0.00016784636	11736.11328125	
35.792928	1.63849937273945E-02	2.785602983625E-07	0	-0.00079345552	11736.11328125	
35.797024	0.016385088542735	3.055814251875E-07	0	-0.00132369743	11736.11328125	
35.80112	1.63854123046642E-02	3.0759921163125E-07	0	-0.00031661927	11736.11328125	
35.805216	1.63859555042184E-02	2.84606686546875E-07	0	0.00139999123	11736.11328125	
35.809312	1.63865792556675E-02	2.54172101596875E-07	0	0.00154494945	11736.11328125	
35.813408	1.63872756043975E-02	2.26235110303125E-07	0	-0.00033187803	11736.11328125	
35.817504	1.63883881531562E-02	1.7113684809375E-07	0	-0.00151443193	11736.11328125	
35.8216	1.63895897570178E-02	1.07576575115625E-07	0	-0.00177764554	11736.11328125	
35.825696	0.016390518892495	7.7004009534375E-08	0	-0.0032043396	11736.11328125	
35.829792	1.63909830030719E-02	8.7507845184375E-08	0	-0.00372313744	11736.11328125	
35.833888	1.63911504156933E-02	1.243854525375E-07	0	-0.00299834634	11736.11328125	
35.837984	1.63912552885916E-02	1.58979408328125E-07	0	-0.00054550067	11736.11328125	
35.84208	1.63915274826789E-02	1.69022667515625E-07	0	-0.00096893126	11736.11328125	
35.846176	1.63917218678417E-02	1.73649105196875E-07	0	-0.0000381469	11736.11328125	
35.850272	1.63918671538359E-02	1.83756787396875E-07	0	-0.0001907345	11736.11328125	
35.854368	1.63919723010313E-02	1.89916396621875E-07	0	-0.00028228706	11736.11328125	
35.858464	1.63918828801991E-02	2.0720700433125E-07	0	0.00006866442	11736.11328125	
35.86256	1.63916184578609E-02	2.34998563078125E-07	0	0.00013732884	11736.11328125	
35.866656	1.63911916516803E-02	2.69238432684375E-07	0	0.0000762938	11736.11328125	
35.870752	1.63904799423166E-02	3.149929542375E-07	0	-0.00105285444	11736.11328125	
35.874848	1.63894926558688E-02	3.731717422125E-07	0	-0.00091171091	11736.11328125	
35.878944	1.63881506119272E-02	4.4685868775625E-07	0	-0.00315474863	11736.11328125	
35.88304	1.63866776368694E-02	5.2154418999375E-07	0	-0.00231933152	11736.11328125	
35.887136	1.63851203611906E-02	5.85747491175E-07	0	-0.0019836388	11736.11328125	
35.891232	1.63834555610756E-02	6.448657012875E-07	0	-0.00030898989	11736.11328125	
35.895328	1.63817579367492E-02	7.00103867203125E-07	0	-0.00160598449	11736.11328125	
35.899424	1.63802321137967E-02	7.3632762905625E-07	0	-0.0017547574	11736.11328125	
35.90352	0.016378768739135	7.58956692965625E-07	0	-0.00107574258	11736.11328125	
35.907616	1.63768712437052E-02	8.07062894859375E-07	0	0.00032043396	11736.11328125	
35.911712	1.63747271552442E-02	8.7608037391875E-07	0	0.00131988274	11736.11328125	
35.915808	1.63728111904809E-02	9.289288787625E-07	0	0.00020980795	11736.11328125	
35.919904	1.63715719164938E-02	9.25427199571875E-07	0	0.00103378099	11736.11328125	
35.924	1.63707825810702E-02	8.880500734875E-07	0	0.00175857209	11736.11328125	
35.928096	1.63703236821369E-02	8.36562865359375E-07	0	0.0012588477	11736.11328125	
35.932192	1.63704302008173E-02	7.63310534765625E-07	0	-0.00165176077	11736.11328125	
35.936288	1.63712419371652E-02	6.546368453625E-07	0	-0.00139617654	11736.11328125	
35.940384	1.63725345162088E-02	5.3209610251875E-07	0	-0.00245666036	11736.11328125	
35.94448	1.63739367226325E-02	4.23344047809375E-07	0	-0.00150298786	11736.11328125	
35.948576	1.63753339917097E-02	3.42374898009375E-07	0	-0.00243758691	11736.11328125	
35.952672	0.016376946218227	2.6594540713125E-07	0	-0.00276565025	11736.11328125	
35.956768	1.63787938830295E-02	1.8604548703125E-07	0	-0.00126266239	11736.11328125	
35.960864	1.63805833968614E-02	1.18418391196875E-07	0	-0.00035858086	11736.11328125	
35.96496	1.63822641976366E-02	7.230233154375E-08	0	0.00085449056	11736.11328125	
35.969056	1.63838927905434E-02	3.74682317625E-08	0	0.00225829648	11736.11328125	
35.973152	1.63856085184739E-02	1.3221140625E-10	0	0.00187301279	11736.11328125	
35.977248	1.63873746256258E-02	-3.9220393471875E-08	0	0.00068282951	11736.11328125	
35.981344	1.63889745087767E-02	-6.8574210271875E-08	0	0.00056457412	11736.11328125	
35.98544	1.63900471930336E-02	-6.2899215946875E-08	0	-0.00226211117	11736.11328125	
35.989536	1.63904964915708E-02	-1.7602626628125E-08	0	-0.00254821292	11736.11328125	
35.993632	1.63904975887589E-02	5.141917935E-08	0	-0.00173186926	11736.11328125	
35.997728	0.016390422614237	1.13958299503125E-07	0	-0.00159454042	11736.11328125	
36.001824	1.63904621130095E-02	1.4831283245625E-07	0	-0.00166701953	11736.11328125	
36.00592	1.63903864984613E-02	1.75789487671875E-07	0	-0.00098037533	11736.11328125	
36.010016	1.63900518560831E-02	2.12517816328125E-07	0	-0.00155257883	11736.11328125	
36.014112	1.63896676573747E-02	2.4911177011875E-07	0	-0.0028228706	11736.11328125	
36.018208	1.63894452024823E-02	2.65326898134375E-07	0	-0.00092696967	11736.11328125	
36.022304	1.63890207735427E-02	2.838766392E-07	0	-0.00033569272	11736.11328125	
36.0264	1.63880736258938E-02	3.2937515139375E-07	0	0.00012207008	11736.11328125	
36.030496	1.63866812941631E-02	4.06443824325E-07	0	-0.00040817183	11736.11328125	
36.034592	1.63853414445978E-02	4.7188270119375E-07	0	-0.00115585107	11736.11328125	
36.038688	1.63842412392055E-02	5.05043966109375E-07	0	-0.00053787129	11736.11328125	
36.042784	1.63829850502347E-02	5.34361725253125E-07	0	0.00020599326	11736.11328125	
36.04688	1.63814026306614E-02	5.83560233746875E-07	0	-0.00027465768	11736.11328125	
36.050976	1.63799104548114E-02	6.30235667840625E-07	0	-0.00104522506	11736.11328125	
36.055072	0.016378962118542	6.35532777928125E-07	0	-0.00152969069	11736.11328125	
36.059168	1.63781015573227E-02	6.22764521465625E-07	0	-0.00247573381	11736.11328125	
36.063264	1.63767572275725E-02	6.41873636971875E-07	0	-0.00086974932	11736.11328125	
36.06736	1.63750429625595E-02	6.944906516625E-07	0	-0.00267409769	11736.11328125	
36.071456	1.63735735533631E-02	7.3437859254375E-07	0	-0.00184249527	11736.11328125	
36.075552	1.63724942859775E-02	7.404982979625E-07	0	0.00051116846	11736.11328125	
36.079648	1.63714164815094E-02	7.3829685785625E-07	0	0.00130843867	11736.11328125	
36.083744	1.63703768043286E-02	7.42816324490625E-07	0	0.00063323854	11736.11328125	
36.08784	1.63697679563516E-02	7.2807571423125E-07	0	-0.00016784636	11736.11328125	
36.091936	1.63698180612759E-02	6.763252852125E-07	0	0.00153350538	11736.11328125	
36.096032	1.63702098488689E-02	6.05340500428125E-07	0	0.00078201145	11736.11328125	
36.100128	1.63705924932275E-02	5.478763752E-07	0	-0.00022125202	11736.11328125	
36.104224	1.63710441690056E-02	5.05218485165625E-07	0	-0.00135421495	11736.11328125	
36.10832	1.63718457563633E-02	4.53353633184375E-07	0	-0.0022506671	11736.11328125	
36.112416	1.63727293585333E-02	4.0053469561875E-07	0	-0.00146484096	11736.11328125	
36.116512	1.63736913182219E-02	3.52247724675E-07	0	-0.00188064217	11736.11328125	
36.120608	0.016374690125145	3.13706176678125E-07	0	-0.00227736993	11736.11328125	
36.124704	1.63758313836597E-02	2.72833621396875E-07	0	-0.00146102627	11736.11328125	
36.1288	0.016377071480538	2.327949595125E-07	0	0.00061416509	11736.11328125	
36.132896	1.63785772798072E-02	1.821161640375E-07	0	0.00074767924	11736.11328125	
36.136992	1.63798840308641E-02	1.43522212246875E-07	0	0.00025176954	11736.11328125	
36.141088	1.63808911581305E-02	1.3055323483125E-07	0	-0.00090026684	11736.11328125	
36.145184	1.63816291085769E-02	1.35110201428125E-07	0	-0.00140380592	11736.11328125	
36.14928	1.63819719798659E-02	1.6056522405E-07	0	-0.00097274595	11736.11328125	
36.153376	1.63820503373845E-02	1.99221675778125E-07	0	-0.00159835511	11736.11328125	
36.157472	1.63819845975294E-02	2.37093993675E-07	0	-0.00224303772	11736.11328125	
36.161568	1.63817331585841E-02	2.74016312521875E-07	0	-0.00024032547	11736.11328125	
36.165664	0.016381358377407	3.13316994375E-07	0	-0.00155257883	11736.11328125	
36.16976	0.016381141865617	3.3609629851875E-07	0	-0.00306319607	11736.11328125	
36.173856	1.63810090144216E-02	3.4407802130625E-07	0	-0.00250243664	11736.11328125	
36.177952	1.63805736136006E-02	3.6007992838125E-07	0	-0.00219726144	11736.11328125	
36.182048	1.63797383791405E-02	4.01321473678125E-07	0	-0.00128936522	11736.11328125	
36.186144	1.63786873643491E-02	4.5151156771875E-07	0	-0.00068282951	11736.11328125	
36.19024	1.63775795700722E-02	4.9613556155625E-07	0	-0.00085449056	11736.11328125	
36.194336	1.63763162493786E-02	5.405869594125E-07	0	-0.00051879784	11736.11328125	
36.198432	0.016374874178453	5.87603498934375E-07	0	0.0009918194	11736.11328125	
36.202528	1.63735127508545E-02	6.29018842134375E-07	0	0.00024795485	11736.11328125	
36.206624	1.63723839271386E-02	6.49266418040625E-07	0	-0.00003051752	11736.11328125	
36.21072	1.63715931287975E-02	6.465310842375E-07	0	-0.00055694474	11736.11328125	
36.214816	1.63709678229986E-02	6.322214831625E-07	0	-0.00204467384	11736.11328125	
36.218912	1.63703003668892E-02	6.2261428123125E-07	0	-0.0010681132	11736.11328125	
36.223008	1.63695861888522E-02	6.24047452875E-07	0	-0.00336455658	11736.11328125	
36.227104	1.63691186952786E-02	6.14878231275E-07	0	-0.0032806334	11736.11328125	
36.2312	1.63687608290852E-02	5.9875853585625E-07	0	-0.00328826278	11736.11328125	
36.235296	1.63683550523436E-02	5.89573689271875E-07	0	-0.00043868935	11736.11328125	
36.239392	1.63681288487252E-02	5.78568892584375E-07	0	-0.00051498315	11736.11328125	
36.243488	1.63682545681978E-02	5.519446403625E-07	0	-0.00016784636	11736.11328125	
36.247584	1.63685681811369E-02	5.158687149E-07	0	0.00065231199	11736.11328125	
36.25168	1.63690560641231E-02	4.7467115994375E-07	0	0.00183868058	11736.11328125	
36.255776	1.63694978652081E-02	4.43009172375E-07	0	0.00047302156	11736.11328125	
36.259872	1.63697012107406E-02	4.30341636965625E-07	0	-0.00127029177	11736.11328125	
36.263968	1.63697646647872E-02	4.3140389551875E-07	0	-0.00049972439	11736.11328125	
36.268064	1.63697869742791E-02	4.35705573909375E-07	0	-0.00158691104	11736.11328125	
36.27216	1.63696916103445E-02	4.44554603521875E-07	0	-0.00197600942	11736.11328125	
36.276256	1.63694469373927E-02	4.60330549284375E-07	0	-0.00185393934	11736.11328125	
36.280352	1.63692449633453E-02	4.7549135143125E-07	0	-0.00148391441	11736.11328125	
36.284448	1.63693607166925E-02	4.71093038521875E-07	0	-0.00148009972	11736.11328125	
36.288544	1.63697778310447E-02	4.45652679346875E-07	0	-0.00064468261	11736.11328125	
36.29264	1.63704043254641E-02	4.1196449188125E-07	0	-0.00078201145	11736.11328125	
36.296736	1.63710532208077E-02	3.790140440625E-07	0	-0.00165176077	11736.11328125	
36.300832	1.63715257431602E-02	3.6113954270625E-07	0	-0.00096511657	11736.11328125	
36.304928	0.01637191350773	3.53355415875E-07	0	-0.00124740363	11736.11328125	
36.309024	1.63723314449733E-02	3.45235472071875E-07	0	-0.00196456535	11736.11328125	
36.31312	1.63725107437994E-02	3.4742513334375E-07	0	-0.00296019944	11736.11328125	
36.317216	1.63724737137002E-02	3.6302127159375E-07	0	0.0001144407	11736.11328125	
36.321312	1.63724358607098E-02	3.78689765540625E-07	0	-0.00077056738	11736.11328125	
36.325408	0.016372598427417	3.806255809125E-07	0	-0.00160979918	11736.11328125	
36.329504	1.63729834490166E-02	3.672688635E-07	0	-0.00252532478	11736.11328125	
36.3336	1.63731529645819E-02	3.591332947125E-07	0	-0.00071716172	11736.11328125	
36.337696	1.63729828089902E-02	3.72597463940625E-07	0	-0.00135421495	11736.11328125	
36.341792	1.63728129276955E-02	3.9012124449375E-07	0	-0.00336455658	11736.11328125	
36.345888	1.63727976584941E-02	3.95139268321875E-07	0	-0.00109100134	11736.11328125	
36.349984	1.63726564869553E-02	4.00043830725E-07	0	0.00007247911	11736.11328125	
36.35408	1.63722810657519E-02	4.158697764375E-07	0	0.00013732884	11736.11328125	
36.358176	1.63719115876508E-02	4.35234420534375E-07	0	-0.00150298786	11736.11328125	
36.362272	1.63719579438491E-02	4.3191062578125E-07	0	-0.0008773787	11736.109375	
36.366368	1.63723416853958E-02	4.06756564396875E-07	0	-0.00055313005	11736.109375	
36.370464	1.63725802323806E-02	3.83721491278125E-07	0	-0.00065612668	11736.109375	
36.37456	1.63726171710475E-02	3.80883513346875E-07	0	0.00042343059	11736.109375	
36.378656	1.63726788878795E-02	3.79743129871875E-07	0	-0.00259017451	11736.109375	
36.382752	1.63728364258078E-02	3.73781116603125E-07	0	-0.00288009095	11736.109375	
36.386848	1.63726942485133E-02	3.76622940684375E-07	0	-0.00186156872	11736.109375	
36.390944	1.63719159764033E-02	4.1107891584375E-07	0	-0.00101089285	11736.109375	
36.39504	1.63709807149591E-02	4.59611319234375E-07	0	-0.0011825539	11736.109375	
36.399136	1.63703004583216E-02	4.8998364463125E-07	0	0.00057601819	11736.109375	
36.403232	1.63699220198508E-02	4.95431475721875E-07	0	0.00098419002	11736.109375	
36.407328	1.63696733238758E-02	4.88867059209375E-07	0	0.00182723651	11736.109375	
36.411424	1.63694846075183E-02	4.80709134675E-07	0	-0.00083160242	11736.109375	
36.41552	1.63694404456963E-02	4.6844616616875E-07	0	-0.00168609298	11736.109375	
36.419616	1.63694497717953E-02	4.53183441046875E-07	0	-0.00207137667	11736.109375	
36.423712	1.63693896093131E-02	4.44369026784375E-07	0	-0.00097656064	11736.109375	
36.427808	1.63690967515161E-02	4.47650754271875E-07	0	-0.00254058354	11736.109375	
36.431904	1.63687308392764E-02	4.59037762115625E-07	0	-0.00195693597	11736.109375	
36.436	1.63686181946289E-02	4.6041059728125E-07	0	0.00038528369	11736.109375	
36.440096	1.63687840529005E-02	4.44738257184375E-07	0	-0.00024414016	11736.109375	
36.444192	1.63689566771655E-02	4.26236833378125E-07	0	0.00009155256	11736.109375	
36.448288	1.63690643844664E-02	4.15458959540625E-07	0	0.00024032547	11736.109375	
36.452384	1.63691820578928E-02	4.0714718900625E-07	0	0.00056075943	11736.109375	
36.45648	1.63690270800702E-02	4.09940215059375E-07	0	0.0000381469	11736.109375	
36.460576	1.63685071957636E-02	4.3246254830625E-07	0	0.00001907345	11736.109375	
36.464672	1.63676951851187E-02	4.68170445290625E-07	0	-0.00170898112	11736.109375	
36.468768	1.63664666087158E-02	5.1679563705E-07	0	-0.00120925673	11736.109375	
36.472864	1.63649398714398E-02	5.751888478875E-07	0	0.00003433221	11736.109375	
36.47696	1.63633291992723E-02	6.3094888828125E-07	0	-0.00186538341	11736.109375	
36.481056	1.63618660074753E-02	6.73116634575E-07	0	-0.00160979918	11736.109375	
36.485152	1.63606353281284E-02	6.950271895875E-07	0	-0.00051879784	11736.109375	
36.489248	0.016359399711435	7.11323086753125E-07	0	0.00024032547	11736.109375	
36.493344	1.63582758250656E-02	7.22839661775E-07	0	-0.00061416509	11736.109375	
36.49744	1.63573749421827E-02	7.23409613128125E-07	0	-0.00138091778	11736.109375	
36.501536	1.63567777975456E-02	7.1056227020625E-07	0	-0.00046539218	11736.109375	
36.505632	1.63561471886708E-02	6.9787478289375E-07	0	-0.00040054245	11736.109375	
36.509728	1.63555761936841E-02	6.90365896171875E-07	0	0.00074386455	11736.109375	
36.513824	1.63552674266592E-02	6.75909660628125E-07	0	-0.00057601819	11736.109375	
36.51792	1.63554427024622E-02	6.42910655165625E-07	0	0.00051879784	11736.109375	
36.522016	1.63559351570656E-02	5.97121758646875E-07	0	0.0012588477	11736.109375	
36.526112	1.63567422303639E-02	5.44136234709375E-07	0	0.00062560916	11736.109375	
36.530208	1.63578295437958E-02	4.86876195815625E-07	0	-0.0003433221	11736.109375	
36.534304	1.63591400435787E-02	4.2887793650625E-07	0	-0.00069427358	11736.109375	
36.5384	1.63606621178052E-02	3.6957703426875E-07	0	-0.00091171091	11736.109375	
36.542496	0.016362050243648	3.21476361215625E-07	0	-0.00139236185	11736.109375	
36.546592	1.63631843704398E-02	2.9477518599375E-07	0	-0.0009536725	11736.109375	
36.550688	1.63642135329011E-02	2.80120152571875E-07	0	-0.00169753705	11736.109375	
36.554784	1.63652961832834E-02	2.6568050355E-07	0	0.0006484973	11736.109375	
36.55888	1.63663900798441E-02	2.51007681684375E-07	0	0.0013351415	11736.109375	
36.562976	1.63674312199423E-02	2.3789735825625E-07	0	0.00057983288	11736.109375	
36.567072	1.63683641041456E-02	2.29576933884375E-07	0	0.0009155256	11736.12890625	
36.571168	0.016368976243687	2.327228442E-07	0	-0.00131606805	11736.12890625	
36.575264	1.63691611198861E-02	2.55115369884375E-07	0	-0.00024414016	11736.12890625	
36.57936	1.63689285160036E-02	2.92270861575E-07	0	-0.00136565902	11736.12890625	
36.583456	1.63682018117355E-02	3.4318282989375E-07	0	-0.00049972439	11736.12890625	
36.587552	1.63668775971009E-02	4.145082393375E-07	0	-0.00020980795	11736.12890625	
36.591648	1.63652756110061E-02	4.9113556655625E-07	0	0.00001907345	11736.12890625	
36.595744	1.63635856669966E-02	5.5990280548125E-07	0	-0.00039291307	11736.12890625	
36.59984	1.63619160209673E-02	6.13892895721875E-07	0	-0.00062560916	11736.12890625	
36.603936	1.63602837707667E-02	6.57204390871875E-07	0	0.00051116846	11736.12890625	
36.608032	1.63587003454377E-02	6.911916165E-07	0	0.00025939892	11736.12890625	
36.612128	1.63573947830013E-02	7.119233265375E-07	0	0.00093078436	11736.12890625	
36.616224	1.63566703645417E-02	7.0602477474375E-07	0	0.00040054245	11736.12890625	
36.62032	1.63563575744938E-02	6.762060545625E-07	0	-0.00029373113	11736.12890625	
36.624416	1.63560190919572E-02	6.4910079320625E-07	0	0.00009918194	11736.12890625	
36.628512	1.63558983098311E-02	6.2369408784375E-07	0	-0.00086211994	11736.12890625	
36.632608	0.016356295126203	5.832599936625E-07	0	-0.00089263746	11736.12890625	
36.636704	1.63571543159372E-02	5.26158368071875E-07	0	-0.00065612668	11736.12890625	
36.6408	1.63581438881936E-02	4.68735348571875E-07	0	0.00204467384	11736.12890625	
36.644896	1.63592130065891E-02	4.1954958045E-07	0	0.00251006602	11736.12890625	
36.648992	1.63606058869138E-02	3.688025158125E-07	0	0.00061797978	11736.12890625	
36.653088	1.63622650182234E-02	3.1094632366875E-07	0	0.00028610175	11736.12890625	
36.657184	1.63636840481984E-02	2.649410812125E-07	0	0.00123595956	11736.12890625	
36.66128	1.63643730823409E-02	2.5520887940625E-07	0	0.00152969069	11736.12890625	
36.665376	1.63644256559386E-02	2.8270789036875E-07	0	0.00035476617	11736.12890625	
36.669472	1.63644195299716E-02	3.15930212915625E-07	0	0.0005340566	11736.12890625	
36.673568	1.63643741795291E-02	3.4094148598125E-07	0	0.00199126818	11736.12890625	
36.677664	1.63639217722922E-02	3.720044356875E-07	0	0.0020599326	11736.12890625	
36.68176	1.63630334156403E-02	4.20039724190625E-07	0	0.00080871428	11736.12890625	
36.685856	1.63622926307913E-02	4.611985772625E-07	0	0.00013351415	11736.12890625	
36.689952	1.63615618120677E-02	4.8850960764375E-07	0	-0.00017166105	11736.12890625	
36.694048	1.63604915964841E-02	5.21360295946875E-07	0	0.00006103504	11736.12890625	
36.698144	1.63588974735708E-02	5.721580816875E-07	0	-0.00052261253	11736.12890625	
36.70224	1.63570514545505E-02	6.326301366E-07	0	0.0001907345	11736.12890625	
36.706336	1.63552992451148E-02	6.83037057346875E-07	0	-0.00186538341	11736.12890625	
36.710432	1.63537036592841E-02	7.166425525875E-07	0	0.00129317991	11736.12890625	
36.714528	1.63520747006478E-02	7.433636797125E-07	0	0.00035476617	11736.12890625	
36.718624	1.63505501577481E-02	7.652309655375E-07	0	0.00003433221	11736.12890625	
36.72272	1.63493205755894E-02	7.750915326E-07	0	0.00149535848	11736.12890625	
36.726816	1.63485638815125E-02	7.6450163934375E-07	0	0.00069045889	11736.12890625	
36.730912	1.63481209832394E-02	7.39748539096875E-07	0	0.00043105997	11736.12890625	
36.735008	1.63478240109869E-02	7.12269720421875E-07	0	0.0001907345	11736.12890625	
36.739104	1.63476659244645E-02	6.8549017989375E-07	0	-0.00157928166	11736.12890625	
36.7432	1.63476311801739E-02	6.6004405149375E-07	0	-0.00081252897	11736.12890625	
36.747296	1.63477526937587E-02	6.334849434375E-07	0	0.00018691981	11736.12890625	
36.751392	1.63481199774836E-02	6.01720552125E-07	0	-0.000381469	11736.12890625	
36.755488	0.016348746471903	5.64534291234375E-07	0	-0.00028228706	11736.12890625	
36.759584	1.63495031659798E-02	5.2661437723125E-07	0	0.00038909838	11736.12890625	
36.76368	0.01635054320889	4.8583364878125E-07	0	0.00135040026	11736.12890625	
36.767776	1.63519120425083E-02	4.38139225321875E-07	0	0.00259780389	11736.12890625	
36.771872	1.63533806288136E-02	3.87578218190625E-07	0	0.00195312128	11736.12890625	
36.775968	1.63546736650189E-02	3.50662870490625E-07	0	0.00177001616	11736.12890625	
36.780064	1.63557420519556E-02	3.29596064634375E-07	0	0.00120544204	11736.12890625	
36.78416	0.01635668161072	3.18651364040625E-07	0	0.00116729514	11736.12890625	
36.788256	1.63574063034766E-02	3.171689136E-07	0	-0.00005722035	11736.12890625	
36.792352	1.63580986291834E-02	3.19043190571875E-07	0	0.00126647708	11736.12890625	
36.796448	1.63586820589689E-02	3.21794149359375E-07	0	0.00083160242	11736.12890625	
36.800544	1.63590558343902E-02	3.31080197765625E-07	0	0.00145339689	11736.12890625	
36.80464	1.63594604225113E-02	3.40597976709375E-07	0	0.00079345552	11736.12890625	
36.808736	1.63599887185934E-02	3.39597977709375E-07	0	-0.00089263746	11736.12890625	
36.812832	1.63602489350437E-02	3.4416455968125E-07	0	0.00075530862	11736.12890625	
36.816928	1.63601248613533E-02	3.634534827E-07	0	0.00115966576	11736.12890625	
36.821024	0.016359697872308	3.93685423621875E-07	0	0.00063705323	11736.12890625	
36.82512	1.63591749707341E-02	4.25526737934375E-07	0	0.00130843867	11736.12890625	
36.829216	0.016358744324395	4.4824522483125E-07	0	0.00184630996	11736.12890625	
36.833312	0.016358355462637	4.64263237659375E-07	0	0.00287627626	11736.12890625	
36.837408	0.016357986258833	4.74848323228125E-07	0	0.00047683625	11736.12890625	
36.841504	1.63576847149633E-02	4.83236295609375E-07	0	0.0001144407	11736.12890625	
36.8456	1.63576330556891E-02	4.8012644295E-07	0	0.00061797978	11736.12890625	
36.849696	1.63576387244944E-02	4.7061251015625E-07	0	-0.00010681132	11736.12890625	
36.853792	1.63575140107775E-02	4.65576697884375E-07	0	0.00037383962	11736.12890625	
36.857888	1.63571860429605E-02	4.70993759775E-07	0	-0.00132369743	11736.12890625	
36.861984	1.63568712414009E-02	4.7890673263125E-07	0	-0.0000381469	11736.12890625	
36.86608	1.63564588815306E-02	4.87364176096875E-07	0	-0.00100326347	11736.12890625	
36.870176	1.63559070873361E-02	5.01532911928125E-07	0	-0.00029373113	11736.12890625	
36.874272	1.63551711484013E-02	5.19504047803125E-07	0	0.00049209501	11736.12890625	
36.878368	1.63542076343628E-02	5.45349214265625E-07	0	0.00064086792	11736.12890625	
36.882464	1.63533542048662E-02	5.67347749959375E-07	0	0.00242995753	11736.12890625	
36.88656	1.63526591361891E-02	5.77612162771875E-07	0	0.00217818799	11736.12890625	
36.890656	1.63518661434717E-02	5.87188595503125E-07	0	0.00208663543	11736.12890625	
36.894752	1.63508135743305E-02	6.05446750321875E-07	0	-0.00128555053	11736.12890625	
36.898848	1.63494919198016E-02	6.33693837459375E-07	0	-0.00024795485	11736.12890625	
36.902944	1.63480525004139E-02	6.66286593328125E-07	0	0.00004577628	11736.12890625	
36.90704	1.63465787938973E-02	6.97321177678125E-07	0	-0.00108718665	11736.12890625	
36.911136	0.016345197434048	7.2133341328125E-07	0	0.00070190296	11736.12890625	
36.915232	1.63438689220933E-02	7.4060166324375E-07	0	0.00036621024	11736.12890625	
36.919328	1.63429310091111E-02	7.44467765146875E-07	0	0.00116729514	11736.12890625	
36.923424	1.63424370001578E-02	7.2983340478125E-07	0	0.00078964083	11736.12890625	
36.92752	0.016342327738507	7.00091367215625E-07	0	0.00082015835	11736.12890625	
36.931616	1.63421672747438E-02	6.72264471965625E-07	0	0.00108337196	11736.12890625	
36.935712	1.63418440614086E-02	6.58553908753125E-07	0	0.00126266239	11736.12890625	
36.939808	1.63417900248934E-02	6.447907013625E-07	0	0.00078964083	11736.12890625	
36.943904	1.63421041864266E-02	6.1924024614375E-07	0	0.00136565902	11736.12890625	
36.948	1.63426621065881E-02	5.85223212853125E-07	0	0.00256347168	11736.12890625	
36.952096	1.63433451976283E-02	5.513023333125E-07	0	0.00246428974	11736.12890625	
36.956192	1.63442801847755E-02	5.1498554270625E-07	0	0.00068282951	11736.12890625	
36.960288	1.63456737051266E-02	4.69070684775E-07	0	-0.00116348045	11736.12890625	
36.964384	1.63474340520408E-02	4.11130598484375E-07	0	0.00067138544	11736.12890625	
36.96848	1.63490517644987E-02	3.5977992868125E-07	0	0.00070190296	11736.12890625	
36.972576	1.63504291927573E-02	3.27747508790625E-07	0	-0.00044631873	11736.12890625	
36.976672	1.63518572745344E-02	3.042410419125E-07	0	0.00008010849	11736.12890625	
36.980768	1.63534210419095E-02	2.7759828009375E-07	0	-0.00043868935	11736.12890625	
36.984864	1.63547001803986E-02	2.57630751984375E-07	0	0.0014877291	11736.12890625	
36.98896	1.63553929632672E-02	2.62745169946875E-07	0	0.00143813813	11736.12890625	
36.993056	1.63558801147947E-02	2.80096114134375E-07	0	0.00073242048	11736.12890625	
36.997152	1.63564647332006E-02	2.9254922668125E-07	0	-0.00031661927	11736.12890625	
37.001248	1.63569670624972E-02	3.0035883425625E-07	0	0.00206374729	11736.12890625	
37.005344	1.63570248477384E-02	3.182775663375E-07	0	0.00120925673	11736.12890625	
37.00944	0.016356676033347	3.51151571925E-07	0	0.00051879784	11736.12890625	
37.013536	1.63561451771592E-02	3.87436391409375E-07	0	-0.00002670283	11736.12890625	
37.017632	1.63554344735512E-02	4.22903182865625E-07	0	-0.00105666913	11736.12890625	
37.021728	0.01635437020107	4.6351059418125E-07	0	-0.00047302156	11736.12890625	
37.025824	1.63527650148431E-02	5.1704323295625E-07	0	-0.00097274595	11736.12890625	
37.02992	1.63508944005223E-02	5.78609757928125E-07	0	-0.00040435714	11736.12890625	
37.034016	1.63490495701225E-02	6.3131619560625E-07	0	0.00082778773	11736.12890625	
37.038112	1.63472214718416E-02	6.7576711269375E-07	0	0.00159454042	11736.12890625	
37.042208	1.63455446026572E-02	7.08783666215625E-07	0	0.00171279581	11736.12890625	
37.046304	0.016343956880008	7.31721624046875E-07	0	0.00116729514	11736.12890625	
37.0504	1.63423916497153E-02	7.506607878E-07	0	0.00184630996	11736.12890625	
37.054496	0.016340794600967	7.68213414478125E-07	0	0.0006484973	11736.12890625	
37.058592	1.63392045010769E-02	7.86452819315625E-07	0	0.00042724528	11736.12890625	
37.062688	1.63377331718013E-02	7.9976891176875E-07	0	0.0007247911	11736.12890625	
37.066784	1.63364255978533E-02	8.06394145528125E-07	0	0.00009155256	11736.12890625	
37.07088	1.63353078374509E-02	8.07396548371875E-07	0	0.00143813813	11736.12890625	
37.074976	1.63345697955722E-02	7.974155487375E-07	0	0.0010681132	11736.12890625	
37.079072	1.63344086917825E-02	7.7037278731875E-07	0	-0.00003433221	11736.12890625	
37.083168	1.63348031309134E-02	7.23518747634375E-07	0	0.00036621024	11736.12890625	
37.087264	0.01633531131188	6.75479853365625E-07	0	0.00004577628	11736.12890625	
37.09136	1.63359653274348E-02	6.31939031521875E-07	0	0.00024414016	11736.12890625	
37.095456	1.63368652959944E-02	5.8782393140625E-07	0	-0.00051116846	11736.12890625	
37.099552	1.63380971639617E-02	5.3916148006875E-07	0	0.00006866442	11736.12890625	
37.103648	1.63393471355331E-02	4.92454074853125E-07	0	0.00105666913	11736.12890625	
37.107744	1.63406258168605E-02	4.5473079526875E-07	0	0.00124740363	11736.12890625	
37.11184	1.63420137598386E-02	4.19559916978125E-07	0	0.00107955727	11736.12890625	
37.115936	0.01634370260666	3.813457725E-07	0	0.00215148516	11736.12890625	
37.120032	1.63456988490211E-02	3.340381275E-07	0	0.0012969946	11736.12890625	
37.124128	1.63475797951967E-02	2.926843227E-07	0	0.00123595956	11736.12890625	
37.128224	1.63491690721958E-02	2.66154781921875E-07	0	0.00059127695	11736.12890625	
37.13232	1.63505579294973E-02	2.52621141609375E-07	0	-0.00100707816	11736.12890625	
37.136416	1.63518160385473E-02	2.4486513975E-07	0	-0.00019454919	11736.12890625	
37.140512	1.63525138501948E-02	2.52843977925E-07	0	0.00068282951	11736.12890625	
37.144608	1.63526686451528E-02	2.80952363278125E-07	0	0.00117873921	11736.12890625	
37.148704	1.63525306737461E-02	3.19096075134375E-07	0	0.00035095148	11736.12890625	
37.1528	1.63521853337837E-02	3.5808473806875E-07	0	0.00016021698	11736.12890625	
37.156896	1.63516671866917E-02	3.9482027825625E-07	0	0.00292205254	11736.12890625	
37.160992	1.63507544176041E-02	4.362678329625E-07	0	0.00252913947	11736.12890625	
37.165088	1.63495651571089E-02	4.84260333046875E-07	0	0.00157165228	11736.12890625	
37.169184	1.63481207089423E-02	5.3307879384375E-07	0	0.00041580121	11736.125	
37.17328	1.63464168672166E-02	5.84174415825E-07	0	0.00129317991	11736.125	
37.177376	1.63444147731855E-02	6.37901044790625E-07	0	-0.00043487466	11736.125	
37.181472	1.63421094895025E-02	6.96042332803125E-07	0	-0.00077438207	11736.125	
37.185568	1.63396457535678E-02	7.536809770875E-07	0	-0.00155257883	11736.125	
37.189664	1.63372782958911E-02	8.04644628046875E-07	0	-0.00096893126	11736.125	
37.19376	1.63354025613591E-02	8.32854936375E-07	0	0.00182723651	11736.125	
37.197856	1.63338636635814E-02	8.4235829225625E-07	0	0.00044631873	11736.125	
37.201952	1.63326555680234E-02	8.3718714358125E-07	0	0.00078582614	11736.125	
37.206048	1.63316816306978E-02	8.23954224121875E-07	0	0.00111770417	11736.125	
37.210144	1.63311219733217E-02	8.00723958890625E-07	0	0.00059127695	11736.125	
37.21424	1.63309429487927E-02	7.68143462625E-07	0	0.00094222843	11736.125	
37.218336	1.63307980285278E-02	7.35333158896875E-07	0	0.00128555053	11736.125	
37.222432	0.016330761364158	7.08924531459375E-07	0	0.00206756198	11736.125	
37.226528	1.63310598907603E-02	6.78371677396875E-07	0	0.00085830525	11736.125	
37.230624	1.63316927854438E-02	6.40217869396875E-07	0	0.00027465768	11736.125	
37.23472	1.63325922054092E-02	5.9770853690625E-07	0	-0.00006484973	11736.125	
37.238816	1.63336212764381E-02	5.55553050215625E-07	0	0.00070190296	11736.125	
37.242912	0.016334632792457	5.20426162265625E-07	0	-0.00030136051	11736.125	
37.247008	1.63358033093217E-02	4.88118021496875E-07	0	-0.00083160242	11736.125	
37.251104	1.63371977439963E-02	4.5144137548125E-07	0	0.00042343059	11736.125	
37.2552	1.63382717997383E-02	4.24948373128125E-07	0	0.00006866442	11736.125	
37.259296	1.63389253581314E-02	4.18797658125E-07	0	0.001144407	11736.125	
37.263392	1.63393432953747E-02	4.26084910453125E-07	0	0.00186156872	11736.125	
37.267488	1.63398556822291E-02	4.31760385546875E-07	0	0.00074004986	11736.125	
37.271584	1.63404444150905E-02	4.30195002496875E-07	0	0.00200271225	11736.125	
37.27568	1.63407850005709E-02	4.32107981353125E-07	0	0.00326918933	11736.125	
37.279776	1.63408087729803E-02	4.45604121703125E-07	0	0.00159072573	11736.125	
37.283872	1.63407980753961E-02	4.61812999725E-07	0	-0.0002288814	11736.125	
37.287968	1.63408078586569E-02	4.73430055415625E-07	0	-0.00032806334	11736.125	
37.292064	1.63405264299028E-02	4.88677155553125E-07	0	-0.00047302156	11736.125	
37.29616	1.63396170438119E-02	5.2066246010625E-07	0	-0.00025939892	11736.125	
37.300256	1.63382109972297E-02	5.70910727165625E-07	0	-0.00168227829	11736.125	
37.304352	1.63368621872947E-02	6.17890487878125E-07	0	-0.00101852223	11736.125	
37.308448	1.63356766755256E-02	6.506406955125E-07	0	0.00075149393	11736.125	
37.312544	1.63343435005214E-02	6.76874082740625E-07	0	0.00105666913	11736.125	
37.31664	1.63329189846058E-02	7.05699534684375E-07	0	0.0012969946	11736.125	
37.320736	1.63317442618533E-02	7.25650476271875E-07	0	0.00193023314	11736.125	
37.324832	1.63308957697033E-02	7.31169701521875E-07	0	0.00128555053	11736.125	
37.328928	1.63302853673764E-02	7.2599110093125E-07	0	0.00050353908	11736.125	
37.333024	1.63296830110958E-02	7.1835264703125E-07	0	0.00108337196	11736.125	
37.33712	1.63289778848608E-02	7.1669399484375E-07	0	0.00057601819	11736.125	
37.341216	0.016328468058112	7.13674045940625E-07	0	0.00011825539	11736.125	
37.345312	1.63283075943488E-02	7.0159208686875E-07	0	0.00056457412	11736.125	
37.349408	1.63285615933997E-02	6.76253410284375E-07	0	-0.00023269609	11736.125	
37.353504	1.63289643528739E-02	6.45687094696875E-07	0	-0.00070571765	11736.125	
37.3576	0.016329503803702	6.1680322935E-07	0	0.0003051752	11736.125	
37.361696	1.63302865559969E-02	5.8586143336875E-07	0	-0.00009155256	11736.125	
37.365792	1.63312977062864E-02	5.50264593965625E-07	0	0.00068282951	11736.125	
37.369888	1.63323419550844E-02	5.1641342589375E-07	0	0.00108718665	11736.125	
37.373984	1.63333391162253E-02	4.89466818225E-07	0	0.00050735377	11736.125	
37.37808	1.63341575271342E-02	4.7142404780625E-07	0	0.00065994137	11736.125	
37.382176	1.63349037064916E-02	4.61280548334375E-07	0	0.00208663543	11736.125	
37.386272	1.63359827910125E-02	4.45060372246875E-07	0	0.0011062601	11736.125	
37.390368	1.63373077371058E-02	4.18045014646875E-07	0	0.00094604312	11736.125	
37.394464	1.63385835840305E-02	3.918928773375E-07	0	0.00161361387	11736.125	
37.39856	1.63398414187834E-02	3.7152318616875E-07	0	0.00150680255	11736.125	
37.402656	1.63413488638348E-02	3.48234026765625E-07	0	-0.00017547574	11736.125	
37.406752	1.63431069249405E-02	3.17435980640625E-07	0	-0.00139236185	11736.125	
37.410848	1.63446748982034E-02	2.8873576895625E-07	0	-0.00131225336	11736.125	
37.414944	1.63456199429084E-02	2.8232808305625E-07	0	-0.00065231199	11736.125	
37.41904	1.63459514765869E-02	3.00180709434375E-07	0	-0.00054931536	11736.125	
37.423136	0.016346084510647	3.27271547728125E-07	0	-0.00041198652	11736.125	
37.427232	1.63461247408783E-02	3.5182032125625E-07	0	0.00196456535	11736.125	
37.431328	1.63456555100902E-02	3.8368855861875E-07	0	0.00368117585	11736.125	
37.435424	1.63446231474969E-02	4.3029428124375E-07	0	0.00157165228	11736.125	
37.43952	1.63432358445452E-02	4.855466298375E-07	0	0.00246428974	11736.125	
37.443616	1.63417341597314E-02	5.3798071201875E-07	0	0.0004577628	11736.125	
37.447712	1.63397402031789E-02	5.93999646384375E-07	0	0.00185393934	11736.125	
37.451808	1.63371981097256E-02	6.61958232271875E-07	0	0.0004196159	11736.125	
37.455904	1.63342057119794E-02	7.36768253615625E-07	0	-0.00101852223	11736.125	
37.46	1.63310729655855E-02	8.117270728875E-07	0	-0.00063323854	11736.125	
37.464096	1.63281425589683E-02	8.7271114651875E-07	0	-0.00003051752	11736.125	
37.468192	1.63254740145836E-02	9.1499956576875E-07	0	0.0005340566	11736.125	
37.472288	0.016322724095413	9.50548809065625E-07	0	0.00005722035	11736.125	
37.476384	1.63202238779731E-02	9.7898315563125E-07	0	0.00002670283	11736.125	
37.48048	1.63182577168531E-02	9.89886269728125E-07	0	0.00096130188	11736.125	
37.484576	1.63167617008447E-02	9.813788263125E-07	0	0.00095748719	11736.125	
37.488672	1.63154752477681E-02	9.6511297719375E-07	0	0.00203704446	11736.125	
37.492768	0.016314213115695	9.509192413875E-07	0	0.00061797978	11736.125	
37.496864	1.63132456700658E-02	9.358836795E-07	0	0.00150298786	11736.125	
37.50096	1.63127892398058E-02	9.0980630173125E-07	0	0.00228499931	11736.125	
37.505056	1.63129118505787E-02	8.69001775228125E-07	0	0.00064468261	11736.125	
37.509152	1.63135977760216E-02	8.153482231125E-07	0	0.00089645215	11736.125	
37.513248	1.63146774091366E-02	7.5412280356875E-07	0	0.00039291307	11736.125	
37.517344	1.63163023447497E-02	6.88073590771875E-07	0	0.00046539218	11736.125	
37.52144	1.63186143029938E-02	6.08601314475E-07	0	-0.00138091778	11736.125	
37.525536	1.63214208187852E-02	5.205677486625E-07	0	-0.00152206131	11736.125	
37.529632	1.63241922245566E-02	4.39661339184375E-07	0	-0.00023269609	11736.125	
37.533728	1.63268651576938E-02	3.7594529713125E-07	0	0.00051879784	11736.125	
37.537824	1.63296901428186E-02	3.193919883E-07	0	0.00008392318	11736.125	
37.54192	1.63326168007097E-02	2.656314651375E-07	0	0.00063323854	11736.125	
37.546016	1.63353594967252E-02	2.20921173309375E-07	0	0.0025176954	11736.125	
37.550112	1.63376731921837E-02	1.9461374769375E-07	0	0.00211715295	11736.125	
37.554208	1.63395228684978E-02	1.8722240893125E-07	0	0.00130843867	11736.125	
37.558304	1.63412278988441E-02	1.8935798371875E-07	0	0.0013732884	11736.125	
37.5624	1.63427347038691E-02	1.936796140125E-07	0	0.00027847237	11736.125	
37.566496	0.01634341002316	2.13874064971875E-07	0	0.00019454919	11736.125	
37.570592	1.63429933659695E-02	2.66820887025E-07	0	-0.0014495822	11736.125	
37.574688	1.63420583788223E-02	3.3743764333125E-07	0	-0.0013732884	11736.14453125	
37.578784	1.63408907877927E-02	4.05622911684375E-07	0	-0.00136565902	11736.14453125	
37.58288	1.63391554019083E-02	4.7646490815E-07	0	0.00017166105	11736.14453125	
37.586976	1.63368875140539E-02	5.56417472428125E-07	0	0.00207900605	11736.14453125	
37.591072	1.63344586138422E-02	6.3370657783125E-07	0	-0.00020217857	11736.14453125	
37.595168	1.63320862188189E-02	6.98962522190625E-07	0	-0.00021362264	11736.14453125	
37.599264	1.63297079721256E-02	7.5263530505625E-07	0	0.00249099257	11736.14453125	
37.60336	1.63271645071872E-02	8.00001123075E-07	0	0.00306701076	11736.14453125	
37.607456	0.01632436283731	8.48242661371875E-07	0	0.00085830525	11736.14453125	
37.611552	1.63215386750762E-02	8.9515823945625E-07	0	0.0005340566	11736.14453125	
37.615648	0.0163188447125	9.33553152984375E-07	0	0.00185775403	11736.14453125	
37.619744	1.63162620230861E-02	9.6303317158125E-07	0	0.00065994137	11736.14453125	
37.62384	1.63136249314277E-02	9.92625690065625E-07	0	-0.00083541711	11736.14453125	
37.627936	1.63111807620145E-02	1.01718816550313E-06	0	0.0013351415	11736.14453125	
37.632032	1.63090506627022E-02	1.03090137294375E-06	0	0.00159835511	11736.14453125	
37.636128	1.63073950058216E-02	1.02978214329375E-06	0	0.00035858086	11736.14453125	
37.640224	1.63062239403628E-02	1.01355163067812E-06	0	0.00156020821	11736.14453125	
37.64432	1.63054368907478E-02	9.87264156965625E-07	0	0.00065231199	11736.14453125	
37.648416	1.63048251169358E-02	9.5729183116875E-07	0	0.00077819676	11736.14453125	
37.652512	1.63042631737511E-02	9.3205339486875E-07	0	0.0008773787	11736.14453125	
37.656608	1.63040740916642E-02	9.04246451521875E-07	0	0.00092696967	11736.14453125	
37.660704	1.63043861502534E-02	8.6635634518125E-07	0	0.00105666913	11736.14453125	
37.6648	1.63049229495436E-02	8.234270611875E-07	0	0.00150680255	11736.14453125	
37.668896	1.63056966500364E-02	7.81268689884375E-07	0	0.00220107613	11736.14453125	
37.672992	1.63069204719575E-02	7.3383340078125E-07	0	0.00241469877	11736.14453125	
37.677088	1.63088750211698E-02	6.7199548185E-07	0	0.00070190296	11736.14453125	
37.681184	1.63113985538573E-02	5.964532497E-07	0	-0.00008773787	11736.14453125	
37.68528	1.63139550936209E-02	5.225196697875E-07	0	0.00128173584	11736.14453125	
37.689376	1.63162519655283E-02	4.68006022378125E-07	0	-0.00095748719	11736.14453125	
37.693472	1.63188001849486E-02	4.2027409895625E-07	0	-0.00279616777	11736.14453125	
37.697568	1.63217460436319E-02	3.6549626911875E-07	0	-0.00111770417	11736.14453125	
37.701664	1.63245046488752E-02	3.151996848E-07	0	0.00061416509	11736.14453125	
37.70576	1.63269936201367E-02	2.8072808465625E-07	0	0.00280379715	11736.14453125	
37.709856	1.63295186157417E-02	2.52974747025E-07	0	0.00208282074	11736.14453125	
37.713952	0.01633254932364	2.15372621165625E-07	0	0.00241088408	11736.14453125	
37.718048	1.63357139799219E-02	1.708161753375E-07	0	0.00261306265	11736.14453125	
37.722144	1.63384412238713E-02	1.37493372121875E-07	0	0.00217055861	11736.14453125	
37.72624	1.63405540424706E-02	1.270950652125E-07	0	-0.00051879784	11736.14453125	
37.730336	0.016342175046493	1.3547822990625E-07	0	-0.00012207008	11736.14453125	
37.734432	1.63434716485597E-02	1.5307532769375E-07	0	-0.00102233692	11736.14453125	
37.738528	1.63442174621877E-02	1.80706309678125E-07	0	0.00032424865	11736.14453125	
37.742624	1.63440374319028E-02	2.2839544468125E-07	0	-0.00002288814	11736.14453125	
37.74672	1.63430388992767E-02	2.98188403734375E-07	0	-0.00010681132	11736.14453125	
37.750816	1.63415988398627E-02	3.75442172634375E-07	0	-0.00081634366	11736.14453125	
37.754912	1.63397050017266E-02	4.54307478384375E-07	0	0.00034713679	11736.14453125	
37.759008	1.63370487092759E-02	5.41022776284375E-07	0	0.00181579244	11736.14453125	
37.763104	1.63333843752355E-02	6.45798152278125E-07	0	0.00071716172	11736.14453125	
37.7672	1.63289404890322E-02	7.65695628534375E-07	0	0.00260161858	11736.14453125	
37.771296	1.63241061867211E-02	8.8599094093125E-07	0	0.00212859702	11736.14453125	
37.775392	1.63191499136634E-02	9.96661262953125E-07	0	0.00306701076	11736.14453125	
37.779488	1.63139467732777E-02	1.09721164317187E-06	0	0.00245666036	11736.14453125	
37.783584	1.63086089530495E-02	1.19213654824687E-06	0	0.00226974055	11736.14453125	
37.78768	0.016303618392863	1.269519884325E-06	0	0.00244521629	11736.14453125	
37.791776	1.62994303343575E-02	1.31643594317812E-06	0	0.00187301279	11736.14453125	
37.795872	1.62962350482405E-02	1.32626574104063E-06	0	-0.00039291307	11736.14453125	
37.799968	1.62937866729395E-02	1.30800301891875E-06	0	0.00000762938	11736.14453125	
37.804064	1.62919623233847E-02	1.27273887149062E-06	0	0.00067520013	11736.14453125	
37.80816	1.62909206346923E-02	1.22300911352812E-06	0	-0.00154494945	11736.14453125	
37.812256	1.62910131642242E-02	1.149285389175E-06	0	-0.00055313005	11736.14453125	
37.816352	1.62919183444273E-02	1.05728091387187E-06	0	0.00062560916	11736.14453125	
37.820448	1.62935036898356E-02	9.57753128784375E-07	0	0.00157165228	11736.14453125	
37.824544	1.62958396947861E-02	8.5133809096875E-07	0	0.00300979041	11736.14453125	
37.82864	1.62991739580656E-02	7.318406143125E-07	0	0.00315856332	11736.14453125	
37.832736	1.63034133101159E-02	5.98958776040625E-07	0	0.00279616777	11736.14453125	
37.836832	0.01630813030473	4.63328142440625E-07	0	0.00276183556	11736.14453125	
37.840928	1.63127809194625E-02	3.45380183465625E-07	0	0.00307845483	11736.14453125	
37.845024	1.63173807892442E-02	2.4709350290625E-07	0	0.00170898112	11736.14453125	
37.84912	1.63220339640823E-02	1.6435752795E-07	0	0.0002670283	11736.14453125	
37.853216	1.63263531365688E-02	9.6547259221875E-08	0	-0.00127792115	11736.14453125	
37.857312	1.63299201865955E-02	5.8433835796875E-08	0	-0.00001525876	11736.14453125	
37.861408	0.016332654379403	5.1874707740625E-08	0	-0.00052642722	11736.14453125	
37.865504	1.63347392197052E-02	6.891098878125E-08	0	-0.00113296293	11736.14453125	
37.8696	1.63363317882686E-02	9.8617930228125E-08	0	0.0004959097	11736.14453125	
37.873696	1.63371617196528E-02	1.41313560609375E-07	0	0.00159072573	11736.14453125	
37.877792	0.016337113351943	2.0285220099375E-07	0	0.0010681132	11736.14453125	
37.881888	1.63361559638716E-02	2.83459091540625E-07	0	0.00063705323	11736.14453125	
37.885984	1.63344556880072E-02	3.7622414300625E-07	0	0.00076675269	11736.14453125	
37.89008	1.63319867404289E-02	4.7882500194375E-07	0	0.00164413139	11736.14453125	
37.894176	1.63288731033948E-02	5.8751431633125E-07	0	0.00107955727	11736.14453125	
37.898272	1.63251314175916E-02	7.00266847809375E-07	0	0.0008773787	11736.14453125	
37.902368	1.63211188177537E-02	8.06788375903125E-07	0	0.0006484973	11736.14453125	
37.906464	0.016317124595817	9.000308307375E-07	0	0.00044631873	11736.14453125	
37.91056	1.63134337463969E-02	9.72797344509375E-07	0	0.00013351415	11736.14453125	
37.914656	1.63100356633414E-02	1.02535786887187E-06	0	-0.00138854716	11736.14453125	
37.918752	1.63068291310461E-02	1.06529004047812E-06	0	0.00011062601	11736.14453125	
37.922848	1.63037109223948E-02	1.09745154677812E-06	0	0.00030136051	11736.14453125	
37.926944	1.63010207085447E-02	0.000001118383497	0	-0.00059890633	11736.14453125	
37.93104	1.62989482116089E-02	1.11862916983125E-06	0	0.00067901482	11736.14453125	
37.935136	1.62973033437448E-02	1.10444096286563E-06	0	0.00111770417	11736.14453125	
37.939232	1.62959348758559E-02	1.08317728220625E-06	0	0.00249862195	11736.14453125	
37.943328	0.016294926011375	1.05817442259375E-06	0	0.00429152625	11736.14453125	
37.947424	1.62946942303836E-02	1.0189884040875E-06	0	0.00451659296	11736.14453125	
37.95152	1.62955569859792E-02	9.54393516759375E-07	0	0.00242614284	11736.14453125	
37.955616	1.62970961580539E-02	8.70590235178125E-07	0	0.00357817922	11736.14453125	
37.959712	0.01629884955611	7.8871892281875E-07	0	0.00222014958	11736.14453125	
37.963808	1.63009904444389E-02	7.1130842330625E-07	0	0.00004959097	11736.14453125	
37.967904	1.63037674275833E-02	6.27615958921875E-07	0	0.00011825539	11736.14453125	
37.972	1.63067999641284E-02	5.4284801484375E-07	0	0.00060653571	11736.14453125	
37.976096	1.63096784371744E-02	4.704562603125E-07	0	0.00091934029	11736.14453125	
37.980192	1.63121900836572E-02	4.20090204909375E-07	0	0.00074767924	11736.14453125	
37.984288	1.63148441817316E-02	3.80647455890625E-07	0	0.00142287937	11736.14453125	
37.988384	1.63179120111614E-02	3.33743656640625E-07	0	0.00206756198	11736.14453125	
37.99248	1.63207985302536E-02	2.890737493875E-07	0	0.00413893865	11736.14453125	
37.996576	1.63231322493955E-02	2.64780264065625E-07	0	0.00315856332	11736.14453125	
38.000672	1.63248553833458E-02	2.62632429675E-07	0	0.00294494068	11736.14453125	
38.004768	1.63262329030367E-02	2.738449184625E-07	0	0.00074004986	11736.14453125	
38.008864	1.63272935182242E-02	0.000000290384325	0	0.00216674392	11736.14453125	
38.01296	1.63275669923644E-02	3.2188765888125E-07	0	0.00233840497	11736.14453125	
38.017056	1.63267962177066E-02	3.80846013384375E-07	0	0.00052642722	11736.14453125	
38.021152	1.63256378613436E-02	4.51016856675E-07	0	0.00115585107	11736.14453125	
38.025248	1.63243644830922E-02	5.1669227176875E-07	0	0.00255202761	11736.14453125	
38.029344	0.016322987969157	5.72938128984375E-07	0	0.00267409769	11736.14453125	
38.03344	1.63212243306784E-02	6.2867389055625E-07	0	0.00041580121	11736.14453125	
38.037536	1.63190321488047E-02	6.8956036813125E-07	0	-0.00149154379	11736.14453125	
38.041632	1.63166160491211E-02	7.51032181659375E-07	0	-0.00075530862	11736.14453125	
38.045728	1.63139022457263E-02	8.12440293328125E-07	0	0.00151824662	11736.14453125	
38.049824	1.63109334375247E-02	8.7386451075E-07	0	0.00271224459	11736.14453125	
38.05392	1.63077617409523E-02	9.353327185125E-07	0	0.00062942385	11736.14453125	
38.058016	1.63047195125787E-02	9.88820405409375E-07	0	0.00353240294	11736.14453125	
38.062112	1.63020213441147E-02	1.02722926123125E-06	0	0.00257110106	11736.14453125	
38.066208	0.016299841414175	1.04490352240313E-06	0	0.0034713679	11736.14453125	
38.070304	1.62980447686203E-02	1.04699270300625E-06	0	0.00052642722	11736.14453125	
38.0744	1.62965616445723E-02	1.03974246987187E-06	0	0.00008392318	11736.14453125	
38.078496	1.62956386350622E-02	1.019320134525E-06	0	0.0014495822	11736.14453125	
38.082592	1.62950481649863E-02	9.8975141409375E-07	0	0.00105666913	11736.14453125	
38.086688	0.016294902604695	0.000000954306738	0	-0.00006103504	11736.14453125	
38.090784	1.62953071928161E-02	9.08516399175E-07	0	0.00065994137	11736.14453125	
38.09488	1.62961131689262E-02	8.552529909E-07	0	0.00094604312	11736.14453125	
38.098976	1.62971950878498E-02	8.01212660325E-07	0	0.00244521629	11736.14453125	
38.103072	1.62987430374295E-02	7.4405165979375E-07	0	0.00283431467	11736.14453125	
38.107168	1.63008661878838E-02	6.778070145E-07	0	0.00139999123	11736.14453125	
38.111264	1.63033244378778E-02	6.074224695E-07	0	0.00458907207	11736.14453125	
38.11536	1.63058611368228E-02	5.4132493944375E-07	0	0.00459670145	11736.14453125	
38.119456	1.63084579068177E-02	4.84347592575E-07	0	0.00251388071	11736.14453125	
38.123552	1.63112020657506E-02	4.30167117909375E-07	0	0.00237273718	11736.14453125	
38.127648	1.63135446538298E-02	3.8991836008125E-07	0	0.00216674392	11736.14453125	
38.131744	1.63153698262758E-02	3.70973907871875E-07	0	0.00227355524	11736.14453125	
38.13584	1.63167454258875E-02	3.70484966053125E-07	0	-0.00082397304	11736.14453125	
38.139936	1.63178074125602E-02	3.816486568125E-07	0	0.00220489082	11736.14453125	
38.144032	1.63187445940836E-02	3.9654960345E-07	0	0.0004196159	11736.14453125	
38.148128	0.016319362585295	4.1341737504375E-07	0	0.00272368866	11736.14453125	
38.152224	1.63194889447941E-02	4.4130196254375E-07	0	0.00301741979	11736.14453125	
38.15632	1.63192454604627E-02	4.77587743565625E-07	0	0.00109481603	11736.14453125	
38.160416	0.016318660110598	5.17941068596875E-07	0	0.00204467384	11736.14453125	
38.164512	1.63174849306837E-02	5.6605712625E-07	0	0.0030898989	11736.14453125	
38.168608	1.63157519220403E-02	6.2501812498125E-07	0	0.00360106736	11736.14453125	
38.172704	1.63135605630577E-02	6.9121325109375E-07	0	0.00220870551	11736.14453125	
38.1768	1.63111225196116E-02	7.58227366771875E-07	0	0.00273513273	11736.14453125	
38.180896	1.63087086143042E-02	8.18069133853125E-07	0	0.00419997369	11736.1640625	
38.184992	1.63062959890497E-02	8.677077861375E-07	0	0.0035858086	11736.1640625	
38.189088	0.016304016306423	9.0868130285625E-07	0	0.00124358894	11736.1640625	
38.193184	1.63020293901609E-02	9.35772862303125E-07	0	0.00025558423	11736.1640625	
38.19728	1.63002420707053E-02	9.5221395163125E-07	0	0.00119399797	11736.1640625	
38.201376	0.016298697138393	9.59184858121875E-07	0	0.00006103504	11736.1640625	
38.205472	1.62974018163791E-02	9.59981732325E-07	0	-0.00065231199	11736.1640625	
38.209568	1.62963102970594E-02	9.5564904435E-07	0	0.00058746226	11736.1640625	
38.213664	1.62953352625456E-02	9.48899772253125E-07	0	0.00259017451	11736.1640625	
38.21776	1.62945585447855E-02	9.40356030796875E-07	0	0.00299453165	11736.1640625	
38.221856	0.016294455226237	9.182423509875E-07	0	0.00368117585	11736.1640625	
38.225952	1.62949804136195E-02	8.78132054559375E-07	0	0.0032043396	11736.1640625	
38.230048	0.016295730890297	8.31143399625E-07	0	0.00331496561	11736.1640625	
38.234144	1.62965747193975E-02	7.89180220434375E-07	0	0.00400923919	11736.1640625	
38.23824	1.62977606883283E-02	7.45847331075E-07	0	0.00284194405	11736.1640625	
38.242336	1.62992318347392E-02	6.994637236125E-07	0	0.00037383962	11736.1640625	
38.246432	1.63006931978894E-02	6.5610174774375E-07	0	0.00040435714	11736.1640625	
38.250528	1.63018693835594E-02	6.254022592125E-07	0	0.00081634366	11736.1640625	
38.254624	1.63027937645547E-02	6.10009245759375E-07	0	-0.00032043396	11736.1640625	
38.25872	1.63039894253139E-02	5.9528834701875E-07	0	0.00124358894	11736.1640625	
38.262816	1.63054737379823E-02	5.71028275125E-07	0	0.00184249527	11736.1640625	
38.266912	1.63066988399562E-02	5.501850267375E-07	0	0.00298308758	11736.1640625	
38.271008	1.63075896652814E-02	5.4412397510625E-07	0	0.00425719404	11736.1640625	
38.275104	1.63085795118348E-02	5.40458834540625E-07	0	0.00162124325	11736.1640625	
38.2792	1.63096885861645E-02	5.3140091090625E-07	0	0.00254821292	11736.1640625	
38.283296	1.63102921310656E-02	0.000000531307161	0	0.00287627626	11736.1640625	
38.287392	1.63103095032109E-02	5.479061828625E-07	0	0.00408553299	11736.1640625	
38.291488	1.63100432522259E-02	5.75936683678125E-07	0	0.00215148516	11736.1640625	
38.295584	1.63098366151291E-02	5.9964122728125E-07	0	0.0022125202	11736.1640625	
38.29968	1.63096241263622E-02	6.19227025003125E-07	0	0.00318145146	11736.1640625	
38.303776	1.63092941470336E-02	6.36219315703125E-07	0	0.00192641845	11736.1640625	
38.307872	1.63088256477042E-02	6.55030835353125E-07	0	0.00127410646	11736.1640625	
38.311968	0.016308264618843	6.747483637125E-07	0	0.00020980795	11736.1640625	
38.316064	1.63078576534809E-02	6.8892286876875E-07	0	0.00164794608	11736.1640625	
38.32016	1.63074433735314E-02	6.9822766715625E-07	0	0.00163650201	11736.1640625	
38.324256	1.63067163949663E-02	7.11694240228125E-07	0	0.00148391441	11736.1640625	
38.328352	1.63057754647167E-02	7.343463810375E-07	0	0.0006484973	11736.1640625	
38.332448	1.63049782661116E-02	7.51928815378125E-07	0	0.00224685241	11736.1640625	
38.336544	1.63040244439016E-02	7.6905692325E-07	0	0.00238799594	11736.1640625	
38.34064	1.63030288371105E-02	7.871145975E-07	0	0.00405883016	11736.1640625	
38.344736	1.63023056072714E-02	7.9766987540625E-07	0	0.00336455658	11736.1640625	
38.348832	1.63016256249309E-02	8.01837419315625E-07	0	0.00255965699	11736.1640625	
38.352928	1.63009823983927E-02	8.0534679080625E-07	0	0.00318145146	11736.1640625	
38.357024	1.63003579154848E-02	8.07467702146875E-07	0	0.00227355524	11736.1640625	
38.36112	1.62996239880616E-02	8.1164486143125E-07	0	-0.00004196159	11736.1640625	
38.365216	1.62986078089931E-02	8.23774416609375E-07	0	-0.00061797978	11736.1640625	
38.369312	1.62973071839033E-02	8.43835454240625E-07	0	0.00269317114	11736.1640625	
38.373408	1.62959717230905E-02	8.67369084553125E-07	0	0.00186538341	11736.1640625	
38.377504	1.62946457712414E-02	8.8809093883125E-07	0	0.0033569272	11736.1640625	
38.3816	1.62935153931756E-02	9.02324338059375E-07	0	0.00347518259	11736.14453125	
38.385696	1.62926588549794E-02	9.0730630423125E-07	0	0.0029373113	11736.14453125	
38.389792	1.62921632916763E-02	9.015173677125E-07	0	0.00410079175	11736.14453125	
38.393888	1.62918047854564E-02	8.9123035876875E-07	0	0.00233077559	11736.14453125	
38.397984	1.62916638882147E-02	8.78041189265625E-07	0	0.00196456535	11736.14453125	
38.40208	1.62917862246906E-02	8.588529873E-07	0	0.00337981534	11736.14453125	
38.406176	0.016292029709022	8.37793152590625E-07	0	0.00174712802	11736.14453125	
38.410272	1.62926583978177E-02	8.114193808875E-07	0	0.00178146023	11736.14453125	
38.414368	1.62936782341798E-02	7.76566771509375E-07	0	0.00084686118	11736.14453125	
38.418464	1.62951145448678E-02	7.33583641415625E-07	0	0.00099563409	11736.14453125	
38.42256	1.62969223451684E-02	6.83307730153125E-07	0	0.00285338812	11736.14453125	
38.426656	1.62989764642031E-02	6.309378306E-07	0	0.0024795485	11736.14453125	
38.430752	1.63012940912525E-02	5.7715182669375E-07	0	0.00086211994	11736.14453125	
38.434848	1.63036064152259E-02	5.27116540190625E-07	0	0.00158309635	11736.14453125	
38.438944	1.63055339004645E-02	4.9195287343125E-07	0	0.00291823785	11736.14453125	
38.44304	1.63069266893569E-02	4.79081492071875E-07	0	0.00181960713	11736.14453125	
38.447136	1.63080646563072E-02	4.79028607509375E-07	0	0.00196456535	11736.14453125	
38.451232	1.63090177470584E-02	4.8422499654375E-07	0	0.00390624256	11736.14453125	
38.455328	1.63096654537816E-02	4.94386044075E-07	0	0.00416945617	11736.14453125	
38.459424	1.63099333505487E-02	5.13889149571875E-07	0	0.00326537464	11736.14453125	
38.46352	1.63099163441328E-02	5.40077584921875E-07	0	0.00181960713	11736.14453125	
38.467616	0.016309698277993	5.68973229103125E-07	0	0.0019836388	11736.14453125	
38.471712	1.63093447091197E-02	5.97213585478125E-07	0	0.00184249527	11736.14453125	
38.475808	1.63085978897359E-02	6.29392880221875E-07	0	0.00166701953	11736.14453125	
38.479904	1.63073555070491E-02	6.7169307830625E-07	0	0.00218963206	11736.14453125	
38.484	1.63057558067628E-02	7.2184398969375E-07	0	0.00093841374	11736.14453125	
38.488096	1.63040778403903E-02	7.6958048041875E-07	0	0.00157165228	11736.14453125	
38.492192	1.63022277069145E-02	8.145982238625E-07	0	0.00318526615	11736.14453125	
38.496288	1.63001173569884E-02	8.5985683245E-07	0	0.00292586723	11736.14453125	
38.500384	1.62977793405264E-02	9.08257985971875E-07	0	0.00302504917	11736.14453125	
38.50448	0.016295607456633	9.49415637121875E-07	0	0.00445174323	11736.14453125	
38.508576	1.62938185828275E-02	9.75285803559375E-07	0	0.00387191035	11736.14453125	
38.512672	1.62923955298294E-02	9.83996852540625E-07	0	0.00388716911	11736.14453125	
38.516768	1.62909685452405E-02	9.87679060396875E-07	0	0.00198745349	11736.14453125	
38.520864	1.62893149913038E-02	9.97828088709375E-07	0	0.00100326347	11736.14453125	
38.52496	1.62877920941863E-02	1.00960451924062E-06	0	0.00208282074	11736.14453125	
38.529056	1.62867976760156E-02	1.00834634742187E-06	0	-0.00091171091	11736.14453125	
38.533152	1.62862880321316E-02	9.91656941034375E-07	0	0.0011825539	11736.14453125	
38.537248	1.62860223297406E-02	9.689307618375E-07	0	0.00189590093	11736.14453125	
38.541344	1.62861337857677E-02	9.41320452909375E-07	0	0.00265502424	11736.14453125	
38.54544	1.62868983430261E-02	9.01184916121875E-07	0	0.00132751212	11736.14453125	
38.549536	1.62884405323681E-02	8.4347944498125E-07	0	0.00181197775	11736.14453125	
38.553632	1.62904450036402E-02	7.7352182263125E-07	0	0.00162505794	11736.14453125	
38.557728	1.62922662444953E-02	7.123560184125E-07	0	0.00278090901	11736.14453125	
38.561824	1.62939538112639E-02	6.680983703625E-07	0	0.00277709432	11736.14453125	
38.56592	1.62959496878956E-02	6.262253353125E-07	0	0.00053024191	11736.14453125	
38.570016	0.016298334334853	5.77325624596875E-07	0	0.0016403167	11736.14453125	
38.574112	0.016300604782813	5.319485065125E-07	0	0.00188064217	11736.14453125	
38.578208	1.63026910860327E-02	4.9889036649375E-07	0	0.00179671899	11736.14453125	
38.582304	1.63048077447905E-02	4.72456017928125E-07	0	0.00042343059	11736.14453125	
38.5864	1.63072144269427E-02	4.42155086690625E-07	0	-0.00028991644	11736.14453125	
38.590496	1.63096630765406E-02	4.0758468856875E-07	0	0.00187682748	11736.14453125	
38.594592	1.63114549676134E-02	3.8784961215E-07	0	0.00176238678	11736.14453125	
38.598688	1.63124275334539E-02	3.9659527648125E-07	0	0.00016403167	11736.14453125	
38.602784	1.63129045359913E-02	4.23682509009375E-07	0	0.00085449056	11736.14453125	
38.60688	1.63130009971139E-02	4.58606512546875E-07	0	0.00276565025	11736.14453125	
38.610976	1.63123228434203E-02	5.0646632045625E-07	0	0.00326537464	11736.14453125	
38.615072	1.63107335664213E-02	5.75663126259375E-07	0	0.00287246157	11736.14453125	
38.619168	1.63084822278211E-02	6.59332273359375E-07	0	0.00387191035	11736.14453125	
38.623264	1.63059536663547E-02	7.42535074771875E-07	0	0.00398253636	11736.14453125	
38.62736	0.016303226879567	8.19948458896875E-07	0	0.00216674392	11736.14453125	
38.631456	1.63000703607637E-02	8.96014728984375E-07	0	0.00143813813	11736.14453125	
38.635552	1.62964190101161E-02	9.7688315773125E-07	0	0.00077056738	11736.14453125	
38.639648	1.62924278968791E-02	1.06087994873438E-06	0	0.00005340566	11736.14453125	
38.643744	1.62885233700716E-02	1.13547698952187E-06	0	0.00041580121	11736.14453125	
38.64784	1.62848434011003E-02	1.1947343821875E-06	0	-0.00049972439	11736.14453125	
38.651936	1.62814472381241E-02	1.23774611802187E-06	0	0.00160979918	11736.14453125	
38.656032	1.62786710778708E-02	1.26047518183125E-06	0	0.00139236185	11736.14453125	
38.660128	1.62766976021633E-02	1.2573650887875E-06	0	0.00258635982	11736.14453125	
38.664224	1.62757024525339E-02	1.22723747468437E-06	0	0.00351714418	11736.14453125	
38.66832	1.62756962351345E-02	1.17324161521875E-06	0	0.00322341305	11736.14453125	
38.672416	1.62766981507573E-02	1.09487967435E-06	0	0.00277327963	11736.14453125	
38.676512	1.62781268725608E-02	1.00880932772813E-06	0	0.00181197775	11736.14453125	
38.680608	1.62799379644258E-02	9.2532070929375E-07	0	0.00262450672	11736.14453125	
38.684704	1.62824503423673E-02	8.368212785625E-07	0	0.00011062601	11736.14453125	
38.6888	1.62856091469792E-02	7.40608634390625E-07	0	0.00004196159	11736.14453125	
38.692896	1.62890154589456E-02	6.439608945E-07	0	0.00070571765	11736.14453125	
38.696992	1.62923039146209E-02	5.63706888215625E-07	0	0.0006103504	11736.14453125	
38.701088	1.62957908699145E-02	4.92874507125E-07	0	-0.00021743733	11736.14453125	
38.705184	1.62994313401133E-02	4.25763756928125E-07	0	0.00043868935	11736.14453125	
38.70928	1.63029355761198E-02	3.67624632375E-07	0	0.00113677762	11736.14453125	
38.713376	1.63059162705261E-02	3.28387411996875E-07	0	0.00163268732	11736.14453125	
38.717472	0.016308121801522	3.1719631741875E-07	0	0.00121688611	11736.14453125	
38.721568	1.63096799000919E-02	3.29868660515625E-07	0	0.00067138544	11736.14453125	
38.725664	1.63106400311336E-02	3.57871517128125E-07	0	0.00188064217	11736.14453125	
38.72976	1.63109286830428E-02	3.9969719645625E-07	0	0.00220107613	11736.14453125	
38.733856	1.63104154732973E-02	4.5787021520625E-07	0	0.00296019944	11736.14453125	
38.737952	1.63092741233503E-02	5.289888940875E-07	0	0.00193786252	11736.14453125	
38.742048	1.63078303152102E-02	6.0212295556875E-07	0	0.00295257006	11736.14453125	
38.746144	1.63060301037941E-02	6.72778413759375E-07	0	0.00154113476	11736.14453125	
38.75024	1.63038889411681E-02	7.42681709240625E-07	0	0.00112151886	11736.14453125	
38.754336	1.63012535867242E-02	8.16229712615625E-07	0	0.00035095148	11736.14453125	
38.758432	1.62982198615586E-02	8.92724828428125E-07	0	-0.00033950741	11736.14453125	
38.762528	1.62948576199819E-02	9.70088212603125E-07	0	0.00035476617	11736.14453125	
38.766624	1.62914015688205E-02	1.04297563971562E-06	0	0.00113296293	11736.14453125	
38.77072	1.62881044270725E-02	1.10271404151563E-06	0	0.00244903098	11736.14453125	
38.774816	0.016284966469035	1.14984380207812E-06	0	0.00361251143	11736.14453125	
38.778912	1.62822045722273E-02	1.18161780876562E-06	0	0.00323867181	11736.14453125	
38.783008	0.016279975268822	1.19497428579375E-06	0	0.00345610914	11736.14453125	
38.787104	1.62784164387934E-02	1.18778943720937E-06	0	0.00200271225	11736.14453125	
38.7912	1.62775775470395E-02	1.16060388747187E-06	0	0.00168227829	11736.14453125	
38.795296	1.62770549197627E-02	1.124423875575E-06	0	0.00177001616	11736.14453125	
38.799392	1.62768222244478E-02	1.08791213324062E-06	0	0.00058364757	11736.14453125	
38.803488	1.62771620784695E-02	1.04371386013125E-06	0	0.00017166105	11736.14453125	
38.807584	1.62782205907131E-02	9.84905024709375E-07	0	0.00072097641	11736.14453125	
38.81168	1.62796503182723E-02	9.19319513371875E-07	0	0.00080871428	11736.14453125	
38.815776	1.62813165813048E-02	8.55473904140625E-07	0	0.00191878907	11736.14453125	
38.819872	1.62834849907692E-02	7.89255701128125E-07	0	0.00045013342	11736.14453125	
38.823968	1.62860962070744E-02	7.17295196165625E-07	0	0.00159835511	11736.14453125	
38.828064	1.62887064176237E-02	6.4961858115E-07	0	0.00327681871	11736.14453125	
38.83216	1.62911003906802E-02	5.97890988646875E-07	0	0.00319289553	11736.14453125	
38.836256	1.62935373369381E-02	5.55669877021875E-07	0	0.00292205254	11736.14453125	
38.840352	1.62958266199609E-02	5.21222796084375E-07	0	0.00153732007	11736.14453125	
38.844448	1.62978985683027E-02	4.96545897684375E-07	0	0.00290679378	11736.14453125	
38.848544	1.62994463350177E-02	4.8824614636875E-07	0	0.00226211117	11736.14453125	
38.85264	1.63005656497698E-02	4.95604071703125E-07	0	0.00138091778	11736.14453125	
38.856736	1.63015369355575E-02	5.105369894625E-07	0	0.00070571765	11736.14453125	
38.860832	1.63023239851725E-02	5.252840901E-07	0	0.00265883893	11736.14453125	
38.864928	0.016302647564237	5.48404980440625E-07	0	0.00212859702	11736.14453125	
38.869024	1.63026088883556E-02	5.80081871840625E-07	0	0.00257491575	11736.14453125	
38.87312	1.63023614724334E-02	6.14559241209375E-07	0	0.00018310512	11736.14453125	
38.877216	1.63017649678228E-02	6.499483885125E-07	0	0.00086593463	11736.14453125	
38.881312	1.63004017115775E-02	6.98630791753125E-07	0	0.00217818799	11736.14453125	
38.885408	0.016298506959118	7.60447316475E-07	0	0.00243758691	11736.14453125	
38.889504	1.62963856373106E-02	8.2402609905E-07	0	0.00069427358	11736.14453125	
38.8936	1.62941780033708E-02	8.8262604045E-07	0	0.00334929782	11736.14453125	
38.897696	1.62919860043617E-02	9.330038746875E-07	0	0.00292205254	11736.14453125	
38.901792	1.62898590137491E-02	9.7574469733125E-07	0	0.00238418125	11736.14453125	
38.905888	1.62876987417633E-02	1.01378720736562E-06	0	0.00185012465	11736.14453125	
38.909984	1.62857398037984E-02	1.0438143408E-06	0	0.00078582614	11736.14453125	
38.91408	1.62840338591288E-02	1.06160975569688E-06	0	0.00001525876	11736.14453125	
38.918176	1.62823077993434E-02	1.07506454993437E-06	0	0.00097274595	11736.14453125	
38.922272	1.62807221796381E-02	1.08639098091563E-06	0	0.00048065094	11736.14453125	
38.926368	1.62797666202136E-02	1.08300684968437E-06	0	0.00081252897	11736.14453125	
38.930464	1.62793207046731E-02	1.06151095771875E-06	0	0.00067138544	11736.14453125	
38.93456	1.62793903761191E-02	1.027747049175E-06	0	0.00217818799	11736.14453125	
38.938656	1.62800370770864E-02	9.8187834504375E-07	0	0.00249480726	11736.14453125	
38.942752	1.62813164898725E-02	9.24043547109375E-07	0	0.0021743733	11736.14453125	
38.946848	1.62831542799819E-02	8.5475924139375E-07	0	0.00159072573	11736.14453125	
38.950944	1.62853274439281E-02	7.824501790875E-07	0	0.00271224459	11736.14453125	
38.95504	1.62876264187794E-02	7.15200486721875E-07	0	0.0015640229	11736.14453125	
38.959136	1.62899778757959E-02	6.56158718840625E-07	0	0.00006484973	11736.14453125	
38.963232	1.62922853538552E-02	6.0569795199375E-07	0	0.00186156872	11736.14453125	
38.967328	0.016294566407967	5.64390060609375E-07	0	0.00283049998	11736.14453125	
38.971424	1.62968316442834E-02	5.2959225886875E-07	0	0.00214004109	11736.14453125	
38.97552	1.62992055936566E-02	4.97311762303125E-07	0	0.00173186926	11736.14453125	
38.979616	1.63016348595977E-02	4.64363237559375E-07	0	0.00143813813	11736.14453125	
38.983712	0.016303714945418	4.41482250825E-07	0	0.00222777896	11736.14453125	
38.987808	1.63053445440806E-02	4.345909115625E-07	0	0.00236129311	11736.1640625	
38.991904	1.63066406889856E-02	4.40346434653125E-07	0	0.00192641845	11736.1640625	
38.996	1.63074560826272E-02	4.5646540891875E-07	0	0.00119781266	11736.1640625	
39.000096	1.63075295942316E-02	4.903350865875E-07	0	0.00249862195	11736.1640625	
39.004192	1.63067687856992E-02	5.446542630375E-07	0	0.0025176954	11736.1640625	
39.008288	1.63052874902981E-02	6.16140008859375E-07	0	0.00233840497	11736.1640625	
39.012384	1.63033868861686E-02	6.93611566003125E-07	0	0.00151443193	11736.1640625	
39.01648	1.63013084461305E-02	7.66768704384375E-07	0	0.00392531601	11736.1640625	
39.020576	1.62989058784337E-02	8.36228250309375E-07	0	0.00376128434	11736.1640625	
39.024672	1.62960791560944E-02	9.0864187981875E-07	0	0.0017166105	11736.1640625	
39.028768	1.62931761791803E-02	9.7745719561875E-07	0	0.00025939892	11736.1640625	
39.032864	1.62903043806955E-02	1.03573526234062E-06	0	0.00075530862	11736.1640625	
39.03696	1.62873889689827E-02	1.08630588484688E-06	0	0.00046157749	11736.1640625	
39.041056	1.62843451862592E-02	1.13413612547812E-06	0	0.00199508287	11736.1640625	
39.045152	0.016281616662257	1.17278175990938E-06	0	0.00194930659	11736.1640625	
39.049248	0.0162796385235	1.18672213058437E-06	0	0.00216292923	11736.1640625	
39.053344	1.62784776984637E-02	1.17401180675625E-06	0	0.00263595079	11736.1640625	
39.05744	1.62780246512005E-02	1.13878107275625E-06	0	0.00188445686	11736.1640625	
39.061536	1.62779932899066E-02	1.09114866846562E-06	0	0.00089645215	11736.1640625	
39.065632	1.62782284538947E-02	1.04351986994063E-06	0	0.00164413139	11736.1640625	
39.069728	1.62789911825062E-02	9.9041006728125E-07	0	0.00123595956	11736.1640625	
39.073824	1.62802038496814E-02	9.3036878116875E-07	0	0.00107574258	11736.1640625	
39.07792	1.62814655245928E-02	8.736962416875E-07	0	0.00022125202	11736.1640625	
39.082016	1.62826344871077E-02	8.288145558E-07	0	0.00037002493	11736.1640625	
39.086112	1.62838792470355E-02	7.91589352640625E-07	0	0.00123214487	11736.1640625	
39.090208	1.62852630755581E-02	7.57076887153125E-07	0	0.00240706939	11736.1640625	
39.094304	0.016286818248293	7.2235456610625E-07	0	0.00196838004	11736.1640625	
39.0984	1.62883907931731E-02	6.89194743496875E-07	0	0.00244903098	11736.1640625	
39.102496	1.62896953498538E-02	6.6585750721875E-07	0	0.00336837127	11736.1640625	
39.106592	1.62908146646059E-02	6.5403636519375E-07	0	0.00223159365	11736.1640625	
39.110688	1.62920020050219E-02	6.4491906661875E-07	0	0.00070953234	11736.1640625	
39.114784	1.62930244014897E-02	6.3616474845E-07	0	0.00090408153	11736.1640625	
39.11888	1.62933735816105E-02	6.4490848970625E-07	0	0.00136947371	11736.1640625	
39.122976	1.62930287902422E-02	6.758531703E-07	0	0.00291442316	11736.1640625	
39.127072	1.62925924750978E-02	7.12962508190625E-07	0	0.0025176954	11736.1640625	
39.131168	1.62923288756508E-02	7.40494211428125E-07	0	0.00196075066	11736.1640625	
39.135264	1.62920091367447E-02	7.606021240125E-07	0	0.0017547574	11736.1640625	
39.13936	1.62914027574409E-02	7.837405624125E-07	0	0.00296782882	11736.1640625	
39.143456	1.62905649628752E-02	8.11953755353125E-07	0	0.00099563409	11736.1640625	
39.147552	1.62898568193728E-02	8.36857576603125E-07	0	0.00036621024	11736.1640625	
39.151648	1.62893292547494E-02	8.50425832265625E-07	0	0.00134658557	11736.1640625	
39.155744	1.62886231227586E-02	8.629385601375E-07	0	0.00207900605	11736.1640625	
39.15984	1.62875889315184E-02	8.83291184015625E-07	0	0.00219344675	11736.1640625	
39.163936	1.62865504429581E-02	9.06805102809375E-07	0	0.00096511657	11736.1640625	
39.168032	1.62858963359709E-02	9.18511341103125E-07	0	0.0019454919	11736.1640625	
39.172128	1.62855496245234E-02	9.168683139E-07	0	0.00317763677	11736.1640625	
39.176224	1.62852386631223E-02	9.110250505125E-07	0	0.00392531601	11736.1640625	
39.18032	1.62850950229103E-02	9.02441164865625E-07	0	0.00295257006	11736.1640625	
39.184416	1.62851642371945E-02	8.89276754953125E-07	0	0.00151824662	11736.1640625	
39.188512	1.62853198550436E-02	8.73181819125E-07	0	0.00049209501	11736.1640625	
39.192608	0.016285343627453	8.62821492946875E-07	0	0.00216674392	11736.1640625	
39.196704	1.62849605259327E-02	8.660606724E-07	0	0.00154876414	11736.1640625	
39.2008	1.62842456164369E-02	8.838221931E-07	0	0.00045013342	11736.1640625	
39.204896	1.62834405546502E-02	9.04693566459375E-07	0	0.00165939015	11736.1640625	
39.208992	1.62827113817088E-02	9.22458452540625E-07	0	0.00306701076	11736.1640625	
39.213088	1.62820130214672E-02	9.36160361915625E-07	0	0.00022506671	11736.1640625	
39.217184	1.62813543428628E-02	9.46555063059375E-07	0	0.00224685241	11736.1640625	
39.22128	1.62807452205888E-02	9.5399760369375E-07	0	0.0033187803	11736.1640625	
39.225376	1.62802780013122E-02	9.57927888225E-07	0	0.00173186926	11736.1640625	
39.229472	1.62800575579314E-02	9.5375433470625E-07	0	0.0017929043	11736.1640625	
39.233568	1.62800284824461E-02	9.43312758609375E-07	0	0.00130462398	11736.1640625	
39.237664	1.62800230879378E-02	9.31333924434375E-07	0	0.00067901482	11736.1640625	
39.24176	1.62799597253236E-02	9.2281398103125E-07	0	0.00141524999	11736.1640625	
39.245856	1.62799538736536E-02	9.1655341036875E-07	0	0.0018310512	11736.1640625	
39.249952	1.62803220717019E-02	9.0329957746875E-07	0	0.00132751212	11736.1640625	
39.254048	1.62810522503991E-02	8.79125803565625E-07	0	0.00240706939	11736.1640625	
39.258144	1.62818585008063E-02	8.51953715353125E-07	0	0.00388716911	11736.1640625	
39.26224	1.62825919710678E-02	8.2941118981875E-07	0	0.00225829648	11736.1640625	
39.266336	1.62834591154159E-02	8.093655367875E-07	0	0.00077819676	11736.1640625	
39.270432	1.62845295138642E-02	7.8518719558125E-07	0	-0.0001144407	11736.1640625	
39.274528	1.62852447890894E-02	7.684444238625E-07	0	0.00202560039	11736.1640625	
39.278624	1.62853575251692E-02	7.73092255753125E-07	0	0.00279616777	11736.1640625	
39.28272	0.016285285110753	7.89998969615625E-07	0	0.00058364757	11736.1640625	
39.286816	1.62856094212762E-02	7.97502327496875E-07	0	0.00112151886	11736.1640625	
39.290912	1.62860561597078E-02	7.93658100571875E-07	0	0.00384139283	11736.1640625	
39.295008	1.62862193664414E-02	7.9467949378125E-07	0	0.00286483219	11736.1640625	
39.299104	1.62862417673656E-02	8.025866974125E-07	0	0.00116729514	11736.1640625	
39.3032	1.62865456884763E-02	8.057674634625E-07	0	0.00272368866	11736.1640625	
39.307296	1.62872117731005E-02	7.953607431E-07	0	0.00174712802	11736.1640625	
39.311392	0.016287933540022	7.78814365415625E-07	0	0.00128173584	11736.1640625	
39.315488	0.016288354585965	7.702915374E-07	0	0.00045013342	11736.1640625	
39.319584	1.62886870339669E-02	7.70393700759375E-07	0	-0.00013732884	11736.1640625	
39.32368	1.62893165456536E-02	7.64564379665625E-07	0	0.00082397304	11736.1640625	
39.327776	1.62899900362977E-02	7.53232660228125E-07	0	0.00178146023	11736.1640625	
39.331872	1.62905052575547E-02	7.4619011919375E-07	0	0.00261306265	11736.1640625	
39.335968	1.62910161814916E-02	7.42531949775E-07	0	0.00299071696	11736.1640625	
39.340064	1.62915772103528E-02	7.3807474269375E-07	0	0.00307082545	11736.1640625	
39.34416	1.62921151982634E-02	7.32628353909375E-07	0	0.00297927289	11736.1640625	
39.348256	1.62922792278881E-02	7.35063447628125E-07	0	0.00186538341	11736.1640625	
39.352352	1.62918665937208E-02	7.54041794034375E-07	0	0.00233459028	11736.1640625	
39.356448	1.62907813832328E-02	7.9263382275E-07	0	0.00104522506	11736.1640625	
39.360544	1.62893274261025E-02	8.42906609015625E-07	0	0.00351714418	11736.1640625	
39.36464	1.62877096222122E-02	8.93520500709375E-07	0	0.0037002493	11736.1640625	
39.368736	1.62860451878266E-02	9.39127185871875E-07	0	0.00254058354	11736.1640625	
39.372832	1.62843179394208E-02	9.78459838846875E-07	0	0.00253295416	11736.1640625	
