Time (s)	Encoder (rad)	Torque (Nm)	Marker	Normal force (N)	Gap (um)
0	0	-3.1345045578E-06	0	0.0993726745	9549.96484375	
0.00208	3.2504198203125E-07	-3.1350612880125E-06	0	0.0989530586	9549.96484375	
0.006176	1.15341901640625E-06	-3.14926848534375E-06	0	0.09917812531	9549.96484375	
0.010272	2.10212101515625E-06	-3.18089417487187E-06	0	0.10013942719	9549.96484375	
0.014368	2.7778974678125E-06	-3.1918285389375E-06	0	0.10031108824	9549.96484375	
0.018464	3.17901115984375E-06	-3.17656533304687E-06	0	0.09921245752	9549.96484375	
0.02256	3.72449652265625E-06	-3.17183216470312E-06	0	0.09878139755	9549.96484375	
0.026656	4.49362539828125E-06	-3.19036580001562E-06	0	0.09658032142	9549.96484375	
0.030752	4.98150838453125E-06	-3.1980689173125E-06	0	0.09852962801	9549.96484375	
0.034848	4.8918132553125E-06	-3.16163409797812E-06	0	0.09858684836	9549.96484375	
0.038944	4.31350368109375E-06	-3.09051614025E-06	0	0.09730511252	9549.96484375	
0.04304	3.87225119015625E-06	-3.03357533180625E-06	0	0.09821300874	9549.96484375	
0.047136	3.64293887203125E-06	-3.01590010909687E-06	0	0.09889965294	9549.96484375	
0.051232	0.000003256454355	-2.99402032328438E-06	0	0.10181789079	9549.96484375	
0.055328	2.652635156875E-06	-2.96192564384062E-06	0	0.10023479444	9549.96484375	
0.059424	2.11272716703125E-06	-2.93115355922812E-06	0	0.09987621358	9549.96484375	
0.06352	1.79801703984375E-06	-2.92906966708125E-06	0	0.09863262464	9549.96484375	
0.067616	1.216781630625E-06	-2.91341583658125E-06	0	0.09928875132	9549.96484375	
0.071712	1.3669135390625E-07	-2.86225699350938E-06	0	0.10022716506	9549.96484375	
0.075808	-1.31123124171875E-06	-2.782579909725E-06	0	0.09946041237	9549.96484375	
0.079904	-0.000002466478905	-2.73033020235937E-06	0	0.09879665631	9549.96484375	
0.084	-3.36279017078125E-06	-2.7153588231E-06	0	0.09893398515	9549.96484375	
0.088096	-4.146273924375E-06	-2.7126040181625E-06	0	0.099563409	9549.96484375	
0.092192	-4.8876073675E-06	-2.70997878040313E-06	0	0.09901027895	9549.96484375	
0.096288	-5.248582260625E-06	-2.72739486875625E-06	0	0.09893017046	9549.96484375	
0.100384	-4.9890972690625E-06	-2.78503231111875E-06	0	0.0984952958	9549.96484375	
0.10448	-4.18824137015625E-06	-2.87703390180937E-06	0	0.09938793326	9549.96484375	
0.108576	-3.35126969546875E-06	-2.95682228355937E-06	0	0.0978849454	9549.96484375	
0.112672	-2.5588255721875E-06	-3.01537318654687E-06	0	0.09795360982	9549.96484375	
0.116768	-2.068199615625E-06	-3.0362344637625E-06	0	0.09794979513	9549.96484375	
0.120864	-1.57071623328125E-06	-3.04757844280312E-06	0	0.09994106331	9549.96484375	
0.12496	-1.15671058078125E-06	-3.052821947175E-06	0	0.09991054579	9549.96484375	
0.129056	-7.294472384375E-07	-3.05806761500625E-06	0	0.10035304983	9549.96484375	
0.133152	-4.3585798265625E-07	-3.05498853154687E-06	0	0.10070400131	9549.96484375	
0.137248	-7.854038328125E-08	-3.05431737837187E-06	0	0.1005170815	9549.96484375	
0.141344	2.287637240625E-07	-3.05769261538125E-06	0	0.09917431062	9549.96484375	
0.14544	3.9727353359375E-07	-3.05011858449375E-06	0	0.09768658152	9549.96484375	
0.149536	4.6584779140625E-07	-3.03877989390937E-06	0	0.09849911049	9549.96484375	
0.153632	2.4860454265625E-07	-3.00886670266875E-06	0	0.09883480321	9549.96484375	
0.157728	-4.33389309375E-08	-2.97520014979688E-06	0	0.09859066305	9549.96484375	
0.161824	-1.314797103125E-07	-2.96061699130312E-06	0	0.09897594674	9549.96484375	
0.16592	1.1913634390625E-07	-2.9796364434375E-06	0	0.09838466979	9549.96484375	
0.170016	4.588075009375E-07	-3.00761598276562E-06	0	0.10029201479	9549.96484375	
0.174112	7.2990440015625E-07	-3.02413591816875E-06	0	0.09869747437	9549.96484375	
0.178208	1.3570388459375E-06	-3.0571767505125E-06	0	0.10008220684	9549.96484375	
0.182304	2.18313007171875E-06	-3.10656468189375E-06	0	0.09872036251	9549.96484375	
0.1864	2.94915024765625E-06	-3.14626295950312E-06	0	0.0988386179	9549.96484375	
0.190496	3.33737197921875E-06	-3.15007425376875E-06	0	0.09957485307	9549.96484375	
0.194592	3.247311120625E-06	-3.11647404698437E-06	0	0.0979230923	9549.96484375	
0.198688	2.84601456390625E-06	-3.06131160214687E-06	0	0.09850673987	9549.96484375	
0.202784	2.33783359734375E-06	-3.01007006685E-06	0	0.09982280792	9549.96484375	
0.20688	1.72450543546875E-06	-2.96413934355E-06	0	0.09926967787	9549.96484375	
0.210976	9.2593534515625E-07	-2.9127278565E-06	0	0.0992963807	9549.96484375	
0.215072	2.8243450984375E-07	-2.87841779465625E-06	0	0.10066203972	9549.96484375	
0.219168	-1.120960534375E-07	-2.87321467485937E-06	0	0.09851436925	9549.96484375	
0.223264	-5.5225135625E-07	-2.87075217732187E-06	0	0.09814815901	9549.96484375	
0.22736	-1.06427248125E-06	-2.86124930220937E-06	0	0.09939937733	9549.96484375	
0.231456	-1.659314174375E-06	-2.84406494439375E-06	0	0.09671383557	9549.96484375	
0.235552	-2.37056637640625E-06	-2.820629871675E-06	0	0.09688931131	9549.96484375	
0.239648	-3.1571588296875E-06	-2.7910289397375E-06	0	0.09828930254	9549.96484375	
0.243744	-3.7368398890625E-06	-2.77750996287187E-06	0	0.09886150604	9549.96484375	
0.24784	-4.04322967296875E-06	-2.79069841122187E-06	0	0.10024242382	9549.96484375	
0.251936	-4.26723891515625E-06	-2.80522772361563E-06	0	0.09941845078	9549.96484375	
0.256032	-4.0444182934375E-06	-2.8441586943E-06	0	0.10095958554	9549.96484375	
0.260128	-3.50579035640625E-06	-2.90334757741875E-06	0	0.09942608016	9549.96484375	
0.264224	-0.000002735655725	-2.96991385700625E-06	0	0.09825878502	9549.96484375	
0.26832	-2.17023811125E-06	-3.01091477754375E-06	0	0.09918194	9549.96484375	
0.272416	-1.88707214265625E-06	-3.0187431351E-06	0	0.09849148111	9549.96484375	
0.276512	-1.61496948765625E-06	-3.01403905326562E-06	0	0.09978847571	9549.96484375	
0.280608	-1.10550846828125E-06	-3.03133398789375E-06	0	0.09795742451	9549.96484375	
0.284704	-5.2491308546875E-07	-3.05462314729687E-06	0	0.09917049593	9549.96484375	
0.2888	9.262096421875E-08	-3.0808651883625E-06	0	0.09918194	9549.96484375	
0.292896	5.84069811875E-07	-3.08976469869375E-06	0	0.09894161453	9549.96484375	
0.296992	1.33829521546875E-06	-3.11537236539375E-06	0	0.09909801682	9549.96484375	
0.301088	2.0607021634375E-06	-3.14126056065937E-06	0	0.09721737465	9549.96484375	
0.305184	2.67997342765625E-06	-3.15660597800625E-06	0	0.09938793326	9549.96484375	
0.30928	2.70813458953125E-06	-3.130156485225E-06	0	0.0990674993	9549.96484375	
0.313376	2.668727249375E-06	-3.09166565833125E-06	0	0.09889583825	9549.96484375	
0.317472	2.56111138078125E-06	-3.06351472494375E-06	0	0.09819774998	9549.984375	
0.321568	2.27565960359375E-06	-3.03105057471562E-06	0	0.09959774121	9549.984375	
0.325664	1.60728917078125E-06	-2.97861961753125E-06	0	0.10030345886	9549.984375	
0.32976	7.9262698796875E-07	-2.91704083295625E-06	0	0.0997922904	9549.984375	
0.333856	3.7423258296875E-07	-2.896256719125E-06	0	0.09918575469	9549.984375	
0.337952	1.41537268125E-07	-2.90038508038125E-06	0	0.09993343393	9549.984375	
0.342048	-6.720277265625E-08	-2.91148915581562E-06	0	0.09956722369	9549.984375	
0.346144	-4.9839770578125E-07	-2.89990791739688E-06	0	0.09735851818	9549.984375	
0.35024	-9.6726276453125E-07	-2.88358197218438E-06	0	0.09782772505	9549.984375	
0.354336	-1.5095479953125E-06	-2.86242838756875E-06	0	0.09823589688	9549.984375	
0.358432	-2.06317083671875E-06	-2.84523032784375E-06	0	0.09862499526	9549.984375	
0.362528	-2.6356287409375E-06	-2.826841403925E-06	0	0.10055141371	9549.984375	
0.366624	-2.97566562734375E-06	-2.82352530147187E-06	0	0.10090236519	9549.984375	
0.37072	-2.80889303234375E-06	-2.8588346411625E-06	0	0.10011272436	9549.984375	
0.374816	-2.35648579546875E-06	-2.91586463220937E-06	0	0.10088710643	9549.984375	
0.378912	-1.831206980625E-06	-2.9660124186E-06	0	0.09939174795	9549.984375	
0.383008	-1.3135170503125E-06	-2.99408546745E-06	0	0.09823589688	9549.984375	
0.387104	-8.3578305421875E-07	-3.01364289981562E-06	0	0.096511657	9549.984375	
0.3912	-4.610018771875E-07	-3.02092125792187E-06	0	0.09931926884	9549.984375	
0.395296	-1.6101235734375E-07	-3.02146765160625E-06	0	0.09847622235	9549.984375	
0.399392	-2.203519484375E-08	-3.0121421801625E-06	0	0.09783916912	9549.984375	
0.403488	1.592751428125E-07	-3.00538810037812E-06	0	0.09999065428	9549.984375	
0.407584	3.7770701203125E-07	-3.01169554599375E-06	0	0.0994871152	9549.984375	
0.41168	7.3191591171875E-07	-3.02886475959375E-06	0	0.1006315222	9549.984375	
0.415776	1.0417801246875E-06	-3.04423782114375E-06	0	0.09947948582	9549.984375	
0.419872	1.44490532828125E-06	-3.05921352732188E-06	0	0.1002500532	9549.984375	
0.423968	1.4996733021875E-06	-3.05817146105625E-06	0	0.10019283285	9549.984375	
0.428064	1.30757394796875E-06	-3.02666764640625E-06	0	0.10023479444	9549.984375	
0.43216	1.0234936559375E-06	-2.99817560759062E-06	0	0.09954433555	9549.984375	
0.436256	5.3753074890625E-07	-2.95878526236562E-06	0	0.09896831736	9549.984375	
0.440352	2.76125678125E-08	-2.92583481454687E-06	0	0.09943370954	9549.984375	
0.444448	-5.9056150828125E-07	-2.88961561999687E-06	0	0.09963207342	9549.984375	
0.448544	-9.4111311421875E-07	-2.87699688261562E-06	0	0.09952144741	9549.984375	
0.45264	-1.10532560359375E-06	-2.87717452666875E-06	0	0.09958248245	9549.984375	
0.456736	-1.043425906875E-06	-2.89535816233125E-06	0	0.09960537059	9549.984375	
0.460832	-1.02833957015625E-06	-2.90885838921562E-06	0	0.10053615495	9549.984375	
0.464928	-9.521764278125E-07	-2.91996078195937E-06	0	0.09989910172	9549.984375	
0.469024	-8.07164730625E-07	-2.93406894092812E-06	0	0.09972744067	9549.984375	
0.47312	-5.368907225E-07	-2.9542076227125E-06	0	0.09993343393	9549.984375	
0.477216	-3.900503784375E-07	-2.96517443866875E-06	0	0.10013942719	9549.984375	
0.481312	-3.56586140625E-07	-2.96138550015E-06	0	0.10044460239	9549.984375	
0.485408	-2.5591913015625E-07	-2.9620903071375E-06	0	0.09957866776	9549.984375	
0.489504	2.166946546875E-07	-2.98472514027187E-06	0	0.10034923514	9549.984375	
0.4936	9.8006329265625E-07	-3.03345297615937E-06	0	0.10207347502	9549.984375	
0.497696	1.80588022140625E-06	-3.07938418022812E-06	0	0.09971981129	9549.984375	
0.501792	2.53368167765625E-06	-3.11332837705312E-06	0	0.09884624728	9549.984375	
0.505888	2.9214462475E-06	-3.11317933874062E-06	0	0.09818630591	9549.984375	
0.509984	3.131009179375E-06	-3.09979954442812E-06	0	0.09746151481	9549.984375	
0.51408	2.87124989078125E-06	-3.05763949043437E-06	0	0.09796886858	9549.984375	
0.518176	2.2655106134375E-06	-2.99331840090937E-06	0	0.09926204849	9549.984375	
0.522272	1.472060734375E-06	-2.927514380175E-06	0	0.10058956061	9549.96484375	
0.526368	7.6391723203125E-07	-2.87856298681875E-06	0	0.10091380926	9549.96484375	
0.530464	2.5820493875E-07	-2.85669377791875E-06	0	0.10214213944	9549.96484375	
0.53456	-3.062983515625E-08	-2.85778488259687E-06	0	0.10097865899	9549.96484375	
0.538656	-3.359224309375E-07	-2.86540891343437E-06	0	0.09982280792	9549.96484375	
0.542752	-7.619971528125E-07	-2.85492935660625E-06	0	0.10007839215	9549.96484375	
0.546848	-1.221170383125E-06	-2.84338561815E-06	0	0.09995250738	9549.96484375	
0.550944	-1.61624954046875E-06	-2.83384836807188E-06	0	0.1000211718	9549.96484375	
0.55504	-0.000001945680275	-2.83171303366875E-06	0	0.10010509498	9549.96484375	
0.559136	-2.18715309484375E-06	-2.83580750072812E-06	0	0.09909801682	9549.96484375	
0.563232	-2.3148840790625E-06	-2.84481205903125E-06	0	0.10070018662	9549.96484375	
0.567328	-2.0522903878125E-06	-2.87752957439062E-06	0	0.09869747437	9549.96484375	
0.571424	-1.337472324375E-06	-2.93924489729062E-06	0	0.09859829243	9549.96484375	
0.57552	-5.9321304625E-07	-3.000629691675E-06	0	0.09898739081	9549.96484375	
0.579616	-1.0853019203125E-07	-3.02478014829375E-06	0	0.10066585441	9549.96484375	
0.583712	4.083368471875E-07	-3.0422306116125E-06	0	0.09913234903	9549.96484375	
0.587808	1.05256914125E-06	-3.06404357056875E-06	0	0.09976940226	9549.96484375	
0.591904	1.59540296609375E-06	-3.0838738392E-06	0	0.10110454376	9549.96484375	
0.596	1.65721123046875E-06	-3.064952704275E-06	0	0.10102824996	9549.96484375	
0.600096	1.64459356703125E-06	-3.03324864944062E-06	0	0.10021953568	9549.96484375	
0.604192	1.8008514425E-06	-3.02492510007187E-06	0	0.10039119673	9549.96484375	
0.608288	2.02147768796875E-06	-3.0270613960125E-06	0	0.09930782477	9549.96484375	
0.612384	2.279591194375E-06	-3.03433422527812E-06	0	0.10102062058	9549.96484375	
0.61648	2.4487410303125E-06	-3.03438398484375E-06	0	0.09933834229	9549.96484375	
0.620576	2.67302456953125E-06	-3.03799431777187E-06	0	0.09817867653	9549.96484375	
0.624672	2.95353900015625E-06	-3.0469959914625E-06	0	0.09788113071	9549.96484375	
0.628768	3.06051484234375E-06	-3.04745512561875E-06	0	0.09885006197	9549.96484375	
0.632864	2.6769561603125E-06	-3.01083280647187E-06	0	0.09871273313	9549.96484375	
0.63696	2.0219348496875E-06	-2.95305810463125E-06	0	0.09968166439	9549.96484375	
0.641056	1.57291060953125E-06	-2.9181576587625E-06	0	0.10032253231	9549.96484375	
0.645152	1.3504557171875E-06	-2.9131672791375E-06	0	0.10224513607	9549.96484375	
0.649248	1.11044581484375E-06	-2.9142845857125E-06	0	0.1032255114	9549.96484375	
0.653344	9.494334575E-07	-2.9129278563E-06	0	0.10125713136	9549.96484375	
0.65744	1.05101479140625E-06	-2.93368528746562E-06	0	0.10007457746	9549.96484375	
0.661536	1.1456472671875E-06	-2.95221411509062E-06	0	0.10054378433	9549.96484375	
0.665632	1.1220577225E-06	-2.95870449321562E-06	0	0.09996013676	9549.96484375	
0.669728	9.2703253328125E-07	-2.94909344513437E-06	0	0.09822445281	9549.96484375	
0.673824	5.805953828125E-07	-2.92875332124375E-06	0	0.09810238273	9549.96484375	
0.67792	1.9091073375E-07	-2.90435478795E-06	0	0.09972744067	9549.96484375	
0.682016	-3.2549914375E-08	-2.89757835241875E-06	0	0.09978084633	9549.96484375	
0.686112	-1.46657479375E-07	-2.899991330775E-06	0	0.09927730725	9549.96484375	
0.690208	-7.616314234375E-08	-2.91723915006562E-06	0	0.10022716506	9549.96484375	
0.694304	2.130373609375E-08	-2.93467927685625E-06	0	0.10058574592	9549.96484375	
0.6984	1.6576683921875E-07	-2.9487739743E-06	0	0.10249690561	9549.96484375	
0.702496	2.57839209375E-07	-2.959545117375E-06	0	0.09981899323	9549.96484375	
0.706592	2.3333534125E-07	-2.95830978207187E-06	0	0.09916668124	9549.96484375	
0.710688	-0.00000001170334	-2.94272398035E-06	0	0.10095195616	9549.96484375	
0.714784	-7.2277267734375E-07	-2.89341609696562E-06	0	0.10090617988	9549.96484375	
0.71888	-1.4400594140625E-06	-2.8436788870875E-06	0	0.09910946089	9549.96484375	
0.722976	-1.8116404590625E-06	-2.8258981356375E-06	0	0.09926586318	9549.96484375	
0.727072	-1.65282247796875E-06	-2.85798920931562E-06	0	0.09946422706	9549.96484375	
0.731168	-1.48842712390625E-06	-2.89469950914375E-06	0	0.09909038744	9549.96484375	
0.735264	-1.33683229796875E-06	-2.91365934595312E-06	0	0.09936123043	9549.96484375	
0.73936	-0.00000088360217	-2.94947541590625E-06	0	0.09748440295	9549.96484375	
0.743456	-2.1312879328125E-07	-2.99458787079375E-06	0	0.09771328435	9549.96484375	
0.747552	4.350350915625E-07	-3.03706859754375E-06	0	0.09935741574	9549.96484375	
0.751648	6.749535615625E-07	-3.03857075950312E-06	0	0.10074214821	9549.96484375	
0.755744	9.196265134375E-07	-3.03247437136875E-06	0	0.09968929377	9549.96484375	
0.75984	1.33134635734375E-06	-3.03830225015625E-06	0	0.100326347	9549.96484375	
0.763936	2.01526028859375E-06	-3.07212361056563E-06	0	0.10071163069	9549.96484375	
0.768032	2.6288627475E-06	-3.09511926064687E-06	0	0.10215358351	9549.96484375	
0.772128	3.24685395890625E-06	-3.114998808075E-06	0	0.10000209835	9549.96484375	
0.776224	3.77825874078125E-06	-3.12497788463437E-06	0	0.0986860303	9549.96484375	
0.78032	4.35629401796875E-06	-3.13779181412812E-06	0	0.09775906063	9549.96484375	
0.784416	4.51831213109375E-06	-3.12595985480625E-06	0	0.09795742451	9549.96484375	
0.788512	4.3168866778125E-06	-3.08553465484687E-06	0	0.0972364481	9549.96484375	
0.792608	3.62044651546875E-06	-3.01687534850625E-06	0	0.09720974527	9549.96484375	
0.796704	2.96963109265625E-06	-2.95557661172812E-06	0	0.09920864283	9549.96484375	
0.8008	2.49564582265625E-06	-2.92572928580625E-06	0	0.10048656398	9549.96484375	
0.804896	2.17252391984375E-06	-2.91608794929375E-06	0	0.09956722369	9549.96484375	
0.808992	1.8072517065625E-06	-2.91044973377812E-06	0	0.09920101345	9549.96484375	
0.813088	1.3976348065625E-06	-2.89570143121875E-06	0	0.10007839215	9549.96484375	
0.817184	1.185328904375E-06	-2.900264407425E-06	0	0.10054759902	9549.96484375	
0.82128	9.6433692953125E-07	-2.90272642419375E-06	0	0.09999828366	9549.96484375	
0.825376	8.8771662546875E-07	-2.91536607501562E-06	0	0.09992961924	9549.96484375	
0.829472	4.697793821875E-07	-2.90451007625625E-06	0	0.09772472842	9549.96484375	
0.833568	-1.0615295109375E-07	-2.87341876119375E-06	0	0.09869747437	9549.96484375	
0.837664	-6.2731731046875E-07	-2.84944162170937E-06	0	0.09746914419	9549.96484375	
0.84176	-8.3633164828125E-07	-2.85387647304375E-06	0	0.09862499526	9549.96484375	
0.845856	-9.5702234203125E-07	-2.86845458346562E-06	0	0.10035304983	9549.96484375	
0.849952	-1.08173605890625E-06	-2.87814399685312E-06	0	0.10015468595	9549.96484375	
0.854048	-1.04516312140625E-06	-2.89204879064062E-06	0	0.09954815024	9549.96484375	
0.858144	-7.3520747609375E-07	-2.92376654738437E-06	0	0.09928875132	9549.96484375	
0.86224	-2.73931301875E-07	-2.96519943864375E-06	0	0.09863643933	9549.96484375	
0.866336	-2.463187340625E-07	-2.9728018348875E-06	0	0.09955196493	9549.96484375	
0.870432	-5.573715675E-07	-2.94180595242187E-06	0	0.09866695685	9549.96484375	
0.874528	-8.3816029515625E-07	-2.91472136412187E-06	0	0.09894161453	9549.96484375	
0.878624	-8.3011424890625E-07	-2.91391174954687E-06	0	0.10025386789	9549.96484375	
0.88272	-6.16253996875E-07	-2.93480523826875E-06	0	0.10082988608	9549.96484375	
0.886816	-3.139786684375E-07	-2.95743406179375E-06	0	0.10032253231	9549.96484375	
0.890912	2.0965436421875E-07	-2.99154580652812E-06	0	0.09899502019	9549.96484375	
0.895008	9.17615001875E-07	-3.0337190816625E-06	0	0.09800701548	9549.96484375	
0.899104	1.56559602203125E-06	-3.07054765060312E-06	0	0.09771328435	9549.96484375	
0.9032	1.79106818171875E-06	-3.0702815451E-06	0	0.09814052963	9549.96484375	
0.907296	1.56596175140625E-06	-3.03070418083125E-06	0	0.09697704918	9549.96484375	
0.911392	1.39827483296875E-06	-2.9944883516625E-06	0	0.09813671494	9549.96484375	
0.915488	1.162653683125E-06	-2.96943573248437E-06	0	0.09974651412	9549.96484375	
0.919584	9.8865793296875E-07	-2.95001387690625E-06	0	0.10147838338	9549.96484375	
0.92368	8.8917954296875E-07	-2.94678960128438E-06	0	0.10130672233	9549.96484375	
0.927776	1.022945061875E-06	-2.95352733493125E-06	0	0.10087184767	9549.96484375	
0.931872	1.5091822659375E-06	-2.99611695580312E-06	0	0.10074214821	9549.96484375	
0.935968	0.00000171453931	-3.01239314145E-06	0	0.09868984499	9549.96484375	
0.940064	1.85854525140625E-06	-3.01569842660625E-06	0	0.09851436925	9549.96484375	
0.94416	1.72944278203125E-06	-2.998318155525E-06	0	0.09773617249	9549.96484375	
0.948256	1.61442089359375E-06	-2.98014293331562E-06	0	0.09777813408	9549.96484375	
0.952352	1.30592816578125E-06	-2.95830305130937E-06	0	0.0989149117	9549.96484375	
0.956448	1.072684256875E-06	-2.93762927390625E-06	0	0.09936123043	9549.96484375	
0.960544	9.931381178125E-07	-2.93995234850625E-06	0	0.0988386179	9549.96484375	
0.96464	1.053666329375E-06	-2.94644152470938E-06	0	0.09882717383	9549.96484375	
0.968736	1.33664943328125E-06	-2.97410135281875E-06	0	0.10153560373	9549.96484375	
0.972832	1.4204928925E-06	-2.98502802458437E-06	0	0.09999828366	9549.96484375	
0.976928	1.6035404446875E-06	-2.9933133528375E-06	0	0.10104350872	9549.96484375	
0.981024	0.00000151558253	-2.98750230095625E-06	0	0.09984188137	9549.96484375	
0.98512	1.39736050953125E-06	-2.97298669047187E-06	0	0.09963588811	9549.96484375	
0.989216	9.635140384375E-07	-2.94610498658437E-06	0	0.09986095482	9549.96484375	
0.993312	0.00000045643026	-2.90563315205625E-06	0	0.09810619742	9549.96484375	
0.997408	2.1404311671875E-07	-2.89678243975312E-06	0	0.09828930254	9549.96484375	
1.001504	5.94310234375E-08	-2.89825359212812E-06	0	0.09896068798	9549.96484375	
1.0056	1.682355125E-08	-2.90942761941562E-06	0	0.09957866776	9549.96484375	
1.009696	8.402632390625E-08	-2.92206678946875E-06	0	0.09903698178	9549.96484375	
1.013792	5.133011778125E-07	-2.9608576160625E-06	0	0.09828167316	9549.96484375	
1.017888	8.0798762171875E-07	-2.98921984731562E-06	0	0.09687023786	9549.96484375	
1.021984	9.8719501546875E-07	-2.9995325773875E-06	0	0.09869365968	9549.96484375	
1.02608	7.2167548921875E-07	-2.97556072635937E-06	0	0.09732418597	9549.96484375	
1.030176	4.3512652390625E-07	-2.944714362975E-06	0	0.09849911049	9549.96484375	
1.034272	2.305923709375E-07	-2.92810596612187E-06	0	0.10033016169	9549.96484375	
1.038368	1.702470240625E-07	-2.9268211116375E-06	0	0.10243587057	9549.96484375	
1.042464	1.830475521875E-07	-2.9353326415875E-06	0	0.10071544538	9549.96484375	
1.04656	3.92427619375E-07	-2.95079200112812E-06	0	0.09984188137	9549.96484375	
1.050656	9.3599290296875E-07	-2.99144917200937E-06	0	0.09955577962	9549.96484375	
1.054752	1.5139367478125E-06	-3.03309239959687E-06	0	0.09912090496	9549.96484375	
1.058848	1.84501326453125E-06	-3.04882147040625E-06	0	0.09710293395	9549.96484375	
1.062944	1.76930728390625E-06	-3.02850730802812E-06	0	0.09840755793	9549.96484375	
1.06704	1.4828497509375E-06	-2.99281167064688E-06	0	0.09705334298	9549.96484375	
1.071136	1.20663264046875E-06	-2.96094367366875E-06	0	0.0983808551	9549.96484375	
1.075232	1.04699176828125E-06	-2.94691412039063E-06	0	0.10119991101	9549.96484375	
1.079328	9.415702759375E-07	-2.94377373891562E-06	0	0.09979610509	9549.96484375	
1.083424	0.000000921638025	-2.9443614787125E-06	0	0.10053615495	9549.96484375	
1.08752	1.05887797296875E-06	-2.95831266668437E-06	0	0.10237483553	9549.96484375	
1.091616	1.42369302453125E-06	-2.98703859949687E-06	0	0.10229472704	9549.96484375	
1.095712	1.8185893171875E-06	-3.01742438641875E-06	0	0.09942989485	9549.96484375	
1.099808	1.94248014296875E-06	-3.02253856399687E-06	0	0.09946041237	9549.96484375	
1.103904	0.00000179061102	-3.00382343848125E-06	0	0.09824734095	9549.96484375	
1.108	1.34835277328125E-06	-2.96173766325937E-06	0	0.09703426953	9549.96484375	
1.112096	1.06363245484375E-06	-2.93702230335937E-06	0	0.09847240766	9549.96484375	
1.116192	7.3612179953125E-07	-2.91991222431562E-06	0	0.09751873516	9549.96484375	
1.120288	4.745338640625E-07	-2.90849300496563E-06	0	0.10099773244	9549.96484375	
1.124384	2.093800671875E-07	-2.90167858870312E-06	0	0.09947185644	9549.96484375	
1.12848	4.1446281421875E-07	-2.92171222251562E-06	0	0.0992963807	9549.96484375	
1.132576	9.5629088328125E-07	-2.97542899572187E-06	0	0.09994106331	9549.96484375	
1.136672	1.253354568125E-06	-3.00239819952188E-06	0	0.10092143864	9549.96484375	
1.140768	1.21495298375E-06	-2.99754724283437E-06	0	0.09958629714	9549.96484375	
1.144864	9.561994509375E-07	-2.96734583072812E-06	0	0.09954052086	9549.96484375	
1.14896	8.5900686953125E-07	-2.9559845440125E-06	0	0.09928875132	9549.96484375	
1.153056	6.4231221484375E-07	-2.94206220216562E-06	0	0.09966640563	9549.96484375	
1.157152	4.9821484109375E-07	-2.93370307590937E-06	0	0.10092906802	9549.96484375	
1.161248	4.5414445140625E-07	-2.93435908486875E-06	0	0.10040645549	9549.96484375	
1.165344	8.031417075E-07	-2.95883237770313E-06	0	0.09872799189	9549.96484375	
1.16944	1.52189136171875E-06	-3.0144114086625E-06	0	0.10074977759	9549.96484375	
1.173536	2.024312090625E-06	-3.05075776654687E-06	0	0.0993345276	9549.96484375	
1.177632	2.23433218421875E-06	-3.05404165749375E-06	0	0.09827785847	9549.96484375	
1.181728	2.22774905546875E-06	-3.035060426475E-06	0	0.09716778368	9549.96484375	
1.185824	2.22061733265625E-06	-3.0187431351E-06	0	0.09928493663	9549.96484375	
1.18992	1.83788154171875E-06	-2.98660158070312E-06	0	0.09900264957	9549.96484375	
1.194016	1.1533275840625E-06	-2.93095932865312E-06	0	0.09964733218	9549.96484375	
1.198112	6.215570728125E-07	-2.89222835776875E-06	0	0.10226039483	9549.96484375	
1.202208	4.792883459375E-07	-2.89001273498437E-06	0	0.10224513607	9549.96484375	
1.206304	8.388003215625E-07	-2.93326966288125E-06	0	0.10179118796	9549.96484375	
1.2104	1.28617877953125E-06	-2.97960303000938E-06	0	0.10095958554	9549.96484375	
1.214496	1.64989664296875E-06	-3.01022607630937E-06	0	0.09770565497	9549.96484375	
1.218592	1.88176906671875E-06	-3.02039938344375E-06	0	0.09878139755	9549.96484375	
1.222688	1.87902609640625E-06	-3.01702270412812E-06	0	0.09679394406	9549.96484375	
1.226784	1.41381833140625E-06	-2.9725037582625E-06	0	0.0977705047	9549.96484375	
1.23088	9.34438553125E-07	-2.9323037984625E-06	0	0.09923153097	9549.96484375	
1.234976	3.7331825953125E-07	-2.89481104749375E-06	0	0.09909038744	9549.96484375	
1.239072	2.4513011359375E-07	-2.89362619290937E-06	0	0.10106639686	9549.96484375	
1.243168	2.057227734375E-07	-2.90794012090312E-06	0	0.1002500532	9549.96484375	
1.247264	5.2857037921875E-07	-2.93874874394062E-06	0	0.10126094605	9549.96484375	
1.25136	9.3891873796875E-07	-2.981622018375E-06	0	0.09793072168	9549.96484375	
1.255456	1.0597008640625E-06	-2.9905806632625E-06	0	0.0997922904	9549.96484375	
1.259552	8.6467567484375E-07	-2.97607418738437E-06	0	0.0998304373	9549.96484375	
1.263648	6.4002640625E-07	-1.56718833665625E-06	0	0.09866695685	9549.96484375	
1.267744	1.62667282765625E-06	0	0	0.09968929377	9549.96484375	
1.27184	4.5392501378125E-06	0	0	0.10024242382	9549.96484375	
1.275936	9.6561698234375E-06	0	0	0.10071544538	9549.96484375	
1.280032	1.70410687957813E-05	0	0	0.09942226547	9549.96484375	
1.284128	2.70086571820313E-05	0	0	0.09835796696	9549.96484375	
1.288224	3.9304570201875E-05	0	0	0.09880810038	9549.96484375	
1.29232	5.3464148684375E-05	0	0	0.09969310846	9549.96484375	
1.296416	6.93895600217187E-05	0	0	0.09934215698	9549.96484375	
1.300512	8.86379884603125E-05	0	0	0.09802608893	9549.96484375	
1.304608	1.19404972132188E-04	0	0	0.09904079647	9549.96484375	
1.308704	1.28843167248125E-04	0	0	0.1006696691	9549.96484375	
1.3128	1.52201479538281E-04	0	0	0.10121898446	9549.96484375	
1.316896	1.7703715563875E-04	0	0	0.10012798312	9549.96484375	
1.320992	2.05763917992188E-04	0	0	0.10000209835	9549.96484375	
1.325088	2.33501839547969E-04	0	0	0.10052089619	9549.96484375	
1.329184	2.62825289376719E-04	0	0	0.10080699794	9549.984375	
1.33328	2.94137209817344E-04	0	0	0.0988767648	9549.984375	
1.337376	3.26605475109375E-04	0	0	0.09717159837	9549.984375	
1.341472	3.60182357569375E-04	0	0	0.09753017923	9549.984375	
1.345568	3.95488957108437E-04	0	0	0.09839229917	9549.984375	
1.349664	4.29518703967031E-04	0	0	0.09973125536	9549.984375	
1.35376	4.65464324156563E-04	0	0	0.09970073784	9549.984375	
1.357856	5.01623347436406E-04	0	0	0.1015470478	9549.984375	
1.361952	5.38869044121719E-04	0	0	0.10151271559	9549.984375	
1.366048	5.7666671786625E-04	0	0	0.10033397638	9549.984375	
1.370144	6.14623849618281E-04	0	0	0.0990674993	9549.984375	
1.37424	6.52525207640625E-04	0	0	0.09854870146	9549.984375	
1.378336	6.90175126717656E-04	0	0	0.09815578839	9549.984375	
1.382432	7.27772289332344E-04	0	0	0.09785442788	9549.984375	
1.386528	0.00076483082401	0	0	0.09825878502	9549.984375	
1.390624	8.01274933337656E-04	0	0	0.10041789956	9549.984375	
1.39472	8.37464403587969E-04	0	0	0.1001356125	9549.984375	
1.398816	8.73496701639375E-04	0	0	0.09973507005	9549.984375	
1.402912	9.09186128401719E-04	0	0	0.0993345276	9549.984375	
1.407008	9.44088139819687E-04	0	0	0.10099773244	9549.984375	
1.411104	9.77854104366562E-04	0	0	0.1328275058	9549.984375	
1.4152	1.01027884786297E-03	0	0	0.1631161444	9549.96484375	
1.419296	1.04201199711125E-03	0	0	0.13978931505	9549.96484375	
1.423392	1.07235839200188E-03	0	0	0.18053020425	9549.96484375	
1.427488	0.00110179338929	0	0	0.18793833223	9549.96484375	
1.431584	1.13288312913531E-03	0	0	0.13602421602	9528.265625	
1.43568	1.16542161446734E-03	0	0	0.17550244283	9528.265625	
1.439776	1.19956793756422E-03	-2.1279449874375E-07	0	0.16655318009	9528.265625	
1.443872	1.23489062919578E-03	-3.32618465458125E-06	0	0.14871950434	9528.265625	
1.447968	1.26910781235906E-03	-3.22718379204375E-06	0	0.24133636285	9528.265625	
1.452064	1.30285046165828E-03	-3.19172926019062E-06	0	0.21696812313	9480.14453125	
1.45616	1.33722472558812E-03	-3.37942883210625E-06	0	0.15069169907	9480.14453125	
1.460256	1.37231115604344E-03	-3.6993568775625E-06	0	0.26143596446	9480.14453125	
1.464352	1.40907884443562E-03	-4.18571456428125E-06	0	0.23535111424	9480.14453125	
1.468448	1.4493899018775E-03	-4.96866209864062E-06	0	0.23111680834	9480.14453125	
1.472544	1.4887891959875E-03	-5.73090797100937E-06	0	0.33198865601	9480.14453125	
1.47664	1.52586482851344E-03	-6.24576683115E-06	0	0.31594406987	9429.9453125	
1.480736	1.56275997359281E-03	-6.71017838596875E-06	0	0.24801588504	9429.9453125	
1.484832	1.59892987732156E-03	-7.20655745689687E-06	0	0.36253287884	9429.9453125	
1.488928	1.63112594852625E-03	-7.41982094555625E-06	0	0.34748392679	9429.9453125	
1.493024	1.66228353117062E-03	-7.5890077956E-06	0	0.34522563031	9380.72265625	
1.49712	1.68667795478016E-03	-7.46169854790937E-06	0	0.43002237432	9380.72265625	
1.501216	1.70423762782969E-03	-6.8396133526875E-06	0	0.4130546332	9380.72265625	
1.505312	1.72056406142672E-03	-6.29458553233125E-06	0	0.33817608319	9380.72265625	
1.509408	1.73503670425422E-03	-5.8998758308875E-06	0	0.4558173081	9380.72265625	
1.513504	1.74473191568844E-03	-5.32489972317187E-06	0	0.43278802457	9331.8046875	
1.5176	1.75423575922719E-03	-4.8636691747875E-06	0	0.42665018836	9331.8046875	
1.521696	1.76003211265922E-03	-4.40017180174688E-06	0	0.52447028403	9331.8046875	
1.525792	1.76196343805625E-03	-3.706355909025E-06	0	0.5158605287	9331.8046875	
1.529888	1.76552646505984E-03	-3.28164167027812E-06	0	0.44506369699	9331.8046875	
1.533984	1.76853330911641E-03	-3.049348873725E-06	0	0.5429448277	9283.6640625	
1.53808	1.76772715014156E-03	-2.59900268945625E-06	0	0.54964342334	9283.6640625	
1.542176	1.76958953555141E-03	-2.35810749765937E-06	0	0.53430455485	9283.6640625	
1.546272	1.76931368417031E-03	-2.20404443056875E-06	0	0.63425324754	9283.6640625	
1.550368	1.76465438336516E-03	-1.6551819986625E-06	0	0.64069625895	9283.6640625	
1.554464	1.76299232622047E-03	-1.38065679241875E-06	0	0.55739868811	9236.90625	
1.55856	1.7611873603225E-03	-1.27479439828125E-06	0	0.67395272637	9236.90625	
1.562656	1.75710636909156E-03	-9.92773766840625E-07	0	0.6543337757	9236.90625	
1.566752	1.75447558626484E-03	-8.267001348375E-07	0	0.63918182702	9236.90625	
1.570848	1.7492704343675E-03	-6.0846717999375E-07	0	0.73026136546	9236.90625	
1.574944	1.73877089260531E-03	3.408121591875E-08	0	0.74164440042	9236.90625	
1.57904	1.72973582269297E-03	5.59011700603125E-07	0	0.6729494629	9188.36328125	
1.583136	1.72090711558047E-03	8.6812461264375E-07	0	0.76074073856	9188.36328125	
1.587232	1.70902200808109E-03	1.36319503103437E-06	0	0.78872148971	9188.36328125	
1.591328	1.70019275237453E-03	1.65501204690937E-06	0	0.75912712469	9188.36328125	
1.595424	0.001689783820065	1.84307195500312E-06	0	0.84017021374	9188.36328125	
1.59952	1.6738628889125E-03	2.5100599899375E-06	0	0.86747576476	9139.36328125	
1.603616	1.66001390610172E-03	3.02509721528437E-06	0	0.79184190613	9139.36328125	
1.607712	1.64669440799359E-03	3.34479617443125E-06	0	0.87599015284	9139.36328125	
1.611808	1.63120330028906E-03	3.78021905631562E-06	0	0.88847181852	9139.36328125	
1.615904	1.61699599412312E-03	4.14716652590625E-06	0	0.86429049861	9091.00390625	
1.62	0.001601663521535	4.46259048932812E-06	0	0.94006931546	9091.00390625	
1.624096	1.58197566925234E-03	5.11891651569375E-06	0	0.96648222902	9091.00390625	
1.628192	1.56503682181687E-03	5.61569318237812E-06	0	0.90883844843	9091.00390625	
1.632288	1.55074722654156E-03	5.78274061148437E-06	0	0.95301637332	9091.00390625	
1.636384	1.53502369781922E-03	6.02511152295937E-06	0	1.01253698139	9042.8046875	
1.64048	1.52165491767781E-03	6.21238369145625E-06	0	0.97324948908	9042.8046875	
1.644576	1.50995816080656E-03	6.15955682120625E-06	0	1.04233733967	9042.8046875	
1.648672	1.49297597444016E-03	6.5789732287125E-06	0	1.08521064058	9042.8046875	
1.652768	1.47884501428125E-03	6.91160438646562E-06	0	1.02677721916	9042.8046875	
1.656864	0.00146687322892	6.98020696209375E-06	0	1.06003750127	8996.46484375	
1.66096	1.45451322182719E-03	7.08146743775625E-06	0	1.1176660231	8996.46484375	
1.665056	1.44400983990656E-03	7.1708322522375E-06	0	1.08342536566	8996.46484375	
1.669152	1.43596991962359E-03	7.025064128775E-06	0	1.13999721836	8996.46484375	
1.673248	1.42400855754953E-03	7.203933180675E-06	0	1.18426669581	8948.22265625	
1.677344	1.41354942888328E-03	7.4505031264125E-06	0	1.14376613208	8948.22265625	
1.68144	1.40609787573234E-03	7.39551976793437E-06	0	1.12771773125	8948.22265625	
1.685536	1.3976435840675E-03	7.4052416332125E-06	0	1.22418361197	8948.22265625	
1.689632	1.39019212234891E-03	7.49650091695312E-06	0	1.18329776455	8948.22265625	
1.693728	0.001386158218775	7.27396580295E-06	0	1.21454389034	8899.40625	
1.697824	1.37599313652625E-03	7.50381244810312E-06	0	1.29147092888	8899.40625	
1.70192	1.36671997679078E-03	7.88656206535312E-06	0	1.25206518118	8899.40625	
1.706016	1.36061979368047E-03	7.904944018125E-06	0	1.24143745484	8899.40625	
1.710112	1.35457117841203E-03	7.88610341196562E-06	0	1.32444510924	8899.40625	
1.714208	1.34894872929781E-03	7.94153292384375E-06	0	1.29121915934	8899.40625	
1.718304	1.34589955206609E-03	7.78409101397812E-06	0	1.30891932094	8851.3046875	
1.7224	1.33863369800531E-03	7.91542934417812E-06	0	1.38728449761	8851.3046875	
1.726496	1.33074976130078E-03	8.27444412939375E-06	0	1.36282852002	8851.3046875	
1.730592	1.32642327422687E-03	8.2808532576E-06	0	1.30896128253	8851.3046875	
1.734688	1.32087305666422E-03	8.30974048832813E-06	0	1.41245382223	8803.36328125	
1.738784	1.31374453398375E-03	8.57122628453437E-06	0	1.38710520718	8803.36328125	
1.74288	1.31084530579578E-03	8.50832778974062E-06	0	1.37589764796	8803.36328125	
1.746976	1.30334629925844E-03	8.66727522694688E-06	0	1.47009378813	8803.36328125	
1.751072	1.29467814734156E-03	9.13575120077812E-06	0	1.45485028689	8803.36328125	
1.755168	1.2893320982025E-03	9.2312071149375E-06	0	1.39696236614	8757.1640625	
1.759264	1.28382585959719E-03	0.000009271913805	0	1.50569247521	8757.1640625	
1.76336	1.27728396683422E-03	9.46534221734063E-06	0	1.48253730691	8757.1640625	
1.767456	1.27368756702516E-03	9.44090161678125E-06	0	1.46815211092	8757.1640625	
1.771552	1.26690438430703E-03	9.56339933082187E-06	0	1.56263435284	8757.1640625	
1.775648	1.25630536415484E-03	1.01562028245562E-05	0	1.55467309481	8709.0234375	
1.779744	1.24902753245703E-03	1.04371200917156E-05	0	1.48497107913	8709.0234375	
1.78384	1.24237052637328E-03	1.05362019637875E-05	0	1.56765448488	8709.0234375	
1.787936	1.23389063365219E-03	1.0814833415925E-05	0	1.58632357774	8709.0234375	
1.792032	1.22950654420172E-03	1.08339242622187E-05	0	1.54411403289	8709.0234375	
1.796128	1.22280574202531E-03	1.08441891558E-05	0	1.6325728793	8660.3828125	
1.800224	1.21154365451625E-03	1.14404633191406E-05	0	1.64319297626	8660.3828125	
1.80432	1.20322742569047E-03	1.17445896977062E-05	0	1.56128013789	8660.3828125	
1.808416	1.19516720742719E-03	1.19461041596531E-05	0	1.64418098097	8660.3828125	
1.812512	1.18537462054688E-03	1.22621591320594E-05	0	1.65603703749	8660.3828125	
1.816608	1.17679223216844E-03	1.254393745605E-05	0	1.62833475871	8612.28515625	
1.820704	1.16743321746219E-03	1.27660177628156E-05	0	1.71082361527	8612.28515625	
1.8248	1.15331469210203E-03	1.3454469237825E-05	0	1.72995047093	8612.28515625	
1.828896	1.14232306146578E-03	1.39142336819062E-05	0	1.664349247	8612.28515625	
1.832992	1.13321658289297E-03	1.40389097591531E-05	0	1.69100630072	8612.28515625	
1.837088	1.12158675449734E-03	1.43848892208656E-05	0	1.75277757589	8564.765625	
1.841184	1.11206846464828E-03	1.46795038300969E-05	0	1.70224056277	8564.765625	
1.84528	1.10379932347953E-03	1.46970196779656E-05	0	1.75598954487	8564.765625	
1.849376	1.08953423207234E-03	1.53298014971062E-05	0	1.80497016447	8518.3828125	
1.853472	1.07756628686953E-03	1.58306771981531E-05	0	1.73757222155	8518.3828125	
1.857568	1.06724924406547E-03	1.60508291414625E-05	0	1.76738783859	8518.3828125	
1.861664	1.05586628299797E-03	1.63570437390938E-05	0	1.81540715631	8518.3828125	
1.86576	1.04622163364984E-03	1.6614123770475E-05	0	1.77457471455	8518.3828125	
1.869856	1.03844915297234E-03	1.66062805090875E-05	0	1.82086216301	8469.984375	
1.873952	1.02573155398312E-03	1.71016100618344E-05	0	1.87913536745	8469.984375	
1.878048	1.01413756706625E-03	1.76473138430531E-05	0	1.82416186986	8469.984375	
1.882144	1.00585397958719E-03	1.77579283959E-05	0	1.81305349258	8469.984375	
1.88624	9.961809862125E-04	1.79667094371187E-05	0	1.89686223188	8469.984375	
1.890336	9.86778906872344E-04	1.83121184667094E-05	0	1.85404615132	8421.6640625	
1.894432	9.80489641675156E-04	1.8285418253025E-05	0	1.86590220784	8421.6640625	
1.898528	9.682509653025E-04	1.87975783177875E-05	0	1.94162761903	8421.6640625	
1.902624	9.56202468204844E-04	1.94832334013625E-05	0	1.89101049742	8421.6640625	
1.90672	9.4786155264625E-04	1.96586755336125E-05	0	1.86544063035	8421.6640625	
1.910816	9.39407718143125E-04	1.98051342813844E-05	0	1.95448312433	8373.2265625	
1.914912	9.31207791258594E-04	2.0067112625175E-05	0	1.91582505587	8373.2265625	
1.919008	9.26372666056406E-04	1.99921872193312E-05	0	1.91631715088	8373.2265625	
1.923104	0.000917749590285	2.02633463231719E-05	0	2.00672530388	8373.2265625	
1.9272	9.07372842160469E-04	2.09256949396687E-05	0	1.97534947863	8373.2265625	
1.931296	9.00996350507344E-04	2.10894515066812E-05	0	1.91445176747	8326.10546875	
1.935392	8.93732325093437E-04	2.12415208257656E-05	0	2.01397321488	8326.10546875	
1.939488	8.85558913588594E-04	2.16442199422969E-05	0	2.00130844408	8326.10546875	
1.943584	8.81520804126875E-04	2.16240550586156E-05	0	1.97771077174	8326.10546875	
1.94768	8.74212251161562E-04	2.18439519541031E-05	0	2.06301105483	8326.10546875	
1.951776	8.64116748926406E-04	2.25834839068781E-05	0	2.04907980695	8279.50390625	
1.955872	8.58108912483281E-04	2.28342442330406E-05	0	1.9704399726	8279.50390625	
1.959968	8.528443295625E-04	2.28880821599719E-05	0	2.06722628728	8279.50390625	
1.964064	8.46321546159375E-04	2.32098695785687E-05	0	2.04500190334	8279.50390625	
1.96816	8.42940560952188E-04	2.32128931332375E-05	0	2.02175136779	8279.50390625	
1.972256	8.37382937369688E-04	2.33722374450469E-05	0	2.11426904436	8230.90625	
1.976352	8.27708846806875E-04	2.41604818491094E-05	0	2.11471536309	8230.90625	
1.980448	8.22008771632812E-04	2.451289471785E-05	0	2.0360907875	8230.90625	
1.984544	8.17665003845938E-04	2.45370814725094E-05	0	2.11637475324	8230.90625	
1.98864	8.11580181369375E-04	2.48878969870781E-05	0	2.13018393104	8230.90625	
1.992736	8.09253502517969E-04	2.49068649969562E-05	0	2.0848425257	8182.78515625	
1.996832	8.06520955492656E-04	2.48291970457781E-05	0	2.15878266197	8182.78515625	
2.000928	7.98856913574844E-04	2.54962146479906E-05	0	2.18155636127	8182.78515625	
2.005024	7.93823745916094E-04	2.59316461837125E-05	0	2.09024031205	8182.78515625	
2.00912	7.9087587572125E-04	2.59521562593562E-05	0	2.16237609995	8134.3046875	
2.013216	7.85795254676094E-04	2.63004251418562E-05	0	2.17576566185	8134.3046875	
2.017312	7.83410973448125E-04	2.64442990364437E-05	0	2.134319055	8134.3046875	
2.021408	7.81484036803594E-04	2.64214860784875E-05	0	2.20245323309	8134.3046875	
2.025504	7.74750227551094E-04	2.70846611364656E-05	0	2.2340350516	8134.3046875	
2.0296	7.70168644238125E-04	2.75681469510562E-05	0	2.16325347865	8134.3046875	
2.033696	7.68904774950469E-04	2.7457897542075E-05	0	2.18785822915	8087.60546875	
2.037792	7.65885313230469E-04	2.76342690003187E-05	0	2.25063658248	8087.60546875	
2.041888	7.65034260974844E-04	2.77236403051781E-05	0	2.19978676478	8087.60546875	
2.045984	7.66116454195469E-04	2.74769169942094E-05	0	2.23722794713	8087.60546875	
2.05008	7.60965521677969E-04	2.81215564938E-05	0	2.29589787933	8040.74609375	
2.054176	7.56421151328906E-04	2.88353437607812E-05	0	2.22233921206	8040.74609375	
2.058272	7.55495856010156E-04	2.88125911393031E-05	0	2.23509172073	8040.74609375	
2.062368	7.53227328129375E-04	2.8992019084875E-05	0	2.30142536514	8040.74609375	
2.066464	7.5229581541125E-04	2.91725047216969E-05	0	2.25361204068	8040.74609375	
2.07056	7.53967381519688E-04	2.89192415134219E-05	0	2.28919928369	7991.984375	
2.074656	7.5060760861625E-04	2.94005352628969E-05	0	2.34531718828	7991.984375	
2.078752	7.47120927619688E-04	3.00850807321969E-05	0	2.29568425669	7991.984375	
2.082848	7.48467086016719E-04	2.99160306608625E-05	0	2.25704907637	7991.984375	
2.086944	7.47701340137812E-04	2.99896781833687E-05	0	2.35290460669	7991.984375	
2.09104	7.46418087193281E-04	3.03574547386687E-05	0	2.31379640481	7991.984375	
2.095136	7.48391928630156E-04	3.01962493710281E-05	0	2.32264648561	7943.92578125	
2.099232	7.46395777701406E-04	3.05757643761281E-05	0	2.40246124448	7943.92578125	
2.103328	7.42330238536562E-04	3.1402166674725E-05	0	2.36016014707	7943.92578125	
2.107424	7.43147277960313E-04	3.13589784967594E-05	0	2.31045855106	7943.92578125	
2.11152	7.43789498742812E-04	3.12844994847E-05	0	2.41109770264	7943.92578125	
2.115616	7.44169217266406E-04	3.14683118008875E-05	0	2.36709906818	7895.40625	
2.119712	7.46956257968594E-04	3.12803201619563E-05	0	2.36462333437	7895.40625	
2.123808	7.46703996132188E-04	3.154459537845E-05	0	2.44973669765	7895.40625	
2.127904	7.43259191149063E-04	3.24157130169469E-05	0	2.42743220522	7895.40625	
2.132	7.44532660832813E-04	3.24496519253156E-05	0	2.34970408178	7849.1875	
2.136096	7.45471945300156E-04	3.23910337147031E-05	0	2.44699775023	7849.1875	
2.140192	7.44678312556406E-04	3.28046965221937E-05	0	2.43638528265	7849.1875	
2.144288	7.47801549986562E-04	3.26334673665E-05	0	2.40523452411	7849.1875	
2.148384	7.48357824365937E-04	3.27468953780719E-05	0	2.49450971418	7849.1875	
2.15248	7.45137485786719E-04	3.3647614429275E-05	0	2.49319746082	7802.06640625	
2.156576	7.46185483310781E-04	3.376092393135E-05	0	2.40433044258	7802.06640625	
2.160672	7.48670797278594E-04	3.35127484583719E-05	0	2.50597285763	7802.06640625	
2.164768	7.49219665638125E-04	3.37293275687156E-05	0	2.48711303027	7802.06640625	
2.168864	7.52129225680938E-04	3.37122093166031E-05	0	2.45371541932	7802.06640625	
2.17296	7.53848245175781E-04	3.37518979788375E-05	0	2.53937046858	7753.34375	
2.177056	7.50867733634219E-04	3.46458454021969E-05	0	2.54474536679	7753.34375	
2.181152	7.51493496594844E-04	3.4915724699625E-05	0	2.46296222788	7753.34375	
2.185248	7.53806003432969E-04	3.47195989342125E-05	0	2.52378745993	7753.34375	
2.189344	7.53894418509375E-04	3.50309738632219E-05	0	2.56082428514	7753.34375	
2.19344	7.57425718489688E-04	3.49225309428187E-05	0	2.50656031989	7705.50390625	
2.197536	7.61424512043594E-04	3.45774421052156E-05	0	2.58194240898	7705.50390625	
2.201632	7.59471791478125E-04	3.54015381561188E-05	0	2.60729102403	7705.50390625	
2.205728	7.59544023029687E-04	3.58981580921906E-05	0	2.51962563314	7705.50390625	
2.209824	7.61887159702969E-04	3.57862163772094E-05	0	2.57759747707	7705.50390625	
2.21392	7.62365533725469E-04	3.60746718579844E-05	0	2.60890845259	7656.765625	
2.218016	7.65065347971719E-04	3.60859660774594E-05	0	2.56406677164	7656.765625	
2.222112	7.68470745614687E-04	3.58349319534938E-05	0	2.63305544029	7656.765625	
2.226208	7.66882291506719E-04	3.65814011589469E-05	0	2.66211574871	7656.765625	
2.230304	7.66769098265156E-04	3.71399121388969E-05	0	2.59899025859	7656.765625	
2.2344	7.70655978630313E-04	3.67540408901531E-05	0	2.59397394124	7610.6875	
2.238496	7.72433971986875E-04	3.68569809314437E-05	0	2.67512002692	7610.6875	
2.242592	7.756315439125E-04	3.68995770426937E-05	0	2.62087894981	7610.6875	
2.246688	7.8061350945875E-04	3.64800781833469E-05	0	2.65546674404	7610.6875	
2.250784	7.79768583170156E-04	3.72295764723094E-05	0	2.72141510476	7563.265625	
2.25488	7.79118224909062E-04	3.80129557370062E-05	0	2.65572995765	7563.265625	
2.258976	7.82401286076094E-04	3.77967674916562E-05	0	2.64103577177	7563.265625	
2.263072	7.84219875393281E-04	3.78639936263531E-05	0	2.72593551241	7563.265625	
2.267168	7.86779889585938E-04	3.79622264608125E-05	0	2.68303932336	7563.265625	
2.271264	7.92060016005156E-04	3.74968519261875E-05	0	2.70262394182	7514.4453125	
2.27536	0.00079304757675	3.79140930954844E-05	0	2.77413030587	7514.4453125	
2.279456	7.92602484100625E-04	3.87517487482125E-05	0	2.73839047526	7514.4453125	
2.283552	7.96506188017031E-04	3.85051263986812E-05	0	2.68165459089	7514.4453125	
2.287648	7.98943317139688E-04	3.84765538311E-05	0	2.7812141852	7514.4453125	
2.291744	8.00936725098125E-04	3.87682403182594E-05	0	2.74696208369	7466.60546875	
2.29584	8.06367714884531E-04	3.83168188946812E-05	0	2.73542646113	7466.60546875	
2.299936	8.07331411787656E-04	3.8736705494025E-05	0	2.82099377252	7466.60546875	
2.304032	8.05847099119219E-04	0.000039750421788	0	2.78569644595	7466.60546875	
2.308128	8.08863726436563E-04	3.96081813052406E-05	0	2.7338357354	7466.60546875	
2.312224	8.12099059920156E-04	3.93700070241844E-05	0	2.83322366866	7466.60546875	
2.31632	8.14438630732031E-04	3.95653037038875E-05	0	2.80674590537	7417.84765625	
2.320416	0.00081977800531	3.91607139642469E-05	0	2.78313678896	7417.84765625	
2.324512	8.21892378259219E-04	3.93517200232406E-05	0	2.87434602686	7417.84765625	
2.328608	8.1995428686875E-04	4.05120342475406E-05	0	2.86113957008	7417.84765625	
2.332704	8.22242381271094E-04	4.05719212068844E-05	0	2.78191227347	7417.84765625	
2.3368	8.24896936507188E-04	4.03987906107844E-05	0	2.86799456801	7372.125	
2.340896	8.25779441489062E-04	4.08162589433156E-05	0	2.87621522496	7372.125	
2.344992	8.30611457991563E-04	4.0391765377425E-05	0	2.83471139776	7372.125	
2.349088	8.33775017085312E-04	4.02358333218187E-05	0	2.9187719066	7372.125	
2.353184	8.32612454834531E-04	4.12690267597781E-05	0	2.91837899353	7324.28515625	
2.35728	8.35196241436562E-04	4.13332714070719E-05	0	2.83629067942	7324.28515625	
2.361376	8.39347909869219E-04	4.09268218135219E-05	0	2.91933266603	7324.28515625	
2.365472	8.41229130341875E-04	4.12137756131062E-05	0	2.92569556895	7324.28515625	
2.369568	8.45842623542813E-04	4.094233213455E-05	0	2.8845541373	7324.28515625	
2.373664	8.49679764712969E-04	4.07637738996469E-05	0	2.97147947833	7275.56640625	
2.37776	8.48361310316094E-04	4.18867001805656E-05	0	2.98143200454	7275.56640625	
2.381856	8.49706645822031E-04	4.22622858626719E-05	0	2.91193979681	7275.56640625	
2.385952	8.53495419282344E-04	4.18078752593906E-05	0	2.94576846773	7275.56640625	
2.390048	8.55554841392969E-04	4.19761536968812E-05	0	2.99606134069	7275.56640625	
2.394144	8.60352662198906E-04	4.16753301996281E-05	0	2.94452869348	7227.6875	
2.39824	0.00086567265312	4.11737835857906E-05	0	3.00436210613	7227.6875	
2.402336	8.64630141536562E-04	4.23393506894531E-05	0	3.04253952365	7227.6875	
2.406432	0.00086547954801	4.28737294819969E-05	0	2.96427352892	7227.6875	
2.410528	8.69235680123594E-04	4.24670935905562E-05	0	3.01070975029	7178.84765625	
2.414624	8.70834831815781E-04	4.27044923916187E-05	0	3.04237167729	7178.84765625	
2.41872	8.73866911199219E-04	4.27636098805781E-05	0	3.00072670656	7178.84765625	
2.422816	8.78197238431563E-04	4.23288713730094E-05	0	3.05205336051	7178.84765625	
2.426912	8.77829680409687E-04	4.31314830703969E-05	0	3.10189228536	7178.84765625	
2.431008	8.78629347688125E-04	4.36639556148469E-05	0	3.05135908693	7178.84765625	
2.435104	0.00088305796469	4.30907191688531E-05	0	3.035730302	7178.84765625	
2.4392	8.85328869811719E-04	4.31845371038812E-05	0	3.11689164644	7133.3671875	
2.443296	8.88209994395625E-04	4.33138814456906E-05	0	3.07227121751	7133.3671875	
2.447392	8.94260346878594E-04	4.25410601031281E-05	0	3.0833757801	7133.3671875	
2.451488	8.93553574861406E-04	4.35644845604719E-05	0	3.16166847766	7133.3671875	
2.455584	8.92807121207031E-04	4.45677797110219E-05	0	3.10040455626	7085.1875	
2.45968	8.95876870716094E-04	4.42072815138281E-05	0	3.08419593845	7085.1875	
2.463776	0.00089833667506	4.40592427195594E-05	0	3.16986243178	7085.1875	
2.467872	9.01117772659844E-04	4.41043244052469E-05	0	3.1300675857	7085.1875	
2.471968	9.06781183464062E-04	4.34138522591813E-05	0	3.13208174202	7085.1875	
2.476064	9.07994764962656E-04	0.000043940494521	0	3.21481855343	7036.74609375	
2.48016	9.07194366225469E-04	4.499679731085E-05	0	3.18443454758	7036.74609375	
2.484256	9.10537864171719E-04	4.464039766725E-05	0	3.12829375485	7036.74609375	
2.488352	9.128678345875E-04	4.45747311463781E-05	0	3.2205520325	7036.74609375	
2.492448	9.13915192085156E-04	4.50727729560281E-05	0	3.20881423137	7036.74609375	
2.496544	9.18929616113437E-04	4.44136334709375E-05	0	3.18967974633	6988.94921875	
2.50064	9.19826110243906E-04	4.48107580738125E-05	0	3.27592988723	6988.94921875	
2.504736	9.18324974024219E-04	4.59989369337094E-05	0	3.25183630519	6988.94921875	
2.508832	9.21402312417813E-04	4.56060834804094E-05	0	3.18337787845	6988.94921875	
2.512928	9.2469332819875E-04	4.52327788056375E-05	0	3.28424209674	6940.2890625	
2.517024	9.26799289372344E-04	4.54110906465563E-05	0	3.25594854101	6940.2890625	
2.52112	9.31813073374219E-04	4.48633534539094E-05	0	3.23652032484	6940.2890625	
2.525216	9.34072275155938E-04	4.50554967713812E-05	0	3.32840857756	6940.2890625	
2.529312	9.32243079686875E-04	4.64535280656562E-05	0	3.31987130134	6940.2890625	
2.533408	9.34135272040781E-04	4.64090514274406E-05	0	3.24810553837	6894.8671875	
2.537504	9.36795678946875E-04	4.60658546552531E-05	0	3.31394327308	6894.8671875	
2.5416	9.37511959927813E-04	4.65075876269812E-05	0	3.33878453436	6894.8671875	
2.545696	9.42541195995781E-04	4.58387820457875E-05	0	3.29779187562	6894.8671875	
2.549792	9.46283704690156E-04	4.548515836095E-05	0	3.37568021604	6894.8671875	
2.553888	9.44599520918281E-04	4.69035141541312E-05	0	3.39402124556	6894.8671875	
2.557984	9.46521977377969E-04	4.69394578681875E-05	0	3.31251276433	6846.3671875	
2.56208	9.50056111760938E-04	4.64491855219219E-05	0	3.38906214856	6846.3671875	
2.566176	9.5190359369875E-04	4.66724480390437E-05	0	3.39501687965	6846.3671875	
2.570272	9.557869082025E-04	4.63568312873531E-05	0	3.35475664139	6846.3671875	
2.574368	9.59285383971406E-04	0.000046096492365	0	3.42968096768	6846.3671875	
2.578464	9.57427753043437E-04	4.75179596935312E-05	0	3.45494947424	6797.828125	
2.58256	9.58698479756875E-04	4.77550250814656E-05	0	3.38596080559	6797.828125	
2.586656	9.62898241602344E-04	4.69539153056531E-05	0	3.41432302574	6797.828125	
2.590752	9.65077074353906E-04	4.70202873546656E-05	0	3.47576623757	6797.828125	
2.594848	9.6925525816625E-04	4.67412056625937E-05	0	3.42502704588	6749.80859375	
2.598944	9.74740558764844E-04	4.59736222955625E-05	0	3.46821696606	6749.80859375	
2.60304	9.73200472366719E-04	4.75443933209437E-05	0	3.52461715771	6749.80859375	
2.607136	9.73526520104531E-04	4.81346631633656E-05	0	3.45426664473	6749.80859375	
2.611232	9.76497339817656E-04	4.76511095603813E-05	0	3.47723870791	6749.80859375	
2.615328	9.78151808077813E-04	4.77495822984469E-05	0	3.53353590293	6701.44921875	
2.619424	9.81017389163281E-04	4.76721381451219E-05	0	3.4946756559	6701.44921875	
2.62352	9.86081095224844E-04	0.000046870568514	0	3.53824704508	6701.44921875	
2.627616	9.86054762709844E-04	4.77657284361469E-05	0	3.58486255688	6701.44921875	
2.631712	9.86261399806719E-04	4.85122827376687E-05	0	3.54349605852	6701.44921875	
2.635808	9.90071477003125E-04	4.78508812356094E-05	0	3.51040362277	6701.44921875	
2.639904	9.92288802771406E-04	4.78838050007625E-05	0	3.60266571511	6656.16796875	
2.644	9.946771070225E-04	4.80254815417781E-05	0	3.5698250489	6656.16796875	
2.648096	1.00054240044172E-03	4.69599136169625E-05	0	3.5757759653	6656.16796875	
2.652192	9.99743007460313E-04	4.8168899907975E-05	0	3.6587454728	6656.16796875	
2.656288	0.00099828905033	4.94061116515312E-05	0	3.61706616986	6656.16796875	
2.660384	1.00090502111703E-03	4.88836306836281E-05	0	3.57275854551	6607.46875	
2.66448	1.00362915636672E-03	4.84643945644031E-05	0	3.67307344844	6607.46875	
2.668576	1.00598454497406E-03	4.85187433081312E-05	0	3.63502191569	6607.46875	
2.672672	1.01119993729391E-03	4.76751056902312E-05	0	3.63351511314	6607.46875	
2.676768	1.0124135187925E-03	4.82019356922469E-05	0	3.72688728027	6607.46875	
2.680864	1.01101451250078E-03	4.95165377430281E-05	0	3.7043310183	6559.0703125	
2.68496	1.01376479740078E-03	4.90509531124594E-05	0	3.62914729309	6559.0703125	
2.689056	1.01593896710281E-03	4.88750023268719E-05	0	3.73495534962	6559.0703125	
2.693152	1.01660907475016E-03	4.94304354252844E-05	0	3.72197777424	6559.0703125	
2.697248	1.02199114823266E-03	4.8329230516875E-05	0	3.68684447934	6510.94921875	
2.701344	1.02387748891656E-03	4.8488918818725E-05	0	3.78802150221	6510.94921875	
2.70544	1.02200513738125E-03	5.00521631689406E-05	0	3.78671306354	6510.94921875	
2.709536	1.02424367545328E-03	4.97104413952781E-05	0	3.70164166185	6510.94921875	
2.713632	1.02780258800141E-03	4.90562509437E-05	0	3.80577125478	6462.9296875	
2.717728	1.02981711683125E-03	4.91959455155437E-05	0	3.79385416322	6462.9296875	
2.721824	1.03454727770281E-03	4.85274163763812E-05	0	3.75836991684	6462.9296875	
2.72592	1.03709302844984E-03	0.000048587797566	0	3.85476713314	6462.9296875	
2.730016	1.03429016995219E-03	5.05024413244312E-05	0	3.8639376479	6462.9296875	
2.734112	1.03540738176047E-03	5.0472782219475E-05	0	3.78014416736	6417.46875	
2.738208	1.03826217382938E-03	4.97654454268125E-05	0	3.85228376995	6417.46875	
2.742304	1.03951790563844E-03	4.99827675652594E-05	0	3.89099142938	6417.46875	
2.7464	1.04433346431906E-03	4.91590320909187E-05	0	3.83646806521	6417.46875	
2.750496	1.04869131268687E-03	4.85266952232562E-05	0	3.90444202632	6417.46875	
2.754592	1.04652016025219E-03	5.03927032130156E-05	0	3.94490062846	6368.69140625	
2.758688	1.04764733818594E-03	5.05212511613906E-05	0	3.86295345788	6368.69140625	
2.762784	1.05065473083656E-03	4.98966606802125E-05	0	3.91419618865	6368.69140625	
2.76688	1.05182725921281E-03	5.01800281853062E-05	0	3.96192177524	6368.69140625	
2.770976	1.05463011771047E-03	4.99718856049875E-05	0	3.91357820887	6368.69140625	
2.775072	1.05836055733547E-03	4.93237059647062E-05	0	3.98821643341	6320.5703125	
2.779168	1.05605216495281E-03	5.10282807024375E-05	0	4.02016827685	6320.5703125	
2.783264	1.05639622486234E-03	5.13336604451344E-05	0	3.96587760877	6320.5703125	
2.78736	1.05959361392328E-03	5.04341440369594E-05	0	3.9610215084	6320.5703125	
2.791456	1.06124789931875E-03	5.04456872946469E-05	0	4.05111685682	6320.5703125	
2.795552	1.06396188557828E-03	5.03349984630281E-05	0	3.9983673235	6320.5703125	
2.799648	1.06927675628813E-03	4.92045233915812E-05	0	4.03693765409	6272.46875	
2.803744	1.06704352129203E-03	5.10892907375812E-05	0	4.10541896897	6272.46875	
2.80784	1.06596205953016E-03	5.19852626781469E-05	0	4.04736320186	6272.46875	
2.811936	1.06812077716609E-03	5.12874049625437E-05	0	4.03076548567	6272.46875	
2.816032	1.06960207256719E-03	5.11694259939844E-05	0	4.12515998972	6224.80859375	
2.820128	1.07190817914125E-03	5.10153381673031E-05	0	4.08371719756	6224.80859375	
2.824224	1.07688328726172E-03	4.99007388011344E-05	0	4.10868052892	6224.80859375	
2.82832	1.07686554938703E-03	5.08885132941281E-05	0	4.18181958029	6224.8125	
2.832416	1.07644898362891E-03	5.18365784518312E-05	0	4.1543118507	6179.171875	
2.836512	1.07989607442062E-03	5.09646538429875E-05	0	4.09263975747	6179.171875	
2.840608	1.08214805304719E-03	5.08242674449125E-05	0	4.2024532385	6179.171875	
2.844704	1.08308816040563E-03	5.13531399929625E-05	0	4.17564359718	6179.171875	
2.8488	1.08806628579344E-03	5.01564904684594E-05	0	4.16799514373	6179.171875	
2.852896	1.08729075665375E-03	5.13414577931062E-05	0	4.25771283784	6179.171875	
2.856992	1.08534132765266E-03	5.27270410229062E-05	0	4.23824266008	6130.05078125	
2.861088	1.08741199594156E-03	5.20083910204031E-05	0	4.17939725214	6130.05078125	
2.865184	1.09015249758078E-03	5.13579560939156E-05	0	4.28022713822	6130.05078125	
2.86928	1.09211052122219E-03	5.1417062044425E-05	0	4.25638151103	6081.8515625	
2.873376	1.09693540600187E-03	5.04268471692563E-05	0	4.24365951988	6081.8515625	
2.877472	1.09804009157906E-03	0.000050985025938	0	4.33372816547	6081.8515625	
2.881568	1.09574788272125E-03	5.26986795128062E-05	0	4.32126175855	6081.8515625	
2.885664	1.09728897487516E-03	5.22913486701375E-05	0	4.25569105214	6081.8515625	
2.88976	0.001099391278755	5.18319313410937E-05	0	4.34252484061	6033.453125	
2.893856	1.09971046906703E-03	5.23576969210969E-05	0	4.35543756626	6033.453125	
2.897952	1.10459771070516E-03	5.10977498637375E-05	0	4.3171609668	6033.453125	
2.902048	1.10651998430016E-03	5.11389880436531E-05	0	4.40936583879	6033.453125	
2.906144	1.10392010560562E-03	5.30893553240531E-05	0	4.41121596344	6033.453125	
2.91024	1.10544007688813E-03	5.26799595796031E-05	0	4.33625349025	5986.11328125	
2.914336	1.10851668382297E-03	5.18780067757875E-05	0	4.42085187038	5986.11328125	
2.918432	1.11001663142219E-03	5.20060636188844E-05	0	4.43181147475	5986.11328125	
2.922528	1.11330764720313E-03	5.15144549758781E-05	0	4.39890595881	5986.11328125	
2.926624	1.11493541721891E-03	5.16572346407906E-05	0	4.48684219269	5986.11328125	
2.93072	1.11156997551016E-03	5.37505149994312E-05	0	4.49988080311	5940.234375	
2.934816	1.11222234528281E-03	5.34605967797344E-05	0	4.43551553874	5940.234375	
2.938912	1.11531065555766E-03	5.23765795945219E-05	0	4.47709184505	5940.234375	
2.943008	1.11646992624406E-03	5.25931904356031E-05	0	4.53556341337	5940.234375	
2.947104	1.12021124631797E-03	5.19238002396094E-05	0	4.48774627422	5940.234375	
2.9512	1.12447610799219E-03	5.1086993143725E-05	0	4.55052462755	5891.05078125	
2.955296	1.12221855199266E-03	5.31516326656219E-05	0	4.59687692574	5891.05078125	
2.959392	1.12266355320969E-03	5.33205940351219E-05	0	4.52703758122	5891.05078125	
2.963488	1.12501683887312E-03	5.26311067438406E-05	0	4.55317965179	5891.05078125	
2.967584	1.12573449133922E-03	5.29416718178906E-05	0	4.6102054526	5891.05078125	
2.97168	0.00112817856932	5.26119779168156E-05	0	4.57588850136	5843.15234375	
2.975776	1.13176555159766E-03	5.17704244314469E-05	0	4.63138079679	5843.15234375	
2.979872	1.12980569930937E-03	5.34719991721781E-05	0	4.67855325333	5843.15234375	
2.983968	1.12939224225094E-03	5.398124986485E-05	0	4.63672899217	5843.15234375	
2.988064	1.13256988192562E-03	5.28432269644125E-05	0	4.63069415259	5843.15234375	
2.99216	1.13446390292641E-03	5.26581098418375E-05	0	4.71387728273	5794.65234375	
2.996256	1.13668150299172E-03	5.26353976049344E-05	0	4.67171351416	5794.65234375	
3.000352	1.14149349581094E-03	5.14337105854687E-05	0	4.69352591158	5794.65234375	
3.004448	1.13899026110375E-03	5.35677250379906E-05	0	4.77371451007	5794.65234375	
3.008544	1.13754178991406E-03	5.45041849188375E-05	0	4.72659927388	5794.65234375	
3.01264	1.13958649141734E-03	5.35357818007031E-05	0	4.71158846873	5747.83203125	
3.016736	1.14153427463625E-03	5.31090541024312E-05	0	4.79848710693	5747.83203125	
3.020832	1.14325841434234E-03	5.31390730627969E-05	0	4.77232214822	5747.83203125	
3.024928	1.14784146057281E-03	5.19723083641781E-05	0	4.77672048579	5747.83203125	
3.029024	1.14759130168031E-03	5.30464991169094E-05	0	4.86317661995	5747.83203125	
3.03312	1.14566829662656E-03	5.45158228879687E-05	0	4.83918603454	5701.4921875	
3.037216	0.00114782847718	5.36256877204125E-05	0	4.78360218655	5701.4921875	
3.041312	1.14904909896906E-03	5.34982962612656E-05	0	4.89111159482	5701.4921875	
3.045408	1.14912800508172E-03	5.40845742807562E-05	0	4.87852693251	5701.4921875	
3.049504	1.15307541365844E-03	5.28255120782812E-05	0	4.85782460988	5701.4921875	
3.0536	1.15244937640078E-03	5.38039805709656E-05	0	4.95778856133	5652.171875	
3.057696	1.14934936278594E-03	5.55575768942906E-05	0	4.94054997722	5652.171875	
3.061792	1.15084830462938E-03	5.47053580349719E-05	0	4.88456558678	5652.171875	
3.065888	1.15357756009031E-03	5.37590421543656E-05	0	4.98491482192	5652.171875	
3.069984	1.15545302032531E-03	5.36918821253719E-05	0	4.97490889005	5604.35546875	
3.07408	1.16018272403516E-03	5.24765191580437E-05	0	4.95736513074	5604.35546875	
3.078176	1.16155932940266E-03	5.30206791908062E-05	0	5.04822341716	5604.35546875	
3.082272	1.15826081616953E-03	5.53264790484656E-05	0	5.05051223116	5604.35546875	
3.086368	1.15902839069531E-03	5.495905657935E-05	0	4.97865110094	5604.35546875	
3.090464	1.16102627883859E-03	5.41311201476719E-05	0	5.05828656938	5555.83203125	
3.09456	1.16141404340844E-03	5.45253632630437E-05	0	5.08343300586	5555.83203125	
3.098656	1.16560182761688E-03	5.32438027657594E-05	0	5.05240813209	5555.83203125	
3.102752	1.16813532642984E-03	5.30478664232344E-05	0	5.13656019349	5555.83203125	
3.106848	1.16594305312375E-03	5.505189494805E-05	0	5.15303202491	5555.83203125	
3.110944	1.16694899176969E-03	5.47496392406906E-05	0	5.08813270394	5509.33203125	
3.11504	1.16993416636078E-03	5.37314313646687E-05	0	5.16533058547	5509.33203125	
3.119136	1.17048623485234E-03	5.42532584870719E-05	0	5.17538610831	5509.33203125	
3.123232	1.17320232405578E-03	5.36997467809687E-05	0	5.15239115699	5509.3359375	
3.127328	1.17509753367703E-03	5.356158874605E-05	0	5.22390896511	5509.3359375	
3.131424	1.17175879021266E-03	5.57318199892781E-05	0	5.2537055087	5462.75390625	
3.13552	1.17198983974531E-03	5.55577826633156E-05	0	5.19886171057	5462.75390625	
3.139616	1.17539514595594E-03	5.40443219171625E-05	0	5.23317866181	5462.75390625	
3.143712	1.17659446400891E-03	5.43274088936906E-05	0	5.29651014519	5462.75390625	
3.147808	1.17987624512312E-03	5.35899437657719E-05	0	5.25568151812	5462.75390625	
3.151904	1.18398164878984E-03	5.26733523746719E-05	0	5.30465450834	5462.75390625	
3.156	1.18109430680656E-03	5.51593359463781E-05	0	5.36235932397	5413.43359375	
3.160096	1.18019278389719E-03	5.56997351655937E-05	0	5.30247250566	5413.43359375	
3.164192	1.18227387547328E-03	5.47014347215875E-05	0	5.33334479183	5413.43359375	
3.168288	1.18359443281406E-03	5.45694872573812E-05	0	5.39311716944	5413.43359375	
3.172384	1.18539363847438E-03	5.43455132025094E-05	0	5.36082963328	5365.375	
3.17648	1.18872543308063E-03	5.3450260011225E-05	0	5.40180321857	5365.375	
3.180576	1.18625739982578E-03	5.5481431056975E-05	0	5.46455486907	5365.375	
3.184672	1.18556013677234E-03	5.59778639740031E-05	0	5.42735782688	5365.375	
3.188768	1.18851038420812E-03	5.450673395475E-05	0	5.41467398263	5365.375	
3.192864	1.1903130642975E-03	5.43112132368094E-05	0	5.50756931351	5316.734375	
3.19696	1.19089804843281E-03	5.48816595413625E-05	0	5.47562891414	5316.734375	
3.201056	1.19528762382391E-03	5.33705461486312E-05	0	5.49820806425	5316.734375	
3.205152	1.19260975334016E-03	5.55858138852844E-05	0	5.57878576112	5316.734375	
3.209248	1.19087701899375E-03	5.64893574528937E-05	0	5.54533092982	5316.734375	
3.213344	1.19291934325609E-03	5.52584574818719E-05	0	5.51239871105	5270.35546875	
3.21744	1.19459410949656E-03	5.48664345565875E-05	0	5.61542585857	5270.35546875	
3.221536	1.19633809002125E-03	5.47728320059594E-05	0	5.58854755283	5270.35546875	
3.225632	1.20150493176656E-03	5.31178579397812E-05	0	5.60251313292	5270.35546875	
3.229728	1.20105179307094E-03	5.45697586513406E-05	0	5.68758071992	5270.35546875	
3.233824	1.19880136879422E-03	5.62347401594344E-05	0	5.67784563104	5223.59765625	
3.23792	1.19996310815391E-03	5.55138043419094E-05	0	5.61708906341	5223.59765625	
3.242016	1.20139128136328E-03	5.50560427804406E-05	0	5.72677284498	5223.59765625	
3.246112	1.20153163001094E-03	5.55845989826531E-05	0	5.71810205461	5223.59765625	
3.250208	1.20639665358953E-03	5.37051402851906E-05	0	5.70171414637	5223.59765625	
3.254304	1.20602095808906E-03	5.48390535743531E-05	0	5.79603235662	5174.296875	
3.2584	1.2035319868275E-03	5.66054765675437E-05	0	5.8000835574	5174.296875	
3.262496	1.20525137205172E-03	5.55698816896781E-05	0	5.73394064749	5174.296875	
3.266592	1.20751487115359E-03	5.48512725525187E-05	0	5.84181245131	5174.296875	
3.270688	1.2089096715575E-03	5.49289157441062E-05	0	5.83335528358	5174.296875	
3.274784	1.21288039538187E-03	5.37625928719687E-05	0	5.81552542252	5126.73828125	
3.27888	1.21406490139516E-03	5.42279039451187E-05	0	5.90885181337	5126.73828125	
3.282976	1.21044070615359E-03	5.67870153283125E-05	0	5.92498413738	5126.73828125	
3.287072	1.21107643523969E-03	5.6123149646025E-05	0	5.85837583529	5126.73828125	
3.291168	1.21287143501219E-03	5.53059682516687E-05	0	5.93649305711	5126.73828125	
3.295264	1.2130058405575E-03	5.56904382998906E-05	0	5.97528463972	5078.13671875	
3.29936	1.21681427197172E-03	5.43342074445844E-05	0	5.93622602881	5078.13671875	
3.303456	1.21948583362375E-03	5.39268080923687E-05	0	6.01405333419	5078.13671875	
3.307552	1.21612395777641E-03	5.66224325602031E-05	0	6.05057136156	5078.13671875	
3.311648	1.21658468535656E-03	5.61595311000281E-05	0	5.98419957025	5078.13671875	
3.315744	1.21813126345109E-03	5.54316974528625E-05	0	6.05318442421	5031.99609375	
3.31984	1.21834585516187E-03	5.57671324539656E-05	0	6.08842071574	5031.99609375	
3.323936	1.22069246626422E-03	5.5056685327875E-05	0	6.06126775232	5031.99609375	
3.328032	1.22317119710328E-03	5.45083861165594E-05	0	6.14108251119	5032	
3.332128	1.22003781068297E-03	5.68599666976687E-05	0	6.17428938764	5032	
3.336224	1.22005170839922E-03	5.66481284479687E-05	0	6.13452505908	4984.9375	
3.34032	1.22309695404016E-03	5.51334576068719E-05	0	6.14772770117	4984.9375	
3.344416	1.22468650533625E-03	5.51005879282031E-05	0	6.23184543036	4984.9375	
3.348512	1.22730348187906E-03	5.46817970008406E-05	0	6.19396555866	4984.9375	
3.352608	1.23159101877453E-03	5.34527268356812E-05	0	6.24694397338	4984.9375	
3.356704	1.22820729059703E-03	5.63614049366156E-05	0	6.31211795203	4935.6796875	
3.3608	1.22702881911844E-03	5.68822770118969E-05	0	6.2677645514	4935.6796875	
3.364896	1.22842215660484E-03	5.59086993797062E-05	0	6.26829097862	4935.6796875	
3.368992	1.22957530132422E-03	5.56308898017469E-05	0	6.35752039241	4935.6796875	
3.373088	1.23129432081906E-03	5.53346463479906E-05	0	6.32823120259	4935.6796875	
3.377184	1.23522079138906E-03	5.40196322783906E-05	0	6.36928489637	4887.9765625	
3.38128	1.23380935029859E-03	5.57677603379531E-05	0	6.44001687835	4887.9765625	
3.385376	1.23270192175109E-03	5.66439301348594E-05	0	6.42523876929	4887.9765625	
3.389472	1.23537174618859E-03	5.52315195280406E-05	0	6.38147283092	4887.9765625	
3.393568	1.23711371520172E-03	5.49825462193219E-05	0	6.49804594263	4839.37890625	
3.397664	1.23814936935937E-03	5.52962432613937E-05	0	6.47470766921	4839.37890625	
3.40176	1.24262671980047E-03	5.36219843587312E-05	0	6.48698715632	4839.37890625	
3.405856	0.001240592075855	5.57431603625531E-05	0	6.57765089355	4839.37890625	
3.409952	1.23817076452781E-03	5.71702911469594E-05	0	6.56545914431	4839.37890625	
3.414048	1.23965489433156E-03	5.59666567736719E-05	0	6.52641579216	4793.3203125	
3.418144	1.24188364914281E-03	5.511812565105E-05	0	6.63362765461	4793.3203125	
3.42224	1.24393795104219E-03	5.48591795157656E-05	0	6.61459235151	4793.3203125	
3.426336	1.24837488838734E-03	5.34785849829E-05	0	6.61588934611	4793.3203125	
3.430432	1.24842508474406E-03	5.4636285748275E-05	0	6.71327838181	4793.3203125	
3.434528	1.24542162368422E-03	5.68353328280719E-05	0	6.71449908261	4745.9609375	
3.438624	1.24699654580531E-03	5.56361948445187E-05	0	6.65389128789	4745.9609375	
3.44272	1.24865403133281E-03	5.50617759477844E-05	0	6.76125192325	4745.9609375	
3.446816	1.24866226024375E-03	5.56322491753875E-05	0	6.77753302017	4745.9609375	
3.450912	1.25278631610859E-03	5.38980867268594E-05	0	6.75448847788	4745.9609375	
3.455008	1.25372294903797E-03	5.43945407977125E-05	0	6.850420302	4696.9609375	
3.459104	1.25140568771797E-03	5.63876356796156E-05	0	6.87307574591	4696.9609375	
3.4632	1.25331525221719E-03	5.52072664272937E-05	0	6.80752029826	4696.9609375	
3.467296	1.25601598078687E-03	5.43011377661156E-05	0	6.90654965066	4696.9609375	
3.471392	1.25707010427797E-03	5.46493982351625E-05	0	6.91981332779	4696.9609375	
3.475488	1.26048098786156E-03	5.35635490806281E-05	0	6.90275403411	4649.16015625	
3.479584	1.26193960804141E-03	5.38215392072531E-05	0	6.99693110083	4649.16015625	
3.48368	1.2580783287325E-03	5.65944561458719E-05	0	7.02186772936	4649.16015625	
3.487776	1.25804568738578E-03	5.61177734494781E-05	0	6.97097976476	4649.16015625	
3.491872	1.26041789954437E-03	5.47173880710187E-05	0	7.02819630007	4649.16015625	
3.495968	0.00126145035357	5.48256045493406E-05	0	7.08694252607	4600.76171875	
3.500064	1.26544338688625E-03	5.33933187220125E-05	0	7.05482283627	4600.76171875	
3.50416	1.26853188002578E-03	5.28671242962844E-05	0	7.13273406483	4600.76171875	
3.508256	1.26482356702797E-03	5.60441165519812E-05	0	7.17804495265	4600.76171875	
3.512352	1.26473067176672E-03	5.57437565158031E-05	0	7.126222389	4600.76171875	
3.516448	1.26664499074781E-03	5.46188427368719E-05	0	7.17568365954	4554.78125	
3.520544	1.26741165095016E-03	5.46596792344969E-05	0	7.23134380133	4554.78125	
3.52464	1.26940231593828E-03	5.41477802271656E-05	0	7.2129302927	4554.78125	
3.528736	1.27225582795437E-03	5.33159363474719E-05	0	7.27522036571	4554.78125	
3.532832	1.26950261721938E-03	5.57239531702219E-05	0	7.33207450547	4507.2421875	
3.536928	1.26917419224062E-03	5.57344070059219E-05	0	7.30714550632	4507.2421875	
3.541024	1.27204132767594E-03	5.41044454147312E-05	0	7.31329097191	4507.2421875	
3.54512	1.27309965705484E-03	5.426430342795E-05	0	7.4070980137	4507.2421875	
3.549216	1.27495792800922E-03	5.39492241757219E-05	0	7.37988401524	4507.2421875	
3.553312	1.27909231572891E-03	5.244742832175E-05	0	7.41667670029	4458.36328125	
3.557408	1.27611985023359E-03	5.52943699459594E-05	0	7.49931051507	4458.36328125	
3.561504	1.27441189405234E-03	5.60396372295375E-05	0	7.47452265945	4458.36328125	
3.5656	1.27551913973516E-03	5.50141666203937E-05	0	7.47081096608	4458.36328125	
3.569696	1.27677944316141E-03	5.4496051273125E-05	0	7.5647210045	4458.36328125	
3.573792	1.27874889584578E-03	5.40281457314156E-05	0	7.54922954841	4458.36328125	
3.577888	1.28343553492172E-03	5.22250525825875E-05	0	7.57114494246	4410.40234375	
3.581984	1.28263614194031E-03	5.40099159419531E-05	0	7.66114110894	4410.40234375	
3.58608	1.28102821274313E-03	5.53606215624E-05	0	7.65113899176	4410.40234375	
3.590176	1.28313911126328E-03	5.39957169176906E-05	0	7.61970594616	4410.40234375	
3.594272	0.001284859959405	5.35860380004469E-05	0	7.72937065428	4410.40234375	
3.598368	1.28531456101813E-03	5.40526683030469E-05	0	7.72937828366	4362.40234375	
3.602464	1.28918644647891E-03	5.24492131757344E-05	0	7.73175483553	4362.40234375	
3.60656	1.28755547633109E-03	5.43804076387687E-05	0	7.83440814343	4362.40234375	
3.610656	1.28489817812469E-03	5.58851842589906E-05	0	7.83187137458	4362.40234375	
3.614752	1.28698338415625E-03	5.4170740059975E-05	0	7.79193919966	4362.40234375	
3.618848	1.28975433276594E-03	5.30549858872687E-05	0	7.90258046842	4316.16015625	
3.622944	1.29107681018594E-03	5.32824669097875E-05	0	7.90293904928	4316.16015625	
3.62704	1.29450012856828E-03	5.22219059511187E-05	0	7.90435811396	4316.16015625	
3.631136	1.29411199826906E-03	5.34464047266187E-05	0	8.00260164022	4316.1640625	
3.635232	1.29074728801906E-03	5.56181984682844E-05	0	8.01522444943	4316.1640625	
3.639328	1.29153278328422E-03	5.45279135008781E-05	0	7.96889885407	4268.36328125	
3.643424	1.29329239873969E-03	5.35712923421156E-05	0	8.05504218365	4268.36328125	
3.64752	1.29331306244938E-03	5.41062571917656E-05	0	8.09554274738	4268.36328125	
3.651616	1.29742404348906E-03	5.22472388584781E-05	0	8.07582842946	4268.36328125	
3.655712	1.29938316431859E-03	5.22292465687781E-05	0	8.17442672189	4219.625	
3.659808	1.29625489810953E-03	5.50070822524781E-05	0	8.20909080992	4219.625	
3.663904	1.2972494077125E-03	0.000054036022887	0	8.1506955354	4219.625	
3.668	1.29911627330719E-03	5.31104214087562E-05	0	8.23957399771	4219.625	
3.672096	1.30013556107531E-03	5.31812698956E-05	0	8.27292201769	4219.625	
3.676192	1.30285475897844E-03	5.22894070855406E-05	0	8.26665448202	4171.4453125	
3.680288	1.30430432735625E-03	5.23132048982812E-05	0	8.35592204271	4171.4453125	
3.684384	1.30053411466172E-03	5.51440818750937E-05	0	8.39793703837	4171.4453125	
3.68848	1.30046307173062E-03	5.45509038625031E-05	0	8.36409310869	4171.4453125	
3.692576	1.30343855449328E-03	5.26678086302156E-05	0	8.41785734955	4171.4453125	
3.696672	1.30464637575422E-03	5.27658352148812E-05	0	8.48786835512	4123.84375	
3.700768	1.30772746287391E-03	5.185064430315E-05	0	8.46301183508	4123.84375	
3.704864	1.31069060227016E-03	5.11697464263562E-05	0	8.52688881913	4123.84375	
3.70896	1.30701227908109E-03	5.43707622157219E-05	0	8.60068018249	4123.84375	
3.713056	1.30647995997578E-03	5.42047765644E-05	0	8.55606738294	4123.84375	
3.717152	1.30826023914094E-03	5.29041093554531E-05	0	8.61211280842	4077.5234375	
3.721248	1.30902699077562E-03	5.29702268374125E-05	0	8.67734782211	4077.5234375	
3.725344	1.31092695487875E-03	5.23981677940875E-05	0	8.66581601424	4077.5234375	
3.72944	1.31429340234328E-03	5.11386017459625E-05	0	8.72238786694	4077.52734375	
3.733536	1.31237359742156E-03	5.3283910177575E-05	0	8.79745715145	4077.52734375	
3.737632	1.31171409592609E-03	5.367155017455E-05	0	8.7838959285	4029.4453125	
3.741728	1.31427886460062E-03	5.207568253965E-05	0	8.78535314008	4029.4453125	
3.745824	1.31569460301125E-03	5.19608720775375E-05	0	8.89485381653	4029.4453125	
3.74992	1.31707102551406E-03	5.19986052128812E-05	0	8.87958742715	4029.4453125	
3.754016	1.32090158355547E-03	5.04326488461469E-05	0	8.9211866216	3980.8046875	
3.758112	1.31744781820266E-03	5.35662860971219E-05	0	9.01478385544	3980.8046875	
3.762208	1.31515880947687E-03	5.44592808772031E-05	0	8.99380687513	3980.8046875	
3.766304	1.31674342342641E-03	5.279667412635E-05	0	8.99366954629	3980.8046875	
3.7704	1.31897766417828E-03	5.17327028345531E-05	0	9.10426885346	3980.8046875	
3.774496	1.32133735010578E-03	5.12276247338625E-05	0	9.09641059206	3932.625	
3.778592	1.32549441304672E-03	4.98980844768656E-05	0	9.12807633375	3932.625	
3.782688	1.32463467471844E-03	5.17526504107594E-05	0	9.22404630477	3932.625	
3.786784	1.32243764693047E-03	5.33180010088687E-05	0	9.23202663625	3932.625	
3.79088	0.00132429728937	5.18517882923906E-05	0	9.19850314053	3932.625	
3.794976	1.32575115506797E-03	5.13657794034E-05	0	9.31051769769	3885.34765625	
3.799072	1.32569199834156E-03	5.1985788398775E-05	0	9.33154426897	3885.34765625	
3.803168	1.32985957600203E-03	4.98749304134812E-05	0	9.33907065234	3885.34765625	
3.807264	1.32939317961656E-03	5.13114900346125E-05	0	9.44605363339	3885.34765625	
3.81136	1.32723976505656E-03	5.29466864763375E-05	0	9.46643933675	3885.34765625	
3.815456	1.32949476095047E-03	5.12066610529031E-05	0	9.42502706211	3838.828125	
3.819552	1.33227229268891E-03	5.01543652302E-05	0	9.55068295071	3838.828125	
3.823648	1.33401060440828E-03	5.02304331829781E-05	0	9.55472270742	3838.828125	
3.827744	1.33774186692437E-03	4.89986353763156E-05	0	9.56206980036	3838.828125	
3.83184	1.33808930983062E-03	5.00174821940062E-05	0	9.67094105296	3838.828125	
3.835936	1.33432147437703E-03	0.000052803716427	0	9.70240461608	3838.828125	
3.840032	1.33508264863875E-03	5.15780883257062E-05	0	9.6666151945	3790.48828125	
3.844128	1.33757125417094E-03	5.00825662635375E-05	0	9.76507615809	3790.48828125	
3.848224	1.33882168290406E-03	5.00897619294187E-05	0	9.81548728644	3790.48828125	
3.85232	1.34342978159672E-03	4.81672938999656E-05	0	9.7088056659	3790.48828125	
3.856416	0.00134659215207	4.78253089054125E-05	0	9.74771931859	3790.48828125	
3.860512	1.34263212582984E-03	5.15355085605937E-05	0	9.8295024575	3790.48828125	
3.864608	1.34475253331375E-03	4.97738321972719E-05	0	9.79376644158	3790.48828125	
3.868704	1.34685218565562E-03	4.88975919677437E-05	0	9.80839196304	3790.48828125	
3.8728	1.34531191639281E-03	5.05257239934562E-05	0	9.80334894286	3790.48828125	
3.876896	1.34263441163844E-03	5.19206581754437E-05	0	9.80493966859	3790.48828125	
3.880992	1.34675106148344E-03	4.889470110525E-05	0	9.79401821112	3790.48828125	
3.885088	1.35178130330719E-03	4.69173283230094E-05	0	9.79081005683	3790.48828125	
3.889184	1.35410350197375E-03	4.73800266583875E-05	0	9.79338878727	3790.48828125	
3.89328	0.00135496004017	4.80491113258406E-05	0	9.77737090396	3790.48828125	
3.897376	1.35251532216281E-03	5.01484919187656E-05	0	9.77904936756	3790.48828125	
3.901472	1.35370531411672E-03	4.90916049948844E-05	0	9.7669415415	3790.48828125	
3.905568	1.35569515621375E-03	4.81010687258062E-05	0	9.75750399844	3790.48828125	
3.909664	1.35463609537609E-03	4.9300675699275E-05	0	9.75826312175	3790.48828125	
3.91376	1.35246064562125E-03	5.04881985502125E-05	0	9.74750951064	3790.48828125	
3.917856	1.35210140794266E-03	5.01723430968375E-05	0	9.73500495682	3790.48828125	
3.921952	1.35412434854812E-03	4.87806447289219E-05	0	9.72766167857	3790.48828125	
3.926048	1.35809379231969E-03	4.7060197170525E-05	0	9.72889382344	3790.48828125	
3.930144	1.3615826676925E-03	4.63316510240719E-05	0	9.72152765705	3790.48828125	
3.93424	1.36106516062687E-03	4.80908776302281E-05	0	9.72049387606	3790.48828125	
3.938336	1.35990378699656E-03	4.915932391755E-05	0	9.72472055258	3790.48828125	
3.942432	1.36176891537672E-03	4.78938364811156E-05	0	9.72050150544	3790.48828125	
3.946528	1.36362526625187E-03	4.72814183435344E-05	0	9.72225244815	3790.48828125	
3.950624	1.36399136135625E-03	4.77452625912281E-05	0	9.71704921099	3790.48828125	
3.95472	1.3625423415725E-03	4.88631085887656E-05	0	9.71063290241	3790.48828125	
3.958816	1.36143098143422E-03	4.9190637347775E-05	0	9.7044187724	3790.48828125	
3.962912	1.36216308021063E-03	4.84107751468687E-05	0	9.70095121919	3790.48828125	
3.967008	1.36353849695766E-03	4.77897683159531E-05	0	9.70107328927	3790.48828125	
3.971104	1.36430652864516E-03	4.7813611801725E-05	0	9.6948439005	3790.48828125	
3.9752	1.36471340257484E-03	4.79699289531E-05	0	9.68929352655	3790.48828125	
3.979296	1.36643260493438E-03	3.91780675526625E-05	0	9.67897097541	3790.48828125	
3.983392	0.001360030512225	0	0	9.673672371	3790.48828125	
3.987488	1.32095479717953E-03	0	0	9.67471759606	3790.48828125	
3.991584	1.24537215878625E-03	0	0	9.67349689526	3790.48828125	
3.99568	1.13512834176844E-03	0	0	9.6765333885	3790.48828125	
3.999776	9.94534106836875E-04	0	0	9.67903963983	3790.48828125	
4.003872	8.26588983460625E-04	0	0	9.6817213669	3790.48828125	
4.007968	6.32828577852969E-04	0	0	9.6795851405	3790.48828125	
4.012064	4.1560827862125E-04	0	0	9.67419498353	3790.48828125	
4.01616	1.78909050012344E-04	0	0	9.66674107927	3790.48828125	
4.020256	-7.68407474432812E-05	0	0	9.6575743792	3790.48828125	
4.024352	-3.43522378782344E-04	0	0	9.65538856183	3790.48828125	
4.028448	-6.17685918810469E-04	0	0	9.64944146012	3790.48828125	
4.032544	-9.00131583400156E-04	0	0	9.64658044262	3790.48828125	
4.03664	-1.17990897790219E-03	0	0	9.64619897362	3790.48828125	
4.040736	-1.45420920928422E-03	0	0	9.6434981731	3790.48828125	
4.044832	-1.71948323969125E-03	0	0	9.64659188669	3790.48828125	
4.048928	-1.97268298907969E-03	0	0	9.64721368116	3790.48828125	
4.053024	-2.21079914471969E-03	0	0	9.64594338939	3790.48828125	
4.05712	-2.43030735548906E-03	0	0	9.64267420006	3790.48828125	
4.061216	-2.62836407549719E-03	0	0	9.64249490963	3790.48828125	
4.065312	-2.80318125382969E-03	0	0	9.64343713806	3790.48828125	
4.069408	-2.95344180757484E-03	0	0	9.64080118727	3790.48828125	
4.073504	-3.07732705598312E-03	0	0	9.63887858351	3790.48828125	
4.0776	-3.17253482407125E-03	0	0	9.63173366914	3790.48828125	
4.081696	-3.2374495937575E-03	0	0	9.62792660852	3790.48828125	
4.085792	-3.27305097117281E-03	0	0	9.62270048322	3726.99609375	
4.089888	-3.28010497649312E-03	0	0	9.61959532556	3726.9765625	
4.093984	-3.25943824953828E-03	0	0	9.61760405738	3726.9765625	
4.09808	-3.21145034965047E-03	0	0	9.59778674283	3726.9765625	
4.102176	-3.13761928066641E-03	0	0	9.55510036173	3726.9765625	
4.106272	-3.03991897545531E-03	0	0	9.55978480105	3726.9765625	
4.110368	-2.92068681045281E-03	0	0	9.52190111466	3726.9765625	
4.114464	-2.78363173868313E-03	0	0	9.47811228815	3733.35546875	
4.11856	-2.6308684073925E-03	0	0	9.44367326683	3733.35546875	
4.122656	-2.46612881055578E-03	-1.09197434071687E-05	0	9.3619740511	3733.35546875	
4.126752	-2.29666033290031E-03	-2.04081375245344E-05	0	9.36583833207	3733.35546875	
4.130848	-2.13407415062359E-03	-2.43782705736281E-05	0	9.3388188828	3733.359375	
4.134944	-1.9841155064775E-03	-2.4987334628025E-05	0	9.22359235666	3733.359375	
4.13904	-1.85385285209266E-03	-1.95380948849625E-05	0	9.21780928662	3776.16015625	
4.143136	-1.73841238638547E-03	-1.38530298969562E-05	0	9.14219068675	3776.16015625	
4.147232	-1.63590694578094E-03	-8.319178219275E-06	0	9.01849173412	3776.16015625	
4.151328	-1.54487919015203E-03	-2.85834593972812E-06	0	9.06985272028	3776.16015625	
4.155424	-1.46359940241969E-03	2.18422113308437E-06	0	9.00141336699	3776.16015625	
4.15952	-1.38959150328281E-03	6.15448495127812E-06	0	8.90473386363	3823.859375	
4.163616	-1.32167455258953E-03	9.36806515115625E-06	0	8.91606349293	3823.859375	
4.167712	-1.25788558935188E-03	1.14440875943625E-05	0	8.82331693496	3823.859375	
4.171808	-1.19381940324797E-03	1.05122916511594E-05	0	8.71496066551	3823.859375	
4.175904	-1.13267466339156E-03	1.01441602885219E-05	0	8.77966925198	3823.859375	
4.18	-1.07827561899234E-03	1.22409959320687E-05	0	8.69857275727	3873.59765625	
4.184096	-1.02862822206547E-03	1.4266645348725E-05	0	8.6099842114	3873.59765625	
4.188192	-9.84380087901719E-04	1.68097105941187E-05	0	8.62003973424	3873.59765625	
4.192288	-9.44166314473594E-04	1.91058474806719E-05	0	8.52382180837	3924.13671875	
4.196384	-9.02316816415781E-04	1.80341310043125E-05	0	8.44674599692	3924.13671875	
4.20048	-8.62748372469844E-04	1.77589146929906E-05	0	8.51310252947	3924.13671875	
4.204576	-8.30372636709687E-04	2.07638458226719E-05	0	8.3913261806	3924.13671875	
4.208672	-7.98204726666875E-04	2.119347496035E-05	0	8.35312968963	3924.13671875	
4.212768	-7.68256611065625E-04	2.17700005857469E-05	0	8.36047296788	3924.13671875	
4.216864	-7.41847201464531E-04	2.33118233227687E-05	0	8.25748778195	3924.13671875	
4.22096	-7.13569554783594E-04	2.21660965838812E-05	0	8.16953247462	3972.9765625	
4.225056	-6.88809858960781E-04	2.28575365174406E-05	0	8.23317676258	3972.9765625	
4.229152	-6.69839842008906E-04	2.58317921970281E-05	0	8.14281057117	3972.9765625	
4.233248	-6.48455554020313E-04	2.51311205419312E-05	0	8.09083160523	3972.98046875	
4.237344	-6.29131511033437E-04	2.54267084674969E-05	0	8.09149917598	4022.78125	
4.24144	-0.000613878218855	2.75107717680469E-05	0	8.01240157883	4022.78125	
4.245536	-5.8698760082875E-04	2.26197170437219E-05	0	7.93229690352	4022.78125	
4.249632	-5.50275503301562E-04	1.01598977727844E-05	0	7.98443608644	4022.78125	
4.253728	-5.53360704876719E-04	3.02031604218094E-05	0	7.90252324807	4070.22265625	
4.257824	-5.57954448691406E-04	3.76978226386781E-05	0	7.84623749712	4070.22265625	
4.26192	-5.57102756409375E-04	3.85752770496844E-05	0	7.86970547	4070.22265625	
4.266016	-5.42830258982344E-04	3.15807681788156E-05	0	7.76457642829	4070.22265625	
4.270112	-5.28287487547188E-04	2.80774108648687E-05	0	7.68832840457	4070.22265625	
4.274208	-5.1100805463125E-04	2.58413590143844E-05	0	7.75724459411	4117.3828125	
4.278304	-4.95840983152969E-04	2.50441992346219E-05	0	7.67511050372	4117.3828125	
4.2824	-4.82110130930312E-04	2.48115840826219E-05	0	7.61254195834	4117.3828125	
4.286496	-4.737965536425E-04	2.70546719837625E-05	0	7.62789608559	4117.3828125	
4.290592	-4.69404235281094E-04	2.98388191996125E-05	0	7.5431298591	4117.3828125	
4.294688	-4.59927455716094E-04	2.7913539394125E-05	0	7.46566876396	4167.16015625	
4.298784	-4.51724511564219E-04	2.74435314506719E-05	0	7.52444932217	4167.16015625	
4.30288	-4.49025794506094E-04	3.01879806292969E-05	0	7.46213636102	4167.16015625	
4.306976	-4.4493392282625E-04	3.03828559151906E-05	0	7.3855831621	4167.16015625	
4.311072	-4.42162974216562E-04	3.11808099249281E-05	0	7.41206855477	4167.16015625	
4.315168	-4.40555685045781E-04	3.22918412658187E-05	0	7.33596167458	4215.703125	
4.319264	-4.33853694248906E-04	2.99863962154969E-05	0	7.24088434102	4215.703125	
4.32336	-4.27104707227344E-04	2.87442791883844E-05	0	7.30822887828	4215.703125	
4.327456	-4.24874489498594E-04	3.06346412403281E-05	0	7.26280354976	4215.703125	
4.331552	-4.20314301354063E-04	2.99756707454531E-05	0	7.18109670465	4215.703125	
4.335648	-4.17156319633281E-04	3.027007357605E-05	0	7.19937288444	4264.4453125	
4.339744	-4.16655087524844E-04	3.18562407398813E-05	0	7.13741468946	4264.4453125	
4.34384	-4.123247602925E-04	3.04437397485375E-05	0	7.03992265713	4264.4453125	
4.347936	-4.07002940724531E-04	2.90362457233406E-05	0	7.08812126528	4264.4453125	
4.352032	-4.06932354955156E-04	3.12919521214781E-05	0	7.05059234506	4311.72265625	
4.356128	-4.05571110221406E-04	3.14507779241906E-05	0	6.97098739414	4311.72265625	
4.360224	-4.05410737890469E-04	3.21936805466719E-05	0	7.00655937839	4311.72265625	
4.36432	-4.06083405643437E-04	3.30700770260437E-05	0	6.95110522986	4311.72265625	
4.368416	-4.02176593027344E-04	3.10496629406906E-05	0	6.84223397726	4311.72265625	
4.372512	-3.95068551191875E-04	2.82075109751531E-05	0	6.89756224102	4311.72265625	
4.376608	-3.93790418458594E-04	3.00607843622625E-05	0	6.8707525997	4311.72265625	
4.380704	-3.91989384151406E-04	3.03375650950969E-05	0	6.7732872702	4358.18359375	
4.3848	-3.92580585686094E-04	3.15981061422469E-05	0	6.80176011636	4358.18359375	
4.388896	-3.95327304724687E-04	3.34003158784969E-05	0	6.76392983563	4358.18359375	
4.392992	-3.94219236150781E-04	3.22826456019375E-05	0	6.65489836605	4358.18359375	
4.397088	-3.88669292885156E-04	2.93002050747656E-05	0	6.6865412196	4407.54296875	
4.401184	-3.88760633796562E-04	3.10720335913969E-05	0	6.68976463265	4407.54296875	
4.40528	-3.8807178251875E-04	3.12768689634844E-05	0	6.58723339483	4407.54296875	
4.409376	-3.88069130980781E-04	3.16553462292375E-05	0	6.60592537583	4407.54296875	
4.413472	-3.89417209457031E-04	3.26037344635406E-05	0	6.58390698515	4407.54296875	
4.417568	-3.88590203907812E-04	3.19756461493219E-05	0	6.46557911604	4455.8828125	
4.421664	-3.83667029358594E-04	2.9296553395725E-05	0	6.48725036993	4455.8828125	
4.42576	-3.84594976215313E-04	3.12998141328469E-05	0	6.5161390173	4455.8828125	
4.429856	-3.84815236731406E-04	3.17448826781625E-05	0	6.41171187855	4455.88671875	
4.433952	-3.85280261631719E-04	3.19877124834094E-05	0	6.42349164127	4455.88671875	
4.438048	-3.87705687414375E-04	3.319325526825E-05	0	6.40542908412	4504.328125	
4.442144	-3.88296157490313E-04	3.29639699206125E-05	0	6.30182210372	4504.328125	
4.44624	-3.82540034289531E-04	2.93358836448562E-05	0	6.30323353902	4504.328125	
4.450336	-3.81750607433594E-04	3.04034388273E-05	0	6.34010251787	4504.328125	
4.454432	-3.81550553465469E-04	3.11100210534094E-05	0	6.24624588511	4551.42578125	
4.458528	-3.82280457865625E-04	3.17786915385844E-05	0	6.24249604484	4551.42578125	
4.462624	-3.84964180019375E-04	3.31174608728906E-05	0	6.23661379286	4551.42578125	
4.46672	-3.86760825574063E-04	3.34273160918813E-05	0	6.13976262845	4551.42578125	
4.470816	-3.8237664469125E-04	3.02320099121906E-05	0	6.11479929709	4551.42578125	
4.474912	-3.82524125061719E-04	3.12355113125344E-05	0	6.17454497187	4597.5859375	
4.479008	-3.83765319128125E-04	3.22610011524281E-05	0	6.09269698323	4597.5859375	
4.483104	-3.84090086813125E-04	3.21678072552375E-05	0	6.07373797393	4597.5859375	
4.4872	-3.86063745385313E-04	3.30668991446062E-05	0	6.0742834746	4597.5859375	
4.491296	-3.87466774700156E-04	3.3340430121075E-05	0	5.99789049266	4647.10546875	
4.495392	-3.82681571557656E-04	3.01278854970844E-05	0	5.94763195191	4647.10546875	
4.499488	-3.8120484777375E-04	3.03614355039187E-05	0	6.00799942116	4647.10546875	
4.503584	-3.82203014670469E-04	3.17780295200156E-05	0	5.92903533816	4647.10546875	
4.50768	-3.82762946343594E-04	3.20003838649687E-05	0	5.89479086603	4647.10546875	
4.511776	-3.85342344193125E-04	3.32181069260906E-05	0	5.91843812934	4647.10546875	
4.515872	-3.88398470282969E-04	3.42102225205125E-05	0	5.84589035492	4647.10546875	
4.519968	-3.84989963940312E-04	3.12854792914125E-05	0	5.77079055289	4695.2265625	
4.524064	-3.82793759043438E-04	3.05259949547437E-05	0	5.84919769115	4695.2265625	
4.52816	-3.83291059561094E-04	3.16352842300687E-05	0	5.79341547928	4695.2265625	
4.532256	-0.0003825236679	3.12976247119594E-05	0	5.73774770811	4695.23046875	
4.536352	-3.84267648424688E-04	3.24839841025219E-05	0	5.76157807654	4743.609375	
4.540448	-3.87489175624375E-04	3.39101963782312E-05	0	5.71060237407	4743.609375	
4.544544	-3.85046011967031E-04	3.15797989490156E-05	0	5.62036206743	4743.609375	
4.54864	-3.82543325853906E-04	3.036390425145E-05	0	5.6881605528	4743.609375	
4.552736	-3.84459290617188E-04	3.22678710974812E-05	0	5.65312643984	4790.46875	
4.556832	-3.85003495927187E-04	3.22845895903781E-05	0	5.57759939253	4790.46875	
4.560928	-3.87107811318594E-04	3.32029605470062E-05	0	5.61726453915	4790.46875	
4.565024	-3.89679254554219E-04	3.39946974956531E-05	0	5.56110085828	4790.46875	
4.56912	-3.86905288677188E-04	3.1658181803325E-05	0	5.46749980975	4790.46875	
4.573216	-3.826216833725E-04	2.96332309436625E-05	0	5.52800842253	4836.76953125	
4.577312	-3.83820909993125E-04	3.15876578353875E-05	0	5.5253114367	4836.76953125	
4.581408	-3.83964367340469E-04	3.17504422879875E-05	0	5.42781558968	4836.76953125	
4.585504	-3.86182150270469E-04	3.2904207480375E-05	0	5.46357067905	4836.76953125	
4.5896	-3.90225562808125E-04	3.45203577873E-05	0	5.43037524667	4836.76953125	
4.593696	-3.90302640273906E-04	3.334586280795E-05	0	5.3351491402	4886.25	
4.597792	-3.86246701505156E-04	3.0522329093025E-05	0	5.38163113785	4886.25	
4.601888	-3.87534617499219E-04	3.21992339065031E-05	0	5.39037440733	4886.25	
4.605984	-3.8716769950375E-04	3.19680394261594E-05	0	5.29861203938	4886.25	
4.61008	-3.88506726177969E-04	3.27351028417875E-05	0	5.32801185521	4886.25	
4.614176	-3.91212574958906E-04	3.38727610791281E-05	0	5.30481091063	4934.2890625	
4.618272	-3.9142771526375E-04	3.32644436586E-05	0	5.20382080757	4934.2890625	
4.622368	-3.86985657707344E-04	3.04318890392344E-05	0	5.22741466522	4934.2890625	
4.626464	-3.88027803561406E-04	3.20638258688344E-05	0	5.2690787094	4934.29296875	
4.63056	-3.88290305820313E-04	3.22723283045625E-05	0	5.16175622094	4934.29296875	
4.634656	-3.89099299197812E-04	3.257397127215E-05	0	5.18940127937	4982.73046875	
4.638752	-3.91925290078438E-04	3.38676918534281E-05	0	5.17776266018	4982.73046875	
4.642848	-3.92620998782031E-04	3.35086513470844E-05	0	5.08766349707	4982.73046875	
4.646944	-3.8754805805375E-04	3.02371346666812E-05	0	5.08816322146	4982.73046875	
4.65104	-3.87566618819531E-04	3.13809337632656E-05	0	5.13435530267	4982.73046875	
4.655136	-3.87904004167969E-04	3.19745177850656E-05	0	5.04566376017	5029.3125	
4.659232	-3.88710528872187E-04	3.23915183296031E-05	0	5.0490092433	5029.3125	
4.663328	-3.91220438140469E-04	3.3504610726125E-05	0	5.0593470532	5029.3125	
4.667424	-3.92930680130312E-04	3.37790765574281E-05	0	4.97397047631	5029.3125	
4.67152	-3.88817047552656E-04	3.08004437187562E-05	0	4.9429227144	5075.83203125	
4.675616	-3.89004026695625E-04	3.16462582575562E-05	0	5.01233481364	5075.83203125	
4.679712	-3.89799396653906E-04	3.23825880500719E-05	0	4.93024649953	5075.83203125	
4.683808	-3.89311696532344E-04	3.19519947306656E-05	0	4.91411417552	5075.83203125	
4.687904	-3.90429822664062E-04	3.25791082862437E-05	0	4.93176474615	5075.83203125	
4.692	-3.91905174962812E-04	3.31893439740844E-05	0	4.86372975	5125.2109375	
4.696096	-3.87336940772031E-04	3.02514084504844E-05	0	4.8137954579	5125.2109375	
4.700192	-3.85975878902969E-04	3.04701063087094E-05	0	4.88219666429	5125.2109375	
4.704288	-3.87256297444844E-04	3.19540793439656E-05	0	4.82387005419	5125.2109375	
4.708384	-3.88412185134531E-04	3.23694645055031E-05	0	4.7745422978	5125.2109375	
4.71248	-3.91213672147031E-04	3.34800362314688E-05	0	4.81718290262	5172.87109375	
4.716576	-3.94253431847344E-04	3.42976255581094E-05	0	4.74484875084	5172.87109375	
4.720672	-3.90217242464844E-04	3.10736831089781E-05	0	4.67686716035	5172.87109375	
4.724768	-3.86660890022344E-04	2.97475498197281E-05	0	4.75797509913	5172.875	
4.728864	-3.87067123925625E-04	3.12049488430969E-05	0	4.71662385953	5172.875	
4.73296	-3.86621025520469E-04	3.11865055923094E-05	0	4.64942809518	5172.875	
4.737056	-3.88662252594687E-04	3.24303411273187E-05	0	4.68102898714	5221.47265625	
4.741152	-3.92697344789062E-04	3.41326966365E-05	0	4.63421511146	5221.47265625	
4.745248	-3.91659679119844E-04	3.24274497840562E-05	0	4.55753984246	5221.47265625	
4.749344	-3.89613606131406E-04	3.10508196703031E-05	0	4.62316013984	5221.47265625	
4.75344	-3.91648341509219E-04	3.2659130802375E-05	0	4.61942555833	5267.8125	
4.757536	-3.91355209415156E-04	3.20698383628219E-05	0	4.53409475772	5267.8125	
4.761632	-3.91937633444844E-04	3.23162498952562E-05	0	4.57784543733	5267.8125	
4.765728	-3.93572809480469E-04	3.30386948458875E-05	0	4.54439823541	5267.8125	
4.769824	-3.91174447671563E-04	3.13713152632687E-05	0	4.44250786551	5267.8125	
4.77392	-0.000386687131105	2.928997455615E-05	0	4.49887753964	5314.734375	
4.778016	-3.88284179853281E-04	3.15276343377188E-05	0	4.50399685362	5314.734375	
4.782112	-0.000388471890455	3.16679666493094E-05	0	4.41807096137	5314.734375	
4.786208	-3.89924658964844E-04	3.23481748633312E-05	0	4.45372305411	5314.734375	
4.790304	-3.9285552274375E-04	3.34684456180594E-05	0	4.4340812153	5364.03515625	
4.7944	-3.92091239782344E-04	3.22473590987625E-05	0	4.33915646934	5364.03515625	
4.798496	-3.86838177336875E-04	2.92263818312812E-05	0	4.37208868811	5364.03515625	
4.802592	-3.871216176025E-04	3.07157796207281E-05	0	4.40344543991	5364.03515625	
4.806688	-3.86793741217813E-04	3.09573462060844E-05	0	4.31287706993	5364.03515625	
4.810784	-3.87941217131875E-04	3.16815623087906E-05	0	4.34193356366	5364.03515625	
4.81488	-3.90865680646719E-04	3.29476711388344E-05	0	4.34226925638	5411.67578125	
4.818976	-3.91758060321719E-04	3.26981737921781E-05	0	4.25076247266	5411.67578125	
4.823072	-3.87196683556719E-04	2.96683198508812E-05	0	4.26246975627	5411.67578125	
4.827168	-3.87715104945781E-04	3.09222262892812E-05	0	4.3093789992	5411.67578125	
4.831264	-3.87493472944531E-04	3.10839441564094E-05	0	4.21864278286	5460.39453125	
4.83536	-3.87115857364844E-04	3.09548510162719E-05	0	4.22849994182	5460.39453125	
4.839456	-0.000388653292225	3.19003152150375E-05	0	4.23333696874	5460.39453125	
4.843552	-3.89342417799844E-04	3.20079338574187E-05	0	4.13837026119	5460.39453125	
4.847648	-3.83882352528125E-04	2.87270104556531E-05	0	4.1386716217	5460.39453125	
4.851744	-3.83278990491719E-04	2.96159424994125E-05	0	4.19807397438	5506.49609375	
4.85584	-3.84205840160313E-04	3.07737156204844E-05	0	4.1192548496	5506.49609375	
4.859936	-3.85668391930938E-04	3.14435002872375E-05	0	4.10798244065	5506.49609375	
4.864032	-3.88861392239375E-04	3.26845177962187E-05	0	4.13831685553	5506.49609375	
4.868128	-3.91703566644844E-04	3.32553179465719E-05	0	4.05434026987	5506.49609375	
4.872224	-3.87395366039688E-04	2.99185818602344E-05	0	4.01773068994	5553.6953125	
4.87632	-3.86083951933281E-04	2.98693903228875E-05	0	4.10313396966	5553.6953125	
4.880416	-3.86586098365156E-04	3.08253540303844E-05	0	4.04449836967	5553.6953125	
4.884512	-3.86060453820938E-04	3.05711807268656E-05	0	4.00940322167	5553.6953125	
4.888608	-3.87526022858906E-04	3.14258269876031E-05	0	4.0304488664	5553.6953125	
4.892704	-3.89759349287344E-04	3.22879367024156E-05	0	3.96512611484	5602.95703125	
4.8968	-3.85699021766094E-04	2.95046308318781E-05	0	3.90161915572	5602.95703125	
4.900896	-3.83526772143281E-04	2.90392666337812E-05	0	3.98490909718	5602.95703125	
4.904992	-3.84906303345781E-04	3.07059041498344E-05	0	3.94465267361	5602.95703125	
4.909088	-3.85093191056406E-04	3.0697336610325E-05	0	3.88369392741	5602.95703125	
4.913184	-3.8649475745375E-04	3.13204405545281E-05	0	3.93700040547	5650.4375	
4.91728	-3.8875203915625E-04	3.21540844324219E-05	0	3.88150048066	5650.4375	
4.921376	-3.85074904587656E-04	2.95685149026094E-05	0	3.79723016387	5650.4375	
4.925472	-3.81560702455625E-04	2.82350919571875E-05	0	3.88272499615	5650.4375	
4.929568	-3.82409103173281E-04	2.98919857329844E-05	0	3.85882214861	5650.4375	
4.933664	-3.81781420133438E-04	2.97142421607281E-05	0	3.78892558374	5699.1953125	
4.93776	-3.83220199494688E-04	3.06391186396969E-05	0	3.83481248975	5699.1953125	
4.941856	-3.8656644041125E-04	3.20589213064312E-05	0	3.79808083974	5699.1953125	
4.945952	-3.84685219938594E-04	3.01863931308844E-05	0	3.70288906548	5699.1953125	
4.950048	-3.80271689273437E-04	2.78783305351031E-05	0	3.77555509529	5699.1953125	
4.954144	-3.80452085287656E-04	2.92144320836156E-05	0	3.76905486353	5744.8984375	
4.95824	-3.79252492937656E-04	2.89650789675844E-05	0	3.68242706832	5744.8984375	
4.962336	-3.79921686261563E-04	2.97065931299156E-05	0	3.72917227958	5744.8984375	
4.966432	-3.82119445508281E-04	3.08280734988188E-05	0	3.70932444751	5744.8984375	
4.970528	-3.80517185116406E-04	2.94999462211781E-05	0	3.60730437815	5792.49609375	
4.974624	-3.75743502449219E-04	2.70401431521375E-05	0	3.66444843435	5792.49609375	
4.97872	-3.77091398060781E-04	2.90353916376562E-05	0	3.69373762417	5792.49609375	
4.982816	-3.77294560728594E-04	2.92780166354156E-05	0	3.60303192535	5792.49609375	
4.986912	-3.78427407467656E-04	2.98033329370219E-05	0	3.63739846756	5792.49609375	
4.991008	-3.808486273625E-04	3.06914279623875E-05	0	3.62399746159	5792.49609375	
4.995104	-3.80758566503906E-04	3.00059108594437E-05	0	3.53230757275	5841.67578125	
4.9992	-3.75821951400156E-04	2.71183476412406E-05	0	3.5671929128	5841.67578125	
5.003296	-3.76319891944219E-04	2.85214637862E-05	0	3.60570220835	5841.67578125	
5.007392	-3.75902320430313E-04	2.86361119888594E-05	0	3.51732347043	5841.67578125	
5.011488	-3.76326109343594E-04	2.89567085432625E-05	0	3.53091139621	5889.03515625	
5.015584	-3.78597105897656E-04	3.00511836507094E-05	0	3.54403392981	5889.03515625	
5.01968	-3.79705448768594E-04	3.01393991874937E-05	0	3.451150043	5889.03515625	
5.023776	-3.74939720715312E-04	2.71416327141094E-05	0	3.45288572695	5889.03515625	
5.027872	-3.74590449162187E-04	2.79115773768562E-05	0	3.5252694697	5889.0390625	
5.031968	-3.74608735630937E-04	2.84582777916937E-05	0	3.44730865017	5889.0390625	
5.036064	-3.74370462943125E-04	2.84054593348969E-05	0	3.45693692773	5937.69921875	
5.04016	-3.76263295323437E-04	2.94121790012531E-05	0	3.4635477855	5937.69921875	
5.044256	-3.77622071383906E-04	2.97783687792937E-05	0	3.38960764923	5937.69921875	
5.048352	-3.72235792013594E-04	2.65001662882687E-05	0	3.36929442498	5937.69921875	
5.052448	-3.70820419332344E-04	2.68148799158625E-05	0	3.44089234159	5983.23828125	
5.056544	-3.71247774107031E-04	2.78195224208344E-05	0	3.36520889199	5983.23828125	
5.06064	-3.71890634915937E-04	2.82458787252469E-05	0	3.35493974651	5983.23828125	
5.064736	-3.73779992867187E-04	2.90838334161375E-05	0	3.38639949494	5983.23828125	
5.068832	-3.75900766080469E-04	2.97334012761844E-05	0	3.31525934113	5983.23828125	
5.072928	-3.71220618700938E-04	2.66085469491187E-05	0	3.26198338059	5983.23828125	
5.077024	-3.69065741223438E-04	2.62545170146875E-05	0	3.3576138442	6031.21875	
5.08112	-3.69457254519375E-04	2.74136297978812E-05	0	3.30040493827	6031.21875	
5.085216	-3.685367136825E-04	2.709616905765E-05	0	3.27011629967	6031.21875	
5.089312	-3.69531131853125E-04	2.78659440090281E-05	0	3.3016904888	6031.21875	
5.093408	-3.71945951483906E-04	2.90021786901E-05	0	3.2583556104	6031.21875	
5.097504	-3.68259033654531E-04	2.64957422542313E-05	0	3.19200289254	6080.359375	
5.1016	-3.65326981255156E-04	2.55128415544406E-05	0	3.27123018915	6080.359375	
5.105696	-3.66317376402656E-04	2.70588087584719E-05	0	3.23938897172	6080.359375	
5.109792	-3.66130397259687E-04	2.69929669973906E-05	0	3.17884602673	6080.359375	
5.113888	-3.67450680303438E-04	2.767001463765E-05	0	3.23189310587	6127.8984375	
5.117984	-3.69840996066094E-04	2.85866666056125E-05	0	3.19122088109	6127.8984375	
5.12208	-3.66789624458125E-04	2.64589007045344E-05	0	3.0935991493	6127.8984375	
5.126176	-3.6263896178125E-04	2.46802556081812E-05	0	3.18123402267	6127.8984375	
5.130272	-3.63583640756875E-04	2.63718971857687E-05	0	3.17238775656	6127.8984375	
5.134368	-3.63075825519687E-04	2.62829749189219E-05	0	3.09342367356	6127.8984375	
5.138464	-3.64487998068906E-04	2.71201723990312E-05	0	3.14243099599	6176.45703125	
5.14256	-3.67756064331562E-04	2.85093116348906E-05	0	3.11446931829	6176.45703125	
5.146656	-3.6635769806625E-04	2.70265722522469E-05	0	3.02704806756	6176.45703125	
5.150752	-3.61629274409219E-04	2.44900281541781E-05	0	3.09264166211	6176.45703125	
5.154848	-3.62275975376563E-04	2.59817444509219E-05	0	3.11422517813	6176.45703125	
5.158944	-3.61559877260312E-04	2.5886337575175E-05	0	3.02383991327	6221.77734375	
5.16304	-3.61977814503594E-04	2.62965087996187E-05	0	3.07072245337	6221.77734375	
5.167136	-3.63892316349375E-04	2.71769699383875E-05	0	3.05110731739	6221.77734375	
5.171232	-3.63184172847031E-04	2.64597809921156E-05	0	2.95530900742	6221.77734375	
5.175328	-3.58370717110312E-04	2.39296640510812E-05	0	2.99618341077	6270.19921875	
5.179424	-3.59432886647656E-04	2.56204503410625E-05	0	3.04358474871	6270.19921875	
5.18352	-3.593642209575E-04	2.58143614452281E-05	0	2.94304477907	6270.19921875	
5.187616	-0.000359868927495	2.60259295028906E-05	0	2.98440364805	6270.19921875	
5.191712	-3.62240133897812E-04	2.7055332560025E-05	0	2.9786625396	6270.19921875	
5.195808	-3.62779493293594E-04	2.68417748408906E-05	0	2.89571592024	6319.078125	
5.199904	-3.56994751769219E-04	2.3508882260325E-05	0	2.90923899629	6319.078125	
5.204	-3.5645959826125E-04	2.44150157291906E-05	0	2.97316175662	6319.078125	
5.208096	-3.55729419564062E-04	2.46915243469125E-05	0	2.8869955389	6319.078125	
5.212192	-3.56057113084062E-04	2.51799250604344E-05	0	2.90620631774	6319.078125	
5.216288	-3.57826511800312E-04	2.60333722839094E-05	0	2.92351356627	6366.5	
5.220384	-3.59332585366562E-04	2.64603321934875E-05	0	2.83661492807	6366.5	
5.22448	-3.53992936491562E-04	2.3253044054625E-05	0	2.81933819706	6366.5	
5.228576	-3.52728975771562E-04	2.36155381632844E-05	0	2.90688151787	6366.5	
5.232672	-3.52481011255313E-04	2.429751801015E-05	0	2.82407222735	6414.8984375	
5.236768	-3.51960944084063E-04	2.42464606092844E-05	0	2.82581554068	6414.8984375	
5.240864	-3.53288084553594E-04	2.50874713067344E-05	0	2.84343940848	6414.8984375	
5.24496	-3.54736190013906E-04	2.56481171403187E-05	0	2.78031010367	6414.8984375	
5.249056	-3.49524454987812E-04	2.26027151376469E-05	0	2.74967432828	6414.8984375	
5.253152	-3.48027250358906E-04	2.27589731544656E-05	0	2.82839808581	6414.8984375	
5.257248	-3.49175183434687E-04	2.41693164556594E-05	0	2.76812216912	6460.27734375	
5.261344	-3.50002188983906E-04	2.44846524384E-05	0	2.73922970706	6460.27734375	
5.26544	-3.51708407950625E-04	2.50772032881562E-05	0	2.78803103623	6460.27734375	
5.269536	-3.54097535092813E-04	2.58328044556312E-05	0	2.71870667486	6460.27734375	
5.273632	-3.49632985179844E-04	2.2958167426425E-05	0	2.66316097377	6509.140625	
5.277728	-3.4664634767125E-04	2.210215866705E-05	0	2.76087044343	6509.140625	
5.281824	-3.46425538561094E-04	2.30579488170281E-05	0	2.72608047063	6509.140625	
5.28592	-3.44696552940781E-04	2.25524868224906E-05	0	2.66496150745	6509.140625	
5.290016	-3.45283182858281E-04	2.33384732961187E-05	0	2.7054544418	6509.140625	
5.294112	-3.48085767058906E-04	2.47601742782625E-05	0	2.66218822782	6558.140625	
5.298208	-3.45250632943906E-04	2.28269860672219E-05	0	2.58423503767	6558.140625	
5.302304	-3.41668313715781E-04	2.13162202702969E-05	0	2.67468896695	6558.140625	
5.3064	-3.42958698383125E-04	2.30048743508719E-05	0	2.66203564022	6558.140625	
5.310496	-3.43268836893125E-04	2.31562145841469E-05	0	2.58994944329	6558.140625	
5.314592	-3.44660162867969E-04	2.37385575114188E-05	0	2.6502177306	6558.140625	
5.318688	-3.46937011092031E-04	2.45177055303469E-05	0	2.60900000515	6605.8984375	
5.322784	-3.43923035312656E-04	2.24750385826312E-05	0	2.51950356306	6605.8984375	
5.32688	-3.39404083155156E-04	2.05411107088687E-05	0	2.6017330207	6605.8984375	
5.330976	-3.40191864228906E-04	2.21682860047687E-05	0	2.61496236562	6605.8984375	
5.335072	-3.39730313757656E-04	2.21782186871437E-05	0	2.51970574163	6654.19921875	
5.339168	-3.40526049445312E-04	2.26861828426406E-05	0	2.57367597575	6654.19921875	
5.343264	-3.43242230081094E-04	2.38867513536094E-05	0	2.54911700153	6654.19921875	
5.34736	-3.41785438548125E-04	2.26719717991594E-05	0	2.45925053451	6654.19921875	
5.351456	-3.36263199282656E-04	1.99083156685875E-05	0	2.51436899032	6699.48046875	
5.355552	-3.36658735601719E-04	2.13776930453625E-05	0	2.54144184525	6699.48046875	
5.359648	-3.357615100125E-04	2.13535183099219E-05	0	2.45560750556	6699.48046875	
5.363744	-3.36117638991406E-04	2.17737025051219E-05	0	2.50191784216	6699.48046875	
5.36784	-3.37978744348438E-04	2.26681621875844E-05	0	2.49847699178	6699.48046875	
5.371936	-3.37989990526719E-04	2.23706932542844E-05	0	2.40436477479	6699.48046875	
5.376032	-3.335290979075E-04	1.99312500206531E-05	0	2.4467040191	6748.37890625	
5.380128	-3.3453192785375E-04	2.13369000573094E-05	0	2.49829007197	6748.37890625	
5.384224	-3.34433546651875E-04	2.14846078422937E-05	0	2.40263290553	6748.37890625	
5.38832	-3.34447170071094E-04	2.14645107470062E-05	0	2.43624795381	6748.37890625	
5.392416	-3.36306538213594E-04	2.2304998848825E-05	0	2.43828881296	6748.37890625	
5.396512	-3.36547371007031E-04	2.21437444427719E-05	0	2.34827357303	6748.37890625	
5.400608	-3.29993774904063E-04	1.87225459408969E-05	0	2.36786582087	6797.19921875	
5.404704	-3.28363261917969E-04	1.9235524995225E-05	0	2.42508617087	6797.19921875	
5.4088	-3.27247055865469E-04	1.9655274575475E-05	0	2.34828120241	6797.19921875	
5.412896	-3.27492643140781E-04	2.02429331224312E-05	0	2.35460595843	6797.19921875	
5.416992	-3.28932976851875E-04	2.10367419440063E-05	0	2.3836853403	6797.19921875	
5.421088	-3.30275112225781E-04	2.15018520558188E-05	0	2.29904499858	6844.59765625	
5.425184	-3.24944149423438E-04	1.85469355395844E-05	0	2.28823416712	6844.59765625	
5.42928	-3.23816697192656E-04	1.88815063588594E-05	0	2.37679601016	6844.59765625	
5.433376	-3.24201353062812E-04	1.98091900465594E-05	0	2.30713214138	6844.59765625	
5.437472	-3.23880791265625E-04	1.971370720935E-05	0	2.29220144472	6892.69921875	
5.441568	-3.25284277742188E-04	2.04298742816437E-05	0	2.3221162437	6892.69921875	
5.445664	-3.27600716171094E-04	2.12899472196469E-05	0	2.26095913362	6892.69921875	
5.44976	-3.23594699462031E-04	1.88063210975062E-05	0	2.22225147419	6892.69921875	
5.453856	-3.22155005777344E-04	1.86198200820844E-05	0	2.30261554842	6938.19921875	
5.457952	-3.2299682336625E-04	1.96949089108406E-05	0	2.26050137082	6938.19921875	
5.462048	-3.22943518309844E-04	1.96067171721094E-05	0	2.22190052271	6938.19921875	
5.466144	-3.23854001588906E-04	2.00245345427531E-05	0	2.26849314637	6938.19921875	
5.47024	-3.25753508530313E-04	2.07044588628281E-05	0	2.21299322156	6938.19921875	
5.474336	-3.21415775278125E-04	1.82662973586844E-05	0	2.14624377594	6938.19921875	
5.478432	-3.17603412273125E-04	1.70414045931937E-05	0	2.24287368833	6987.296875	
5.482528	-3.17398786687812E-04	1.81495150235437E-05	0	2.20939596889	6987.296875	
5.486624	-3.15941080831406E-04	1.78975934004656E-05	0	2.16358535668	6987.296875	
5.49072	-3.16657087515313E-04	1.86671046501844E-05	0	2.20709189613	6987.296875	
5.494816	-3.19195797971875E-04	1.98540246171094E-05	0	2.17577710592	6987.296875	
5.498912	-3.16732976360625E-04	1.82750410999406E-05	0	2.09432203035	7035.8203125	
5.503008	-3.13006742623438E-04	1.66414417720031E-05	0	2.17865338218	7035.8203125	
5.507104	-3.14012589837031E-04	1.8093137676075E-05	0	2.16676680814	7035.8203125	
5.5112	-3.13526901227031E-04	1.79973521949375E-05	0	2.09381467658	7035.8203125	
5.515296	-3.14339094736563E-04	1.84744360928531E-05	0	2.15211458385	7083.1796875	
5.519392	-3.16187399565469E-04	1.91744322678562E-05	0	2.12984823832	7083.1796875	
5.523488	-3.14329220043437E-04	1.79858461968281E-05	0	2.03242105572	7083.1796875	
5.527584	-3.09847572282187E-04	1.59570015910594E-05	0	2.10861948847	7083.1796875	
5.53168	-3.1063663340875E-04	1.73752189228406E-05	0	2.12748694521	7083.1796875	
5.535776	-3.09437681085156E-04	1.70625490432031E-05	0	2.04033653747	7130.8984375	
5.539872	-3.09401565309375E-04	1.7319853833975E-05	0	2.08845885182	7130.8984375	
5.543968	-3.11215857306406E-04	1.8260814431475E-05	0	2.08282074	7130.8984375	
5.548064	-3.09856349787188E-04	1.74546693241594E-05	0	1.98877718743	7130.8984375	
5.55216	-3.02550814089219E-04	1.41550745468344E-05	0	2.03852455972	7176.859375	
5.556256	-3.00219563620625E-04	1.46097397171687E-05	0	2.0749624786	7176.859375	
5.560352	-2.97810961389219E-04	1.46541480862219E-05	0	1.99084093472	7176.859375	
5.564448	-2.9766055518375E-04	1.54194694362844E-05	0	2.02360149244	7176.859375	
5.568544	-3.00000308860313E-04	1.68120827071312E-05	0	2.03009028013	7176.859375	
5.57264	-3.01432047931094E-04	1.72419349215094E-05	0	1.9341241238	7226.23828125	
5.576736	-2.96480986517031E-04	1.44823859983687E-05	0	1.96036156162	7226.23828125	
5.580832	-2.96463980101094E-04	1.5191002116675E-05	0	2.0332679169	7226.23828125	
5.584928	-2.96602591534219E-04	1.56671521212937E-05	0	1.94935236628	7226.23828125	
5.589024	-2.96473763361875E-04	1.56189920733E-05	0	1.96607978193	7274.55859375	
5.59312	-2.97656349295937E-04	1.61673581114719E-05	0	1.97278219226	7274.55859375	
5.597216	-2.98177970817031E-04	1.62905082287062E-05	0	1.90309543534	7274.55859375	
5.601312	-2.93185764848281E-04	1.37961563961375E-05	0	1.89822407621	7274.55859375	
5.605408	-2.93556705866875E-04	1.47640926878156E-05	0	1.96981054875	7274.55859375	
5.609504	-2.93901771532187E-04	1.53337358681719E-05	0	1.91011827963	7322.19921875	
5.6136	-2.92464455088438E-04	1.46424098768062E-05	0	1.90399188749	7322.19921875	
5.617696	-2.91760517473906E-04	1.45605056317875E-05	0	1.93700802944	7322.19921875	
5.621792	-2.92662954706719E-04	1.52809864016906E-05	0	1.86524989585	7322.19921875	
5.625888	-2.87475083522344E-04	1.29790574536219E-05	0	1.82382999183	7322.19921875	
5.629984	-2.83906113416406E-04	1.223426853495E-05	0	1.91883103159	7322.19921875	
5.63408	-2.81300474484219E-04	1.23154239826406E-05	0	1.86141994709	7369.515625	
5.638176	-2.77767985883437E-04	1.16077268538E-05	0	1.83854706585	7369.515625	
5.642272	-2.77876333210781E-04	1.26455416813687E-05	0	1.87252832437	7369.515625	
5.646368	-2.80574684539531E-04	1.42799455758094E-05	0	1.82901797023	7369.515625	
5.650464	-2.7700854883625E-04	1.24252916612344E-05	0	1.76418349899	7415.71875	
5.65456	-2.73563835285469E-04	1.1254240668825E-05	0	1.8573344141	7415.71875	
5.658656	-2.73699063721875E-04	1.22735442168281E-05	0	1.82594714478	7415.71875	
5.662752	-2.73721830375469E-04	1.25284581446062E-05	0	1.77973599012	7415.71875	
5.666848	-2.75261276747188E-04	1.32909186802219E-05	0	1.83424028084	7415.71875	
5.670944	-2.7717239559625E-04	1.38687084870469E-05	0	1.79597131076	7465.1171875	
5.67504	-2.73140046372188E-04	1.17584822318906E-05	0	1.71074732147	7465.1171875	
5.679136	-2.69033179787969E-04	1.03270706825344E-05	0	1.80471076555	7465.1171875	
5.683232	-2.70785389223594E-04	1.21790380613344E-05	0	1.79143564435	7465.1171875	
5.687328	-2.71869685388125E-04	1.26795089550937E-05	0	1.71899849594	7465.1171875	
5.691424	-2.74123401229219E-04	1.3429161570825E-05	0	1.76913115192	7513.27734375	
5.69552	-2.77375101102344E-04	1.42455694082625E-05	0	1.74563647621	7513.27734375	
5.699616	-2.76585674246406E-04	1.32161209184812E-05	0	1.66298740267	7513.27734375	
5.703712	-2.72747344455781E-04	1.12029020182406E-05	0	1.73729374918	7513.27734375	
5.707808	-2.72807964099687E-04	1.19402375789812E-05	0	1.74998140812	7513.27734375	
5.711904	-2.699711842025E-04	1.10056349078156E-05	0	1.66959063106	7561.05859375	
5.716	-2.68357311902969E-04	1.090975447485E-05	0	1.72740988739	7561.05859375	
5.720096	-2.68585709897656E-04	1.15161976184062E-05	0	1.70682582015	7561.05859375	
5.724192	-2.66835146244219E-04	1.11055237502344E-05	0	1.61002424671	7561.05859375	
5.728288	-2.60915633445156E-04	8.86623800875312E-06	0	1.66761080695	7561.0546875	
5.732384	-2.59473928248906E-04	9.5036606886375E-06	0	1.7145124205	7607.99609375	
5.73648	-2.5611516110125E-04	8.94849609957187E-06	0	1.62832331464	7607.99609375	
5.740576	-2.53657276836562E-04	8.78554674329062E-06	0	1.66897265128	7607.99609375	
5.744672	-2.53084544635312E-04	9.33385196421562E-06	0	1.66248386359	7607.99609375	
5.748768	-2.50898580160938E-04	9.02069626775625E-06	0	1.57440648618	7607.99609375	
5.752864	-2.42140275953125E-04	5.85893861220937E-06	0	1.60517196103	7654.67578125	
5.75696	-2.3893026922875E-04	6.28542496456875E-06	0	1.65765065136	7654.67578125	
5.761056	-2.35766070108594E-04	6.38844673654687E-06	0	1.57482991677	7654.67578125	
5.765152	-2.35509053790312E-04	7.312290764625E-06	0	1.6011779806	7654.67578125	
5.769248	-2.3648280825125E-04	8.15808487075312E-06	0	1.61740185717	7654.67578125	
5.773344	-2.38602392844062E-04	9.15036993615938E-06	0	1.53549283349	7703.875	
5.77744	-2.34368526734375E-04	7.01128457524687E-06	0	1.52780241845	7703.875	
5.781536	-2.346797624325E-04	7.53507659953125E-06	0	1.62202526145	7703.875	
5.785632	-2.34642732333281E-04	7.86239357990625E-06	0	1.54296199651	7703.875	
5.789728	-2.33488764722812E-04	7.39737577569375E-06	0	1.54943171075	7703.875	
5.793824	-2.33034620271406E-04	7.39894861065937E-06	0	1.56704794917	7752.09765625	
5.79792	-2.34600856319844E-04	8.26829581823437E-06	0	1.50483416996	7752.09765625	
5.802016	-2.29507160449531E-04	6.072580465875E-06	0	1.47810463713	7752.09765625	
5.806112	-2.28713070544062E-04	6.29926677765E-06	0	1.553723237	7752.09765625	
5.810208	-2.2920333077125E-04	7.1311361380875E-06	0	1.49812031556	7752.09765625	
5.814304	-2.2991138284125E-04	7.4067877855125E-06	0	1.47661690803	7799.67578125	
5.8184	-0.000231026857435	7.78668980945625E-06	0	1.52537246092	7799.67578125	
5.822496	-2.33280024682031E-04	8.44389660417187E-06	0	1.46969706037	7799.67578125	
5.826592	-2.28619718121094E-04	6.27745910715E-06	0	1.40685004262	7799.67578125	
5.830688	-2.24332729819688E-04	4.87259753124375E-06	0	1.51060579593	7846.21484375	
5.834784	-0.00022303055038	5.53191442000312E-06	0	1.47508340265	7846.21484375	
5.83888	-2.20634657244375E-04	5.10969897683438E-06	0	1.42390170692	7846.21484375	
5.842976	-2.20498057322813E-04	5.73035340425625E-06	0	1.4692660004	7846.21484375	
5.847072	-2.21954300261719E-04	6.59840998812187E-06	0	1.42357364358	7846.21484375	
5.851168	-2.18202465468281E-04	5.18589265064062E-06	0	1.35817078353	7893.25390625	
5.855264	-2.13588057943906E-04	3.75684768545625E-06	0	1.44290267781	7893.25390625	
5.85936	-2.12558529753281E-04	4.38797998701562E-06	0	1.43030657143	7893.25390625	
5.863456	-2.10618792580625E-04	4.26149934426562E-06	0	1.36304977204	7893.25390625	
5.867552	-2.09777615018125E-04	4.50648635889375E-06	0	1.4212772002	7893.25390625	
5.871648	-2.0928132025625E-04	4.7019366442125E-06	0	1.38691065799	7942.35546875	
5.875744	-2.04040601177187E-04	3.04425464805E-06	0	1.29891720376	7942.35546875	
5.87984	-1.97557682275937E-04	1.389954379275E-06	0	1.37963604416	7942.35546875	
5.883936	-1.96069529449062E-04	2.31174552479063E-06	0	1.39630242477	7942.35546875	
5.888032	-1.93542248035469E-04	2.25317971797187E-06	0	1.31345498735	7942.35546875	
5.892128	-1.93182827492188E-04	2.80770440383125E-06	0	1.36182907124	7990.59375	
5.896224	-1.94973621376875E-04	3.85395744411562E-06	0	1.34702807404	7990.59375	
5.90032	-1.93140768614062E-04	3.22288692134063E-06	0	1.26098774109	7990.59375	
5.904416	-1.87374496423125E-04	1.16076350269687E-06	0	1.31522500351	7990.59375	
5.908512	-1.85906915873594E-04	1.62749668980937E-06	0	1.34446078767	7990.59375	
5.912608	-1.8208422101375E-04	9.39013243678125E-07	0	1.2655234075	8038.49609375	
5.916704	-1.79459655586406E-04	8.31966235340625E-07	0	1.30632151705	8038.49609375	
5.9208	-1.77798878494531E-04	9.792576745875E-07	0	1.30060711143	8038.49609375	
5.924896	-0.000175043930545	7.4649973426875E-07	0	1.20659026169	8038.4921875	
5.928992	-1.67789139797812E-04	-1.2994227390375E-06	0	1.23520806607	8038.4921875	
5.933088	-1.66554894589531E-04	-4.38037302346875E-07	0	1.29965725362	8084.71484375	
5.937184	-1.64906277999375E-04	-1.03737636646875E-07	0	1.21304853186	8084.71484375	
5.94128	-0.000163715097425	1.6407435515625E-08	0	1.24733496558	8084.71484375	
5.945376	-1.63591389463906E-04	3.6920299618125E-07	0	1.2554526259	8084.71484375	
5.949472	-1.63159280207344E-04	5.6694799074375E-07	0	1.1795784418	8084.71484375	
5.953568	-1.56775382534375E-04	-1.54671912635625E-06	0	1.19420396326	8132.3359375	
5.957664	-1.55117988439219E-04	-1.26455618736562E-06	0	1.25227117444	8132.3359375	
5.96176	-1.53195074817812E-04	-1.10876643930937E-06	0	1.17307058066	8132.3359375	
5.965856	-1.52591621349062E-04	-8.13105196509375E-07	0	1.17911686431	8132.3359375	
5.969952	-1.53665311361719E-04	-1.23864058828125E-07	0	1.20871504402	8132.3359375	
5.974048	-1.56027648827187E-04	7.79467249378125E-07	0	1.12149597186	8181.375	
5.978144	-1.51688361225156E-04	-9.537067386E-07	0	1.11165788635	8181.375	
5.98224	-1.50163544028437E-04	-1.22199637415625E-06	0	1.19516526514	8181.375	
5.986336	-1.49055749751562E-04	-1.01063023936875E-06	0	1.13535474063	8181.375	
5.990432	-1.46732179599844E-04	-1.50140595051562E-06	0	1.12097717402	8181.375	
5.994528	-1.46027967688281E-04	-1.28579486805E-06	0	1.14766474526	8229.453125	
5.998624	-1.45830473825781E-04	-9.4016684829375E-07	0	1.08735831105	8229.453125	
6.00272	-1.39411923294531E-04	-2.77727342464687E-06	0	1.05522336249	8229.453125	
6.006816	-1.35039994345781E-04	-3.502259959275E-06	0	1.13585446502	8229.453125	
6.010912	-1.33490124686875E-04	-2.85600267284062E-06	0	1.09814243968	8229.453125	
6.015008	-1.31552307593437E-04	-2.84180749472812E-06	0	1.06061733415	8277.29296875	
6.019104	-1.30352715243438E-04	-2.6316829452375E-06	0	1.10551242076	8277.29296875	
6.0232	-1.29859986342969E-04	-2.3507053416E-06	0	1.04970350606	8277.29296875	
6.027296	-1.23268720114375E-04	-4.02824380829063E-06	0	0.98572352538	8277.29296875	
6.031392	-1.16679556829688E-04	-5.3971705643625E-06	0	1.07596001733	8277.29296875	
6.035488	-1.13152828466563E-04	-5.08150645695E-06	0	1.05421628433	8323.29296875	
6.039584	-1.08001073057969E-04	-5.67046380068437E-06	0	0.99886894712	8323.29296875	
6.04368	-1.04766471033125E-04	-5.55034853618437E-06	0	1.0365657137	8323.29296875	
6.047776	-1.03599885759219E-04	-4.95587461142812E-06	0	1.00410651649	8323.29296875	
6.051872	-9.86403211371875E-05	-5.7263711967E-06	0	0.93054021984	8323.29296875	
6.055968	-9.28061147148438E-05	-6.86919385195312E-06	0	1.00073433053	8323.29296875	
6.060064	-9.13081786271875E-05	-6.083307378225E-06	0	0.99943352124	8371.3125	
6.06416	-8.80274947010937E-05	-6.365057096475E-06	0	0.93668187074	8371.3125	
6.068256	-8.6249592776875E-05	-6.16214383785E-06	0	0.98695567025	8371.3125	
6.072352	-8.5627852839375E-05	-5.80401030175312E-06	0	0.96497924116	8371.3125	
6.076448	-8.21747275129687E-05	-6.320249448975E-06	0	0.874326948	8371.3125	
6.080544	-7.58890281771875E-05	-7.844663309175E-06	0	0.94272052501	8420.29296875	
6.08464	-7.54003222998437E-05	-6.93379955657812E-06	0	0.95490464487	8420.29296875	
6.088736	-7.3609254118125E-05	-6.85239915720937E-06	0	0.87328935232	8420.29296875	
6.092832	-7.37009607589062E-05	-6.35687513350312E-06	0	0.91511742817	8420.29296875	
6.096928	-7.53722525703125E-05	-5.6791529746875E-06	0	0.90625971799	8468.29296875	
6.101024	-7.542436900625E-05	-5.54726704888125E-06	0	0.81554638979	8468.29296875	
6.10512	-6.9807131535625E-05	-7.42137671323125E-06	0	0.86534335305	8468.29296875	
6.109216	-6.98932608034375E-05	-6.78789369286875E-06	0	0.89929790874	8468.29296875	
6.113312	-6.67878526803125E-05	-7.30670302982812E-06	0	0.82006298275	8468.29296875	
6.117408	-6.63186218921875E-05	-6.97462451575312E-06	0	0.84684210655	8515.9921875	
6.121504	-6.64745140382812E-05	-6.64110465696562E-06	0	0.85503987536	8515.9921875	
6.1256	-6.61978397660937E-05	-6.43697313032812E-06	0	0.76289603841	8515.9921875	
6.129696	-5.99033629253125E-05	-8.25880664503125E-06	0	0.78319018921	8515.9921875	
6.133792	-5.81816004601563E-05	-8.11453395276562E-06	0	0.84853582891	8561.73046875	
6.137888	-5.62940711557813E-05	-7.926190150725E-06	0	0.76864477624	8561.73046875	
6.141984	-5.431446948125E-05	-8.07519889594687E-06	0	0.77942890487	8561.73046875	
6.14608	-5.3856210574375E-05	-7.733009574675E-06	0	0.79020921881	8561.73046875	
6.150176	-5.2801447056875E-05	-7.61027844740625E-06	0	0.71125657988	8561.73046875	
6.154272	-4.61273431248438E-05	-9.33927551648437E-06	0	0.70745333395	8561.73046875	
6.158368	-4.400675277625E-05	-9.25362007329375E-06	0	0.77459950733	8561.73046875	
6.162464	-4.28054232117188E-05	-8.76168811330313E-06	0	0.71274430898	8610.2109375	
6.16656	-4.2097279709375E-05	-8.55191837115E-06	0	0.70540103073	8610.2109375	
6.170656	-4.31417113720312E-05	-7.93178197205625E-06	0	0.73604825019	8610.2109375	
6.174752	-4.49393626825E-05	-7.2721533047625E-06	0	0.66491954045	8610.2109375	
6.178848	-4.06656320709375E-05	-8.6252423362875E-06	0	0.62185169035	8658.8515625	
6.182944	-3.88522543973437E-05	-8.96514319830937E-06	0	0.71638352324	8658.8515625	
6.18704	-3.79783440557812E-05	-8.6695769073375E-06	0	0.65332288285	8658.8515625	
6.191136	-3.62182714385937E-05	-8.91948002281875E-06	0	0.63518784659	8658.8515625	
6.195232	-3.60787456820312E-05	-8.62665339256875E-06	0	0.66587321295	8706.9296875	
6.199328	-3.702863630125E-05	-8.08881258425625E-06	0	0.61055639326	8706.9296875	
6.203424	-3.25079469292188E-05	-9.31514477138437E-06	0	0.54994478385	8706.9296875	
6.20752	-2.91575001248437E-05	-9.99276717068437E-06	0	0.63725540857	8706.9296875	
6.211616	-2.89128271729687E-05	-9.316784913975E-06	0	0.59550744121	8706.9296875	
6.215712	-2.80893874851563E-05	-9.24349989110625E-06	0	0.54512301569	8754.390625	
6.219808	-2.88056684660938E-05	-8.75312321802187E-06	0	0.59957771544	8754.390625	
6.223904	-3.07153243976563E-05	-8.14472022065625E-06	0	0.55889404659	8754.390625	
6.228	-2.77419445789063E-05	-8.99168499869062E-06	0	0.47408204382	8754.390625	
6.232096	-2.39290329798438E-05	-1.00858089045656E-05	0	0.56309020559	8754.390625	
6.236192	-2.39791379042188E-05	-9.43337085508125E-06	0	0.55109300554	8800.1484375	
6.240288	-2.25305752821875E-05	-9.57756277819687E-06	0	0.48015884499	8800.1484375	
6.244384	-2.31623727775E-05	-9.1223860699125E-06	0	0.5289830623	8800.1484375	
6.24848	-2.58100705878125E-05	-8.31286236020625E-06	0	0.50023937315	8800.1484375	
6.252576	-2.52121944920313E-05	-8.51984484553125E-06	0	0.40795057798	8849.05078125	
6.256672	-2.20189198865625E-05	-9.68647348659375E-06	0	0.48046402019	8849.05078125	
6.260768	-2.39962357525E-05	-8.78350395687187E-06	0	0.48837950194	8849.05078125	
6.264864	-2.39846238448438E-05	-8.78173136249062E-06	0	0.40555113797	8849.05078125	
6.26896	-2.56523497948438E-05	-8.34799982506875E-06	0	0.45355138224	8849.05078125	
6.273056	-2.79832345340625E-05	-7.89807311153437E-06	0	0.43328011958	8849.05078125	
6.277152	-2.8082530059375E-05	-8.01832251051563E-06	0	0.34192210877	8897.609375	
6.281248	-2.4420847556875E-05	-9.3628060218E-06	0	0.39444276069	8897.609375	
6.285344	-2.52633966045312E-05	-8.84084933221875E-06	0	0.43513024423	8897.609375	
6.28944	-2.39866353564063E-05	-9.0270284729625E-06	0	0.34903650562	8897.609375	
6.293536	-2.36348036976562E-05	-9.00380950579687E-06	0	0.39019701072	8945.7109375	
6.297632	-2.43932349890625E-05	-8.68724660120625E-06	0	0.37887882549	8945.7109375	
6.301728	-2.30780721565625E-05	-8.86391108800313E-06	0	0.29204503702	8945.7109375	
6.305824	-1.500441333875E-05	-1.10269726268625E-05	0	0.32154784948	8945.7109375	
6.30992	-1.10089113492188E-05	-1.13277297780281E-05	0	0.37134862743	8992.96875	
6.314016	-5.78263858046875E-06	-1.17657692438344E-05	0	0.28290503978	8992.96875	
6.318112	-2.189621768125E-06	-1.18089357872062E-05	0	0.31302964671	8992.96875	
6.322208	5.6624050484375E-07	-1.168053062715E-05	0	0.32156310824	8992.96875	
6.326304	3.3831795834375E-06	-1.15969290280594E-05	0	0.23553040467	8992.96875	
6.3304	1.22949072640625E-05	-1.34014921273406E-05	0	0.23545792556	8992.96875	
6.334496	1.66924372690625E-05	-1.35169636464844E-05	0	0.31346833606	9038.92578125	
6.338592	2.0982259973125E-05	-1.34226579715594E-05	0	0.23868133861	9038.92578125	
6.342688	2.50992755475E-05	-1.36193479191E-05	0	0.25385236074	9038.92578125	
6.346784	2.74967230329687E-05	-1.33610820715969E-05	0	0.26904627101	9038.92578125	
6.35088	2.96708013026562E-05	-1.31359135467656E-05	0	0.2022167169	9038.92578125	
6.354976	3.7629529664375E-05	-1.47076511577187E-05	0	0.17467084041	9038.92578125	
6.359072	4.2108983049375E-05	-1.50336621297844E-05	0	0.25611065722	9088.12890625	
6.363168	4.50769683598437E-05	-1.46756112859125E-05	0	0.19586525805	9088.12890625	
6.367264	4.7529823845625E-05	-1.45903483904062E-05	0	0.18045391045	9088.12890625	
6.37136	4.83974253554687E-05	-1.41578372844562E-05	0	0.2210994324	9088.12890625	
6.375456	4.78339278209375E-05	-1.35302018544E-05	0	0.16035430884	9088.12890625	
6.379552	5.32301733167187E-05	-1.47172013885531E-05	0	0.11162164409	9136.48828125	
6.383648	5.746705669375E-05	-1.54476643600125E-05	0	0.20547064747	9136.48828125	
6.387744	6.01649508607812E-05	-1.52860594735406E-05	0	0.16149490115	9136.48828125	
6.39184	0.00006392364308	-1.57037619404531E-05	0	0.12533163995	9136.48828125	
6.395936	6.56833499678125E-05	-1.54729458251156E-05	0	0.16831175218	9184.62890625	
6.400032	6.55999636703125E-05	-1.48737180589594E-05	0	0.12097144928	9184.62890625	
6.404128	0.00007052432684	-1.58104916414156E-05	0	0.06671129872	9184.62890625	
6.408224	7.50898180604687E-05	-1.6679904473925E-05	0	0.14825411216	9184.62890625	
6.41232	7.55032751189063E-05	-1.58734598476781E-05	0	0.13198445931	9184.62890625	
6.416416	7.63086112026563E-05	-1.57136501517187E-05	0	0.07505784044	9231.7265625	
6.420512	7.63685908201563E-05	-1.50877159218844E-05	0	0.13108419247	9231.7265625	
6.424608	7.22624556946875E-05	-1.45722008124E-05	0	0.09188825272	9231.7265625	
6.428704	6.6390487714375E-05	-1.26771476593781E-05	0	0.01602551269	9231.7265625	
6.4328	6.4984623996875E-05	-1.337090585985E-05	0	0.09836559634	9277.8046875	
6.436896	5.80481092382812E-05	-1.20082235686875E-05	0	0.11057641903	9277.8046875	
6.440992	5.17688101665625E-05	-1.12916685160125E-05	0	0.03264611702	9277.8046875	
6.445088	4.20896908248438E-05	-9.8430641953875E-06	0	0.08738691852	9277.8046875	
6.449184	2.93154037825E-05	-7.959243963825E-06	0	0.06881319291	9277.8046875	
6.45328	1.87245211089062E-05	-6.98861849214375E-06	0	-0.01187512997	9326.90625	
6.457376	1.13703434040625E-05	-7.31659051994062E-06	0	0.05189122807	9326.90625	
6.461472	-1.36188476015625E-06	-5.71191784576875E-06	0	0.09297543937	9326.90625	
6.465568	-1.22963701815625E-05	-4.89756409281563E-06	0	0.00955579845	9326.90625	
6.469664	-2.47707591364062E-05	-3.7777356453375E-06	0	0.05863559999	9326.90625	
6.47376	-3.755089784875E-05	-2.72893645375312E-06	0	0.05422963304	9375.00390625	
6.477856	-4.833698857625E-05	-2.14528271048437E-06	0	-0.03388207658	9375.00390625	
6.481952	-5.43425392107813E-05	-2.98922321269687E-06	0	0.00563048244	9375.00390625	
6.486048	-6.51094291460937E-05	-1.97525139013125E-06	0	0.0663374591	9375.00390625	
6.490144	-7.4406544155625E-05	-1.34694552805312E-06	0	-0.01443478696	9375.00390625	
6.49424	-0.00008431671303	-6.6548539220625E-07	0	0.03003686906	9423.20703125	
6.498336	-9.459736576125E-05	9.812442110625E-08	0	0.03647225109	9423.20703125	
6.502432	-1.02980431630312E-04	4.78943030671875E-07	0	-0.03706734273	9423.20703125	
6.506528	-1.04223820072969E-04	-1.05442226288437E-06	0	-0.00999067311	9423.20703125	
6.510624	-1.0923531826625E-04	-9.6131490406875E-07	0	0.05457676983	9423.20703125	
6.51472	-1.13712211545625E-04	-6.85487535665625E-07	0	-0.01896663868	9423.20703125	
6.518816	-1.19554921175937E-04	-1.66729400578125E-07	0	0.00272368866	9470.2265625	
6.522912	-1.26107511523125E-04	4.98686760928125E-07	0	0.03371041553	9470.2265625	
6.527008	-1.32683051388594E-04	1.14318948180937E-06	0	-0.04765692217	9470.2265625	
6.531104	-1.32989532604844E-04	4.38720715125E-08	0	0.00801466369	9470.2265625	
6.5352	-1.36211151236875E-04	3.764659696875E-08	0	0.17029539098	9470.2265625	
6.539296	-1.39980632472656E-04	4.6271155651875E-07	0	0.04543677259	9470.2265625	
6.543392	-1.431362369525E-04	5.67285730790625E-07	0	-0.01535794194	9470.2265625	
6.547488	-1.47071576459844E-04	8.80503686803125E-07	0	0.03121942296	9470.2265625	
6.551584	-1.50137942972188E-04	1.13922602423437E-06	0	-0.0084686118	9470.2265625	
6.55568	-1.42134687059063E-04	-1.39957768695937E-06	0	0.00880430452	9470.2265625	
6.559776	-1.41557383240625E-04	-1.60391882877187E-06	0	-0.01418683211	9470.2265625	
6.563872	-1.46778078636406E-04	1.48848649228125E-07	0	-0.00122451549	9470.2265625	
6.567968	-1.51526708841406E-04	1.03178863167187E-06	0	-0.01124189143	9470.2265625	
6.572064	-1.53136192388437E-04	9.72618979303125E-07	0	-0.00940702554	9470.2265625	
6.57616	-1.51494524656406E-04	2.5048051875E-08	0	-0.00378798717	9470.2265625	
6.580256	-1.50611653945156E-04	-3.079621920375E-07	0	-0.00966260977	9470.2265625	
6.584352	-1.50728687345156E-04	-3.25385491921875E-07	0	-0.00197600942	9470.2265625	
6.588448	-1.5269859719125E-04	2.54747581790625E-07	0	-0.0115203638	9470.2265625	
6.592544	-1.49513917226094E-04	-5.9047585183125E-07	0	-0.0064468261	9470.2265625	
6.59664	-1.4829521551625E-04	-8.5511020258125E-07	0	-0.00098037533	9470.2265625	
6.600736	-1.48877822410625E-04	-4.748466405375E-07	0	0.00531386317	9470.2265625	
6.604832	-1.50525707542031E-04	-4.420235964375E-08	0	0.00475310374	9470.2265625	
6.608928	-1.52780794868281E-04	4.1946256130625E-07	0	-0.00178908961	9470.2265625	
6.613024	-1.529436358725E-04	2.65520647940625E-07	0	0.006103504	9470.2265625	
6.61712	-1.52180358666875E-04	-1.04348212959375E-07	0	0.00379180186	9470.2265625	
6.621216	-1.5322085873875E-04	4.4444426709375E-08	0	-0.00242614284	9470.2265625	
6.625312	-1.55781512957813E-04	5.903407558125E-07	0	-0.0018310512	9470.2265625	
6.629408	-1.55576064481406E-04	3.7601933551875E-07	0	-0.00690840359	9470.2265625	
6.633504	-1.52891062274844E-04	-3.70574869809375E-07	0	-0.00759886248	9470.2265625	
6.6376	-1.50960376904219E-04	-7.42017286828125E-07	0	-0.00691221828	9470.2265625	
6.641696	-1.51571602122188E-04	-4.0238373223125E-07	0	-0.00660704308	9470.2265625	
6.645792	-1.53470011875469E-04	1.41238560684375E-07	0	-0.00663374591	9470.2265625	
6.649888	-1.54091568948281E-04	2.47230762384375E-07	0	-0.00406645954	9470.2265625	
6.653984	-1.52807493112656E-04	-1.47905621325E-07	0	0.00172805457	9470.2265625	
6.65808	-1.51813806400781E-04	-3.74509962028125E-07	0	0.00257873044	9470.2265625	
6.662176	-1.51792045502969E-04	-2.961525884625E-07	0	0.00874326948	9470.2265625	
6.666272	-1.52519938391563E-04	-6.36374363625E-08	0	0.00680922165	9470.2265625	
6.670368	-1.51421195916719E-04	-2.5452234163125E-07	0	0.00678633351	9470.2265625	
6.674464	-1.48567592468281E-04	-8.1711889441875E-07	0	0.0041580121	9470.2265625	
6.67856	-1.46049362856719E-04	-1.14471592259062E-06	0	0.00009155256	9470.2265625	
6.682656	-1.4521870001375E-04	-1.04280160142812E-06	0	-0.00381087531	9470.2265625	
6.686752	-1.45968353800156E-04	-1.1113306194375E-07	0	-0.01157758415	9470.2265625	
6.690848	-1.45730355409375E-04	0	0	-0.01062391165	9470.2265625	
6.694944	-1.44761629727344E-04	0	0	-0.00877760169	9470.2265625	
6.69904	-1.43844197590156E-04	0	0	-0.00016021698	9470.2265625	
6.703136	-1.43290757613437E-04	0	0	0.00324630119	9470.2265625	
6.707232	-1.41646072614062E-04	0	0	0.00253676885	9470.2265625	
6.711328	-0.00013826325876	0	0	0.00588606667	9470.2265625	
6.715424	-1.34435626553594E-04	0	0	0.00401686857	9470.2265625	
6.71952	-1.31397969797187E-04	0	0	0.00525664282	9470.2265625	
6.723616	-1.30138123532656E-04	0	0	0.00382231938	9536.01953125	
6.727712	-1.29402276030156E-04	0	0	0.00336837127	9536.01953125	
6.731808	-1.27573629155156E-04	0	0	0.00776289415	9536.01953125	
6.735904	-1.2540933414625E-04	0	0	0.02934259548	9536.01953125	
6.74	-1.23618997423281E-04	0	0	0.06189715994	9536.01953125	
6.744096	-1.22756150395313E-04	0	0	0.04672613781	9536.01953125	
6.748192	-1.21981169849687E-04	0	0	0.04559317488	9536.01953125	
6.752288	-1.20625868218281E-04	0	0	0.04630652191	9536.01953125	
6.756384	-1.18435880720781E-04	0	0	0.02923959885	9523.71875	
6.76048	-1.15908690739531E-04	0	0	0.02393717975	9523.71875	
6.764576	-1.1609201258875E-04	0	0	0.01424405246	9523.71875	
6.768672	-1.16184816417656E-04	0	0	0.08167632759	9523.71875	
6.772768	-1.15690167437969E-04	0	0	0.03762810216	9479.140625	
6.776864	-1.14785444396562E-04	0	0	-0.02222056925	9479.140625	
6.78096	-1.13127135977969E-04	0	0	0.08596785384	9479.140625	
6.785056	-1.11508417764219E-04	0	0	0.01095197499	9479.140625	
6.789152	-1.052291186925E-04	0	0	0.04793539454	9479.140625	
6.793248	-9.7432134146875E-05	0	0	0.11830116628	9479.140625	
6.797344	-9.118730506875E-05	0	0	0.05478657778	9428.9609375	
6.80144	-8.0089978643125E-05	0	0	0.02031322425	9428.9609375	
6.805536	-6.68515810239062E-05	0	0	0.12292838525	9428.9609375	
6.809632	-4.89859753521875E-05	0	0	0.0638197637	9428.9609375	
6.813728	-2.4689292918125E-05	0	0	0.10240153836	9379.28125	
6.817824	3.3645273853125E-06	0	0	0.17549481345	9379.28125	
6.82192	3.21540123265625E-05	0	0	0.11656166764	9379.28125	
6.826016	7.34857290217187E-05	0	0	0.09506970418	9379.27734375	
6.830112	1.21191834426094E-04	0	0	0.17966045493	9379.27734375	
6.834208	0.00017042403708	0	0	0.11997962988	9379.27734375	
6.838304	2.32819845695938E-04	0	0	0.15515107168	9330.16015625	
6.8424	2.97270413372969E-04	0	0	0.22149616016	9330.16015625	
6.846496	3.67057155495937E-04	0	0	0.16928831282	9330.16015625	
6.850592	0.00045044985326	0	0	0.13787815536	9330.16015625	
6.854688	5.3898635181875E-04	0	0	0.23615219914	9280.91796875	
6.858784	6.32693257984219E-04	-1.56208353406875E-06	0	0.18468440166	9280.91796875	
6.86288	7.34642972803438E-04	-9.62136778246875E-06	0	0.22013431583	9280.91796875	
6.866976	8.33108566731719E-04	-9.06098877554062E-06	0	0.29251805858	9280.91796875	
6.871072	9.28507336985937E-04	-8.60580894225937E-06	0	0.23147920389	9280.91796875	
6.875168	1.02579573948844E-03	-8.45717279281875E-06	0	0.22979311091	9233.95703125	
6.879264	1.11867289713438E-03	-8.45712567748125E-06	0	0.31435334414	9233.95703125	
6.88336	1.20727495268359E-03	-8.42489806547812E-06	0	0.26214168211	9233.95703125	
6.887456	1.29472898372469E-03	-8.49839558813437E-06	0	0.29037038811	9233.95703125	
6.891552	1.37483697453953E-03	-8.52237080454375E-06	0	0.36249091725	9233.95703125	
6.895648	1.44903075563125E-03	-8.39735578532812E-06	0	0.31132448028	9185.71875	
6.899744	1.52105018415625E-03	-8.31524288667187E-06	0	0.28459113276	9185.71875	
6.90384	1.58655880691516E-03	-8.19539492959687E-06	0	0.38080142925	9185.71875	
6.907936	1.64616528902031E-03	-7.93656105381562E-06	0	0.34185725904	9185.71875	
6.912032	1.70490645542422E-03	-7.7766816463875E-06	0	0.36458136737	9185.71875	
6.916128	1.75280063715969E-03	-7.47314589223125E-06	0	0.44384299619	9135.9375	
6.920224	1.79258614148969E-03	-6.89624670951562E-06	0	0.39994354367	9135.9375	
6.92432	1.82904286848078E-03	-6.3405167364E-06	0	0.36347892196	9135.9375	
6.928416	1.85904273478859E-03	-5.75863005867187E-06	0	0.47539048249	9135.9375	
6.932512	1.88357924426031E-03	-5.091550677675E-06	0	0.429534094	9135.9375	
6.936608	1.90541237362437E-03	-4.49626425373125E-06	0	0.45176610732	9087.85546875	
6.940704	1.91819324379547E-03	-3.78658996340625E-06	0	0.53892032975	9087.85546875	
6.9448	1.92401967846859E-03	-2.88397668332813E-06	0	0.50284862111	9087.85546875	
6.948896	1.92913220940172E-03	-2.09177651399062E-06	0	0.43947136145	9087.85546875	
6.952992	1.92963371580719E-03	-1.36956569774062E-06	0	0.54529849143	9087.85546875	
6.957088	1.92446202814766E-03	-5.47206904715625E-07	0	0.5227651176	9038.67578125	
6.961184	1.91895094362813E-03	1.7520367095E-07	0	0.5209340664	9038.67578125	
6.96528	1.90641428924719E-03	9.2797984125E-07	0	0.611876276	9038.67578125	
6.969376	1.88904909279281E-03	1.8377895083625E-06	0	0.59721260764	9038.67578125	
6.973472	1.87316674608938E-03	2.5751599248375E-06	0	0.53037160946	8992.1953125	
6.977568	1.85572620938375E-03	3.18625570797187E-06	0	0.6517779334	8992.1953125	
6.981664	1.83621573584797E-03	3.79773610610625E-06	0	0.61952472945	8992.1953125	
6.98576	1.81887092880625E-03	4.26761929006875E-06	0	0.61408116682	8992.1953125	
6.989856	1.79925485091344E-03	4.6849808919375E-06	0	0.70924242356	8992.1953125	
6.993952	1.77694417041797E-03	5.20559046748125E-06	0	0.69876728482	8992.1953125	
6.998048	1.75804245342688E-03	5.58313119570937E-06	0	0.62454486149	8944.8984375	
7.002144	1.73952621519703E-03	5.83981651594687E-06	0	0.72022110138	8944.8984375	
7.00624	1.71997871156203E-03	6.13307920345312E-06	0	0.72513060741	8944.8984375	
7.010336	1.70548284491922E-03	6.27165598795312E-06	0	0.6864916124	8944.8984375	
7.014432	0.00169038946791	6.30744225024375E-06	0	0.77944797832	8944.8984375	
7.018528	1.67223127873828E-03	6.54599970399375E-06	0	0.78506701669	8895.45703125	
7.022624	1.65844474421828E-03	6.67103707895625E-06	0	0.70803698152	8895.45703125	
7.02672	1.64646482137844E-03	6.67063635820312E-06	0	0.80748976451	8895.45703125	
7.030816	1.63471704525937E-03	6.685426006875E-06	0	0.80677641748	8895.45703125	
7.034912	1.62648767716016E-03	6.61820924716875E-06	0	0.77786869666	8847.6953125	
7.039008	1.61766153015328E-03	6.52451294663437E-06	0	0.87697052817	8847.6953125	
7.043104	1.60485259025266E-03	6.66366280748437E-06	0	0.87908768112	8847.6953125	
7.0472	1.59614557958969E-03	6.73995888503437E-06	0	0.80839003135	8847.6953125	
7.051296	1.59008800395156E-03	6.6498500809125E-06	0	0.86604525601	8798.8359375	
7.055392	1.58267494381734E-03	6.61752270939375E-06	0	0.91046732106	8798.8359375	
7.059488	1.57893179509656E-03	6.54936412370625E-06	0	0.86090305389	8798.8359375	
7.063584	1.57609044358219E-03	6.35790686324062E-06	0	0.93454564434	8798.8359375	
7.06768	1.56856080720969E-03	6.44137024131562E-06	0	0.96216781463	8798.8359375	
7.071776	1.56494886390219E-03	6.4665944949375E-06	0	0.88876173496	8798.8359375	
7.075872	1.56285076591016E-03	6.37012271640937E-06	0	0.93976795495	8752.6953125	
7.079968	1.55941821286109E-03	6.3388388534625E-06	0	0.97799114875	8752.6953125	
7.084064	1.55806620279406E-03	6.30688552003125E-06	0	0.94000828042	8752.6953125	
7.08816	1.55784676516906E-03	6.1785178599375E-06	0	1.00769613978	8752.6953125	
7.092256	1.55317475526813E-03	6.254907206625E-06	0	1.04604521835	8705.39453125	
7.096352	1.55079815435703E-03	6.358718641275E-06	0	0.99801445656	8705.39453125	
7.100448	1.55102070068172E-03	6.2743119949125E-06	0	0.99322702061	8705.39453125	
7.104544	1.54930414986016E-03	6.25996849964063E-06	0	1.07324014336	8705.39453125	
7.10864	1.54931804757641E-03	6.26336152509375E-06	0	1.02497668548	8705.39453125	
7.112736	1.55155749997187E-03	6.10590687485625E-06	0	1.05957592378	8705.39453125	
7.116832	1.54747440579703E-03	6.21238633568437E-06	0	1.12348342535	8656.13671875	
7.120928	1.54438435830766E-03	6.41687771773125E-06	0	1.06813227345	8656.13671875	
7.125024	0.001542614319565	6.48829303093125E-06	0	1.0671976744	8656.13671875	
7.12912	1.53957657137625E-03	6.58229293693125E-06	0	1.13823864627	8656.13671875	
7.133216	1.53752565247359E-03	6.6886865805375E-06	0	1.09890919237	8656.1328125	
7.137312	1.53759687826937E-03	6.63310658804062E-06	0	1.12078262483	8656.1328125	
7.141408	1.53249797075547E-03	6.75636848400937E-06	0	1.19666062362	8608.43359375	
7.145504	1.52640766233828E-03	7.06018476673125E-06	0	1.15406579508	8608.43359375	
7.1496	1.52310156022062E-03	7.177663976175E-06	0	1.11684586475	8608.43359375	
7.153696	1.5180768043375E-03	7.30088380487812E-06	0	1.21397168684	8608.43359375	
7.157792	1.5120086225475E-03	7.525821320325E-06	0	1.18807375643	8559.875	
7.161888	1.50879706147328E-03	7.59289408979062E-06	0	1.17756047079	8559.875	
7.165984	1.49987609912594E-03	7.8254719822125E-06	0	1.26432559484	8559.875	
7.17008	1.48982686165672E-03	8.25711361787812E-06	0	1.23251108024	8559.875	
7.174176	0.00148280147466	8.46521677515937E-06	0	1.17936863385	8513.875	
7.178272	1.47512207210844E-03	8.62638199860937E-06	0	1.28037399567	8513.875	
7.182368	1.46631786886406E-03	8.8702209374625E-06	0	1.24939489818	8513.875	
7.186464	1.46041024226969E-03	8.97579895688437E-06	0	1.22961573053	8513.875	
7.19056	1.45098402479078E-03	9.149777388675E-06	0	1.3312505162	8466.2734375	
7.194656	1.43868070575109E-03	9.58048657335E-06	0	1.31094110664	8466.2734375	
7.198752	1.42931922237156E-03	9.84541154880937E-06	0	1.24245979176	8466.2734375	
7.202848	1.41938710973469E-03	1.00468654338938E-05	0	1.32916388077	8466.2734375	
7.206944	1.40759306884969E-03	1.03692968422312E-05	0	1.33688862802	8466.2734375	
7.21104	1.39979480425125E-03	1.05225986120062E-05	0	1.30127468218	8466.2734375	
7.215136	1.38918417219141E-03	1.06659705840188E-05	0	1.393887726	8466.2734375	
7.219232	1.37461625686172E-03	1.11401403021562E-05	0	1.38859675097	8417.1953125	
7.223328	1.36370234371766E-03	1.14234979514906E-05	0	1.30677546516	8417.1953125	
7.227424	1.35308558569078E-03	1.16005179667781E-05	0	1.39392205821	8417.19140625	
7.23152	1.34102593384719E-03	1.18664789988937E-05	0	1.38775751917	8417.19140625	
7.235616	1.33163107766219E-03	1.20441961288687E-05	0	1.35339860634	8369.390625	
7.239712	1.32083995815578E-03	1.21917217024969E-05	0	1.44393264411	8369.390625	
7.243808	1.30548261597016E-03	1.26754897283437E-05	0	1.45015058881	8369.390625	
7.247904	1.29380441986469E-03	1.30173002038406E-05	0	1.38198970789	8369.390625	
7.252	1.28336677779922E-03	1.31737209608812E-05	0	1.43832504981	8321.01171875	
7.256096	1.27126250697188E-03	1.34307584442281E-05	0	1.47314935482	8321.01171875	
7.260192	1.26254205575438E-03	1.35972243835312E-05	0	1.42143741718	8321.01171875	
7.264288	1.25473373359813E-03	1.35802121409281E-05	0	1.48763754744	8321.01171875	
7.268384	1.24143681927891E-03	1.39721336240062E-05	0	1.52631468935	8321.01171875	
7.27248	1.23146776797516E-03	1.42601927109469E-05	0	1.45457181452	8275.03125	
7.276576	1.22289909444828E-03	1.43705329852219E-05	0	1.48911764716	8275.03125	
7.280672	1.21312973138328E-03	1.4558525826075E-05	0	1.52760786926	8275.03125	
7.284768	1.20585994573172E-03	1.47051360160031E-05	0	1.48253349222	8275.03125	
7.288864	1.20084378448891E-03	1.46289570056437E-05	0	1.53109831061	8275.03125	
7.29296	1.18987245183297E-03	1.4962590806625E-05	0	1.58451159999	8227.19140625	
7.297056	1.18153510213578E-03	1.52806763058469E-05	0	1.51707169548	8227.19140625	
7.301152	1.17675931652469E-03	1.52954392718531E-05	0	1.51496217191	8227.19140625	
7.305248	1.17005055973437E-03	1.54083016589906E-05	0	1.59725647928	8227.19140625	
7.309344	1.16493034848438E-03	1.55523753129938E-05	0	1.54881754566	8227.19140625	
7.31344	1.16231154329469E-03	1.54757684184469E-05	0	1.57060705494	8178.29296875	
7.317536	1.15378712302219E-03	1.5779647681875E-05	0	1.64611884349	8178.29296875	
7.321632	0.00114621926793	1.61842888637719E-05	0	1.58696444566	8178.29296875	
7.325728	1.14131465414656E-03	1.63059610978687E-05	0	1.56653678071	8178.2890625	
7.329824	1.13558989223969E-03	1.64497491752344E-05	0	1.6561095166	8130.44921875	
7.33392	1.12995080243891E-03	1.66853789876812E-05	0	1.61037901288	8130.44921875	
7.338016	1.12761982626734E-03	1.66693092922125E-05	0	1.62206340835	8130.44921875	
7.342112	1.12039091087344E-03	1.69266102368344E-05	0	1.6989866322	8130.44921875	
7.346208	1.11235665939578E-03	1.74229736827781E-05	0	1.66148060012	8130.44921875	
7.350304	1.10744372526906E-03	1.76252936727656E-05	0	1.59845047725	8082.4296875	
7.3544	1.10180390400953E-03	1.7807991807375E-05	0	1.69646130742	8082.4296875	
7.358496	1.09538754785453E-03	1.81303958118938E-05	0	1.67736878397	8082.4296875	
7.362592	0.001093287986945	1.81303523023219E-05	0	1.65891712844	8082.4296875	
7.366688	1.0866273235675E-03	1.83237629262187E-05	0	1.74992800246	8082.4296875	
7.370784	1.07814295066156E-03	1.88832515494219E-05	0	1.72591071422	8082.4296875	
7.37488	1.07406543385969E-03	1.90486879224469E-05	0	1.65228719722	8036.33203125	
7.378976	1.07040283703375E-03	1.91115676672594E-05	0	1.75737046265	8036.33203125	
7.383072	1.06626707782891E-03	1.92969578664844E-05	0	1.72756247499	8036.33203125	
7.387168	1.06572506689516E-03	1.92515872387781E-05	0	1.70603617932	8036.33203125	
7.391264	1.06235816226891E-03	1.93375047009375E-05	0	1.799389273	8036.33203125	
7.39536	1.05556126469922E-03	1.98639673956281E-05	0	1.78616374277	7988.19140625	
7.399456	1.05261750895984E-03	2.00923455326344E-05	0	1.71012171231	7988.19140625	
7.403552	1.05028378981797E-03	2.01354685664344E-05	0	1.78867762348	7988.19140625	
7.407648	1.04606583293609E-03	2.04023877706687E-05	0	1.79731026695	7988.19140625	
7.411744	1.04630328273281E-03	2.04142093934625E-05	0	1.74987078211	7939.47265625	
7.41584	1.0452238324825E-03	2.03636094440625E-05	0	1.83755143176	7939.47265625	
7.419936	1.03959946328906E-03	2.08909538686406E-05	0	1.84540587847	7939.47265625	
7.424032	1.03817787320844E-03	2.1090696216975E-05	0	1.75572633126	7939.46875	
7.428128	1.03761528999734E-03	2.11189509964125E-05	0	1.84541350785	7939.46875	
7.432224	1.03590321936063E-03	2.12858912140875E-05	0	1.84402877538	7891.55078125	
7.43632	1.03707995362469E-03	2.12852419358906E-05	0	1.80444755194	7891.55078125	
7.440416	1.03816507268031E-03	2.11952896219969E-05	0	1.87990593483	7891.55078125	
7.444512	1.03429282149016E-03	2.16500458980094E-05	0	1.8976938343	7891.55078125	
7.448608	1.03340272762375E-03	2.19442956037594E-05	0	1.82893786174	7891.55078125	
7.452704	1.03467628873984E-03	2.19142499607281E-05	0	1.85498075037	7844.0078125	
7.4568	1.03407905267047E-03	2.20715214380719E-05	0	1.91539781059	7844.0078125	
7.460896	1.03632161376562E-03	2.21279713816219E-05	0	1.85969570721	7844.0078125	
7.464992	1.03982557547516E-03	2.19078271306125E-05	0	1.90572757144	7844.0078125	
7.469088	1.03657113263172E-03	2.23920953963438E-05	0	1.9556771223	7797.7109375	
7.473184	1.03553840430906E-03	2.27959303290469E-05	0	1.87797951638	7797.7109375	
7.47728	1.03627882342875E-03	2.28866030749125E-05	0	1.90354938345	7797.7109375	
7.481376	1.03569594223734E-03	2.30828882151656E-05	0	1.96018227119	7797.7109375	
7.485472	1.03605289410734E-03	2.32953855988219E-05	0	1.91700379508	7797.7109375	
7.489568	1.03834162853609E-03	2.32383548866219E-05	0	1.96210487495	7797.7109375	
7.493664	1.03563824842844E-03	2.36582977359094E-05	0	2.01205442581	7749.53125	
7.49776	1.03411178544953E-03	2.41231984729312E-05	0	1.95603570316	7749.53125	
7.501856	1.03601494968469E-03	2.40825138982312E-05	0	1.92512527009	7749.53125	
7.505952	1.03618949402891E-03	2.41660710262125E-05	0	2.02065273707	7749.53125	
7.510048	0.00103681644561	2.43761253834656E-05	0	1.96740347936	7749.53125	
7.514144	1.04076348845734E-03	2.41782808697719E-05	0	1.98473743072	7701.03125	
7.51824	1.0385412253425E-03	2.45767124424938E-05	0	2.06427371722	7701.03125	
7.522336	0.001036310276155	2.51851772186437E-05	0	2.01147459293	7701.02734375	
7.526432	1.03732206647094E-03	2.52913088432812E-05	0	1.9712792044	7701.02734375	
7.530528	1.03782073847375E-03	2.53573580560781E-05	0	2.06944262217	7701.02734375	
7.534624	1.03839593934828E-03	2.55436624370812E-05	0	2.02590175051	7652.9296875	
7.53872	1.04242389981984E-03	2.53515683984062E-05	0	2.0325812727	7652.9296875	
7.542816	1.04250042869156E-03	2.55299449027219E-05	0	2.11470391902	7652.9296875	
7.546912	1.04078771802844E-03	2.6112610425825E-05	0	2.08649810116	7652.9296875	
7.551008	1.04309519608766E-03	2.61687243120187E-05	0	2.01789090151	7605.44921875	
7.555104	1.04507836362359E-03	2.61672800826937E-05	0	2.11416604773	7605.44921875	
7.5592	1.04611822366906E-03	2.63987606204437E-05	0	2.09390241445	7605.44921875	
7.563296	1.05161669052516E-03	2.61308041576312E-05	0	2.06815325695	7605.44921875	
7.567392	0.001053098717385	2.62034110561781E-05	0	2.15688294635	7605.44921875	
7.571488	1.05242586676734E-03	2.68005301705969E-05	0	2.14593097136	7605.44921875	
7.575584	1.05609879544813E-03	2.67902467674187E-05	0	2.06307971925	7559.0078125	
7.57968	1.06047694179625E-03	2.66376930738187E-05	0	2.16462676705	7559.0078125	
7.583776	1.06358829302172E-03	2.67393239818031E-05	0	2.14577456907	7559.0078125	
7.587872	1.06985963747953E-03	2.6524217706525E-05	0	2.11465814274	7559.0078125	
7.591968	1.07399777392531E-03	2.64517918174125E-05	0	2.20356712257	7559.0078125	
7.596064	1.07406278232172E-03	2.70651296656125E-05	0	2.20004234901	7510.4296875	
7.60016	1.07746571129141E-03	2.72310811823531E-05	0	2.12374091963	7510.4296875	
7.604256	1.08130257816453E-03	2.72132177386781E-05	0	2.19473230053	7510.4296875	
7.608352	1.08323756085531E-03	2.74871720320312E-05	0	2.21911198432	7510.4296875	
7.612448	1.08879737881406E-03	2.74039396633406E-05	0	2.1671635359	7510.4296875	
7.616544	1.09310420793406E-03	2.72510239508719E-05	0	2.25059843558	7462.25	
7.62064	1.09185505925375E-03	2.79893061452812E-05	0	2.26122234723	7462.25	
7.624736	1.09377184690812E-03	2.82778794144E-05	0	2.17482343342	7462.24609375	
7.628832	1.09664867417187E-03	2.82966498283219E-05	0	2.23678925778	7462.24609375	
7.632928	1.09777109762375E-03	2.85572221639031E-05	0	2.26303432498	7413.7890625	
7.637024	1.10050218173156E-03	2.87038263442219E-05	0	2.21608312046	7413.7890625	
7.64112	1.10337123724609E-03	2.86709662809281E-05	0	2.2946886226	7413.7890625	
7.645216	1.1008615108425E-03	2.93938920003094E-05	0	2.31840073564	7413.7890625	
7.649312	1.10135122247562E-03	2.97569558199375E-05	0	2.25240278395	7413.7890625	
7.653408	1.10428437206312E-03	2.96165432199656E-05	0	2.26060818214	7366.8671875	
7.657504	1.10540268105953E-03	2.97646197545812E-05	0	2.33277830225	7366.8671875	
7.6616	1.10867157021328E-03	2.9820345179625E-05	0	2.2771410486	7366.8671875	
7.665696	1.11380476485609E-03	2.94574270329281E-05	0	2.32437835487	7366.8671875	
7.669792	1.11256302219562E-03	3.00788230461469E-05	0	2.37948155192	7366.8671875	
7.673888	1.1133489746225E-03	3.04993865678906E-05	0	2.31038988664	7320.06640625	
7.677984	1.11666888302406E-03	3.0395213835525E-05	0	2.30554523034	7320.06640625	
7.68208	1.11921070218031E-03	3.04137392977687E-05	0	2.38217090837	7320.06640625	
7.686176	1.12269656028578E-03	3.04799925969E-05	0	2.33464750035	7320.06640625	
7.690272	1.12868592739547E-03	3.0115998730125E-05	0	2.36540534582	7320.06640625	
7.694368	1.12980908230609E-03	3.04541806034812E-05	0	2.43096460816	7271.40625	
7.698464	1.13179801007969E-03	3.085518068325E-05	0	2.39015886923	7271.40625	
7.70256	1.13690734088078E-03	3.06236999051156E-05	0	2.35244684389	7271.40625	
7.706656	1.14068953121234E-03	3.0610098236025E-05	0	2.44461356898	7271.40625	
7.710752	1.14433475589297E-03	3.07982567017125E-05	0	2.40404434083	7223.42578125	
7.714848	1.1517651881725E-03	3.0353121569925E-05	0	2.40124054368	7223.42578125	
7.718944	1.15333791591734E-03	3.07058755440937E-05	0	2.48691466639	7223.42578125	
7.72304	1.15369523351672E-03	3.1439839713975E-05	0	2.44573508784	7223.42578125	
7.727136	1.15763688185578E-03	3.13938842310844E-05	0	2.3964645518	7223.42578125	
7.731232	1.16112530006688E-03	3.13614025327969E-05	0	2.50010204972	7223.42578125	
7.735328	1.16414832764828E-03	3.15512177275969E-05	0	2.46186359716	7223.42578125	
7.739424	1.17005247981359E-03	3.12618175362281E-05	0	2.45000372595	7174.78515625	
7.74352	1.17232055053266E-03	3.14765182830656E-05	0	2.54496661881	7174.78515625	
7.747616	1.17175531578359E-03	3.22514836138687E-05	0	2.51595971605	7174.78515625	
7.751712	1.17483850584719E-03	3.22939984752E-05	0	2.45072470236	7174.78515625	
7.755808	1.17729346427688E-03	3.23105491798031E-05	0	2.54121677854	7128.265625	
7.759904	1.17859244358453E-03	3.26657050746469E-05	0	2.54262439915	7128.265625	
7.764	1.18356654594922E-03	3.24179274378094E-05	0	2.50438976128	7128.265625	
7.768096	1.18576137936094E-03	3.24421004905594E-05	0	2.59450418315	7128.265625	
7.772192	1.18443341600031E-03	3.33110248620187E-05	0	2.5896023065	7128.265625	
7.776288	1.18743934573344E-03	3.32907049304156E-05	0	2.50604915143	7081.14453125	
7.780384	1.19098792642672E-03	3.30915253219031E-05	0	2.59913140212	7081.14453125	
7.78448	1.19392098458188E-03	3.31594682828062E-05	0	2.59516412452	7081.14453125	
7.788576	1.19930378952312E-03	3.28996877733563E-05	0	2.55432023869	7081.14453125	
7.792672	1.20310664356437E-03	3.27588239719125E-05	0	2.65107222116	7081.14453125	
7.796768	0.00120236604158	3.36630785965031E-05	0	2.65052672049	7032.52734375	
7.800864	1.20521205614391E-03	3.37526869203562E-05	0	2.58078274322	7032.52734375	
7.80496	1.20884393170234E-03	3.36392509761E-05	0	2.62413288038	7032.52734375	
7.809056	1.21109481314078E-03	3.38125721970094E-05	0	2.67344156332	7032.52734375	
7.813152	1.21661906391781E-03	3.353821646175E-05	0	2.61981083661	7032.52734375	
7.817248	1.22211698217984E-03	3.30913409470875E-05	0	2.69166815214	6984.64453125	
7.821344	1.22162964778766E-03	3.39988991741437E-05	0	2.72773604609	6984.64453125	
7.82544	0.001224745753495	3.41609261755781E-05	0	2.64595672187	6984.64453125	
7.829536	1.22882336172922E-03	3.39953335527094E-05	0	2.69814549576	6984.64453125	
7.833632	1.23148678590266E-03	3.41534567118938E-05	0	2.72545104678	6935.984375	
7.837728	1.23552361531156E-03	3.41439872502094E-05	0	2.68258918994	6935.984375	
7.841824	1.24025011888937E-03	3.38669053157531E-05	0	2.7418084375	6935.984375	
7.84592	1.23991876807563E-03	3.46079483247094E-05	0	2.78457492709	6935.984375	
7.850016	1.24179550836344E-03	3.49702643085469E-05	0	2.7207894956	6935.984375	
7.854112	1.24601931691531E-03	3.46710465789187E-05	0	2.72458511215	6889.82421875	
7.858208	1.2484786640975E-03	3.479786135595E-05	0	2.80468597277	6889.82421875	
7.862304	1.25285315315188E-03	3.47057727461156E-05	0	2.7517266315	6889.82421875	
7.8664	0.00126013957949	3.39420023560406E-05	0	2.77984852618	6889.82421875	
7.870496	1.26063395417266E-03	3.46406064651281E-05	0	2.85148840438	6889.82421875	
7.874592	1.26211177514469E-03	3.52126215181125E-05	0	2.79052584349	6889.82421875	
7.878688	1.26577053181219E-03	3.50964925477031E-05	0	2.78403324111	6842.40625	
7.882784	1.26874290587516E-03	3.51152922885187E-05	0	2.86208942789	6842.40625	
7.88688	1.27262759186406E-03	3.50775550666406E-05	0	2.81953656094	6842.40625	
7.890976	1.27872356908656E-03	3.45521334766781E-05	0	2.83480295032	6842.40625	
7.895072	1.27972713049156E-03	3.50867002498031E-05	0	2.91100138307	6842.40625	
7.899168	1.28035188769641E-03	3.57995139600656E-05	0	2.87496019195	6793.64453125	
7.903264	1.28434236090703E-03	3.55233659189062E-05	0	2.82440029069	6793.64453125	
7.90736	1.28720236461953E-03	3.54783830311969E-05	0	2.9188863473	6793.64453125	
7.911456	1.28908239647172E-03	3.58113038521219E-05	0	2.89826413316	6793.64453125	
7.915552	1.29489191616125E-03	3.527650703115E-05	0	2.88460372827	6745.74609375	
7.919648	1.29501050391109E-03	3.582965263185E-05	0	2.97288709894	6745.74609375	
7.923744	1.29378037315828E-03	3.68346124441969E-05	0	2.95088396702	6745.74609375	
7.92784	1.29612908720453E-03	3.66712186172062E-05	0	2.88449310226	6745.74609375	
7.931936	1.29876617886297E-03	3.64993851351937E-05	0	2.98621944049	6745.74609375	
7.936032	1.30134329090391E-03	3.65268060212344E-05	0	2.95877274594	6697.00390625	
7.940128	0.00130708167623	3.59560933707937E-05	0	2.94573413552	6697.00390625	
7.944224	1.30972333950563E-03	3.6045046647225E-05	0	3.03400606212	6697.00390625	
7.94832	1.30917684838703E-03	3.69820870563375E-05	0	3.02470203321	6697.00390625	
7.952416	1.31207616800734E-03	3.68890758512719E-05	0	2.95033083697	6697.00390625	
7.956512	1.31498444799734E-03	3.67354175914687E-05	0	3.03729051021	6651.2265625	
7.960608	1.31602750817484E-03	3.71384474769E-05	0	3.04476348792	6651.2265625	
7.964704	1.32157644568469E-03	3.66198936685312E-05	0	3.00089836761	6651.2265625	
7.9688	1.32475189098313E-03	3.64762072737562E-05	0	3.08746894247	6651.2265625	
7.972896	1.32340481826266E-03	3.76018729750125E-05	0	3.10660342751	6603.546875	
7.976992	1.32584149022359E-03	3.75551833582406E-05	0	3.02098271046	6603.546875	
7.981088	1.32920354893562E-03	3.72766826752031E-05	0	3.10373859532	6603.546875	
7.985184	1.33173860209844E-03	3.73296629106844E-05	0	3.10641269301	6603.546875	
7.98928	1.33667165134078E-03	3.69721012490156E-05	0	3.06718242105	6603.546875	
7.993376	1.34045567031922E-03	3.67558488210375E-05	0	3.15150995819	6554.6640625	
7.997472	1.33908482518937E-03	3.78719174165062E-05	0	3.17242971815	6554.6640625	
8.001568	1.34115942506906E-03	3.80099646342281E-05	0	3.09605199497	6554.6640625	
8.005664	1.34494591272078E-03	3.75968210569875E-05	0	3.14056561258	6554.6640625	
8.00976	1.34695989295656E-03	3.77510620085156E-05	0	3.19671403469	6554.6640625	
8.013856	1.35144583803797E-03	0.000037513116333	0	3.14479610379	6506.9453125	
8.017952	1.35699413552141E-03	3.68418758984719E-05	0	3.19350206571	6506.9453125	
8.022048	1.35607642908719E-03	3.79335171145219E-05	0	3.24774695751	6506.9453125	
8.026144	1.35755278714172E-03	3.82956169928063E-05	0	3.17676702068	6506.9453125	
8.03024	1.36039523584422E-03	3.81107114084813E-05	0	3.20385131968	6506.9453125	
8.034336	1.36204010370828E-03	3.82736018705906E-05	0	3.25948475864	6458.14453125	
8.038432	1.36526291096078E-03	3.81384909480094E-05	0	3.22009045501	6458.14453125	
8.042528	1.37013771780016E-03	3.75497860078687E-05	0	3.27176424575	6458.14453125	
8.046624	1.36948818243016E-03	3.84317601258937E-05	0	3.31738412346	6458.14453125	
8.05072	1.36989734216844E-03	3.90217172282437E-05	0	3.26764438055	6458.14453125	
8.054816	1.37322118216078E-03	3.86137106650969E-05	0	3.24882270009	6458.14453125	
8.058912	1.37543823363203E-03	3.85478376540469E-05	0	3.34017689621	6412.60546875	
8.063008	1.37840640180719E-03	3.85324944001594E-05	0	3.29541532375	6412.60546875	
8.067104	1.38424828854641E-03	3.77236173244219E-05	0	3.31845223666	6412.60546875	
8.0712	1.38326429366297E-03	3.87386819343562E-05	0	3.39130137159	6412.60546875	
8.075296	1.38239806363828E-03	3.96716802802031E-05	0	3.34780246152	6364.8046875	
8.079392	1.38475134930172E-03	3.94056654019875E-05	0	3.31257761406	6364.8046875	
8.083488	1.38680592549813E-03	3.92336362470937E-05	0	3.40940589033	6364.8046875	
8.087584	1.38878333279641E-03	3.93170801540344E-05	0	3.37418867225	6364.8046875	
8.09168	1.39372077079125E-03	3.86374803528656E-05	0	3.38255428742	6364.8046875	
8.095776	1.39421999138812E-03	3.91525721454656E-05	0	3.46326931313	6316.203125	
8.099872	1.39366527135859E-03	4.00345741480781E-05	0	3.44328415222	6316.203125	
8.103968	1.39662767929609E-03	3.9614931538875E-05	0	3.37725568301	6316.203125	
8.108064	1.39886813744734E-03	3.94955703601594E-05	0	3.47862344038	6316.203125	
8.11216	1.39969285718797E-03	3.9915912007125E-05	0	3.46227749373	6316.203125	
8.116256	1.40475318025281E-03	3.92011194526875E-05	0	3.44328415222	6268.50390625	
8.120352	1.40576039895156E-03	3.94992160295906E-05	0	3.52866835849	6268.50390625	
8.124448	1.40423064440828E-03	4.06134992903062E-05	0	3.52715392656	6268.50390625	
8.128544	1.40650639544422E-03	4.03293466898438E-05	0	3.45383939945	6268.50390625	
8.13264	1.40907829584156E-03	4.00570782121125E-05	0	3.5525826501	6219.86328125	
8.136736	1.41137178475219E-03	4.00793983821E-05	0	3.53657621086	6219.86328125	
8.140832	1.41647215518359E-03	3.94137543362062E-05	0	3.51320741992	6219.86328125	
8.144928	1.41897758426703E-03	3.94329713842969E-05	0	3.60219650824	6219.86328125	
8.149024	1.41729458911562E-03	4.07085253972031E-05	0	3.60493545566	6219.86328125	
8.15312	1.41913631081578E-03	4.06790338401562E-05	0	3.53361219673	6174.484375	
8.157216	1.42171378858609E-03	4.03705053025312E-05	0	3.60513000485	6174.484375	
8.161312	1.42263533517875E-03	4.07020333363875E-05	0	3.63439249184	6174.484375	
8.165408	1.4271711108875E-03	4.00721149759219E-05	0	3.59290773809	6174.484375	
8.169504	1.43044713176406E-03	3.97451090529281E-05	0	3.67245165397	6174.484375	
8.1736	1.42850062859797E-03	4.11281824294687E-05	0	3.69587385057	6126.125	
8.177696	1.42997049495609E-03	4.11638357592E-05	0	3.61650541043	6126.125	
8.181792	1.43258161982891E-03	4.08146469256969E-05	0	3.68307175093	6126.125	
8.185888	1.43390793740734E-03	4.09439285271844E-05	0	3.70996150074	6126.125	
8.189984	1.43733317586891E-03	4.06144454432062E-05	0	3.67218844036	6126.125	
8.19408	1.44032072770094E-03	4.03573098830344E-05	0	3.75223208063	6126.125	
8.198176	1.43812699147734E-03	4.16806263481781E-05	0	3.78001828259	6077.46484375	
8.202272	1.43861798316328E-03	4.19610212600906E-05	0	3.71859414421	6077.46484375	
8.206368	1.44139962935719E-03	4.13662223356594E-05	0	3.73562292037	6077.46484375	
8.210464	1.44267319047328E-03	4.14492174449719E-05	0	3.81555974932	6077.46484375	
8.21456	1.44576616379766E-03	4.12261893026156E-05	0	3.76398132583	6029.50390625	
8.218656	1.45033805528219E-03	4.04748725058562E-05	0	3.81084479248	6029.50390625	
8.222752	1.44809439699891E-03	4.1941659981375E-05	0	3.873817695	6029.50390625	
8.226848	1.44754735728625E-03	4.2538336307775E-05	0	3.81391561793	6029.50390625	
8.230944	1.44905269939375E-03	4.22339272371844E-05	0	3.81344641106	5981.0859375	
8.23504	1.44976111719312E-03	4.23174120094687E-05	0	3.89447805604	5981.0859375	
8.239136	1.45188975358797E-03	4.216135399245E-05	0	3.85442762573	5981.0859375	
8.243232	1.45602112404031E-03	4.1423845114575E-05	0	3.89292166252	5981.0859375	
8.247328	1.45521779946812E-03	4.2316528837275E-05	0	3.9612122429	5981.0859375	
8.251424	1.45510872068203E-03	4.28912816279062E-05	0	3.92311493387	5981.0859375	
8.25552	1.45833033931406E-03	4.22158436014219E-05	0	3.8924333822	5981.0859375	
8.259616	1.46076381114297E-03	4.20059481382406E-05	0	3.99246218338	5935.625	
8.263712	1.46280256954391E-03	4.216977706095E-05	0	3.96101387902	5935.625	
8.267808	1.46794673606797E-03	4.1308406768475E-05	0	3.95992669237	5935.625	
8.271904	1.46698962229359E-03	4.23386143921125E-05	0	4.05073157313	5935.625	
8.276	1.46568122545453E-03	4.337891431335E-05	0	4.01577756866	5887.0859375	
8.280096	1.46792113501172E-03	4.28813138494125E-05	0	3.97534185466	5887.0859375	
8.284192	1.46966941285656E-03	4.27197101648625E-05	0	4.08086762413	5887.0859375	
8.288288	1.47145024061578E-03	4.27827903902437E-05	0	4.05094138108	5887.0859375	
8.292384	1.4762051796525E-03	4.18847537882812E-05	0	4.04816810145	5838.68359375	
8.29648	1.47736006158641E-03	4.22559498113156E-05	0	4.14168141211	5838.68359375	
8.300576	1.47580104869312E-03	4.35038151499875E-05	0	4.12438560765	5838.68359375	
8.304672	1.47757584191766E-03	4.32643228414031E-05	0	4.05899037698	5838.68359375	
8.308768	1.47936462429078E-03	4.30486980570281E-05	0	4.15979737492	5838.68359375	
8.312864	1.47992263588469E-03	4.34175561016312E-05	0	4.16442840858	5790.703125	
8.31696	1.48453046028031E-03	4.24526342300156E-05	0	4.13040518847	5790.703125	
8.321056	1.48535966020578E-03	4.27758444837281E-05	0	4.23001055906	5790.703125	
8.325152	1.48304916487922E-03	4.42319677872187E-05	0	4.22921710354	5790.703125	
8.329248	1.48470674183906E-03	4.38844239039937E-05	0	4.15702409529	5790.703125	
8.333344	1.48737181179469E-03	4.33012615063875E-05	0	4.24727966069	5742.60546875	
8.33744	1.48892863031172E-03	4.33729751365969E-05	0	4.25143004341	5742.60546875	
8.341536	1.49275351954781E-03	4.28156369920125E-05	0	4.23044161903	5742.60546875	
8.345632	1.49478660914344E-03	4.28491285450594E-05	0	4.31534135967	5742.60546875	
8.349728	1.49221726885172E-03	4.44359942658844E-05	0	4.32681594719	5697.06640625	
8.353824	1.49326270627016E-03	4.433536720305E-05	0	4.26179837083	5697.06640625	
8.35792	1.49574591729406E-03	4.37289307902562E-05	0	4.31455171884	5697.06640625	
8.362016	1.49648679357547E-03	4.40000903748656E-05	0	4.36196068616	5697.06640625	
8.366112	1.50036480500328E-03	4.33477439118281E-05	0	4.32196366151	5697.06640625	
8.370208	1.50375886503562E-03	4.28630412715312E-05	0	4.39228365697	5697.06640625	
8.374304	1.50187106143422E-03	4.43946914225719E-05	0	4.43162074025	5648.265625	
8.3784	1.50275877805969E-03	4.44394800797062E-05	0	4.36161354937	5648.265625	
8.382496	1.50481774300859E-03	4.40473602795188E-05	0	4.40816802613	5648.265625	
8.386592	1.50574541556828E-03	4.42318716334687E-05	0	4.4513236141	5648.265625	
8.390688	1.50841661149094E-03	4.39244454985875E-05	0	4.41816632862	5600.0234375	
8.394784	1.51168083759516E-03	4.34084919280031E-05	0	4.48200516577	5600.0234375	
8.39888	1.50955640708812E-03	4.48251782517E-05	0	4.52915473417	5600.0234375	
8.402976	1.50950986802516E-03	4.51628466640312E-05	0	4.48631576547	5600.0234375	
8.407072	1.51232388126875E-03	4.43693404863844E-05	0	4.49261763335	5600.0234375	
8.411168	1.51388527140297E-03	4.4339403737475E-05	0	4.56655014024	5551.88671875	
8.415264	1.51674865811219E-03	4.40960373943031E-05	0	4.53073401583	5551.88671875	
8.41936	1.52107276794516E-03	4.322402216055E-05	0	4.56166733704	5551.88671875	
8.423456	1.51885352209766E-03	4.48478402482687E-05	0	4.63370775769	5551.88671875	
8.427552	1.51801499607313E-03	4.5533348697375E-05	0	4.58166775671	5551.88671875	
8.431648	1.51984647735078E-03	4.49939451502406E-05	0	4.58938105989	5551.88671875	
8.435744	1.52113658772109E-03	4.48896844371937E-05	0	4.66442364157	5504.06640625	
8.43984	1.52321255908594E-03	4.47399893945812E-05	0	4.63779329068	5504.06640625	
8.443936	1.52749543293188E-03	4.37979016347469E-05	0	4.6560198795	5504.06640625	
8.448032	1.52712083461953E-03	4.47097701940312E-05	0	4.73535017274	5504.06640625	
8.452128	1.52658549824687E-03	4.55177496745125E-05	0	4.71201571401	5458.28515625	
8.456224	1.52939402554984E-03	4.47864321366E-05	0	4.669943498	5458.28515625	
8.46032	1.53113050862234E-03	4.46586873124219E-05	0	4.77138373448	5458.28515625	
8.464416	1.53223217693219E-03	4.49494733197125E-05	0	4.75570535858	5458.28515625	
8.468512	1.53676639829109E-03	4.39036587405281E-05	0	4.75533914834	5458.28515625	
8.472608	1.53566034122875E-03	4.50479763462094E-05	0	4.84330208505	5409.265625	
8.476704	1.53355319143469E-03	4.63109399870906E-05	0	4.82327496255	5409.265625	
8.4808	1.53470185596922E-03	4.58718216762094E-05	0	4.77647634563	5409.265625	
8.484896	1.53630073336438E-03	4.54532742582187E-05	0	4.88107514543	5409.265625	
8.488992	1.53788050139969E-03	4.53600402168375E-05	0	4.86698368057	5409.265625	
8.493088	1.54222170908094E-03	4.43821313389781E-05	0	4.85859517726	5361.125	
8.497184	1.54307779011547E-03	4.48485082764469E-05	0	4.95247851285	5361.125	
8.50128	1.54041592029187E-03	4.65256965031031E-05	0	4.95072375545	5361.125	
8.505376	1.54163078184328E-03	4.60882983828094E-05	0	4.88274979434	5361.125	
8.509472	1.54326723793172E-03	4.56617954439281E-05	0	4.97160536851	5361.125	
8.513568	1.54376188691141E-03	4.59595206269719E-05	0	4.99130061298	5312.60546875	
8.517664	1.54775894325078E-03	4.49908872206062E-05	0	4.96531113001	5312.60546875	
8.52176	1.54911634782609E-03	4.51553365753875E-05	0	5.05629148651	5312.60546875	
8.525856	1.54716957036297E-03	4.66420723482656E-05	0	5.07137858546	5312.60546875	
8.529952	1.54913024554234E-03	4.60390465089844E-05	0	5.00504875574	5312.60546875	
8.534048	1.55188098760406E-03	4.53890822551031E-05	0	5.0953195799	5265.2265625	
8.538144	1.55279997409109E-03	4.57278643682437E-05	0	5.10165959468	5265.2265625	
8.54224	1.55587594099953E-03	4.52383064443406E-05	0	5.07929025252	5265.2265625	
8.546336	1.55786688028469E-03	4.514775869835E-05	0	5.16114968523	5265.2265625	
8.550432	1.55511988694906E-03	4.684314161835E-05	0	5.19048465133	5265.2265625	
8.554528	1.55540652734672E-03	4.68287990846156E-05	0	5.12827087212	5219.40625	
8.558624	1.55736619677031E-03	4.61810692035E-05	0	5.18658985284	5219.40625	
8.56272	1.55813761145453E-03	4.6328794055775E-05	0	5.23510508026	5219.40625	
8.566816	1.56201397710016E-03	4.54207959253125E-05	0	5.19698869778	5219.40625	
8.570912	1.56575145701562E-03	4.46793661378969E-05	0	5.26094960501	5170.1640625	
8.575008	1.56308903859797E-03	4.66852160551219E-05	0	5.31071605075	5170.1640625	
8.579104	1.56296889649828E-03	4.69842537368531E-05	0	5.24833442518	5170.1640625	
8.5832	1.56461376436234E-03	4.64625398354906E-05	0	5.29570143091	5170.1640625	
8.587296	1.56522535530969E-03	4.65788231326687E-05	0	5.34531910374	5170.1640625	
8.591392	1.56696010116766E-03	4.63703452161469E-05	0	5.32067620634	5170.1640625	
8.595488	1.56934886258047E-03	4.58385642575437E-05	0	5.3689472936	5122.34375	
8.599584	1.56648309863031E-03	4.75031327852812E-05	0	5.43047442861	5122.34375	
8.60368	1.56564054958266E-03	4.79110621850437E-05	0	5.39399836283	5122.34375	
8.607776	1.56820449536609E-03	4.68453920968688E-05	0	5.38976787162	5122.34375	
8.611872	1.56939485304938E-03	4.67759481759281E-05	0	5.48035912974	5073.96484375	
8.615968	1.57135589395812E-03	4.65918445138781E-05	0	5.45409498909	5073.96484375	
8.620064	1.57565156833219E-03	4.54772838495937E-05	0	5.4840364909	5073.96484375	
8.62416	1.57367507535734E-03	4.71488451588E-05	0	5.56300820328	5073.96484375	
8.628256	1.57285885882469E-03	4.78404206691469E-05	0	5.52565094411	5073.96484375	
8.632352	1.57547464674703E-03	4.68667699601062E-05	0	5.50861453857	5073.96484375	
8.636448	1.57761562650828E-03	4.64776503973031E-05	0	5.60783844016	5026.78515625	
8.640544	1.58055407917172E-03	4.61121574935656E-05	0	5.58285985004	5026.78515625	
8.64464	1.58613986391609E-03	4.48026035146594E-05	0	5.60257416796	5026.78515625	
8.648736	1.58702666621813E-03	4.56652278924187E-05	0	5.69058288095	5026.78515625	
8.652832	1.58632419152109E-03	4.68847218652312E-05	0	5.68214860136	4980.765625	
8.656928	1.5886362411975E-03	4.63170327694594E-05	0	5.62607647305	4980.765625	
8.661024	0.001590223506685	4.61866713613594E-05	0	5.73629049653	4980.765625	
8.66512	1.59051124427078E-03	4.67033999311687E-05	0	5.72821861249	4980.765625	
8.669216	1.59431729844406E-03	4.56052952600437E-05	0	5.72438484904	4980.765625	
8.673312	1.59272408985422E-03	4.6893474260325E-05	0	5.82114446089	4931.46484375	
8.677408	1.58916243433578E-03	4.86027720702562E-05	0	5.82059514553	4931.46484375	
8.681504	1.58976378486062E-03	4.7935377064575E-05	0	5.76625870117	4931.46484375	
8.6856	1.59134958743062E-03	4.72041083246906E-05	0	5.87665964446	4931.46484375	
8.689696	1.59228164874281E-03	4.72037472673594E-05	0	5.86526898012	4931.46484375	
8.693792	1.59543405309062E-03	4.64040348459187E-05	0	5.85601454218	4883.64453125	
8.697888	1.59538586824547E-03	4.70294868646969E-05	0	5.95383845254	4883.64453125	
8.701984	1.59171485964391E-03	4.89627310852969E-05	0	5.96820076039	4883.64453125	
8.70608	1.59188492380328E-03	4.84983740977313E-05	0	5.9082681658	4883.64453125	
8.710176	1.59319780082719E-03	4.7853504069525E-05	0	5.99210360793	4835.0078125	
8.714272	1.59323803105844E-03	4.81302908119687E-05	0	6.02555080985	4835.0078125	
8.718368	1.59679036047781E-03	4.7050970256675E-05	0	5.99746706207	4835.0078125	
8.722464	1.59868785590766E-03	4.68915624833906E-05	0	6.0801962441	4835.0078125	
8.72656	1.59591544438047E-03	4.87604644606406E-05	0	6.1165883867	4835.0078125	
8.730656	0.001596830042115	4.83343930117125E-05	0	6.05289832246	4835.0078125	
8.734752	1.59885691431125E-03	4.76535295098844E-05	0	6.13951848829	4788.265625	
8.738848	1.59990052308281E-03	4.77603120954094E-05	0	6.16492813838	4788.265625	
8.742944	1.60286933128437E-03	4.71321458966531E-05	0	6.14323399635	4788.265625	
8.74704	1.60514636237313E-03	4.68655802978344E-05	0	6.23365740811	4788.265625	
8.751136	1.60243804491891E-03	4.87354630433344E-05	0	6.26694439305	4788.265625	
8.755232	1.60277607029375E-03	4.86400934271656E-05	0	6.22228200253	4741.98828125	
8.759328	1.60583475648922E-03	4.74580554265125E-05	0	6.25413466403	4741.98828125	
8.763424	1.6079057905075E-03	4.72546308703219E-05	0	6.33516249432	4741.98828125	
8.76752	1.61219890477594E-03	4.63708610810156E-05	0	6.29937307274	4741.98828125	
8.771616	1.61688682390469E-03	4.54722271238812E-05	0	6.36664513089	4692.7265625	
8.775712	1.61471429998484E-03	4.77120582975094E-05	0	6.42743603073	4692.7265625	
8.779808	1.61478177705453E-03	4.80088447795687E-05	0	6.37815786531	4692.7265625	
8.783904	1.61701236051266E-03	4.72221373932E-05	0	6.40271683953	4692.7265625	
8.788	1.61777618631234E-03	4.73924240017594E-05	0	6.48114686593	4692.7265625	
8.792096	1.6193194728425E-03	4.72755541667062E-05	0	6.46369084449	4692.7265625	
8.796192	1.62197247372875E-03	4.66634761730156E-05	0	6.51318644724	4644.98828125	
8.800288	1.61958517523344E-03	4.83059889535781E-05	0	6.58309445618	4644.98828125	
8.804384	1.61776603732219E-03	4.91080662765E-05	0	6.5673321571	4644.98828125	
8.80848	1.61947134196547E-03	4.80840838870219E-05	0	6.53758138979	4644.98828125	
8.812576	1.61981732195422E-03	4.813698647835E-05	0	6.65416976026	4644.98828125	
8.816672	1.62051220776672E-03	4.81964006016281E-05	0	6.6342418197	4596.1875	
8.820768	1.62405649113984E-03	4.69585554452437E-05	0	6.6500727832	4596.1875	
8.824864	1.62101334844281E-03	4.89042479707031E-05	0	6.75097896308	4596.1875	
8.82896	1.61792723254422E-03	5.0204251718775E-05	0	6.73502211481	4596.1875	
8.833056	1.61880763458219E-03	4.92519055557375E-05	0	6.70822773225	4596.1875	
8.837152	1.62032861162047E-03	4.85765910868219E-05	0	6.82063138779	4549.70703125	
8.841248	1.62173465820266E-03	4.84151083156125E-05	0	6.80629196808	4549.70703125	
8.845344	1.62525416341062E-03	4.73917694351062E-05	0	6.8168128831	4549.70703125	
8.84944	1.62452069314906E-03	4.84345787288344E-05	0	6.91686457242	4549.70703125	
8.853536	1.62164798034078E-03	5.00968950953625E-05	0	6.92043512226	4549.70703125	
8.857632	1.62262850079516E-03	4.93389706129031E-05	0	6.87476183889	4503.1875	
8.861728	1.62361935310437E-03	4.89608810871469E-05	0	6.98031431119	4503.1875	
8.865824	1.6233541993075E-03	4.94615966922E-05	0	6.99609568372	4503.1875	
8.86992	1.62691951211969E-03	4.80854285972156E-05	0	6.98128324245	4503.1875	
8.874016	1.62685752099062E-03	4.87011258180562E-05	0	7.08978828481	4453.96875	
8.878112	1.62430015833594E-03	5.03148013678406E-05	0	7.09853536898	4453.96875	
8.882208	1.62597739324969E-03	4.93738453376437E-05	0	7.04812805532	4453.96875	
8.886304	1.62859848424797E-03	4.84874462240437E-05	0	7.15310450943	4453.96875	
8.8904	1.63050658582969E-03	4.841658619875E-05	0	7.16496056595	4453.96875	
8.894496	1.63444905705984E-03	4.74274054571625E-05	0	7.15964670278	4453.96875	
8.898592	1.63613168648187E-03	4.7639181206925E-05	0	7.25827551273	4406.26953125	
8.902688	1.63296337290625E-03	4.98913777528031E-05	0	7.28196092294	4406.26953125	
8.906784	1.63315245499312E-03	4.96833426243E-05	0	7.23978952499	4406.26953125	
8.91088	1.63488262923391E-03	4.887670112325E-05	0	7.307038695	4406.26953125	
8.914976	1.63553143314516E-03	4.90506747473531E-05	0	7.36811951128	4357.70703125	
8.919072	1.63950279699594E-03	4.77440936020125E-05	0	7.34351476078	4357.70703125	
8.923168	1.64211063030437E-03	4.73690098424812E-05	0	7.43154636191	4357.70703125	
8.927264	1.63890638381766E-03	4.979893866255E-05	0	7.47538477939	4357.7109375	
8.93136	1.63853480277266E-03	0.000049840950159	0	7.42587391788	4357.7109375	
8.935456	1.63977782548594E-03	4.91690590039687E-05	0	7.49032692012	4311.2890625	
8.939552	1.64003886482734E-03	4.93397350352156E-05	0	7.54440015087	4311.2890625	
8.943648	1.64167248651312E-03	4.88971032663094E-05	0	7.53086181606	4311.2890625	
8.947744	1.64311775757078E-03	4.8587434104825E-05	0	7.61169128247	4311.2890625	
8.95184	1.63952071773531E-03	5.0711505057675E-05	0	7.66411275245	4264.4296875	
8.955936	1.6384866179275E-03	5.08195282669594E-05	0	7.64199136514	4264.4296875	
8.960032	1.64023206136969E-03	4.96828894997531E-05	0	7.6716467652	4264.4296875	
8.964128	1.64060355098234E-03	4.97975490004781E-05	0	7.76022768169	4264.4296875	
8.968224	1.64205549660109E-03	4.95236521589906E-05	0	7.73935369801	4264.4296875	
8.97232	1.64508044426172E-03	4.84609135582687E-05	0	7.78985637892	4215.23046875	
8.976416	1.64137615428703E-03	5.09443156421719E-05	0	7.87132671325	4215.23046875	
8.980512	1.63906026445219E-03	5.17210523654344E-05	0	7.84060319999	4215.23046875	
8.984608	1.63940734162906E-03	5.09723843641031E-05	0	7.86996486892	4215.23046875	
8.988704	1.63948816782094E-03	5.08490659778062E-05	0	7.95341502736	4215.23046875	
8.9928	1.64082911457438E-03	5.03845585096219E-05	0	7.94563687445	4215.23046875	
8.996896	1.64422546041531E-03	4.91313338013094E-05	0	7.98295598672	4167.37109375	
9.000992	1.64302431371547E-03	5.05255831282125E-05	0	8.06800450027	4167.37109375	
9.005088	1.64160592376688E-03	5.143051395405E-05	0	8.06350316607	4167.37109375	
9.009184	1.64354191221344E-03	5.038753038165E-05	0	8.05133049028	4167.37109375	
9.01328	1.64462492832516E-03	5.02425180266625E-05	0	8.16502732573	4118.9296875	
9.017376	1.64573409408719E-03	5.02917658139531E-05	0	8.16567582303	4118.9296875	
9.021472	1.65002629403219E-03	4.87140346993781E-05	0	8.17714659586	4118.9296875	
9.025568	1.64848355609609E-03	5.04608505006375E-05	0	8.2938608511	4118.93359375	
9.029664	1.64614992838656E-03	5.18285272579594E-05	0	8.28925652027	4118.93359375	
9.03376	1.64793340768375E-03	5.0664274335675E-05	0	8.26393460805	4118.93359375	
9.037856	1.65014195594703E-03	0.000049883719347	0	8.38250280263	4072.7109375	
9.041952	1.65184250610844E-03	4.98370162687031E-05	0	8.39168476146	4072.7109375	
9.046048	1.65570332825563E-03	4.86995164446656E-05	0	8.40397950733	4072.7109375	
9.050144	1.6559889628975E-03	4.95597155844656E-05	0	8.50792980983	4072.7109375	
9.05424	1.65337756372766E-03	5.14357367853656E-05	0	8.52435205028	4025.53125	
9.058336	1.65451982799813E-03	5.0630839753725E-05	0	8.48389726283	4025.53125	
9.062432	1.65553436128437E-03	5.02825177462781E-05	0	8.59021267313	4025.53125	
9.066528	1.65508597707063E-03	5.090456832615E-05	0	8.62758519106	4025.53125	
9.070624	1.65853626799437E-03	4.94446202668687E-05	0	8.62598302126	4025.53125	
9.07472	1.65899662984516E-03	4.98553513465219E-05	0	8.7316728224	3976.4140625	
9.078816	1.65582895629594E-03	5.19214117804594E-05	0	8.76496362203	3976.4140625	
9.082912	1.65624287051609E-03	5.13128592640125E-05	0	8.72220094713	3976.4140625	
9.087008	1.65816368119359E-03	5.03839674044437E-05	0	8.8391707866	3976.4140625	
9.091104	1.65887484196328E-03	5.04933172950937E-05	0	8.85869818471	3976.4140625	
9.0952	1.66108960762594E-03	4.98258215683594E-05	0	8.85806494617	3976.4140625	
9.099296	1.66099826671453E-03	5.04503197419375E-05	0	8.96385774394	3928.55078125	
9.103392	1.65644557602219E-03	5.29285552444687E-05	0	9.00485421737	3928.55078125	
9.107488	1.65582612189328E-03	5.25023020649531E-05	0	8.97777754775	3928.55078125	
9.111584	1.65758756599563E-03	5.123403722745E-05	0	9.05550948588	3928.55078125	
9.11568	1.65803521875063E-03	5.13448318281937E-05	0	9.12192323878	3928.55078125	
9.119776	1.66102450779719E-03	5.02520427767531E-05	0	9.10432607381	3880.29296875	
9.123872	1.66378997046625E-03	4.96010285239219E-05	0	9.19575274904	3880.29296875	
9.127968	1.66063912046828E-03	5.21197947551531E-05	0	9.26331472363	3880.29296875	
9.132064	1.66041611698187E-03	5.20164193777594E-05	0	9.22803265582	3880.29296875	
9.13616	1.66176337256703E-03	5.12623220549344E-05	0	9.30654279071	3834.0546875	
9.140256	1.66220947097219E-03	5.13940457212875E-05	0	9.36979798029	3834.0546875	
9.144352	1.6643597768325E-03	5.07155348613375E-05	0	9.36744431656	3834.0546875	
9.148448	1.66732831073703E-03	4.97909256897937E-05	0	9.44479478569	3834.0546875	
9.152544	1.66534761187437E-03	5.16754103437687E-05	0	9.51794528113	3786.6328125	
9.15664	1.66532164508875E-03	5.17597496825062E-05	0	9.51473712684	3786.6328125	
9.160736	1.66819856378484E-03	5.04133803558E-05	0	9.53323837334	3786.6328125	
9.164832	1.66963908036062E-03	5.04098507920219E-05	0	9.60562593078	3786.6328125	
9.168928	1.67252770239672E-03	4.98311100246094E-05	0	9.5007906202	3786.6328125	
9.173024	1.67668421674359E-03	4.8625549451325E-05	0	9.59439548342	3786.6328125	
9.17712	1.67465899032953E-03	5.09105260125E-05	0	9.63958048647	3786.6328125	
9.181216	1.67457340965578E-03	5.10458549637094E-05	0	9.59869845374	3786.6328125	
9.185312	1.67281205698578E-03	5.19113394347625E-05	0	9.63451839284	3786.6328125	
9.189408	1.67221802104844E-03	5.19294682627875E-05	0	9.60791093009	3786.6328125	
9.193504	1.67325980117312E-03	5.13031174468312E-05	0	9.63253475404	3786.6328125	
9.1976	1.68092567173781E-03	4.79020883959406E-05	0	9.6083648782	3786.6328125	
9.201696	1.68553505048328E-03	4.73556367789312E-05	0	9.61535720497	3786.6328125	
9.205792	1.68474982951516E-03	4.96712113864312E-05	0	9.61378555269	3786.6328125	
9.209888	1.68644324795375E-03	4.92251135152219E-05	0	9.59630282842	3786.6328125	
9.213984	1.68443649087313E-03	5.08916563198312E-05	0	9.60291750088	3786.6328125	
9.21808	1.68611564586609E-03	4.98887698227187E-05	0	9.5895966034	3786.6328125	
9.222176	1.68578612369922E-03	5.03742702987562E-05	0	9.59087070986	3786.6328125	
9.226272	1.68454547822687E-03	5.11155741247594E-05	0	9.58340536153	3786.6328125	
9.230368	1.68327328859594E-03	5.15563450782187E-05	0	9.57777487909	3786.6328125	
9.234464	1.68561679099859E-03	5.01582623416875E-05	0	9.5743759903	3786.6328125	
9.23856	1.68908445406766E-03	4.88335965990469E-05	0	9.56463327204	3786.6328125	
9.242656	1.69207740040797E-03	4.84265116695937E-05	0	9.56830681851	3786.6328125	
9.246752	1.6944168797875E-03	4.8392184300075E-05	0	9.56196298904	3786.6328125	
9.250848	1.69381635215375E-03	4.9665390719175E-05	0	9.55853358273	3786.6328125	
9.254944	1.69323283093594E-03	5.02789098171937E-05	0	9.56717385558	3786.6328125	
9.25904	1.69368971835766E-03	5.00140184955469E-05	0	9.56383981652	3786.6328125	
9.263136	1.69340079215141E-03	5.023411515045E-05	0	9.56706322957	3786.6328125	
9.267232	1.69308480197141E-03	5.04154661710219E-05	0	9.56258478351	3786.6328125	
9.271328	1.69376926449672E-03	5.01066780182719E-05	0	9.5574006198	3786.6328125	
9.275424	1.69520557518469E-03	4.95965032880625E-05	0	9.55167095542	3786.6328125	
9.27952	1.69678177735859E-03	4.93055530982437E-05	0	9.54986660705	3786.6328125	
9.283616	1.69650016573984E-03	2.47847300229375E-05	0	9.54726498847	3786.6328125	
9.287712	1.67907581255906E-03	0	0	9.54084867989	3786.6328125	
9.291808	1.62629137191812E-03	0	0	9.53827376414	3786.6328125	
9.295904	1.53873191938469E-03	0	0	9.53141876621	3786.6328125	
9.3	1.41606765849484E-03	0	0	9.52801606273	3786.6328125	
9.304096	1.26018026688297E-03	0	0	9.529858558	3786.6328125	
9.308192	1.07456822031797E-03	0	0	9.53071304856	3786.6328125	
9.312288	8.63258016353906E-04	0	0	9.53773589285	3786.6328125	
9.316384	6.31130770661875E-04	0	0	9.53890700268	3786.6328125	
9.32048	3.82010732451563E-04	0	0	9.54100508218	3786.6328125	
9.324576	1.18902459970937E-04	0	0	9.53460403236	3786.6328125	
9.328672	-0.000158694364565	0	0	9.52925583698	3786.6328125	
9.332768	-4.40397049929375E-04	0	0	9.52449891855	3786.6328125	
9.336864	-7.28166911327969E-04	0	0	9.51699923801	3786.6328125	
9.34096	-1.01095370999219E-03	0	0	9.51816271846	3786.6328125	
9.345056	-1.28656215534859E-03	0	0	9.5118150743	3786.6328125	
9.349152	-1.55171238636219E-03	0	0	9.51242923939	3786.6328125	
9.353248	-1.80189916572703E-03	0	0	9.51137638495	3786.6328125	
9.357344	-2.03332146804875E-03	0	0	9.51055241191	3786.6328125	
9.36144	-2.24342266213141E-03	0	0	9.51327991526	3736.2578125	
9.365536	-2.42980191749281E-03	0	0	9.51086903118	3736.2578125	
9.369632	-2.59018933476703E-03	0	0	9.5051775137	3736.2578125	
9.373728	-2.72261509554031E-03	0	0	9.46648129834	3736.28125	
9.377824	-2.82594918747625E-03	0	0	9.43406024803	3736.28125	
9.38192	-2.89900673883219E-03	0	0	9.44249452762	3736.28125	
9.386016	-2.94194217883672E-03	0	0	9.38645291683	3736.28125	
9.390112	-2.95362439796531E-03	0	0	9.30180876042	3736.28125	
9.394208	-2.93578366189109E-03	-3.85532330813437E-06	0	9.28749985823	3752.87890625	
9.398304	-2.89048615871812E-03	-1.97134752384281E-05	0	9.30357496189	3752.87890625	
9.4024	-2.82995767285859E-03	-3.77780458757625E-05	0	9.17999426465	3752.87890625	
9.406496	-2.77137148427734E-03	-4.74381227541375E-05	0	9.15818186723	3752.87890625	
9.410592	-2.72468777534078E-03	-4.83167122601625E-05	0	9.12247255414	3752.87890625	
9.414688	-2.69199632369766E-03	-4.40177461264406E-05	0	8.99110607461	3802.859375	
9.418784	-2.66604819027078E-03	-4.14261405449719E-05	0	8.99228862851	3802.859375	
9.42288	-2.65290899674453E-03	-3.46082185167469E-05	0	8.99902155636	3802.859375	
9.426976	-2.64728307320125E-03	-2.85319587276281E-05	0	8.87030247169	3802.86328125	
9.431072	-2.64566536074328E-03	-2.40485483071969E-05	0	8.86869267251	3852.22265625	
9.435168	-2.64504965534047E-03	-2.14747443906187E-05	0	8.81550063515	3852.22265625	
9.439264	-2.64252676267938E-03	-2.11924107787219E-05	0	8.67981211185	3852.22265625	
9.44336	-2.63393733401047E-03	-2.45607309680906E-05	0	8.6921144871	3852.22265625	
9.447456	-2.62960682391344E-03	-2.31322206177563E-05	0	8.70063650456	3852.22265625	
9.451552	-2.62750351427781E-03	-2.11499812538437E-05	0	8.53961843966	3852.22265625	
9.455648	-2.62538722124938E-03	-2.02664088201094E-05	0	8.56386079461	3852.22265625	
9.459744	-2.62521807141344E-03	-1.848078536535E-05	0	8.51029110294	3902.3828125	
9.46384	-2.62382546538578E-03	-1.81412294549062E-05	0	8.38154531544	3902.3828125	
9.467936	-2.61818765563781E-03	-2.04751872171E-05	0	8.42477338252	3902.3828125	
9.472032	-0.00261872765506	-1.747178637435E-05	0	8.39884874928	3950.50390625	
9.476128	-2.61890521667156E-03	-1.62820654486875E-05	0	8.28594918404	3950.50390625	
9.480224	-2.61641789119219E-03	-1.7258896202625E-05	0	8.31595935027	3950.50390625	
9.48432	-2.61723849647734E-03	-1.53979843616156E-05	0	8.25695754004	3950.50390625	
9.488416	-2.61688767057438E-03	-1.50637563304594E-05	0	8.13024116762	3950.50390625	
9.492512	-2.61343555100375E-03	-1.66869203322937E-05	0	8.16312761011	3950.50390625	
9.496608	-2.61536824788594E-03	-1.39112752714031E-05	0	8.13868689128	3950.50390625	
9.500704	-2.61551124807156E-03	-1.36577839383562E-05	0	8.02618786849	3997.8828125	
9.5048	-2.61376991908484E-03	-1.45505554013531E-05	0	8.03826136234	3997.8828125	
9.508896	-2.61664455197234E-03	-1.19162705356406E-05	0	7.99582293609	3997.8828125	
9.512992	-2.61729372161297E-03	-1.18737551935406E-05	0	7.86152295995	3997.8828125	
9.517088	-2.61270125785109E-03	-1.48605324952219E-05	0	7.90472813889	3997.8828125	
9.521184	-0.00261330315697	-1.28765849599406E-05	0	7.88819908712	4048.1015625	
9.52528	-2.61380740634578E-03	-1.20518458808344E-05	0	7.78067442009	4048.1015625	
9.529376	-2.61474787943359E-03	-1.13936407698094E-05	0	7.80874290911	4048.10546875	
9.533472	-2.61957550718359E-03	-8.572297196925E-06	0	7.77196166813	4097.06640625	
9.537568	-2.62098338241266E-03	-9.03276067876875E-06	0	7.63877939616	4097.06640625	
9.541664	-2.61721225539469E-03	-1.209638405745E-05	0	7.67908159601	4097.06640625	
9.54576	-2.61924251058766E-03	-9.78334478395313E-06	0	7.67594210614	4097.06640625	
9.549856	-2.62108121502047E-03	-8.80874143163437E-06	0	7.55775538056	4097.06640625	
9.553952	-2.62223079387844E-03	-8.68249780787812E-06	0	7.57118308936	4145.8671875	
9.558048	-2.62614098949125E-03	-6.75986367282187E-06	0	7.52347657622	4145.8671875	
9.562144	-2.62650077576391E-03	-7.67284833675937E-06	0	7.40670891532	4145.8671875	
9.56624	-2.62236455939734E-03	-1.05872362877531E-05	0	7.43355670354	4145.8671875	
9.570336	-2.62488196611781E-03	-7.9031382507E-06	0	7.43759646025	4145.8671875	
9.574432	-0.00262725938992	-6.74166465255937E-06	0	7.32750450685	4145.8671875	
9.578528	-2.62835292075125E-03	-6.87260514661875E-06	0	7.34910709632	4193.7265625	
9.582624	-2.63132099749406E-03	-5.63421672154687E-06	0	7.31540812486	4193.7265625	
9.58672	-2.63216473516219E-03	-6.01529446546875E-06	0	7.20607529477	4193.7265625	
9.590816	-2.62856559238281E-03	-8.6549153835375E-06	0	7.21807630951	4193.7265625	
9.594912	-2.63000921765828E-03	-6.8837190778125E-06	0	7.24720146766	4240.1875	
9.599008	-2.63094630774937E-03	-6.32782660485937E-06	0	7.12864471715	4240.1875	
9.603104	-2.63128771612094E-03	-6.43997312732812E-06	0	7.1425492622	4240.1875	
9.6072	-2.63514972688859E-03	-4.3817869643625E-06	0	7.11216525635	4240.1875	
9.611296	-2.63772720465891E-03	-3.91566844009687E-06	0	7.00609398621	4289.3046875	
9.615392	-2.63459326964453E-03	-6.80425593612187E-06	0	6.99711039126	4289.3046875	
9.619488	-2.63597974970516E-03	-5.46581063995312E-06	0	7.02926441327	4289.3046875	
9.623584	-2.63826272389625E-03	-4.28233393881562E-06	0	6.9181310495	4289.30859375	
9.62768	-2.64010938294297E-03	-3.94846576306875E-06	0	6.92442147331	4289.30859375	
9.631776	-2.64377316838937E-03	-2.6266214118375E-06	0	6.91893976378	4338.16796875	
9.635872	-2.64611968805937E-03	-2.43181679895E-06	0	6.81395949498	4338.16796875	
9.639968	-2.64230567927219E-03	-5.60835472817812E-06	0	6.78280110706	4338.16796875	
9.644064	-2.6429199217575E-03	-4.59670261483125E-06	0	6.84560234853	4338.16796875	
9.64816	-2.64559175770656E-03	-2.93373865279687E-06	0	6.73795561142	4338.16796875	
9.652256	-2.6476597744575E-03	-2.54311716841875E-06	0	6.72972732509	4386.46875	
9.656352	-2.65249407676859E-03	-6.9883632039375E-07	0	6.72521454682	4386.46875	
9.660448	-2.65663221321437E-03	1.106431585875E-07	0	6.64206574889	4386.46875	
9.664544	-2.6537484370925E-03	-3.05314742761875E-06	0	6.59504206526	4386.46875	
9.66864	-2.65368900606906E-03	-2.94065643434062E-06	0	6.64351914578	4386.46875	
9.672736	-2.65581691100516E-03	-1.57483929054375E-06	0	6.55824175083	4434.12890625	
9.676832	-2.65638671737141E-03	-1.81501380998437E-06	0	6.52132318101	4434.12890625	
9.680928	-2.6585994715225E-03	-9.862134368625E-07	0	6.53674215799	4434.12890625	
9.685024	-2.66140745023141E-03	-8.273212880625E-08	0	6.44416344638	4434.12890625	
9.68912	-2.65821207268203E-03	-2.69590547716875E-06	0	6.38828968195	4434.12890625	
9.693216	-2.65783034264687E-03	-2.49557394673125E-06	0	6.4603301026	4434.12890625	
9.697312	-2.66009923625703E-03	-9.278596490625E-07	0	6.39230273583	4480.109375	
9.701408	-2.66036009273375E-03	-1.28609606967187E-06	0	6.34383709938	4480.109375	
9.705504	-2.66249503796031E-03	-4.61753624784375E-07	0	6.36207513227	4480.109375	
9.7096	-2.66591296183438E-03	7.635521210625E-07	0	6.29341452696	4480.109375	
9.713696	-2.66310132583172E-03	-1.65895170643125E-06	0	6.21670111106	4480.109375	
9.717792	-2.66123839182781E-03	-2.43881318618438E-06	0	6.2800097063	4529.1875	
9.721888	-0.00266387914078	-4.25490680278125E-07	0	6.23197131513	4529.1875	
9.725984	-0.00266561708677	-1.858700064375E-08	0	6.15512057039	4529.1875	
9.73008	-2.66967357413281E-03	1.39238682876562E-06	0	6.18537869147	4529.19140625	
9.734176	-2.6750368125525E-03	2.94236869224375E-06	0	6.12072732535	4577.69140625	
9.738272	-2.67461092069531E-03	1.1159450379E-06	0	6.02914424783	4577.69140625	
9.742368	-2.67348932013453E-03	-1.07601575090625E-07	0	6.09647352633	4577.69140625	
9.746464	-2.67674120287234E-03	1.64909137975312E-06	0	6.07587420033	4577.69140625	
9.75056	-2.67780300668031E-03	1.45637089939687E-06	0	5.98917011132	4577.69140625	
9.754656	-2.67996611306875E-03	1.94102666474062E-06	0	6.02187726338	4577.69140625	
9.758752	-2.68388810345391E-03	3.19307709538125E-06	0	5.98033910397	4625.953125	
9.762848	-2.68286616414781E-03	1.65524906590312E-06	0	5.87936044498	4625.953125	
9.766944	-2.67982750163563E-03	-1.54735181803125E-07	0	5.92658630718	4625.953125	
9.77104	-2.68192139373984E-03	1.51508358106875E-06	0	5.91603868933	4625.953125	
9.775136	-2.68287933040531E-03	1.75278069914062E-06	0	5.82434117111	4673.51171875	
9.779232	-2.68513268051703E-03	2.4606081163125E-06	0	5.85630827331	4673.51171875	
9.783328	-0.00268889503003	3.61841993926875E-06	0	5.82320820818	4673.51171875	
9.787424	-2.68857145096547E-03	2.53035083503125E-06	0	5.71877344005	4673.51171875	
9.79152	-2.68463757437562E-03	2.19873097434375E-07	0	5.7561764755	4673.51171875	
9.795616	-2.6857746270025E-03	1.49208745021875E-06	0	5.76942489387	4719.390625	
9.799712	-2.68596471484516E-03	1.6631358368625E-06	0	5.66911762032	4719.390625	
9.803808	-2.68735156063516E-03	2.20085477029687E-06	0	5.6952940231	4719.390625	
9.807904	-2.69128854592469E-03	3.6762492083625E-06	0	5.67691866137	4719.390625	
9.812	-2.69305355588844E-03	3.66075138732187E-06	0	5.5699814566	4719.390625	
9.816096	-2.69022308482297E-03	1.49001125037187E-06	0	5.59720308444	4768.4921875	
9.820192	-2.69264933349672E-03	2.858545218375E-06	0	5.62674785849	4768.4921875	
9.824288	-2.69450376429266E-03	3.39300069353437E-06	0	5.53003402292	4768.4921875	
9.828384	-2.69665937322891E-03	3.75541403304375E-06	0	5.54061978767	4768.4921875	
9.83248	-2.70029600326922E-03	4.6898597332125E-06	0	5.53965848579	4768.4921875	
9.836576	-2.70273157804203E-03	4.89754654475625E-06	0	5.432881498	4816.9140625	
9.840672	-2.69977346742469E-03	2.60725099851562E-06	0	5.42620960519	4816.9140625	
9.844768	-2.70168833499984E-03	3.613967539875E-06	0	5.48352150775	4816.9140625	
9.848864	-2.70377719832516E-03	4.35315021415313E-06	0	5.39019130221	4816.9140625	
9.85296	-2.70588955976281E-03	4.66290038517187E-06	0	5.38341641277	4865.15234375	
9.857056	-0.00271027118054	5.90079241650937E-06	0	5.38742946665	4865.15234375	
9.861152	-2.71416912421875E-03	6.60018354404062E-06	0	5.30723705347	4865.15234375	
9.865248	-2.71054529470656E-03	3.79756038512812E-06	0	5.28653854553	4865.15234375	
9.869344	-2.70974507883406E-03	3.50920947155625E-06	0	5.34440357814	4865.15234375	
9.87344	-2.71037742492344E-03	4.16166002102812E-06	0	5.27259966827	4912.453125	
9.877536	-2.71072011334781E-03	4.20719026395938E-06	0	5.2500052594	4912.453125	
9.881632	-2.71317479748047E-03	5.15481071056875E-06	0	5.26566456185	4912.453125	
9.885728	-2.71584955926453E-03	5.86002106305E-06	0	5.18615116349	4912.453125	
9.889824	-2.71261303716047E-03	3.77515463830312E-06	0	5.13079238221	4958.4140625	
9.89392	-2.71249408368125E-03	3.85471080874687E-06	0	5.20874938705	4958.4140625	
9.898016	-2.71518164599344E-03	5.26320940024687E-06	0	5.13997052635	4958.4140625	
9.902112	-0.00271615210889	5.17927390725937E-06	0	5.10602360004	4958.4140625	
9.906208	-2.71875043323469E-03	5.83676964399375E-06	0	5.12407852781	4958.4140625	
9.910304	-2.72241440154578E-03	6.78176966053125E-06	0	5.07110011309	4958.4140625	
9.9144	-2.72026363852375E-03	5.01227816079375E-06	0	4.99664499367	5007.59375	
9.918496	-2.71932865137656E-03	4.41367178824687E-06	0	5.07217967036	5007.59375	
9.922592	-2.72212456101609E-03	5.8476633831E-06	0	5.02735324817	5007.59765625	
9.926688	-2.72366720751984E-03	5.99970505798125E-06	0	4.96415909363	5007.59765625	
9.930784	-2.72703027198766E-03	6.86828159325E-06	0	5.00398064254	5055.77734375	
9.93488	-2.73169588162453E-03	7.98812590609687E-06	0	4.96196946157	5055.77734375	
9.938976	-2.73109635974656E-03	6.67506327685312E-06	0	4.8618605519	5055.77734375	
9.943072	-2.72906509879781E-03	5.26455218736563E-06	0	4.93797124678	5055.77734375	
9.947168	-2.73074717962578E-03	6.22564545704062E-06	0	4.91619318157	5055.77734375	
9.951264	-2.73058260140703E-03	5.94328179709687E-06	0	4.8318770885	5055.77734375	
9.95536	-2.73178996550625E-03	6.29417135005312E-06	0	4.87174441369	5104.15625	
9.959456	-2.73507000940594E-03	7.370029168425E-06	0	4.83727106016	5104.15625	
9.963552	-2.73409424343344E-03	6.45045725145937E-06	0	4.73625806896	5104.15625	
9.967648	-2.73051576436375E-03	4.6959943424625E-06	0	4.79332964605	5104.15625	
9.971744	-2.73201050031937E-03	5.88355228951875E-06	0	4.79935304156	5151.0546875	
9.97584	-2.73249756041453E-03	6.07892877683437E-06	0	4.70692691755	5151.0546875	
9.979936	-2.7343288588275E-03	6.6498135424875E-06	0	4.74218991191	5151.0546875	
9.984032	-2.73743792424438E-03	7.49497639924687E-06	0	4.72212464251	5151.0546875	
9.988128	-2.73701486678984E-03	6.78979633519687E-06	0	4.62216832044	5151.0546875	
9.992224	-2.73234925715297E-03	4.55949688280625E-06	0	4.6631152029	5197.21484375	
9.99632	-2.73351556812984E-03	5.6703875988375E-06	0	4.69530737181	5197.21484375	
10.000416	-2.73405008161141E-03	6.0687045082125E-06	0	4.597082919	5197.21484375	
10.004512	-2.73539258271469E-03	6.44766975424687E-06	0	4.62124898015	5197.21484375	
10.008608	-2.73923200969344E-03	7.63167650293125E-06	0	4.60588340883	5246.45703125	
10.012704	-2.74169528846641E-03	7.96255573935938E-06	0	4.51367472215	5246.45703125	
10.0168	-0.002739099432795	6.11649412388437E-06	0	4.52551551991	5246.45703125	
10.020896	-2.74126884801516E-03	6.96587813026875E-06	0	4.57915006131	5246.45703125	
10.024992	-2.74285711925844E-03	7.36720849816875E-06	0	4.47807603507	5246.45703125	
10.029088	-2.74444539050172E-03	7.495782888825E-06	0	4.49439909358	5246.45703125	
10.033184	-2.74763445921937E-03	8.23280643064687E-06	0	4.50514507531	5294.4765625	
10.03728	-2.75027685395375E-03	8.64819303449062E-06	0	4.41616743106	5294.4765625	
10.041376	-2.74684174079906E-03	6.54309201459375E-06	0	4.3942177048	5294.4765625	
10.045472	-2.74763400205766E-03	6.92245701984375E-06	0	4.4693670978	5294.4765625	
10.049568	-2.74934671272078E-03	7.67943006094688E-06	0	4.38005757552	5294.4765625	
10.053664	-2.75047855370406E-03	7.74558047556562E-06	0	4.37806630734	5342.87890625	
10.05776	-2.75325837125109E-03	8.42668652522812E-06	0	4.39010165429	5342.87890625	
10.061856	-2.75583063737781E-03	8.90552691177187E-06	0	4.32051407931	5342.87890625	
10.065952	-2.75132914879797E-03	6.57163140913125E-06	0	4.2805780897	5342.87890625	
10.070048	-2.74931983161172E-03	6.03348194728125E-06	0	4.35201197464	5389.6171875	
10.074144	-2.74948523272156E-03	6.72920240540625E-06	0	4.28311867324	5389.6171875	
10.07824	-2.74912736652812E-03	6.72986418359062E-06	0	4.25404692075	5389.6171875	
10.082336	-2.75075851954062E-03	7.42882598462812E-06	0	4.28844016579	5389.6171875	
10.086432	-2.75365847918734E-03	8.34546473145E-06	0	4.22808032592	5389.6171875	
10.090528	-2.75089219362719E-03	6.831564322275E-06	0	4.16021317613	5436.1171875	
10.094624	-2.75002605503484E-03	6.48019327941562E-06	0	4.2462840266	5436.1171875	
10.09872	-2.75201196554109E-03	7.54150159310625E-06	0	4.1995159272	5436.1171875	
10.102816	-2.75213722785203E-03	7.33646598083437E-06	0	4.14560672812	5436.1171875	
10.106912	-0.00275402411713	7.83516692444062E-06	0	4.18041577437	5436.1171875	
10.111008	-2.7575921729125E-03	8.812062341775E-06	0	4.129020456	5436.1171875	
10.115104	-2.75583008878375E-03	7.58579698150312E-06	0	4.05124655628	5485.45703125	
10.1192	-2.75377496399328E-03	6.56423838767812E-06	0	4.12911963794	5485.45703125	
10.123296	-2.75574459954234E-03	7.635471210675E-06	0	4.1032331516	5485.4609375	
10.127392	-2.75684087334391E-03	7.83671548058437E-06	0	4.02578350053	5485.4609375	
10.131488	-2.75986161511672E-03	8.6223000315375E-06	0	4.07475649075	5533.359375	
10.135584	-2.76429270079187E-03	9.65196342495E-06	0	4.03244013458	5533.359375	
10.13968	-2.76371557983812E-03	8.65765336156875E-06	0	3.93674100655	5533.359375	
10.143776	-2.76099866774359E-03	7.14941568711562E-06	0	4.01504133349	5533.359375	
10.147872	-2.76240489719047E-03	7.9442526326625E-06	0	4.01659009763	5533.359375	
10.151968	-2.76217247617266E-03	7.79665157834062E-06	0	3.92497650259	5533.359375	
10.156064	-2.76297159485703E-03	8.00664944526562E-06	0	3.96928031225	5581.7578125	
10.16016	-2.76588600081406E-03	8.88445818284062E-06	0	3.94421779895	5581.7578125	
10.164256	-2.76534435560969E-03	8.3676464400375E-06	0	3.8426898246	5581.7578125	
10.168352	-2.76186069188047E-03	6.80826290326875E-06	0	3.89330313152	5581.7578125	
10.172448	-2.76346633526906E-03	7.80122945837812E-06	0	3.9216539076	5628.1796875	
10.176544	-2.76369089310531E-03	7.9002969073875E-06	0	3.82015645077	5628.1796875	
10.18064	-2.76456123758547E-03	8.07956499735E-06	0	3.86203793228	5628.1796875	
10.184736	-2.76694551881344E-03	8.7225595466625E-06	0	3.85325270121	5628.1796875	
10.188832	-2.76693701560547E-03	8.47333936319063E-06	0	3.75161028616	5628.1796875	
10.192928	-2.76213946909656E-03	6.48227428695E-06	0	3.77080199155	5674.8984375	
10.197024	-2.76243013251734E-03	7.09301838774375E-06	0	3.8281177088	5674.8984375	
10.20112	-2.76230121291266E-03	7.37152580154375E-06	0	3.72621970952	5674.8984375	
10.205216	-2.76298293246766E-03	7.62451425047812E-06	0	3.75532960891	5674.8984375	
10.209312	-2.76651103231594E-03	8.74010712526875E-06	0	3.75554704624	5674.8984375	
10.213408	-2.76901728429047E-03	9.220581164025E-06	0	3.66980044442	5724.33984375	
10.217504	-2.76537507687719E-03	7.32634291403437E-06	0	3.67616716203	5724.33984375	
10.2216	-2.76556050167031E-03	7.47499853460937E-06	0	3.73391775394	5724.33984375	
10.225696	-2.76579566565844E-03	7.75175042131875E-06	0	3.64731284687	5724.33984375	
10.229792	-2.76607490003625E-03	7.76485016783438E-06	0	3.64849158608	5724.33984375	
10.233888	-2.76813057342078E-03	8.38100291706562E-06	0	3.67198626179	5771.98046875	
10.237984	-2.76983139787922E-03	8.76016359559688E-06	0	3.5943916525	5771.98046875	
10.24208	-0.00276540561528	6.8825171559375E-06	0	3.56264961701	5771.98046875	
10.246176	-2.76488307943547E-03	6.94131156829687E-06	0	3.64120171349	5771.98046875	
10.250272	-2.76564617377641E-03	7.61609382620625E-06	0	3.56710898962	5771.98046875	
10.254368	-2.76513104395172E-03	7.39872216857812E-06	0	3.55109110631	5820.55859375	
10.258464	-2.76638211271125E-03	7.81354843644375E-06	0	3.57546316072	5820.55859375	
10.26256	-2.76911164246922E-03	8.64413438470312E-06	0	3.51006030067	5820.55859375	
10.266656	-2.76598255336906E-03	7.25538673499062E-06	0	3.46593578144	5820.55859375	
10.270752	-2.76359031752719E-03	6.4718079512625E-06	0	3.53729337258	5820.55859375	
10.274848	-2.76288701993906E-03	6.75921968308125E-06	0	3.49059012291	5866.62109375	
10.278944	-2.76266282783219E-03	6.87155731112812E-06	0	3.44830428426	5866.62109375	
10.28304	-2.76669755429719E-03	8.30523929090625E-06	0	3.5004358378	5866.62109375	
10.287136	-2.77285250538141E-03	9.92179608780937E-06	0	3.45380506724	5866.62109375	
10.291232	-2.77204707786531E-03	8.76084917183437E-06	0	3.382485623	5866.62109375	
10.295328	-2.76897751122094E-03	7.16558658440625E-06	0	3.46460445463	5913.78125	
10.299424	-2.76755281244063E-03	6.98213556593437E-06	0	3.42900195286	5913.78125	
10.30352	-2.76567707790859E-03	6.6057010866E-06	0	3.35653047224	5913.78125	
10.307616	-2.76821286253016E-03	7.71983122246875E-06	0	3.39101526984	5913.78125	
10.311712	-2.77467493485703E-03	9.70201890374062E-06	0	3.35804490417	5963	
10.315808	-2.77565079226187E-03	9.29061354591562E-06	0	3.28821318903	5963	
10.319904	-2.77284665371141E-03	7.60720801778437E-06	0	3.36897780571	5963	
10.324	-2.77136215817828E-03	7.290717709275E-06	0	3.35380296889	5963	
10.328096	-2.76631289842703E-03	5.919922926225E-06	0	3.27609773359	5963	
10.332192	-2.76205717998719E-03	5.25234787264687E-06	0	3.31933343005	5963	
10.336288	-2.76178699741141E-03	6.00284255484375E-06	0	3.28881209536	6010.6015625	
10.340384	-2.76093475653531E-03	6.36233426265937E-06	0	3.19541704009	6010.6015625	
10.34448	-2.75871468779672E-03	5.78858507679375E-06	0	3.26184605175	6010.6015625	
10.348576	-2.76065817369547E-03	6.87398086639687E-06	0	3.29595319504	6010.6015625	
10.352672	-2.75911342424781E-03	6.40097076248437E-06	0	3.20944365522	6010.6015625	
10.356768	-2.75786528132328E-03	6.06028768970625E-06	0	3.24943305049	6059.3828125	
10.360864	-2.76017751386438E-03	6.93935988755625E-06	0	3.23078303108	6059.3828125	
10.36496	-2.76220950627188E-03	7.56172440942187E-06	0	3.12669158505	6059.3828125	
10.369056	-2.76101768567109E-03	6.69800748467812E-06	0	3.16633002884	6059.3828125	
10.373152	-2.7649184637525E-03	7.82940394943438E-06	0	3.19689713981	6105.01953125	
10.377248	-2.76717857985766E-03	8.1249659134875E-06	0	3.10933093086	6105.01953125	
10.381344	-2.76991752714703E-03	8.38470099029062E-06	0	3.14521571969	6105.01953125	
10.38544	-0.00277411875191	9.06636425093437E-06	0	3.16022652484	6105.01953125	
10.389536	-2.77591704324688E-03	9.00423498614063E-06	0	3.06306255585	6105.01953125	
10.393632	-2.77038648363812E-03	6.61426381842187E-06	0	3.09130270592	6152.62109375	
10.397728	-2.76780699435625E-03	6.07400017599375E-06	0	3.15291376411	6152.62109375	
10.401824	-2.76417658171531E-03	5.57678504820937E-06	0	3.05827130521	6152.62109375	
10.40592	-2.76105572152609E-03	5.19442942095E-06	0	3.05940045345	6152.62109375	
10.410016	-2.76243689851078E-03	6.245418754575E-06	0	3.06218899184	6152.62109375	
10.414112	-2.76547930974906E-03	7.48890645339375E-06	0	2.98690227	6201.78125	
10.418208	-2.76367178374547E-03	6.65039407075312E-06	0	2.98974421405	6201.78125	
10.422304	-2.76452530467438E-03	6.82635206787187E-06	0	3.06936442373	6201.78125	
10.4264	-2.7635433213025E-03	6.60774122879062E-06	0	2.99951363514	6201.78125	
10.430496	-0.002759709014535	5.45321882562187E-06	0	2.98288158674	6201.78125	
10.434592	-2.75708956931891E-03	5.06162618836875E-06	0	2.99923134808	6249.34375	
10.438688	-2.75751372396156E-03	5.76758918432812E-06	0	2.91834847601	6249.34375	
10.442784	-2.75537091555344E-03	5.37405736632187E-06	0	2.88150619999	6249.34375	
10.44688	-2.75781225056391E-03	6.27877593275625E-06	0	2.98286251329	6249.34375	
10.450976	-2.76097900978969E-03	7.27927012456875E-06	0	2.93987858637	6249.34375	
10.455072	-2.76034584080922E-03	6.6242164527E-06	0	2.91945092142	6297.9609375	
10.459168	-2.75948180516078E-03	6.15393879797812E-06	0	2.94529544617	6297.9609375	
10.463264	-2.75921354266422E-03	6.13010685065625E-06	0	2.88752196612	6297.9609375	
10.46736	-2.75355223480391E-03	4.60887616035E-06	0	2.81912457442	6297.9609375	
10.471456	-2.74969141265672E-03	3.8868499593E-06	0	2.89202711501	6297.9609375	
10.475552	-2.74993983433469E-03	4.84487087627812E-06	0	2.85138922244	6343.40234375	
10.479648	-2.74955462987047E-03	5.0413824586125E-06	0	2.80360260081	6343.40234375	
10.483744	-2.75158826806016E-03	5.7981172788E-06	0	2.85596303575	6343.40234375	
10.48784	-2.75585870710734E-03	6.90903684095625E-06	0	2.8145927227	6343.40234375	
10.491936	-2.75558029562062E-03	6.4309733767125E-06	0	2.7333016788	6343.40234375	
10.496032	-2.75423971459656E-03	5.56640597205E-06	0	2.83762582092	6391.26171875	
10.500128	-2.75604257755063E-03	6.1908620783625E-06	0	2.81704556837	6391.26171875	
10.504224	-2.75464347982656E-03	5.6262876429375E-06	0	2.74791957088	6391.26171875	
10.50832	-2.75408592539438E-03	5.43828662901563E-06	0	2.79049151128	6391.26171875	
10.512416	-2.75590762341125E-03	6.0400276138125E-06	0	2.76363609368	6440.4609375	
10.516512	-2.75450669704031E-03	5.62886119805625E-06	0	2.66503017187	6440.4609375	
10.520608	-2.75183623257641E-03	4.73807290615312E-06	0	2.7510399873	6440.4609375	
10.524704	-2.75381226838953E-03	5.65842463003125E-06	0	2.75740289022	6440.4609375	
10.5288	-2.75285533747984E-03	5.41638136245937E-06	0	2.66718928641	6440.4609375	
10.532896	-2.75115414729203E-03	4.9547286991125E-06	0	2.71546037367	6440.4609375	
10.536992	-2.75055517400812E-03	4.95134240442187E-06	0	2.68923819461	6488.0625	
10.541088	-2.74734937317156E-03	4.37400067407187E-06	0	2.58417018794	6488.0625	
10.545184	-2.74226454623859E-03	3.16810861073437E-06	0	2.65159483369	6488.0625	
10.54928	-0.00274339748441	4.21844914693125E-06	0	2.69081747627	6488.0625	
10.553376	-2.74331601819172E-03	4.56008991105937E-06	0	2.60681800247	6488.0625	
10.557472	-2.74356187976406E-03	4.68687968811563E-06	0	2.64143631422	6536.78125	
10.561568	-2.74637122995813E-03	5.44519671825937E-06	0	2.64012024617	6536.78125	
10.565664	-2.74752812340359E-03	5.65014795561562E-06	0	2.54546252851	6536.78125	
10.56976	-2.74434326057375E-03	4.37901076521562E-06	0	2.58238491302	6536.78125	
10.573856	-2.74586752917641E-03	4.89113621462812E-06	0	2.6352641458	6582.34375	
10.577952	-2.74618251360062E-03	5.03889880725E-06	0	2.54139606897	6582.34375	
10.582048	-2.74528391652625E-03	4.6891443493125E-06	0	2.57137190299	6582.34375	
10.586144	-2.74473623678719E-03	4.55418270542813E-06	0	2.57100950744	6582.34375	
10.59024	-2.74260037723719E-03	4.19954916583125E-06	0	2.47227388617	6582.34375	
10.594336	-2.73547222028609E-03	2.428991801775E-06	0	2.481455845	6630.72265625	
10.598432	-2.73376398980781E-03	2.67811799495625E-06	0	2.56210602098	6630.72265625	
10.602528	-2.73182324687938E-03	2.91993337814062E-06	0	2.47489839289	6630.72265625	
10.606624	-2.72940943300437E-03	2.70455618967187E-06	0	2.49128630113	6630.72265625	
10.61072	-2.72914985658047E-03	3.07035534310312E-06	0	2.50829600384	6630.72265625	
10.614816	-2.72965163728297E-03	3.59589424064062E-06	0	2.43568719438	6630.72265625	
10.618912	-2.72485747377078E-03	2.40640023782812E-06	0	2.4174071999	6679.78125	
10.623008	-2.72446239461344E-03	2.58737457608437E-06	0	2.50123882734	6679.78125	
10.627104	-2.72602415047703E-03	3.44744486985937E-06	0	2.43173136085	6679.78125	
10.6312	-2.72649456988563E-03	3.5281724333625E-06	0	2.42026058802	6679.78125	
10.635296	-2.72815443265406E-03	3.873578818725E-06	0	2.45558080273	6679.78125	
10.639392	-2.73011382778063E-03	4.26318828488437E-06	0	2.3836090465	6727.08203125	
10.643488	-2.72690857553813E-03	3.17908672475625E-06	0	2.33011183394	6727.08203125	
10.647584	-2.72680022821078E-03	3.06766736502187E-06	0	2.42656627059	6727.08203125	
10.65168	-2.72931708633719E-03	3.9486104744625E-06	0	2.3731949428	6727.08203125	
10.655776	-2.72912004963641E-03	3.7144510932375E-06	0	2.3413041344	6775.7421875	
10.659872	-2.72902715437516E-03	3.55309019690625E-06	0	2.38436435512	6775.7421875	
10.663968	-2.72911529515453E-03	3.59472020335312E-06	0	2.34440547737	6775.7421875	
10.668064	-2.72330678122078E-03	2.17725791889375E-06	0	2.2770647548	6775.7421875	
10.67216	-2.7189009308725E-03	1.31328210017812E-06	0	2.35799340315	6775.7421875	
10.676256	-2.71932727989141E-03	2.19315525876562E-06	0	2.33083281035	6821.12109375	
10.680352	-2.71889398201437E-03	2.42076224269688E-06	0	2.27700753445	6821.12109375	
10.684448	-2.72001686262797E-03	2.87233174305E-06	0	2.3312714997	6821.12109375	
10.688544	-2.72217539739922E-03	3.44325857596875E-06	0	2.28539222307	6821.12109375	
10.69264	-2.71931502795734E-03	2.6659098340875E-06	0	2.20387229777	6821.12109375	
10.696736	-2.71549653898531E-03	1.63374331817812E-06	0	2.28914206334	6821.12109375	
10.700832	-2.71556419891969E-03	2.110195966725E-06	0	2.28661292387	6869.6640625	
10.704928	-2.71347012395078E-03	1.8593414098875E-06	0	2.2085147755	6869.6640625	
10.709024	-2.71219125975875E-03	1.77904798056562E-06	0	2.25959728929	6869.6640625	
10.71312	-2.71235903810953E-03	2.1078700075125E-06	0	2.23751786357	6869.6640625	
10.717216	-2.70778394649297E-03	1.28796770241562E-06	0	2.14939852457	6869.6640625	
10.721312	-2.70060376453828E-03	-2.0942719441875E-07	0	2.21060522562	6918.50390625	
10.725408	-2.69883866314219E-03	2.07691859615625E-07	0	2.23759034268	6918.5	
10.729504	-2.69648053156453E-03	3.2386265690625E-07	0	2.150340753	6918.5	
10.7336	-2.6955586192425E-03	5.94337626815625E-07	0	2.20268211449	6918.5	
10.737696	-2.69647358270641E-03	1.15538682538125E-06	0	2.1961933268	6965.8203125	
10.741792	-2.69469714369969E-03	1.01199177646875E-06	0	2.09929638611	6965.8203125	
10.745888	-2.68925307908812E-03	-2.263199659875E-07	0	2.13917134068	6965.8203125	
10.749984	-2.68940887980187E-03	2.7188386273125E-07	0	2.19355737601	6965.8203125	
10.75408	-2.68943758955781E-03	6.86067823546875E-07	0	2.09616452562	7014.30078125	
10.758176	-2.69026587515984E-03	9.64187256965625E-07	0	2.13294195191	7014.30078125	
10.762272	-2.69390616249391E-03	1.78539172422187E-06	0	2.13406728546	7014.30078125	
10.766368	-2.69592828020828E-03	2.13457214427187E-06	0	2.04972830425	7014.30078125	
10.770464	-2.69257170743688E-03	9.62854806375E-07	0	2.06346881763	7014.30078125	
10.77456	-2.69329868600203E-03	1.07416094506875E-06	0	2.12893652741	7059.62109375	
10.778656	-2.69304541840984E-03	1.14688515119062E-06	0	2.05142202661	7059.62109375	
10.782752	-2.69147543363531E-03	7.68285049021875E-07	0	2.0687445339	7059.62109375	
10.786848	-2.69065766275281E-03	6.772233612375E-07	0	2.09724789758	7059.62109375	
10.790944	-2.68849300201453E-03	4.5814329185625E-07	0	2.01317975936	7059.62109375	
10.79504	-2.68061903143547E-03	-1.09179289859063E-06	0	1.99717713481	7108.5	
10.799136	-2.67716782618828E-03	-1.31342344619062E-06	0	2.07891449744	7108.5	
10.803232	-2.67533405910203E-03	-9.079731304875E-07	0	2.00552749122	7108.5	
10.807328	-2.67295700102922E-03	-9.42666124640625E-07	0	2.00000000541	7108.5	
10.811424	-2.67317534146609E-03	-4.91364172096875E-07	0	2.03140634818	7108.5	
10.81552	-2.67382835126516E-03	2.0879065659375E-08	0	1.96052559329	7108.5	
10.819616	-2.66794138838047E-03	-1.12206065678437E-06	0	1.93703473227	7157.22265625	
10.823712	-2.66405350225953E-03	-1.71138747130312E-06	0	2.01501462525	7157.22265625	
10.827808	-0.002662653215915	-1.37786064136875E-06	0	1.96461875566	7157.22265625	
10.831904	-2.66082365471656E-03	-1.3737149724375E-06	0	1.93003477612	7157.22265625	
10.836	-2.66109822604484E-03	-9.7916200160625E-07	0	1.98172001093	7204.72265625	
10.840096	-2.66195083265031E-03	-5.2151149771875E-07	0	1.92097870206	7204.72265625	
10.844192	-2.65675144099062E-03	-1.48973961602812E-06	0	1.86403300974	7204.72265625	
10.848288	-2.65242833691344E-03	-2.2351833417375E-06	0	1.96237953263	7204.72265625	
10.852384	-2.65073930722734E-03	-1.976342254425E-06	0	1.93281949982	7252.8828125	
10.85648	-2.64662238308531E-03	-2.39013366755625E-06	0	1.87461877449	7252.8828125	
10.860576	-2.64404975122922E-03	-2.480980211325E-06	0	1.92293563803	7252.8828125	
10.864672	-2.64335715122531E-03	-2.09356088720625E-06	0	1.88331626769	7252.8828125	
10.868768	-2.63772930760281E-03	-2.80793781705938E-06	0	1.81224859299	7252.8828125	
10.872864	-2.63202731234953E-03	-3.63111319580625E-06	0	1.88624594961	7298.3828125	
10.87696	-2.63082470273219E-03	-3.13178388744375E-06	0	1.88565848735	7298.3828125	
10.881056	-2.62883833506422E-03	-3.00640588782187E-06	0	1.81444585443	7298.3828125	
10.885152	-2.62912744413516E-03	-2.590199332875E-06	0	1.8740427563	7298.3828125	
10.889248	-2.63147222659062E-03	-1.84719863356875E-06	0	1.84590941755	7298.3828125	
10.893344	-2.62891477250359E-03	-2.23574031233437E-06	0	1.75696610551	7347.5625	
10.89744	-2.62362486282359E-03	-3.33540099151875E-06	0	1.82760272024	7347.5625	
10.901536	-2.62190566046406E-03	-3.26847798151875E-06	0	1.84530669653	7347.5625	
10.905632	-2.61821499390859E-03	-3.56296711010625E-06	0	1.76598021798	7347.5625	
10.909728	-2.61549972759625E-03	-3.73311525726562E-06	0	1.81134451146	7396.0625	
10.913824	-2.61530461097469E-03	-3.31153563076875E-06	0	1.80366935518	7396.0625	
10.91792	-2.61146234959328E-03	-3.63768362192812E-06	0	1.7132535728	7396.0625	
10.922016	-2.60422941117625E-03	-4.8081105765E-06	0	1.76625869035	7396.0625	
10.926112	-2.60175607484547E-03	-4.67655614074687E-06	0	1.79456750484	7396.05859375	
10.930208	-2.59866986751453E-03	-4.6100040438375E-06	0	1.71032389088	7443.58203125	
10.934304	-2.59627644305219E-03	-4.611024235125E-06	0	1.75450181577	7443.58203125	
10.9384	-2.59668011684984E-03	-4.08638581745625E-06	0	1.76004456034	7443.58203125	
10.942496	-2.59490943808078E-03	-4.01951184586875E-06	0	1.6604964101	7443.58203125	
10.946592	-2.58888870967719E-03	-5.05059759362812E-06	0	1.69859753382	7443.58203125	
10.950688	-2.58725828812344E-03	-4.95522316977188E-06	0	1.7602124067	7443.58203125	
10.954784	-2.58515415559672E-03	-4.82504637687187E-06	0	1.67504945245	7491.3203125	
10.95888	-2.58271026048063E-03	-4.99384861191562E-06	0	1.69575558977	7491.3203125	
10.962976	-2.58348688680844E-03	-4.51561808053125E-06	0	1.71008356541	7491.3203125	
10.967072	-2.58272434106156E-03	-4.318705296675E-06	0	1.62656855724	7491.3203125	
10.971168	-2.57565012919328E-03	-5.5567934816625E-06	0	1.63514398036	7537.19921875	
10.975264	-2.57116052681813E-03	-6.07697156725312E-06	0	1.70337734039	7537.19921875	
10.97936	-2.56679664391562E-03	-6.211418788575E-06	0	1.63393472363	7537.19921875	
10.983456	-2.56123828887437E-03	-6.70310699880937E-06	0	1.62584758083	7537.19921875	
10.987552	-2.55840754351187E-03	-6.59545350069375E-06	0	1.66362064121	7537.19921875	
10.991648	-2.55535708622734E-03	-6.45398056524375E-06	0	1.58485492209	7586.44140625	
10.995744	-2.54688935400797E-03	-7.53369607206562E-06	0	1.55769814398	7586.44140625	
10.99984	-2.54188453037578E-03	-7.84930056415312E-06	0	1.65496892429	7586.44140625	
11.003936	-2.53932607053297E-03	-7.44635625555937E-06	0	1.59989624476	7586.44140625	
11.008032	-2.5357202531925E-03	-7.511694411375E-06	0	1.58261569906	7586.44140625	
11.012128	-2.53510665073359E-03	-7.1236467225E-06	0	1.61420133226	7635	
11.016224	-2.53508790710312E-03	-6.6230904922875E-06	0	1.55732430436	7635	
11.02032	-0.00252903910897	-7.4793877129125E-06	0	1.51283357489	7635	
11.024416	-2.52416558218344E-03	-8.11960870730625E-06	0	1.59331590451	7635	
11.028512	-2.52205285501641E-03	-7.86854261221875E-06	0	1.54963388932	7635	
11.032608	-2.51825219535141E-03	-8.10070367813437E-06	0	1.51330659645	7682.4609375	
11.036704	-2.51683874274938E-03	-7.93855287874687E-06	0	1.56357276658	7682.4609375	
11.0408	-2.51673368698641E-03	-7.48484107284375E-06	0	1.51474473458	7682.4609375	
11.044896	-2.51110602622859E-03	-8.22501461151562E-06	0	1.43945419805	7682.4609375	
11.048992	-2.50555644869234E-03	-8.97984053938125E-06	0	1.54178707199	7729.7578125	
11.053088	-2.50268775890719E-03	-8.85418129004062E-06	0	1.51932236258	7729.7578125	
11.057184	-2.49740635243516E-03	-9.26978039367188E-06	0	1.45932110357	7729.7578125	
11.06128	-2.49420448318938E-03	-9.35839857428437E-06	0	1.50946138893	7729.7578125	
11.065376	-2.49367508991906E-03	-8.82256761973125E-06	0	1.48514274018	7729.7578125	
11.069472	-2.48837676846344E-03	-9.322223370075E-06	0	1.39887352583	7729.7578125	
11.073568	-2.48177919340313E-03	-1.02146133430687E-05	0	1.47659783458	7775.8984375	
11.077664	-2.47933767552797E-03	-9.99037774999687E-06	0	1.48301414316	7775.8984375	
11.08176	-2.47563649425297E-03	-1.00530678315375E-05	0	1.40065880075	7775.8984375	
11.085856	-2.4731980850775E-03	-1.004597841555E-05	0	1.4561816137	7775.8984375	
11.089952	-2.47310628700437E-03	-9.55009597874062E-06	0	1.44276916366	7775.8984375	
11.094048	-2.46815467699625E-03	-1.005107071815E-05	0	1.34064609767	7825.1015625	
11.098144	-2.46024559639719E-03	-1.124360029485E-05	0	1.40599936675	7825.1015625	
11.10224	-2.45610444268406E-03	-1.13452477893562E-05	0	1.44320403832	7825.1015625	
11.106336	-0.002450658915155	-1.15838052431062E-05	0	1.35408906523	7825.1015625	
11.110432	-2.44536671966641E-03	-1.19455577659687E-05	0	1.3947269578	7825.1015625	
11.114528	-2.44400794360594E-03	-1.14698878089469E-05	0	1.39018366201	7873.37890625	
11.118624	-2.44002533357688E-03	-1.15310625073875E-05	0	1.30417003189	7873.37890625	
11.12272	-2.43257688912562E-03	-1.24970615413875E-05	0	1.34237033755	7873.37890625	
11.126816	-2.42956885644859E-03	-1.24254058438125E-05	0	1.39799233244	7873.37890625	
11.130912	-2.42649215808141E-03	-1.22900809791375E-05	0	1.31487405203	7920.98046875	
11.135008	-2.42315387177875E-03	-1.24495320216094E-05	0	1.34444171422	7920.98046875	
11.139104	-2.42335484007031E-03	-1.19294702820562E-05	0	1.35143785568	7920.98046875	
11.1432	-2.42130922424359E-03	-1.18550501641687E-05	0	1.26503894187	7920.98046875	
11.147296	-2.41448453124141E-03	-1.29322827407812E-05	0	1.27075716218	7920.98046875	
11.151392	-2.41143151385125E-03	-1.308278307105E-05	0	1.35046892442	7920.98046875	
11.155488	-2.40895817752047E-03	-1.29053959888219E-05	0	1.26110599648	7968.0390625	
11.159584	-2.40507074856125E-03	-1.32294120109594E-05	0	1.28039306912	7968.0390625	
11.16368	-2.40447598116516E-03	-1.29284084658094E-05	0	1.29513303128	7968.0390625	
11.167776	-2.40208191667641E-03	-1.28989017645469E-05	0	1.22894815978	7968.0390625	
11.171872	-2.39370845120344E-03	-1.41942692191781E-05	0	1.21424252983	8014.640625	
11.175968	-2.38783776327594E-03	-1.47976094812219E-05	0	1.29009764048	8014.640625	
11.180064	-2.38330939358703E-03	-1.4791017901275E-05	0	1.22799830197	8014.640625	
11.18416	-2.37708211951891E-03	-1.52774092418062E-05	0	1.21541745435	8014.640625	
11.188256	-2.3743487496025E-03	-1.51180274300344E-05	0	1.255795948	8014.640625	
11.192352	-2.37224132551141E-03	-1.47582494244281E-05	0	1.19207155155	8063.9375	
11.196448	-2.36534641246922E-03	-1.55772587015719E-05	0	1.14103481404	8063.9375	
11.200544	-2.3608372435725E-03	-1.59074410636969E-05	0	1.24356605186	8063.9375	
11.20464	-2.35856697847719E-03	-1.56095968903875E-05	0	1.18847048419	8063.9375	
11.208736	-2.35410069134969E-03	-1.59249470558063E-05	0	1.15839165354	8112.140625	
11.212832	-2.35237472299672E-03	-1.57909714686281E-05	0	1.19723664181	8112.140625	
11.216928	-2.35139630548625E-03	-1.54161461223E-05	0	1.15454644602	8112.140625	
11.221024	-2.34466441631297E-03	-1.63813812147562E-05	0	1.09440404348	8112.140625	
11.22512	-2.33834378982188E-03	-1.72203152315906E-05	0	1.17490163186	8112.13671875	
11.229216	-2.33545535065047E-03	-1.70209459598062E-05	0	1.14937754107	8112.13671875	
11.233312	-2.33075371667016E-03	-1.72578478863656E-05	0	1.09069997949	8159.95703125	
11.237408	-2.32833030239906E-03	-1.72044344782406E-05	0	1.14879770819	8159.95703125	
11.241504	-2.32797975079313E-03	-1.66682946297656E-05	0	1.10613040054	8159.95703125	
11.2456	-2.32187892765641E-03	-1.74598375882219E-05	0	1.03115648328	8159.95703125	
11.249696	-2.31550709905281E-03	-1.83419626676344E-05	0	1.1205651875	8159.95703125	
11.253792	-2.31250226650781E-03	-1.8241845219675E-05	0	1.11602189171	8206.69921875	
11.257888	-2.30785521763672E-03	-1.84877158872656E-05	0	1.04044906812	8206.69921875	
11.261984	-2.30469394435156E-03	-1.8603398704275E-05	0	1.08847982991	8206.69921875	
11.26608	-2.30477842783719E-03	-1.79842945156875E-05	0	1.06224239209	8206.69921875	
11.270176	-2.30015935726328E-03	-1.84702394624344E-05	0	0.98099712447	8253.6171875	
11.274272	-2.29423143268859E-03	-1.93613049175219E-05	0	1.04348174667	8253.6171875	
11.278368	-2.29258574193344E-03	-1.91214085228031E-05	0	1.06698023707	8253.6171875	
11.282464	-2.28952678144094E-03	-1.91542911822281E-05	0	0.98319057122	8253.6171875	
11.28656	-2.28647595842703E-03	-1.94400183003469E-05	0	1.03181260996	8253.6171875	
11.290656	-2.2865971062825E-03	-1.89480327346406E-05	0	1.02139087688	8302.81640625	
11.294752	-2.28183348117312E-03	-1.95145679854125E-05	0	0.9321957953	8302.81640625	
11.298848	-2.27486926241438E-03	-2.06159301052031E-05	0	0.97460370403	8302.81640625	
11.302944	-2.27164243213875E-03	-2.06544365570812E-05	0	1.0243968526	8302.81640625	
11.30704	-2.26792762744453E-03	-2.07019740095437E-05	0	0.93153585393	8302.81640625	
11.311136	-2.26399823103953E-03	-2.10336140625187E-05	0	0.96949964881	8350.87890625	
11.315232	-2.26497564279422E-03	-2.02969299434344E-05	0	0.96776015017	8350.87890625	
11.319328	-2.26284819501984E-03	-2.02966479725625E-05	0	0.88702605101	8350.87890625	
11.323424	-2.25718295556875E-03	-2.13126325335E-05	0	0.90349406774	8350.87890625	
11.32752	-2.25506702826969E-03	-2.13539940306E-05	0	0.96159179644	8350.87890625	
11.331616	-2.25333356246453E-03	-2.1195284573925E-05	0	0.88217376533	8350.875	
11.335712	-0.002250344547715	-2.15448198013125E-05	0	0.9018690098	8350.875	
11.339808	-2.2514461245925E-03	-2.10011297200031E-05	0	0.92107978864	8398.796875	
11.343904	-2.24965185627875E-03	-2.10756171455156E-05	0	0.84519416047	8398.796875	
11.348	-2.24362088745266E-03	-2.22335359395187E-05	0	0.83447488157	8398.796875	
11.352096	-2.24104258679125E-03	-2.23926588573187E-05	0	0.9104139154	8445.15625	
11.356192	-2.23974260172781E-03	-2.21287023905062E-05	0	0.83822853653	8445.15625	
11.360288	-2.23640925277172E-03	-2.25219303626625E-05	0	0.83339150961	8445.15625	
11.364384	-2.23721321737031E-03	-2.20851070014094E-05	0	0.8585341314	8445.15625	
11.36848	-2.23678101668141E-03	-2.18407228707937E-05	0	0.80202331374	8445.15625	
11.372576	-2.23129992197062E-03	-2.29546381030312E-05	0	0.76547858354	8445.15625	
11.376672	-2.22812913972172E-03	-2.33783494581656E-05	0	0.841902083	8492.6953125	
11.380768	-2.22734401018594E-03	-2.3049348104475E-05	0	0.78964083	8492.6953125	
11.384864	-2.22495140861469E-03	-2.326950365355E-05	0	0.75448083227	8492.6953125	
11.38896	-2.22657414985156E-03	-2.27222729507812E-05	0	0.80562056641	8492.6953125	
11.393056	-2.22895788248547E-03	-2.202053567175E-05	0	0.74201061066	8492.6953125	
11.397152	-2.22639293094625E-03	-2.27301895294031E-05	0	0.68238319127	8541.67578125	
11.401248	-2.22537602041906E-03	-2.30517812751187E-05	0	0.77994007333	8541.67578125	
11.405344	-2.22653062805594E-03	-2.26745835753937E-05	0	0.74515772991	8541.67578125	
11.40944	-0.00222527891927	-2.295740396565E-05	0	0.69045889	8541.67578125	
11.413536	-2.22646863692688E-03	-2.28282281332875E-05	0	0.73904278184	8589.578125	
11.417632	-2.22897552892781E-03	-2.22388111746281E-05	0	0.69676075788	8589.578125	
11.421728	-2.22556802834094E-03	-2.31823486926281E-05	0	0.61905933727	8589.578125	
11.425824	-2.22217378544391E-03	-2.40203122777406E-05	0	0.69870243509	8589.578125	
11.42992	-2.2226090948325E-03	-2.36657970072562E-05	0	0.69347630979	8589.578125	
11.434016	-2.22152809023234E-03	-2.3694297459525E-05	0	0.6140125024	8589.57421875	
11.438112	-2.22224181110766E-03	-2.35369673283937E-05	0	0.67364373648	8589.57421875	
11.442208	-2.2258655491875E-03	-2.26695381477469E-05	0	0.64119216865	8637.39453125	
11.446304	-2.22428614688156E-03	-2.32117589997562E-05	0	0.548933891	8637.39453125	
11.4504	-0.002222092684955	-2.39563546493906E-05	0	0.62266421932	8637.39453125	
11.454496	-2.22343043157641E-03	-2.35764533466E-05	0	0.6326281896	8637.39453125	
11.458592	-2.22327234505406E-03	-2.35932502048031E-05	0	0.55046739638	8683.53515625	
11.462688	-2.22403772520359E-03	-2.3615689845825E-05	0	0.60455970058	8683.53515625	
11.466784	-2.22893502439953E-03	-2.25952514431875E-05	0	0.58726771081	8683.53515625	
11.47088	-2.22918372037453E-03	-2.2851540609975E-05	0	0.4915609534	8731.4140625	
11.474976	-2.22752166322984E-03	-2.36555008637062E-05	0	0.53660099823	8731.4140625	
11.479072	-0.0022298958869	-2.32326032096812E-05	0	0.57553372437	8731.4140625	
11.483168	-2.23144639658531E-03	-2.30034253138594E-05	0	0.48302367718	8731.4140625	
11.487264	-2.23248223360766E-03	-2.31376448911781E-05	0	0.52322669509	8731.4140625	
11.49136	-2.23761954270594E-03	-2.22462082826156E-05	0	0.52772039991	8731.4140625	
11.495456	-2.23834981283547E-03	-2.24609268178969E-05	0	0.4408255764	8780.17578125	
11.499552	-2.23619100376719E-03	-2.35023123149719E-05	0	0.46086032828	8780.17578125	
11.503648	-2.23802961676766E-03	-2.32481212230094E-05	0	0.51905723892	8780.17578125	
11.507744	-2.24040384043781E-03	-2.27971803277969E-05	0	0.42663111491	8780.17578125	
11.51184	-2.24217973085047E-03	-2.27964279247031E-05	0	0.45093831959	8780.17578125	
11.515936	-2.24873158973891E-03	-2.16480237846469E-05	0	0.46395022718	8780.17578125	
11.520032	-2.25240342123156E-03	-2.13103106608219E-05	0	0.37432408563	8828.234375	
11.524128	-2.25161838312813E-03	-2.22919512657187E-05	0	0.38696978298	8828.234375	
11.528224	-2.25344748716484E-03	-2.23466625090844E-05	0	0.45021352849	8828.234375	
11.53232	-2.25568209364609E-03	-2.20745118196969E-05	0	0.37514042929	8828.234375	
11.536416	-2.25582225942906E-03	-2.24840267947969E-05	0	0.37406468671	8876.09375	
11.540512	-2.25961176434813E-03	-2.19172480346531E-05	0	0.39957733343	8876.09375	
11.544608	-2.26168243263703E-03	-2.17137737188969E-05	0	0.32270751524	8876.09375	
11.548704	-2.25895893741375E-03	-2.2837413701025E-05	0	0.29592076206	8876.09375	
11.5528	-2.25882773200047E-03	-2.30382870578437E-05	0	0.3888694986	8921.93359375	
11.556896	-2.25981748712156E-03	-2.27489378279625E-05	0	0.32868894916	8921.93359375	
11.560992	-2.25826752603031E-03	-2.32183214931937E-05	0	0.31104219322	8921.93359375	
11.565088	-0.00226042404929	-2.28079755093094E-05	0	0.33799297807	8921.93359375	
11.569184	-2.26219015644187E-03	-2.23761545469E-05	0	0.28029197713	8921.93359375	
11.57328	-2.25819822031375E-03	-2.35356348778031E-05	0	0.23574402731	8970.33203125	
11.577376	-2.2554896285625E-03	-2.41611241561594E-05	0	0.31616532189	8970.33203125	
11.581472	-2.25576493134953E-03	-2.37614324885437E-05	0	0.28360312805	8970.33203125	
11.585568	-2.25445607734875E-03	-2.39047412394656E-05	0	0.2392192099	8970.33203125	
11.589664	-0.002256401026165	-2.34408561264281E-05	0	0.28754370282	8970.33203125	
11.59376	-2.25957043692875E-03	-2.26273391514844E-05	0	0.23673584671	8970.33203125	
11.597856	-2.25705037867031E-03	-2.35345185327656E-05	0	0.16152541867	9019.09375	
11.601952	-2.25562467413422E-03	-2.40685942006125E-05	0	0.25501965588	9019.09375	
11.606048	-2.25717362946969E-03	-2.35420288617937E-05	0	0.23268846062	9019.09375	
11.610144	-2.25655417534078E-03	-2.37455207256094E-05	0	0.18022502905	9019.09375	
11.61424	-2.25801160690016E-03	-2.35631281195406E-05	0	0.22717241888	9019.09375	
11.618336	-2.26180431195125E-03	-2.26658429591344E-05	0	0.20161018119	9067.15234375	
11.622432	-2.26016721583641E-03	-2.337522662475E-05	0	0.11780525658	9067.15234375	
11.626528	-2.25805192856375E-03	-2.41937786908125E-05	0	0.19556389754	9067.15234375	
11.630624	-2.26016557005422E-03	-2.3573066811525E-05	0	0.19796715224	9067.15234375	
11.63472	-2.26092162410469E-03	-2.34488546761219E-05	0	0.12503409413	9067.15234375	
11.638816	-2.26296897714594E-03	-2.32580582323031E-05	0	0.18266643065	9067.15234375	
11.642912	-2.26846058657625E-03	-2.21377771410469E-05	0	0.16494338091	9114.73046875	
11.647008	-2.26866813799656E-03	-2.26224396371531E-05	0	0.06672655748	9114.73046875	
11.651104	-2.26756866406297E-03	-2.34376905045937E-05	0	0.14200564994	9114.73046875	
11.6552	-2.27009621977359E-03	-2.29842512945719E-05	0	0.16805235326	9160.65234375	
11.659296	-2.27187384740078E-03	-2.27710221808781E-05	0	0.08095916587	9160.65234375	
11.663392	-2.27488663455969E-03	-2.24957628407531E-05	0	0.12709021204	9160.65234375	
11.667488	-2.28327683215156E-03	-2.0847338768025E-05	0	0.11835457194	9160.65234375	
11.671584	-2.28831429713047E-03	-2.04380593696125E-05	0	0.03516381242	9160.65234375	
11.67568	-2.29112273300109E-03	-2.09050250084156E-05	0	0.08323272111	9209.3515625	
11.679776	-2.29950909043453E-03	-1.9734689880675E-05	0	0.13127111228	9209.3515625	
11.683872	-2.30938570363875E-03	-1.83355280586844E-05	0	0.05265798076	9209.3515625	
11.687968	-2.31995976276109E-03	-1.73386672767E-05	0	0.08335479119	9209.3515625	
11.692064	-2.33521735225969E-03	-1.53519286384406E-05	0	0.09526043868	9209.3515625	
11.69616	-2.34802656645734E-03	-1.42980715192219E-05	0	0.01261136514	9209.3515625	
11.700256	-2.35798665739141E-03	-1.43225532255094E-05	0	0.03103250315	9258.03125	
11.704352	-2.37284651619469E-03	-1.28942753268656E-05	0	0.10568598645	9258.03125	
11.708448	-2.38893129410719E-03	-1.12355140048594E-05	0	0.03050226124	9258.03125	
11.712544	-2.40429156212781E-03	-1.02077958018094E-05	0	0.05300893224	9258.03125	
11.71664	-2.42369716276531E-03	-8.27544797454375E-06	0	0.06432711747	9305.97265625	
11.720736	-2.44165429221312E-03	-6.86145035008125E-06	0	-0.00114822169	9305.97265625	
11.724832	-2.45367663966047E-03	-7.17954690698437E-06	0	-0.00760267717	9305.97265625	
11.728928	-0.002467652164835	-6.6900904252875E-06	0	0.07552704731	9305.96875	
11.733024	-2.48228499712875E-03	-5.6715991360875E-06	0	0.0114059231	9353.44921875	
11.73712	-2.49546643239781E-03	-5.16376959584062E-06	0	0.0147247034	9353.44921875	
11.741216	-2.51151564312859E-03	-3.8602836397125E-06	0	0.0528334565	9353.44921875	
11.745312	-2.52736690283516E-03	-2.60112480271875E-06	0	-0.00746916302	9353.44921875	
11.749408	-2.53719203962984E-03	-2.99684267623125E-06	0	-0.04803457648	9353.44921875	
11.753504	-2.54891330036922E-03	-2.69647807275E-06	0	0.0617216842	9399.171875	
11.7576	-2.56265439301438E-03	-1.49237567108437E-06	0	0.00705336181	9399.171875	
11.761696	-2.57404018848453E-03	-1.09083112070625E-06	0	-0.00705336181	9399.171875	
11.765792	-2.58702723859078E-03	-2.5425503420625E-07	0	0.0311278704	9399.171875	
11.769888	-2.60009685210344E-03	7.10487991434375E-07	0	-0.00398635105	9448.1484375	
11.773984	-2.60651768844328E-03	3.1118959265625E-08	0	-0.05590809664	9448.1484375	
11.77808	-2.61286702469031E-03	-4.52431518721875E-07	0	0.03701393707	9448.1484375	
11.782176	-2.62198036068891E-03	3.16580212265625E-07	0	0.0098419002	9448.1484375	
11.786272	-2.62917608614203E-03	5.06065118934375E-07	0	-0.03241342093	9448.1484375	
11.790368	-2.63765597886313E-03	1.03675881900937E-06	0	0.0276565025	9448.1484375	
11.794464	-2.64701042195219E-03	1.8343568194875E-06	0	-0.0004577628	9496.609375	
11.79856	-2.65041508813641E-03	1.23878457852187E-06	0	-0.07274995299	9496.609375	
11.802656	-2.65238408365906E-03	3.76934478834375E-07	0	0.03081506582	9496.609375	
11.806752	-2.65728750882203E-03	8.11068179315625E-07	0	0.11082437388	9496.609375	
11.810848	-2.65912017872016E-03	4.980379635E-07	0	0.0824735978	9496.609375	
11.814944	-2.66219047682328E-03	5.31862208521875E-07	0	0.01764675594	9496.609375	
11.81904	-2.66784748736344E-03	1.31064171820312E-06	0	0.02086253961	9496.609375	
11.823136	-2.66840805906297E-03	9.09760388315625E-07	0	0.01278684088	9496.609375	
11.827232	-0.002663068684485	-8.3870060360625E-07	0	-0.00526045751	9496.609375	
11.831328	-2.66089579483578E-03	-1.30881672002812E-06	0	-0.00366973178	9496.609375	
11.835424	-2.66340396688953E-03	-5.141946781125E-07	0	-0.00899885371	9496.609375	
11.83952	-2.66916475313984E-03	8.28306142846875E-07	0	-0.01051710033	9496.609375	
11.843616	-2.67204816353234E-03	1.12250344480312E-06	0	-0.0107955727	9496.609375	
11.847712	-2.67061615016453E-03	3.617717536125E-07	0	-0.01161573105	9496.609375	
11.851808	-2.66828060237578E-03	-4.4905099325625E-07	0	-0.00751875399	9496.609375	
11.855904	-2.66899587760094E-03	-2.30971163259375E-07	0	-0.00861357002	9496.609375	
11.86	-2.6691032191725E-03	-1.166316141375E-07	0	-0.01021955451	9496.609375	
11.864096	-2.66780423986484E-03	-4.0070200314375E-07	0	-0.01445004572	9496.609375	
11.868192	-2.6659784273925E-03	-7.03938959521875E-07	0	-0.0055694474	9496.609375	
11.872288	-0.0026646164512	-8.52329195746875E-07	0	0.00275039149	9496.609375	
11.876384	-2.66524084267547E-03	-5.39102585896875E-07	0	-0.00213241171	9496.609375	
11.88048	-2.66728847001375E-03	-7.669944253125E-09	0	0.00125503301	9496.609375	
11.884576	-2.66799816786594E-03	1.018720135125E-07	0	0.00191115969	9496.609375	
11.888672	-2.66708201578156E-03	-2.242065065625E-07	0	0.00171279581	9496.609375	
11.892768	-2.66732559154531E-03	-2.426122573875E-07	0	-0.00051498315	9496.609375	
11.896864	-2.66904771973984E-03	1.15908297553125E-07	0	-0.00682066572	9496.609375	
11.90096	-2.66979865357906E-03	2.03293787090625E-07	0	-0.01346967039	9496.609375	
11.905056	-2.66875605056328E-03	-1.305931386375E-07	0	-0.01348492915	9496.609375	
11.909152	-2.66771399614156E-03	-3.950390280375E-07	0	-0.01284787592	9496.609375	
11.913248	-2.6685619396975E-03	-1.8878394583125E-07	0	-0.01203534695	9496.609375	
11.917344	-2.67072440605953E-03	2.627141603625E-07	0	-0.00833128296	9496.609375	
11.92144	-2.67182479431656E-03	3.92963068575E-07	0	-0.00592039888	9496.609375	
11.925536	-2.67053934699578E-03	-1.40721013125E-09	0	-0.00545882139	9496.609375	
11.929632	-2.66856449980313E-03	-4.6168174985625E-07	0	-0.00166320484	9496.609375	
11.933728	-2.66831187223734E-03	-4.33191634115625E-07	0	0.00025176954	9496.609375	
11.937824	-2.66952435654781E-03	-8.3529483778125E-08	0	-0.00001144407	9496.609375	
11.94192	-2.6701067805775E-03	5.843119156875E-08	0	0.00117873921	9496.609375	
11.946016	-2.66901187826109E-03	-1.824219329625E-07	0	0.00193786252	9496.609375	
11.950112	-2.6669732112925E-03	-5.74052550946875E-07	0	-0.00271605928	9496.609375	
11.954208	-2.66635540294578E-03	-5.94113107809375E-07	0	-0.00752256868	9496.609375	
11.958304	-2.66731544255516E-03	-2.75260542046875E-07	0	-0.01206586447	9496.609375	
11.9624	-2.66819557029609E-03	-4.636293440625E-08	0	-0.01666638061	9496.609375	
11.966496	-2.66825353840203E-03	-5.0048026875E-09	0	-0.0144195282	9496.609375	
11.970592	-2.66839013832359E-03	0	0	-0.00797651679	9496.609375	
11.974688	-2.66872084911094E-03	0	0	-0.00427626749	9496.609375	
11.978784	-2.66851229193484E-03	0	0	-0.00180053368	9496.609375	
11.98288	-2.66722821609922E-03	0	0	-0.00274276211	9496.609375	
11.986976	-2.66491534353172E-03	0	0	-0.00065612668	9496.609375	
11.991072	-2.66305231809547E-03	0	0	-0.00000762938	9496.609375	
11.995168	-2.66222229527891E-03	0	0	-0.00025176954	9496.609375	
11.999264	-2.66123720320734E-03	0	0	-0.00156783759	9496.609375	
12.00336	-2.65923035469437E-03	0	0	-0.00343703569	9496.609375	
12.007456	-0.002656508962415	0	0	-0.00300216103	9496.609375	
12.011552	-2.65392718732453E-03	0	0	-0.00661467246	9496.609375	
12.015648	-2.65164595034797E-03	0	0	-0.00526808689	9496.609375	
12.019744	-2.64925426310016E-03	0	0	-0.00929639953	9496.609375	
12.02384	-2.64585819155625E-03	0	0	-0.00984571489	9496.609375	
12.027936	-2.64177235441109E-03	0	0	-0.00901411247	9496.609375	
12.032032	-2.63816370266797E-03	0	0	-0.00899122433	9547.984375	
12.036128	-2.63542466394625E-03	0	0	-0.00593947233	9547.984375	
12.040224	-2.63291265173406E-03	0	0	-0.00069427358	9547.984375	
12.04432	-2.62948759613719E-03	0	0	0.01436993723	9547.984375	
12.048416	-2.62515534882562E-03	0	0	0.04961385814	9547.984375	
12.052512	-2.62057166256875E-03	0	0	0.04893865801	9547.984375	
12.056608	-2.61628622861719E-03	0	0	0.05777729474	9547.984375	
12.060704	-2.61203563038859E-03	0	0	0.07646546105	9547.2265625	
12.0648	-2.60720205953625E-03	0	0	0.01226422835	9547.2265625	
12.068896	-2.60217995519109E-03	0	0	-0.01882549515	9547.2265625	
12.072992	-2.59810298698328E-03	-1.5374359625625E-07	0	0.03496926323	9547.2265625	
12.077088	-2.59532060933062E-03	-2.06834648934375E-07	0	-0.03990547209	9547.2265625	
12.081184	-2.59199795795875E-03	-2.0550123680625E-07	0	0.03528206781	9513.5859375	
12.08528	-2.58978602669875E-03	-2.06815418184375E-07	0	0.06116092477	9513.5859375	
12.089376	-2.58927053114469E-03	-1.835613549E-07	0	-0.04940405019	9513.5859375	
12.093472	-2.58604918680969E-03	-1.7395992219375E-07	0	0.02405162045	9513.5859375	
12.097568	-2.58271556355656E-03	-1.8471279605625E-07	0	0.03748695863	9464.5859375	
12.101664	-2.57629033846422E-03	-2.17801945659375E-07	0	-0.01837154704	9464.5859375	
12.10576	-2.56628069119984E-03	-3.03078302690625E-07	0	0.08903867929	9464.5859375	
12.109856	-2.55709558081141E-03	-4.0686353544375E-07	0	0.08860380463	9464.5859375	
12.113952	-2.54647077673828E-03	-4.98967529878125E-07	0	0.0011062601	9464.5859375	
12.118048	-2.52923779145297E-03	-6.50126513334375E-07	0	0.07383332495	9417.34375	
12.122144	-2.51024628790031E-03	-8.46885691575E-07	0	0.08809645086	9417.34375	
12.12624	-2.48610851487969E-03	-1.0784556523125E-06	0	0.03708260149	9417.34375	
12.130336	-2.45663868186859E-03	-1.37657194073437E-06	0	0.11442162655	9417.34375	
12.134432	-2.4274672840275E-03	-1.68649110196875E-06	0	0.133132681	9367.22265625	
12.138528	-2.39292222447953E-03	-2.00559631170938E-06	0	0.02500529295	9367.22265625	
12.142624	-2.34929701887375E-03	-2.41791753400312E-06	0	0.11326959017	9367.22265625	
12.14672	-2.30370108053078E-03	-2.87826803519063E-06	0	0.11671425524	9367.22265625	
12.150816	-2.25198374677375E-03	-3.36815552607187E-06	0	0.07313905137	9367.22265625	
12.154912	-2.1942050886525E-03	-3.9259499202E-06	0	0.16584746244	9317.7421875	
12.159008	-2.13578183250781E-03	-4.49160704685E-06	0	0.17184415512	9317.7421875	
12.163104	-2.07082143808203E-03	-5.07477425214375E-06	0	0.08590300411	9317.7421875	
12.1672	-1.99878427168234E-03	-5.73659282109375E-06	0	0.16215102783	9317.7421875	
12.171296	-1.92637945582844E-03	-6.415249353975E-06	0	0.18641627092	9269.0625	
12.175392	-1.84801901139969E-03	-7.10100804321562E-06	0	0.13777134404	9269.0625	
12.179488	-1.76501892411969E-03	-7.8557152212E-06	0	0.22809938855	9269.0625	
12.183584	-1.68421531603359E-03	-8.57209671635625E-06	0	0.23787643902	9269.0625	
12.18768	-1.59852190620375E-03	-9.28776210645937E-06	0	0.14603777727	9269.0625	
12.191776	-1.51055512257891E-03	-1.00346240999812E-05	0	0.23047594042	9219.6015625	
12.195872	-1.4237478839375E-03	-1.07605923643969E-05	0	0.23435548015	9219.6015625	
12.199968	-1.33455855844437E-03	-1.14725479024406E-05	0	0.19291268799	9219.6015625	
12.204064	-1.24549760396188E-03	-1.21967779474406E-05	0	0.28602927089	9219.6015625	
12.20816	-1.16203130316109E-03	-1.28381164887937E-05	0	0.2986139332	9219.6015625	
12.212256	-1.07881077250031E-03	-1.34162067760875E-05	0	0.22623019045	9219.6015625	
12.216352	-9.95294092478125E-04	-1.40082770974781E-05	0	0.27904075881	9173.40234375	
12.220448	-9.1737581486375E-04	-1.45421441116875E-05	0	0.32678923354	9173.40234375	
12.224544	-8.40927129310469E-04	-1.50039229768312E-05	0	0.28276008156	9173.40234375	
12.22864	-7.68507318552188E-04	-1.54423482595594E-05	0	0.35643700422	9173.40234375	
12.232736	-7.06056467665312E-04	-1.57440171886594E-05	0	0.39189454777	9124.78125	
12.236832	-6.48233556289688E-04	-1.59215787899438E-05	0	0.30934465617	9124.78125	
12.240928	-5.80579839314062E-04	-1.61709948866813E-05	0	0.36512305335	9124.78125	
12.245024	-5.39101282274844E-04	-1.65132983905313E-05	0	0.39915771753	9124.78125	
12.24912	-5.03133444025781E-04	-1.62259109375344E-05	0	0.35663918279	9124.78125	
12.253216	-4.66918921313281E-04	-1.614944154285E-05	0	0.43248666406	9124.78125	
12.257312	-4.40262278654688E-04	-1.6013132063775E-05	0	0.46857363146	9124.78125	
12.261408	-4.20312381274844E-04	-1.57526830453781E-05	0	0.40762632933	9075.44140625	
12.265504	-4.02229258057344E-04	-1.55302424024344E-05	0	0.43168557916	9075.44140625	
12.2696	-3.93251516224531E-04	-1.52348463036E-05	0	0.49815273772	9075.44140625	
12.273696	-3.88076628432969E-04	-1.48856377585781E-05	0	0.45075139978	9027.44140625	
12.277792	-3.87565978793125E-04	-1.45258215318562E-05	0	0.501631735	9027.44140625	
12.281888	-3.94747715097656E-04	-1.40916601871719E-05	0	0.56815229922	9027.44140625	
12.285984	-4.08331635543906E-04	-1.35433359758812E-05	0	0.49506283882	9027.44140625	
12.29008	-4.20655618293281E-04	-1.30890200840437E-05	0	0.52189918297	9027.44140625	
12.294176	-4.38897559491875E-04	-1.26547695567562E-05	0	0.58986932939	8978.44140625	
12.298272	-4.58735726547656E-04	-1.220592240945E-05	0	0.54055301707	8978.44140625	
12.302368	-4.79539876315156E-04	-1.18407085919719E-05	0	0.58072551746	8978.44140625	
12.306464	-5.05462682982812E-04	-1.14500755691437E-05	0	0.64773054731	8978.44140625	
12.31056	-5.27137817256875E-04	-1.10662329241406E-05	0	0.59950142164	8978.44140625	
12.314656	-5.50609597085625E-04	-1.08937035293625E-05	0	0.57874569335	8932.640625	
12.318752	-5.92043352276406E-04	-1.04761407257719E-05	0	0.67646279239	8932.640625	
12.322848	-6.21704918912344E-04	-9.914230470375E-06	0	0.63981125087	8932.640625	
12.326944	-6.49083602789531E-04	-9.7148835543375E-06	0	0.65313977773	8932.640625	
12.33104	-0.00067958954712	-9.53904863401875E-06	0	0.74365855674	8884.5390625	
12.335136	-7.11975523302656E-04	-9.27388928379375E-06	0	0.6961046312	8884.5390625	
12.339232	-7.38852243612656E-04	-9.136762017075E-06	0	0.66366069275	8884.5390625	
12.343328	-7.65703637163438E-04	-9.10326277172812E-06	0	0.76713034431	8884.5390625	
12.347424	-0.000792125938725	-9.04806450961875E-06	0	0.72977308514	8884.5390625	
12.35152	-8.1476531849625E-04	-9.10298777200312E-06	0	0.73972179666	8835.69921875	
12.355616	-8.38845763437344E-04	-9.16302593311875E-06	0	0.82181011077	8835.69921875	
12.359712	-8.63555262903438E-04	-9.13711153595625E-06	0	0.79611435893	8835.69921875	
12.363808	-8.825825165025E-04	-9.23846792498437E-06	0	0.7342515312	8835.69921875	
12.367904	-9.00624312300625E-04	-9.43524296859375E-06	0	0.83511574949	8835.69921875	
12.372	-9.18189837020156E-04	-9.58456325196562E-06	0	0.81289518024	8835.69921875	
12.376096	-9.30250860348906E-04	-9.858042065025E-06	0	0.80411376386	8787.77734375	
12.380192	-9.44711616971719E-04	-1.01255896340156E-05	0	0.89595242561	8787.77734375	
12.384288	-9.60956675782813E-04	-1.02099563765719E-05	0	0.88151382396	8787.77734375	
12.388384	-9.72704177604844E-04	-1.03819679834062E-05	0	0.81354367754	8787.77734375	
12.39248	-9.83126733333594E-04	-1.06414600316062E-05	0	0.91588036617	8787.77734375	
12.396576	-9.94168834623594E-04	-1.08345543096656E-05	0	0.89898891885	8739	
12.400672	-1.00131427228766E-03	-1.10989747183219E-05	0	0.88217376533	8739	
12.404768	-1.00987791703562E-03	-1.13576165269875E-05	0	0.97181898033	8739	
12.408864	-1.02159579477828E-03	-1.14179417070469E-05	0	0.96886259558	8739	
12.41296	-1.02939250502687E-03	-1.15403814884531E-05	0	0.89882488718	8693.3984375	
12.417056	-1.03653803412328E-03	-1.17525988243125E-05	0	0.97726254296	8693.3984375	
12.421152	-1.04551513592969E-03	-1.1873328511275E-05	0	0.98585703953	8693.3984375	
12.425248	-1.05102228885844E-03	-1.20509189586844E-05	0	0.94300281207	8693.3984375	
12.429344	-1.05818884739391E-03	-1.22621062474969E-05	0	1.02377124344	8693.3984375	
12.43344	-1.07038756783234E-03	-1.22137918727344E-05	0	1.04664030999	8645.13671875	
12.437536	-1.07979851610984E-03	-1.22036661617062E-05	0	0.96358306462	8645.13671875	
12.441632	-1.08875842863563E-03	-1.22824783425094E-05	0	1.04657546026	8645.13671875	
12.445728	-1.09973259569422E-03	-1.22931862644937E-05	0	1.05860699252	8645.13671875	
12.449824	-1.10862484828563E-03	-1.23351085783406E-05	0	1.02299304668	8645.13671875	
12.45392	-1.11841460076328E-03	-1.24273457457187E-05	0	1.09354192354	8596.5390625	
12.458016	-1.13394154994656E-03	-1.22765769061031E-05	0	1.11911179061	8596.5390625	
12.462112	-1.14810944877234E-03	-1.20889657956375E-05	0	1.05320157679	8596.5390625	
12.466208	-1.16150346424063E-03	-1.20116276518219E-05	0	1.08545096605	8596.5390625	
12.470304	-1.17770134396234E-03	-1.18632934251562E-05	0	1.14278194206	8596.5390625	
12.4744	-1.19235255415719E-03	-1.17227433253219E-05	0	1.09337407718	8596.5390625	
12.478496	-0.001206494394765	-1.17145423719844E-05	0	1.1487557466	8548.67578125	
12.482592	-0.00122693135224	-1.14526279704375E-05	0	1.1930824444	8548.67578125	
12.486688	-1.24513306320734E-03	-1.11928104417937E-05	0	1.12349868411	8548.67578125	
12.490784	-1.26178335016594E-03	-1.10981362576219E-05	0	1.14315196699	8548.67578125	
12.49488	-1.27999200999141E-03	-1.09850495918625E-05	0	1.20677336681	8500.078125	
12.498976	-1.29733261114531E-03	-1.08567797682094E-05	0	1.16342704434	8500.078125	
12.503072	-1.31342945812719E-03	-1.0845568000575E-05	0	1.20398482842	8500.078125	
12.507168	-1.33450068177078E-03	-1.06392227742281E-05	0	1.26130054567	8500.078125	
12.511264	-1.35445661368531E-03	-1.03725199159312E-05	0	1.21396024277	8500.078125	
12.51536	-1.37209180985078E-03	-1.02903209596687E-05	0	1.18813097678	8454.55859375	
12.519456	-1.39103366564078E-03	-1.01829095286187E-05	0	1.2796377605	8454.55859375	
12.523552	-1.40932635179016E-03	-1.00239933413812E-05	0	1.23385766581	8454.5546875	
12.527648	-1.42340802991578E-03	-1.0102641820425E-05	0	1.24943685977	8454.5546875	
12.531744	-1.44347752080125E-03	-9.98385684305625E-06	0	1.32750830531	8454.5546875	
12.53584	-1.4630535513275E-03	-9.71005327070625E-06	0	1.2816976931	8406.17578125	
12.539936	-1.48044828042891E-03	-9.6171182674875E-06	0	1.24001076078	8406.17578125	
12.544032	-1.49853890109859E-03	-9.52009504720312E-06	0	1.33855183286	8406.17578125	
12.548128	-1.51644848572766E-03	-9.38081922494062E-06	0	1.29511395783	8406.17578125	
12.552224	-1.53179622751719E-03	-9.38400624098438E-06	0	1.30111065051	8357.4375	
12.55632	-1.55145006696797E-03	-9.24151503732187E-06	0	1.38826487294	8357.4375	
12.560416	-1.57225933694672E-03	-8.89478004751875E-06	0	1.36303451328	8357.4375	
12.564512	-1.58986637195031E-03	-8.75720686778437E-06	0	1.30014553394	8357.4375	
12.568608	-1.60813391420516E-03	-8.64476443215E-06	0	1.39875908513	8357.4375	
12.572704	-1.62751455381281E-03	-8.43255671166562E-06	0	1.37823605293	8357.4375	
12.5768	-1.64264185222156E-03	-8.4058233249375E-06	0	1.34967165421	8309.65625	
12.580896	-1.66268464486266E-03	-8.27060591207812E-06	0	1.44123565828	8309.65625	
12.584992	-1.68535840319516E-03	-7.80466070494687E-06	0	1.42358508765	8309.65625	
12.589088	-1.70463737003656E-03	-7.57258882163437E-06	0	1.34881716365	8309.65625	
12.593184	-1.72411565938734E-03	-7.3786570444125E-06	0	1.45154676535	8261.17578125	
12.59728	-1.74463938615656E-03	-7.11538831729687E-06	0	1.43290819001	8261.17578125	
12.601376	-1.76200732558125E-03	-6.98739661836562E-06	0	1.40312690518	8261.17578125	
12.605472	-1.78132524260109E-03	-6.86115996575625E-06	0	1.49292852247	8261.17578125	
12.609568	-1.8039455130125E-03	-6.45583729415625E-06	0	1.49281408177	8261.17578125	
12.613664	-1.82310506921297E-03	-6.20995580926875E-06	0	1.41442220227	8215.796875	
12.61776	-1.84211138480531E-03	-6.06698239455E-06	0	1.48651984327	8215.796875	
12.621856	-1.86310745106234E-03	-5.78833507704375E-06	0	1.51143358366	8215.796875	
12.625952	-1.88005077868266E-03	-5.64124123375312E-06	0	1.46170909951	8215.796875	
12.630048	-1.89752569394953E-03	-5.62724605544062E-06	0	1.5447587155	8215.796875	
12.634144	-1.91988044483469E-03	-5.22005511647812E-06	0	1.56332862642	8167.11328125	
12.63824	-1.93862261238594E-03	-4.94962269460312E-06	0	1.47701363579	8167.11328125	
12.642336	-1.95603352501219E-03	-4.84004179456875E-06	0	1.53451245816	8167.11328125	
12.646432	-1.97412323135844E-03	-4.69101718397812E-06	0	1.56409537911	8167.11328125	
12.650528	-1.98933007590625E-03	-4.60569299045625E-06	0	1.51455781477	8118.6953125	
12.654624	-2.00402105917062E-03	-4.64074079194688E-06	0	1.58902437826	8118.6953125	
12.65872	-2.02405854873578E-03	-4.31743174025625E-06	0	1.61377790167	8118.6953125	
12.662816	-2.04127324755234E-03	-4.024759436775E-06	0	1.55014505778	8118.6953125	
12.666912	-2.05617397661328E-03	-3.95616936113437E-06	0	1.55725945463	8118.6953125	
12.671008	-2.07277077565078E-03	-3.80557672326562E-06	0	1.63422464007	8118.6953125	
12.675104	-2.08761408519984E-03	-3.64029756162187E-06	0	1.5772980212	8070.71484375	
12.6792	-2.09953814287766E-03	-3.72853160800312E-06	0	1.62010265769	8070.71484375	
12.683296	-2.11729485262797E-03	-3.47749964749687E-06	0	1.68416656155	8070.71484375	
12.687392	-2.13301554694766E-03	-3.1731093268875E-06	0	1.61433103172	8070.71484375	
12.691488	-2.14591089041313E-03	-3.11984543784375E-06	0	1.62304378368	8022.4765625	
12.695584	-2.16045165033672E-03	-3.00190084425E-06	0	1.68092026036	8022.4765625	
12.69968	-2.17408293273703E-03	-2.82767193194063E-06	0	1.63110803834	8022.4765625	
12.703776	-2.18518675085906E-03	-2.84345605077187E-06	0	1.66146915605	8022.4765625	
12.707872	-2.20080494952141E-03	-2.6418175504875E-06	0	1.72860388536	8022.4765625	
12.711968	-2.21690755674094E-03	-2.2626208143E-06	0	1.68811095101	7977.0546875	
12.716064	-2.22885785550141E-03	-2.17363364367188E-06	0	1.64502402746	7977.0546875	
12.72016	-2.24217954798578E-03	-2.08564046243438E-06	0	1.73934986709	7977.0546875	
12.724256	-2.25509820669891E-03	-1.9064279012625E-06	0	1.7001691861	7977.0546875	
12.728352	-2.26389527822047E-03	-1.98908887629375E-06	0	1.69584332764	7977.0546875	
12.732448	-2.27769945918281E-03	-1.86674596979062E-06	0	1.78268856018	7977.0546875	
12.736544	-2.29361929314719E-03	-1.437908177475E-06	0	1.73779347357	7928.11328125	
12.74064	-0.002305625274205	-1.26161724799687E-06	0	1.69297086607	7928.11328125	
12.744736	-2.31821047916047E-03	-1.1530786546125E-06	0	1.78944056148	7928.11328125	
12.748832	-2.33142226996766E-03	-9.32742096103125E-07	0	1.75236940406	7928.11328125	
12.752928	-2.34149985146344E-03	-8.9725054505625E-07	0	1.74287464065	7879.97265625	
12.757024	-2.35446450064547E-03	-7.76275906415625E-07	0	1.83103212655	7879.97265625	
12.76112	-2.37027297001516E-03	-3.79750341403125E-07	0	1.80687750947	7879.97265625	
12.765216	-2.38155306969594E-03	-2.152930539375E-07	0	1.73252920137	7879.97265625	
12.769312	-2.39309238007125E-03	-1.72317375759375E-07	0	1.82190738807	7879.97265625	
12.773408	-2.40624803141938E-03	4.7219904703125E-08	0	1.82357059291	7831.89453125	
12.777504	-2.4157932023775E-03	9.2604955471875E-08	0	1.78437846785	7831.89453125	
12.7816	-2.42713858475172E-03	1.38927986071875E-07	0	1.87179971858	7831.89453125	
12.785696	-2.44282179181047E-03	5.11442998171875E-07	0	1.86684443627	7831.89453125	
12.789792	-2.45522980088375E-03	7.79323980290625E-07	0	1.78491252445	7784.11328125	
12.793888	-2.46623094048375E-03	8.31697485609375E-07	0	1.87598443351	7784.11328125	
12.797984	-2.47875241709562E-03	1.00672663750312E-06	0	1.8641627092	7784.11328125	
12.80208	-2.48769879763453E-03	1.02893887490625E-06	0	1.83684571411	7784.11328125	
12.806176	-2.49724305426922E-03	1.00102520089687E-06	0	1.9211541778	7784.11328125	
12.810272	-2.51107018474984E-03	1.25938191369375E-06	0	1.92420211511	7738.65234375	
12.814368	-2.52231325433141E-03	1.4958686964375E-06	0	1.84614592833	7738.65234375	
12.818464	-2.53168890972422E-03	1.49707879138125E-06	0	1.88788245162	7738.65234375	
12.82256	-2.54355298778453E-03	1.66716395783437E-06	0	1.93365873162	7738.65234375	
12.826656	-2.55264648296453E-03	1.7508549799125E-06	0	1.87971901502	7738.65234375	
12.830752	-2.56134489898719E-03	1.73271629612812E-06	0	1.95065699026	7738.65234375	
12.834848	-2.57460094304875E-03	1.97526100550625E-06	0	1.98649600281	7689.51171875	
12.838944	-2.58658580323516E-03	2.28168401639062E-06	0	1.90217228036	7689.51171875	
12.84304	-2.59441030891625E-03	2.2581900495E-06	0	1.96008308925	7689.51171875	
12.847136	-2.60469132737687E-03	2.33399886792187E-06	0	1.97847370974	7689.51171875	
12.851232	-2.61291539240016E-03	2.39379231774375E-06	0	1.93953335422	7689.51171875	
12.855328	-2.62097698214859E-03	2.3817331951875E-06	0	1.99236299603	7641.4140625	
12.859424	-2.63312047745141E-03	2.598557016825E-06	0	2.03315729089	7641.4140625	
12.86352	-2.64516604871406E-03	2.93528672817187E-06	0	1.96770865456	7641.4140625	
12.867616	-2.65312651429031E-03	2.95572565004063E-06	0	1.97138983041	7641.4140625	
12.871712	-2.66402671258281E-03	3.08962599690937E-06	0	2.04793158526	7593.01171875	
12.875808	-2.67305090204625E-03	3.21398693024062E-06	0	1.99583054924	7593.01171875	
12.879904	-2.68033613976391E-03	3.18842637887812E-06	0	2.01831814679	7593.01171875	
12.884	-2.69083321285281E-03	3.3070418852625E-06	0	2.0918615553	7593.01171875	
12.888096	-2.70379978211406E-03	3.67355762451562E-06	0	2.02538295267	7593.01171875	
12.892192	-2.71219226551453E-03	3.7800048738375E-06	0	2.01786801337	7545.47265625	
12.896288	-2.72275800429359E-03	3.89038457115E-06	0	2.09359342456	7545.47265625	
12.900384	-2.73226358504688E-03	4.04741926988437E-06	0	2.05300512296	7545.47265625	
12.90448	-2.74026693239234E-03	4.05583849223437E-06	0	2.06202686481	7545.47265625	
12.908576	-2.75131982269891E-03	4.21637631246562E-06	0	2.14283725777	7545.47265625	
12.912672	-2.76495640817516E-03	4.61028697624687E-06	0	2.10164242046	7499.69140625	
12.916768	-2.77324859029453E-03	4.71578903420625E-06	0	2.04763022475	7499.69140625	
12.920864	-2.78287897619703E-03	4.75761447315E-06	0	2.14907427592	7499.69140625	
12.92496	-2.79179289825391E-03	4.86355643451563E-06	0	2.12164284013	7499.69140625	
12.929056	-2.79900764163453E-03	4.85808336306562E-06	0	2.10563640089	7499.69140625	
12.933152	-2.80801144168531E-03	4.92345204769687E-06	0	2.19088709301	7450.51171875	
12.937248	-2.82095140413453E-03	5.26766348233125E-06	0	2.15984314579	7450.51171875	
12.941344	-2.82937835752859E-03	5.443031095425E-06	0	2.09671002629	7450.51171875	
12.94544	-2.83791612692328E-03	5.45863420482187E-06	0	2.19364511388	7450.51171875	
12.949536	-2.84715499952984E-03	5.617292459625E-06	0	2.16701857768	7450.51171875	
12.953632	-2.85370466404203E-03	5.6051645871375E-06	0	2.15302629476	7402.55078125	
12.957728	-0.00286143737165	5.63960253346875E-06	0	2.24450637565	7402.55078125	
12.961824	-2.87262119307281E-03	5.90740490989687E-06	0	2.22929720662	7402.55078125	
12.96592	-2.87980932964141E-03	6.0520324095E-06	0	2.15286226309	7402.55078125	
12.970016	-2.88676266795125E-03	6.02408580283125E-06	0	2.23984100978	7402.55078125	
12.974112	-2.89463362126297E-03	6.15247894366875E-06	0	2.23940232043	7354.15234375	
12.978208	-2.90034256537438E-03	6.15177726167813E-06	0	2.19843636452	7354.15234375	
12.982304	-2.90674456665141E-03	6.1597159556625E-06	0	2.27874703309	7354.15234375	
12.9864	-2.91727930986594E-03	6.42087963680625E-06	0	2.28927557749	7354.15234375	
12.990496	-2.92571430930625E-03	6.70773031149375E-06	0	2.2026782998	7306.93359375	
12.994592	-2.93147628417703E-03	6.66891304261875E-06	0	2.29101126144	7306.93359375	
12.998688	-2.93917699046469E-03	6.79149657388125E-06	0	2.28789465971	7306.93359375	
13.002784	-2.94402253895406E-03	6.78824321175E-06	0	2.24872542279	7306.93359375	
13.00688	-2.94962249571172E-03	6.7775672608875E-06	0	2.3290589795	7306.93359375	
13.010976	-2.95892098220641E-03	7.0108285660875E-06	0	2.34579783922	7306.93359375	
13.015072	-2.96703816281984E-03	7.31122369838437E-06	0	2.27027842129	7260.87109375	
13.019168	-2.97237351437469E-03	7.29164703526875E-06	0	2.31386125454	7260.87109375	
13.023264	-2.98006864328938E-03	7.4538002385E-06	0	2.36608054595	7260.87109375	
13.02736	-2.98539988038875E-03	7.50797830932187E-06	0	2.31327379228	7260.87109375	
13.031456	-2.99051241132187E-03	7.51038696075937E-06	0	2.35727242674	7260.87109375	
13.035552	-2.99845385897063E-03	7.67703006334688E-06	0	2.40869826263	7211.5703125	
13.039648	-3.00711387340891E-03	8.01067299893437E-06	0	2.33137831102	7211.5703125	
13.043744	-3.01102269753656E-03	7.97820404101875E-06	0	2.3659088849	7211.5703125	
13.04784	-3.01748668994266E-03	8.04932488335937E-06	0	2.4109985207	7211.5703125	
13.051936	-3.02182853765031E-03	8.09823084406875E-06	0	2.36411979529	7211.5703125	
13.056032	-3.02566750746734E-03	8.05178040975E-06	0	2.41990200716	7163.6328125	
13.060128	-3.03245178737359E-03	8.19730358153437E-06	0	2.46349628448	7163.6328125	
13.064224	-3.04074890683953E-03	8.56261090853437E-06	0	2.40980452273	7163.6328125	
13.06832	-3.04450897054391E-03	8.56999647807187E-06	0	2.38921282611	7163.6328125	
13.072416	-3.05050382359422E-03	8.67022257976875E-06	0	2.4819517547	7163.6328125	
13.076512	-3.05445351797953E-03	8.71324753674375E-06	0	2.43419565059	7115.171875	
13.080608	-3.05749748356766E-03	8.64595505595937E-06	0	2.45297155477	7115.171875	
13.084704	-3.06256694986687E-03	8.71043023186875E-06	0	2.52912802593	7115.171875	
13.0888	-3.07115153262156E-03	9.09421446346875E-06	0	2.47696976956	7115.171875	
13.092896	-3.07447464115516E-03	9.16753482284062E-06	0	2.44068825297	7115.171875	
13.096992	-3.07976839099359E-03	9.20846314729688E-06	0	2.53457921794	7068.29296875	
13.101088	-3.08462381417609E-03	9.36450073164375E-06	0	2.492518446	7068.29296875	
13.105184	-3.08793915096047E-03	9.35250146479688E-06	0	2.50027371077	7068.29296875	
13.10928	-3.09287064585297E-03	9.4465703611125E-06	0	2.58505519602	7068.29296875	
13.113376	-3.10065720711141E-03	9.78841160580937E-06	0	2.55439653249	7022.05078125	
13.117472	-3.10328405834734E-03	9.8311892072625E-06	0	2.49017241165	7022.05078125	
13.121568	-3.10711964516766E-03	9.800711353125E-06	0	2.59276468451	7022.05078125	
13.125664	-3.11049816170156E-03	9.88265117503125E-06	0	2.5680874549	7022.05078125	
13.12976	-3.11227176630563E-03	9.81784907637187E-06	0	2.54490176908	7022.05078125	
13.133856	-3.11489194298047E-03	9.81606494354062E-06	0	2.6404139773	7022.05078125	
13.137952	-3.12167073694609E-03	1.01274103052719E-05	0	2.62589908185	7022.05078125	
13.142048	-3.12494456344641E-03	1.03226324658188E-05	0	2.55095186742	6972.5703125	
13.146144	-3.12761063915781E-03	1.027100126745E-05	0	2.65512342194	6972.5703125	
13.15024	-3.13095550858922E-03	1.03800622160812E-05	0	2.63134264448	6972.5703125	
13.154336	-3.13098184110422E-03	1.02419207676844E-05	0	2.59878426533	6924.93359375	
13.158432	-3.13239035635969E-03	1.01750720364562E-05	0	2.69953785761	6924.93359375	
13.162528	-3.13776794965734E-03	1.04478330617719E-05	0	2.68948614946	6924.93359375	
13.166624	-3.14014976221203E-03	1.06390783032187E-05	0	2.61770894242	6924.93359375	
13.17072	-3.14108118349781E-03	1.05318445162219E-05	0	2.68337501608	6924.93359375	
13.174816	-3.14348557984141E-03	1.0632829751775E-05	0	2.7155252234	6924.93359375	
13.178912	-3.14398443470891E-03	1.06016386771969E-05	0	2.66219204251	6876.37109375	
13.183008	-3.14544268915938E-03	1.06205631775031E-05	0	2.74865580605	6876.37109375	
13.187104	-3.15025376765516E-03	1.08912542529656E-05	0	2.76243446633	6876.37109375	
13.1912	-3.15416798629109E-03	1.12200750779906E-05	0	2.68166222027	6876.37109375	
13.195296	-3.15457897467625E-03	1.11141759050437E-05	0	2.75186777503	6829.73046875	
13.199392	-3.1581272810725E-03	1.12707964215E-05	0	2.77394720075	6829.73046875	
13.203488	-3.15874947817172E-03	1.12818377566125E-05	0	2.72469192347	6829.73046875	
13.207584	-3.1598301170425E-03	1.12475243293875E-05	0	2.80445709137	6829.73046875	
13.21168	-3.16409315006984E-03	1.1468432762325E-05	0	2.82781443824	6829.73046875	
13.215776	-3.16873288435344E-03	1.18327641287625E-05	0	2.76600120148	6783.15234375	
13.219872	-3.17003213795813E-03	1.17967728186E-05	0	2.77506109023	6783.15234375	
13.223968	-3.17382219147125E-03	1.19642368338281E-05	0	2.8490775203	6783.15234375	
13.228064	-3.17483827910734E-03	1.19796106165312E-05	0	2.79661408873	6783.15234375	
13.23216	-3.17535679192875E-03	1.18916917140656E-05	0	2.844614333	6733.69140625	
13.236256	-3.17836290452656E-03	1.20058733306531E-05	0	2.89969464191	6733.69140625	
13.240352	-3.18340320390812E-03	1.24166334968156E-05	0	2.83744653049	6733.69140625	
13.244448	-3.18315880525328E-03	1.23344044925062E-05	0	2.83658441055	6733.69140625	
13.248544	-3.18547204355016E-03	1.23744525293812E-05	0	2.90605754483	6733.69140625	
13.25264	-3.18601972328922E-03	1.24090902351281E-05	0	2.86369159769	6733.69140625	
13.256736	-3.18603416959953E-03	1.23286609886344E-05	0	2.90074368166	6686.0703125	
13.260832	-3.18847065869578E-03	1.24591074928031E-05	0	2.96032913946	6686.0703125	
13.264928	-3.19336320340984E-03	1.29036608944031E-05	0	2.92673697932	6686.0703125	
13.269024	-3.19297498167828E-03	1.28329410132E-05	0	2.88889525452	6686.0703125	
13.27312	-3.19484769894297E-03	1.28579383439719E-05	0	2.9798450935	6686.0703125	
13.277216	-0.003195049855855	1.28730734249906E-05	0	2.94577609711	6637.51171875	
13.281312	-3.19432936898625E-03	1.27648557447469E-05	0	2.94279300953	6637.51171875	
13.285408	-3.19490584991359E-03	1.27697095860469E-05	0	3.02737994559	6637.51171875	
13.289504	-3.19978495407313E-03	1.32141879877219E-05	0	2.98360637784	6637.51171875	
13.2936	-3.19973640349859E-03	1.32986499224906E-05	0	2.95069704721	6591.25	
13.297696	-3.20110624287266E-03	1.32828631594312E-05	0	3.0440081793	6591.25	
13.301792	-3.20257464631328E-03	1.34627908641187E-05	0	3.01037787226	6591.25	
13.305888	-3.20185324512109E-03	1.33636174056E-05	0	3.00071526249	6591.25	
13.309984	-3.20242076567875E-03	1.33816974355969E-05	0	3.10091191003	6591.25	
13.31408	-3.20673143495719E-03	1.37729569001062E-05	0	3.07600961371	6544.19140625	
13.318176	-3.20677486532047E-03	1.38659854128469E-05	0	3.00643729749	6544.19140625	
13.322272	-0.003207379324545	1.37849927053781E-05	0	3.10043125909	6544.19140625	
13.326368	-3.20809139963812E-03	1.38846108749906E-05	0	3.09945469845	6544.19140625	
13.330464	-3.20711709658313E-03	1.37838729949594E-05	0	3.05973996086	6544.19140625	
13.33456	-3.20728844079531E-03	1.37909636128687E-05	0	3.16000908751	6494.953125	
13.338656	-3.21211826292156E-03	1.42354153318781E-05	0	3.15251703635	6494.953125	
13.342752	-3.21394599547313E-03	1.454690468385E-05	0	3.07488046547	6494.953125	
13.346848	-3.21365825788734E-03	1.43907757534406E-05	0	3.16816108004	6494.953125	
13.350944	-3.2153361328275E-03	1.45503229496625E-05	0	3.17015234822	6494.953125	
13.35504	-3.21419551433922E-03	1.44495778581E-05	0	3.13167357019	6447.2109375	
13.359136	-3.21383627666062E-03	1.44076968903656E-05	0	3.22804408366	6447.2109375	
13.363232	-3.21702927696906E-03	1.46976377061937E-05	0	3.23076014294	6447.2109375	
13.367328	-3.21859907887891E-03	1.50030736988344E-05	0	3.16179054774	6447.2109375	
13.371424	-3.21787621476922E-03	1.48540103863594E-05	0	3.20960768689	6447.2109375	
13.37552	-3.21935302998547E-03	1.50227308907156E-05	0	3.25257635505	6398.8125	
13.379616	-3.21835824608547E-03	1.49496393772687E-05	0	3.2057510353	6398.8125	
13.383712	-3.21752996048344E-03	1.48730457038625E-05	0	3.2779249701	6398.8125	
13.387808	-3.21999195920359E-03	1.51103957068969E-05	0	3.31292475085	6398.8125	
13.391904	-3.22276939950969E-03	1.55456851754531E-05	0	3.23973610851	6398.8125	
13.396	-3.22073384124078E-03	1.53178967013188E-05	0	3.29197828806	6352.79296875	
13.400096	-3.22166133093578E-03	1.54054954117969E-05	0	3.32140862141	6352.79296875	
13.404192	-3.21980754016625E-03	1.53297507760031E-05	0	3.28065247345	6352.79296875	
13.408288	-3.21812966522609E-03	1.51986227821312E-05	0	3.34157688744	6352.79296875	
13.412384	-3.2198448445625E-03	1.54282427448187E-05	0	3.38064694242	6352.79296875	
13.41648	-3.22300428920078E-03	1.59554640925969E-05	0	3.32652793539	6352.79296875	
13.420576	-3.22145825970031E-03	1.58039450133469E-05	0	3.33348211526	6305.5703125	
13.424672	-3.22230528893281E-03	1.5888247573275E-05	0	3.41015356957	6305.5703125	
13.428768	-3.22084474867375E-03	1.58290300844156E-05	0	3.36725738052	6305.5703125	
13.432864	-3.21921771011672E-03	1.57063578513187E-05	0	3.39384195513	6305.5703125	
13.43696	-3.21979272812656E-03	1.58312935436906E-05	0	3.46312435491	6256.55078125	
13.441056	-3.22329495262156E-03	1.63633528674E-05	0	3.40883750152	6256.55078125	
13.445152	-3.22122849022047E-03	1.6252743362625E-05	0	3.40222282906	6256.55078125	
13.449248	-3.22209280016594E-03	1.62994017294281E-05	0	3.47924523485	6256.55078125	
13.453344	-3.22235621674828E-03	1.64796938568281E-05	0	3.44605743185	6208.79296875	
13.45744	-3.22140897766703E-03	1.64165535353531E-05	0	3.45783337988	6208.79296875	
13.461536	-3.22214482516953E-03	1.65413993239687E-05	0	3.53540510103	6208.79296875	
13.465632	-3.22591348351422E-03	1.70520803036719E-05	0	3.50766086066	6208.79296875	
13.469728	-0.00322499577708	1.7008527222225E-05	0	3.46324642499	6208.79296875	
13.473824	-3.22542532623094E-03	1.69819359026625E-05	0	3.55468454429	6160.51171875	
13.47792	-3.22451429435781E-03	1.69827169114969E-05	0	3.53785031732	6160.51171875	
13.482016	-3.22216375166469E-03	1.676622554145E-05	0	3.53221983488	6160.51171875	
13.486112	-3.22149720987875E-03	1.67699577492562E-05	0	3.61512830734	6160.51171875	
13.490208	-3.22552773045594E-03	1.73573828829844E-05	0	3.59040148676	6114.37109375	
13.494304	-3.22528433755688E-03	1.75299317488969E-05	0	3.53532499254	6114.37109375	
13.4984	-3.22467512385047E-03	1.73976703426969E-05	0	3.63531946151	6114.37109375	
13.502496	-3.22463269924297E-03	1.75166483487188E-05	0	3.61378553646	6114.37109375	
13.506592	-3.22240623024031E-03	1.73326283404313E-05	0	3.60359268478	6114.37109375	
13.510688	-3.22153140557531E-03	1.73040512055469E-05	0	3.695671672	6114.37109375	
13.514784	-3.22437678011281E-03	1.77499385000437E-05	0	3.6864782691	6066.7109375	
13.51888	-3.22346135948719E-03	1.78591239677812E-05	0	3.61747815638	6066.7109375	
13.522976	-3.22222217693234E-03	1.76824354425469E-05	0	3.69553815785	6066.7109375	
13.527072	-3.2218665965475E-03	1.780725526965E-05	0	3.71570260919	6066.7109375	
13.531168	-3.22000960564594E-03	1.77146577660937E-05	0	3.6777044821	6066.7109375	
13.535264	-3.21886258689359E-03	1.77144931027969E-05	0	3.76588485614	6017.75	
13.53936	-3.22180853700922E-03	1.81839832583062E-05	0	3.78223843217	6017.75	
13.543456	-3.22290700518703E-03	1.8570021814575E-05	0	3.70410595159	6017.75	
13.547552	-3.22087546994125E-03	1.828643940585E-05	0	3.79478494758	6017.75	
13.551648	-3.22134250635313E-03	1.84533365947219E-05	0	3.80026284242	6017.75	
13.555744	-3.21901125588453E-03	1.82864504635313E-05	0	3.76507232717	5969.8515625	
13.55984	-3.2171267438475E-03	1.81548450662906E-05	0	3.85019713452	5969.8515625	
13.563936	-3.21855153406016E-03	1.8442671941925E-05	0	3.8718722031	5969.8515625	
13.568032	-0.00321965905404	1.8856036913175E-05	0	3.80327644752	5969.8515625	
13.572128	-3.21821798887016E-03	1.87021231247812E-05	0	3.8473818933	5921.7109375	
13.576224	-3.21897056849156E-03	1.89188781964875E-05	0	3.90891665769	5921.7109375	
13.58032	-3.21730028243594E-03	1.88474200948687E-05	0	3.8584444943	5921.7109375	
13.584416	-3.21569774774703E-03	1.87547088895031E-05	0	3.91750733957	5921.7109375	
13.588512	-3.21703403145094E-03	1.9017221367375E-05	0	3.97344976842	5921.7109375	
13.592608	-3.21933017189953E-03	1.95676347592687E-05	0	3.89830037542	5875.61328125	
13.596704	-3.21597954223047E-03	1.91664757854281E-05	0	3.93697751733	5875.61328125	
13.6008	-3.21523208282031E-03	1.91254190957156E-05	0	3.99517061328	5875.61328125	
13.604896	-3.21264509608625E-03	1.90209369886594E-05	0	3.95573434806	5875.61328125	
13.608992	-3.21017075399969E-03	1.88655443555906E-05	0	4.01325605857	5875.61328125	
13.613088	-3.21049753319625E-03	1.9111844349675E-05	0	4.05845250569	5827.7109375	
13.617184	-3.21249889576859E-03	1.96905944920781E-05	0	4.01922223373	5827.7109375	
13.62128	-3.20976232572016E-03	1.94592221272969E-05	0	4.00209809032	5827.7109375	
13.625376	-3.20917231280594E-03	1.95028725644156E-05	0	4.09895306942	5827.7109375	
13.629472	-3.20691210526844E-03	1.94432908932281E-05	0	4.06021870716	5827.7109375	
13.633568	-3.20389520365406E-03	1.92387293189438E-05	0	4.08486160456	5779.01171875	
13.637664	-0.00320277113442	1.92682511644219E-05	0	4.16336411007	5779.01171875	
13.64176	-3.20535263521344E-03	1.99161860934094E-05	0	4.11949136038	5779.01171875	
13.645856	-3.20285680652609E-03	1.98007208242594E-05	0	4.08985884846	5779.01171875	
13.649952	-3.20266671868344E-03	1.98287830558125E-05	0	4.18496669954	5779.01171875	
13.654048	-3.20182590685031E-03	1.99863155905875E-05	0	4.15805787628	5731.05078125	
13.658144	-3.19961242124047E-03	1.98172799423156E-05	0	4.17081038495	5731.05078125	
13.66224	-3.19901061355391E-03	1.99021077421031E-05	0	4.24774886756	5731.05078125	
13.666336	-3.20201754904281E-03	2.054568330045E-05	0	4.23671678408	5731.05078125	
13.670432	-3.20021715476203E-03	2.04567903604969E-05	0	4.1785351322	5731.05078125	
13.674528	-3.19929844257203E-03	2.03308217364656E-05	0	4.27772088689	5683.2734375	
13.678624	-3.19750655149922E-03	2.02922184096844E-05	0	4.26748225893	5683.2734375	
13.68272	-3.19444813960078E-03	2.00310484785469E-05	0	4.25477934123	5683.2734375	
13.686816	-3.19304346450375E-03	2.00562825879281E-05	0	4.33926328066	5683.2734375	
13.690912	-3.19629854737359E-03	2.0764185005025E-05	0	4.33414778137	5683.2734375	
13.695008	-3.19558244925734E-03	2.09539569306375E-05	0	4.27697702234	5637.03125	
13.699104	-3.19375133370906E-03	2.06725995196875E-05	0	4.37405325346	5637.03125	
13.7032	-3.19326875379875E-03	2.08231395133781E-05	0	4.36438301431	5637.03125	
13.707296	-3.19056381934125E-03	2.06099753034656E-05	0	4.34393627591	5637.03125	
13.711392	-3.18889527050016E-03	2.05473823372125E-05	0	4.43251337771	5637.03125	
13.715488	-3.19049131349266E-03	2.09930891030437E-05	0	4.44009316674	5588.8125	
13.719584	-3.18928276077297E-03	2.11113142252031E-05	0	4.37616277703	5588.8125	
13.72368	-3.18734430365313E-03	2.08751574902062E-05	0	4.4521628459	5588.8125	
13.727776	-3.1868823874525E-03	2.10666113852906E-05	0	4.47996812131	5588.8125	
13.731872	-3.18450843807937E-03	2.09354374780031E-05	0	4.43992913507	5540.37109375	
13.735968	-3.18225801380266E-03	2.08247661944438E-05	0	4.51938531308	5540.37109375	
13.740064	-3.18386886883484E-03	2.12816397760312E-05	0	4.5487126498	5540.37109375	
13.74416	-3.18454583390797E-03	2.17295886069281E-05	0	4.4802008174	5540.37109375	
13.748256	-3.18148339898641E-03	2.13073166734313E-05	0	4.55142489439	5540.37109375	
13.752352	-3.18044353894094E-03	2.13294325167E-05	0	4.57863507816	5540.37109375	
13.756448	-3.17679694277516E-03	2.10319082949937E-05	0	4.54830447797	5492.171875	
13.760544	-3.17392048124078E-03	2.08559861151469E-05	0	4.62746311016	5492.171875	
13.76464	-3.17453326080859E-03	2.12465359649812E-05	0	4.65213271039	5492.171875	
13.768736	-3.17560749941531E-03	2.18273368264875E-05	0	4.59953576467	5492.171875	
13.772832	-3.17336411542906E-03	2.15823731291437E-05	0	4.62741351919	5444.69140625	
13.776928	-3.17333247983813E-03	2.17714114016437E-05	0	4.69814550117	5444.69140625	
13.781024	-3.17111323399062E-03	2.16627552603E-05	0	4.65508528045	5444.69140625	
13.78512	-3.16849369734219E-03	2.14300687141406E-05	0	4.7131257888	5444.69140625	
13.789216	-3.16873270148875E-03	2.16646076622937E-05	0	4.76933143126	5444.69140625	
13.793312	-3.17072236072109E-03	2.23100728822125E-05	0	4.71590669781	5398.19140625	
13.797408	-3.16767546929797E-03	2.19523160284312E-05	0	4.72754913169	5398.19140625	
13.801504	-3.16693815887797E-03	2.19460367077875E-05	0	4.8010543933	5398.19140625	
13.8056	-3.16506077856375E-03	2.19407883957281E-05	0	4.76623008829	5398.19140625	
13.809696	-3.16274443156719E-03	2.17728001021781E-05	0	4.81511152595	5398.19140625	
13.813792	-3.16293799383891E-03	2.20404024788063E-05	0	4.87589098172	5349.79296875	
13.817888	-3.16506077856375E-03	2.27111027696437E-05	0	4.84731895362	5349.79296875	
13.821984	-3.16236233580266E-03	2.23552995196781E-05	0	4.82675014514	5349.79296875	
13.82608	-3.16176528259797E-03	2.23624665798187E-05	0	4.92505470644	5349.79296875	
13.830176	-0.003159424888895	2.22418674215719E-05	0	4.88950179564	5349.79296875	
13.834272	-3.15606081867141E-03	2.19093490040906E-05	0	4.90537472073	5301.1953125	
13.838368	-3.15465093193078E-03	2.19628032775594E-05	0	4.99489023627	5301.1953125	
13.842464	-3.15750773551125E-03	2.2804325272575E-05	0	4.96981246421	5301.1953125	
13.84656	-3.15519797164344E-03	2.26789556864062E-05	0	4.93799794961	5301.1953125	
13.850656	-3.15426645892531E-03	2.25865627499531E-05	0	5.03185458237	5253.07421875	
13.854752	-3.15286480109562E-03	2.26525131647719E-05	0	5.01246069841	5253.07421875	
13.858848	-3.14979806885391E-03	2.22943902055875E-05	0	5.01852224082	5253.07421875	
13.862944	-3.14833469419219E-03	2.23201743144187E-05	0	5.1034448696	5253.07421875	
13.86704	-3.15000616886828E-03	2.2928313610125E-05	0	5.0991342699	5253.07421875	
13.871136	-3.14730013722266E-03	2.27578616171156E-05	0	5.04394333498	5206.01171875	
13.875232	-0.003145059039045	2.24993150006625E-05	0	5.14336941514	5206.01171875	
13.879328	-3.14298178762734E-03	2.25348839554781E-05	0	5.14435360516	5206.01171875	
13.883424	-3.13948797490797E-03	2.2239706606425E-05	0	5.12005402986	5206.01171875	
13.88752	-3.13729524444016E-03	2.2236856609275E-05	0	5.21980435867	5206.01171875	
13.891616	-3.13982792036203E-03	2.30251548594375E-05	0	5.21959073603	5206.01171875	
13.895712	-3.13967586837437E-03	2.3365140096375E-05	0	5.15953225667	5159.3125	
13.899808	-3.13820920214828E-03	2.30640834262781E-05	0	5.25663900531	5159.3125	
13.903904	-3.13833675026781E-03	2.33281052776406E-05	0	5.25905370408	5159.3125	
13.908	-3.13586588261031E-03	2.30292853841531E-05	0	5.24442436793	5159.3125	
13.912096	-3.13474510494062E-03	2.30261779353375E-05	0	5.33804448991	5110.875	
13.916192	-3.13734717801141E-03	2.36823508368562E-05	0	5.3483479676	5110.875	
13.920288	-3.13798007269484E-03	2.40387788458125E-05	0	5.29293578066	5110.875	
13.924384	-3.13664479474672E-03	2.37115972018406E-05	0	5.35187655585	5110.875	
13.92848	-3.1366984655325E-03	2.38946785091437E-05	0	5.39574549085	5110.875	
13.932576	-3.13422842076609E-03	2.35737023878125E-05	0	5.36280182801	5062.71484375	
13.936672	-3.13226344826656E-03	2.33748350386031E-05	0	5.4425708106	5062.71484375	
13.940768	-3.1337024104925E-03	2.38423463499375E-05	0	5.48068719308	5062.71484375	
13.944864	-3.13455190839828E-03	2.43274571629031E-05	0	5.41761892331	5062.71484375	
13.94896	-3.13068331450188E-03	2.36260251720281E-05	0	5.47519022479	5062.71484375	
13.953056	-0.003129154199985	2.35978593348094E-05	0	5.52000138822	5014.29296875	
13.957152	-3.12514050295906E-03	2.3237797916025E-05	0	5.49118903465	5014.29296875	
13.961248	-3.12161048303156E-03	2.29587335316281E-05	0	5.56234826191	5014.29296875	
13.965344	-3.12146272836406E-03	2.33838744526406E-05	0	5.60725860728	5014.29296875	
13.96944	-3.1218615562475E-03	2.39546270068875E-05	0	5.57273566278	4967.5546875	
13.973536	-3.11890856584141E-03	2.35408603533469E-05	0	5.58858569973	4967.5546875	
13.977632	-3.11831635855094E-03	0.000023727437811	0	5.67142932246	4967.5546875	
13.981728	-3.11533026963641E-03	2.35093255291125E-05	0	5.63678430788	4967.5546875	
13.985824	-3.11145244107328E-03	2.31034725695812E-05	0	5.67902818494	4967.5546875	
13.98992	-3.10998623200891E-03	2.32126397681063E-05	0	5.75487185152	4967.5546875	
13.994016	-3.11162341955609E-03	2.40406627381594E-05	0	5.70531902842	4920.61328125	
13.998112	-3.10821226167547E-03	2.36333681935312E-05	0	5.72009713748	4920.61328125	
14.002208	-3.10720230000641E-03	2.36328215594625E-05	0	5.79857675485	4920.61328125	
14.006304	-3.10476709096297E-03	2.35502298151313E-05	0	5.77206084466	4920.61328125	
14.0104	-3.10230426935172E-03	2.33448884339344E-05	0	5.80712547514	4871.97265625	
14.014496	-3.10268398787531E-03	2.37582755205469E-05	0	5.88558983375	4871.97265625	
14.018592	-3.10577202385312E-03	2.46962027076187E-05	0	5.86764553199	4871.97265625	
14.022688	-3.10335007249953E-03	2.42955004640906E-05	0	5.83841737721	4871.97265625	
14.026784	-3.10274579613969E-03	2.42248846693219E-05	0	5.94461453212	4871.9765625	
14.03088	-3.10097575739703E-03	2.41376539873219E-05	0	5.93731321546	4871.9765625	
14.034976	-3.09859165903375E-03	2.38721669931937E-05	0	5.93212905175	4824.03515625	
14.039072	-3.09770494816406E-03	2.39590298871E-05	0	6.03300089942	4824.03515625	
14.043168	-3.10103527985281E-03	2.48788623807281E-05	0	6.02040479304	4824.03515625	
14.047264	-3.10006865711469E-03	2.4853269377475E-05	0	5.97829443013	4824.03515625	
14.05136	-3.09943923686031E-03	2.46475537178062E-05	0	6.08689865443	4824.03515625	
14.055456	-3.09900209882484E-03	2.47879780966125E-05	0	6.07850252174	4775.45703125	
14.059552	-3.09612371721125E-03	2.43175778458594E-05	0	6.08478913086	4775.45703125	
14.063648	-3.09465503947359E-03	2.42731286114625E-05	0	6.17577711674	4775.45703125	
14.067744	-3.09651861350391E-03	2.49492014930812E-05	0	6.18233456885	4775.45703125	
14.07184	-3.09466335981687E-03	2.48490773143594E-05	0	6.12628151399	4775.45703125	
14.075936	-3.09290008706766E-03	2.45359463774906E-05	0	6.21521719665	4729.25390625	
14.080032	-3.09174639375422E-03	2.46248359520625E-05	0	6.24230149565	4729.25390625	
14.084128	-3.08909970169969E-03	2.43255941839969E-05	0	6.22337681856	4729.25390625	
14.088224	-3.08743718739328E-03	2.43074242502437E-05	0	6.31870210697	4729.25390625	
14.09232	-3.09007153608141E-03	2.51262289602844E-05	0	6.34578640597	4729.25390625	
14.096416	-3.09081908692391E-03	2.55845768192437E-05	0	6.28392357824	4681.93359375	
14.100512	-3.08849633966328E-03	2.49952963989094E-05	0	6.38474964963	4681.93359375	
14.104608	-3.08774403433891E-03	2.50908708225656E-05	0	6.39591143257	4681.93359375	
14.108704	-3.08403224691203E-03	2.45280019142812E-05	0	6.38234639493	4681.93359375	
14.1128	-3.08189382725641E-03	2.44274450436844E-05	0	6.47321231073	4681.93359375	
14.116896	-3.08334943016891E-03	2.50528987451531E-05	0	6.50280667575	4633.296875	
14.120992	-3.08379241987438E-03	2.55095932403812E-05	0	6.44747841199	4633.296875	
14.125088	-3.08144672309547E-03	2.50008689894906E-05	0	6.51742075314	4633.296875	
14.129184	-3.08116492861203E-03	2.52124541144437E-05	0	6.57333647916	4633.296875	
14.13328	-3.07915076551156E-03	2.50074459059906E-05	0	6.5432614632	4585.21875	
14.137376	-3.07719795351375E-03	2.4864392443275E-05	0	6.61352423831	4585.21875	
14.141472	-3.07828499264859E-03	2.53289124114469E-05	0	6.67746988678	4585.21875	
14.145568	-3.07977213971969E-03	2.59933574200781E-05	0	6.62259557113	4585.21875	
14.149664	-3.07657264771484E-03	2.52329988054375E-05	0	6.68095269875	4585.21875	
14.15376	-0.0030763984691	2.53995921484594E-05	0	6.73893980144	4585.21875	
14.157856	-3.07415225071109E-03	2.51833043839781E-05	0	6.72089250305	4536.6171875	
14.161952	-3.07226033265422E-03	2.50330677553687E-05	0	6.77589270347	4536.6171875	
14.166048	-3.07319815420406E-03	2.54908026341719E-05	0	6.84523613829	4536.6171875	
14.170144	-3.07600659007469E-03	2.64160173339562E-05	0	6.81475676519	4536.6171875	
14.17424	-3.07437616852094E-03	2.59780954161094E-05	0	6.82271039384	4490.53515625	
14.178336	-3.07478349961234E-03	2.61247981540219E-05	0	6.9226323837	4490.53515625	
14.182432	-3.07286387755531E-03	2.58569027488406E-05	0	6.90170117967	4490.53515625	
14.186528	-3.07022989459656E-03	2.54348005267125E-05	0	6.94810306883	4490.53515625	
14.190624	-3.06989918380922E-03	2.55906465247125E-05	0	7.02303883919	4490.53515625	
14.19472	-3.07293226894844E-03	2.66024433494531E-05	0	6.99830057454	4490.53515625	
14.198816	-3.07096537636969E-03	2.61955805351625E-05	0	6.99757578344	4443.078125	
14.202912	-3.07092880343219E-03	2.62118915765437E-05	0	7.09165366822	4443.078125	
14.207008	-3.07010316936812E-03	2.62622124396844E-05	0	7.08244500656	4443.078125	
14.211104	-3.06873461004688E-03	2.60573270676469E-05	0	7.11525896994	4443.078125	
14.2152	-3.06945436545687E-03	2.64230589134531E-05	0	7.19902193296	4443.078125	
14.219296	-3.07274282113219E-03	2.73257632992094E-05	0	7.19819033054	4394.4765625	
14.223392	-3.07087723559031E-03	2.68170222214125E-05	0	7.15968866437	4394.4765625	
14.227488	-3.06989351500391E-03	2.65402059116906E-05	0	7.27967592363	4394.48046875	
14.231584	-0.00306865085802	2.64993206160375E-05	0	7.27467486504	4346.6171875	
14.23568	-3.06605920823641E-03	2.61166327775719E-05	0	7.27870317768	4346.6171875	
14.239776	-3.06492114985375E-03	2.61681716683406E-05	0	7.37905622751	4346.6171875	
14.243872	-3.06818263298766E-03	2.72268114750844E-05	0	7.38687634201	4346.6171875	
14.247968	-3.06807931443922E-03	2.73580178342625E-05	0	7.34322484434	4346.6171875	
14.252064	-0.0030675624474	2.70834551280563E-05	0	7.46357449915	4297.87890625	
14.25616	-3.06761090654219E-03	2.72402994423656E-05	0	7.4658823866	4297.87890625	
14.260256	-3.06517304596078E-03	2.67369417726469E-05	0	7.4684382289	4297.87890625	
14.264352	-3.06399996899047E-03	2.66708822233219E-05	0	7.57116020122	4297.87890625	
14.268448	-3.06664903828594E-03	2.75535702829406E-05	0	7.5927208291	4297.87890625	
14.272544	-3.06615786373531E-03	2.76145541161875E-05	0	7.54401486718	4297.87890625	
14.27664	-3.0647872929025E-03	2.72015605387969E-05	0	7.64292977888	4297.87890625	
14.280736	-3.06470719816937E-03	2.74326278558063E-05	0	7.67987123684	4252.1171875	
14.284832	-3.06311764687328E-03	2.71945937188406E-05	0	7.6583334971	4252.1171875	
14.288928	-3.06226403451203E-03	2.72225081140031E-05	0	7.75443316758	4252.1171875	
14.293024	-3.06502968004578E-03	2.80253902438125E-05	0	7.7964252751	4252.1171875	
14.29712	-3.0659576269025E-03	2.83873718529844E-05	0	7.74608662586	4204.19921875	
14.301216	-3.06330179161359E-03	2.75439779848406E-05	0	7.84417374983	4204.19921875	
14.305312	-3.06293158205375E-03	2.76854441895281E-05	0	7.8766863527	4204.19921875	
14.309408	-3.0600357368625E-03	2.72145340835156E-05	0	7.86443738311	4204.19921875	
14.313504	-3.05810368000672E-03	2.70864022404937E-05	0	7.96459588375	4155.59765625	
14.3176	-3.05972788416109E-03	2.78107224296344E-05	0	8.0029525917	4155.59765625	
14.321696	-3.06100080525078E-03	2.84570088025781E-05	0	7.96983726781	4155.59765625	
14.325792	-3.05918276452766E-03	2.78862735560062E-05	0	8.02159498173	4155.6015625	
14.329888	-3.05951978414672E-03	2.81268629788781E-05	0	8.09990675274	4155.6015625	
14.333984	-3.05781191939781E-03	2.78595481019625E-05	0	8.08098207565	4107.76171875	
14.33808	-0.003056096100035	2.76351485667469E-05	0	8.15753908926	4107.76171875	
14.342176	-3.05724631891937E-03	2.81427254630156E-05	0	8.22568089673	4107.76171875	
14.346272	-3.05955653994891E-03	2.89981277326125E-05	0	8.18928112475	4107.76171875	
14.350368	-3.05699533713578E-03	2.82382626270937E-05	0	8.23524050987	4107.76171875	
14.354464	-3.05684529665969E-03	2.83517146771031E-05	0	8.31338824921	4059.12109375	
14.35856	-3.05483314507078E-03	2.80728663982594E-05	0	8.3063348874	4059.12109375	
14.362656	-3.05317547667859E-03	2.78624043491062E-05	0	8.36949089504	4059.12109375	
14.366752	-3.05449685691047E-03	2.84541729881062E-05	0	8.44533074693	4059.12109375	
14.370848	-3.05771564113984E-03	2.95055024656219E-05	0	8.44060434602	4059.12109375	
14.374944	-3.0558547186475E-03	2.88578305171406E-05	0	8.43443599229	4059.12109375	
14.37904	-3.05569800361031E-03	2.88578535940406E-05	0	8.55654803388	4013.4609375	
14.383136	-3.05395996618797E-03	2.85934004931094E-05	0	8.54709904675	4013.4609375	
14.387232	-3.05168412371969E-03	2.82488897799281E-05	0	8.58238111456	4013.4609375	
14.391328	-3.05128520440391E-03	2.84248460943562E-05	0	8.68118921494	4013.4609375	
14.395424	-3.05445488946469E-03	2.95253101381219E-05	0	8.67623393263	3965.359375	
14.39952	-3.05298310302734E-03	2.91655126613812E-05	0	8.67846171159	3965.359375	
14.403616	-3.05295594762125E-03	2.91118028593219E-05	0	8.78334279845	3965.359375	
14.407712	-3.05280407849828E-03	2.92999319981156E-05	0	8.78392263133	3965.359375	
14.411808	-3.05089963421031E-03	2.88816172722E-05	0	8.81272735552	3916.8203125	
14.415904	-3.05069756873062E-03	2.90324296213875E-05	0	8.91843623011	3916.8203125	
14.42	-3.05354010886547E-03	3.001552767675E-05	0	8.93564048201	3916.8203125	
14.424096	-3.05184358172719E-03	2.95671233174625E-05	0	8.90850659204	3916.8203125	
14.428192	-3.05072015251953E-03	2.92309491344062E-05	0	9.02437780079	3916.82421875	
14.432288	-3.04962771887641E-03	2.92524178629375E-05	0	9.04578584107	3868.921875	
14.436384	-0.00304747951596	2.89156520939344E-05	0	9.05061523861	3868.921875	
14.44048	-3.04684698700594E-03	2.90744218870875E-05	0	9.15960856129	3868.921875	
14.444576	-3.05063859486891E-03	3.03331386572156E-05	0	9.19025578075	3868.921875	
14.448672	-3.05089305108156E-03	3.04413585009187E-05	0	9.16155405319	3868.921875	
14.452768	-3.04952010300781E-03	2.98488593338031E-05	0	9.28221269789	3868.921875	
14.456864	-3.04920877587734E-03	2.99646236411156E-05	0	9.30188123953	3820.44140625	
14.46096	-3.04668496889281E-03	2.93877809487281E-05	0	9.3085302442	3820.44140625	
14.465056	-3.04568735059016E-03	2.94315712895531E-05	0	9.42390554325	3820.44140625	
14.469152	-3.04833687704734E-03	3.03979431597187E-05	0	9.46044645876	3820.44140625	
14.473248	-3.04851416436187E-03	3.05952600297094E-05	0	9.43056980668	3774.921875	
14.477344	-3.04755046745875E-03	3.01699359358031E-05	0	9.51840304393	3774.921875	
14.48144	-3.04795532987688E-03	3.04844070155625E-05	0	9.58410726449	3774.921875	
14.485536	-3.04642118658109E-03	3.01502443689562E-05	0	9.50642491733	3774.921875	
14.489632	-3.04565873226656E-03	3.01441374039094E-05	0	9.53193756405	3774.921875	
14.493728	-3.04750904860703E-03	3.07695759611625E-05	0	9.59872897126	3774.921875	
14.497824	-3.04821188903344E-03	3.11353724703656E-05	0	9.60524446178	3774.921875	
14.50192	-3.0446487705975E-03	2.998937385675E-05	0	9.6068771491	3774.921875	
14.506016	-3.04670032952656E-03	3.08250335980125E-05	0	9.60808640583	3774.921875	
14.510112	-3.04855594894297E-03	3.15061567149656E-05	0	9.61097412616	3774.921875	
14.514208	-3.04684982140859E-03	3.09711937883906E-05	0	9.60278780142	3774.921875	
14.518304	-3.04233763524453E-03	2.98533499543125E-05	0	9.60514146515	3774.921875	
14.5224	-3.03902229846016E-03	2.9460991692825E-05	0	9.60342103996	3774.921875	
14.526496	-3.03769588944937E-03	2.97345039193125E-05	0	9.59488757843	3774.921875	
14.530592	-3.03812333565641E-03	3.03762835659937E-05	0	9.59585650969	3774.921875	
14.534688	-3.03706363479234E-03	3.04216075591312E-05	0	9.5895584565	3774.921875	
14.538784	-3.03450810078453E-03	2.99322919426781E-05	0	9.58358846665	3774.921875	
14.54288	-3.03416340084859E-03	3.02328921228469E-05	0	9.5854767382	3774.921875	
14.546976	-3.03485225212641E-03	3.07753201861875E-05	0	9.57980047948	3774.921875	
14.551072	-3.03455710852078E-03	3.08446006457531E-05	0	9.56595315478	3774.921875	
14.555168	-3.03287548485453E-03	3.05202603450937E-05	0	9.56157770535	3774.921875	
14.559264	-3.02946158400359E-03	2.98475071716937E-05	0	9.55955591965	3774.921875	
14.56336	-3.02616416795859E-03	2.93575093443844E-05	0	9.55249111377	3774.921875	
14.567456	-3.02587752756094E-03	2.99069599968562E-05	0	9.55204860973	3774.921875	
14.571552	-3.02676771285969E-03	3.06168131331562E-05	0	9.55884257262	3774.921875	
14.575648	-3.02560067042406E-03	3.04972401758062E-05	0	9.55867091157	3774.921875	
14.579744	-3.02290963368281E-03	2.99204712814219E-05	0	9.56126871546	3774.921875	
14.58384	-0.003021173333475	2.98320247352531E-05	0	9.56004419997	3774.921875	
14.587936	-3.02079498643656E-03	3.01673823325875E-05	0	9.55793086171	3774.921875	
14.592032	-3.02072037764406E-03	3.04882428290344E-05	0	9.54757397836	3774.921875	
14.596128	-3.01989675509156E-03	3.04659707359219E-05	0	9.54533857002	3774.921875	
14.600224	-3.01868792807484E-03	3.02734437649875E-05	0	9.54452604105	3774.921875	
14.60432	-3.01854172775719E-03	3.04965937822219E-05	0	9.54350751882	3774.921875	
14.608416	-3.01872788400906E-03	3.0743594256375E-05	0	9.53917403098	3774.921875	
14.612512	-3.01782965266406E-03	3.06417022909594E-05	0	9.52933594547	3774.921875	
14.616608	-3.01558572008375E-03	3.01669280061187E-05	0	9.52629563754	3774.921875	
14.620704	-3.01388452989594E-03	3.00270726171281E-05	0	9.52603623862	3774.921875	
14.6248	-3.01369855650875E-03	3.03761448642094E-05	0	9.5251664893	3774.921875	
14.628896	-3.01431773634063E-03	3.08581309206844E-05	0	9.52765366718	3774.921875	
14.632992	-3.01417665623422E-03	3.09519245768906E-05	0	9.53011032754	3774.921875	
14.637088	-3.01225849709469E-03	3.04595717038594E-05	0	9.53442474193	3774.921875	
14.641184	-3.00982484240109E-03	2.99956363504875E-05	0	9.53333374059	3774.921875	
14.64528	-3.00863165031516E-03	3.0075256463175E-05	0	9.53044220557	3774.921875	
14.649376	-3.00861903265172E-03	1.42195785688687E-05	0	9.52756211462	3774.921875	
14.653472	-3.01945019952469E-03	0	0	9.52063463758	3774.921875	
14.657568	-3.05183324987234E-03	0	0	9.51805590714	3774.921875	
14.661664	-3.10642686229906E-03	0	0	9.51218128454	3774.921875	
14.66576	-3.18253532810125E-03	0	0	9.51008320504	3774.921875	
14.669856	-3.27884147293484E-03	0	0	9.51007557566	3774.921875	
14.673952	-3.3928875039675E-03	0	0	9.50698186207	3774.921875	
14.678048	-3.52237755504766E-03	0	0	9.50797749616	3774.921875	
14.682144	-3.66615262978594E-03	0	0	9.50797749616	3774.921875	
14.68624	-3.82195014340391E-03	0	0	9.50698949145	3774.921875	
14.690336	-3.98686437601719E-03	0	0	9.50772191193	3774.921875	
14.694432	-4.15793813133188E-03	0	0	9.50761128592	3774.921875	
14.698528	-4.33216145659172E-03	0	0	9.50908375626	3774.921875	
14.702624	-4.50730321974453E-03	0	0	9.51058674412	3774.921875	
14.70672	-4.68094009795156E-03	0	0	9.50929356421	3774.921875	
14.710816	-4.84948648042031E-03	0	0	9.50391485131	3774.921875	
14.714912	-5.01010604441531E-03	0	0	9.49902441873	3774.921875	
14.719008	-5.16058365854453E-03	0	0	9.4920549801	3774.921875	
14.723104	-5.30004394954891E-03	0	0	9.48993019777	3724.9921875	
14.7272	-5.42710747765828E-03	0	0	9.48908715128	3724.9921875	
14.731296	-5.53902743240172E-03	0	0	9.48800759401	3724.96875	
14.735392	-5.63339274287453E-03	0	0	9.48353296264	3724.96875	
14.739488	-5.70948941390438E-03	0	0	9.43983950338	3724.96875	
14.743584	-5.76662466262266E-03	0	0	9.42213552709	3724.96875	
14.74768	-5.80441767331766E-03	0	0	9.41097755884	3724.96875	
14.751776	-5.82290392173875E-03	0	0	9.3556035188	3724.96875	
14.755872	-5.82168512859656E-03	0	0	9.31594218687	3724.96875	
14.759968	-5.80248131914172E-03	0	0	9.29438918837	3733.75	
14.764064	-5.76575258092797E-03	-2.36707215215625E-06	0	9.19575656373	3733.75	
14.76816	-5.71128322505641E-03	-7.47601415859375E-06	0	9.23917155062	3733.75	
14.772256	-5.64646171636078E-03	-1.4611956541875E-05	0	9.11627749758	3733.75	
14.776352	-5.57763519671188E-03	-2.17093088195156E-05	0	9.0858667889	3733.75	
14.780448	-5.51110225740594E-03	-2.64287536192969E-05	0	9.06356992585	3779.19140625	
14.784544	-5.45247327848781E-03	-2.76296060242125E-05	0	8.90738125849	3779.19140625	
14.78864	-5.40195608567484E-03	-2.70155374075125E-05	0	8.91489619779	3779.19140625	
14.792736	-5.36236441791359E-03	-2.41356107201344E-05	0	8.91816157243	3779.19140625	
14.796832	-0.005334437962865	-1.92697285667906E-05	0	8.78240057002	3827.0703125	
14.800928	-5.31373210286703E-03	-1.4943275441325E-05	0	8.7898468449	3827.0703125	
14.805024	-5.29864558328359E-03	-1.11790239171187E-05	0	8.7362504504	3827.0703125	
14.80912	-5.28459142629344E-03	-9.16376848045312E-06	0	8.59891398102	3827.0703125	
14.813216	-5.2669257831575E-03	-1.00604846510437E-05	0	8.62550618501	3876.03125	
14.817312	-5.25183030320437E-03	-9.65252424169687E-06	0	8.61976889125	3876.03125	
14.821408	-5.23925003559547E-03	-8.47606724507812E-06	0	8.47587496976	3876.03125	
14.825504	-5.22674190810578E-03	-8.12284524253125E-06	0	8.50788021886	3876.03125	
14.8296	-5.21751684178313E-03	-6.67120174225312E-06	0	8.44165720046	3876.03125	
14.833696	-5.20637763934406E-03	-6.78227374656562E-06	0	8.31141605448	3876.03125	
14.837792	-5.19300200177688E-03	-8.03061168091875E-06	0	8.37077263088	3926.61328125	
14.841888	-5.18389607179813E-03	-7.0342852734E-06	0	8.33500228275	3926.61328125	
14.845984	-5.17683575764609E-03	-5.70330992168437E-06	0	8.21120796287	3926.61328125	
14.85008	-5.16911749634844E-03	-5.51921491347187E-06	0	8.23948625984	3926.61328125	
14.854176	-5.16467287868641E-03	-4.11449444319375E-06	0	8.1752239921	3926.61328125	
14.858272	-5.15818785684125E-03	-4.15779223643438E-06	0	8.05722037164	3975.83203125	
14.862368	-5.14851650924875E-03	-5.72991037585312E-06	0	8.08938202303	3975.83203125	
14.866464	-5.14441092271734E-03	-4.2491390200875E-06	0	8.08123765988	3975.83203125	
14.87056	-5.13856080706719E-03	-4.14296436664687E-06	0	7.95972070993	3975.83203125	
14.874656	-5.13181044856047E-03	-4.77818776988437E-06	0	7.97387320983	3975.83203125	
14.878752	-5.13053313871828E-03	-2.79255369782812E-06	0	7.92782227215	4025.25390625	
14.882848	-5.12670029486828E-03	-2.7541943611875E-06	0	7.80349008098	4025.25390625	
14.886944	-5.12049048437781E-03	-3.89572302735E-06	0	7.83689532131	4025.25390625	
14.89104	-5.11853300933047E-03	-2.75919411580313E-06	0	7.82277715362	4025.25390625	
14.895136	-5.11594849126969E-03	-2.31168590946562E-06	0	7.71749552431	4073.43359375	
14.899232	-5.11183421866562E-03	-2.91260261624062E-06	0	7.74847843649	4073.43359375	
14.903328	-5.11209297219844E-03	-1.35270129152812E-06	0	7.70302640514	4073.43359375	
14.907424	-5.10766252654969E-03	-2.31859744101562E-06	0	7.57690893905	4073.43359375	
14.91152	-5.10126281108125E-03	-3.84527644318125E-06	0	7.61385802639	4073.43359375	
14.915616	-5.10031950359078E-03	-2.47643959086562E-06	0	7.59613879134	4073.43359375	
14.919712	-5.09941276903781E-03	-1.68969278145937E-06	0	7.48416238108	4120.2734375	
14.923808	-5.09865570923156E-03	-1.42130939599687E-06	0	7.5039911397	4120.2734375	
14.927904	-5.10222449647281E-03	5.72987648165625E-07	0	7.4697352235	4120.2734375	
14.932	-5.10054186705078E-03	-2.4072716311875E-07	0	7.3464062958	4120.27734375	
14.936096	-5.09472384415328E-03	-2.41436922024375E-06	0	7.38160062574	4169.53515625	
14.940192	-5.09283000601719E-03	-2.03689868425313E-06	0	7.3803570368	4169.53515625	
14.944288	-5.09118038367125E-03	-1.63401206790937E-06	0	7.26843784689	4169.53515625	
14.948384	-5.08937642352906E-03	-1.73508432260625E-06	0	7.28672165606	4169.53515625	
14.95248	-5.09229914982938E-03	1.165450757625E-07	0	7.24756386321	4169.53515625	
14.956576	-5.09116090858203E-03	-3.35515770253125E-07	0	7.13682341251	4169.53515625	
14.960672	-5.08838584551688E-03	-1.35922219846875E-06	0	7.16022653566	4218.53515625	
14.964768	-5.08924905827422E-03	-4.71988710703125E-07	0	7.17931524442	4218.53515625	
14.968864	-5.08944691786609E-03	-1.03809751959375E-07	0	7.0675143099	4218.53515625	
14.97296	-5.08775752245063E-03	-7.84900417021875E-07	0	7.07917963192	4266.95703125	
14.977056	-5.09034514921109E-03	5.3617109844375E-07	0	7.04779999198	4266.95703125	
14.981152	-5.08959960988016E-03	1.7642674665E-07	0	6.93955816323	4266.95703125	
14.985248	-5.08596709429531E-03	-1.223327622825E-06	0	6.94137395567	4266.95703125	
14.989344	-5.08583113440016E-03	-7.262906198625E-07	0	6.97013671827	4266.95703125	
14.99344	-5.08690006993094E-03	1.1305229079375E-07	0	6.8703711307	4266.95703125	
14.997536	-5.0865305003975E-03	-9.7474181371875E-08	0	6.87027957814	4314.89453125	
15.001632	-5.0905154876675E-03	1.399404369825E-06	0	6.85924367997	4314.89453125	
15.005728	-5.09080011655359E-03	1.14410534627812E-06	0	6.7491402825	4314.89453125	
15.009824	-5.08677489905234E-03	-6.89271185728125E-07	0	6.72582871191	4314.89453125	
15.01392	-5.08563629207563E-03	-6.814541262375E-07	0	6.78477330179	4314.89453125	
15.018016	-5.08587255325187E-03	-6.8479018059375E-08	0	6.67235820218	4361.13671875	
15.022112	-5.08450298817484E-03	-4.33667595178125E-07	0	6.66890590773	4361.13671875	
15.026208	-5.08769589705094E-03	9.113942809125E-07	0	6.66004819755	4361.13671875	
15.030304	-5.08894111414047E-03	1.21427330495625E-06	0	6.57530867389	4361.13671875	
15.0344	-5.08549466337516E-03	-3.731063576625E-07	0	6.53102012299	4409.8984375	
15.038496	-5.08499516848125E-03	-3.322487062125E-07	0	6.58252606737	4409.8984375	
15.042592	-5.08708174599797E-03	7.520213633625E-07	0	6.49221328162	4409.8984375	
15.046688	-5.08693819721828E-03	5.22476160215625E-07	0	6.46759708705	4409.8984375	
15.050784	-5.09044545049219E-03	1.56960059385937E-06	0	6.48027711661	4409.8984375	
15.05488	-5.09197392498266E-03	1.77294510205312E-06	0	6.3996765316	4458.6171875	
15.058976	-5.08839818888328E-03	5.94845559E-08	0	6.3421891533	4458.6171875	
15.063072	-5.08703941282281E-03	-2.25636553209375E-07	0	6.40720291497	4458.6171875	
15.067168	-5.08800393261703E-03	5.218869781125E-07	0	6.32770096068	4458.6171875	
15.071264	-5.08658270826578E-03	9.251481133125E-08	0	6.28636497984	4458.6171875	
15.07536	-5.08944947797172E-03	1.0959729424875E-06	0	6.30087224591	4506.83984375	
15.079456	-5.0927654547825E-03	2.10932649644062E-06	0	6.23738436024	4506.83984375	
15.083552	-5.09064495586625E-03	8.25516241790625E-07	0	6.15906495985	4506.83984375	
15.087648	-5.08969753392031E-03	3.88662832490625E-07	0	6.22444111707	4506.83984375	
15.091744	-5.09121101350641E-03	1.08146790891562E-06	0	6.17084853726	4554.65625	
15.09584	-5.09002376452281E-03	6.16327989440625E-07	0	6.1032369717	4554.65625	
15.099936	-5.09179307180672E-03	1.12191594539062E-06	0	6.13422751326	4554.65625	
15.104032	-5.09460763364437E-03	2.02582345494375E-06	0	6.06291188371	4554.65625	
15.108128	-5.09158734903328E-03	6.249080289375E-07	0	5.97590643419	4554.65625	
15.112224	-5.08989301627125E-03	9.7563604359375E-08	0	6.04836647074	4554.65625	
15.11632	-5.09193396904844E-03	1.08033329466562E-06	0	6.01601789954	4600.5390625	
15.120416	-5.09230829306375E-03	1.17468752723437E-06	0	5.93362441023	4600.5390625	
15.124512	-5.09439871073891E-03	1.5746599638E-06	0	5.96641167078	4600.5390625	
15.128608	-5.09798231001984E-03	2.53419313888125E-06	0	5.91768663541	4600.5390625	
15.132704	-5.09520596690187E-03	1.14549500835E-06	0	5.82312809969	4600.5390625	
15.1368	-5.09175192725203E-03	-3.0261267815625E-08	0	5.87649942748	4649.421875	
15.140896	-5.09203564181469E-03	4.97504550571875E-07	0	5.86650875437	4649.421875	
15.144992	-5.09145742367281E-03	6.10508764490625E-07	0	5.76787612973	4649.421875	
15.149088	-5.09246180796891E-03	9.1566879586875E-07	0	5.80162850685	4649.421875	
15.153184	-5.09705500318953E-03	2.3815985799375E-06	0	5.76546143096	4649.421875	
15.15728	-5.09588092046344E-03	1.557150365925E-06	0	5.66082829895	4697.94140625	
15.161376	-5.09401890078297E-03	7.0010266528125E-07	0	5.70088254395	4697.94140625	
15.165472	-5.09525643755562E-03	1.2008536068375E-06	0	5.7150541173	4697.94140625	
15.169568	-5.09514927884875E-03	1.22229060463125E-06	0	5.61552504051	4697.94140625	
15.173664	-5.09445978754453E-03	8.54408760975E-07	0	5.64543221011	4697.94140625	
15.17776	-5.09791629586766E-03	1.98318046874062E-06	0	5.62175442928	4746.26171875	
15.181856	-0.005096743127465	1.41843632194687E-06	0	5.52205369144	4746.26171875	
15.185952	-5.09370455638516E-03	3.513919563E-07	0	5.53786939618	4746.26171875	
15.190048	-5.09427097975469E-03	7.66002358996875E-07	0	5.5661667666	4746.26171875	
15.194144	-5.09514086707312E-03	1.23253746938438E-06	0	5.47101313924	4793.69921875	
15.19824	-5.09564923090438E-03	1.22007113569687E-06	0	5.49007133048	4793.69921875	
15.202336	-5.10072738327625E-03	2.59562408706562E-06	0	5.48028665063	4793.69921875	
15.206432	-5.10102938430766E-03	2.27321936139375E-06	0	5.38770793902	4793.69921875	
15.210528	-5.09796521217156E-03	9.2935051295625E-07	0	5.38372540266	4793.69921875	
15.214624	-5.09784863593328E-03	9.750865249125E-07	0	5.43273272509	4839.58203125	
15.21872	-5.09843535728313E-03	1.3413246202125E-06	0	5.33646520825	4839.58203125	
15.222816	-5.09763724435453E-03	1.03555978174687E-06	0	5.34009297844	4839.58203125	
15.226912	-5.10172381295844E-03	2.20265861464687E-06	0	5.3402226779	4839.58203125	
15.231008	-5.10263182756422E-03	2.26141528665937E-06	0	5.25119162799	4839.58203125	
15.235104	-5.09963494963313E-03	1.03355353375312E-06	0	5.2379126921	4888.6015625	
15.2392	-5.09973845104625E-03	1.096239288375E-06	0	5.29028075642	4888.6015625	
15.243296	-5.10184715519016E-03	1.8534587234625E-06	0	5.21683271516	4888.6015625	
15.247392	-5.10155585174297E-03	1.589804179425E-06	0	5.19371187907	4888.6015625	
15.251488	-5.10479630543781E-03	2.30499745461562E-06	0	5.21221694026	4937.0234375	
15.255584	-5.10578898639391E-03	2.41856849489062E-06	0	5.13262343341	4937.0234375	
15.25968	-5.10192249544141E-03	9.959749655625E-07	0	5.08333000923	4937.0234375	
15.263776	-5.10083536487422E-03	8.14955194659375E-07	0	5.15911645546	4937.0234375	
15.267872	-5.10190503186375E-03	1.42000963768125E-06	0	5.0974939532	4937.0234375	
15.271968	-5.10104730504703E-03	1.21775431109062E-06	0	5.04879562066	4937.0234375	
15.276064	-5.10444822250516E-03	2.06464288727812E-06	0	5.07488047088	4985.30078125	
15.28016	-5.10767377272797E-03	2.83842336349688E-06	0	5.01579473747	4985.30078125	
15.284256	-5.10523792365813E-03	1.7249857750125E-06	0	4.94915210317	4985.30078125	
15.288352	-5.10344484396484E-03	1.08815059454062E-06	0	5.02212712287	4985.30078125	
15.292448	-5.10417931998219E-03	1.48730091654375E-06	0	4.98633770129	5032.6015625	
15.296544	-0.005102624055815	1.170454598775E-06	0	4.91584604478	5032.6015625	
15.30064	-5.1040065128525E-03	1.51860232755E-06	0	4.95166979857	5032.6015625	
15.304736	-0.005106843109885	2.3749716634875E-06	0	4.9001218926	5032.6015625	
15.308832	-5.10396893415922E-03	1.36532291352187E-06	0	4.80663147008	5032.6015625	
15.312928	-5.10234216989922E-03	8.91751031325E-07	0	4.88108277481	5078.5625	
15.317024	-5.10403394255562E-03	1.55816743221562E-06	0	4.8584273309	5078.5625	
15.32112	-5.10384230036312E-03	1.55745300985312E-06	0	4.78130574317	5078.5625	
15.325216	-5.10506731090469E-03	1.70458988194687E-06	0	4.8204711654	5078.5625	
15.329312	-5.10821688084984E-03	2.50998859577812E-06	0	4.78713840418	5078.5625	
15.333408	-5.10560776748859E-03	1.57740082644375E-06	0	4.69041312454	5127.625	
15.337504	-5.10235670764187E-03	6.57063525628125E-07	0	4.7510056605	5127.625	
15.3416	-5.10284212195484E-03	1.05551168487187E-06	0	4.74495937685	5127.625	
15.345696	-5.10274072348563E-03	1.27387540881562E-06	0	4.6557909981	5127.625	
15.349792	-5.10358436972141E-03	1.41414041278125E-06	0	4.69376623705	5127.625	
15.353888	-5.10820161164844E-03	2.59318995488438E-06	0	4.67682138407	5175.703125	
15.357984	-5.10712947598563E-03	2.03975613331875E-06	0	4.56949889561	5175.703125	
15.36208	-5.10448058955484E-03	1.10011260180937E-06	0	4.61819341346	5175.703125	
15.366176	-5.10481203180094E-03	1.28375857200937E-06	0	4.6400744753	5175.703125	
15.370272	-5.10450491055828E-03	1.37876256354375E-06	0	4.54483692476	5224.14453125	
15.374368	-5.10335725177953E-03	1.05417322467187E-06	0	4.57112013886	5224.14453125	
15.378464	-5.10638064509031E-03	1.91318390412187E-06	0	4.56007661131	5224.14453125	
15.38256	-5.10520116785594E-03	1.6071378159375E-06	0	4.46092137414	5224.14453125	
15.386656	-5.10156261773641E-03	6.12111166734375E-07	0	4.48388199325	5224.14453125	
15.390752	-5.10157258386188E-03	8.17359999946875E-07	0	4.52993674562	5224.14453125	
15.394848	-5.10213333842609E-03	1.23160309531875E-06	0	4.4348060064	5271.125	
15.398944	-5.10168815434438E-03	1.0896037180875E-06	0	4.44164574557	5271.125	
15.40304	-5.10581568463828E-03	2.0806142655375E-06	0	4.45316992406	5271.125	
15.407136	-5.10570550866406E-03	1.95744203294062E-06	0	4.36154488495	5271.125	
15.411232	-5.10187632210781E-03	7.8247373675625E-07	0	4.35538034591	5317.22265625	
15.415328	-5.10088821276891E-03	6.67304861540625E-07	0	4.42058102739	5317.22265625	
15.419424	-5.10087797234641E-03	9.57437744484375E-07	0	4.3398965192	5317.22265625	
15.42352	-5.09901567836891E-03	6.19025102128125E-07	0	4.33223280699	5317.22265625	
15.427616	-5.10189268849734E-03	1.37611953734062E-06	0	4.33531126182	5317.2265625	
15.431712	-5.10307106854359E-03	1.73563840859062E-06	0	4.2665400305	5366.46484375	
15.435808	-5.10003871486312E-03	8.3810252728125E-07	0	4.23186068371	5366.46484375	
15.439904	-5.09938387641719E-03	7.024541052375E-07	0	4.30324879237	5366.46484375	
15.444	-5.10027525033641E-03	1.11788854557187E-06	0	4.23318438114	5366.46484375	
15.448096	-5.09873891266437E-03	7.9025834435625E-07	0	4.21075018925	5366.46484375	
15.452192	-5.10079815191031E-03	1.238277607875E-06	0	4.24507476987	5414.60546875	
15.456288	-5.10193282729625E-03	1.59572532735E-06	0	4.17559019152	5414.60546875	
15.460384	-5.09815264847625E-03	5.83566724125E-07	0	4.10633449457	5414.60546875	
15.46448	-5.09670161718094E-03	3.28125873796875E-07	0	4.20050393191	5414.60546875	
15.468576	-5.09791007846828E-03	8.599462554375E-07	0	4.14243290604	5414.60546875	
15.472672	-5.09728084107859E-03	8.21613841846875E-07	0	4.09668332887	5463.0234375	
15.476768	-5.09973177648516E-03	1.26931339414687E-06	0	4.12935614872	5463.0234375	
15.480864	-5.10260604364328E-03	1.917423082575E-06	0	4.08594879121	5463.0234375	
15.48496	-5.09969630073578E-03	1.03391939877187E-06	0	4.00098801553	5463.0234375	
15.489056	-5.09706432928859E-03	3.51834503934375E-07	0	4.08425506885	5463.0234375	
15.493152	-5.09753630304703E-03	6.7866903286875E-07	0	4.05002967017	5509.82421875	
15.497248	-5.09583392423875E-03	4.9494710120625E-07	0	3.97587972595	5509.82421875	
15.501344	-5.09635755727141E-03	6.23391924684375E-07	0	4.02827067841	5509.82421875	
15.50544	-5.09893028055984E-03	1.3544899916625E-06	0	3.99172213352	5509.82421875	
15.509536	-5.09616445216141E-03	6.904598864625E-07	0	3.8862917313	5556.14453125	
15.513632	-5.09399997428781E-03	1.96536341925E-07	0	3.96988684796	5556.14453125	
15.517728	-5.09470409476703E-03	5.50588632103125E-07	0	3.9648361984	5556.14453125	
15.521824	-5.09368297835203E-03	5.16032416659375E-07	0	3.87207056698	5556.14453125	
15.52592	-5.09358514574422E-03	4.55633919365625E-07	0	3.91983048578	5556.14453125	
15.530016	-5.09648912841406E-03	0.000001209306483	0	3.89271566926	5605.5078125	
15.534112	-5.09365170849047E-03	5.96606855315625E-07	0	3.79219477307	5605.5078125	
15.538208	-5.08958370065234E-03	-2.81820150871875E-07	0	3.84999495595	5605.5078125	
15.542304	-5.08921915989781E-03	-8.9168420446875E-08	0	3.87059046726	5605.5078125	
15.5464	-0.00508827283514	4.8096346134375E-08	0	3.77361341808	5605.5078125	
15.550496	-5.08771637789594E-03	6.853598915625E-09	0	3.8135837399	5605.5078125	
15.554592	-5.09122372260219E-03	8.84939740059375E-07	0	3.79836694149	5653.24609375	
15.558688	-5.08963362271203E-03	5.87422249115625E-07	0	3.69800244759	5653.24609375	
15.562784	-5.08600878744406E-03	-2.4411898665E-07	0	3.73032813065	5653.24609375	
15.56688	-5.08542700344078E-03	-1.91949086896875E-07	0	3.78570980007	5653.24609375	
15.570976	-5.08434983899906E-03	-1.102758512625E-07	0	3.67912354678	5701.84765625	
15.575072	-5.08196226620672E-03	-4.8633460981875E-07	0	3.71105250208	5701.84765625	
15.579168	-5.08447500987766E-03	2.07250513903125E-07	0	3.7057806005	5701.84765625	
15.583264	-5.08317667059641E-03	1.3290996324375E-07	0	3.61809232147	5701.84765625	
15.58736	-5.07930195073297E-03	-6.27837593315625E-07	0	3.62311245351	5701.84765625	
15.591456	-5.07867490771953E-03	-5.7877249815E-07	0	3.68307175093	5701.84765625	
15.595552	-5.07902600791953E-03	-2.09798107509375E-07	0	3.59412080951	5748.20703125	
15.599648	-5.07765397416922E-03	-3.9857796680625E-07	0	3.6040809651	5748.20703125	
15.603744	-5.08069382530188E-03	2.29157222765625E-07	0	3.62092282145	5748.20703125	
15.60784	-5.08045911847547E-03	3.01338400584375E-07	0	3.54382412186	5748.20703125	
15.611936	-5.07594976671406E-03	-6.58802466196875E-07	0	3.51147173597	5794.92578125	
15.616032	-5.07413136026156E-03	-8.79577726190625E-07	0	3.59486848875	5794.92578125	
15.620128	-5.07360882441703E-03	-6.5912097549375E-07	0	3.52058121569	5794.92578125	
15.624224	-5.07103582683156E-03	-9.401615598375E-07	0	3.50813006753	5794.92578125	
15.62832	-5.07309561467156E-03	-4.37454610621875E-07	0	3.53099913408	5794.92578125	
15.632416	-5.07391247123062E-03	-5.237831300625E-08	0	3.47290140538	5844.34765625	
15.636512	-5.06997886893781E-03	-8.00850401071875E-07	0	3.42762103508	5844.34765625	
15.640608	-5.06770028349922E-03	-1.13941688942812E-06	0	3.50358295705	5844.34765625	
15.644704	-5.06740925434906E-03	-8.977846791375E-07	0	3.44795714747	5844.34765625	
15.6488	-0.00506456771997	-1.181573818425E-06	0	3.40771216797	5844.34765625	
15.652896	-5.06497715400531E-03	-9.985018861125E-07	0	3.45093642036	5891.8671875	
15.656992	-5.06545991678031E-03	-6.06285932175E-07	0	3.38818858455	5891.8671875	
15.661088	-5.06084038904469E-03	-1.35178085975625E-06	0	3.32034813759	5891.8671875	
15.665184	-5.05810637910187E-03	-1.69478844944062E-06	0	3.41195028856	5891.8671875	
15.66928	-5.05812109970922E-03	-1.34947509283125E-06	0	3.37994885415	5891.8671875	
15.673376	-5.05583071949828E-03	-1.4643783433125E-06	0	3.31708276295	5940.5859375	
15.677472	-5.05613445774422E-03	-1.33027919856562E-06	0	3.36227539538	5940.5859375	
15.681568	-5.05776158773359E-03	-7.732424959875E-07	0	3.32156120901	5940.5859375	
15.685664	-5.05375749110375E-03	-1.40010557104687E-06	0	3.24375297708	5940.5859375	
15.68976	-5.04931954800281E-03	-2.08235344649062E-06	0	3.31871926496	5940.5859375	
15.693856	-5.04787866569766E-03	-2.00935640410313E-06	0	3.30694713162	5986.66796875	
15.697952	-5.04510405979422E-03	-2.08996762156875E-06	0	3.22955088621	5986.66796875	
15.702048	-5.04426041355844E-03	-2.05308905267812E-06	0	3.28317779823	5986.66796875	
15.706144	-5.04641455957719E-03	-1.3433448105E-06	0	3.25018835911	5986.66796875	
15.71024	-5.04289816306891E-03	-1.78666720371562E-06	0	3.1517350249	5986.66796875	
15.714336	-5.03931886110813E-03	-2.32839983505937E-06	0	3.2196746538	5986.66796875	
15.718432	-5.03884643018797E-03	-2.13697815148125E-06	0	3.24664832679	6033.6875	
15.722528	-5.03699867395313E-03	-2.1280776796125E-06	0	3.14987345618	6033.6875	
15.726624	-5.03556364331797E-03	-2.26808955883125E-06	0	3.19368135614	6033.6875	
15.73072	-5.03774741341609E-03	-1.63973057180625E-06	0	3.1803451999	6033.6875	
15.734816	-5.03447687848016E-03	-2.01325688097187E-06	0	3.08569511162	6033.6875	
15.738912	-5.02962291821516E-03	-2.7562635898875E-06	0	3.12713408909	6083.02734375	
15.743008	-5.02843502920516E-03	-2.69484610322812E-06	0	3.1615769251	6083.02734375	
15.747104	-5.02733299516594E-03	-2.49162034491562E-06	0	3.07022654367	6083.02734375	
15.7512	-5.02557292254875E-03	-2.63194328151562E-06	0	3.107827943	6083.02734375	
15.755296	-5.0280079487275E-03	-2.00866025095313E-06	0	3.11017779204	6130.62890625	
15.759392	-5.02553442953203E-03	-2.21871629089688E-06	0	3.01634786211	6130.62890625	
15.763488	-5.02111212136187E-03	-2.91598794939375E-06	0	3.0393542575	6130.62890625	
15.767584	-5.01926683380031E-03	-2.9869998976125E-06	0	3.09502202867	6130.62890625	
15.77168	-5.01702948434875E-03	-2.98048403874375E-06	0	3.00304222339	6130.62890625	
15.775776	-5.01326201462453E-03	-3.37174879170937E-06	0	3.02095219294	6179.34765625	
15.779872	-5.01480100383453E-03	-2.834576011575E-06	0	3.02927966121	6179.34765625	
15.783968	-5.01330901084922E-03	-2.73496962079687E-06	0	2.95478639489	6179.34765625	
15.788064	-5.00839744820766E-03	-3.40431053799375E-06	0	2.94961367525	6179.34765625	
15.79216	-5.00606473482156E-03	-3.5626473988875E-06	0	3.01384161078	6179.34765625	
15.796256	-5.00528207395906E-03	-3.3057938095875E-06	0	2.94029820227	6225.16796875	
15.800352	-5.00271245937031E-03	-3.4775426763E-06	0	2.93360723601	6225.16796875	
15.804448	-5.00451760813297E-03	-3.0106825662375E-06	0	2.96785933752	6225.16796875	
15.808544	-5.00310845285109E-03	-2.939895137025E-06	0	2.88403915415	6225.16796875	
15.81264	-4.99720539787391E-03	-3.82373319549375E-06	0	2.85706166647	6225.16796875	
15.816736	-4.99371167658687E-03	-4.14603671934375E-06	0	2.94259083096	6272.60546875	
15.820832	-4.99209021540281E-03	-3.97878977120625E-06	0	2.88185333678	6272.60546875	
15.824928	-4.98839689730938E-03	-4.20404243056875E-06	0	2.85181265303	6272.60546875	
15.829024	-4.98890443824953E-03	-3.89789345787187E-06	0	2.88292526467	6272.609375	
15.83312	-4.98884208139109E-03	-3.51289216018125E-06	0	2.82942805211	6272.609375	
15.837216	-4.98388306536313E-03	-4.14047999413125E-06	0	2.77792592242	6321.7265625	
15.841312	-4.98012574462906E-03	-4.54795771165313E-06	0	2.85902241713	6321.7265625	
15.845408	-4.97862442554469E-03	-4.39788406365E-06	0	2.82768092409	6321.7265625	
15.849504	-4.97480584514031E-03	-4.624493452425E-06	0	2.77382894536	6321.7265625	
15.8536	-4.97415685836437E-03	-4.51483418708437E-06	0	2.82068859732	6321.7265625	
15.857696	-4.97437337015437E-03	-4.07324159983125E-06	0	2.77028891304	6321.7265625	
15.861792	-4.96936946084563E-03	-4.66169149215E-06	0	2.68944037318	6369.109375	
15.865888	-4.96587656244969E-03	-5.00684090661562E-06	0	2.77882618926	6369.109375	
15.869984	-4.96493590649719E-03	-4.78917814350938E-06	0	2.75852440908	6369.109375	
15.87408	-4.96222000015844E-03	-4.85424923228437E-06	0	2.69794331719	6417.92578125	
15.878176	-4.96143605924312E-03	-4.82760358585312E-06	0	2.74195339572	6417.92578125	
15.882272	-4.96257466621984E-03	-4.32336707085937E-06	0	2.71597917151	6417.92578125	
15.886368	-4.95776340485937E-03	-4.86846388153125E-06	0	2.62227131166	6417.92578125	
15.890464	-4.95227618418156E-03	-5.57188240888125E-06	0	2.69451009619	6417.92578125	
15.89456	-4.95015038218938E-03	-5.53851032686875E-06	0	2.70241031918	6463.6484375	
15.898656	-4.94698810314844E-03	-5.57896629602812E-06	0	2.61450078813	6463.6484375	
15.902752	-4.94545149117938E-03	-5.57187063004687E-06	0	2.67052714016	6463.6484375	
15.906848	-4.9471349434925E-03	-4.94016501175312E-06	0	2.65512342194	6463.6484375	
15.910944	-4.94323242819656E-03	-5.30057570903437E-06	0	2.55295839436	6463.6484375	
15.91504	-0.00493885629336	-5.86445879899687E-06	0	2.62346530963	6511.546875	
15.919136	-4.93755795407875E-03	-5.77131225752812E-06	0	2.64638396715	6511.546875	
15.923232	-4.93505517653328E-03	-5.76861754868437E-06	0	2.55465211672	6511.546875	
15.927328	-4.93206991050984E-03	-6.02911392280312E-06	0	2.59218103694	6511.546875	
15.931424	-4.93296997050172E-03	-5.56680909664687E-06	0	2.59145624584	6511.546875	
15.93552	-4.92919738056625E-03	-5.82964152612187E-06	0	2.48979475734	6560.66796875	
15.939616	-4.92344509752391E-03	-6.54407951360625E-06	0	2.53530782373	6560.66796875	
15.943712	-4.92131664399375E-03	-6.54601340590312E-06	0	2.58138164955	6560.66796875	
15.947808	-4.91907426576328E-03	-6.42382578770625E-06	0	2.489466694	6560.66796875	
15.951904	-4.91621252483625E-03	-6.60841983388125E-06	0	2.51417062644	6560.66796875	
15.956	-4.91780765350531E-03	-6.05829514362187E-06	0	2.52831931165	6560.66796875	
15.960096	-4.91471056572547E-03	-6.2100774437625E-06	0	2.43224252931	6608.328125	
15.964192	-4.90895627117156E-03	-6.95850457995E-06	0	2.4492598614	6608.328125	
15.968288	-4.90579179775438E-03	-7.14643251702187E-06	0	2.52402397071	6608.328125	
15.972384	-4.90314876299359E-03	-7.09106598585E-06	0	2.4386550232	6608.328125	
15.97648	-4.89890410786734E-03	-7.41296902933125E-06	0	2.44831381828	6608.328125	
15.980576	-4.90012527825047E-03	-6.90311545264687E-06	0	2.45954045095	6657.12890625	
15.984672	-4.89828657381766E-03	-6.77431197568125E-06	0	2.38372730189	6657.12890625	
15.988768	-4.89300196721359E-03	-7.42531613236875E-06	0	2.37543798052	6657.12890625	
15.992864	-4.89029099822141E-03	-7.58424289651875E-06	0	2.4491072738	6702.546875	
15.99696	-4.88899329896656E-03	-7.37752411285312E-06	0	2.38756106534	6702.546875	
16.001056	-4.88540960825328E-03	-7.62786112213125E-06	0	2.37214208836	6702.546875	
16.005152	-4.88553459626719E-03	-7.39879957234687E-06	0	2.40536422357	6702.546875	
16.009248	-4.88365429011797E-03	-7.29709727020312E-06	0	2.33760007041	6702.546875	
16.013344	-4.87754148934422E-03	-8.06586068413125E-06	0	2.29047720484	6702.546875	
16.01744	-4.87420174012406E-03	-8.29603136742187E-06	0	2.38780902019	6702.546875	
16.021536	-4.87251463051719E-03	-8.10873492010312E-06	0	2.32777342897	6750.60546875	
16.025632	-4.86837073383375E-03	-8.36911879433437E-06	0	2.30083408819	6750.60546875	
16.029728	-4.86840035791312E-03	-8.1345639808125E-06	0	2.33857281636	6750.60546875	
16.033824	-4.86825616910703E-03	-7.735021111125E-06	0	2.29401723716	6750.60546875	
16.03792	-4.86304342832516E-03	-8.345432039175E-06	0	2.23080400917	6799.66796875	
16.042016	-4.85849146909156E-03	-8.83256785011562E-06	0	2.317805644	6799.66796875	
16.046112	-4.85640169144281E-03	-8.75907321207187E-06	0	2.28239769142	6799.66796875	
16.050208	-4.85231539713594E-03	-8.95619705340937E-06	0	2.22954897616	6799.66796875	
16.054304	-4.85111141603344E-03	-8.89904158171875E-06	0	2.28234047107	6847.06640625	
16.0584	-4.85120275694484E-03	-8.43071993465625E-06	0	2.24484969775	6847.06640625	
16.062496	-4.84558222790984E-03	-9.05221618815937E-06	0	2.15641755417	6847.06640625	
16.066592	-4.84148029867219E-03	-9.45137179861875E-06	0	2.25344800901	6847.06640625	
16.070688	-4.83987511244531E-03	-9.28937748945937E-06	0	2.24060013309	6847.06640625	
16.074784	-4.83625631171203E-03	-9.440019406125E-06	0	2.16764800153	6895.84765625	
16.07888	-4.83402234525719E-03	-9.57484931937187E-06	0	2.21785313662	6895.84765625	
16.082976	-4.83389982591656E-03	-9.18025452165937E-06	0	2.18857539087	6895.84765625	
16.087072	-4.82823842662391E-03	-9.75070034544375E-06	0	2.10591487326	6895.84765625	
16.091168	-4.82263161244047E-03	-1.03632653578781E-05	0	2.17802777302	6895.84765625	
16.095264	-4.82046338584078E-03	-1.02536998424437E-05	0	2.1916538457	6941.046875	
16.09936	-4.81699307123375E-03	-1.02723457372594E-05	0	2.10491542448	6941.046875	
16.103456	-4.81425128954172E-03	-1.04165239584656E-05	0	2.15322084395	6941.046875	
16.107552	-4.81540388566703E-03	-9.81130821752812E-06	0	2.14308902731	6941.046875	
16.111648	-4.81103186528594E-03	-1.01650131522844E-05	0	2.04595939053	6941.046875	
16.115744	-4.80628753240109E-03	-1.07155337556094E-05	0	2.09951382344	6941.046875	
16.11984	-4.80371471768031E-03	-1.0765318080825E-05	0	2.14697619642	6989.62890625	
16.123936	-4.79993645893953E-03	-1.09084583223E-05	0	2.0589026337	6989.62890625	
16.128032	-4.79546715454469E-03	-1.13068019143406E-05	0	2.09587460918	6989.625	
16.132128	-4.79569500394531E-03	-1.08414326681719E-05	0	2.09406644612	7038.52734375	
16.136224	-4.79144586863422E-03	-1.10636329267406E-05	0	2.00342559703	7038.52734375	
16.14032	-4.78520131385313E-03	-1.17908675360437E-05	0	2.02718348635	7038.52734375	
16.144416	-4.78191806982141E-03	-1.19039830479281E-05	0	2.08592589766	7038.52734375	
16.148512	-4.77946256279766E-03	-1.17622541031187E-05	0	1.99896240973	7038.52734375	
16.152608	-4.77628967760484E-03	-1.18959828155437E-05	0	2.02562709283	7038.52734375	
16.156704	-4.77744465097109E-03	-1.13809566478781E-05	0	2.04970541611	7085.8046875	
16.1608	-4.77400990354578E-03	-1.15500901325906E-05	0	1.96433265391	7085.8046875	
16.164896	-4.76723312109172E-03	-1.24547281702594E-05	0	1.95041666479	7085.8046875	
16.168992	-4.76322829300312E-03	-1.27153613230875E-05	0	2.04006950917	7085.8046875	
16.173088	-4.76009819814719E-03	-1.26730846826719E-05	0	1.95846566069	7134.24609375	
16.177184	-4.75548772221359E-03	-1.2994169698125E-05	0	1.95895012632	7134.24609375	
16.18128	-4.75579886647937E-03	-1.25764915100344E-05	0	1.98341754798	7134.24609375	
16.185376	-4.75431299946109E-03	-1.23508124087906E-05	0	1.92549910971	7134.24609375	
16.189472	-4.74910748183438E-03	-1.29768290904656E-05	0	1.90071125409	7134.24609375	
16.193568	-4.74599923930859E-03	-1.32276735511594E-05	0	1.97550588092	7134.24609375	
16.197664	-4.74405730775969E-03	-1.31087804008219E-05	0	1.91843048914	7179.7265625	
16.20176	-4.73947453582625E-03	-1.34813081532937E-05	0	1.8927347373	7179.7265625	
16.205856	-4.73855682939203E-03	-1.33515525138187E-05	0	1.9395791305	7179.7265625	
16.209952	-4.73682903239219E-03	-1.31553654503906E-05	0	1.88557837886	7179.7265625	
16.214048	-4.73047503309562E-03	-1.3955972582475E-05	0	1.82253299723	7228.64453125	
16.218144	-4.72641598562719E-03	-1.42797167298844E-05	0	1.91999069735	7228.64453125	
16.22224	-4.72415769816891E-03	-1.41497844078937E-05	0	1.88340019087	7228.64453125	
16.226336	-4.71975788235531E-03	-1.442892787875E-05	0	1.83535417032	7228.64453125	
16.230432	-4.71869626141203E-03	-1.43202671701031E-05	0	1.87908959117	7228.64453125	
16.234528	-4.71819073198344E-03	-1.39219295876719E-05	0	1.83815415278	7277.34375	
16.238624	-4.71200771116969E-03	-1.46841812292656E-05	0	1.77162214449	7277.34375	
16.24272	-4.7061982829125E-03	-1.53512452256625E-05	0	1.8519175543	7277.34375	
16.246816	-4.70324401245359E-03	-1.532979620865E-05	0	1.84454757322	7277.34375	
16.250912	-4.69857767135797E-03	-1.55614111212656E-05	0	1.77149625972	7277.34375	
16.255008	-4.69598455865687E-03	-1.56344182597969E-05	0	1.83197435498	7324.70703125	
16.259104	-0.004695587742285	-1.51641918069469E-05	0	1.79780999134	7324.70703125	
16.2632	-4.68966045773672E-03	-1.58107889968875E-05	0	1.70958002633	7324.70703125	
16.267296	-4.68492133649547E-03	-1.62823096792125E-05	0	1.78952829935	7324.70703125	
16.271392	-4.68260444090484E-03	-1.61678936878594E-05	0	1.808544529	7372.92578125	
16.275488	-4.67880012394609E-03	-1.63005603821156E-05	0	1.72272544807	7372.92578125	
16.279584	-4.67558426555172E-03	-1.65472555681125E-05	0	1.77240797063	7372.92578125	
16.28368	-4.67550517657437E-03	-1.60859658851719E-05	0	1.75990341681	7372.92578125	
16.287776	-4.67006705506516E-03	-1.6650092965275E-05	0	1.6694990785	7372.92578125	
16.291872	-4.66351702482359E-03	-1.74464734188938E-05	0	1.7164197655	7418.38671875	
16.295968	-4.66007020832891E-03	-1.75490403836344E-05	0	1.75791214863	7418.38671875	
16.300064	-4.65658078436203E-03	-1.75561310015437E-05	0	1.67005602324	7418.38671875	
16.30416	-4.65354596200828E-03	-1.77015135484688E-05	0	1.71271188682	7418.38671875	
16.308256	-4.65488416579141E-03	-1.70486858359125E-05	0	1.71558434839	7418.38671875	
16.312352	-4.65100203990813E-03	-1.73600912937375E-05	0	1.6228835667	7467.46484375	
16.316448	-4.64540080309766E-03	-1.81622710204031E-05	0	1.64663001195	7467.46484375	
16.320544	-4.64216236091437E-03	-1.832063167935E-05	0	1.71762520754	7467.46484375	
16.32464	-4.6386700111125E-03	-1.8401971982625E-05	0	1.62851786383	7467.46484375	
16.328736	-4.63418699186609E-03	-1.88167417601625E-05	0	1.65539616957	7467.46484375	
16.332832	-4.63423179371453E-03	-1.83813840224438E-05	0	1.6677443211	7516.125	
16.336928	-4.63065816055906E-03	-1.85692222961437E-05	0	1.58703311008	7516.125	
16.341024	-4.62463569494094E-03	-1.93639931359875E-05	0	1.59578782363	7516.125	
16.34512	-4.62151757772203E-03	-1.95144021201937E-05	0	1.66056888921	7516.125	
16.349216	-4.61906810523297E-03	-1.94164858719563E-05	0	1.58586200025	7516.125	
16.353312	-4.61476721921531E-03	-1.98172330673625E-05	0	1.58927233311	7563.60546875	
16.357408	-4.61468008419172E-03	-1.94908682494969E-05	0	1.62664485104	7563.60546875	
16.361504	-4.61145252245734E-03	-1.96238200396219E-05	0	1.53831570409	7563.60546875	
16.3656	-4.60445109073469E-03	-2.06356642200844E-05	0	1.5219850162	7563.60546875	
16.369696	-4.60007075001031E-03	-2.0992038623325E-05	0	1.61348798523	7563.60546875	
16.373792	-4.59707661504953E-03	-2.09241853257937E-05	0	1.5486496993	7611.42578125	
16.377888	-4.59250993520859E-03	-2.12379321274312E-05	0	1.53208250063	7611.42578125	
16.381984	-4.59262605428516E-03	-2.08412543991094E-05	0	1.56824957652	7611.42578125	
16.38608	-4.59146769792219E-03	-2.05837094643469E-05	0	1.50505160729	7611.42578125	
16.390176	-4.58552907576328E-03	-2.14642299780562E-05	0	1.46837336294	7611.42578125	
16.394272	-0.004580959378655	-2.19947618994469E-05	0	1.55121698567	7657.3046875	
16.398368	-4.57822774595312E-03	-2.19874188779437E-05	0	1.51316163823	7657.3046875	
16.402464	-4.57373732068688E-03	-2.23555687501781E-05	0	1.46586711161	7657.3046875	
16.40656	-4.57255455188813E-03	-2.2237437377925E-05	0	1.52210327159	7657.3046875	
16.410656	-4.57158765485297E-03	-2.19349939303687E-05	0	1.46761805432	7657.3046875	
16.414752	-4.56522368943094E-03	-2.28630254542594E-05	0	1.39849205683	7706.42578125	
16.418848	-4.56090945429109E-03	-2.33150180311125E-05	0	1.49382115993	7706.42578125	
16.422944	-4.55871215220609E-03	-2.31972554084906E-05	0	1.48119072134	7706.421875	
16.42704	-4.55470988422312E-03	-2.34801613755844E-05	0	1.41642491452	7706.421875	
16.431136	-4.55328125385203E-03	-2.3467363071075E-05	0	1.46672160217	7706.421875	
16.435232	-4.55312801324391E-03	-2.30558247806906E-05	0	1.4345904683	7754.84375	
16.439328	-4.54766785653984E-03	-2.38691145924E-05	0	1.35780838798	7754.84375	
16.443424	-4.54216746960453E-03	-2.46540260671031E-05	0	1.42843355864	7754.84375	
16.44752	-4.53950340540469E-03	-2.46811959918562E-05	0	1.43124879986	7754.84375	
16.451616	-0.00453590444549	-2.48380335754031E-05	0	1.35795716089	7754.84375	
16.455712	-4.53395684513578E-03	-2.48826181462031E-05	0	1.41317479864	7802.3046875	
16.459808	-4.53512434473312E-03	-2.42311166342437E-05	0	1.39231607372	7802.3046875	
16.463904	-4.53093235463688E-03	-2.48452958277563E-05	0	1.30244197732	7802.3046875	
16.468	-4.52689543379562E-03	-2.54832543244125E-05	0	1.37044645595	7802.3046875	
16.472096	-4.5250744672375E-03	-2.54989735394625E-05	0	1.39756890185	7849.62109375	
16.476192	-4.52207018328656E-03	-2.57113079425125E-05	0	1.31315362684	7849.62109375	
16.480288	-4.51929521165375E-03	-2.60434321296187E-05	0	1.35796097558	7849.62109375	
16.484384	-4.52007467238422E-03	-2.5504199495775E-05	0	1.35003786445	7849.62109375	
16.48848	-4.51583111444609E-03	-2.60893078048969E-05	0	1.25875614744	7849.62109375	
16.492576	-4.51020199077078E-03	-2.70276010973719E-05	0	1.30476512353	7895.72265625	
16.496672	-4.50783096723266E-03	-2.71060827496594E-05	0	1.34826784829	7895.72265625	
16.500768	-4.50614129752016E-03	-2.69643163048875E-05	0	1.26659915008	7895.72265625	
16.504864	-4.50376460517672E-03	-2.72190232617187E-05	0	1.29265729747	7895.72265625	
16.50896	-4.50547402427547E-03	-2.66339822602219E-05	0	1.31025446244	7895.72265625	
16.513056	-4.50248098650281E-03	-2.70244883601E-05	0	1.21873241996	7944.984375	
16.517152	-4.49693332904578E-03	-2.80771019709469E-05	0	1.23536065367	7944.984375	
16.521248	-4.49408027419141E-03	-2.83084988549344E-05	0	1.30943430409	7944.984375	
16.525344	-4.49129588502719E-03	-2.84232333555844E-05	0	1.22509150819	7944.98046875	
16.52944	-4.48744448041141E-03	-2.89109948870531E-05	0	1.23308328374	7993.30078125	
16.533536	-4.48864114692641E-03	-2.83326776769094E-05	0	1.25529240892	7993.30078125	
16.537632	-4.48702096579516E-03	-2.83679884589062E-05	0	1.18016971875	7993.30078125	
16.541728	-4.48205189220937E-03	-2.93333817242812E-05	0	1.17420354359	7993.30078125	
16.545824	-4.47939916562016E-03	-2.96205622063312E-05	0	1.25024557405	7993.30078125	
16.54992	-4.47808391135531E-03	-2.947315129605E-05	0	1.19220125101	8041.1015625	
16.554016	-4.47483559447891E-03	-2.990976624405E-05	0	1.1771370402	8041.1015625	
16.558112	-4.47556924760516E-03	-2.95805783520844E-05	0	1.21495587686	8041.1015625	
16.562208	-4.47422583217844E-03	-2.95781692198781E-05	0	1.14486857749	8041.1015625	
16.566304	-4.46825466010516E-03	-3.08245833580781E-05	0	1.09944324897	8041.1015625	
16.5704	-4.46507793475391E-03	-3.12144166220906E-05	0	1.19976578128	8041.1015625	
16.574496	-4.46379852196781E-03	-3.10320136794937E-05	0	1.13940212672	8088.22265625	
16.578592	-4.4610367165925E-03	-3.13042838399156E-05	0	1.11646821044	8088.22265625	
16.582688	-4.46244431752453E-03	-3.08447751648094E-05	0	1.15509194669	8088.22265625	
16.586784	-4.46310253896719E-03	-3.05116442479406E-05	0	1.10868242815	8088.22265625	
16.59088	-4.45862454849969E-03	-3.15782943832125E-05	0	1.05210676076	8088.22265625	
16.594976	-4.45537220860016E-03	-3.221908701165E-05	0	1.13824246096	8134.76171875	
16.599072	-4.45461926324938E-03	-3.20476405484812E-05	0	1.10672930687	8134.76171875	
16.603168	-4.45173658431562E-03	-3.24092284080469E-05	0	1.05311002423	8134.76171875	
16.607264	-4.45136719764687E-03	-3.24066180741187E-05	0	1.10822085066	8134.76171875	
16.61136	-4.45265438218219E-03	-3.18737089916437E-05	0	1.06880365889	8184	
16.615456	-4.44849914788813E-03	-3.28596772364437E-05	0	0.98711207254	8184	
16.619552	-4.44605031542547E-03	-3.33546644818406E-05	0	1.07765755438	8184	
16.623648	-4.4457228962025E-03	-3.31770749959687E-05	0	1.06567942778	8184	
16.627744	-4.44372381943875E-03	-3.34473122257312E-05	0	0.99638176924	8184	
16.63184	-4.44355704684375E-03	-3.3480460750275E-05	0	1.04623976754	8232.16015625	
16.635936	-4.44589094885031E-03	-3.28102763243063E-05	0	1.0287455992	8232.16015625	
16.640032	-4.44260450468656E-03	-3.36793790609719E-05	0	0.93882191183	8232.16015625	
16.644128	-4.43847020839922E-03	-3.47018215481437E-05	0	1.00678442887	8232.16015625	
16.648224	-4.43789263028375E-03	-3.46005449667281E-05	0	1.02259631892	8232.16015625	
16.65232	-4.43680504255484E-03	-3.45735101379937E-05	0	0.93778050146	8280.01953125	
16.656416	-4.43711545536188E-03	-3.45223731699E-05	0	0.98778345798	8280.01953125	
16.660512	-4.44088612521812E-03	-3.36186957081937E-05	0	0.97554211777	8280.01953125	
16.664608	-4.43891246664594E-03	-3.43444596458906E-05	0	0.88517974105	8280.01953125	
16.668704	-4.43607806398969E-03	-3.5283001255425E-05	0	0.93881809714	8280.01953125	
16.6728	-4.43614828402969E-03	-3.5214639785325E-05	0	0.97971920332	8326.71875	
16.676896	-4.43566515552531E-03	-3.52034277773062E-05	0	0.89287015609	8326.71875	
16.680992	-4.43479307383063E-03	-3.55470721452E-05	0	0.92952169761	8326.71875	
16.685088	-4.43817616198172E-03	-3.47641407165937E-05	0	0.92440238363	8326.71875	
16.689184	-4.43735135080875E-03	-3.51741888642375E-05	0	0.84120780942	8326.71875	
16.69328	-4.43461377500453E-03	-3.615122923335E-05	0	0.86491229308	8373.6796875	
16.697376	-4.43535647993281E-03	-3.60244469082094E-05	0	0.92186942947	8373.6796875	
16.701472	-4.43679114483859E-03	-3.56628744332437E-05	0	0.83466561607	8373.6796875	
16.705568	-4.43715093111125E-03	-3.58604066876344E-05	0	0.86134555793	8373.6796875	
16.709664	-4.44182531825313E-03	-3.501053037405E-05	0	0.87851166293	8373.6796875	
16.71376	-4.44258100657422E-03	-3.52317162105563E-05	0	0.79919281376	8422.87890625	
16.717856	-4.44027608862062E-03	-3.63717071378719E-05	0	0.78801195737	8422.87890625	
16.721952	-4.44061950850375E-03	-3.64993221544875E-05	0	0.87169862659	8422.87890625	
16.726048	-4.44165909425219E-03	-3.62861031369375E-05	0	0.79004137245	8422.87890625	
16.730144	-4.44132225749781E-03	-3.66360446139187E-05	0	0.79311601259	8422.87890625	
16.73424	-4.44597095215109E-03	-3.57661149550031E-05	0	0.81649243291	8470.8984375	
16.738336	-4.44858308277969E-03	-3.54920911905656E-05	0	0.75272607487	8470.8984375	
16.742432	-4.44715152657359E-03	-3.652536732075E-05	0	0.71629578537	8470.8984375	
16.746528	-4.44792760430734E-03	-3.67081957436906E-05	0	0.80311050039	8470.8984375	
16.750624	-4.45038676862484E-03	-3.6289361787525E-05	0	0.74674082626	8470.8984375	
16.75472	-4.45098903347313E-03	-3.65514401312156E-05	0	0.7171235731	8518.859375	
16.758816	-4.45523880881062E-03	-3.5970615952425E-05	0	0.76795050266	8518.859375	
16.762912	-4.45843382063062E-03	-3.56043944436469E-05	0	0.70707567964	8518.859375	
16.767008	-4.45692253542078E-03	-3.67627730929594E-05	0	0.64596434584	8518.859375	
16.771104	-4.45827801991688E-03	-3.6816342029775E-05	0	0.74450923261	8518.859375	
16.7752	-4.46171532744781E-03	-3.62234844495562E-05	0	0.69726811165	8518.859375	
16.779296	-4.46340508859266E-03	-3.63224571871219E-05	0	0.64914961199	8565.16015625	
16.783392	-4.46831747412531E-03	-3.57418474311937E-05	0	0.69208394794	8565.16015625	
16.787488	-4.47372624585219E-03	-3.49827799210312E-05	0	0.65305585455	8565.16015625	
16.791584	-4.47363581926422E-03	-3.59763563313E-05	0	0.57926449119	8565.16015625	
16.79568	-4.47381904968109E-03	-3.66199167454312E-05	0	0.66069667862	8612.55859375	
16.799776	-4.47676198252937E-03	-3.62115527307187E-05	0	0.65063734109	8612.55859375	
16.803872	-4.47807357950047E-03	-3.63514100427844E-05	0	0.57571682949	8612.55859375	
16.807968	-4.48200014150281E-03	-3.59619049034437E-05	0	0.63241075227	8612.55859375	
16.812064	-4.48821763231016E-03	-3.48732644055469E-05	0	0.59571343447	8612.55859375	
16.81616	-4.48894781100734E-03	-3.56700905317969E-05	0	0.50501917972	8661.4765625	
16.820256	-4.49045315311484E-03	-3.603869857665E-05	0	0.58593256931	8661.4765625	
16.824352	-4.49461533626703E-03	-3.54796474530094E-05	0	0.60177879157	8661.4765625	
16.828448	-4.49749956955062E-03	-3.53671648731844E-05	0	0.51138971202	8661.4765625	
16.832544	-4.50112175328062E-03	-3.52982969132062E-05	0	0.56616103104	8661.4765625	
16.83664	-4.50746871228672E-03	-3.43018358904375E-05	0	0.54641238091	8709.515625	
16.840736	-4.50804299883781E-03	-3.5165716757325E-05	0	0.45117864506	8709.515625	
16.844832	-4.50800322576828E-03	-3.59805654617062E-05	0	0.50342082461	8709.515625	
16.848928	-4.51158261916141E-03	-3.54331729802531E-05	0	0.53897373541	8709.515625	
16.853024	-4.51506015692359E-03	-3.50013190851844E-05	0	0.44368277921	8757.3984375	
16.85712	-4.51864256758406E-03	-3.48793177648781E-05	0	0.48791410976	8757.3984375	
16.861216	-0.00452634281671	-3.35664724431094E-05	0	0.48575499522	8757.3984375	
16.865312	-4.52891718578062E-03	-3.39572470523344E-05	0	0.39732666633	8757.3984375	
16.869408	-4.52971365292703E-03	-3.48438375118969E-05	0	0.41807857993	8757.3984375	
16.873504	-4.53300924032516E-03	-3.45595507769531E-05	0	0.48004440429	8803.4375	
16.8776	-4.53590170251969E-03	-3.43598620343344E-05	0	0.3880684137	8803.4375	
16.881696	-4.53791577418781E-03	-3.46168055273906E-05	0	0.41831509071	8803.4375	
16.885792	-4.54514615249922E-03	-3.32638688995594E-05	0	0.42666926181	8803.4375	
16.889888	-4.54879677168812E-03	-3.32193910594219E-05	0	0.34540492074	8803.4375	
16.893984	-4.55003723429578E-03	-3.39871011090187E-05	0	0.3541939665	8851.41796875	
16.89808	-4.55410569929563E-03	-3.36279418527938E-05	0	0.41455380637	8851.41796875	
16.902176	-4.55915212464422E-03	-3.29172783807656E-05	0	0.33480389723	8851.41796875	
16.906272	-4.56340564870781E-03	-3.27673823768156E-05	0	0.34237987157	8851.41796875	
16.910368	-4.57195941876266E-03	-3.14158406995125E-05	0	0.37128759239	8851.41796875	
16.914464	-4.57709745931969E-03	-3.12358108314656E-05	0	0.29941883279	8851.41796875	
16.91856	-4.57821576831609E-03	-3.23716753206E-05	0	0.26876398395	8900.3359375	
16.922656	-4.58242430766656E-03	-3.21229803769875E-05	0	0.35803917402	8900.3359375	
16.926752	-4.58806120309109E-03	-3.13456342793344E-05	0	0.29199544605	8900.3359375	
16.930848	-4.59202132076359E-03	-3.13449710588438E-05	0	0.27320428311	8900.3359375	
16.934944	-4.60060626924766E-03	-2.99906555862375E-05	0	0.30300845608	8948.375	
16.93904	-4.60777639364453E-03	-2.92207616445937E-05	0	0.24285079478	8948.375	
16.943136	-4.61016030914312E-03	-3.01409895705187E-05	0	0.20703848506	8948.375	
16.947232	-4.61367853429828E-03	-3.03317398605375E-05	0	0.28656714218	8948.375	
16.951328	-4.61906591085672E-03	-2.96858736794812E-05	0	0.24674940796	8948.375	
16.955424	-4.62232885690812E-03	-2.98091365369875E-05	0	0.20364341096	8996.0546875	
16.95952	-4.62867005567656E-03	-2.906135940015E-05	0	0.25468014847	8996.0546875	
16.963616	-4.63475661536766E-03	-2.83065356357437E-05	0	0.20013389616	8996.0546875	
16.967712	-4.63564341766969E-03	-2.94151273156125E-05	0	0.13316319852	8996.0546875	
16.971808	-4.63883751516625E-03	-2.93668788061687E-05	0	0.22766451389	8996.0546875	
16.975904	-4.64432555873516E-03	-2.84520864517312E-05	0	0.21032293315	9042.0546875	
16.98	-4.64780236503859E-03	-2.840868312975E-05	0	0.15054674085	9042.0546875	
16.984096	-0.00465372196927	-2.77518621519562E-05	0	0.19698296222	9042.0546875	
16.988192	-4.66089657385172E-03	-2.6645106047175E-05	0	0.165176077	9042.0546875	
16.992288	-4.66271900332734E-03	-2.75064309070031E-05	0	0.0890730115	9090.296875	
16.996384	-4.66521154045031E-03	-2.78297426029219E-05	0	0.16313140316	9090.296875	
17.00048	-4.67155310494813E-03	-2.67766107233625E-05	0	0.1647183142	9090.296875	
17.004576	-4.67788836061422E-03	-2.59435367968219E-05	0	0.09611111455	9090.296875	
17.008672	-4.68717907535969E-03	-2.46731402306813E-05	0	0.15418595511	9090.296875	
17.012768	-4.70027648430484E-03	-2.24081956206281E-05	0	0.13029073695	9090.296875	
17.016864	-4.70782532146953E-03	-2.24793604533094E-05	0	0.04296103878	9139.17578125	
17.02096	-4.71628345329281E-03	-2.21723751833719E-05	0	0.1089475464	9139.17578125	
17.025056	-4.72797207268547E-03	-2.06990780989781E-05	0	0.14062473216	9139.17578125	
17.029152	-4.73939306960797E-03	-1.95370126745063E-05	0	0.06119525698	9139.171875	
17.033248	-4.75119753378016E-03	-1.86224099833406E-05	0	0.10797861514	9139.171875	
17.037344	-4.76683731047562E-03	-1.64806856827594E-05	0	0.10125331667	9187.25390625	
17.04144	-4.77707727581391E-03	-1.63628396467594E-05	0	0.02290339876	9187.25390625	
17.045536	-4.78561769674656E-03	-1.66499908019156E-05	0	0.07019792538	9187.25390625	
17.049632	-4.79737717620563E-03	-1.55076542038688E-05	0	0.11172464072	9187.25390625	
17.053728	-4.80902410244953E-03	-1.44268502365969E-05	0	0.03181832929	9187.25390625	
17.057824	-4.82022968477016E-03	-1.37598148459406E-05	0	0.06850420302	9234.93359375	
17.06192	-4.83589871981562E-03	-1.16402042251687E-05	0	0.08010467531	9234.93359375	
17.066016	-4.84638655823781E-03	-1.13931316357031E-05	0	-0.00854109091	9234.93359375	
17.070112	-4.85435927574812E-03	-1.18673335653469E-05	0	0.02139278152	9234.93359375	
17.074208	-4.86516776739984E-03	-1.0962164037825E-05	0	0.09362012198	9234.93359375	
17.078304	-4.87670616345172E-03	-9.77863781750625E-06	0	0.01501843453	9280.75390625	
17.0824	-4.88739350724797E-03	-9.13536249924375E-06	0	0.03435128345	9280.75390625	
17.086496	-4.90331974147641E-03	-6.90004382110312E-06	0	0.05391301377	9280.75390625	
17.090592	-4.91601923686156E-03	-5.9516142406875E-06	0	-0.01854702278	9280.75390625	
17.094688	-4.92553231506703E-03	-6.16567580547187E-06	0	-0.01702877616	9329.2734375	
17.098784	-4.93871548755062E-03	-4.91675109285937E-06	0	0.06735598133	9329.2734375	
17.10288	-4.95428202693875E-03	-2.97315616145625E-06	0	0.01092908685	9329.2734375	
17.106976	-4.96811162609266E-03	-2.02481311941563E-06	0	0.00929258484	9329.2734375	
17.111072	-4.98644408531156E-03	1.261566046125E-07	0	0.04555884267	9377.83203125	
17.115168	-5.00207115291125E-03	1.35277989721875E-06	0	-0.01854702278	9377.83203125	
17.119264	-5.01206534810953E-03	6.85569266353125E-07	0	-0.05021657916	9377.83203125	
17.12336	-5.02348780794953E-03	1.04245592869687E-06	0	0.05250157847	9377.83203125	
17.127456	-5.03577274908812E-03	1.99983766362187E-06	0	0.00805281059	9377.83203125	
17.131552	-5.04478166935016E-03	1.97282446948125E-06	0	-0.01090619871	9425.91015625	
17.135648	-5.05598944604703E-03	2.74515759137812E-06	0	0.02465815616	9425.91015625	
17.139744	-5.06525510833031E-03	3.24556911019687E-06	0	-0.0136565902	9425.91015625	
17.14384	-5.06712672840687E-03	1.65366349056562E-06	0	-0.06209170913	9425.91015625	
17.147936	-5.06835987642703E-03	5.8803739273125E-07	0	0.03197473158	9425.91015625	
17.152032	-5.07112332758453E-03	6.6706904446875E-07	0	0.005722035	9425.91015625	
17.156128	-5.07098453328672E-03	4.390812916875E-08	0	-0.03123086703	9473.47265625	
17.160224	-5.07344186895734E-03	2.55713205825E-07	0	0.02931207796	9473.47265625	
17.16432	-5.07654407694844E-03	9.09004860225E-07	0	-0.00510405522	9473.47265625	
17.168416	-5.07369806238453E-03	-3.65247952059375E-07	0	-0.03727333599	9473.47265625	
17.172512	-5.0726913008475E-03	-7.9358430256875E-07	0	0.17649426223	9473.47265625	
17.176608	-5.07466148499063E-03	-5.2732879959375E-08	0	0.03124994048	9473.47265625	
17.180704	-5.07520185014219E-03	-4.649562658125E-08	0	-0.00777052353	9473.47265625	
17.1848	-5.07842182299203E-03	6.75920477925E-07	0	0.02692789671	9473.47265625	
17.188896	-5.07856848047141E-03	4.84664659565625E-07	0	-0.00870512258	9473.47265625	
17.192992	-5.07268069469563E-03	-1.25783215562812E-06	0	0.01228711649	9473.47265625	
17.197088	-5.06855874177469E-03	-2.13995915811562E-06	0	-0.02012248975	9473.47265625	
17.201184	-5.07446691696312E-03	-2.126872873125E-08	0	-0.00242995753	9473.47265625	
17.20528	-5.07892204934469E-03	1.2567939355125E-06	0	-0.01702496147	9473.47265625	
17.209376	-5.07823530101078E-03	3.9592700791875E-07	0	-0.01734921012	9473.47265625	
17.213472	-5.07956088713047E-03	5.27983366246875E-07	0	-0.00506972301	9473.47265625	
17.217568	-5.07705582377641E-03	-3.71606118778125E-07	0	-0.01256940355	9473.47265625	
17.221664	-5.07880510737703E-03	7.91662669875E-08	0	-0.00541304511	9473.47265625	
17.22576	-5.07905197470516E-03	2.05032727659375E-07	0	-0.0127792115	9473.47265625	
17.229856	-5.07642000325797E-03	-5.49759065625E-07	0	-0.00931165829	9473.47265625	
17.233952	-5.07373801831875E-03	-1.0880652580875E-06	0	-0.00356673515	9473.47265625	
17.238048	-5.07440904028953E-03	-6.44020509825E-07	0	0.00028991644	9473.47265625	
17.242144	-5.07618054194969E-03	3.4120398571875E-08	0	0.00381850469	9473.47265625	
17.24624	-5.07696823159109E-03	1.1655421036875E-07	0	-0.00527190158	9473.47265625	
17.250336	-5.07756043888156E-03	1.8618971765625E-07	0	0.00102233692	9473.47265625	
17.254432	-5.07590935361813E-03	-3.67978237790625E-07	0	-0.00148391441	9473.47265625	
17.258528	-5.07719818393563E-03	-7.4328771825E-08	0	-0.01037214211	9473.47265625	
17.262624	-5.08020539372156E-03	6.60824579559375E-07	0	-0.00826261854	9473.47265625	
17.26672	-5.08032690730641E-03	4.902677789625E-07	0	-0.01322934492	9473.47265625	
17.270816	-5.07773772619609E-03	-3.32358561871875E-07	0	-0.01202390288	9473.47265625	
17.274912	-5.07545950648688E-03	-8.1161697684375E-07	0	-0.00982282675	9473.47265625	
17.279008	-5.07542531079031E-03	-5.9024796744375E-07	0	-0.00611876276	9473.47265625	
17.283104	-5.07649360629469E-03	-1.4381572156875E-07	0	-0.00998685842	9473.47265625	
17.2872	-5.07645739908656E-03	-1.1078498536875E-07	0	-0.00963972163	9473.47265625	
17.291296	-5.07526137259797E-03	-4.08104159203125E-07	0	-0.0035476617	9473.47265625	
17.295392	-5.07456218946531E-03	-5.259523586625E-07	0	-0.001144407	9473.47265625	
17.299488	-5.07587991240344E-03	-1.2471574066875E-07	0	0.00334929782	9473.47265625	
17.303584	-0.0050770259254	1.48217880628125E-07	0	0.0003433221	9473.47265625	
17.30768	-5.07653045352922E-03	-5.5959559425E-08	0	-0.00014877291	9473.47265625	
17.311776	-5.07449160369594E-03	-5.50999689384375E-07	0	0.00097274595	9473.47265625	
17.315872	-5.07292774488844E-03	-8.17397019140625E-07	0	-0.0041198652	9473.47265625	
17.319968	-5.07311664411063E-03	-5.800301892E-07	0	-0.00978849454	9473.47265625	
17.324064	-5.07396029034641E-03	-2.668141562625E-07	0	-0.01617047091	9473.47265625	
17.32816	-5.07483767511703E-03	-6.41816665875E-08	0	-0.01396939478	9473.47265625	
17.332256	-5.07515915123766E-03	-6.3345369346875E-08	0	-0.01227948711	9473.47265625	
17.336352	-5.07617240447109E-03	5.2244899678125E-08	0	-0.00730131666	9473.47265625	
17.340448	-0.005077619869905	2.88926874534375E-07	0	-0.00061797978	9473.47265625	
17.344544	-5.07735681905203E-03	1.0159557148125E-07	0	-0.00085067587	9473.47265625	
17.34864	-5.07570097930672E-03	-3.45614798615625E-07	0	0.00290679378	9473.47265625	
17.352736	-5.07355423930781E-03	-7.499425192875E-07	0	-0.00074386455	9473.47265625	
17.356832	-5.07254610628563E-03	-8.04094628596875E-07	0	-0.00170898112	9473.47265625	
17.360928	-5.07320807645438E-03	-4.68500733421875E-07	0	-0.00234984904	9473.47265625	
17.365024	-5.0743882851475E-03	-1.28036410425E-07	0	-0.00559615023	9473.47265625	
17.36912	-5.07505756990375E-03	-3.84855384375E-10	0	-0.00322722774	9473.47265625	
17.373216	-5.07525204649891E-03	0	0	-0.00700377084	9473.47265625	
17.377312	-5.07606798873453E-03	0	0	-0.00482939754	9473.47265625	
17.381408	-5.07668716856641E-03	0	0	-0.00736616639	9473.47265625	
17.385504	-5.07666815063891E-03	0	0	-0.00956724252	9473.47265625	
17.3896	-5.07569622482484E-03	0	0	-0.0086211994	9473.47265625	
17.393696	-5.0743385459525E-03	0	0	-0.00806806935	9473.47265625	
17.397792	-5.07387196670234E-03	0	0	-0.00310897235	9473.47265625	
17.401888	-5.07365655210047E-03	0	0	-0.00379180186	9473.47265625	
17.405984	-5.07319683027609E-03	0	0	-0.00212859702	9473.47265625	
17.41008	-5.07206937804531E-03	0	0	0.00040054245	9473.47265625	
17.414176	-5.07081821785344E-03	0	0	0.00195693597	9473.47265625	
17.418272	-5.06966571316047E-03	0	0	0.00069045889	9473.47265625	
17.422368	-5.06811218620781E-03	0	0	-0.00374984027	9473.47265625	
17.426464	-5.06570212105891E-03	0	0	-0.00577162597	9473.47265625	
17.43056	-5.06260485041438E-03	0	0	-0.00727842852	9473.47265625	
17.434656	-5.05985081678828E-03	0	0	-0.00720213472	9473.47265625	
17.438752	-5.05733148998859E-03	0	0	-0.00735853701	9473.47265625	
17.442848	-5.05490551561187E-03	0	0	-0.00840376207	9531.125	
17.446944	-5.05186502445281E-03	0	0	-0.00682448041	9531.125	
17.45104	-5.04832531269687E-03	0	0	0.00426482342	9531.125	
17.455136	-5.04488663368078E-03	0	0	0.03540795258	9531.125	
17.459232	-5.04189268158469E-03	0	0	0.0501250266	9531.125	
17.463328	-5.03873826572531E-03	0	0	0.04276648959	9531.125	
17.467424	-5.03541753443266E-03	0	0	0.04795446799	9531.125	
17.47152	-5.03096697366828E-03	0	0	0.05402363978	9531.125	
17.475616	-5.02530411145813E-03	0	0	0.01595303358	9531.125	
17.479712	-5.01910006120531E-03	-1.29913331625E-08	0	-0.01356503764	9515.8046875	
17.483808	-5.01418090967922E-03	-8.4462175153125E-08	0	0.05064382444	9515.8046875	
17.487904	-5.00922134505719E-03	-1.63155365690625E-07	0	0.03847496334	9515.8046875	
17.492	-5.00227148117641E-03	-2.64198533878125E-07	0	-0.06632601503	9515.8046875	
17.496096	-4.99670434863016E-03	-3.59076804384375E-07	0	0.0423049121	9468.84375	
17.500192	-4.98998983160219E-03	-4.3112889579375E-07	0	0.01376340152	9468.84375	
17.504288	-4.97744183961062E-03	-5.71697505225E-07	0	-0.0255202761	9468.84375	
17.508384	-4.96386185075516E-03	-7.60932652528125E-07	0	0.09168607415	9468.84375	
17.51248	-4.94859411226641E-03	-9.54958420040625E-07	0	0.04555502798	9468.84375	
17.516576	-4.93066953273297E-03	-1.17394618182187E-06	0	-0.02634043445	9468.84375	
17.520672	-4.90815203227594E-03	-1.44306754731562E-06	0	0.08411009981	9420.82421875	
17.524768	-4.88301124644437E-03	-1.75468814915625E-06	0	0.04622641342	9420.82421875	
17.528864	-4.85123155813312E-03	-2.12651758501875E-06	0	0.03646462171	9420.82421875	
17.53296	-4.81814575879141E-03	-2.54918831619375E-06	0	0.12277579765	9420.82421875	
17.537056	-0.00478360563659	-2.94717710089687E-06	0	0.09427624866	9370.1015625	
17.541152	-4.74200218296922E-03	-3.40303193350312E-06	0	0.01873775728	9370.1015625	
17.545248	-4.69427395093766E-03	-3.95097826055625E-06	0	0.12186408674	9370.1015625	
17.549344	-4.64199028524344E-03	-4.55576828076562E-06	0	0.08010849	9370.1015625	
17.55344	-4.58225488353359E-03	-5.24160894107812E-06	0	0.06193912153	9370.1015625	
17.557536	-4.52059995119906E-03	-5.97207431638125E-06	0	0.15763824956	9320.86328125	
17.561632	-4.45706169544797E-03	-6.67271135612812E-06	0	0.12490820936	9320.86328125	
17.565728	-4.38604354251938E-03	-7.42711829402812E-06	0	0.05598439044	9320.86328125	
17.569824	-4.31079042629297E-03	-8.24960881769062E-06	0	0.16576353926	9320.86328125	
17.57392	-4.23428038963703E-03	-9.06316377336562E-06	0	0.14080783728	9320.86328125	
17.578016	-4.15187214391812E-03	-9.91423672036875E-06	0	0.13526127802	9271.6015625	
17.582112	-4.06897327224266E-03	-1.07927041111312E-05	0	0.21971088524	9271.6015625	
17.586208	-3.98814708036766E-03	-1.15880785561406E-05	0	0.1930614609	9271.6015625	
17.590304	-3.90279114731859E-03	-1.23867265555687E-05	0	0.12133384483	9271.6015625	
17.5944	-3.81656642413922E-03	-1.32314120089594E-05	0	0.23380997948	9222.7421875	
17.598496	-3.73364405435141E-03	-1.39955388890625E-05	0	0.18913995958	9222.7421875	
17.602592	-3.64901400267937E-03	-1.4743502564175E-05	0	0.1864239003	9222.7421875	
17.606688	-3.56722566825109E-03	-1.54682352529031E-05	0	0.27257485926	9222.7421875	
17.610784	-3.4930827235425E-03	-1.60459029444656E-05	0	0.24782896523	9222.7421875	
17.61488	-3.41902215937563E-03	-1.65443889844406E-05	0	0.17411008098	9222.7421875	
17.618976	-3.34919728996531E-03	-1.70395774315594E-05	0	0.28476279381	9176.36328125	
17.623072	-3.28524740580266E-03	-1.74043544706281E-05	0	0.26440379328	9176.36328125	
17.627168	-3.22333253131484E-03	-1.77429394685812E-05	0	0.25600003121	9176.36328125	
17.631264	-3.16668324550359E-03	-1.80237733223625E-05	0	0.34706431089	9176.36328125	
17.63536	-3.12056970866266E-03	-1.81259580759469E-05	0	0.34059078196	9176.36328125	
17.639456	-3.07769543689609E-03	-1.81102056878531E-05	0	0.26405665649	9127.04296875	
17.643552	-3.03952252481281E-03	-1.81221859643344E-05	0	0.37911533627	9127.04296875	
17.647648	-3.00982913972125E-03	-1.79940654193781E-05	0	0.34755259121	9127.04296875	
17.651744	-2.98414167990641E-03	-1.78264504427625E-05	0	0.33216794644	9127.04296875	
17.65584	-2.96615794364656E-03	-1.75851405879188E-05	0	0.43317330826	9077.94140625	
17.659936	-2.95823725113984E-03	-1.71751542190594E-05	0	0.41933361294	9077.94140625	
17.664032	-2.95232587581937E-03	-1.67155094863969E-05	0	0.34425288436	9077.94140625	
17.668128	-2.94990538738328E-03	-1.63562459033531E-05	0	0.43698799826	9077.94140625	
17.672224	-0.002953633358335	-1.59171989866313E-05	0	0.44159995847	9029.76171875	
17.67632	-2.95909269214797E-03	-1.55149082831531E-05	0	0.40491408474	9029.76171875	
17.680416	-2.96880774440078E-03	-1.5106125278475E-05	0	0.49361325662	9029.76171875	
17.684512	-2.98577566732156E-03	-1.46006087166844E-05	0	0.50536250182	9029.76171875	
17.688608	-3.00390094084953E-03	-1.40559280113656E-05	0	0.43160165598	9029.76171875	
17.692704	-3.02113593764641E-03	-1.37001197133281E-05	0	0.53033346256	9029.76171875	
17.6968	-3.04265901993281E-03	-1.33129777927781E-05	0	0.53534596522	8981.04296875	
17.700896	-3.06227582928437E-03	-1.301700621375E-05	0	0.50076961506	8981.04296875	
17.704992	-3.08242239763563E-03	-1.28155480017469E-05	0	0.60058860829	8981.04296875	
17.709088	-3.10559025635375E-03	-1.25928150514031E-05	0	0.60375480099	8981.04296875	
17.713184	-3.12758384948109E-03	-1.23621446089969E-05	0	0.52794165193	8935.421875	
17.71728	-3.14621163517031E-03	-1.23439354925906E-05	0	0.57883343122	8935.421875	
17.721376	-3.16682962868594E-03	-1.22936797736156E-05	0	0.6304919632	8935.421875	
17.725472	-3.18403966445297E-03	-1.23340919928187E-05	0	0.57512555254	8935.41796875	
17.729568	-3.19999021968484E-03	-1.24598365786125E-05	0	0.65595120426	8935.41796875	
17.733664	-3.21795320080266E-03	-1.25317670355281E-05	0	0.69095098501	8886.6015625	
17.73776	-3.23560714059859E-03	-1.25098204228594E-05	0	0.61544301115	8886.6015625	
17.741856	-3.24685304458281E-03	-1.27366781286937E-05	0	0.66728464825	8886.6015625	
17.745952	-3.25952657318234E-03	-1.29649127562281E-05	0	0.71453721328	8886.6015625	
17.750048	-3.26853741352359E-03	-1.32380220985031E-05	0	0.67141214283	8886.6015625	
17.754144	-3.27643643656484E-03	-1.35821407447687E-05	0	0.74556971643	8886.6015625	
17.75824	-3.28657052324906E-03	-1.38294931416469E-05	0	0.77680821284	8837.9609375	
17.762336	-3.29702663464797E-03	-1.39469136973031E-05	0	0.72466140054	8837.9609375	
17.766432	-3.30239151884984E-03	-1.42647667448344E-05	0	0.72228866336	8837.9609375	
17.770528	-3.31040364370031E-03	-1.45147244275687E-05	0	0.80513991547	8837.9609375	
17.774624	-3.31620566593766E-03	-1.47612035080125E-05	0	0.75236367932	8837.9609375	
17.77872	-3.32146083132703E-03	-1.50479690866312E-05	0	0.79317704763	8789.98046875	
17.782816	-3.32884079295281E-03	-1.52551015718062E-05	0	0.85752323855	8789.98046875	
17.786912	-0.00333895705033	-1.52489287414406E-05	0	0.80321349702	8789.98046875	
17.791008	-3.34362201994047E-03	-1.54392725414812E-05	0	0.80637206034	8789.98046875	
17.795104	-3.35154636974094E-03	-1.56084276607875E-05	0	0.87438416835	8789.98046875	
17.7992	-3.35889698158438E-03	-1.57005984820781E-05	0	0.83679421309	8741.44140625	
17.803296	-3.36595436990141E-03	-1.58586497663344E-05	0	0.8650572513	8741.44140625	
17.807392	-3.37591866672328E-03	-1.59117713478281E-05	0	0.93588841522	8741.44140625	
17.811488	-3.38969578371187E-03	-1.57541654958187E-05	0	0.89684887776	8741.44140625	
17.815584	-3.39922257676891E-03	-1.57632645251812E-05	0	0.86752535573	8695.91796875	
17.81968	-3.41194566169875E-03	-1.57632231790688E-05	0	0.9590512129	8695.91796875	
17.823776	-3.42403054886922E-03	-1.57132503925031E-05	0	0.92499366058	8695.91796875	
17.827872	-3.43490999201969E-03	-1.57765137907781E-05	0	0.91951195105	8695.91796875	
17.831968	-3.44749629416328E-03	-1.578806498115E-05	0	1.0042171425	8695.91796875	
17.836064	-3.46497559818266E-03	-1.55569618468687E-05	0	0.96605116905	8647.13671875	
17.84016	-3.4785822852825E-03	-1.54358622083531E-05	0	0.92217841936	8647.13671875	
17.844256	-3.49338582176203E-03	-1.54306735116188E-05	0	1.02084156152	8647.13671875	
17.848352	-3.50881749844312E-03	-1.53213603997781E-05	0	0.9892254108	8647.13671875	
17.852448	-3.52210536096031E-03	-1.53646913660625E-05	0	0.98071483741	8647.13671875	
17.856544	-0.003537817277775	-1.53387510073875E-05	0	1.0786035975	8647.13671875	
17.86064	-3.55751537048016E-03	-1.50791164112531E-05	0	1.06033504709	8598.7578125	
17.864736	-3.57242780288109E-03	-1.49824020848906E-05	0	0.99506951588	8598.7578125	
17.868832	-3.58732953769781E-03	-1.50638719553437E-05	0	1.08382590811	8598.7578125	
17.872928	-3.60329993374828E-03	-1.50112133541562E-05	0	1.08482917158	8598.7578125	
17.877024	-3.6174131560325E-03	-1.50437258216437E-05	0	1.04978742924	8550.796875	
17.88112	-3.63259010220391E-03	-1.50484510573031E-05	0	1.13461850546	8550.796875	
17.885216	-3.65221898062484E-03	-1.48021260632437E-05	0	1.12966322315	8550.796875	
17.889312	-3.66892869860688E-03	-1.46038072711781E-05	0	1.05388059161	8550.796875	
17.893408	-3.68410299324031E-03	-1.46491512162187E-05	0	1.14231273519	8550.796875	
17.897504	-3.70128038766062E-03	-1.45425376209094E-05	0	1.13652966515	8502.578125	
17.9016	-3.71510230649766E-03	-1.45840770024469E-05	0	1.10483722063	8502.578125	
17.905696	-3.72918243027344E-03	-1.46815148857781E-05	0	1.19699250165	8502.578125	
17.909792	-3.74720228230906E-03	-1.45261366757719E-05	0	1.20235595579	8502.578125	
17.913888	-3.76303772422016E-03	-1.436525101935E-05	0	1.13257764631	8456.9765625	
17.917984	-3.77714024892016E-03	-1.44401773867312E-05	0	1.19438706838	8456.9765625	
17.92208	-3.79376118609641E-03	-1.43262618756469E-05	0	1.22471385388	8456.9765625	
17.926176	-3.80759087668266E-03	-1.42902955654594E-05	0	1.17440190747	8456.9765625	
17.930272	-3.82130170522203E-03	-1.43513310813469E-05	0	1.24474479107	8456.9765625	
17.934368	-3.83980816019109E-03	-1.41062140187719E-05	0	1.27756256914	8408.1171875	
17.938464	-3.85691524313906E-03	-1.38190109405906E-05	0	1.19368135073	8408.1171875	
17.94256	-3.87066968490641E-03	-1.38538012904156E-05	0	1.25009680114	8408.1171875	
17.946656	-3.88684388365109E-03	-1.37657888784281E-05	0	1.2755941891	8408.1171875	
17.950752	-3.90078475596734E-03	-1.37204403660844E-05	0	1.23349527026	8408.1171875	
17.954848	-3.91453096882375E-03	-1.37736456013406E-05	0	1.29158155489	8359.73828125	
17.958944	-3.93326536462578E-03	-1.34951566971375E-05	0	1.33363851214	8359.73828125	
17.96304	-3.95164710587797E-03	-1.31082460263562E-05	0	1.26883837311	8359.73828125	
17.967136	-3.96715110554297E-03	-1.30262530795031E-05	0	1.28029007249	8359.73828125	
17.971232	-3.98561367298703E-03	-1.27995578735062E-05	0	1.35653809621	8359.73828125	
17.975328	-4.00290672932219E-03	-1.25432809663219E-05	0	1.30860270167	8311.6953125	
17.979424	-4.01830750187109E-03	-1.24935437564437E-05	0	1.33567174191	8311.6953125	
17.98352	-4.03872132696313E-03	-1.21523856841406E-05	0	1.40568656217	8311.6953125	
17.987616	-4.05908833869516E-03	-1.16839272583687E-05	0	1.34558612122	8311.6953125	
17.991712	-4.07636758874641E-03	-1.15219399203562E-05	0	1.33195241916	8263.77734375	
17.995808	-4.09548682328328E-03	-1.13085605664281E-05	0	1.41289251158	8263.77734375	
17.999904	-4.11397773475391E-03	-1.10376238181344E-05	0	1.36453368645	8263.77734375	
18.004	-4.13024199435719E-03	-1.09831810841156E-05	0	1.38603327929	8263.77734375	
18.008096	-4.15093066507453E-03	-1.06727878848937E-05	0	1.45746334954	8263.77734375	
18.012192	-4.17266870480109E-03	-1.01417047621312E-05	0	1.41899983027	8218.17578125	
18.016288	-4.19059877027516E-03	-9.94584606375937E-06	0	1.36670043037	8218.17578125	
18.020384	-4.20925855728469E-03	-9.78311738033437E-06	0	1.46862894717	8218.17578125	
18.02448	-4.22747864615312E-03	-9.54656569380937E-06	0	1.43446839822	8218.17578125	
18.028576	-4.24172279955359E-03	-9.60844952615625E-06	0	1.43331636184	8218.17578125	
18.032672	-4.26024525518281E-03	-9.44119031841562E-06	0	1.51769730464	8169.07421875	
18.036768	-4.28048590741578E-03	-8.93436943100625E-06	0	1.48767187965	8169.07421875	
18.040864	-4.29737629570906E-03	-8.7178249360125E-06	0	1.41854206747	8169.07421875	
18.04496	-4.31449517342937E-03	-8.56553229984375E-06	0	1.53049558959	8169.07421875	
18.049056	-0.004331929858465	-8.300428238025E-06	0	1.48983480888	8169.07421875	
18.053152	-4.34586844497266E-03	-8.29230108269062E-06	0	1.47557168297	8120.9765625	
18.057248	-4.36257423136391E-03	-8.15088367603125E-06	0	1.57115255561	8120.9765625	
18.061344	-4.38123758423484E-03	-7.6985932629375E-06	0	1.55327310358	8120.9765625	
18.06544	-4.39558231321344E-03	-7.58250131172187E-06	0	1.47680001315	8120.9765625	
18.069536	-4.40970413013797E-03	-7.555448213775E-06	0	1.56361854286	8120.9765625	
18.073632	-4.42537645674781E-03	-7.34050636140937E-06	0	1.56250846807	8072.6953125	
18.077728	-4.43731038911875E-03	-7.31115254460937E-06	0	1.52364822104	8072.6953125	
18.081824	-4.45125967321063E-03	-7.26686244466875E-06	0	1.60900190979	8072.6953125	
18.08592	-4.46923892928562E-03	-6.74214085400625E-06	0	1.61872936929	8072.6953125	
18.090016	-0.00448342081726	-6.50355070798125E-06	0	1.53026670819	8025.09375	
18.094112	-4.49741051444781E-03	-6.36857464103437E-06	0	1.62259365026	8025.09375	
18.098208	-4.51180681126828E-03	-6.15493735467187E-06	0	1.61593320152	8025.09375	
18.102304	-4.52274998276234E-03	-6.1587236489625E-06	0	1.57558522539	8025.09375	
18.1064	-4.53449227294078E-03	-6.17820511986562E-06	0	1.65714329759	8025.09375	
18.110496	-4.55072343403562E-03	-5.73509738989687E-06	0	1.66786257649	8025.09375	
18.114592	-0.00456414460491	-5.43574889116875E-06	0	1.59533769021	7979.4140625	
18.118688	-4.57615634620547E-03	-5.369304246075E-06	0	1.6321914103	7979.4140625	
18.122784	-4.59006969738625E-03	-5.12995496619375E-06	0	1.68492187017	7979.4140625	
18.12688	-4.60130161222188E-03	-4.9799334816E-06	0	1.62896799725	7979.4140625	
18.130976	-4.61172087638625E-03	-5.03534424349688E-06	0	1.69679700014	7930.1328125	
18.135072	-4.62776066958562E-03	-4.55747981751562E-06	0	1.73160986108	7930.1328125	
18.139168	-4.64004295918625E-03	-4.28075004616875E-06	0	1.65402288117	7930.1328125	
18.143264	-4.65067983232875E-03	-4.2580332419625E-06	0	1.6857496579	7930.1328125	
18.14736	-4.66230682632172E-03	-4.13610860427188E-06	0	1.73680165417	7930.1328125	
18.151456	-0.004672157655605	-4.04160509300625E-06	0	1.68865645168	7882.2734375	
18.155552	-4.68097593943031E-03	-4.10275959915937E-06	0	1.74290897286	7882.2734375	
18.159648	-4.69480736723109E-03	-3.73117247074687E-06	0	1.78099102313	7882.2734375	
18.163744	-4.70743527109109E-03	-3.32197095687188E-06	0	1.72978262457	7882.2734375	
18.16784	-0.004717730461565	-3.2145535162125E-06	0	1.70452937677	7882.2734375	
18.171936	-4.72940116021828E-03	-3.03467364801562E-06	0	1.79252664569	7833.85546875	
18.176032	-4.73993069178922E-03	-2.82441376212187E-06	0	1.74106647759	7833.85546875	
18.180128	-4.74690597386156E-03	-2.98007153915625E-06	0	1.76805159465	7833.85546875	
18.184224	-4.76007149990281E-03	-2.67069083892187E-06	0	1.83409532262	7833.85546875	
18.18832	-4.77188318723016E-03	-2.26771095344063E-06	0	1.78485911879	7833.85546875	
18.192416	-4.78144234733687E-03	-2.18175863554688E-06	0	1.75139284342	7786.6953125	
18.196512	-4.79176862480766E-03	-2.05447222437188E-06	0	1.84168274103	7786.6953125	
18.200608	-4.80197348012594E-03	-1.85216858052187E-06	0	1.7980159846	7786.6953125	
18.204704	-4.80962828737703E-03	-1.880503888725E-06	0	1.81013144004	7786.6953125	
18.2088	-4.82168044176844E-03	-1.62810846804375E-06	0	1.88501761943	7786.6953125	
18.212896	-4.83459919191391E-03	-1.13369285669062E-06	0	1.85861996463	7740.85546875	
18.216992	-4.84376885023625E-03	-1.019627826525E-06	0	1.79588738758	7740.85546875	
18.221088	-4.85337555516172E-03	-9.5096010673125E-07	0	1.89009115713	7740.85546875	
18.225184	-4.86344819931094E-03	-7.4935838525625E-07	0	1.86386134869	7740.8515625	
18.22928	-4.86929484053203E-03	-8.67001056075E-07	0	1.84339172215	7740.8515625	
18.233376	-4.87984448721859E-03	-7.3511128411875E-07	0	1.92694487722	7691.4921875	
18.237472	-4.8925300848875E-03	-2.211680480625E-07	0	1.90110798185	7691.4921875	
18.241568	-4.90197650891437E-03	-3.4226167696875E-08	0	1.83770783405	7691.4921875	
18.245664	-4.91140153777281E-03	6.6573250734375E-08	0	1.94036495664	7691.4921875	
18.24976	-4.92157238025922E-03	2.8300115930625E-07	0	1.91225450603	7643.65234375	
18.253856	-4.92826193625734E-03	2.55914407546875E-07	0	1.88888952978	7643.65234375	
18.257952	-4.93697406713156E-03	2.8429827339375E-07	0	1.97924809181	7643.65234375	
18.262048	-4.9487821885975E-03	6.81614943384375E-07	0	1.97057730144	7643.65234375	
18.266144	-4.95688867162672E-03	8.244376371E-07	0	1.89509603041	7643.65234375	
18.27024	-4.96425500983328E-03	7.98647278275E-07	0	1.9657860508	7595.0546875	
18.274336	-4.97356017088906E-03	9.70926673303125E-07	0	1.98519900821	7595.0546875	
18.278432	-4.97910755404906E-03	9.5750288865E-07	0	1.93425000857	7595.0546875	
18.282528	-4.98672167390719E-03	9.28976234484375E-07	0	2.02172847965	7595.0546875	
18.286624	-4.99916680451203E-03	1.42735866879375E-06	0	2.0273170005	7595.0546875	
18.29072	-5.00807935508375E-03	1.66733270766562E-06	0	1.943966024	7548.171875	
18.294816	-5.01577814129219E-03	1.71583410147187E-06	0	2.01783368116	7548.171875	
18.298912	-5.02451669611375E-03	1.83839070968437E-06	0	2.03292840949	7548.171875	
18.303008	-5.03077469144938E-03	1.86342626157187E-06	0	1.98823550145	7548.171875	
18.307104	-5.03701494891031E-03	1.78816600029375E-06	0	2.06611621249	7548.171875	
18.3112	-5.04827246480219E-03	2.14092117638437E-06	0	2.08429702503	7501.97265625	
18.315296	-5.05710418918203E-03	2.41934325373125E-06	0	2.01766964949	7501.97265625	
18.319392	-5.06431052078703E-03	2.44625188066875E-06	0	2.03239435289	7501.97265625	
18.323488	-5.07374688725609E-03	2.6286637174875E-06	0	2.10055523381	7501.97265625	
18.327584	-5.08113480349578E-03	2.77096958479687E-06	0	2.04314414931	7501.97265625	
18.33168	-5.08689924703984E-03	2.66712473671875E-06	0	2.09675580257	7452.53125	
18.335776	-5.09835434822656E-03	3.01140299820937E-06	0	2.14564105492	7452.53125	
18.339872	-5.10765978357937E-03	3.32064139089375E-06	0	2.07673630945	7452.53125	
18.343968	-5.11474670454344E-03	3.35069352430312E-06	0	2.09718304785	7452.53125	
18.348064	-5.12320209339641E-03	3.44994198274687E-06	0	2.14631625505	7452.53125	
18.35216	-5.13069488253438E-03	3.58110026505E-06	0	2.10004406535	7404.8125	
18.356256	-5.13624802593203E-03	3.50203327680937E-06	0	2.13605855364	7404.8125	
18.360352	-5.14697742860641E-03	3.77091690215625E-06	0	2.19467889487	7404.8125	
18.364448	-5.15797811104469E-03	4.21198977839063E-06	0	2.15404863168	7404.8125	
18.368544	-5.16547986055234E-03	4.29974570025E-06	0	2.11917855039	7356.19140625	
18.37264	-5.17409022722797E-03	4.3998311770875E-06	0	2.20772513467	7356.19140625	
18.376736	-5.18198769591938E-03	4.55294809127813E-06	0	2.16805235867	7356.19140625	
18.380832	-5.18649823630125E-03	4.40794895743125E-06	0	2.17087141458	7356.19140625	
18.384928	-5.19616373222375E-03	4.57815864299062E-06	0	2.25171613975	7356.19140625	
18.389024	-5.20648653526547E-03	4.98665679218437E-06	0	2.19885979511	7356.19140625	
18.39312	-5.21313375808844E-03	5.0449728396375E-06	0	2.16635863631	7309.53125	
18.397216	-5.22056803052641E-03	5.07508699221562E-06	0	2.25950573673	7309.53125	
18.401312	-5.22884439485031E-03	5.27569905121875E-06	0	2.21969944658	7309.53125	
18.405408	-5.23410440615391E-03	5.24806133847187E-06	0	2.21494252815	7309.53125	
18.409504	-5.24260130529094E-03	5.37062203321875E-06	0	2.30283680044	7309.53125	
18.4136	-5.25290161597609E-03	5.7702173067E-06	0	2.27606149133	7263.01171875	
18.417696	-5.25876352639859E-03	5.81414009931562E-06	0	2.21152456591	7263.01171875	
18.421792	-5.26489616799094E-03	5.77679830973437E-06	0	2.30485477145	7263.01171875	
18.425888	-5.27181723068344E-03	5.912569087425E-06	0	2.29431096829	7263.01171875	
18.429984	-5.27453085121359E-03	5.7588125104125E-06	0	2.26212261407	7263.01171875	
18.43408	-5.28024171540422E-03	5.71357938256875E-06	0	2.35149698608	7263.01171875	
18.438176	-5.28998748892453E-03	6.150380388075E-06	0	2.33922512835	7213.61328125	
18.442272	-5.29607514580375E-03	6.33603164473125E-06	0	2.26013516058	7213.61328125	
18.446368	-5.30144030430266E-03	6.32207709137812E-06	0	2.35749749345	7213.61328125	
18.450464	-5.30824799088891E-03	6.47603270665312E-06	0	2.34698039312	7213.61328125	
18.45456	-5.31174728954891E-03	6.43791014862187E-06	0	2.31407487718	7165.87109375	
18.458656	-5.31629357997719E-03	6.37743857447812E-06	0	2.40659636844	7165.87109375	
18.462752	-5.32486993382094E-03	6.72110601927187E-06	0	2.40314788868	7165.87109375	
18.466848	-5.33022101173891E-03	6.88841931349687E-06	0	2.33006605766	7165.87109375	
18.470944	-5.33445908373641E-03	6.83535878963437E-06	0	2.38161396363	7165.87109375	
18.47504	-5.34098579873031E-03	7.01015188407187E-06	0	2.41730801796	7117.29296875	
18.479136	-5.34451270995813E-03	7.03030715237812E-06	0	2.36717917667	7117.29296875	
18.483232	-5.34846807314875E-03	6.953275739025E-06	0	2.44129097399	7117.29296875	
18.487328	-5.35782507634344E-03	7.38257651164687E-06	0	2.47064882823	7117.29296875	
18.491424	-5.36468003345141E-03	7.701959605725E-06	0	2.38903735037	7117.29296875	
18.49552	-5.36893904345563E-03	7.66568344007812E-06	0	2.45380315719	7070.953125	
18.499616	-0.00537506903351	7.7807547192375E-06	0	2.47105700006	7070.953125	
18.503712	-5.37905712947969E-03	7.82398063755E-06	0	2.42925181235	7070.953125	
18.507808	-5.38226530755719E-03	7.70797282086562E-06	0	2.49273206864	7070.953125	
18.511904	-0.005390028827865	7.97522327476875E-06	0	2.52841086421	7070.953125	
18.516	-5.39696077100641E-03	8.32505369416875E-06	0	2.45958622723	7024.1328125	
18.520096	-5.40098425129312E-03	8.30665779910312E-06	0	2.47723679786	7024.1328125	
18.524192	-5.40739246996953E-03	8.45244371100937E-06	0	2.5460385467	7024.1328125	
18.528288	-5.41181048081953E-03	8.565547203675E-06	0	2.49497510636	7024.1328125	
18.532384	-5.41398757635656E-03	8.39723463160312E-06	0	2.52794928672	6974.7109375	
18.53648	-5.42081492089672E-03	8.602431782175E-06	0	2.59579736306	6974.7109375	
18.540576	-5.42760395528484E-03	8.97263453697187E-06	0	2.52562614051	6974.7109375	
18.544672	-5.43020264535891E-03	8.90323124099062E-06	0	2.52851386084	6974.7109375	
18.548768	-5.43420436474781E-03	8.8886401498125E-06	0	2.60386161772	6974.7109375	
18.552864	-5.43765904442406E-03	8.9623689222375E-06	0	2.56032837544	6974.7109375	
18.55696	-5.43924146399734E-03	8.834858472825E-06	0	2.57602963948	6927.08984375	
18.561056	-5.44482752303875E-03	9.02040756612188E-06	0	2.65458173596	6927.08984375	
18.565152	-5.45169308629859E-03	9.45261146084062E-06	0	2.61537816683	6927.08984375	
18.569248	-5.45381404237656E-03	9.42561605514375E-06	0	2.57038008359	6927.08984375	
18.573344	-0.005457358142885	9.40591319023125E-06	0	2.66838328438	6927.08984375	
18.57744	-5.46058707610453E-03	9.50717150243437E-06	0	2.64174148942	6878.6328125	
18.581536	-5.46051210158266E-03	9.30723420237187E-06	0	2.63267778598	6878.6328125	
18.585632	-5.46378519662422E-03	9.31860197946562E-06	0	2.71851594036	6878.6328125	
18.589728	-5.46991317516703E-03	9.72345205538437E-06	0	2.68110909022	6878.6328125	
18.593824	-5.47218563463859E-03	9.79989861355313E-06	0	2.62180210479	6878.6328125	
18.59792	-5.47514913976422E-03	9.79023227706562E-06	0	2.73144773946	6832.29296875	
18.602016	-5.47915634509375E-03	9.98722222430625E-06	0	2.69384252544	6832.29296875	
18.606112	-5.48000566013484E-03	9.90245980906875E-06	0	2.68812811982	6832.29296875	
18.610208	-5.48321045521563E-03	9.93119896302188E-06	0	2.77918477012	6832.29296875	
18.614304	-5.48979029240125E-03	1.03797278414156E-05	0	2.7655358093	6785.15234375	
18.6184	-5.49225823422375E-03	1.04829303824437E-05	0	2.693552609	6785.15234375	
18.622496	-5.4946084111875E-03	1.04164629008344E-05	0	2.78275531996	6785.15234375	
18.626592	-5.49819036468625E-03	1.05723415911094E-05	0	2.78005833413	6785.15234375	
18.630688	-5.49857337477422E-03	1.04655462652125E-05	0	2.7416558499	6735.890625	
18.634784	-5.50102312156031E-03	1.04448590262844E-05	0	2.82941279335	6735.890625	
18.63888	-5.50834868094156E-03	1.09622849511656E-05	0	2.83804162213	6735.890625	
18.642976	-5.51240324822516E-03	1.12598671055062E-05	0	2.75086069687	6735.890625	
18.647072	-5.51464050624437E-03	1.11784186292625E-05	0	2.84539252976	6735.890625	
18.651168	-5.51894020364156E-03	1.13598148420969E-05	0	2.83860238156	6735.890625	
18.655264	-5.52029559670531E-03	1.13190706520719E-05	0	2.80707015402	6735.890625	
18.65936	-5.52199962129578E-03	1.12147301314125E-05	0	2.88949797554	6688.25	
18.663456	-5.52765434602734E-03	1.15451521567594E-05	0	2.90375728676	6688.25	
18.667552	-5.53102893097047E-03	1.17792586534219E-05	0	2.83142313498	6688.25	
18.671648	-5.53248965409422E-03	1.16646061238437E-05	0	2.88172363732	6688.25	
18.675744	-5.53642663938375E-03	1.18461434423062E-05	0	2.92560401639	6639.91015625	
18.67984	-5.53755445734391E-03	1.18514331004781E-05	0	2.87333513401	6639.91015625	
18.683936	-5.53813441270031E-03	1.16968830146437E-05	0	2.93004813024	6639.91015625	
18.688032	-5.54344187739031E-03	1.20326793134625E-05	0	2.97847561979	6639.91015625	
18.692128	-5.54786985436578E-03	1.24226705100094E-05	0	2.90287227868	6639.91015625	
18.696224	-5.5480370841225E-03	1.22586295682812E-05	0	2.94240009646	6593.75	
18.70032	-5.55024764389734E-03	1.22692230673031E-05	0	2.98464778821	6593.75	
18.704416	-0.00555041432506	1.22375305509187E-05	0	2.94484912744	6593.75	
18.708512	-5.54975445783516E-03	1.20374293087125E-05	0	3.00099754955	6593.75	
18.712608	-5.55360211372484E-03	1.23102997089187E-05	0	3.0403842238	6593.75	
18.716704	-5.55804270836375E-03	1.27763848197562E-05	0	2.98948100044	6546.109375	
18.7208	-5.55845881696016E-03	1.27102235878406E-05	0	2.97758298233	6546.109375	
18.724896	-5.56132842106875E-03	1.28131076195719E-05	0	3.06947123505	6546.109375	
18.728992	-0.005562740867915	1.28994825331969E-05	0	3.01869008177	6546.109375	
18.733088	-5.56178503419344E-03	1.268282193255E-05	0	3.04799071566	6546.109375	
18.737184	-5.56457865802438E-03	1.28133980038969E-05	0	3.12336517537	6497.19140625	
18.74128	-5.56937711885672E-03	1.33095568827375E-05	0	3.06915843047	6497.19140625	
18.745376	-5.56938662782047E-03	1.32465692053406E-05	0	3.03917115238	6497.19140625	
18.749472	-5.57120055408813E-03	1.32406826727656E-05	0	3.131097552	6497.19140625	
18.753568	-5.57309878097672E-03	1.34131913944875E-05	0	3.09068472614	6449.37109375	
18.757664	-5.57281844941078E-03	1.32971948758687E-05	0	3.10409336149	6449.37109375	
18.76176	-5.57560677016578E-03	1.34566956779062E-05	0	3.18570483935	6449.37109375	
18.765856	-0.00558101855916	1.4001253306425E-05	0	3.16016167511	6449.37109375	
18.769952	-5.58146173173016E-03	1.3994237928825E-05	0	3.09757405628	6449.37109375	
18.774048	-5.58298673179156E-03	1.39279913604562E-05	0	3.20574340592	6401.26953125	
18.778144	-5.58470090537219E-03	1.40461453288406E-05	0	3.17714467499	6401.26953125	
18.78224	-5.58302083605578E-03	1.38002991804562E-05	0	3.16502540486	6401.26953125	
18.786336	-5.58395701182344E-03	1.37663835893719E-05	0	3.25552511042	6401.26953125	
18.790432	-5.58926987102172E-03	1.43399993619094E-05	0	3.24056771093	6401.26953125	
18.794528	-5.59056043855375E-03	1.45136092844531E-05	0	3.17270056114	6355.23046875	
18.798624	-5.59144257780625E-03	1.44141769319625E-05	0	3.27367540544	6355.23046875	
18.80272	-5.59376194207016E-03	1.46256351339656E-05	0	3.25333929305	6355.23046875	
18.806816	-5.59289068326656E-03	1.44810035478281E-05	0	3.23201517595	6355.23046875	
18.810912	-5.59368833903344E-03	1.44597062133562E-05	0	3.32402168406	6355.23046875	
18.815008	-0.005598389241555	1.49512076449312E-05	0	3.31738793815	6307.47265625	
18.819104	-5.59888379910234E-03	1.506300416775E-05	0	3.24933386855	6307.47265625	
18.8232	-0.00559836290904	1.48330457438625E-05	0	3.32462821977	6307.47265625	
18.827296	-5.60005605318156E-03	1.50100256149594E-05	0	3.34566623512	6307.47265625	
18.831392	-5.59906209217266E-03	1.49042548072687E-05	0	3.30289593084	6307.47265625	
18.835488	-5.59893737845578E-03	1.48231334941594E-05	0	3.38772319237	6307.47265625	
18.839584	-5.60328260916016E-03	1.529943470055E-05	0	3.40381736948	6258.87109375	
18.84368	-5.60558322979359E-03	1.56548821816406E-05	0	3.32809195829	6258.87109375	
18.847776	-0.005605060145355	1.545604992855E-05	0	3.40025444902	6258.87109375	
18.851872	-5.60682488102172E-03	1.5602894012475E-05	0	3.41787831682	6258.87109375	
18.855968	-5.60558853286953E-03	1.54932135933094E-05	0	3.38157391209	6210.9296875	
18.860064	-5.60430692570719E-03	1.5293959706025E-05	0	3.45874509079	6210.9296875	
18.86416	-0.005607324741645	1.56514538196844E-05	0	3.47966103606	6210.9296875	
18.868256	-5.60960799013312E-03	1.60550909160469E-05	0	3.42111317394	6210.9296875	
18.872352	-5.60900965687562E-03	1.59153992288156E-05	0	3.44225800061	6210.9296875	
18.876448	-5.61089499180375E-03	1.60853264627344E-05	0	3.5077981895	6163.05078125	
18.880544	-5.61053502266641E-03	1.60796851222219E-05	0	3.46437557323	6163.05078125	
18.88464	-5.60928934841516E-03	1.58802569562656E-05	0	3.51556871303	6163.05078125	
18.888736	-5.6123059757325E-03	1.62144782566594E-05	0	3.56949698556	6163.05078125	
18.892832	-5.61579823410203E-03	1.6737158262825E-05	0	3.50714587751	6116.73046875	
18.896928	-5.61448169978437E-03	1.65326911596E-05	0	3.51634690979	6116.73046875	
18.901024	-5.61520282667953E-03	1.65273135207469E-05	0	3.5802391526	6116.73046875	
18.90512	-5.61492322657234E-03	1.656657958725E-05	0	3.54610149179	6116.73046875	
18.909216	-5.61390000721344E-03	1.64404455787687E-05	0	3.58630832439	6116.73046875	
18.913312	-5.61680938439156E-03	1.67820498044719E-05	0	3.64264366631	6116.73046875	
18.917408	-5.62097833353719E-03	1.7408092207275E-05	0	3.60603408638	6068.6328125	
18.921504	-5.62039472088703E-03	1.72771932997125E-05	0	3.58479389246	6068.6328125	
18.9256	-5.62196214555594E-03	1.73391917954062E-05	0	3.67412248819	6068.6328125	
18.929696	-5.62249574471406E-03	1.74166931602125E-05	0	3.63892434356	6068.6328125	
18.933792	-5.62043138525687E-03	1.7123119415325E-05	0	3.64420768921	6068.6328125	
18.937888	-5.62127000271375E-03	1.71812554148812E-05	0	3.73466161849	6020.0703125	
18.941984	-5.62505356453047E-03	1.77653776672969E-05	0	3.69114744966	6020.0703125	
18.94608	-5.62430473363516E-03	1.77284183292562E-05	0	3.66217106442	6020.0703125	
18.950176	-5.62455224098969E-03	1.7655249652425E-05	0	3.75713395728	5971.890625	
18.954272	-5.62509050319734E-03	1.78194636709031E-05	0	3.72634559429	5971.890625	
18.958368	-5.62332000729297E-03	1.76266506425625E-05	0	3.72481208891	5971.890625	
18.962464	-5.62406307795062E-03	1.77277743395156E-05	0	3.82011448918	5971.890625	
18.96656	-5.62794182083719E-03	1.83523263591937E-05	0	3.79868737545	5971.890625	
18.970656	-5.62699677613219E-03	1.82877636833719E-05	0	3.73929265215	5924.29296875	
18.974752	-5.62623569330281E-03	1.80808470633656E-05	0	3.83558687182	5924.29296875	
18.978848	-5.62615596429906E-03	1.8172737596475E-05	0	3.83667024378	5924.29296875	
18.982944	-5.62344508673922E-03	1.79199575607937E-05	0	3.80207100548	5924.29296875	
18.98704	-5.62284099324406E-03	1.79008619068125E-05	0	3.90166111731	5924.29296875	
18.991136	-5.62671891323953E-03	1.85778290183062E-05	0	3.89852925682	5877.97265625	
18.995232	-5.62732648116375E-03	1.88321335716938E-05	0	3.82563053092	5877.97265625	
18.999328	-5.62666908261219E-03	1.86550337487937E-05	0	3.92483535906	5877.97265625	
19.003424	-5.62765161457812E-03	1.8861421523175E-05	0	3.92588058412	5877.97265625	
19.00752	-5.62556457989969E-03	1.86713161844344E-05	0	3.89950200277	5877.97265625	
19.011616	-5.62422537036078E-03	1.85132293232906E-05	0	3.9944763397	5829.65234375	
19.015712	-5.62699613610578E-03	1.8991244470275E-05	0	3.99946595422	5829.65234375	
19.019808	-5.62690945824391E-03	1.91714197708687E-05	0	3.92947783679	5829.65234375	
19.023904	-5.62521091959406E-03	1.88973347084156E-05	0	3.99005892868	5829.65234375	
19.028	-5.62595271019891E-03	1.91135294441437E-05	0	4.03326792231	5829.65234375	
19.032096	-5.62424420542359E-03	1.90389206245219E-05	0	3.98593524879	5781.3125	
19.036192	-0.0056227526696	1.89034423946156E-05	0	4.0666502745	5781.3125	
19.040288	-5.62592692627797E-03	1.94644870258781E-05	0	4.10311489621	5781.3125	
19.044384	-5.62793706635531E-03	1.99599047996906E-05	0	4.03119654564	5781.3125	
19.04848	-5.62610750515687E-03	1.96253998457344E-05	0	4.09703428035	5781.3125	
19.052576	-0.00562660892013	1.96999084250719E-05	0	4.12132622627	5733.03125	
19.056672	-5.62456568154422E-03	1.9546524684225E-05	0	4.09265120154	5733.03125	
19.060768	-5.62222446495016E-03	1.9289178787725E-05	0	4.15718431227	5733.03125	
19.064864	-5.62433307766172E-03	1.97218675377281E-05	0	4.19587289825	5733.03125	
19.06896	-5.62642239814875E-03	2.02833741877594E-05	0	4.13876317426	5733.03125	
19.073056	-5.62470392724797E-03	2.00367422228531E-05	0	4.15986222465	5685.87109375	
19.077152	-5.6254371232125E-03	2.01767865539625E-05	0	4.23398546604	5685.87109375	
19.081248	-5.62467402887156E-03	2.02213038171375E-05	0	4.19563638747	5685.87109375	
19.085344	-5.62229678793406E-03	1.99530956718844E-05	0	4.231635617	5685.87109375	
19.08944	-5.62337111797312E-03	2.0197512494775E-05	0	4.297629754	5639.3125	
19.093536	-5.62541965963484E-03	2.07134783249625E-05	0	4.24360229953	5639.3125	
19.097632	-5.62277470479484E-03	2.03809861093781E-05	0	4.25671338906	5639.3125	
19.101728	-5.62237276821172E-03	2.0363173867575E-05	0	4.32226120733	5639.3125	
19.105824	-5.62147343967859E-03	2.04596747326125E-05	0	4.29611913676	5639.3125	
19.10992	-5.6189856570375E-03	2.02244867466469E-05	0	4.31493700253	5639.3125	
19.114016	-5.61997541215859E-03	2.05167189063375E-05	0	4.39443132744	5590.75390625	
19.118112	-5.62320132811078E-03	2.12520573536906E-05	0	4.36467293075	5590.75390625	
19.122208	-5.62166691051797E-03	2.10979680847031E-05	0	4.33239302397	5590.75390625	
19.126304	-0.00562124879041	2.10206727293062E-05	0	4.42652049972	5590.75390625	
19.1304	-5.62034342734219E-03	2.10594899981812E-05	0	4.40740508813	5590.75390625	
19.134496	-5.61687832437875E-03	2.06369759976188E-05	0	4.41163176465	5542.6328125	
19.138592	-5.61641357377547E-03	2.06979071866875E-05	0	4.49526502821	5542.6328125	
19.142688	-5.61937945614203E-03	2.14470314375625E-05	0	4.46864993608	5542.6328125	
19.146784	-5.61815581708562E-03	2.14275139090031E-05	0	4.42907634202	5542.6328125	
19.15088	-5.61730375907422E-03	2.12989101914531E-05	0	4.52471443501	5542.6328125	
19.154976	-5.61717255366094E-03	2.14824559213687E-05	0	4.50590801331	5494.15234375	
19.159072	-5.61446606485359E-03	2.1208076868825E-05	0	4.50776195265	5494.15234375	
19.163168	-5.61388876103516E-03	2.12511708161156E-05	0	4.59472925527	5494.15234375	
19.167264	-5.61672718671453E-03	2.19244987485562E-05	0	4.5912464433	5494.15234375	
19.17136	-5.61519139763656E-03	2.18445329631375E-05	0	4.53293127727	5447.37109375	
19.175456	-5.61350383086797E-03	2.15635450229719E-05	0	4.62512851988	5447.37109375	
19.179552	-5.61313974727516E-03	2.17372508588812E-05	0	4.63047671526	5447.37109375	
19.183648	-5.6104071088175E-03	2.15090441159344E-05	0	4.60254555508	5447.37109375	
19.187744	-5.60914195947703E-03	2.14671141097875E-05	0	4.69186652143	5447.37109375	
19.19184	-5.61239896242609E-03	2.22491866450219E-05	0	4.70208607594	5400.43359375	
19.195936	-5.61293338447531E-03	2.25525829762406E-05	0	4.63941834862	5400.43359375	
19.200032	-5.61160222098266E-03	2.22809837286094E-05	0	4.73084883854	5400.43359375	
19.204128	-5.61183061897734E-03	2.24216157995156E-05	0	4.73184828732	5400.43359375	
19.208224	-5.60893257940984E-03	2.20933747816031E-05	0	4.71049746739	5400.43359375	
19.21232	-5.60675941546359E-03	2.18590822274344E-05	0	4.79940644722	5351.75390625	
19.216416	-5.60883840409578E-03	2.24500208191875E-05	0	4.81743848685	5351.75390625	
19.220512	-5.60883364961391E-03	2.27414469700688E-05	0	4.75431299673	5351.75390625	
19.224608	-5.60683219560922E-03	2.24228523367406E-05	0	4.81369627596	5351.75390625	
19.228704	-5.60738792139453E-03	2.27013325871062E-05	0	4.86472919878	5351.75390625	
19.2328	-5.60562428291594E-03	2.26318771277156E-05	0	4.82023465462	5303.515625	
19.236896	-5.60365409877281E-03	2.24060453823937E-05	0	4.88979934146	5303.515625	
19.240992	-5.60597346303672E-03	2.29657219861781E-05	0	4.94105733099	5303.515625	
19.245088	-5.60755624833937E-03	2.34721212393938E-05	0	4.87548662458	5303.515625	
19.249184	-5.6050557566025E-03	2.30171041463344E-05	0	4.92838111612	5303.515625	
19.25328	-5.60492281397469E-03	2.30859752313094E-05	0	4.97269636985	5255.03515625	
19.257376	-5.60283980231938E-03	2.29707364042406E-05	0	4.94428455873	5255.03515625	
19.261472	-5.60007644259422E-03	2.26674987267094E-05	0	5.01118277726	5255.03515625	
19.265568	-5.60165419911797E-03	2.31686804370656E-05	0	5.05314818195	5255.03515625	
19.269664	-5.60395902563922E-03	2.38937847600375E-05	0	5.01247595717	5208.671875	
19.27376	-5.60210980648687E-03	2.35829723304656E-05	0	5.01577947871	5208.671875	
19.277856	-5.60206281026219E-03	2.36273309399531E-05	0	5.10281544575	5208.671875	
19.281952	-5.60048313365922E-03	2.35309947382125E-05	0	5.07266795068	5208.671875	
19.286048	-5.59727239547609E-03	2.3104901895075E-05	0	5.11005572737	5208.671875	
19.290144	-5.59757329931937E-03	2.33859451236469E-05	0	5.17787328619	5208.671875	
19.29424	-5.59945899997687E-03	2.40688954022344E-05	0	5.14056561799	5161.47265625	
19.298336	-5.59657686963719E-03	2.36833227108844E-05	0	5.12960601362	5161.47265625	
19.302432	-5.59563493363188E-03	2.36250292595625E-05	0	5.21423491127	5161.47265625	
19.306528	-5.59452192771141E-03	2.37505750474781E-05	0	5.1906868299	5161.47265625	
19.310624	-5.59165022065891E-03	2.34508010684062E-05	0	5.2166267219	5112.83203125	
19.31472	-5.59187459563047E-03	2.37010315874063E-05	0	5.29258864387	5112.83203125	
19.318816	-5.59464078975828E-03	2.45236180244344E-05	0	5.27842851459	5112.83203125	
19.322912	-5.59245665393078E-03	2.42237111128031E-05	0	5.23889306743	5112.83203125	
19.327008	-5.59122524312516E-03	2.4039147114675E-05	0	5.34014256941	5112.8359375	
19.331104	-5.58991812633891E-03	2.40876225469687E-05	0	5.32712303244	5112.8359375	
19.3352	-5.58630353149344E-03	2.36476234677375E-05	0	5.32244240781	5064.953125	
19.339296	-5.58559447366766E-03	2.37960975981094E-05	0	5.41415899948	5064.953125	
19.343392	-5.58849434188203E-03	2.47104204818625E-05	0	5.4083148944	5064.953125	
19.347488	-5.58741205722906E-03	2.47005188090719E-05	0	5.36032227951	5064.953125	
19.351584	-0.005586574719825	2.45011925660906E-05	0	5.46311673094	5016.375	
19.35568	-5.58688878992578E-03	2.47834535819062E-05	0	5.45245848708	5016.375	
19.359776	-5.58394841718312E-03	2.43647364525469E-05	0	5.44252884901	5016.375	
19.363872	-5.58268061630469E-03	2.42832266782875E-05	0	5.54031079778	5016.375	
19.367968	-5.58542724391094E-03	2.51095220058375E-05	0	5.54645626337	5016.375	
19.372064	-5.58440503030781E-03	2.51311501092094E-05	0	5.48748878535	4970.43359375	
19.37616	-5.58249994599344E-03	2.4756207936075E-05	0	5.57302176453	4970.43359375	
19.380256	-5.58209828370734E-03	2.49084457646062E-05	0	5.60368042806	4970.43359375	
19.384352	-5.57907223885859E-03	2.45595653442562E-05	0	5.57101905228	4970.43359375	
19.388448	-5.57752931805781E-03	2.44682368298156E-05	0	5.65843267363	4970.43359375	
19.392544	-0.00558073182733	2.5407291900375E-05	0	5.68933929201	4922.85546875	
19.39664	-5.58151896837734E-03	2.579640881895E-05	0	5.62505413613	4922.85546875	
19.400736	-5.57934132424625E-03	2.52923662941469E-05	0	5.71062144752	4922.85546875	
19.404832	-5.57910085718219E-03	2.54166882852094E-05	0	5.73532156527	4922.85546875	
19.408928	-5.57623865909344E-03	2.50895823623156E-05	0	5.71326884238	4922.85546875	
19.413024	-5.57364728360688E-03	2.47829730535406E-05	0	5.80314293878	4874.07421875	
19.41712	-5.57538641821734E-03	2.54276591877E-05	0	5.82905994264	4874.07421875	
19.421216	-5.57579493792922E-03	2.58423109365094E-05	0	5.78287167612	4874.07421875	
19.425312	-5.57368074784469E-03	2.54368486015875E-05	0	5.81589544745	4874.07421875	
19.429408	-0.005574157476085	2.57404175287875E-05	0	5.89210150958	4874.078125	
19.433504	-5.57249935053109E-03	2.56508060799375E-05	0	5.85736112775	4874.078125	
19.4376	-5.57000187606156E-03	2.5302142005525E-05	0	5.92341629979	4826.2578125	
19.441696	-5.57157323232125E-03	2.58670599502219E-05	0	5.98304371918	4826.2578125	
19.445792	-5.57338340986281E-03	2.65441109558625E-05	0	5.9321099783	4826.2578125	
19.449888	-5.57067125225016E-03	2.5961360577075E-05	0	5.96280678873	4826.2578125	
19.453984	-0.00557009934294	2.59508827029375E-05	0	6.02901454837	4777.5546875	
19.45808	-5.56785504463031E-03	2.57840203698E-05	0	6.00970840228	4777.5546875	
19.462176	-5.56483585720734E-03	2.54009089740656E-05	0	6.06084432173	4777.5546875	
19.466272	-5.56635509703109E-03	2.60200475376187E-05	0	6.12350441967	4777.5546875	
19.470368	-5.56938571349703E-03	2.70026008819875E-05	0	6.10546856535	4777.5546875	
19.474464	-5.56766431676125E-03	2.66043414244781E-05	0	6.09648878509	4777.5546875	
19.47856	-5.56748154350609E-03	2.658740802795E-05	0	6.19325984101	4731.85546875	
19.482656	-5.56618969592125E-03	2.65421357174531E-05	0	6.16781585871	4731.85546875	
19.486752	-5.56295902548719E-03	2.59990687124437E-05	0	6.19391596769	4731.85546875	
19.490848	-5.56341911304094E-03	2.63364354423844E-05	0	6.28345055668	4731.85546875	
19.494944	-5.56633306183625E-03	2.72823751214437E-05	0	6.25970411143	4683.95703125	
19.49904	-5.56447424228781E-03	2.69334809991844E-05	0	6.24654343093	4683.95703125	
19.503136	-5.56421073427312E-03	2.68767130271062E-05	0	6.34258206637	4683.95703125	
19.507232	-5.56436845506609E-03	2.71644052874906E-05	0	6.33069549233	4683.95703125	
19.511328	-5.5620547596075E-03	2.6784955907325E-05	0	6.34272702459	4635.3359375	
19.515424	-5.56208950389812E-03	2.69337492681469E-05	0	6.43384470993	4635.3359375	
19.51952	-5.56502091627109E-03	2.78059007998406E-05	0	6.43420329079	4635.3359375	
19.523616	-5.56345906897516E-03	2.75001970190062E-05	0	6.39349291911	4635.3359375	
19.527712	-5.56233984565531E-03	2.72459023213781E-05	0	6.49510863133	4635.3359375	
19.531808	-5.56162813629156E-03	2.73565702395562E-05	0	6.50529385363	4635.3359375	
19.535904	-5.55823672779719E-03	2.68350772514344E-05	0	6.4939756684	4587.359375	
19.54	-5.55743879773328E-03	2.69450612760656E-05	0	6.59857828289	4587.359375	
19.544096	-5.5608902772775E-03	2.80771781727937E-05	0	6.60239297289	4587.359375	
19.548192	-5.56085260715187E-03	2.82025869416156E-05	0	6.55153171112	4587.359375	
19.552288	-5.55966883259734E-03	2.7810016420725E-05	0	6.66474026625	4587.359375	
19.556384	-5.55981567294141E-03	2.80054647829687E-05	0	6.67000072376	4538.77734375	
19.56048	-5.55706045069484E-03	2.75355159740719E-05	0	6.66154355603	4538.77734375	
19.564576	-5.55566354734703E-03	2.74301165602406E-05	0	6.76839302293	4538.77734375	
19.568672	-5.55849630422109E-03	2.83912268972062E-05	0	6.7835106394	4538.77734375	
19.572768	-5.55813825516297E-03	2.85027433722281E-05	0	6.73181777521	4538.77734375	
19.576864	-5.55631920868406E-03	2.80401883059375E-05	0	6.80779495594	4493.09765625	
19.58096	-5.55659716300906E-03	2.83161502895906E-05	0	6.85798101758	4493.09765625	
19.585056	-5.55476769324297E-03	2.80834454742187E-05	0	6.83555826976	4493.09765625	
19.589152	-5.55365871034562E-03	2.79805419713531E-05	0	6.92864814983	4493.09765625	
19.593248	-5.55707727424609E-03	2.90094248367E-05	0	6.96755035845	4493.09765625	
19.597344	-5.55843275874219E-03	2.94437953157906E-05	0	6.91472453133	4445.078125	
19.60144	-5.55637022793188E-03	2.87816250645E-05	0	6.98806576127	4445.078125	
19.605536	-5.55653306893609E-03	2.89359453428719E-05	0	7.03339190785	4445.078125	
19.609632	-5.55447840130734E-03	2.86494588505125E-05	0	7.01915929946	4445.078125	
19.613728	-5.55240416715703E-03	2.83119901975969E-05	0	7.09832937572	4396.63671875	
19.617824	-5.55484294206187E-03	2.91644347778437E-05	0	7.14181302703	4396.63671875	
19.62192	-5.55696444673391E-03	2.98923852518156E-05	0	7.11713579742	4396.63671875	
19.626016	-0.005555882710675	2.94746774964469E-05	0	7.15016338344	4396.63671875	
19.630112	-5.55701820895203E-03	2.97803062773562E-05	0	7.22659069759	4396.640625	
19.634208	-5.55600321850406E-03	2.96384934384E-05	0	7.20411454411	4348.71875	
19.638304	-5.55373423346156E-03	2.91419775887625E-05	0	7.25923681461	4348.71875	
19.6424	-5.55569975455516E-03	2.982693555765E-05	0	7.33525214224	4348.71875	
19.646496	-5.55828939282719E-03	3.06336672028406E-05	0	7.29792540059	4348.71875	
19.650592	-5.55615700770625E-03	2.99781791564062E-05	0	7.33288703444	4348.71875	
19.654688	-5.55573047582266E-03	2.99039224998937E-05	0	7.41325110867	4348.71875	
19.658784	-5.55458537714953E-03	2.98960669789031E-05	0	7.39825556228	4300.16015625	
19.66288	-5.55237692031859E-03	2.95353853684312E-05	0	7.4420405741	4300.16015625	
19.666976	-5.55391042358797E-03	3.01713763189781E-05	0	7.52371690169	4300.16015625	
19.671072	-5.55684019017875E-03	3.11476549100062E-05	0	7.51454257224	4300.16015625	
19.675168	-5.55506228825453E-03	3.05729970712031E-05	0	7.50285817677	4254.578125	
19.679264	-5.55488911539547E-03	3.05190387117E-05	0	7.61247710861	4254.578125	
19.68336	-5.5541725601175E-03	3.05635800133125E-05	0	7.60765915514	4254.578125	
19.687456	-5.55089032184156E-03	2.99267652655125E-05	0	7.62275769816	4254.578125	
19.691552	-5.55068048461266E-03	3.01694570901281E-05	0	7.72835594674	4254.578125	
19.695648	-5.55363502936859E-03	3.12848059747781E-05	0	7.72049387065	4206.21875	
19.699744	-5.55248151891984E-03	3.10623122068875E-05	0	7.69982206554	4206.21875	
19.70384	-5.55198184116125E-03	3.08930837703469E-05	0	7.81104316718	4206.21875	
19.707936	-5.55215867131406E-03	3.11552462485687E-05	0	7.81140174804	4206.21875	
19.712032	-5.5498832860075E-03	3.06935507968031E-05	0	7.83258090692	4206.21875	
19.716128	-5.54989380072703E-03	3.08928436263562E-05	0	7.92986694599	4157.7578125	
19.720224	-5.55316781009203E-03	3.19935427660406E-05	0	7.94398129899	4157.7578125	
19.72432	-5.55195788588719E-03	3.16886851382062E-05	0	7.90718861394	4157.7578125	
19.728416	-5.55031612672281E-03	3.123284953635E-05	0	8.00755692253	4157.76171875	
19.732512	-5.54952807135203E-03	3.13153655596031E-05	0	8.03248592168	4157.76171875	
19.736608	-5.54655560585672E-03	3.08012088622219E-05	0	8.03089519595	4109.86328125	
19.740704	-5.54618832213187E-03	3.10226367657937E-05	0	8.1328809331	4109.86328125	
19.7448	-5.55029445725734E-03	3.24327372787687E-05	0	8.15988130892	4109.86328125	
19.748896	-5.55110025050281E-03	3.26365901999156E-05	0	8.1151044777	4109.86328125	
19.752992	-5.54999693641078E-03	3.21175135555312E-05	0	8.23553042631	4061.48046875	
19.757088	-5.55077465992672E-03	3.24342230945906E-05	0	8.25070907782	4061.48046875	
19.761184	-5.54893851559953E-03	3.20314554685125E-05	0	8.24840119037	4061.48046875	
19.76528	-5.54768570962547E-03	3.18101095360125E-05	0	8.35416347062	4061.48046875	
19.769376	-5.55040499896094E-03	3.27905739401625E-05	0	8.3897621577	4061.48046875	
19.773472	-5.55057222871766E-03	3.2944953593475E-05	0	8.35551387088	4061.48046875	
19.777568	-5.54925221997094E-03	3.24772076669906E-05	0	8.43844523148	4061.48046875	
19.781664	-5.55009385469516E-03	3.28975250351344E-05	0	8.49808028025	4015.921875	
19.78576	-5.54852048692391E-03	3.26466764879062E-05	0	8.47926241448	4015.921875	
19.789856	-5.54679351281516E-03	3.23062364437312E-05	0	8.56548203786	4015.921875	
19.793952	-5.54971431903625E-03	3.33334981568531E-05	0	8.6323764417	4015.921875	
19.798048	-5.55149478106609E-03	3.39272235246656E-05	0	8.5896519137	3967.3203125	
19.802144	-5.54935883008375E-03	3.31461190173094E-05	0	8.6736513875	3967.3203125	
19.80624	-5.54918263995734E-03	3.32253944188031E-05	0	8.72551591274	3967.3203125	
19.810336	-5.54704678040734E-03	3.29185778986969E-05	0	8.72223909403	3967.3203125	
19.814432	-5.54464485273703E-03	3.254265591885E-05	0	8.79933397893	3919.08203125	
19.818528	-5.54696531418906E-03	3.35473623660656E-05	0	8.86611012738	3919.08203125	
19.822624	-5.54916435348859E-03	3.43607644372781E-05	0	8.85480338622	3919.08203125	
19.82672	-5.54754353233094E-03	3.3725887427925E-05	0	8.88485932873	3919.08203125	
19.830816	-5.54793934294703E-03	3.39139963744313E-05	0	8.98702435631	3919.08203125	
19.834912	-5.54695708527812E-03	3.38262344429625E-05	0	8.97997480919	3919.08203125	
19.839008	-5.54446262807594E-03	3.3283514793375E-05	0	9.04385942262	3870.9453125	
19.843104	-5.54595160379391E-03	3.40170070887281E-05	0	9.12880493954	3870.9453125	
19.8472	-5.54839860760969E-03	3.49387927054031E-05	0	9.11220340866	3870.9453125	
19.851296	-5.54613739431641E-03	3.41612994925125E-05	0	9.13375259247	3822.8828125	
19.855392	-5.54572476014906E-03	3.41234605880438E-05	0	9.23976664226	3822.8828125	
19.859488	-5.54530023977703E-03	3.43160524627594E-05	0	9.23911433027	3822.8828125	
19.863584	-5.54336580568031E-03	3.39358167853031E-05	0	9.29639953	3822.8828125	
19.86768	-5.54474103956266E-03	3.45835197433687E-05	0	9.38321805971	3822.8828125	
19.871776	-5.54800663715203E-03	3.57310390285406E-05	0	9.40030405622	3822.8828125	
19.875872	-5.54661540260953E-03	3.51173353153219E-05	0	9.38316465405	3777.32421875	
19.879968	-5.54645685892547E-03	3.50058825421594E-05	0	9.51192188562	3777.32421875	
19.884064	-5.54590652764844E-03	3.50482570190156E-05	0	9.52157686601	3777.32421875	
19.88816	-5.54265738788094E-03	3.42896390276344E-05	0	9.52208803447	3777.32421875	
19.892256	-5.54266278238922E-03	3.46330415688469E-05	0	9.50755788026	3777.32421875	
19.896352	-5.54662984891984E-03	3.61572244196625E-05	0	9.52677628848	3777.32421875	
19.900448	-5.54573920645937E-03	3.58536631847625E-05	0	9.60305101503	3777.32421875	
19.904544	-5.54344800335734E-03	3.50531844179344E-05	0	9.57171333668	3777.32421875	
19.90864	-5.54361349589953E-03	3.53848439420438E-05	0	9.59159168627	3777.32421875	
19.912736	-5.5455676793825E-03	3.61208352733594E-05	0	9.58898243831	3777.32421875	
19.916832	-0.00554666340459	3.65035207079812E-05	0	9.58419500236	3777.32421875	
19.920928	-5.54271654460734E-03	3.5335335818475E-05	0	9.59310230351	3777.32421875	
19.925024	-5.53570569535328E-03	3.36854860260187E-05	0	9.57950674835	3777.32421875	
19.92912	-5.5321878359275E-03	3.36229072424437E-05	0	9.58828816473	3777.32421875	
19.933216	-5.53198311890984E-03	3.45919743022219E-05	0	9.57532203342	3777.32421875	
19.937312	-5.53039804779859E-03	3.47225794600781E-05	0	9.57037438049	3777.32421875	
19.941408	-5.52873315625125E-03	3.46791566669625E-05	0	9.56701745329	3777.32421875	
19.945504	-5.52761375006672E-03	3.48227606098969E-05	0	9.56623544184	3777.32421875	
19.9496	-5.52788603558641E-03	3.52895462008031E-05	0	9.56576623497	3777.32421875	
19.953696	-5.52874467672656E-03	3.58150192330219E-05	0	9.55021374384	3777.32421875	
19.957792	-5.52761868741328E-03	3.56211482730469E-05	0	9.54802411178	3777.32421875	
19.961888	-5.52338811286797E-03	3.45794892185531E-05	0	9.54375547367	3777.32421875	
19.965984	-5.51901737253969E-03	3.38011532180437E-05	0	9.53833479918	3777.32421875	
19.97008	-5.51738914536219E-03	3.41554288253062E-05	0	9.54162306196	3777.32421875	
19.974176	-0.005517437238775	3.4868217054825E-05	0	9.53747649393	3777.32421875	
19.978272	-5.51636464595047E-03	3.49867852054875E-05	0	9.54249662597	3777.32421875	
19.982368	-5.51337508260687E-03	3.44403780595875E-05	0	9.54323286114	3777.32421875	
19.986464	-5.51110006302969E-03	3.42552390620344E-05	0	9.54196256937	3777.32421875	
19.99056	-5.51095422844141E-03	3.47474037141E-05	0	9.54148573312	3777.32421875	
19.994656	-5.51151644592313E-03	3.53167334332312E-05	0	9.53623290499	3777.32421875	
19.998752	-5.51045253917125E-03	3.51729393462563E-05	0	9.53415771363	3777.32421875	
20.002848	-5.50772895251563E-03	3.45817310432344E-05	0	9.52998062808	3777.32421875	
20.006944	-5.50538362146609E-03	3.43296875452781E-05	0	9.52927872512	3777.32421875	
20.01104	-5.50450056789016E-03	3.46258555183406E-05	0	9.52216432827	3777.32421875	
20.015136	-5.50387050760937E-03	3.49249314211875E-05	0	9.51458835393	3777.32421875	
20.019232	-5.50252041762156E-03	3.48262118083687E-05	0	9.51180363023	3777.32421875	
20.023328	-5.50096606777781E-03	3.46549848161344E-05	0	9.5095262603	3777.32421875	
20.027424	-5.50054291889094E-03	3.48973665449062E-05	0	9.51175403926	3777.32421875	
20.03152	-5.50142908116656E-03	3.54723123641906E-05	0	9.51221180206	3777.32421875	
20.035616	-5.50176509502984E-03	3.5707904676675E-05	0	9.51568698465	3777.32421875	
20.039712	-5.49970137559906E-03	3.51665951218312E-05	0	9.51720523127	3777.32421875	
20.043808	-5.49635641473531E-03	3.44134917883969E-05	0	9.5186433694	3777.32421875	
20.047904	-5.49407435486766E-03	2.08450942991156E-05	0	9.51899050619	3777.32421875	
20.052	-0.005502720288725	0	0	9.51128483239	3777.32421875	
20.056096	-5.53587685670078E-03	0	0	9.50639439981	3777.32421875	
20.060192	-5.5936918134625E-03	0	0	9.50137426777	3777.32421875	
20.064288	-5.67597625978797E-03	0	0	9.49770835068	3777.32421875	
20.068384	-5.78209574664391E-03	0	0	9.49685386012	3777.32421875	
20.07248	-5.90995766197891E-03	0	0	9.49543861013	3777.32421875	
20.076576	-6.05582772600953E-03	0	0	9.49685386012	3777.32421875	
20.080672	-6.21719794954672E-03	0	0	9.49512199086	3777.32421875	
20.084768	-6.39170316072234E-03	0	0	9.49531654005	3777.32421875	
20.088864	-6.57754726257578E-03	0	0	9.49326423683	3777.32421875	
20.09296	-6.77175989255562E-03	0	0	9.49157432916	3777.32421875	
20.097056	-6.97014695762172E-03	0	0	9.49287895314	3777.32421875	
20.101152	-7.16926877300219E-03	0	0	9.49328712497	3777.32421875	
20.105248	-7.36662219542219E-03	0	0	9.49654487023	3777.32421875	
20.109344	-7.55913720107562E-03	0	0	9.49347023009	3777.32421875	
20.11344	-7.74382815820969E-03	0	0	9.49147133253	3777.32421875	
20.117536	-7.91697934780672E-03	0	0	9.48617654281	3777.32421875	
20.121632	-8.07634125991344E-03	0	0	9.48209482451	3717.0703125	
20.125728	-8.2203748138875E-03	0	0	9.47906977534	3717.0703125	
20.129824	-8.34781486038844E-03	0	0	9.47589213857	3717.05078125	
20.13392	-8.45674159449453E-03	0	0	9.46425351938	3717.05078125	
20.138016	-8.54507163882109E-03	0	0	9.41131325156	3717.05078125	
20.142112	-8.61152174042359E-03	0	0	9.41061516329	3717.05078125	
20.146208	-8.65569709444172E-03	0	0	9.38139845258	3717.05078125	
20.150304	-8.67762906216937E-03	0	0	9.33862433361	3717.05078125	
20.1544	-8.67738630929672E-03	0	0	9.29895918699	3717.05078125	
20.158496	-8.65572937005906E-03	-2.42317113451875E-06	0	9.29699080695	3729.3515625	
20.162592	-0.008613549984105	-8.99509989912187E-06	0	9.1504876375	3729.3515625	
20.166688	-8.55626743788094E-03	-2.05309837959187E-05	0	9.17760245402	3729.3515625	
20.170784	-8.49520489570156E-03	-2.970654337035E-05	0	9.16000147436	3729.3515625	
20.17488	-8.43703829014578E-03	-3.51369554880094E-05	0	9.02018545648	3776.53125	
20.178976	-8.38902332628422E-03	-3.56631292406812E-05	0	9.03656192065	3776.53125	
20.183072	-8.35399614398766E-03	-3.22164617738906E-05	0	8.9587231712	3776.53125	
20.187168	-8.32813532844906E-03	-2.83364387308406E-05	0	8.83122097264	3776.53125	
20.191264	-8.30840276575031E-03	-2.51215116573094E-05	0	8.88394761782	3776.53125	
20.19536	-8.29573399163266E-03	-2.13312839571563E-05	0	8.81900633526	3823.97265625	
20.199456	-8.28829048452797E-03	-1.75469733183937E-05	0	8.71784838584	3823.97265625	
20.203552	-8.2816769088075E-03	-1.57274756186625E-05	0	8.7293077146	3823.97265625	
20.207648	-8.27747294107422E-03	-1.36458137580187E-05	0	8.64203523678	3823.97265625	
20.211744	-8.26800759055219E-03	-1.51070178256594E-05	0	8.5279302295	3873.609375	
20.21584	-8.25717294925016E-03	-1.65693291037313E-05	0	8.59349330653	3873.609375	
20.219936	-8.25097557355844E-03	-1.50777188164969E-05	0	8.52347848627	3873.609375	
20.224032	-8.24495594234297E-03	-1.43250190884281E-05	0	8.42937389866	3873.61328125	
20.228128	-8.23997169098812E-03	-1.36273808437594E-05	0	8.44099725909	3873.61328125	
20.232224	-8.23651426834156E-03	-1.24740173336625E-05	0	8.35636073206	3873.61328125	
20.23632	-8.22876592580281E-03	-1.39389569744906E-05	0	8.26125288098	3924.07421875	
20.240416	-8.22100706854453E-03	-1.48203017662219E-05	0	8.3362039101	3924.07421875	
20.244512	-8.21805380384141E-03	-1.29907809995906E-05	0	8.21654089949	3924.07421875	
20.248608	-8.21435097678422E-03	-1.25152975808437E-05	0	8.16635483785	3924.07421875	
20.252704	-8.21134431559234E-03	-1.20980641038469E-05	0	8.179839767	3924.07421875	
20.2568	-8.21095005932609E-03	-1.05454533968437E-05	0	8.08516297589	3972.85546875	
20.260896	-8.20647828625797E-03	-1.16049186835312E-05	0	7.99538806143	3972.85546875	
20.264992	-8.20256571340422E-03	-1.19895375296812E-05	0	8.05898275842	3972.85546875	
20.269088	-8.20277024755719E-03	-1.01075511905156E-05	0	7.97457511279	3972.85546875	
20.273184	-8.19822359139953E-03	-1.13906160132187E-05	0	7.91308612468	3972.85546875	
20.27728	-8.19642822589766E-03	-1.08878686794281E-05	0	7.92393510304	3972.85546875	
20.281376	-8.19693668116125E-03	-9.3514060332E-06	0	7.8486102343	4022.53515625	
20.285472	-8.19270382080734E-03	-1.08074685194437E-05	0	7.75603533738	4022.53515625	
20.289568	-8.18861414350375E-03	-1.1557774980675E-05	0	7.8142017305	4022.53515625	
20.293664	-8.18884528446875E-03	-9.88494059581875E-06	0	7.73712973374	4022.53515625	
20.29776	-8.18670942491875E-03	-1.01579674862531E-05	0	7.66994159877	4022.53515625	
20.301856	-8.18748056530594E-03	-9.10828632439687E-06	0	7.69883024614	4070.015625	
20.305952	-8.19006197466703E-03	-7.47783795484687E-06	0	7.61811522043	4070.015625	
20.310048	-8.18583478311844E-03	-9.73229243115937E-06	0	7.51395129529	4070.015625	
20.314144	-8.18242216232031E-03	-1.05593358348844E-05	0	7.58225713443	4070.015625	
20.31824	-8.18313752897781E-03	-9.00025205743125E-06	0	7.51327228047	4117.21484375	
20.322336	-8.18166821121375E-03	-9.23084798068125E-06	0	7.43819155189	4117.21484375	
20.326432	-8.18290437650125E-03	-8.26030472045625E-06	0	7.45599852481	4117.21484375	
20.330528	-8.18558434992891E-03	-6.86647149890625E-06	0	7.37880445797	4117.21484375	
20.334624	-8.18243011693422E-03	-8.7563133590625E-06	0	7.29327910817	4167.95703125	
20.33872	-8.17946469172937E-03	-9.6649893734625E-06	0	7.35368853901	4167.95703125	
20.342816	-8.18068823935344E-03	-8.16386827843125E-06	0	7.3000578123	4167.95703125	
20.346912	-8.17972701112359E-03	-8.35709693135625E-06	0	7.21591338028	4167.95703125	
20.351008	-8.18045993279109E-03	-7.86987506280937E-06	0	7.24727394677	4167.95703125	
20.355104	-8.18320162305078E-03	-6.45698825454375E-06	0	7.17782751532	4167.95703125	
20.3592	-0.008179812500365	-8.45626534180312E-06	0	7.07874857195	4215.45703125	
20.363296	-8.17721207307641E-03	-9.17912976316875E-06	0	7.13538908907	4215.45703125	
20.367392	-8.17808488622984E-03	-7.95857425295625E-06	0	7.10434895654	4215.45703125	
20.371488	-8.17735662761187E-03	-8.02206433369688E-06	0	7.01016807513	4215.45703125	
20.375584	-8.17813206531922E-03	-7.56885829651875E-06	0	7.02968402917	4264.078125	
20.37968	-8.18201144823219E-03	-5.767957693575E-06	0	6.97915846012	4264.078125	
20.383776	-8.18046413867891E-03	-7.145044778025E-06	0	6.87333895952	4264.078125	
20.387872	-8.17776843888813E-03	-8.381028157425E-06	0	6.91898554006	4264.078125	
20.391968	-8.17876596575844E-03	-7.347375344925E-06	0	6.89958402672	4264.078125	
20.396064	-8.17827780847516E-03	-7.37683372892812E-06	0	6.80359879694	4311.4375	
20.40016	-8.17800625441422E-03	-7.4892742414875E-06	0	6.83610758512	4311.4375	
20.404256	-8.18126764611578E-03	-5.8271095575E-06	0	6.79165881724	4311.4375	
20.408352	-8.17870580327625E-03	-7.41842287003125E-06	0	6.67536036321	4311.4375	
20.412448	-8.17555952489547E-03	-8.58454093468125E-06	0	6.71059284005	4311.4375	
20.416544	-8.17641606309172E-03	-7.473032911575E-06	0	6.71335467561	4357.91796875	
20.42064	-8.17720567281234E-03	-6.86835202587187E-06	0	6.60739021679	4357.91796875	
20.424736	-8.17767728084141E-03	-6.85296285856875E-06	0	6.63231158656	4357.91796875	
20.428832	-8.18184696144578E-03	-5.10919945810312E-06	0	6.60029489339	4357.91796875	
20.432928	-8.18053673595984E-03	-6.36289315633125E-06	0	6.49676420679	4357.91796875	
20.437024	-8.17677667225547E-03	-8.124482260125E-06	0	6.51965616148	4407.23828125	
20.44112	-8.17725486341328E-03	-7.2694302305625E-06	0	6.52661415604	4407.23828125	
20.445216	-8.17780364034047E-03	-6.68604115049062E-06	0	6.42454068102	4407.23828125	
20.449312	-8.17748161562578E-03	-6.93830027323125E-06	0	6.4390059855	4407.23828125	
20.453408	-8.18214256221312E-03	-4.89383525039062E-06	0	6.4247390449	4455.41796875	
20.457504	-8.18233393010859E-03	-5.4827608633875E-06	0	6.31022586579	4455.41796875	
20.4616	-8.17970241582312E-03	-7.04566675240312E-06	0	6.32146775722	4455.41796875	
20.465696	-8.18018252706016E-03	-6.53501389767187E-06	0	6.35973291261	4455.41796875	
20.469792	-8.18085290900453E-03	-6.06330499438125E-06	0	6.25872755079	4455.41796875	
20.473888	-8.17963621880625E-03	-6.73534470695625E-06	0	6.25721693355	4503.87890625	
20.477984	-8.18343258115109E-03	-4.97629550446875E-06	0	6.24593689522	4503.87890625	
20.48208	-8.1828480541775E-03	-5.62419581810625E-06	0	6.14625523083	4503.87890625	
20.486176	-8.17867901359953E-03	-7.55958907501875E-06	0	6.13343787243	4503.87890625	
20.490272	-8.17826381932656E-03	-7.103229435225E-06	0	6.18165555403	4503.87890625	
20.494368	-8.18003358377219E-03	-5.87933282258437E-06	0	6.09350569751	4503.87890625	
20.498464	-8.17958108510297E-03	-6.25419759195E-06	0	6.07605349076	4551.078125	
20.50256	-8.18373101632109E-03	-4.62104898471562E-06	0	6.08314118478	4551.078125	
20.506656	-8.18455546176469E-03	-4.80215745745313E-06	0	5.99304965105	4551.078125	
20.510752	-8.18092605487953E-03	-6.77134250749687E-06	0	5.94998561564	4551.078125	
20.514848	-8.18003614387781E-03	-6.73539590882812E-06	0	6.01930234763	4551.078125	
20.518944	-8.18074090438344E-03	-5.97888945379687E-06	0	5.94376767094	4597.30078125	
20.52304	-8.17893932148219E-03	-6.67256327935312E-06	0	5.90679951015	4597.30078125	
20.527136	-8.18182053749844E-03	-5.31503362726875E-06	0	5.91714876412	4597.30078125	
20.531232	-8.18370623815594E-03	-4.70374313279062E-06	0	5.84503586436	4597.30078125	
20.535328	-8.18044137202531E-03	-6.49332211244062E-06	0	5.7804760508	4646.703125	
20.539424	-8.17915592470453E-03	-6.73213437362812E-06	0	5.84502442029	4646.703125	
20.54352	-8.18050674615109E-03	-5.73848104035937E-06	0	5.77933545849	4646.703125	
20.547616	-8.1794921214325E-03	-6.15681860279062E-06	0	5.73381094803	4646.703125	
20.551712	-8.18185116733359E-03	-5.22675871554375E-06	0	5.76189469581	4646.703125	
20.555808	-8.18404069766938E-03	-4.48799599276875E-06	0	5.69985257765	4694.76171875	
20.559904	-8.18002444053781E-03	-6.55697926032187E-06	0	5.61136321372	4694.76171875	
20.564	-8.17781836094781E-03	-7.059360248325E-06	0	5.68904937557	4694.76171875	
20.568096	-8.17902645650578E-03	-5.96417168005312E-06	0	5.64704963867	4694.76171875	
20.572192	-0.008178513429625	-6.03550694525625E-06	0	5.57312094647	4694.76171875	
20.576288	-8.18083919415297E-03	-5.2017303751875E-06	0	5.6050384577	4743.36328125	
20.580384	-8.18452958641141E-03	-3.94281865333125E-06	0	5.55974664333	4743.36328125	
20.58448	-8.18188380868031E-03	-5.65186021351875E-06	0	5.46547802405	4743.36328125	
20.588576	-8.17945801716828E-03	-6.58163933181562E-06	0	5.52711578507	4743.36328125	
20.592672	-8.18053783314797E-03	-5.69248709596875E-06	0	5.50564670975	4790.08203125	
20.596768	-8.17990448130281E-03	-5.783815370025E-06	0	5.42192952301	4790.08203125	
20.600864	-8.18037791797875E-03	-5.645792431125E-06	0	5.45619306859	4790.08203125	
20.60496	-8.18377133798469E-03	-4.2507044031375E-06	0	5.4141132232	4790.08203125	
20.609056	-8.18133704326469E-03	-5.64746334291562E-06	0	5.31580484721	4790.08203125	
20.613152	-8.17914714719953E-03	-6.4332579898125E-06	0	5.3711598138	4836.421875	
20.617248	-8.1804400919725E-03	-5.52516226329375E-06	0	5.37649275042	4836.421875	
20.621344	-8.18057998345844E-03	-5.353646569425E-06	0	5.28131242023	4836.421875	
20.62544	-8.18108167272859E-03	-5.36120353302187E-06	0	5.31234873807	4836.421875	
20.629536	-8.18540267386188E-03	-3.73944169324687E-06	0	5.28687805294	4885.78515625	
20.633632	-8.18344309587062E-03	-5.04697019340937E-06	0	5.18934787371	4885.78515625	
20.637728	-8.17958986260797E-03	-6.56830160476875E-06	0	5.22477489974	4885.78515625	
20.641824	-8.17932544026984E-03	-6.1136102325375E-06	0	5.24773933354	4885.78515625	
20.64592	-8.17957267332734E-03	-5.5801588429125E-06	0	5.15213557276	4885.78515625	
20.650016	-8.17953975768359E-03	-5.6063799705375E-06	0	5.16942374784	4885.78515625	
20.654112	-8.18427183863438E-03	-3.79791471169687E-06	0	5.15930718996	4933.7421875	
20.658208	-8.18350097254422E-03	-4.5850213765125E-06	0	5.05929364754	4933.7421875	
20.662304	-8.18055931974875E-03	-5.97519041903437E-06	0	5.06835353629	4933.7421875	
20.6664	-8.18095037588297E-03	-5.50607670545625E-06	0	5.12203766866	4933.7421875	
20.670496	-8.18137517055203E-03	-5.1123420030375E-06	0	5.017843226	4982.40234375	
20.674592	-0.00817986809123	-5.72989979894062E-06	0	5.03426546645	4982.40234375	
20.678688	-8.18311796245625E-03	-4.37083360993125E-06	0	5.02993960799	4982.40234375	
20.682784	-8.18225712693984E-03	-4.85504057764688E-06	0	4.94550144484	4982.40234375	
20.68688	-8.17830002653469E-03	-6.3962272576125E-06	0	4.92647758581	4982.40234375	
20.690976	-8.17788894671719E-03	-6.05765331734062E-06	0	4.98569683337	5028.921875	
20.695072	-8.17929389611125E-03	-5.11933310181562E-06	0	4.90056058195	5028.921875	
20.699168	-8.17835269156469E-03	-5.53319110141875E-06	0	4.88725112854	5028.921875	
20.703264	-8.18190913543953E-03	-4.27099068092812E-06	0	4.9098493521	5028.921875	
20.70736	-8.18248223337016E-03	-4.2851601379125E-06	0	4.83380350695	5028.921875	
20.711456	-8.17838652153187E-03	-6.06986844935625E-06	0	4.78764957264	5075.50390625	
20.715552	-8.17683390890266E-03	-6.2322293446875E-06	0	4.86023549396	5075.50390625	
20.719648	-8.17698458940516E-03	-5.65139891590312E-06	0	4.7845749325	5075.50390625	
20.723744	-8.17515274239813E-03	-6.09591625984687E-06	0	4.75564432354	5075.50390625	
20.72784	-8.17812648794625E-03	-4.86378287659687E-06	0	4.77662893323	5075.50390625	
20.731936	-8.18031190382656E-03	-4.14984729245625E-06	0	4.71916825776	5124.82421875	
20.736032	-8.17719543238984E-03	-5.64019387903125E-06	0	4.65657300955	5124.82421875	
20.740128	-8.17541661614219E-03	-6.13216189667812E-06	0	4.72717147738	5124.82421875	
20.744224	-8.17670910375344E-03	-5.27451443701875E-06	0	4.68247856934	5124.82421875	
20.74832	-8.17561337854594E-03	-5.57267687924062E-06	0	4.62142827058	5124.82421875	
20.752416	-8.17743023064859E-03	-4.97167363409063E-06	0	4.66345089562	5172.484375	
20.756512	-8.17940882656734E-03	-4.25334718895625E-06	0	4.60156136506	5172.484375	
20.760608	-8.17533615567969E-03	-5.97223393160625E-06	0	4.52440544512	5172.484375	
20.764704	-8.17304284963375E-03	-6.463653151725E-06	0	4.60173302611	5172.484375	
20.7688	-8.17396009890625E-03	-5.6259376432875E-06	0	4.57522093061	5172.484375	
20.772896	-8.17329529433484E-03	-5.62560326862187E-06	0	4.50051022696	5221.18359375	
20.776992	-8.17442530667125E-03	-5.27617957958437E-06	0	4.53722661821	5221.18359375	
20.781088	-8.17773552324438E-03	-4.10898218909062E-06	0	4.49595167241	5221.18359375	
20.785184	-8.17502821154594E-03	-5.3997628694625E-06	0	4.41022795873	5221.18359375	
20.78928	-8.17176462546813E-03	-6.4521752785875E-06	0	4.47096545291	5221.18359375	
20.793376	-8.17177422586422E-03	-5.94665006295937E-06	0	4.47530275544	5267.34375	
20.797472	-8.17048018390312E-03	-5.99677693590937E-06	0	4.38116002093	5267.34375	
20.801568	-8.17044214804812E-03	-5.88939002406562E-06	0	4.42531887237	5267.34375	
20.805664	-8.17391090830531E-03	-4.49601521551875E-06	0	4.39647218659	5267.34375	
20.80976	-8.17118037279156E-03	-5.66091356985E-06	0	4.2986978672	5267.34375	
20.813856	-8.16835648485484E-03	-6.53437591754062E-06	0	4.34347469842	5314.265625	
20.817952	-8.16877387350406E-03	-5.953934430675E-06	0	4.3618309867	5314.265625	
20.822048	-8.16868865855969E-03	-5.68139311667812E-06	0	4.27252527911	5314.265625	
20.826144	-8.16793991909672E-03	-5.94936472370625E-06	0	4.30873431659	5314.265625	
20.83024	-8.17116885231625E-03	-4.72875825200625E-06	0	4.29256384568	5314.265625	
20.834336	-8.16885771696328E-03	-5.64386791381875E-06	0	4.20119057611	5363.6875	
20.838432	-8.16433913053516E-03	-7.06054053560625E-06	0	4.22098500252	5363.6875	
20.842528	-8.16352666272859E-03	-6.73999157730937E-06	0	4.25983762017	5363.6875	
20.846624	-8.16341164084016E-03	-6.22818079104375E-06	0	4.16672866665	5363.6875	
20.85072	-8.16263245440672E-03	-6.34592754829688E-06	0	4.18960154789	5363.6875	
20.854816	-8.16666068917531E-03	-4.884127808175E-06	0	4.19821130322	5411.3671875	
20.858912	-8.16606793329078E-03	-5.28418173504375E-06	0	4.10486583892	5411.3671875	
20.863008	-8.16257000611594E-03	-6.60981214018125E-06	0	4.10342007141	5411.3671875	
20.867104	-8.16201336600719E-03	-6.45849426265312E-06	0	4.16733520236	5411.3671875	
20.8712	-8.16167223193266E-03	-6.17822843715E-06	0	4.07402788496	5459.98828125	
20.875296	-8.15912958988531E-03	-6.84186743697187E-06	0	4.0726011909	5459.98828125	
20.879392	-8.16191215040266E-03	-5.66389938417187E-06	0	4.08732970899	5459.98828125	
20.883488	-8.16190401292406E-03	-5.58925474727812E-06	0	3.99872208967	5459.98828125	
20.887584	-8.15804163642703E-03	-6.92412504702187E-06	0	3.98164753723	5459.98828125	
20.89168	-8.15669182073625E-03	-6.9964016574375E-06	0	4.05192938579	5505.92578125	
20.895776	-8.15736119692484E-03	-6.32141723626875E-06	0	3.9805527212	5505.92578125	
20.899872	-8.15596968808531E-03	-6.62580899918437E-06	0	3.95032130295	5505.92578125	
20.903968	-8.15884331521703E-03	-5.64025517704687E-06	0	3.98896792734	5505.92578125	
20.908064	-8.15955301306922E-03	-5.40987872473125E-06	0	3.9106294535	5505.92578125	
20.91216	-8.15500736266734E-03	-7.04408838859687E-06	0	3.85767392692	5553.24609375	
20.916256	-8.15297994187703E-03	-7.33376502199687E-06	0	3.94948588584	5553.24609375	
20.920352	-8.15324280986531E-03	-6.71020362632812E-06	0	3.89571020091	5553.24609375	
20.924448	-8.15130243266625E-03	-7.04652925154062E-06	0	3.84012253823	5553.24609375	
20.928544	-8.15322068323813E-03	-6.2955312044625E-06	0	3.87852502246	5553.24609375	
20.93264	-8.15529226585047E-03	-5.52070289275312E-06	0	3.82569156596	5602.56640625	
20.936736	-8.15190451464984E-03	-6.78571028159062E-06	0	3.75099230638	5602.56640625	
20.940832	-8.14956064651781E-03	-7.36743061333125E-06	0	3.8324664554	5602.56640625	
20.944928	-8.15020167867984E-03	-6.7284365407875E-06	0	3.80831565301	5602.56640625	
20.949024	-8.14831606945469E-03	-7.05368212900312E-06	0	3.7340856003	5602.56640625	
20.95312	-8.14868298745016E-03	-6.83233667727187E-06	0	3.78689998335	5649.98828125	
20.957216	-8.15035272491172E-03	-6.04054155560625E-06	0	3.73693898842	5649.98828125	
20.961312	-8.14614208261734E-03	-7.38384429884062E-06	0	3.64682838124	5649.98828125	
20.965408	-8.14309711127344E-03	-7.99531964890312E-06	0	3.72272926817	5649.98828125	
20.969504	-8.14333328101734E-03	-7.35473855871562E-06	0	3.71152933833	5698.70703125	
20.9736	-8.14204088483844E-03	-7.36370729974687E-06	0	3.63507150666	5698.70703125	
20.977696	-8.14235285199531E-03	-7.18759257201562E-06	0	3.68071427251	5698.70703125	
20.981792	-8.14563920472672E-03	-5.9795045974125E-06	0	3.65403433065	5698.70703125	
20.985888	-8.14278669846641E-03	-7.0141314474E-06	0	3.56292427469	5698.70703125	
20.989984	-8.13849422422437E-03	-8.20916510813437E-06	0	3.62402416442	5744.44921875	
20.99408	-8.13734766263375E-03	-8.02082154647812E-06	0	3.62897944673	5744.44921875	
20.998176	-8.13577063756875E-03	-7.9277834183625E-06	0	3.54253857133	5744.44921875	
21.002272	-8.13486381158344E-03	-7.95738050415E-06	0	3.58099827591	5744.44921875	
21.006368	-8.13831355391312E-03	-6.57888188265E-06	0	3.56916129284	5744.44921875	
21.010464	-8.13589919144406E-03	-7.35289649325E-06	0	3.46990305904	5792.12890625	
21.01456	-8.13265334324094E-03	-8.27363908212187E-06	0	3.51441286196	5792.12890625	
21.018656	-8.13254225294328E-03	-7.91759448624375E-06	0	3.5531930005	5792.12890625	
21.022752	-8.13192526748766E-03	-7.712782671825E-06	0	3.46030911369	5792.12890625	
21.026848	-8.12963891029984E-03	-8.28974771985937E-06	0	3.48945715998	5792.12890625	
21.030944	-8.13211252092766E-03	-7.22511729410625E-06	0	3.49157431293	5792.12890625	
21.03504	-8.12976481263719E-03	-7.80469652221875E-06	0	3.39511606159	5841.38671875	
21.039136	-8.12537523724609E-03	-8.93819803294687E-06	0	3.41581838422	5841.38671875	
21.043232	-8.12400996948922E-03	-8.80983349785E-06	0	3.46751887779	5841.38671875	
21.047328	-8.12370824275484E-03	-8.34225007120312E-06	0	3.38452266746	5841.38671875	
21.051424	-8.12213652076578E-03	-8.57635560632813E-06	0	3.38678096394	5841.38671875	
21.05552	-8.12580314061484E-03	-7.30678427974687E-06	0	3.40669746043	5888.66796875	
21.059616	-8.12536527112062E-03	-7.43786804289375E-06	0	3.32226311197	5888.66796875	
21.063712	-8.12092677942563E-03	-8.86230604153125E-06	0	3.3077558459	5888.66796875	
21.067808	-8.11940607668438E-03	-8.93717928396562E-06	0	3.38852427727	5888.66796875	
21.071904	-8.11885364246344E-03	-8.59156400458125E-06	0	3.31369913292	5937.3671875	
21.076	-8.11586225047297E-03	-9.17608144890937E-06	0	3.30686320844	5937.3671875	
21.080096	-8.11766950217953E-03	-8.3271964804875E-06	0	3.32053887209	5937.3671875	
21.084192	-8.11712675978703E-03	-8.22129129793125E-06	0	3.25462865827	5937.3671875	
21.088288	-8.11271012042219E-03	-9.40818265911562E-06	0	3.21988064706	5937.3671875	
21.092384	-8.11022325210453E-03	-9.7080979842E-06	0	3.29479734397	5937.3671875	
21.09648	-8.11051693279266E-03	-9.04335874509375E-06	0	3.23360590168	5982.90625	
21.100576	-8.10808099229047E-03	-9.40394828835E-06	0	3.20916518285	5982.90625	
21.104672	-8.10959913492609E-03	-8.77472343680625E-06	0	3.24933768324	5982.90625	
21.108768	-0.008109885043865	-8.4239675375625E-06	0	3.18901980496	5982.90625	
21.112864	-8.10488497471469E-03	-9.87282834831562E-06	0	3.11759736409	5982.90625	
21.11696	-8.10193518444063E-03	-1.02729366020531E-05	0	3.21732480476	5982.90625	
21.121056	-8.10133931985641E-03	-9.81497888693437E-06	0	3.1696640679	6031.02734375	
21.125152	-8.09867104976875E-03	-1.01161463742281E-05	0	3.11951996785	6031.02734375	
21.129248	-0.008099720693075	-9.55806015346875E-06	0	3.16088646621	6031.02734375	
21.133344	-8.10184009480312E-03	-8.62615507575937E-06	0	3.11866929198	6031.02734375	
21.13744	-8.09818865272312E-03	-9.7492565968875E-06	0	3.04150574266	6080.06640625	
21.141536	-8.09474558495453E-03	-1.05189418848937E-05	0	3.12459350555	6080.06640625	
21.145632	-8.09398185058719E-03	-1.02087676758375E-05	0	3.10320835341	6080.06640625	
21.149728	-8.09148282176781E-03	-1.04204691468281E-05	0	3.03273958504	6080.06640625	
21.153824	-8.09075977479344E-03	-1.03735932321656E-05	0	3.08575996135	6080.06640625	
21.15792	-8.09230168983844E-03	-9.47511889025625E-06	0	3.0554141024	6127.44921875	
21.162016	-8.08744708954703E-03	-1.07271145132594E-05	0	2.95622453302	6127.44921875	
21.166112	-8.08393133306516E-03	-1.13465855284031E-05	0	3.0330218721	6127.44921875	
21.170208	-8.08383615199531E-03	-1.07638637553562E-05	0	3.03894227098	6127.44921875	
21.174304	-8.08262092471453E-03	-1.06455679601906E-05	0	2.95503434974	6127.44921875	
21.1784	-0.00808192283877	-1.07110678946906E-05	0	2.9978504303	6176.046875	
21.182496	-8.0845721823625E-03	-9.6694720612875E-06	0	2.9788532741	6176.046875	
21.186592	-8.08116824763703E-03	-1.06122148685437E-05	0	2.88912032123	6176.046875	
21.190688	-8.07669098862828E-03	-1.16811847130344E-05	0	2.94305240845	6176.046875	
21.194784	-8.07560906970469E-03	-1.14382142829281E-05	0	2.97290998708	6176.046875	
21.19888	-8.07418263370984E-03	-1.12775442512906E-05	0	2.8820364419	6221.48828125	
21.202976	-8.07263376980672E-03	-1.14746459772656E-05	0	2.92324272328	6221.48828125	
21.207072	-8.07593018009594E-03	-1.01852876512406E-05	0	2.91573541336	6221.48828125	
21.211168	-8.07316325450937E-03	-1.0891564108425E-05	0	2.82192455688	6221.48828125	
21.215264	-8.06912843661203E-03	-1.19279887931531E-05	0	2.84930258701	6221.48828125	
21.21936	-8.06783796051234E-03	-1.18125814566375E-05	0	2.90837306166	6269.9296875	
21.223456	-8.06652590637953E-03	-1.16628859332562E-05	0	2.81123961019	6269.9296875	
21.227552	-8.06352217102266E-03	-1.21999647231E-05	0	2.84222633706	6269.9296875	
21.231648	-8.06563599537781E-03	-1.11798304066969E-05	0	2.84403831481	6269.92578125	
21.235744	-8.06332751156281E-03	-1.15499569596469E-05	0	2.76193092725	6318.6875	
21.23984	-8.05830787589094E-03	-1.27521324401625E-05	0	2.76216743803	6318.6875	
21.243936	-8.05616314740359E-03	-1.2797685279225E-05	0	2.8306525676	6318.6875	
21.248032	-8.05586516939531E-03	-1.22561757245812E-05	0	2.74778605673	6318.6875	
21.252128	-8.05382247940359E-03	-1.25245809850219E-05	0	2.75383234038	6366.0078125	
21.256224	-8.05700039337531E-03	-1.13898890908687E-05	0	2.7830452364	6366.0078125	
21.26032	-8.05629435281688E-03	-1.14326743846219E-05	0	2.70593127805	6366.0078125	
21.264416	-8.05135005739625E-03	-1.28488405165312E-05	0	2.66924540432	6366.0078125	
21.268512	-8.04862555641719E-03	-1.31686017352312E-05	0	2.76721808759	6366.0078125	
21.272608	-8.04737933357188E-03	-1.29163998239719E-05	0	2.69498693244	6366.0078125	
21.276704	-8.04395820956578E-03	-1.34131089426469E-05	0	2.67736306464	6414.52734375	
21.2808	-8.04515624756594E-03	-1.27037923442719E-05	0	2.70421085286	6414.52734375	
21.284896	-8.04513759536781E-03	-1.23261468084562E-05	0	2.64924879934	6414.52734375	
21.288992	-8.04063592392328E-03	-1.347345191115E-05	0	2.59703332262	6414.52734375	
21.293088	-8.03813058627219E-03	-1.37842282830656E-05	0	2.68805182602	6460.02734375	
21.297184	-8.03805917761172E-03	-1.32507922780406E-05	0	2.63483308583	6460.02734375	
21.30128	-8.03538542158344E-03	-1.36386760247719E-05	0	2.59012110434	6460.02734375	
21.305376	-8.03653335465922E-03	-1.31177219784187E-05	0	2.6455256619	6460.02734375	
21.309472	-8.03717301533609E-03	-1.2622839300225E-05	0	2.58098873648	6460.02734375	
21.313568	-8.03198980720125E-03	-1.40232542459625E-05	0	2.51003168779	6460.02734375	
21.317664	-8.02851144654797E-03	-1.45472849719312E-05	0	2.61734273218	6508.828125	
21.32176	-8.02802575793797E-03	-1.403751288555E-05	0	2.58221706666	6508.828125	
21.325856	-8.02553651237937E-03	-1.42334869684219E-05	0	2.51516244584	6508.828125	
21.329952	-8.02625937648906E-03	-1.38130722446062E-05	0	2.5633953862	6508.828125	
21.334048	-8.02810182964797E-03	-1.297486010205E-05	0	2.52822012971	6557.70703125	
21.338144	-8.02375147873234E-03	-1.41836887009125E-05	0	2.44705878527	6557.70703125	
21.34224	-8.01923874397422E-03	-1.51446127399875E-05	0	2.52989477862	6557.70703125	
21.346336	-8.01829296781047E-03	-1.47808224787781E-05	0	2.52497382852	6557.70703125	
21.350432	-8.01542875821016E-03	-1.49795475204375E-05	0	2.44299232573	6557.70703125	
21.354528	-8.01417869520641E-03	-1.5006294609075E-05	0	2.50306987854	6605.30859375	
21.358624	-8.01578625867422E-03	-1.40499866711531E-05	0	2.4708510068	6605.30859375	
21.36272	-8.01155120394406E-03	-1.50775858839375E-05	0	2.37604070154	6605.30859375	
21.366816	-8.00828917221609E-03	-1.56425257036125E-05	0	2.4472762226	6605.30859375	
21.370912	-8.00804239632031E-03	-1.51867612555312E-05	0	2.47616486997	6605.30859375	
21.375008	-8.00646985144016E-03	-1.51530843661312E-05	0	2.37898564222	6653.74609375	
21.379104	-8.00471782486922E-03	-1.54811559130594E-05	0	2.42804255562	6653.74609375	
21.3832	-8.00732648106875E-03	-1.43775856224E-05	0	2.41752926998	6653.74609375	
21.387296	-8.00352527280969E-03	-1.53219880433813E-05	0	2.32609115068	6653.74609375	
21.391392	-7.99864415713859E-03	-1.64279479951125E-05	0	2.36851431817	6653.74609375	
21.395488	-7.99674922181438E-03	-1.6338635584425E-05	0	2.4033309938	6699.1484375	
21.399584	-7.99515912192422E-03	-1.61346797787656E-05	0	2.31553208876	6699.1484375	
21.40368	-7.99323666546453E-03	-1.63118274381562E-05	0	2.35318689375	6699.1484375	
21.407776	-7.99633274748859E-03	-1.50887000555156E-05	0	2.36100700825	6699.1484375	
21.411872	-7.99402545229406E-03	-1.55831723975813E-05	0	2.2711138384	6699.1484375	
21.415968	-7.98962764799203E-03	-1.67340585063094E-05	0	2.29539815494	6747.92578125	
21.420064	-7.98823888212281E-03	-1.66334324050125E-05	0	2.3595764995	6747.92578125	
21.42416	-7.98658093943359E-03	-1.65996992656688E-05	0	2.26867625149	6747.92578125	
21.428256	-7.98354666567391E-03	-1.71281444103E-05	0	2.28772299866	6747.92578125	
21.432352	-0.00798546391049	-1.61835518452781E-05	0	2.29636327151	6747.92578125	
21.436448	-7.98372806744391E-03	-1.63892453895844E-05	0	2.22952608802	6796.5859375	
21.440544	-7.97902277616984E-03	-1.75285541060437E-05	0	2.22281604831	6796.5859375	
21.44464	-7.97720912419922E-03	-1.75642466184281E-05	0	2.28803198855	6796.5859375	
21.448736	-7.97723426809375E-03	-1.69846068134531E-05	0	2.21661717706	6796.5859375	
21.452832	-7.97490429767797E-03	-1.73776984876687E-05	0	2.20891150326	6796.5859375	
21.456928	-7.97718142019906E-03	-1.65223019872969E-05	0	2.24916792683	6844.0859375	
21.461024	-7.97604281322234E-03	-1.66242610199531E-05	0	2.16915098939	6844.0859375	
21.46512	-0.00797051874531	-1.81021994458594E-05	0	2.13719533126	6844.0859375	
21.469216	-7.96740812554328E-03	-1.84343325271875E-05	0	2.23763611896	6844.0859375	
21.473312	-7.96579279032625E-03	-1.81817397509344E-05	0	2.17678799877	6892.28515625	
21.477408	-7.96194211716922E-03	-1.87101199917844E-05	0	2.14223453675	6892.28515625	
21.481504	-7.96300739540625E-03	-1.79636591997844E-05	0	2.18235363148	6892.28515625	
21.4856	-7.96328370394906E-03	-1.74598832612531E-05	0	2.12957739533	6892.28515625	
21.489696	-7.95863491786344E-03	-1.86840046332844E-05	0	2.0765646484	6892.28515625	
21.493792	-7.95538879536328E-03	-1.91900817714375E-05	0	2.16192596653	6892.28515625	
21.497888	-0.007954950377275	-1.87154425826156E-05	0	2.13316701862	6937.74609375	
21.501984	-7.95200058700094E-03	-1.90711237173187E-05	0	2.07791504866	6937.74609375	
21.50608	-0.00795198065475	-1.88050119642E-05	0	2.13041281244	6937.74609375	
21.510176	-7.95249368163078E-03	-1.82054178522562E-05	0	2.08489211667	6937.74609375	
21.514272	-7.94694291547406E-03	-1.96476543907875E-05	0	2.00399780053	6986.828125	
21.518368	-7.94331542866812E-03	-2.02036189790531E-05	0	2.09448606202	6986.828125	
21.522464	-7.94260298784562E-03	-1.97362646387156E-05	0	2.07637772859	6986.828125	
21.52656	-7.94036993571422E-03	-1.98258414722156E-05	0	2.01591489209	6986.82421875	
21.530656	-7.94004269935594E-03	-1.96709269636688E-05	0	2.06742846585	6986.82421875	
21.534752	-7.94162649041437E-03	-1.88357109719625E-05	0	2.04170601118	7035.38671875	
21.538848	-7.93708157147125E-03	-2.00660006070562E-05	0	1.95628365801	7035.38671875	
21.542944	-7.93257285973625E-03	-2.10013835659031E-05	0	2.02368923031	7035.38671875	
21.54704	-7.93093631221547E-03	-2.07866294537344E-05	0	2.03548806648	7035.38671875	
21.551136	-7.92803827264797E-03	-2.09509377028875E-05	0	1.95368585412	7082.9453125	
21.555232	-7.92619755670359E-03	-2.1080807765325E-05	0	2.00572966979	7082.9453125	
21.559328	-7.92845831283516E-03	-1.99437043351219E-05	0	1.99749756877	7082.9453125	
21.563424	-7.92475950880109E-03	-2.08420416579375E-05	0	1.89911289898	7082.9453125	
21.56752	-7.92110203218641E-03	-2.16241117893281E-05	0	1.96186073479	7082.9453125	
21.571616	-7.92011063128312E-03	-2.13393846702094E-05	0	1.99194719482	7082.9453125	
21.575712	-7.91816787684312E-03	-2.13742218949875E-05	0	1.90301532685	7130.546875	
21.579808	-7.91591809259281E-03	-2.17218217877719E-05	0	1.9446526682	7130.546875	
21.583904	-0.007917798124445	-2.07672126462281E-05	0	1.9441949054	7130.546875	
21.588	-7.91426764735578E-03	-2.15946324918844E-05	0	1.8531001082	7130.546875	
21.592096	-7.90876579750297E-03	-2.2859709832575E-05	0	1.88962576495	7130.546875	
21.596192	-7.90663386954375E-03	-2.27713786709062E-05	0	1.94049847079	7176.484375	
21.600288	-7.90511819558141E-03	-2.24985587514187E-05	0	1.85721234402	7176.484375	
21.604384	-7.90248658986359E-03	-2.28855374509781E-05	0	1.87704873202	7176.484375	
21.60848	-7.90500253366656E-03	-2.17384383576937E-05	0	1.89637013687	7176.484375	
21.612576	-7.90250268195609E-03	-2.22487633281375E-05	0	1.80826224194	7225.8046875	
21.616672	-7.89780552816063E-03	-2.34726024889125E-05	0	1.81292760781	7225.8046875	
21.620768	-7.89552721701906E-03	-2.35704326795437E-05	0	1.8957864893	7225.8046875	
21.624864	-7.89377665336563E-03	-2.34161376415312E-05	0	1.81928288135	7225.8046875	
21.62896	-7.88969913656375E-03	-2.41668679004156E-05	0	1.82470737053	7225.8046875	
21.633056	-7.89096355444547E-03	-2.33042723687812E-05	0	1.84044296678	7225.8046875	
21.637152	-7.8891498110425E-03	-2.34047393356219E-05	0	1.77395292008	7274.18359375	
21.641248	-7.88407906469047E-03	-2.46214693688906E-05	0	1.75108385353	7274.18359375	
21.645344	-7.88138245057625E-03	-2.48004989975531E-05	0	1.82962832063	7274.18359375	
21.64944	-7.88084025677781E-03	-2.43044937243281E-05	0	1.78035778459	7274.18359375	
21.653536	-7.87777571891234E-03	-2.47894509316781E-05	0	1.75622605565	7321.7265625	
21.657632	-7.87910029927625E-03	-2.40828711094125E-05	0	1.79980507421	7321.7265625	
21.661728	-7.87814711709266E-03	-2.40328601017312E-05	0	1.73903706251	7321.7265625	
21.665824	-7.87237270742312E-03	-2.562636283515E-05	0	1.68018783988	7321.7265625	
21.66992	-7.86868935545516E-03	-2.60768145481594E-05	0	1.7788280939	7369.046875	
21.674016	-7.86693184294359E-03	-2.58536659732312E-05	0	1.73210195609	7369.046875	
21.678112	-7.86349718695063E-03	-2.62422377000437E-05	0	1.69527875352	7369.046875	
21.682208	-7.86413053879578E-03	-2.56300789372031E-05	0	1.73913242976	7369.046875	
21.686304	-7.86506671456344E-03	-2.49511618276594E-05	0	1.7034116726	7369.046875	
21.6904	-7.86034944565234E-03	-2.62932787547719E-05	0	1.62719035171	7369.046875	
21.694496	-7.85654933458141E-03	-2.69998357405219E-05	0	1.72144371223	7415.32421875	
21.698592	-7.85540624741984E-03	-2.66560759881281E-05	0	1.695248236	7415.32421875	
21.702688	-0.007852177497065	-2.70837092143406E-05	0	1.63495324586	7415.32421875	
21.706784	-7.85126637375953E-03	-2.69723143738125E-05	0	1.69144499007	7415.32421875	
21.71088	-7.85174749075234E-03	-2.63135722440937E-05	0	1.65995472412	7464.625	
21.714976	-7.84653145840609E-03	-2.7697220379675E-05	0	1.56855475172	7464.625	
21.719072	-7.84281098490656E-03	-2.82905988728344E-05	0	1.65745991686	7464.625	
21.723168	-7.84183183593734E-03	-2.79126268950375E-05	0	1.66368167625	7464.625	
21.727264	-7.83917536062203E-03	-2.81366971036594E-05	0	1.58186420513	7464.625	
21.73136	-7.83777818297719E-03	-2.827508326335E-05	0	1.63303445679	7512.96484375	
21.735456	-7.83951713472297E-03	-2.72649761003812E-05	0	1.61438825207	7512.96484375	
21.739552	-7.83502744091547E-03	-2.84848260824531E-05	0	1.52403731942	7512.96484375	
21.743648	-7.82990174372484E-03	-2.96016581386969E-05	0	1.59285432702	7512.96484375	
21.747744	-7.82744422518953E-03	-2.9607118469775E-05	0	1.61705853507	7512.96484375	
21.75184	-7.82458202710078E-03	-2.9691541462275E-05	0	1.53162855252	7560.68359375	
21.755936	-7.82213008593844E-03	-2.99728572867281E-05	0	1.57597050908	7560.68359375	
21.760032	-7.82415896964625E-03	-2.87700601722187E-05	0	1.57014166276	7560.68359375	
21.764128	-7.82046043990922E-03	-2.97097363960031E-05	0	1.47477441276	7560.68359375	
21.768224	-7.81602670269609E-03	-3.07612651521656E-05	0	1.51864334776	7560.68359375	
21.77232	-7.81451669753906E-03	-3.05875362393562E-05	0	1.57778248683	7607.5625	
21.776416	-7.81269509095453E-03	-3.05535487733437E-05	0	1.49052526777	7607.5625	
21.780512	-7.80991125038437E-03	-3.1052774716425E-05	0	1.52508635917	7607.5625	
21.784608	-7.81169930129875E-03	-3.00228868040062E-05	0	1.52590651752	7607.5625	
21.788704	-7.8082475474575E-03	-3.0859328756025E-05	0	1.44091522432	7654.34375	
21.7928	-0.007802543632125	-3.23073907695E-05	0	1.45716580372	7654.34375	
21.796896	-7.7999352502225E-03	-3.23672623442437E-05	0	1.5199250836	7654.34375	
21.800992	-7.79876601341062E-03	-3.19723834122E-05	0	1.43999969872	7654.34375	
21.805088	-7.79624778379906E-03	-3.23619895129781E-05	0	1.45697506922	7654.34375	
21.809184	-7.79848330460375E-03	-3.13245722811656E-05	0	1.48177055422	7703.484375	
21.81328	-7.79688022132078E-03	-3.165683372775E-05	0	1.40538138697	7703.484375	
21.817376	-7.79170734504078E-03	-3.31694653881937E-05	0	1.38077282178	7703.484375	
21.821472	-7.78911212939578E-03	-3.33850906533375E-05	0	1.47871498753	7703.484375	
21.825568	-7.78714807121969E-03	-3.33083412108562E-05	0	1.40520972592	7703.484375	
21.829664	-7.78329703233328E-03	-3.404803133655E-05	0	1.3986179416	7751.6640625	
21.83376	-7.78467199191859E-03	-3.31070589602156E-05	0	1.427456998	7751.6640625	
21.837856	-7.78379222990703E-03	-3.30706174101187E-05	0	1.37430692223	7751.6640625	
21.841952	-7.77900812395266E-03	-3.44513148274969E-05	0	1.3351796469	7751.6640625	
21.846048	-7.77608795775797E-03	-3.48273526726125E-05	0	1.41665379592	7751.6640625	
21.850144	-7.77561836124047E-03	-3.43329572535469E-05	0	1.36829878548	7799.34375	
21.85424	-7.77283726364063E-03	-3.48288134884594E-05	0	1.33253988142	7799.34375	
21.858336	-7.77368529862891E-03	-3.43150914060281E-05	0	1.38567851312	7799.34375	
21.862432	-7.77336226815844E-03	-3.41285721213937E-05	0	1.33737690834	7799.34375	
21.866528	-7.76764034065422E-03	-3.59430558838312E-05	0	1.26513812381	7799.34375	
21.870624	-7.76438699499891E-03	-3.63940931731781E-05	0	1.36320617433	7845.78125	
21.87472	-7.76315302408766E-03	-3.60479355866438E-05	0	1.33513768531	7845.78125	
21.878816	-7.76006709105375E-03	-3.64624695471094E-05	0	1.27804703477	7845.78125	
21.882912	-7.76033800508828E-03	-3.60569055295969E-05	0	1.32500586867	7845.78125	
21.887008	-7.76197308969156E-03	-3.51724540102031E-05	0	1.29292432577	7845.78125	
21.891104	-7.75759677199031E-03	-3.66962907075187E-05	0	1.22025066658	7845.78125	
21.8952	-7.75353799881891E-03	-3.76945099016062E-05	0	1.29708233787	7893.0234375	
21.899296	-7.75225282579516E-03	-3.74654308037625E-05	0	1.29835262964	7893.0234375	
21.903392	-7.74986269289719E-03	-3.76796337145594E-05	0	1.22514872854	7893.0234375	
21.907488	-7.74914476613406E-03	-3.75945571169438E-05	0	1.27775330364	7893.0234375	
21.911584	-7.75106539394687E-03	-3.65829547631625E-05	0	1.25232839479	7942.12109375	
21.91568	-7.74674192414031E-03	-3.80848563862594E-05	0	1.16292731995	7942.12109375	
21.919776	-7.74332875474813E-03	-3.8906505324225E-05	0	1.23483041176	7942.12109375	
21.923872	-7.74279113256687E-03	-3.85275412801125E-05	0	1.25988911037	7942.12109375	
21.927968	-7.74145722610391E-03	-3.85667489332125E-05	0	1.17270055573	7942.12109375	
21.932064	-7.74046801957688E-03	-3.87914314008375E-05	0	1.22011333774	7990.19921875	
21.93616	-7.74296147102328E-03	-3.76607983968562E-05	0	1.21160657904	7990.19921875	
21.940256	-7.73935035060688E-03	-3.89979290308781E-05	0	1.1260583411	7990.19921875	
21.944352	-7.73461680673859E-03	-4.03708882348406E-05	0	1.16987768513	7990.19921875	
21.948448	-7.73276164448391E-03	-4.03443608575219E-05	0	1.21196897459	7990.19921875	
21.952544	-7.73147016262844E-03	-4.01764968426937E-05	0	1.12649321576	8038.08203125	
21.95664	-7.72993693365609E-03	-4.04062451706375E-05	0	1.16074150258	8038.08203125	
21.960736	-0.00773352611031	-3.89000296095469E-05	0	1.16924444659	8038.08203125	
21.964832	-7.73171876717109E-03	-3.96958829002312E-05	0	1.07962593442	8038.08203125	
21.968928	-7.72842894001062E-03	-4.0945441746825E-05	0	1.09370595521	8038.08203125	
21.973024	-7.72755338388688E-03	-4.08990276105469E-05	0	1.16934362853	8084.33984375	
21.97712	-7.72636595203859E-03	-4.09679217724219E-05	0	1.08296378817	8084.33984375	
21.981216	-7.72372255154844E-03	-4.17523745937375E-05	0	1.10195712968	8084.33984375	
21.985312	-7.72622688344375E-03	-4.0509122952375E-05	0	1.11731507162	8084.33984375	
21.989408	-7.72441469439062E-03	-4.11369403534031E-05	0	1.04472533561	8084.33984375	
21.993504	-7.71976471968453E-03	-4.26995779734562E-05	0	1.04427520219	8132.04296875	
21.9976	-7.71784857205656E-03	-4.28322069273656E-05	0	1.11076906358	8132.04296875	
22.001696	-7.71804707167484E-03	-4.22400192984E-05	0	1.04276077026	8132.04296875	
22.005792	-7.71655937600969E-03	-4.25931761567813E-05	0	1.03516190778	8132.04296875	
22.009888	-7.71980522421281E-03	-4.13992545141656E-05	0	1.07487283068	8132.04296875	
22.013984	-7.71920826244047E-03	-4.17687502985156E-05	0	0.99752617624	8180.9609375	
22.01808	-7.71438136614922E-03	-4.3710773596875E-05	0	0.97233014879	8180.9609375	
22.022176	-7.71234397923344E-03	-4.39704815102437E-05	0	1.05976665828	8180.9609375	
22.026272	-7.71197678694094E-03	-4.35900460733719E-05	0	1.00448798549	8180.9609375	
22.030368	-7.70980362299469E-03	-4.41204979467656E-05	0	0.97605710092	8180.9609375	
22.034464	-7.71195968909266E-03	-4.31886161863406E-05	0	1.01044653127	8228.9609375	
22.03856	-7.71315050393766E-03	-4.27831545725719E-05	0	0.9572964555	8228.9609375	
22.042656	-7.70978743946984E-03	-4.43418546965625E-05	0	0.91313378937	8228.9609375	
22.046752	-7.70832598488734E-03	-4.47045889492125E-05	0	0.9940700671	8228.9609375	
22.050848	-7.70919495788234E-03	-0.000044095878981	0	0.96467788065	8276.87890625	
22.054944	-7.70771009661984E-03	-4.46118255804375E-05	0	0.91575066671	8276.87890625	
22.05904	-7.70978332501438E-03	-4.39764259754531E-05	0	0.96592146959	8276.87890625	
22.063136	-7.71217428080344E-03	-4.32549418411687E-05	0	0.92035881223	8276.87890625	
22.067232	-7.70877464339812E-03	-4.50591465273469E-05	0	0.84485465306	8276.87890625	
22.071328	-7.70725000906609E-03	-4.552566601275E-05	0	0.93395818208	8322.8984375	
22.075424	-7.70821270021344E-03	-4.49517987981562E-05	0	0.9251004719	8322.8984375	
22.07952	-7.70783993054797E-03	-4.50779162201156E-05	0	0.85782078437	8322.8984375	
22.083616	-7.71011604731328E-03	-4.45381946444531E-05	0	0.90172023689	8322.8984375	
22.087712	-7.71429276820812E-03	-4.33439665117594E-05	0	0.87416291633	8322.8984375	
22.091808	-7.71225894715375E-03	-4.49188990714406E-05	0	0.79498902538	8322.8984375	
22.095904	-7.71012180755094E-03	-4.59575052443719E-05	0	0.86145999863	8371	
22.1	-7.71090876573359E-03	-4.54789780786688E-05	0	0.86652972164	8371	
22.104096	-7.71095018458531E-03	-4.54544824300875E-05	0	0.79699555232	8371	
22.108192	-7.71200732534375E-03	-4.53938223945937E-05	0	0.84526663958	8371	
22.112288	-7.71632960652984E-03	-4.40221677566344E-05	0	0.82790980008	8371	
22.116384	-7.71456861958922E-03	-4.54637240073844E-05	0	0.73886349141	8419.8203125	
22.12048	-7.71383039484578E-03	-4.60032527947781E-05	0	0.79606858265	8419.8203125	
22.124576	-7.71598636951141E-03	-4.52631352656656E-05	0	0.82538066061	8419.8203125	
22.128672	-7.71736251771719E-03	-4.5074445310125E-05	0	0.73765041999	8419.81640625	
22.132768	-7.71785213791797E-03	-4.55242145718937E-05	0	0.77787632604	8467.77734375	
22.136864	-7.72276507204469E-03	-4.40387184612375E-05	0	0.77942127549	8467.77734375	
22.14096	-7.72203434475344E-03	-4.52022872495906E-05	0	0.68151725664	8467.77734375	
22.145056	-7.72011572845219E-03	-4.63787831884781E-05	0	0.71915680287	8467.77734375	
22.149152	-7.72097226664844E-03	-4.60346618979844E-05	0	0.76814886654	8467.77734375	
22.153248	-7.72278866158937E-03	-4.54504793090906E-05	0	0.68343604571	8515.63671875	
22.157344	-7.72402574120031E-03	-4.55333119185656E-05	0	0.70163211701	8515.63671875	
22.16144	-7.73058656045844E-03	-4.3603577550225E-05	0	0.72698454675	8515.63671875	
22.165536	-7.73214191605797E-03	-4.41189188618063E-05	0	0.63102983449	8515.63671875	
22.169632	-7.73113396590047E-03	-4.54961633980219E-05	0	0.6385409591	8515.63671875	
22.173728	-7.73276941623312E-03	-4.52176809841969E-05	0	0.71872955759	8561.4765625	
22.177824	-7.73502816085312E-03	-4.47656670131344E-05	0	0.63631318014	8561.4765625	
22.18192	-7.73590664281187E-03	-4.51195659380812E-05	0	0.63220475901	8561.4765625	
22.186016	-7.74167529224375E-03	-4.34966682821344E-05	0	0.66045635315	8561.4765625	
22.190112	-7.74414634276594E-03	-4.35380812214906E-05	0	0.58740122496	8561.4765625	
22.194208	-7.74307173842984E-03	-4.50242230045781E-05	0	0.56044281073	8561.4765625	
22.198304	-7.74500379528563E-03	-4.47143088914156E-05	0	0.64340087416	8609.87890625	
22.2024	-7.74904135615328E-03	-4.36268150269875E-05	0	0.58790094935	8609.87890625	
22.206496	-7.75050153068297E-03	-4.40304437098969E-05	0	0.56000793607	8609.87890625	
22.210592	-7.75594870399422E-03	-4.27918653811687E-05	0	0.60442618643	8609.87890625	
22.214688	-7.75905164344406E-03	-4.26550388353031E-05	0	0.53728382774	8658.37890625	
22.218784	-7.75743566820063E-03	-4.442760557235E-05	0	0.48163513002	8658.37890625	
22.22288	-7.75832557920234E-03	-4.44278654278594E-05	0	0.57960781329	8658.37890625	
22.226976	-7.76127536947641E-03	-4.35759802220531E-05	0	0.52800650166	8658.375	
22.231072	-7.76252424385969E-03	-4.37726629580625E-05	0	0.49230481795	8658.375	
22.235168	-7.76784706918344E-03	-4.24454140449281E-05	0	0.53393834461	8706.4765625	
22.239264	-7.77317711766234E-03	-4.13852509224E-05	0	0.48856642175	8706.4765625	
22.24336	-7.77298702981969E-03	-4.28872758626812E-05	0	0.41720883061	8706.4765625	
22.247456	-7.77403539307312E-03	-4.3229743308675E-05	0	0.50710200046	8706.4765625	
22.251552	-7.77738181685437E-03	-4.23877119391688E-05	0	0.47677521496	8706.4765625	
22.255648	-7.77865510367344E-03	-4.26938926426031E-05	0	0.41703335487	8754.09765625	
22.259744	-7.78259647771547E-03	-4.19521866535406E-05	0	0.47247605933	8754.09765625	
22.26384	-7.78811963130437E-03	-4.06205096198344E-05	0	0.43549263978	8754.09765625	
22.267936	-7.78746470142609E-03	-4.22512269795E-05	0	0.34879618015	8754.09765625	
22.272032	-7.78831502222297E-03	-4.25315139588281E-05	0	0.42883982042	8754.09765625	
22.276128	-7.79267424207594E-03	-4.12545669184687E-05	0	0.43071283321	8799.875	
22.280224	-7.79615726577875E-03	-4.07686722120562E-05	0	0.35391930882	8799.875	
22.28432	-7.80100043702719E-03	-4.01361189984562E-05	0	0.40394896817	8799.875	
22.288416	-7.80860651083906E-03	-3.83109131313562E-05	0	0.38753054241	8799.875	
22.292512	-7.80958328256734E-03	-3.98117719670344E-05	0	0.29469624657	8799.875	
22.296608	-7.81020109091406E-03	-4.06698271185937E-05	0	0.35712746311	8799.875	
22.300704	-7.81381888589156E-03	-3.97795450761844E-05	0	0.37706684774	8848.73828125	
22.3048	-7.81732074465719E-03	-3.9228743463525E-05	0	0.29115621425	8848.73828125	
22.308896	-7.82141663936016E-03	-3.87890970281719E-05	0	0.33327039185	8848.73828125	
22.312992	-7.83021745960781E-03	-3.64160998819406E-05	0	0.3247827066	8848.73828125	
22.317088	-7.83316286112938E-03	-3.72236344109437E-05	0	0.23164705025	8897.13671875	
22.321184	-7.83546467038328E-03	-3.7835944856325E-05	0	0.27231546034	8897.13671875	
22.32528	-7.84067622254469E-03	-3.68297504298281E-05	0	0.32849058528	8897.1328125	
22.329376	-0.0078453924857	-3.62153875826531E-05	0	0.24302245583	8897.1328125	
22.333472	-7.84899738871703E-03	-3.631616752995E-05	0	0.27526421571	8945.35546875	
22.337568	-7.85736719689625E-03	-3.41666417948625E-05	0	0.27490563485	8945.35546875	
22.341664	-7.86042771173859E-03	-3.48278884893844E-05	0	0.19133340633	8945.35546875	
22.34576	-7.86126532343969E-03	-3.6032869736325E-05	0	0.20764120608	8945.35546875	
22.349856	-7.86506762888687E-03	-3.53139091572094E-05	0	0.26941629594	8945.35546875	
22.353952	-7.87069995269422E-03	-3.39565234953656E-05	0	0.18479121298	8992.67578125	
22.358048	-7.87480837362828E-03	-3.38641332031406E-05	0	0.20556982941	8992.67578125	
22.362144	-7.88403069698062E-03	-3.15501275844562E-05	0	0.22796205971	8992.67578125	
22.36624	-7.88821217235734E-03	-3.18619075611375E-05	0	0.14931841067	8992.67578125	
22.370336	-7.88890970970781E-03	-3.33946985764219E-05	0	0.13166402535	8992.67578125	
22.374432	-7.89267324784125E-03	-3.28075638270188E-05	0	0.22168307997	8992.67578125	
22.378528	-7.89815863987219E-03	-3.15571398370594E-05	0	0.14898653264	9038.5546875	
22.382624	-7.90203052533297E-03	-3.14353401992437E-05	0	0.14955492145	9038.5546875	
22.38672	-7.91124635698891E-03	-2.91082069494562E-05	0	0.17614712544	9038.5546875	
22.390816	-7.91887172302531E-03	-2.80304402387625E-05	0	0.11893059013	9038.5546875	
22.394912	-7.92274653432109E-03	-2.88797177548687E-05	0	0.08021148663	9038.5546875	
22.399008	-7.92930598209406E-03	-2.80033426697062E-05	0	0.16846815447	9087.57421875	
22.403104	-7.93878504746766E-03	-2.59782903678375E-05	0	0.11836601601	9087.57421875	
22.4072	-7.94648950248141E-03	-2.53211888614781E-05	0	0.09659558018	9087.57421875	
22.411296	-7.95855427453625E-03	-2.29930959972656E-05	0	0.14271518228	9087.57421875	
22.415392	-7.96960606765469E-03	-2.14600838283562E-05	0	0.09206754315	9087.57421875	
22.419488	-0.00797463246932	-2.27825447655094E-05	0	0.03404610825	9135.9765625	
22.423584	-7.98124156485562E-03	-2.24331900667875E-05	0	0.13124440945	9135.9765625	
22.42768	-7.99039019373891E-03	-2.07776724915375E-05	0	0.10038356735	9135.9765625	
22.431776	-7.99805012120125E-03	-2.01144623374406E-05	0	0.0503157611	9135.97265625	
22.435872	-8.00890972353313E-03	-1.82985136726219E-05	0	0.09943752423	9135.97265625	
22.439968	-8.02037552230406E-03	-1.63874557279125E-05	0	0.06465518081	9184.25390625	
22.444064	-8.02477195512094E-03	-1.78677597764531E-05	0	0.00171279581	9184.25390625	
22.44816	-8.02967446596047E-03	-1.81012643506406E-05	0	0.08282454928	9184.25390625	
22.452256	-8.03769920847438E-03	-1.65976591234781E-05	0	0.08479292932	9184.25390625	
22.456352	-8.04439187317219E-03	-1.59488953491656E-05	0	0.01793667238	9231.2734375	
22.460448	-8.05271175929172E-03	-1.48278671432719E-05	0	0.07342896781	9231.2734375	
22.464544	-8.06427895653188E-03	-1.235992994775E-05	0	0.04589453539	9231.2734375	
22.46864	-8.07000947867641E-03	-1.30261915411031E-05	0	-0.02996438995	9231.2734375	
22.472736	-8.07720026678297E-03	-1.25306042963062E-05	0	0.04403678136	9277.37109375	
22.476832	-8.08824428815219E-03	-1.03518115231781E-05	0	0.07187257429	9277.37109375	
22.480928	-8.09984284668625E-03	-8.48943910670625E-06	0	-0.00658796963	9277.37109375	
22.485024	-8.11282559947234E-03	-6.70166108679375E-06	0	0.04722204751	9277.37109375	
22.48912	-8.13010777535859E-03	-3.3411495434625E-06	0	0.03404229356	9277.37109375	
22.493216	-8.14142956818813E-03	-3.25776429030937E-06	0	-0.04389563783	9326.4921875	
22.497312	-0.008150905250565	-3.47049292373437E-06	0	0.00900648309	9326.4921875	
22.501408	-8.16295283333922E-03	-1.98991171200937E-06	0	0.06154620846	9326.4921875	
22.505504	-8.17428376940313E-03	-8.4687751850625E-07	0	-0.02113719729	9326.4921875	
22.5096	-8.18441429022594E-03	-3.5361839638125E-07	0	0.02102275659	9326.4921875	
22.513696	-8.19816653761703E-03	1.905657709725E-06	0	0.0315474863	9374.671875	
22.517792	-8.20544802660859E-03	1.28083381531875E-06	0	-0.04918661286	9374.671875	
22.521888	-8.20917645472203E-03	-1.50440955328125E-07	0	-0.0261687734	9374.671875	
22.525984	-8.21539394552937E-03	4.2038082961875E-07	0	0.05492772131	9374.671875	
22.53008	-8.22132607599188E-03	1.03292084207812E-06	0	-0.02604288863	9374.671875	
22.534176	-8.22487831397891E-03	6.026301666E-07	0	0.00604246896	9374.671875	
22.538272	-8.23182890931844E-03	1.89522454708125E-06	0	0.01951976873	9422.9921875	
22.542368	-8.23415659392563E-03	1.27592444522812E-06	0	-0.04314032921	9422.9921875	
22.546464	-8.23211463539266E-03	-6.50448147628125E-07	0	-0.030136051	9422.9921875	
22.55056	-8.23295471576703E-03	-5.80683313546875E-07	0	0.04364386829	9422.9921875	
22.554656	-8.23546023628281E-03	2.72577852421875E-07	0	-0.02328868245	9469.75	
22.558752	-8.23563441489766E-03	-1.603873396125E-07	0	-0.01395413602	9469.75	
22.562848	-8.23998988602453E-03	1.11641763358125E-06	0	0.07869324001	9469.75	
22.566944	-8.24182639608109E-03	1.21472426604375E-06	0	0.09426861928	9469.75	
22.57104	-8.23877913892859E-03	-5.83825137328125E-07	0	0.03652184206	9469.75	
22.575136	-8.23861830943594E-03	-5.49478537059375E-07	0	0.00597761923	9469.75	
22.579232	-8.24049038667422E-03	3.1337276355E-07	0	0.01431653157	9469.75	
22.583328	-8.23765406393875E-03	-7.8004585456875E-07	0	-0.00629805319	9469.75	
22.587424	-8.23443427395359E-03	-1.81105155433125E-06	0	-0.00574873783	9469.75	
22.59152	-8.23674202630984E-03	-3.60150841771875E-07	0	-0.00932310236	9469.75	
22.595616	-8.23969273090734E-03	6.2969792799375E-07	0	-0.01632305851	9469.75	
22.599712	-8.24358729158937E-03	1.5625493989875E-06	0	-0.01295087255	9469.75	
22.603808	-8.24365449436203E-03	8.80887340265625E-07	0	-0.01239392781	9469.75	
22.607904	-8.24175160442391E-03	-1.95437064178125E-07	0	-0.01349637322	9469.75	
22.612	-8.24093950234672E-03	-4.11258002203125E-07	0	-0.00951002217	9469.75	
22.616096	-8.24136374842172E-03	-4.8882883809375E-08	0	-0.00585936384	9469.75	
22.620192	-8.23894481433547E-03	-7.6586702259375E-07	0	-0.01101301003	9469.75	
22.624288	-8.23588164795516E-03	-1.5325984674E-06	0	-0.0100707816	9469.75	
22.628384	-8.23446014930687E-03	-1.43113318425E-06	0	-0.00227355524	9469.75	
22.63248	-8.23485614278766E-03	-8.7081307149375E-07	0	-0.00169753705	9469.75	
22.636576	-8.23791428038906E-03	3.02786956828125E-07	0	-0.00197219473	9469.75	
22.640672	-8.24089927211547E-03	1.002147074775E-06	0	0.00338744472	9469.75	
22.644768	-8.24078745035906E-03	4.452697470375E-07	0	-0.00000381469	9469.75	
22.648864	-8.23928411976312E-03	-3.59582332725E-07	0	-0.00524519875	9469.75	
22.65296	-8.23921197964391E-03	-3.21936456909375E-07	0	-0.01001356125	9469.75	
22.657056	-8.23970470854437E-03	-8.3291984015625E-08	0	-0.01331708279	9469.75	
22.661152	-8.23955165080094E-03	-1.36548661528125E-07	0	-0.01551052954	9469.75	
22.665248	-8.2384008833225E-03	-5.12188670503125E-07	0	-0.01315305112	9469.75	
22.669344	-8.23768560809734E-03	-6.15634720903125E-07	0	-0.00776670884	9469.75	
22.67344	-8.23774366763562E-03	-4.37482014440625E-07	0	-0.00824354509	9469.75	
22.677536	-8.23839612884062E-03	-1.51880376965625E-07	0	-0.00815199253	9469.75	
22.681632	-8.23863138426109E-03	-1.0997296695E-07	0	-0.00696562394	9469.75	
22.685728	-8.23866521422828E-03	-1.71747184021875E-07	0	-0.00513457274	9469.75	
22.689824	-8.23925010693125E-03	-2.4869446284375E-08	0	0.00174331333	9469.75	
22.69392	-8.23985228034719E-03	8.123789953125E-08	0	0.00230025807	9469.75	
22.698016	-8.23989799651906E-03	3.385333153125E-09	0	0.00226211117	9469.75	
22.702112	-8.23876231537734E-03	-3.872755742625E-07	0	-0.00123977425	9469.75	
22.706208	-8.23712494496547E-03	-7.9309872613125E-07	0	-0.00635908823	9469.75	
22.710304	-0.008236357187575	-8.11581880725E-07	0	-0.00985334427	9469.75	
22.7144	-8.23761173076359E-03	-2.42849516765625E-07	0	-0.01382825125	9469.75	
22.718496	-8.23989104766094E-03	4.26232266075E-07	0	-0.01442715758	9469.75	
22.722592	-8.24112318992531E-03	5.3522783015625E-07	0	-0.01406857672	9469.75	
22.726688	-8.24123318303484E-03	2.76261502584375E-07	0	-0.00978849454	9469.75	
22.730784	-8.24076596375828E-03	2.153411308125E-08	0	-0.0047683625	9469.75	
22.73488	-8.24024982817781E-03	0	0	-0.00168227829	9469.75	
22.738976	-8.23927918241656E-03	0	0	0.00059509164	9469.75	
22.743072	-8.23729098610172E-03	0	0	0.00013351415	9469.75	
22.747168	-8.23477449370469E-03	0	0	-0.00086974932	9469.75	
22.751264	-8.23256594544141E-03	0	0	-0.00183868058	9469.75	
22.75536	-8.23124173080688E-03	0	0	-0.00375365496	9469.75	
22.759456	-8.22991230452875E-03	0	0	-0.00700758553	9469.75	
22.763552	-8.22820827993828E-03	0	0	-0.00437544943	9469.75	
22.767648	-8.22588790991859E-03	0	0	-0.00363539957	9469.75	
22.771744	-0.00822298319579	0	0	-0.00529097503	9469.75	
22.77584	-8.21943964387563E-03	0	0	-0.00805281059	9469.75	
22.779936	-8.21496531070188E-03	0	0	-0.01052091502	9469.75	
22.784032	-8.21009480118266E-03	0	0	-0.01071546421	9469.75	
22.788128	-8.20559230684703E-03	0	0	-0.01015089009	9469.75	
22.792224	-8.20197478616656E-03	0	0	-0.00588225198	9469.75	
22.79632	-8.19844952072094E-03	0	0	-0.00135802964	9469.75	
22.800416	-8.19437072386625E-03	0	0	0.00115966576	9512.62890625	
22.804512	-8.18925206696609E-03	0	0	0.00357054984	9512.62890625	
22.808608	-8.1833074102725E-03	0	0	0.00072860579	9512.62890625	
22.812704	-8.17698266932594E-03	0	0	0.01323315961	9512.66796875	
22.8168	-8.17071717653813E-03	0	0	0.04565039523	9512.66796875	
22.820896	-8.16464040010781E-03	0	0	0.0333785375	9512.66796875	
22.824992	-8.15811898818984E-03	0	0	0.0450514889	9512.66796875	
22.829088	-8.15200591311906E-03	0	0	0.03924934541	9512.6640625	
22.833184	-8.14442297169016E-03	0	0	0.02226253084	9498.4453125	
22.83728	-8.13595587949719E-03	0	0	0.03784935418	9498.4453125	
22.841376	-8.12657345811094E-03	-4.515043561875E-07	0	0.04523459402	9498.4453125	
22.845472	-8.11606422452031E-03	-9.174731209875E-07	0	-0.05568302993	9498.4453125	
22.849568	-8.10513650509234E-03	-8.8278036721875E-07	0	0.04270545455	9498.4453125	
22.853664	-8.09288018227734E-03	-8.6059000479375E-07	0	0.00505827894	9450.4453125	
22.85776	-8.07559562915016E-03	-9.24276239184375E-07	0	-0.01841350863	9450.4453125	
22.861856	-8.05974144360859E-03	-1.01327999633437E-06	0	0.09399014691	9450.4453125	
22.865952	-8.03958847499328E-03	-1.13263468467188E-06	0	0.01942440148	9450.4453125	
22.870048	-8.01798328646219E-03	-1.29903764326875E-06	0	-0.02832025856	9450.4453125	
22.874144	-7.99053849700047E-03	-1.52195833380937E-06	0	0.07506546982	9400.70703125	
22.87824	-7.95999936272922E-03	-1.81723400007187E-06	0	0.01327893589	9400.70703125	
22.882336	-7.92273830541016E-03	-2.17644806393437E-06	0	0.03012460693	9400.70703125	
22.886432	-7.88422727651969E-03	-2.595237789375E-06	0	0.10716227148	9400.70703125	
22.890528	-7.84382012368453E-03	-2.99394556374375E-06	0	0.05134954209	9352.96484375	
22.894624	-7.79653387560266E-03	-3.45704149487812E-06	0	0.0198745349	9352.96484375	
22.89872	-7.74442539427906E-03	-3.991647931425E-06	0	0.11586739406	9352.96484375	
22.902816	-7.68727853365312E-03	-4.57898051716875E-06	0	0.05518712023	9352.96484375	
22.906912	-7.62447630826922E-03	-5.23395197758125E-06	0	0.07257829194	9352.96484375	
22.911008	-7.56024152092344E-03	-5.91053207023125E-06	0	0.14910860272	9352.96484375	
22.915104	-7.49307897849844E-03	-6.57550856871562E-06	0	0.08568938147	9352.96484375	
22.9192	-7.41873863135969E-03	-7.30288524518437E-06	0	0.05661762898	9304.1875	
22.923296	-7.34056498320922E-03	-8.1030159354375E-06	0	0.15787857503	9304.1875	
22.927392	-7.25994277689312E-03	-8.90611104580312E-06	0	0.10270671356	9304.1875	
22.931488	-7.17245299580562E-03	-9.77016859520625E-06	0	0.13396046873	9304.18359375	
22.935584	-7.08524290625766E-03	-1.064780089065E-05	0	0.19563256196	9304.18359375	
22.93968	-6.99800227830687E-03	-1.14643152183656E-05	0	0.13471959204	9253.7421875	
22.943776	-6.90596931549078E-03	-1.23113869674469E-05	0	0.11036661108	9253.7421875	
22.947872	-6.81510193219281E-03	-1.31720736067594E-05	0	0.20795401066	9253.7421875	
22.951968	-6.72658454299391E-03	-1.39445442285187E-05	0	0.14930315191	9253.7421875	
22.956064	-6.63605061345359E-03	-1.47193057133719E-05	0	0.19108163679	9205.22265625	
22.96016	-6.54908921988063E-03	-1.54616138652937E-05	0	0.26129863562	9205.22265625	
22.964256	-6.46790278457125E-03	-1.60734240707906E-05	0	0.21495015212	9205.22265625	
22.968352	-6.38474205066328E-03	-1.66740107298188E-05	0	0.16917005743	9205.22265625	
22.972448	-6.30756784946234E-03	-1.72458716964188E-05	0	0.26799341657	9205.22265625	
22.976544	-6.23464388076062E-03	-1.77018036924094E-05	0	0.22003894858	9155.8046875	
22.98064	-0.00616452368488	-1.81306059078375E-05	0	0.23986389251	9155.8046875	
22.984736	-6.10057032628828E-03	-1.84910038647469E-05	0	0.31943451122	9155.8046875	
22.988832	-6.04704391217781E-03	-1.86605649932625E-05	0	0.27750725343	9155.8046875	
22.992928	-5.99384382010219E-03	-1.87688995003125E-05	0	0.23620179011	9108.18359375	
22.997024	-5.94690638641172E-03	-1.88832614051812E-05	0	0.34825067948	9108.18359375	
23.00112	-5.90583708054312E-03	-1.88916101949094E-05	0	0.30084171216	9108.18359375	
23.005216	-5.86783304399875E-03	-1.89080467169344E-05	0	0.31907211567	9108.18359375	
23.009312	-5.83803405455016E-03	-1.88479636039406E-05	0	0.40812223903	9108.18359375	
23.013408	-5.81798175294531E-03	-1.85993107275938E-05	0	0.37193608969	9108.18359375	
23.017504	-5.79871887819641E-03	-1.83492326122875E-05	0	0.32331023626	9061.3828125	
23.0216	-5.78626789592156E-03	-1.81143859721344E-05	0	0.42402568164	9061.3828125	
23.025696	-5.77970287077562E-03	-1.77706209312844E-05	0	0.3945915336	9061.3828125	
23.029792	-5.77588008448344E-03	-1.74529522585687E-05	0	0.38922426477	9061.3828125	
23.033888	-5.77780464388703E-03	-1.71115542826594E-05	0	0.4797735613	9061.3828125	
23.037984	-5.78741601186203E-03	-1.66237009243594E-05	0	0.45141897053	9011.58203125	
23.04208	-5.79578810584984E-03	-1.618045689645E-05	0	0.39896316834	9011.58203125	
23.046176	-5.80669717307969E-03	-1.58726814830719E-05	0	0.50973413656	9011.58203125	
23.050272	-5.82149824088594E-03	-1.55054945906437E-05	0	0.47548966443	9011.58203125	
23.054368	-5.83537191042953E-03	-1.523900399175E-05	0	0.46573931679	8963.62109375	
23.058464	-5.85177642724813E-03	-1.50167902716562E-05	0	0.57390866643	8963.62109375	
23.06256	-5.87283073590813E-03	-1.47120088456687E-05	0	0.55036058506	8963.62109375	
23.066656	-5.89087445178547E-03	-1.44761263892437E-05	0	0.48454955318	8963.62109375	
23.070752	-5.90901252584156E-03	-1.43977305541781E-05	0	0.57792934969	8963.62109375	
23.074848	-5.92814126934219E-03	-1.42850369168719E-05	0	0.58122524185	8914.82421875	
23.078944	-5.94433594893188E-03	-1.43008241607E-05	0	0.54326144697	8914.82421875	
23.08304	-5.96013097774703E-03	-1.43899925811469E-05	0	0.64596053115	8914.82421875	
23.087136	-5.97925761830375E-03	-1.43828300883094E-05	0	0.64368316122	8914.82421875	
23.091232	-5.99491184130953E-03	-1.43825615789625E-05	0	0.56299483834	8914.82421875	
23.095328	-6.00675031831359E-03	-1.46246978752875E-05	0	0.66336314693	8914.82421875	
23.099424	-6.01945374528953E-03	-1.48282844505469E-05	0	0.65484494416	8867.6640625	
23.10352	-6.02789185342953E-03	-1.51436843755312E-05	0	0.62708163034	8867.6640625	
23.107616	-6.03615614868406E-03	-1.55002585381875E-05	0	0.72200256161	8867.6640625	
23.111712	-6.04725822959156E-03	-1.57342080638531E-05	0	0.72421508181	8867.6640625	
23.115808	-6.05542140067391E-03	-1.59364864673437E-05	0	0.65756863282	8821.1640625	
23.119904	-6.05993870704922E-03	-1.63618081574062E-05	0	0.71771485005	8821.1640625	
23.124	-6.06553747518641E-03	-1.67090611755375E-05	0	0.75674675813	8821.1640625	
23.128096	-6.06832707599422E-03	-1.71195641304188E-05	0	0.71102388379	8821.16015625	
23.132192	-6.07076758811359E-03	-1.75360656369937E-05	0	0.79104845061	8771.71875	
23.136288	-6.07632914328687E-03	-1.78119098323031E-05	0	0.81518780893	8771.71875	
23.140384	-6.08194674648688E-03	-1.79452964777625E-05	0	0.73762371716	8771.71875	
23.14448	-6.08392543383797E-03	-1.83007377088594E-05	0	0.8068832288	8771.71875	
23.148576	-6.0904254505875E-03	-1.84912461721969E-05	0	0.81949840863	8771.71875	
23.152672	-6.09508219128703E-03	-1.86751036806469E-05	0	0.78762285899	8723.859375	
23.156768	-6.10043838941625E-03	-1.88957020177406E-05	0	0.8550627635	8723.859375	
23.160864	-6.10915198320797E-03	-1.89902007213188E-05	0	0.89045927201	8723.859375	
23.16496	-6.1191893344725E-03	-1.89409029340781E-05	0	0.8295806343	8723.859375	
23.169056	-6.12616937102672E-03	-1.91099301688969E-05	0	0.85214834034	8723.859375	
23.173152	-6.13691148279687E-03	-1.91493284468062E-05	0	0.91367166066	8723.859375	
23.177248	-6.14632398542422E-03	-1.91888421092156E-05	0	0.8666212742	8675.2421875	
23.181344	-6.15666452634062E-03	-1.92537293039437E-05	0	0.90824717148	8675.2421875	
23.18544	-6.17056087110547E-03	-1.92052872850781E-05	0	0.96967893924	8675.2421875	
23.189536	-6.18805315851766E-03	-1.89190200232687E-05	0	0.90262813311	8675.2421875	
23.193632	-6.20075219674109E-03	-1.8906275324475E-05	0	0.91987053191	8628.3203125	
23.197728	-6.21673191889062E-03	-1.8874429202475E-05	0	0.98233226597	8628.3203125	
23.201824	-6.23129489687375E-03	-1.88380124119687E-05	0	0.94250308768	8628.3203125	
23.20592	-6.24576059084312E-03	-1.89060786900562E-05	0	0.96225936719	8628.3203125	
23.210016	-0.006263197470255	-1.88425958208469E-05	0	1.03178972182	8628.3203125	
23.214112	-6.28390854189656E-03	-1.8547033376025E-05	0	0.99386407384	8628.3203125	
23.218208	-6.29998234792781E-03	-1.8483664208625E-05	0	0.96225936719	8581.94140625	
23.222304	-6.31879775278641E-03	-1.84155428825156E-05	0	1.05166044203	8581.94140625	
23.2264	-6.33685545781234E-03	-1.83152244732188E-05	0	1.0233287394	8581.94140625	
23.230496	-6.35407381392266E-03	-1.83231247057031E-05	0	1.02672762819	8581.94140625	
23.234592	-6.37270425114984E-03	-1.82873680106906E-05	0	1.10466937427	8532.578125	
23.238688	-6.39514394268234E-03	-1.80103714126875E-05	0	1.06830774919	8532.578125	
23.242784	-6.41266749995609E-03	-1.79418371062219E-05	0	1.0202769874	8532.578125	
23.24688	-6.43106944775625E-03	-1.79949209473687E-05	0	1.1213662724	8532.578125	
23.250976	-6.44939623816984E-03	-1.79398940793187E-05	0	1.08332236903	8532.578125	
23.255072	-6.4654794617325E-03	-1.80310211516531E-05	0	1.08134635961	8532.578125	
23.259168	-6.48280515941438E-03	-1.80570295391062E-05	0	1.17040792704	8484.8203125	
23.263264	-6.50394065999562E-03	-1.7820464871825E-05	0	1.14600154042	8484.8203125	
23.26736	-6.52068795667094E-03	-1.77481459537594E-05	0	1.07923302135	8484.8203125	
23.271456	-6.53789543233234E-03	-1.78203788142187E-05	0	1.1752296952	8484.8203125	
23.275552	-6.55568853215547E-03	-1.77370368302531E-05	0	1.16089790487	8436.16015625	
23.279648	-6.57090616571984E-03	-1.78280362584844E-05	0	1.13518307958	8436.16015625	
23.283744	-6.5871005710125E-03	-1.78895285046844E-05	0	1.22405009782	8436.16015625	
23.28784	-6.60704909690719E-03	-1.76734409803875E-05	0	1.22007137615	8436.16015625	
23.291936	-6.62372361343687E-03	-1.75378180390875E-05	0	1.14300319408	8436.16015625	
23.296032	-6.63878334334359E-03	-1.76706010793812E-05	0	1.23862602831	8389.59765625	
23.300128	-6.65638260659797E-03	-1.75334817453469E-05	0	1.21968609246	8389.59765625	
23.304224	-6.67119985792906E-03	-1.75414115451094E-05	0	1.18992769577	8389.59765625	
23.30832	-6.68723608526703E-03	-1.75430915915062E-05	0	1.28067154149	8389.59765625	
23.312416	-6.70732102821859E-03	-1.72356967065938E-05	0	1.28456252529	8389.59765625	
23.316512	-6.72496573334781E-03	-1.69790190786562E-05	0	1.21124418349	8342.87890625	
23.320608	-6.74067838162125E-03	-1.70277570106875E-05	0	1.27272935691	8342.87890625	
23.324704	-6.75839870129875E-03	-1.68794886493406E-05	0	1.30095043353	8342.87890625	
23.3288	-6.77314381251063E-03	-1.68871826320312E-05	0	1.25183248509	8293.45703125	
23.332896	-6.78836866923016E-03	-1.69434806526563E-05	0	1.31741463557	8293.45703125	
23.336992	-6.80856479391172E-03	-1.65858538468219E-05	0	1.34901934222	8293.45703125	
23.341088	-6.82810260571828E-03	-1.614710308365E-05	0	1.27286668575	8293.45703125	
23.345184	-6.84525750778203E-03	-1.60319933429906E-05	0	1.32648596839	8293.45703125	
23.34928	-6.86515766596687E-03	-1.57402647885656E-05	0	1.35888794525	8245.81640625	
23.353376	-6.88274678023109E-03	-1.55405185940812E-05	0	1.31391275015	8245.81640625	
23.357472	-6.89986474362797E-03	-1.54919525368781E-05	0	1.38172267959	8245.81640625	
23.361568	-6.92137676260078E-03	-1.50984264880969E-05	0	1.41415517397	8245.81640625	
23.365664	-6.94223632036859E-03	-1.46347541152312E-05	0	1.35082369059	8245.81640625	
23.36976	-6.95995261702297E-03	-1.45366020499219E-05	0	1.35380677817	8245.81640625	
23.373856	-6.97978648675859E-03	-1.43064561262219E-05	0	1.42869677225	8197.19921875	
23.377952	-6.99795125905906E-03	-1.40945746073344E-05	0	1.37030531242	8197.19921875	
23.382048	-7.01458901978656E-03	-1.40775239032312E-05	0	1.41469685995	8197.19921875	
23.386144	-7.03652528483437E-03	-1.36279373335875E-05	0	1.47530846936	8197.19921875	
23.39024	-7.05771153036641E-03	-1.30934813776594E-05	0	1.41368978179	8197.19921875	
23.394336	-7.0753492866375E-03	-1.29649610734875E-05	0	1.40094871719	8150.91796875	
23.398432	-7.09393519631328E-03	-1.28122001685562E-05	0	1.48572638775	8150.91796875	
23.402528	-7.11134839474812E-03	-1.26205794467156E-05	0	1.43478883218	8150.91796875	
23.406624	-7.1259779354775E-03	-1.27072796004E-05	0	1.45794781517	8150.91796875	
23.41072	-7.1444779901825E-03	-1.24740413721E-05	0	1.53165144066	8150.91796875	
23.414816	-7.16313695430094E-03	-1.20520300152656E-05	0	1.49254323878	8104.01953125	
23.418912	-7.17855116740438E-03	-1.19691387520031E-05	0	1.43719208688	8104.01953125	
23.423008	-7.19516049267297E-03	-1.18275187013156E-05	0	1.53851406797	8104.015625	
23.427104	-0.007211823397295	-1.15552670504906E-05	0	1.50055790247	8104.015625	
23.4312	-7.22413256800469E-03	-1.16539938748406E-05	0	1.49272252921	8054.578125	
23.435296	-7.24108357594187E-03	-1.14288919364812E-05	0	1.58246692615	8054.578125	
23.439392	-7.25896609659719E-03	-1.09016609733281E-05	0	1.55494012311	8054.578125	
23.443488	-7.27297298306562E-03	-1.07850880129781E-05	0	1.4917345245	8054.578125	
23.447584	-7.28677688973094E-03	-1.07534140061906E-05	0	1.59640580341	8054.578125	
23.45168	-7.30029891048047E-03	-1.06196098130719E-05	0	1.55730523091	8006.9765625	
23.455776	-7.31056365398391E-03	-1.07631716887406E-05	0	1.53984920947	8006.9765625	
23.459872	-7.32428929456297E-03	-1.06428206071688E-05	0	1.63458322093	8006.9765625	
23.463968	-7.34074483062937E-03	-1.00971374990062E-05	0	1.61152341988	8006.9765625	
23.468064	-7.35361823033234E-03	-9.89862976482187E-06	0	1.54266445069	8006.9765625	
23.47216	-7.36633939518297E-03	-9.81424739728125E-06	0	1.62910532609	7958.45703125	
23.476256	-7.38054981004859E-03	-9.52906907669062E-06	0	1.63155435707	7958.45703125	
23.480352	-7.39060316197328E-03	-9.52655802150937E-06	0	1.58495791872	7958.45703125	
23.484448	-7.40297606102656E-03	-9.50396910179062E-06	0	1.68275894094	7958.45703125	
23.488544	-7.41878727336656E-03	-8.9177862745125E-06	0	1.67440858453	7958.45703125	
23.49264	-7.43069414176375E-03	-8.754850860525E-06	0	1.59143526234	7912.27734375	
23.496736	-7.44292714933109E-03	-8.63255843474063E-06	0	1.67618623007	7912.27734375	
23.500832	-7.45633030803375E-03	-8.34352218531562E-06	0	1.67602982778	7912.27734375	
23.504928	-7.46739298160109E-03	-8.20036223232187E-06	0	1.6375319763	7912.27734375	
23.509024	-7.47922514977344E-03	-8.10189550386563E-06	0	1.72676139009	7912.27734375	
23.51312	-7.49537292457078E-03	-7.51927084610625E-06	0	1.73363927616	7865.17578125	
23.517216	-7.50826003912531E-03	-7.18913271470625E-06	0	1.66183536629	7865.17578125	
23.521312	-7.51979377212766E-03	-7.10714217169687E-06	0	1.70084057154	7865.17578125	
23.525408	-7.53236014202031E-03	-6.90303516426562E-06	0	1.74981737645	7865.17578125	
23.529504	-7.54134684422281E-03	-6.90746376560625E-06	0	1.68915999076	7815.796875	
23.5336	-7.55006510106406E-03	-7.0817573413125E-06	0	1.75699662303	7815.796875	
23.537696	-7.56500578605922E-03	-6.50026729780312E-06	0	1.78823130475	7815.796875	
23.541792	-7.57684426306328E-03	-6.14972918680312E-06	0	1.71571023316	7815.796875	
23.545888	-7.58792430877594E-03	-6.00161539260937E-06	0	1.74424411436	7815.796875	
23.549984	-7.59943308074844E-03	-5.8055403483E-06	0	1.78795664707	7768.35546875	
23.55408	-7.60905697495453E-03	-5.68488974779687E-06	0	1.74878359546	7768.35546875	
23.558176	-7.61724099261125E-03	-5.77966946070937E-06	0	1.79851952368	7768.35546875	
23.562272	-7.63014063339687E-03	-5.37704894986875E-06	0	1.84127075451	7768.35546875	
23.566368	-7.64077403211031E-03	-5.04624855951562E-06	0	1.79060404193	7768.35546875	
23.570464	-7.64911028461937E-03	-5.07733073997187E-06	0	1.77697415456	7719.9765625	
23.57456	-7.65910054822687E-03	-4.94138568360937E-06	0	1.85337095119	7719.9765625	
23.578656	-7.6679186491875E-03	-4.76658441610313E-06	0	1.80400123321	7719.9765625	
23.582752	-7.67399387126797E-03	-4.94479553596875E-06	0	1.82525668589	7719.9765625	
23.586848	-7.68637801649953E-03	-4.51380293811562E-06	0	1.89716359239	7719.9765625	
23.590944	-7.6969809682425E-03	-4.070324775825E-06	0	1.83430894526	7719.9765625	
23.59504	-7.70569629924875E-03	-3.97625107182187E-06	0	1.82481799654	7673.85546875	
23.599136	-7.71460519252672E-03	-3.8621855608875E-06	0	1.89919682216	7673.85546875	
23.603232	-7.72256867537031E-03	-3.7458568310625E-06	0	1.86112240127	7673.85546875	
23.607328	-7.7280182259225E-03	-3.8979393712875E-06	0	1.86811091335	7673.85546875	
23.611424	-7.73789045037422E-03	-3.65912110049062E-06	0	1.94411098222	7626.31640625	
23.61552	-7.74843817698156E-03	-3.17502687304687E-06	0	1.90571612737	7626.31640625	
23.619616	-7.75658434164797E-03	-3.0363460021125E-06	0	1.85507993231	7626.31640625	
23.623712	-7.76571376973906E-03	-2.85977021715E-06	0	1.94633494649	7626.3125	
23.627808	-7.77536015630172E-03	-2.54947677744375E-06	0	1.92525115486	7626.3125	
23.631904	-7.78063836264172E-03	-2.6708809829625E-06	0	1.90153904182	7626.3125	
23.636	-7.79084138931312E-03	-2.4531562006875E-06	0	1.99660493131	7577.17578125	
23.640096	-7.80206132651172E-03	-1.88739594914062E-06	0	1.9682655993	7577.17578125	
23.644192	-7.80986160262172E-03	-1.79389460033437E-06	0	1.90347308965	7577.17578125	
23.648288	-7.81749967775391E-03	-1.7533953619875E-06	0	1.99748231001	7577.17578125	
23.652384	-7.82566220880984E-03	-1.59916642967812E-06	0	1.97782521244	7529.47265625	
23.65648	-7.83127871482172E-03	-1.64310244343437E-06	0	1.95267114658	7529.47265625	
23.660576	-7.83965135740359E-03	-1.52220641048437E-06	0	2.04381553475	7529.47265625	
23.664672	-7.85108780639219E-03	-9.502615497375E-07	0	2.03205866017	7529.47265625	
23.668768	-7.85894861071375E-03	-7.70731921575E-07	0	1.95539102055	7529.47265625	
23.672864	-7.86669311309406E-03	-7.023608361E-07	0	2.02627559013	7481.1953125	
23.67696	-7.87571483388422E-03	-4.61671413328125E-07	0	2.04620353069	7481.1953125	
23.681056	-7.88017417215359E-03	-5.49606421546875E-07	0	1.9985542379	7481.1953125	
23.685152	-7.8862912702475E-03	-6.74151489309375E-07	0	2.08042511468	7481.1953125	
23.689248	-7.89688178719172E-03	-1.56573160734375E-07	0	2.09653836524	7481.1953125	
23.693344	-7.90414846414359E-03	2.7672808865625E-08	0	2.00732421021	7435.015625	
23.69744	-7.91106522951594E-03	9.409654051875E-08	0	2.07762894691	7435.015625	
23.701536	-7.91907241701984E-03	2.8158769918125E-07	0	2.09106428509	7435.015625	
23.705632	-7.92481930555391E-03	3.31279236028125E-07	0	2.04964819576	7435.015625	
23.709728	-7.93108114104797E-03	3.1534247311875E-07	0	2.13013052538	7435.015625	
23.713824	-7.94184739095687E-03	7.88543201840625E-07	0	2.15073748076	7387.29296875	
23.71792	-7.94918200214016E-03	1.02262806390938E-06	0	2.08512481276	7387.29296875	
23.722016	-7.95440297183297E-03	9.30805559578125E-07	0	2.11100748441	7387.29296875	
23.726112	-7.96174663481828E-03	1.03301266890937E-06	0	2.16508452985	7387.29296875	
23.730208	-7.96676398468156E-03	1.09362943521562E-06	0	2.10848978901	7387.29296875	
23.734304	-7.97061849799703E-03	8.92614251615625E-07	0	2.15650910673	7338.4140625	
23.7384	-7.98092164308484E-03	1.34372029089375E-06	0	2.20794638669	7338.4140625	
23.742496	-7.98902401165859E-03	1.70172786557812E-06	0	2.13077520799	7338.4140625	
23.746592	-7.99589213502406E-03	1.8094279982625E-06	0	2.1612507664	7338.4140625	
23.750688	-8.00367183885672E-03	1.9620028456875E-06	0	2.21363027479	7290.5546875	
23.754784	-8.00984882513578E-03	2.0758738856625E-06	0	2.16899840179	7290.5546875	
23.75888	-8.01377291846484E-03	1.90103896434375E-06	0	2.20365486044	7290.5546875	
23.762976	-8.02306866198922E-03	2.19302448966563E-06	0	2.26281688765	7290.5546875	
23.767072	-8.03104622541375E-03	2.53517414751562E-06	0	2.20850714612	7290.5546875	
23.771168	-8.03655292118078E-03	2.53041165227812E-06	0	2.18608821299	7242.53515625	
23.775264	-8.04339745500156E-03	0.000002602228167	0	2.27648492192	7242.53515625	
23.77936	-8.05025844664422E-03	2.79868349939062E-06	0	2.23450044378	7242.53515625	
23.783456	-8.05355887995656E-03	2.62427982764062E-06	0	2.24342681838	7242.53515625	
23.787552	-8.06340157176125E-03	2.94135354902812E-06	0	2.31957947485	7242.53515625	
23.791648	-8.07253054269062E-03	3.41080764688125E-06	0	2.2717623357	7242.53515625	
23.795744	-8.07871868371562E-03	3.46248740289375E-06	0	2.23710969174	7242.53515625	
23.79984	-8.08515670933609E-03	3.49633544596875E-06	0	2.32695708531	7196.21484375	
23.803936	-8.09182733883906E-03	3.6310271382E-06	0	2.29320470819	7196.21484375	
23.808032	-8.09550483913703E-03	3.5090320678875E-06	0	2.29368154444	7196.21484375	
23.812128	-8.10298245050594E-03	3.62887641919687E-06	0	2.37255026019	7196.21484375	
23.816224	-8.11190194993578E-03	4.05489089702812E-06	0	2.34661418288	7148.2734375	
23.82032	-8.11787120192984E-03	4.142467011375E-06	0	2.27953285923	7148.2734375	
23.824416	-0.00812477461818	4.232909228625E-06	0	2.37184072785	7148.2734375	
23.828512	-8.13276059338016E-03	4.5005849224875E-06	0	2.36051872793	7148.2734375	
23.832608	-8.13574604226828E-03	4.35539612536875E-06	0	2.33334669106	7148.2734375	
23.836704	-8.14235522923625E-03	4.359478332825E-06	0	2.42513576184	7099.65234375	
23.8408	-8.15165920167156E-03	4.82193676459687E-06	0	2.41539304358	7099.65234375	
23.844896	-8.15739822702406E-03	4.91778041875312E-06	0	2.33652051314	7099.65234375	
23.848992	-8.16266893591188E-03	4.89598909439062E-06	0	2.43480600099	7099.65234375	
23.853088	-8.16884537359687E-03	5.006535378075E-06	0	2.41376035626	7051.671875	
23.857184	-8.17240474330672E-03	4.95286163367187E-06	0	2.38725589014	7051.671875	
23.86128	-8.17799272242734E-03	4.97007363569062E-06	0	2.47660355932	7051.671875	
23.865376	-8.18761469655422E-03	5.46252194131875E-06	0	2.47955994407	7051.671875	
23.869472	-8.19342284475859E-03	5.63958931232812E-06	0	2.40029450056	7051.671875	
23.873568	-8.19788520029531E-03	5.562046361025E-06	0	2.47065264292	7003.93359375	
23.877664	-8.20424194256219E-03	5.68932628182187E-06	0	2.49952221684	7003.93359375	
23.88176	-8.20686339928984E-03	5.61498020232187E-06	0	2.44299995511	7003.93359375	
23.885856	-8.21004140469391E-03	5.43089072295E-06	0	2.51735589259	7003.93359375	
23.889952	-8.21834739309719E-03	5.85816577644375E-06	0	2.54132358986	7003.93359375	
23.894048	-8.22348835948922E-03	6.0465410688375E-06	0	2.46006306348	6957.51171875	
23.898144	-8.22776428447703E-03	6.0368083862625E-06	0	2.52873511286	6957.51171875	
23.90224	-8.23387233076891E-03	6.19436063255625E-06	0	2.54949084115	6957.51171875	
23.906336	-8.23795021330016E-03	6.27157377649687E-06	0	2.5066709459	6957.51171875	
23.910432	-0.00824098878438	6.154338076425E-06	0	2.57315717791	6957.51171875	
23.914528	-8.24879408926891E-03	6.49216321936875E-06	0	2.60872153278	6957.51171875	
23.918624	-8.25415220747734E-03	6.73191874884375E-06	0	2.54598895573	6909.3125	
23.92272	-8.25720266476188E-03	6.6228001079625E-06	0	2.5542782771	6909.3125	
23.926816	-8.26255456557094E-03	6.72167548985625E-06	0	2.63034701039	6909.3125	
23.930912	-8.2660939115975E-03	6.81327059056875E-06	0	2.57575116711	6909.3125	
23.935008	-8.26746329380984E-03	6.58019750633437E-06	0	2.62199665398	6860.83203125	
23.939104	-8.27539038658063E-03	6.9437940177375E-06	0	2.67643228028	6860.83203125	
23.9432	-8.28238176074547E-03	7.37598372977812E-06	0	2.61360815067	6860.83203125	
23.947296	-8.28696636132578E-03	7.4529781239375E-06	0	2.61238363518	6860.83203125	
23.951392	-8.29222490971187E-03	7.53851169225E-06	0	2.68932593248	6860.83203125	
23.955488	-8.29630544378109E-03	7.61079214881562E-06	0	2.63940308445	6812.671875	
23.959584	-8.29790157820594E-03	7.4005618302E-06	0	2.67763390763	6812.671875	
23.96368	-8.30446450040797E-03	7.62570896082187E-06	0	2.73930600086	6812.671875	
23.967776	-8.31125179758156E-03	8.04587512719375E-06	0	2.70379123696	6812.671875	
23.971872	-8.31405109021781E-03	7.98410980434375E-06	0	2.6505991996	6765.4140625	
23.975968	-8.31864529119422E-03	8.01555592674375E-06	0	2.75778054453	6765.4140625	
23.980064	-8.32382959651719E-03	8.2425927189375E-06	0	2.71904999696	6765.4140625	
23.98416	-8.32537955760844E-03	8.09038926537187E-06	0	2.71607072407	6765.4140625	
23.988256	-8.33121047246641E-03	8.23023263514375E-06	0	2.80371322682	6765.4140625	
23.992352	-8.33830763385297E-03	8.67578867997187E-06	0	2.77807088064	6765.4140625	
23.996448	-8.34148061047812E-03	8.68722039930938E-06	0	2.71462114187	6718.79296875	
24.000544	-8.34507015286141E-03	8.64131058945E-06	0	2.81957089315	6718.79296875	
24.00464	-8.34923261031062E-03	8.76211960325625E-06	0	2.78477710566	6718.79296875	
24.008736	-8.34997476664484E-03	8.5881760272E-06	0	2.77417989684	6718.79296875	
24.012832	-8.35367064484391E-03	8.5959019810125E-06	0	2.86493137194	6718.79296875	
24.016928	-8.36075381708187E-03	9.07748106674062E-06	0	2.85439901285	6670.29296875	
24.021024	-8.36430084342531E-03	9.22139294205937E-06	0	2.77823491231	6670.29296875	
24.02512	-8.36783525210531E-03	9.21531121737187E-06	0	2.87032152891	6670.29296875	
24.029216	-8.37262667264719E-03	9.4145434700625E-06	0	2.87202669534	6670.29296875	
24.033312	-8.37300620830609E-03	9.24787320404062E-06	0	2.83460840113	6670.29296875	
24.037408	-0.008375527455185	9.135846633375E-06	0	2.9178945279	6622.171875	
24.041504	-8.38220064479359E-03	9.60522933706875E-06	0	2.9221288338	6622.171875	
24.0456	-8.38524086165563E-03	9.75320106409687E-06	0	2.84554893205	6622.171875	
24.049696	-8.38708468629969E-03	9.63153868575937E-06	0	2.93324484046	6622.171875	
24.053792	-8.39095181727859E-03	9.77103974818125E-06	0	2.93117727848	6622.171875	
24.057888	-8.39260719986219E-03	9.77602075281562E-06	0	2.89601728075	6573.6328125	
24.061984	-8.39521823330266E-03	9.74898327985312E-06	0	2.98981287847	6573.6328125	
24.06608	-8.40242337628719E-03	1.02605777201812E-05	0	2.99587442088	6573.6328125	
24.070176	-8.40645014813828E-03	1.05179584724156E-05	0	2.9266683149	6573.6328125	
24.074272	-8.40857887596547E-03	1.04032499332781E-05	0	2.97269636444	6573.6328125	
24.078368	-8.41295254212875E-03	1.05641536185281E-05	0	3.02326008039	6526.8515625	
24.082464	-8.41436462324562E-03	1.05424822459687E-05	0	2.96758086515	6526.8515625	
24.08656	-8.41494320711688E-03	1.0285407022275E-05	0	3.03823655333	6526.8515625	
24.090656	-8.42110876435297E-03	1.06804532618437E-05	0	3.07309137586	6526.8515625	
24.094752	-8.42591380831406E-03	1.10556622616344E-05	0	3.00004006236	6526.8515625	
24.098848	-8.42819742253156E-03	1.10172012424031E-05	0	3.03446001023	6480.05078125	
24.102944	-8.43247170173719E-03	1.11709652713312E-05	0	3.0847490685	6480.05078125	
24.10704	-8.43488743569141E-03	1.12442986114594E-05	0	3.03875153648	6480.05078125	
24.111136	-8.43577250077891E-03	1.10643776375344E-05	0	3.10364322807	6480.05078125	
24.115232	-8.44144551197922E-03	1.13827989537281E-05	0	3.1458222554	6431.37109375	
24.119328	-8.44638605867375E-03	1.17900896522062E-05	0	3.09372121938	6431.37109375	
24.123424	-8.44740772368281E-03	1.16437763369812E-05	0	3.07722268513	6431.37109375	
24.12752	-8.45032532977187E-03	1.16602676666437E-05	0	3.16867987788	6431.37109375	
24.131616	-8.45227750174328E-03	1.17449572454156E-05	0	3.12000061879	6383.4140625	
24.135712	-8.45190756648047E-03	1.14988413857625E-05	0	3.14962550133	6383.4140625	
24.139808	-8.45682013487781E-03	1.18024569475312E-05	0	3.21901089774	6383.4140625	
24.143904	-8.46239869646703E-03	1.23228811867219E-05	0	3.17620626125	6383.4140625	
24.148	-8.46382165803281E-03	1.22679233089875E-05	0	3.16041344465	6383.4140625	
24.152096	-8.46623720912234E-03	1.22413887201375E-05	0	3.2384047817	6383.4140625	
24.156192	-8.46814201913969E-03	1.23160831165969E-05	0	3.20103226377	6334.953125	
24.160288	-8.46701548123234E-03	1.20357985411125E-05	0	3.2134567091	6334.953125	
24.164384	-8.46957320961641E-03	1.21110520716281E-05	0	3.28901427393	6334.953125	
24.16848	-8.47416631340469E-03	1.25872304416031E-05	0	3.26075123572	6334.953125	
24.172576	-8.47479865949406E-03	1.25608927275562E-05	0	3.21262892137	6334.953125	
24.176672	-8.47677478673953E-03	1.25624876778844E-05	0	3.30480327584	6288.69140625	
24.180768	-0.008479581851125	1.280066027625E-05	0	3.28941863107	6288.69140625	
24.184864	-8.47890324026969E-03	1.26282611698031E-05	0	3.2728514324	6288.69140625	
24.18896	-8.48136203885781E-03	1.27008901837125E-05	0	3.36414840817	6288.69140625	
24.193056	-8.48675471849219E-03	1.32517182386531E-05	0	3.34580356396	6241.65234375	
24.197152	-8.48811221449984E-03	1.33245744157969E-05	0	3.28550094444	6241.65234375	
24.201248	-8.4889606152175E-03	1.31815997991562E-05	0	3.38284038917	6241.65234375	
24.205344	-0.00849093701676	1.33078910190187E-05	0	3.36465576194	6241.65234375	
24.20944	-8.49017300809563E-03	1.31339070583875E-05	0	3.34203846493	6241.65234375	
24.213536	-8.49206830914922E-03	1.31635546248937E-05	0	3.43590272707	6192.9140625	
24.217632	-8.49833435053109E-03	1.38156965208281E-05	0	3.43146242791	6192.9140625	
24.221728	-8.50088979310656E-03	1.404646672275E-05	0	3.36188248231	6192.9140625	
24.225824	-8.50216948018969E-03	1.39254678052875E-05	0	3.43706620752	6192.9140625	
24.22992	-8.50524819006844E-03	1.41106450239562E-05	0	3.45990857124	6192.9140625	
24.234016	-8.50512109911063E-03	1.40048439278344E-05	0	3.42409626152	6192.9140625	
24.238112	-8.50579788131906E-03	1.38695255535375E-05	0	3.4995584591	6144.953125	
24.242208	-8.51083388338047E-03	1.43710154366625E-05	0	3.51585862947	6144.953125	
24.246304	-8.51315827642328E-03	1.46044007802E-05	0	3.44271194872	6144.953125	
24.2504	-8.51369800154844E-03	1.44591009255E-05	0	3.51525209376	6144.953125	
24.254496	-8.51665967802719E-03	1.46563855839844E-05	0	3.52830214825	6144.953125	
24.258592	-8.51706691768625E-03	1.46543500090969E-05	0	3.49860860129	6096.19140625	
24.262688	-8.51726624019562E-03	1.44872097916219E-05	0	3.57902608118	6096.19140625	
24.266784	-8.52206378670453E-03	1.49329744900875E-05	0	3.59873276972	6096.19140625	
24.27088	-8.52516700045141E-03	1.52907546611531E-05	0	3.54448406323	6096.19140625	
24.274976	-8.52545766387219E-03	1.5122990646225E-05	0	3.57541356975	6050.15234375	
24.279072	-8.52744055711109E-03	1.52039583537187E-05	0	3.62991023109	6050.15234375	
24.283168	-8.52700588774891E-03	1.51257666049875E-05	0	3.58371814988	6050.15234375	
24.287264	-8.52573150374172E-03	1.48425625612687E-05	0	3.63695214883	6050.15234375	
24.29136	-8.52995668377875E-03	1.53009762855469E-05	0	3.68996489576	6050.15234375	
24.295456	-8.53379364208422E-03	1.58269793653125E-05	0	3.61772229654	6002.671875	
24.299552	-0.00853388242289	1.57132893347719E-05	0	3.65567083266	6002.671875	
24.303648	-8.53557931575766E-03	1.57570287141094E-05	0	3.70954188484	6002.671875	
24.307744	-8.5359290444725E-03	1.57889628167906E-05	0	3.67243258052	6002.671875	
24.31184	-8.53458032596984E-03	1.55370914340469E-05	0	3.71576745892	6002.671875	
24.315936	-8.53703199283516E-03	1.57732676401781E-05	0	3.77716489447	5953.890625	
24.320032	-8.53977002580109E-03	1.61781689179687E-05	0	3.73204474115	5953.890625	
24.324128	-8.53836269916609E-03	1.59424996824844E-05	0	3.71258600746	5953.890625	
24.328224	-8.53913850260281E-03	1.59372367069781E-05	0	3.8077854111	5953.890625	
24.33232	-8.53975137360297E-03	1.60985180360813E-05	0	3.77313658183	5906.05078125	
24.336416	-8.53811034589734E-03	1.5879239889975E-05	0	3.77531858451	5906.05078125	
24.340512	-8.54080083404453E-03	1.61800448776312E-05	0	3.87035014179	5906.05078125	
24.344608	-8.54524526884187E-03	1.68379608062531E-05	0	3.8309405794	5906.05078125	
24.348704	-8.5452946423075E-03	1.67966243091281E-05	0	3.79764215039	5906.05078125	
24.3528	-8.54591885091828E-03	1.67171308790062E-05	0	3.89617940778	5857.43359375	
24.356896	-8.54654881976672E-03	1.68102995358375E-05	0	3.86806895717	5857.43359375	
24.360992	-8.54426813138422E-03	1.65052676293312E-05	0	3.87506128394	5857.43359375	
24.365088	-8.54505865542828E-03	1.6546343069025E-05	0	3.9598389545	5857.43359375	
24.369184	-8.54915601304875E-03	1.71677436495469E-05	0	3.94410335825	5857.43359375	
24.37328	-8.54923053040891E-03	1.72079005805437E-05	0	3.87799096586	5811.57421875	
24.377376	-8.54974236866922E-03	1.71386626690125E-05	0	3.97874455814	5811.57421875	
24.381472	-8.55122540128484E-03	1.73588487469031E-05	0	3.97335058648	5811.57421875	
24.385568	-8.54948242651594E-03	1.71417278101781E-05	0	3.95581827124	5811.57421875	
24.389664	-8.54994562276937E-03	1.71307932057281E-05	0	4.04852668231	5811.57421875	
24.39376	-8.55392539839578E-03	1.775008609605E-05	0	4.0456694795	5763.8125	
24.397856	-8.55406958720187E-03	1.78204165545656E-05	0	3.97374731424	5763.8125	
24.401952	-8.55310195870797E-03	1.75673175288187E-05	0	4.08172974407	5763.8125	
24.406048	-8.55409235385547E-03	1.77422346615937E-05	0	4.06473530012	5763.8125	
24.410144	-8.55255601618344E-03	1.7603468934975E-05	0	4.04656974634	5715.09375	
24.41424	-8.55224130605625E-03	1.75265204542312E-05	0	4.1375272147	5715.09375	
24.418336	-8.55631068537953E-03	1.81566712663875E-05	0	4.1497723696	5715.09375	
24.422432	-8.55740019318766E-03	1.83969539587969E-05	0	4.08467849944	5715.09375	
24.426528	-8.55690572707266E-03	1.81940613732281E-05	0	4.15569658317	5715.09375	
24.430624	-8.55807450672281E-03	1.83641479819875E-05	0	4.18439831073	5715.09375	
24.43472	-8.55602825086969E-03	1.81528275202312E-05	0	4.14669010008	5667.29296875	
24.438816	-8.55404096887828E-03	1.78653842980594E-05	0	4.21870000321	5667.29296875	
24.442912	-8.55695766064391E-03	1.83938878560937E-05	0	4.25240278936	5667.29296875	
24.447008	-8.55829476723891E-03	1.87591882119469E-05	0	4.17990079122	5667.29296875	
24.451104	-8.55727566233547E-03	1.85405360267531E-05	0	4.24739410139	5667.29296875	
24.4552	-8.55858277912172E-03	1.87336906412906E-05	0	4.2737497946	5618.7734375	
24.459296	-8.55786631527609E-03	1.87245860830875E-05	0	4.2430033932	5618.7734375	
24.463392	-8.55657638777047E-03	1.85306076712969E-05	0	4.30769672091	5618.7734375	
24.467488	-8.55987060368344E-03	1.90494884024156E-05	0	4.34738857036	5618.7734375	
24.471584	-8.56197720488344E-03	1.94929348339687E-05	0	4.30138722365	5618.7734375	
24.47568	-8.56047012556141E-03	1.91915745584063E-05	0	4.31709993176	5573.07421875	
24.479776	-8.56090927510844E-03	1.9221563470725E-05	0	4.38833163813	5573.07421875	
24.483872	-8.55990269643609E-03	1.92042839206969E-05	0	4.35013896185	5573.07421875	
24.487968	-8.55771810344687E-03	1.89238423742156E-05	0	4.3996345646	5573.07421875	
24.492064	-8.56023962462281E-03	1.93790719670625E-05	0	4.45622167606	5524.97265625	
24.49616	-8.56304604898188E-03	1.99441235654719E-05	0	4.40191193453	5524.97265625	
24.500256	-8.56215997813859E-03	1.97720634009937E-05	0	4.4127952451	5524.97265625	
24.504352	-8.56311370891625E-03	1.98400505926219E-05	0	4.48656753501	5524.97265625	
24.508448	-8.56296897151609E-03	1.99180829665125E-05	0	4.45341406422	5524.97265625	
24.512544	-8.56049965820844E-03	1.956002274765E-05	0	4.49100783417	5476.2734375	
24.51664	-8.56164009383203E-03	1.97758105126313E-05	0	4.5562275891	5476.2734375	
24.520736	-8.56429108320672E-03	2.03799644757844E-05	0	4.52992530155	5476.2734375	
24.524832	-8.56310438281719E-03	2.02253208804281E-05	0	4.4951162553	5476.2734375	
24.528928	-8.56360561492562E-03	2.02655672344125E-05	0	4.58688625263	5476.2734375	
24.533024	-8.5639556179375E-03	2.04556129578281E-05	0	4.56772506476	5428.47265625	
24.53712	-0.00856166615205	2.01275118436219E-05	0	4.5819767466	5428.47265625	
24.541216	-8.56319544943156E-03	2.03675091997781E-05	0	4.66379040303	5428.47265625	
24.545312	-8.56703341349281E-03	2.11195245535312E-05	0	4.64477035869	5428.47265625	
24.549408	-8.56627717657766E-03	2.10126571123219E-05	0	4.59958154095	5428.47265625	
24.553504	-8.56534950401797E-03	2.07567102528844E-05	0	4.70268116758	5379.953125	
24.5576	-8.56513079785172E-03	2.08442176173E-05	0	4.68189492177	5379.953125	
24.561696	-8.56227682867391E-03	2.05097102595E-05	0	4.6787554319	5379.953125	
24.565792	-8.56214882339266E-03	2.05821303793875E-05	0	4.76676795958	5379.953125	
24.569888	-8.56551316791328E-03	2.13505060533187E-05	0	4.76518867792	5379.953125	
24.573984	-8.56526584342344E-03	2.14036415771062E-05	0	4.70597705974	5334.1953125	
24.57808	-8.56501687315141E-03	2.12776688665406E-05	0	4.80491485958	5334.1953125	
24.582176	-8.56595140313688E-03	2.15245424177438E-05	0	4.80697479218	5334.1953125	
24.586272	-8.56341452132719E-03	2.1205726871175E-05	0	4.78139729573	5334.1953125	
24.590368	-8.56235783773047E-03	2.1064938550425E-05	0	4.87547518051	5285.734375	
24.594464	-8.56536687616328E-03	2.17576044442969E-05	0	4.8844435167	5285.734375	
24.59856	-8.5650849902475E-03	2.18813124936656E-05	0	4.8192123177	5285.734375	
24.602656	-8.56350430788875E-03	2.15835553395E-05	0	4.91378229749	5285.734375	
24.606752	-8.56410346403734E-03	2.18220704856E-05	0	4.92034737898	5285.734375	
24.610848	-8.56217497304297E-03	2.16447466244625E-05	0	4.8963453495	5237.3125	
24.614944	-8.56113712450906E-03	2.15329606785562E-05	0	4.99489023627	5237.3125	
24.61904	-8.56468277936734E-03	2.22845394942844E-05	0	5.00648307918	5237.3125	
24.623136	-8.56570151854141E-03	2.26041317227687E-05	0	4.94699680332	5237.3125	
24.627232	-8.56458796402687E-03	2.23228106098594E-05	0	5.00806236084	5237.3125	
24.631328	-8.5652225044925E-03	2.24849779957687E-05	0	5.05502500943	5237.3125	
24.635424	-8.56295031931797E-03	2.22456253505063E-05	0	5.01703832641	5189.49609375	
24.63952	-8.56063580096828E-03	2.192173577055E-05	0	5.09942037165	5189.49609375	
24.643616	-8.5633675251025E-03	2.2587706258425E-05	0	5.13470625415	5189.49609375	
24.647712	-8.56469740854234E-03	2.30115527095781E-05	0	5.07015788466	5189.49609375	
24.651808	-8.56304202595875E-03	2.26812746744719E-05	0	5.12249543146	5141.15625	
24.655904	-8.56382294960672E-03	2.28767970751031E-05	0	5.16764991699	5141.15625	
24.66	-8.56268863995016E-03	2.28524208975563E-05	0	5.14131329723	5141.15625	
24.664096	-8.56052864226141E-03	2.2545706300425E-05	0	5.20819244231	5141.15625	
24.668192	-8.56257407522344E-03	2.30579887208344E-05	0	5.24889136992	5141.15625	
24.672288	-8.56392837109906E-03	2.35255007533219E-05	0	5.2187629483	5095.75390625	
24.676384	-8.56156905090094E-03	2.31091107850969E-05	0	5.21780164642	5095.75390625	
24.68048	-8.56127783888609E-03	2.31517809347344E-05	0	5.30101910877	5095.75390625	
24.684576	-8.55951484043391E-03	2.31003879572812E-05	0	5.26894138056	5095.75390625	
24.688672	-8.55602459357594E-03	2.26160401243219E-05	0	5.30580654472	5095.75390625	
24.692768	-8.55759658986203E-03	2.31289533133313E-05	0	5.37953687304	5047.17578125	
24.696864	-8.56020113160609E-03	2.39050155180375E-05	0	5.34382755995	5047.17578125	
24.70096	-8.55863590131344E-03	2.366091095445E-05	0	5.34719593122	5047.17578125	
24.705056	-8.55816968779266E-03	2.36030574065344E-05	0	5.42398182623	5047.17578125	
24.709152	-8.55693599117844E-03	2.36013586101562E-05	0	5.40360756694	4998.85546875	
24.713248	-8.55344245275609E-03	2.31342682118625E-05	0	5.42642322783	4998.85546875	
24.717344	-8.55347372261766E-03	2.33732023479281E-05	0	5.50033666127	4998.85546875	
24.72144	-8.55568400809547E-03	2.41159857397594E-05	0	5.48649696595	4998.85546875	
24.725536	-8.55404069458125E-03	2.39069400353438E-05	0	5.454625231	4998.85546875	
24.729632	-8.55372122997219E-03	2.38882506309562E-05	0	5.55044261442	4998.85546875	
24.733728	-8.55395182234312E-03	2.4157493150175E-05	0	5.54447262457	4950.71484375	
24.737824	-8.55146897704859E-03	2.38231970902406E-05	0	5.54141324319	4950.71484375	
24.74192	-8.55210827199609E-03	2.40601915647844E-05	0	5.63486551881	4950.71484375	
24.746016	-8.55544262670797E-03	2.49207649830562E-05	0	5.63052821628	4950.71484375	
24.750112	-8.55457959681531E-03	2.48080598073E-05	0	5.58360371459	4902.5546875	
24.754208	-8.55320792879437E-03	2.44868976284625E-05	0	5.69007171249	4902.5546875	
24.758304	-8.55295411260813E-03	2.45962114614562E-05	0	5.68370499488	4902.5546875	
24.7624	-8.55017264927891E-03	2.42299139912156E-05	0	5.67242877124	4902.5546875	
24.766496	-8.54960055710406E-03	2.42738613030375E-05	0	5.77569624423	4902.5546875	
24.770592	-8.55299717724203E-03	2.52053070062062E-05	0	5.77906843019	4856.9765625	
24.774688	-8.55319201956656E-03	2.53593369002531E-05	0	5.72591835442	4856.9765625	
24.778784	-8.55276000174234E-03	2.51840639986031E-05	0	5.80755272042	4856.9765625	
24.78288	-8.55359368185266E-03	2.54547288721687E-05	0	5.84304459618	4856.9765625	
24.786976	-8.55091480561312E-03	2.50160531089219E-05	0	5.81535376147	4856.9765625	
24.791072	-8.54939300568375E-03	2.47746759464531E-05	0	5.90927142927	4856.9765625	
24.795168	-8.55266948372203E-03	2.566762433235E-05	0	5.9327584756	4856.9765625	
24.799264	-8.55329524668266E-03	2.59567399086187E-05	0	5.86651256906	4808.21484375	
24.80336	-8.55162724643562E-03	2.55482754132375E-05	0	5.95210658328	4808.21484375	
24.807456	-8.55222786550172E-03	2.57794475378344E-05	0	5.97753912151	4808.21484375	
24.811552	-8.55072106047672E-03	2.56516284348844E-05	0	5.96346291541	4760.07421875	
24.815648	-8.54994882290141E-03	2.55801688909594E-05	0	6.05088416614	4760.07421875	
24.819744	-8.55335102041234E-03	2.64346949595094E-05	0	6.07912050152	4760.07421875	
24.82384	-8.55415077912313E-03	2.66830170669562E-05	0	6.03997415274	4760.07421875	
24.827936	-8.55190657224578E-03	2.610160851375E-05	0	6.07459246449	4760.07421875	
24.832032	-8.55196499751344E-03	2.62296357895687E-05	0	6.14540074027	4760.078125	
24.836128	-8.54972307644469E-03	2.60098444228219E-05	0	6.1135747816	4760.078125	
24.840224	-8.54685941543844E-03	2.55973549314656E-05	0	6.17886701564	4711.8359375	
24.84432	-8.54925375422422E-03	2.63949889896E-05	0	6.24175218029	4711.8359375	
24.848416	-8.55134691486969E-03	2.7098320978575E-05	0	6.19324839694	4711.8359375	
24.852512	-8.55013031610375E-03	2.68079537208656E-05	0	6.23909334136	4711.8359375	
24.856608	-8.55074007840422E-03	2.69389124841375E-05	0	6.29479925943	4711.8359375	
24.860704	-8.54969052653031E-03	2.68668964503844E-05	0	6.27741190241	4664.015625	
24.8648	-8.54726464358594E-03	2.64298891950844E-05	0	6.32974563452	4664.015625	
24.868896	-8.54890228829484E-03	2.69645038047E-05	0	6.39665148243	4664.015625	
24.872992	-8.55077079967172E-03	2.76156485862469E-05	0	6.36769035595	4664.015625	
24.877088	-8.54862460826688E-03	2.71461185269312E-05	0	6.36976173262	4618.23828125	
24.881184	-8.54846560742109E-03	2.71995252042937E-05	0	6.46666630269	4618.23828125	
24.88528	-8.54787943466531E-03	2.73359676159281E-05	0	6.44467461484	4618.23828125	
24.889376	-8.54556957936516E-03	2.696813072415E-05	0	6.47034366385	4618.23828125	
24.893472	-8.54770004440687E-03	2.75680524799969E-05	0	6.56648911061	4618.23828125	
24.897568	-8.55131829654609E-03	2.85308262768375E-05	0	6.53714651513	4569.31640625	
24.901664	-8.55020977081047E-03	2.81899898388281E-05	0	6.53130622474	4569.31640625	
24.90576	-8.54967260579094E-03	2.79742314007406E-05	0	6.62892795653	4569.31640625	
24.909856	-8.54906979234859E-03	2.80339820621437E-05	0	6.61863210822	4569.31640625	
24.913952	-8.54613792281391E-03	2.75419991406656E-05	0	6.64216493083	4521.21484375	
24.918048	-8.54652696743656E-03	2.78151628098094E-05	0	6.72974639854	4521.21484375	
24.922144	-8.54995942905328E-03	2.88322425619594E-05	0	6.72682053131	4521.21484375	
24.92624	-8.54945024233094E-03	2.87132006136937E-05	0	6.68554558551	4521.21875	
24.930336	-8.54981578884125E-03	2.87061650438062E-05	0	6.79558031856	4521.21875	
24.934432	-8.55095933316453E-03	2.90727141964875E-05	0	6.80642548223	4472.859375	
24.938528	-8.54884276583906E-03	2.86252055093812E-05	0	6.8022407673	4472.859375	
24.942624	-8.54906960948391E-03	2.87331669398812E-05	0	6.90659542694	4472.859375	
24.94672	-8.55263775669875E-03	2.97289447902562E-05	0	6.9116842234	4472.859375	
24.950816	-8.55231938927781E-03	2.9642710741875E-05	0	6.86495808559	4472.859375	
24.954912	-8.55093629221391E-03	2.91743177006531E-05	0	6.96954544132	4425.45703125	
24.959008	-8.55106576041266E-03	2.93703653411438E-05	0	6.98129468652	4425.45703125	
24.963104	-8.54884834321203E-03	2.90430115819594E-05	0	6.97711378628	4425.45703125	
24.9672	-8.54876605410266E-03	2.91836347586437E-05	0	7.0750292492	4425.45703125	
24.971296	-8.55279995767656E-03	3.03474898447875E-05	0	7.09619314932	4379.6171875	
24.975392	-8.55329250371234E-03	3.04793413956281E-05	0	7.05448714355	4379.6171875	
24.979488	-8.55219202402297E-03	3.00144401778375E-05	0	7.14153836935	4379.6171875	
24.983584	-8.55261745871844E-03	3.01972729276969E-05	0	7.18074193848	4379.6171875	
24.98768	-8.55012455586609E-03	2.9770118306775E-05	0	7.1556336489	4379.6171875	
24.991776	-8.54819487625125E-03	2.94847296498562E-05	0	7.2466902992	4379.6171875	
24.995872	-8.55109063001016E-03	3.05023555553062E-05	0	7.29050582854	4330.6171875	
24.999968	-8.55223810592422E-03	3.09489303491156E-05	0	7.23505168001	4330.6171875	
25.004064	-8.55103778211547E-03	3.05700679875937E-05	0	7.32729851359	4330.6171875	
25.00816	-8.55200824501203E-03	3.08508054472406E-05	0	7.35783892173	4330.6171875	
25.012256	-0.008550861043395	3.07039183345125E-05	0	7.34871036856	4282.5390625	
25.016352	-8.54965102775781E-03	3.04845298519781E-05	0	7.42791859172	4282.5390625	
25.020448	-8.55262632765578E-03	3.13796469857062E-05	0	7.48069864256	4282.5390625	
25.024544	-8.55399744708266E-03	3.183410278125E-05	0	7.44885742513	4282.5390625	
25.02864	-8.55191470972438E-03	3.11887041478031E-05	0	7.49400046659	4282.5390625	
25.032736	-0.00855194652818	3.13181542587375E-05	0	7.57206428275	4282.5390625	
25.036832	-8.55008496566125E-03	3.11347991536312E-05	0	7.55111019058	4282.5390625	
25.040928	-8.54719030909047E-03	3.05962422402656E-05	0	7.60505372187	4234.16015625	
25.045024	-8.54960503728891E-03	3.15234853034062E-05	0	7.68956436413	4234.16015625	
25.04912	-8.55264753995953E-03	3.25153268596406E-05	0	7.65104362451	4234.16015625	
25.053216	-8.55188225124234E-03	3.21779574854719E-05	0	7.68830170174	4234.16015625	
25.057312	-8.55241932482953E-03	3.22578266363719E-05	0	7.76659058461	4234.16015625	
25.061408	-8.55186533625875E-03	3.22507934703281E-05	0	7.76342057722	4186.9609375	
25.065504	-8.54966757701203E-03	3.17513629601437E-05	0	7.82180059298	4186.9609375	
25.0696	-8.55114567228109E-03	3.22929516012469E-05	0	7.88978981285	4186.9609375	
25.073696	-8.55337086123094E-03	3.3078018845025E-05	0	7.8814547152	4140.8203125	
25.077792	-8.55136629852656E-03	3.25126417661719E-05	0	7.87380244706	4140.8203125	
25.081888	-8.55138092770156E-03	3.25906645246875E-05	0	7.98027425965	4140.8203125	
25.085984	-8.55163227521453E-03	3.29007288780844E-05	0	7.97802740724	4140.8203125	
25.09008	-8.54962506097219E-03	3.24993412987031E-05	0	8.00829697239	4140.8203125	
25.094176	-8.55124569926516E-03	3.30268116846937E-05	0	8.10774594069	4140.8203125	
25.098272	-8.55477306765469E-03	3.40913957162625E-05	0	8.10020048387	4091.640625	
25.102368	-8.55392868996016E-03	3.3728575886775E-05	0	8.08619294219	4091.640625	
25.106464	-8.55319915128937E-03	3.34399749734531E-05	0	8.20227777358	4091.640625	
25.11056	-8.55271565705562E-03	3.35348505997312E-05	0	8.19818461121	4091.640625	
25.114656	-8.54978131884766E-03	3.2962095884025E-05	0	8.21921118249	4043.7578125	
25.118752	-8.55018846707437E-03	3.33134606768906E-05	0	8.32469880506	4043.7578125	
25.122848	-8.55410012560469E-03	3.46153757211281E-05	0	8.33972105428	4043.7578125	
25.126944	-8.55403127704984E-03	3.45173887998844E-05	0	8.30436650736	4043.76171875	
25.13104	-8.55409299388188E-03	3.43857086431031E-05	0	8.42262952674	4043.76171875	
25.135136	-8.55501234609828E-03	3.47317433932219E-05	0	8.44512093898	3995.359375	
25.139232	-8.55270989681797E-03	3.41799896180531E-05	0	8.43932642487	3995.359375	
25.143328	-8.55232386946266E-03	3.41839939409719E-05	0	8.55239002178	3995.359375	
25.147424	-8.55560921643828E-03	3.52978332117469E-05	0	8.58307157345	3995.359375	
25.15152	-8.55547343940781E-03	3.52565092146094E-05	0	8.54168600164	3995.359375	
25.155616	-8.55405669524141E-03	3.47856106470469E-05	0	8.65818281955	3948.48046875	
25.159712	-8.55451733138922E-03	3.51375831316125E-05	0	8.67534892455	3948.48046875	
25.163808	-8.55259231482391E-03	3.48106974008062E-05	0	8.67684809772	3948.48046875	
25.167904	-8.55223426576578E-03	3.49045557204094E-05	0	8.78273244805	3948.48046875	
25.172	-8.55622638475859E-03	3.61838986718344E-05	0	8.82373273617	3948.48046875	
25.176096	-8.55704863582594E-03	3.6359957870775E-05	0	8.79245227817	3902.140625	
25.180192	-8.55575148516516E-03	3.57765894637594E-05	0	8.87990786111	3902.140625	
25.184288	-8.55634232097047E-03	3.60689396521781E-05	0	8.94297613088	3902.140625	
25.188384	-8.55418698633125E-03	3.56669775541406E-05	0	8.92811791333	3902.140625	
25.19248	-8.55211202072219E-03	3.53034038792531E-05	0	9.03170963497	3852.76171875	
25.196576	-8.55528106575656E-03	3.65150488214531E-05	0	9.08390985293	3852.76171875	
25.200672	-8.55718898447359E-03	3.71457087677156E-05	0	9.05138962068	3852.76171875	
25.204768	-8.55651192796813E-03	3.67373327337844E-05	0	9.13279129059	3852.76171875	
25.208864	-8.55786786962594E-03	3.71251984516875E-05	0	9.19118275042	3852.76171875	
25.21296	-8.55699085058469E-03	3.69611382792094E-05	0	9.19156040473	3852.76171875	
25.217056	-8.55543832938781E-03	3.6573815349225E-05	0	9.28476854019	3805.08203125	
25.221152	-8.55813210909937E-03	3.75231675248719E-05	0	9.34575398922	3805.08203125	
25.225248	-8.55967045828297E-03	3.80431650817969E-05	0	9.33947119479	3805.08203125	
25.229344	-8.55752792417188E-03	3.7253280054375E-05	0	9.36420945944	3805.08203125	
25.23344	-8.55763325423188E-03	3.74375015047687E-05	0	9.47672374099	3756.6640625	
25.237536	-8.55679088804891E-03	3.74938305349781E-05	0	9.46743115615	3756.6640625	
25.241632	-8.55473530609672E-03	3.70976852580469E-05	0	9.53181930866	3756.6640625	
25.245728	-8.55746767025734E-03	3.81567904489406E-05	0	9.61010437684	3756.6640625	
25.249824	-8.56092491003922E-03	3.92320090852594E-05	0	9.47767741349	3756.6640625	
25.25392	-8.56024355621359E-03	3.87364117443187E-05	0	9.53030869142	3756.6640625	
25.258016	-8.55986594063391E-03	3.85385314133531E-05	0	9.6351058551	3756.6640625	
25.262112	-8.55751750088469E-03	3.80737140897094E-05	0	9.59582980686	3756.6640625	
25.266208	-8.55481860096187E-03	3.75727179560906E-05	0	9.60559541326	3756.6640625	
25.270304	-8.55860408285781E-03	3.90837796661812E-05	0	9.60596543819	3756.6640625	
25.2744	-8.56215211495703E-03	4.02925630727812E-05	0	9.60724335934	3756.6640625	
25.278496	-8.55540824814672E-03	3.8065975395525E-05	0	9.60614472862	3756.6640625	
25.282592	-8.54811231284484E-03	3.63692441595656E-05	0	9.60290224212	3756.6640625	
25.286688	-8.54529893962766E-03	3.67446084476625E-05	0	9.61070709786	3756.6640625	
25.290784	-8.54361503015281E-03	3.72959853001312E-05	0	9.59270176106	3756.6640625	
25.29488	-8.54344789182844E-03	3.79783730792812E-05	0	9.59832461412	3756.6640625	
25.298976	-8.54117534092453E-03	3.7835183318625E-05	0	9.58830342349	3756.6640625	
25.303072	-8.53691495943516E-03	3.70317663335812E-05	0	9.58985218763	3756.6640625	
25.307168	-8.53620901030906E-03	3.75477898560188E-05	0	9.58738789789	3756.6640625	
25.311264	-8.53642296199344E-03	3.82508256914437E-05	0	9.57458198356	3756.6640625	
25.31536	-8.53402972039578E-03	3.78876246123375E-05	0	9.57033623359	3756.6640625	
25.319456	-8.53084906345375E-03	3.73998642827906E-05	0	9.55967036035	3756.6640625	
25.323552	-8.52811578496969E-03	3.72224781621E-05	0	9.56561364737	3756.6640625	
25.327648	-8.52588383002641E-03	3.72207279234656E-05	0	9.55864420874	3756.6640625	
25.331744	-8.52588931596703E-03	3.78702472258687E-05	0	9.55783167977	3756.6640625	
25.33584	-8.52456747857344E-03	3.79636805458969E-05	0	9.56521310492	3756.6640625	
25.339936	-8.52049288760656E-03	3.71282938812844E-05	0	9.56305780507	3756.6640625	
25.344032	-8.51765565054766E-03	3.68953051719656E-05	0	9.56622399777	3756.6640625	
25.348128	-8.51723103874328E-03	3.74974903870875E-05	0	9.5643815025	3756.6640625	
25.352224	-8.51721494665078E-03	3.80053922830312E-05	0	9.56119623635	3756.6640625	
25.35632	-8.51563124702469E-03	3.78709885712812E-05	0	9.55351726538	3756.6640625	
25.360416	-8.51258618424844E-03	3.73090787966531E-05	0	9.55132381863	3756.6640625	
25.364512	-8.51036730413031E-03	3.71929519897031E-05	0	9.54993908616	3756.6640625	
25.368608	-8.51031454766797E-03	3.7795933357875E-05	0	9.54312604982	3756.6640625	
25.372704	-8.51076695490484E-03	3.83232203305875E-05	0	9.54165357948	3756.6640625	
25.3768	-8.50920721055281E-03	3.80450362337719E-05	0	9.53475280527	3756.6640625	
25.380896	-8.50595779648828E-03	3.73403713134375E-05	0	9.53427215433	3756.6640625	
25.384992	-8.50346452790656E-03	3.71527349626125E-05	0	9.53442474193	3756.6640625	
25.389088	-8.50313948592453E-03	3.77021820093187E-05	0	9.53154083629	3756.6640625	
25.393184	-8.50575472525281E-03	0.00000654922422	0	9.53373046835	3756.6640625	
25.39728	-8.52677054089609E-03	0	0	9.53484054314	3756.6640625	
25.401376	-8.57428783851063E-03	0	0	9.54199690158	3756.6640625	
25.405472	-0.008648660004105	0	0	9.54111952288	3756.6640625	
25.409568	-8.74914268696875E-03	0	0	9.5370301752	3756.6640625	
25.413664	-8.87276360447125E-03	0	0	9.53233429181	3756.6640625	
25.41776	-9.01676314561344E-03	0	0	9.52472398526	3756.6640625	
25.421856	-9.18008883268641E-03	0	0	9.52373598055	3756.6640625	
25.425952	-9.36128963439484E-03	0	0	9.51935290174	3756.6640625	
25.430048	-9.55661938475062E-03	0	0	9.51733493073	3756.6640625	
25.434144	-9.76208157600844E-03	0	0	9.5162782616	3756.6640625	
25.43824	-9.97352837989406E-03	0	0	9.51386737752	3756.6640625	
25.442336	-0.010187766521802	0	0	9.51610278586	3756.6640625	
25.446432	-1.04023196481342E-02	0	0	9.51456546579	3756.6640625	
25.450528	-1.06137391137491E-02	0	0	9.51667498936	3756.6640625	
25.454624	-1.08178524950719E-02	0	0	9.51761721779	3756.6640625	
25.45872	-1.10111285835547E-02	0	0	9.51892947115	3756.6640625	
25.462816	-1.11909024006742E-02	0	0	9.51956652438	3756.6640625	
25.466912	-1.13554868368236E-02	0	0	9.51550769422	3756.6640625	
25.471008	-1.15029031132194E-02	0	0	9.51465701835	3756.6640625	
25.475104	-1.16299032787145E-02	0	0	9.50811101031	3756.6640625	
25.4792	-1.17346060214041E-02	0	0	9.50535680413	3756.6640625	
25.483296	-1.18167798345936E-02	0	0	9.50256826574	3756.6640625	
25.487392	-1.18760327478255E-02	0	0	9.49984076239	3756.6640625	
25.491488	-1.19118976332555E-02	0	0	9.49898627183	3756.6640625	
25.495584	-1.19233174415575E-02	0	0	9.49755957777	3756.6640625	
25.49968	-1.19102750748833E-02	0	0	9.49997427654	3756.6640625	
25.503776	-1.18742724923436E-02	0	0	9.50148489378	3702.58984375	
25.507872	-1.18165416533381E-02	0	0	9.50263311547	3702.58984375	
25.511968	-1.17382309481044E-02	0	0	9.49839118019	3702.58984375	
25.516064	-1.16407541949738E-02	0	0	9.45283615221	3702.58984375	
25.52016	-1.15258435796986E-02	0	0	9.40994759254	3702.58984375	
25.524256	-1.13965677545998E-02	0	0	9.42338674541	3702.58984375	
25.528352	-0.011254993822105	0	0	9.36330156322	3702.58984375	
25.532448	-1.11036746646839E-02	0	0	9.30908337425	3702.58984375	
25.536544	-1.09459833129298E-02	-3.2051583333E-06	0	9.30900326576	3702.58984375	
25.54064	-1.07858784215978E-02	-1.50904500537656E-05	0	9.25375892518	3716.890625	
25.544736	-1.06319534423798E-02	-1.56136101075281E-05	0	9.16870278225	3716.890625	
25.548832	-1.04898841294466E-02	-1.48177443168562E-05	0	9.07962214137	3716.890625	
25.552928	-1.03631726158606E-02	-1.11985787052562E-05	0	9.13702559649	3716.890625	
25.557024	-0.010248079135898	-7.744698024525E-06	0	9.01611518225	3763.1328125	
25.56112	-1.01438867685512E-02	-4.4152811616375E-06	0	8.97350890964	3763.1328125	
25.565216	-1.00550385771327E-02	1.82627726025937E-06	0	8.9638348558	3763.1328125	
25.569312	-9.97515038967219E-03	6.64907916822187E-06	0	8.85250694284	3763.1328125	
25.573408	-9.89780255845047E-03	8.01251674709062E-06	0	8.78972858951	3763.1328125	
25.577504	-9.82580187355594E-03	9.3486396898125E-06	0	8.82418668428	3812.87109375	
25.5816	-9.76000222164687E-03	1.14041907592594E-05	0	8.69784796617	3812.87109375	
25.585696	-9.69920858199047E-03	1.32301576832906E-05	0	8.66994350882	3812.87109375	
25.589792	-0.00964312498809	1.49654775825844E-05	0	8.65150329736	3812.87109375	
25.593888	-9.59073132928625E-03	1.63778066991E-05	0	8.52764794244	3812.87109375	
25.597984	-9.53600184839672E-03	1.45918010331844E-05	0	8.48594575136	3863.15234375	
25.60208	-9.48723101334937E-03	1.53328291383094E-05	0	8.5316304788	3863.15234375	
25.606176	-9.44517634111219E-03	1.78409316782812E-05	0	8.39626620415	3863.15234375	
25.610272	-9.40566970543063E-03	1.91333868762094E-05	0	8.39194797507	3863.15234375	
25.614368	-0.0093691673537	2.02038100846312E-05	0	8.37649085119	3863.15234375	
25.618464	-9.33463902627094E-03	2.09192533595719E-05	0	8.24738266814	3912.51171875	
25.62256	-9.29668939197109E-03	1.86515839926281E-05	0	8.23918871402	3912.51171875	
25.626656	-9.26614605181203E-03	2.02255069379344E-05	0	8.26462888163	3912.51171875	
25.630752	-9.23948008305438E-03	2.21949470358E-05	0	8.14397786631	3912.515625	
25.634848	-9.21254329169453E-03	2.21864294962406E-05	0	8.12526681186	3912.515625	
25.638944	-9.1871906571225E-03	2.22415152584625E-05	0	8.10459119206	3961.57421875	
25.64304	-9.16537005398953E-03	2.34790101748125E-05	0	7.98355489305	3961.57421875	
25.647136	-9.14013490997922E-03	2.17646164565156E-05	0	7.96122751248	3961.57421875	
25.651232	-9.11975838928344E-03	2.26271362670719E-05	0	7.99366763624	3961.57421875	
25.655328	-9.10164481909547E-03	2.36875441008937E-05	0	7.87782694501	3961.57421875	
25.659424	-9.08294215031672E-03	2.32980750192094E-05	0	7.86749676449	4009.75390625	
25.66352	-9.06783533275297E-03	2.43631785214125E-05	0	7.85580092495	4009.75390625	
25.667616	-9.05452406355578E-03	2.54466221495063E-05	0	7.74525502344	4009.75390625	
25.671712	-9.03527115493234E-03	2.26589564275594E-05	0	7.73017936856	4009.75390625	
25.675808	-9.01983298655484E-03	2.26589121968344E-05	0	7.77027176046	4009.75390625	
25.679904	-9.00730556684063E-03	2.36914909719469E-05	0	7.66217488993	4056.8359375	
25.684	-8.99550174269484E-03	2.40368961553875E-05	0	7.6405570417	4056.8359375	
25.688096	-8.98701846697703E-03	2.54258315452969E-05	0	7.63156200268	4056.8359375	
25.692192	-8.97945719501359E-03	2.64452374970437E-05	0	7.51753710389	4106.75390625	
25.696288	-8.96529030194359E-03	2.3420455425675E-05	0	7.48004251588	4106.75390625	
25.700384	-8.95493504041984E-03	2.34423736729875E-05	0	7.5310372918	4106.75390625	
25.70448	-8.94718550926062E-03	2.454824083635E-05	0	7.41330832902	4106.75390625	
25.708576	-8.93847740140953E-03	2.41967255628656E-05	0	7.4010326566	4106.75390625	
25.712672	-0.008932226080635	2.49361553522812E-05	0	7.39022563983	4155.59375	
25.716768	-8.92658900234578E-03	2.55069076661437E-05	0	7.29766218698	4155.59375	
25.720864	-8.91497746041891E-03	2.26467624493687E-05	0	7.25504065561	4155.59375	
25.72496	-8.90758890415281E-03	2.29022177227594E-05	0	7.30732098206	4155.59375	
25.729056	-8.90343622996437E-03	2.44736750455312E-05	0	7.21136245511	4155.59765625	
25.733152	-8.8982030083375E-03	2.44172952942187E-05	0	7.18642964127	4203.6171875	
25.737248	-8.89413408617594E-03	2.47591108177875E-05	0	7.19852602326	4203.6171875	
25.741344	-8.89087223731266E-03	2.5243745910075E-05	0	7.10767155153	4203.6171875	
25.74544	-8.88202432940797E-03	2.27027852298844E-05	0	7.04319947584	4203.6171875	
25.749536	-0.008875792575155	2.23893975625031E-05	0	7.10040456708	4251.73828125	
25.753632	-8.87238242303016E-03	2.34766296483469E-05	0	7.00900459468	4251.73828125	
25.757728	-8.86748192370219E-03	2.29925897477719E-05	0	6.96780975737	4251.73828125	
25.761824	-8.86543447922859E-03	2.39248955462344E-05	0	6.97251708483	4251.73828125	
25.76592	-8.86534725277266E-03	2.52597019037344E-05	0	6.90476056105	4251.73828125	
25.770016	-8.85923180046094E-03	2.30243139948937E-05	0	6.82713924893	4251.73828125	
25.774112	-8.85354873170281E-03	2.188502811495E-05	0	6.88609909757	4251.73828125	
25.778208	-8.85102839914734E-03	2.28265358272875E-05	0	6.82400357375	4297.796875	
25.782304	-8.84753952377453E-03	2.25653303192625E-05	0	6.76054239091	4297.796875	
25.7864	-8.84581355542156E-03	2.30822677830937E-05	0	6.79030841698	4297.796875	
25.790496	-0.008845679881335	2.40722994853687E-05	0	6.7081705119	4297.796875	
25.794592	-8.84011521746203E-03	2.19841720061906E-05	0	6.62615086221	4347.23828125	
25.798688	-8.83487559557109E-03	2.07695258650687E-05	0	6.69852697558	4347.23828125	
25.802784	-8.83438643253203E-03	2.2422798731025E-05	0	6.64447281828	4347.23828125	
25.80688	-8.83245236416469E-03	2.23157601361406E-05	0	6.56481827639	4347.23828125	
25.810976	-8.83207118272359E-03	2.28604862741062E-05	0	6.58314786184	4347.23828125	
25.815072	-8.83317723978594E-03	2.38545186935344E-05	0	6.52537438179	4395.8984375	
25.819168	-8.82901962825094E-03	2.19757869184219E-05	0	6.42914119716	4395.8984375	
25.823264	-8.82375998267672E-03	2.02819763526188E-05	0	6.48565582951	4395.8984375	
25.82736	-8.82360921074188E-03	2.18177738552812E-05	0	6.45920095436	4395.8984375	
25.831456	-8.82196653725406E-03	2.16951189298594E-05	0	6.36898353586	4443.44140625	
25.835552	-8.82123260983078E-03	2.19372182069906E-05	0	6.40492554504	4443.44140625	
25.839648	-8.82252875473578E-03	2.29498034924812E-05	0	6.35470896588	4443.44140625	
25.843744	-8.81977910986219E-03	2.16936626813156E-05	0	6.25382567414	4443.44140625	
25.84784	-8.81493886444875E-03	1.98458275099219E-05	0	6.30534306259	4443.44140625	
25.851936	-8.81485218658687E-03	2.11422632327156E-05	0	6.30464497432	4443.44140625	
25.856032	-8.81284808104422E-03	2.07597032787375E-05	0	6.19653665972	4443.44140625	
25.860128	-8.8119523183725E-03	2.09276148896719E-05	0	6.22422749443	4491.44140625	
25.864224	-8.81362242156344E-03	2.21791876765594E-05	0	6.19225276285	4491.44140625	
25.86832	-8.81152304351859E-03	2.11428002514094E-05	0	6.08251557562	4491.44140625	
25.872416	-8.80540685974813E-03	1.85392151146125E-05	0	6.10815410711	4491.44140625	
25.876512	-8.80507870906641E-03	1.98678899878594E-05	0	6.11830881189	4537.44140625	
25.880608	-8.80427895035562E-03	2.01765959291531E-05	0	6.01654814145	4537.44140625	
25.884704	-8.80448293591453E-03	2.06354817683438E-05	0	6.04235070461	4537.44140625	
25.8888	-8.80649627612391E-03	2.16453221046562E-05	0	6.02749248706	4537.44140625	
25.892896	-8.80551036116125E-03	2.09303223388875E-05	0	5.92285554036	4586.66015625	
25.896992	-8.79972452244875E-03	1.82069248219031E-05	0	5.94337857256	4586.66015625	
25.901088	-8.79914749292734E-03	1.9212301941525E-05	0	5.97237403125	4586.66015625	
25.905184	-8.79786314279469E-03	1.93120741975219E-05	0	5.86868694236	4586.66015625	
25.90928	-8.79644676435766E-03	1.9080955919025E-05	0	5.87955499417	4586.66015625	
25.913376	-0.008797941957475	2.02076170519781E-05	0	5.86793926312	4635.26171875	
25.917472	-8.79832158456625E-03	2.03621938204781E-05	0	5.76395462841	4635.26171875	
25.921568	-8.7934581153375E-03	1.79238361626844E-05	0	5.76522492018	4635.26171875	
25.925664	-8.79307931113734E-03	1.86682873413094E-05	0	5.8030590156	4635.26171875	
25.92976	-8.79291134992187E-03	1.91393421587156E-05	0	5.71268138012	4635.26171875	
25.933856	-8.79231191947625E-03	1.9002121382475E-05	0	5.70015393816	4682.90234375	
25.937952	-8.79362241925922E-03	1.97641372069969E-05	0	5.70768413622	4682.90234375	
25.942048	-8.79410298765797E-03	1.98617938401094E-05	0	5.61462095898	4682.90234375	
25.946144	-8.78881015214297E-03	1.72195363862156E-05	0	5.58526691943	4682.90234375	
25.95024	-8.78756072916563E-03	1.75544442243844E-05	0	5.65524359279	4682.90234375	
25.954336	-8.78796650590719E-03	1.85105788451719E-05	0	5.57642065332	4730.5625	
25.958432	-8.78731751913125E-03	1.83356727700781E-05	0	5.55255213799	4730.5625	
25.962528	-8.78898277640797E-03	1.92347305248656E-05	0	5.55851449846	4730.5625	
25.966624	-8.79071404783687E-03	1.98219020530781E-05	0	5.4878893278	4730.5625	
25.97072	-8.78588075128156E-03	1.71721383566906E-05	0	5.43805803233	4730.5625	
25.974816	-8.78311976879734E-03	1.65586882489875E-05	0	5.49803258851	4776.7421875	
25.978912	-8.78318066273828E-03	1.75819663122469E-05	0	5.44118607813	4776.7421875	
25.983008	-8.78207707434922E-03	1.73514862542656E-05	0	5.3915302584	4776.7421875	
25.987104	-0.008783020198975	1.80780504315469E-05	0	5.41403311471	4776.7421875	
25.9912	-0.008784799106655	1.88846852018344E-05	0	5.34710819335	4776.7421875	
25.995296	-8.78103931724766E-03	1.68371963839406E-05	0	5.27190920938	4825.80078125	
25.999392	-8.77880763660141E-03	1.62443763036844E-05	0	5.34901935304	4825.80078125	
26.003488	-8.78006894578344E-03	1.75957018754344E-05	0	5.30130521052	4825.80078125	
26.007584	-8.77908312225312E-03	1.71302787831656E-05	0	5.24782325672	4825.80078125	
26.01168	-8.77977435077188E-03	1.7572957427025E-05	0	5.27531954224	4825.80078125	
26.015776	-8.78189128382672E-03	1.84745327273719E-05	0	5.23602060586	4874.18359375	
26.019872	-8.77817254754172E-03	1.64549421988875E-05	0	5.14782497306	4874.18359375	
26.023968	-8.77360275900109E-03	1.48048289451562E-05	0	5.21264800023	4874.18359375	
26.028064	-8.77381040185375E-03	1.60930190031188E-05	0	5.18177952875	4874.18359375	
26.03216	-8.77294481185547E-03	1.61106639373969E-05	0	5.10355168092	4922.00390625	
26.036256	-8.77396364246187E-03	1.67954827237312E-05	0	5.14000485856	4922.00390625	
26.040352	-8.77672645359297E-03	1.7959353194475E-05	0	5.10472660544	4922.00390625	
26.044448	-8.77466456280906E-03	1.65492459507375E-05	0	4.99485208937	4922.00390625	
26.048544	-8.77067582681297E-03	1.47644761008937E-05	0	5.06555355383	4922.00390625	
26.05264	-8.77150923262625E-03	1.60510387566375E-05	0	5.0627039804	4969.42578125	
26.056736	-8.77032920679781E-03	1.57320609506156E-05	0	4.96723373377	4969.42578125	
26.060832	-8.76996923766047E-03	1.57743347064187E-05	0	5.00376320521	4969.42578125	
26.064928	-8.77213206975187E-03	1.68942343076719E-05	0	4.98417858675	4969.42578125	
26.069024	-8.77077466517656E-03	1.60617274478719E-05	0	4.87707353562	4969.42578125	
26.07312	-8.76631532690719E-03	1.40521335440062E-05	0	4.92173211145	5015.68359375	
26.077216	-8.76747039170578E-03	1.54659931878375E-05	0	4.94142354123	5015.68359375	
26.081312	-8.76746097417437E-03	1.56687518793094E-05	0	4.84755927909	5015.68359375	
26.085408	-8.76765179347578E-03	1.57138859687906E-05	0	4.86492374797	5015.68359375	
26.089504	-8.76968991185031E-03	1.65360555793125E-05	0	4.85717992727	5064.84375	
26.0936	-8.76870673985797E-03	1.58371925762531E-05	0	4.75568247044	5064.84375	
26.097696	-8.76305366090859E-03	1.32807429692437E-05	0	4.769125438	5064.84375	
26.101792	-8.76242104052219E-03	1.40456691273937E-05	0	4.81648099966	5064.84375	
26.105888	-8.76209060403188E-03	1.454391237915E-05	0	4.72233445046	5064.84375	
26.109984	-8.76189823038062E-03	1.46661913434094E-05	0	4.73455290253	5064.84375	
26.11408	-8.76470712341297E-03	1.59531371718469E-05	0	4.72934203599	5113.10546875	
26.118176	-8.76587782314234E-03	1.61003504861719E-05	0	4.64590713631	5113.10546875	
26.122272	-8.76110084891078E-03	1.35401984790187E-05	0	4.63998673743	5113.10546875	
26.126368	-8.76019027419937E-03	1.37708910367875E-05	0	4.6970659439	5113.10546875	
26.130464	-8.76013605481953E-03	1.43134313596312E-05	0	4.61042670462	5113.10546875	
26.13456	-8.75955463654562E-03	1.41881867733375E-05	0	4.60536842568	5160.88671875	
26.138656	-8.76110542052797E-03	1.49926650553969E-05	0	4.62507511422	5160.88671875	
26.142752	-8.76198865696859E-03	1.52350573610812E-05	0	4.54138081562	5160.88671875	
26.146848	-8.75703997279547E-03	1.28316335625844E-05	0	4.50013257265	5160.88671875	
26.150944	-8.75573605614125E-03	1.29436276813594E-05	0	4.5777424407	5207.88671875	
26.15504	-8.75639683768953E-03	1.39250084307469E-05	0	4.50124264744	5207.88671875	
26.159136	-8.75507737753688E-03	1.34114101462687E-05	0	4.47669511729	5207.88671875	
26.163232	-8.75599325532422E-03	1.40015650849594E-05	0	4.49621870071	5207.88671875	
26.167328	-8.75756077142547E-03	1.46977016484375E-05	0	4.43840707376	5207.88671875	
26.171424	-8.75316159563828E-03	1.25370583763906E-05	0	4.37893987135	5254.42578125	
26.17552	-8.75025002408391E-03	1.18164816931219E-05	0	4.4541846316	5254.42578125	
26.179616	-8.75025240132484E-03	1.27301298179344E-05	0	4.40208359558	5254.42578125	
26.183712	-8.74903900269094E-03	1.25070867717469E-05	0	4.35144358583	5254.42578125	
26.187808	-8.75047055889703E-03	1.33825556078156E-05	0	4.3952476711	5254.42578125	
26.191904	-8.75323711875422E-03	1.44724417775437E-05	0	4.3458092887	5303.60546875	
26.196	-8.74988722054391E-03	0.000012565295127	0	4.25970029133	5303.60546875	
26.200096	-8.74675602849984E-03	1.14354166895719E-05	0	4.33817227932	5303.60546875	
26.204192	-8.74765700281516E-03	1.26091900350281E-05	0	4.30894412454	5303.60546875	
26.208288	-8.74657517532391E-03	1.22952112624687E-05	0	4.2402568164	5303.60546875	
26.212384	-8.74685468399875E-03	1.25636785420781E-05	0	4.27335688153	5303.60546875	
26.21648	-8.74887497306625E-03	1.34957276100281E-05	0	4.23594240201	5351.84765625	
26.220576	-8.74573344916734E-03	1.19312933571562E-05	0	4.14632770453	5351.84765625	
26.224672	-8.74128069402672E-03	1.03272026535562E-05	0	4.21688802546	5351.84765625	
26.228768	-8.74181475034656E-03	1.15479088847719E-05	0	4.20951804438	5399.84765625	
26.232864	-8.74122089727391E-03	1.16358813929531E-05	0	4.12050225323	5399.84765625	
26.23696	-8.74195061880938E-03	1.20662797606312E-05	0	4.17272154464	5399.84765625	
26.241056	-8.74471361280516E-03	1.3168869523425E-05	0	4.14131138718	5399.84765625	
26.245152	-8.74283998121703E-03	1.20086641932469E-05	0	4.03931802065	5399.84765625	
26.249248	-8.73820216701266E-03	1.00520356210312E-05	0	4.09720212671	5399.84765625	
26.253344	-8.73853050055906E-03	1.10425007363344E-05	0	4.12363411372	5446.38671875	
26.25744	-8.73746842245406E-03	1.0978933251825E-05	0	4.02165219126	5446.38671875	
26.261536	-8.73670779678641E-03	1.08869513726531E-05	0	4.05356970249	5446.38671875	
26.265632	-8.73913861707734E-03	1.2106397508975E-05	0	4.03967278682	5446.38671875	
26.269728	-8.73872826871859E-03	1.17522774304031E-05	0	3.93759168242	5493.40625	
26.273824	-8.73436548300422E-03	9.7881969425625E-06	0	3.96706779205	5493.40625	
26.27792	-8.7346868676925E-03	1.05794442282375E-05	0	4.01388548242	5493.40625	
26.282016	-8.73412913039563E-03	1.06908794533406E-05	0	3.91421907679	5493.40625	
26.286112	-8.73333604624594E-03	1.0473764526225E-05	0	3.93879712446	5493.40625	
26.290208	-8.73507938674422E-03	1.1339875198575E-05	0	3.9451142511	5542.52734375	
26.294304	-8.73444420625219E-03	1.10375541066656E-05	0	3.85025435487	5542.52734375	
26.2984	-8.72857388405406E-03	8.62375988584688E-06	0	3.84141190345	5542.52734375	
26.302496	-8.72728029925469E-03	9.01041046073437E-06	0	3.91759889213	5542.52734375	
26.306592	-0.008727037272085	9.65519274864375E-06	0	3.82492481327	5542.52734375	
26.310688	-8.72652479379828E-03	9.67800450467812E-06	0	3.82577548914	5542.52734375	
26.314784	-8.72870262079406E-03	1.07002272805312E-05	0	3.84371597621	5590.62890625	
26.31888	-0.00872955641602	1.08691203808687E-05	0	3.76409576653	5590.62890625	
26.322976	-8.72452644849328E-03	8.5950039049875E-06	0	3.74192478825	5590.62890625	
26.327072	-8.72305146192391E-03	8.5788250750125E-06	0	3.80962409168	5590.62890625	
26.331168	-8.72310613846547E-03	9.278423413875E-06	0	3.73018698712	5638.5078125	
26.335264	-8.72151759292516E-03	8.83128299563125E-06	0	3.71020182621	5638.5078125	
26.33936	-8.72245788314828E-03	9.46859870446875E-06	0	3.74828387648	5638.5078125	
26.343456	-8.72381144756516E-03	1.00950891837469E-05	0	3.66611926857	5638.5078125	
26.347552	-8.71940696870203E-03	8.16346274999062E-06	0	3.62482906401	5638.5078125	
26.351648	-8.71754760055953E-03	7.88362312598438E-06	0	3.70998057419	5684.75	
26.355744	-8.71810972660891E-03	8.78100203629687E-06	0	3.65670842834	5684.75	
26.35984	-8.71671254896406E-03	8.3693406691125E-06	0	3.61236647178	5684.75	
26.363936	-8.71783067509578E-03	8.96953213622812E-06	0	3.64380714676	5684.75	
26.368032	-8.72022419099047E-03	9.91248023174062E-06	0	3.5921791323	5684.75	
26.372128	-8.71629497745016E-03	8.06233833188437E-06	0	3.53317350738	5732.34765625	
26.376224	-8.71257706405625E-03	6.90567458470312E-06	0	3.6062171915	5732.34765625	
26.38032	-8.71237856443797E-03	7.7034721042125E-06	0	3.57503591544	5732.34765625	
26.384416	-8.71098934140703E-03	7.54626673257187E-06	0	3.51133440713	5732.34765625	
26.388512	-8.71188665842859E-03	8.1645081816375E-06	0	3.55817880033	5732.34765625	
26.392608	-8.71436849796734E-03	9.16553434407187E-06	0	3.51128100147	5781.34765625	
26.396704	-8.71117705200875E-03	7.67058295440937E-06	0	3.42796054249	5781.34765625	
26.4008	-8.70769192536203E-03	6.4731964114125E-06	0	3.50305652983	5781.34765625	
26.404896	-8.70871706480016E-03	7.61174022479062E-06	0	3.50725650352	5781.34765625	
26.408992	-8.70752222693203E-03	7.36348638650625E-06	0	3.4247905351	5781.34765625	
26.413088	-8.70664895661688E-03	7.18349449919062E-06	0	3.46910197414	5829.34765625	
26.417184	-8.70765023221328E-03	7.80709147174687E-06	0	3.44239914414	5829.34765625	
26.42128	-8.70412679541453E-03	6.57565472241562E-06	0	3.35168963063	5829.34765625	
26.425376	-8.69904160275219E-03	5.03478799405313E-06	0	3.40834540651	5829.34765625	
26.429472	-8.69942378994906E-03	6.19633539019687E-06	0	3.41536443611	5877.25	
26.433568	-8.69871043480312E-03	6.3916013007E-06	0	3.33038458698	5877.25	
26.437664	-8.69872076665797E-03	6.56267204309062E-06	0	3.37442899772	5877.25	
26.44176	-0.00870152691672	7.68332164359375E-06	0	3.36607101193	5877.25	
26.445856	-8.70041967103719E-03	7.0592852484E-06	0	3.26863619995	5877.25	
26.449952	-8.69524103451953E-03	5.01851926032187E-06	0	3.31255091123	5923.1484375	
26.454048	-8.69438806218469E-03	5.44251595170937E-06	0	3.34751635977	5923.1484375	
26.458144	-8.69260933736937E-03	5.37510279796875E-06	0	3.25426626272	5923.1484375	
26.46224	-8.69096373804656E-03	5.16043546455937E-06	0	3.28558486762	5923.1484375	
26.466336	-8.69308761995953E-03	6.3325177059375E-06	0	3.28416580294	5923.1484375	
26.470432	-8.69283800966109E-03	6.30519201210937E-06	0	3.19852219775	5923.1484375	
26.474528	-8.68764840126219E-03	4.31737188454687E-06	0	3.22168118074	5971.2109375	
26.478624	-8.68697957366766E-03	4.71216139360312E-06	0	3.26896807798	5971.2109375	
26.48272	-8.68644533448312E-03	5.08727616271875E-06	0	3.18179096741	5971.2109375	
26.486816	-8.68514544085203E-03	4.82717858627812E-06	0	3.19089663244	5971.2109375	
26.490912	-8.68641653329484E-03	5.5317627374625E-06	0	3.21529538968	6020.109375	
26.495008	-8.68592243290922E-03	5.4661704953625E-06	0	3.11525132974	6020.109375	
26.499104	-8.67984410212906E-03	3.31257986049375E-06	0	3.11044100565	6020.109375	
26.5032	-8.67821816076016E-03	3.47951527048125E-06	0	3.19009554754	6020.109375	
26.507296	-8.67804544506281E-03	4.19452801700625E-06	0	3.1130540683	6020.109375	
26.511392	-8.67640359446609E-03	3.89130019523437E-06	0	3.10300617484	6020.109375	
26.515488	-8.67757776862453E-03	4.567901201325E-06	0	3.12232757969	6020.109375	
26.519584	-8.67841730040484E-03	5.00757071357812E-06	0	3.05257597304	6068.08984375	
26.52368	-8.67311459019672E-03	3.0681536626125E-06	0	3.0246295541	6068.08984375	
26.527776	-8.67066996362188E-03	2.71416050699062E-06	0	3.10495166674	6068.08984375	
26.531872	-8.67047429840625E-03	3.42841339850625E-06	0	3.04780761054	6068.08984375	
26.535968	-8.66849378240828E-03	3.05891088339375E-06	0	3.01584813772	6115.87109375	
26.540064	-8.66873342658125E-03	3.4653859576875E-06	0	3.05862607138	6115.87109375	
26.54416	-8.66988154252172E-03	4.117982420475E-06	0	2.99149515676	6115.87109375	
26.548256	-8.66494593317375E-03	2.43785164868438E-06	0	2.93095602646	6115.87109375	
26.552352	-8.66170090786172E-03	1.75872348165937E-06	0	3.01981923001	6115.87109375	
26.556448	-8.66178411129453E-03	2.6110906581375E-06	0	2.96879775126	6161.80859375	
26.560544	-8.66018889119313E-03	2.41651729501875E-06	0	2.93285192739	6161.80859375	
26.56464	-8.66068747176359E-03	2.83171135097812E-06	0	2.96962935368	6161.80859375	
26.568736	-8.66269139444156E-03	3.68952780085312E-06	0	2.93044867269	6161.80859375	
26.572832	-8.65813833801984E-03	2.08807315230938E-06	0	2.85610417928	6161.80859375	
26.576928	-8.65339318224391E-03	7.97797279125E-07	0	2.93213476567	6210.08984375	
26.581024	-8.65320556307453E-03	1.64054667675937E-06	0	2.91620462023	6210.08984375	
26.58512	-8.65158620483437E-03	1.59158061995625E-06	0	2.84697562611	6210.08984375	
26.589216	-8.65150985882734E-03	1.86798995893125E-06	0	2.90014096064	6210.08984375	
26.593312	-8.65377866100516E-03	2.84223634045312E-06	0	2.87147356529	6210.08984375	
26.597408	-8.65096455632922E-03	1.88529547047187E-06	0	2.77693028833	6210.08984375	
26.601504	-8.64664840111016E-03	5.763446159625E-07	0	2.85924748384	6258.890625	
26.6056	-8.64631695886406E-03	1.16209907828437E-06	0	2.85553197578	6258.890625	
26.609696	-8.64382341598531E-03	8.198001417375E-07	0	2.77364965493	6258.890625	
26.613792	-8.64199376335453E-03	6.080455458E-07	0	2.82160412292	6258.890625	
26.617888	-8.64332629833234E-03	1.49643936894375E-06	0	2.80260696672	6306.66796875	
26.621984	-8.64063197002672E-03	8.82309454228125E-07	0	2.70483646202	6306.66796875	
26.62608	-8.63532861979219E-03	-5.72191014346875E-07	0	2.76715323786	6306.66796875	
26.630176	-8.63490428228484E-03	6.09182083125E-08	0	2.79130022556	6306.66796875	
26.634272	-0.0086336709514	2.360997639E-07	0	2.70165501056	6306.66796875	
26.638368	-8.63281395604203E-03	2.417968735875E-07	0	2.74077465651	6354.328125	
26.642464	-8.63484320547922E-03	1.12776593954062E-06	0	2.73916867202	6354.328125	
26.64656	-8.63308505294125E-03	6.71797164740625E-07	0	2.63727830212	6354.328125	
26.650656	-8.62701156807531E-03	-1.12926088996875E-06	0	2.67455926749	6354.328125	
26.654752	-8.62549241968391E-03	-8.997154464375E-07	0	2.73470167003	6354.328125	
26.658848	-8.62376882857187E-03	-7.0775169609375E-07	0	2.64124939441	6400.12890625	
26.662944	-8.6214453498525E-03	-1.00656966650625E-06	0	2.66544978777	6400.12890625	
26.66704	-8.62285907675156E-03	-1.3906572631875E-07	0	2.66789500406	6400.12890625	
26.671136	-0.0086222016782	-5.8959556425E-08	0	2.57825741844	6400.12890625	
26.675232	-8.61650718039891E-03	-1.66778414952187E-06	0	2.58934290758	6400.12890625	
26.679328	-8.61480288151141E-03	-1.62072674465625E-06	0	2.66268032283	6448.96875	
26.683424	-8.61386835152594E-03	-1.21470407375625E-06	0	2.57924923784	6448.96875	
26.68752	-8.61158254293219E-03	-1.54652225155312E-06	0	2.58146175804	6448.96875	
26.691616	-8.61229617237516E-03	-9.72250229671875E-07	0	2.61061361902	6448.96875	
26.695712	-8.61168485572484E-03	-8.27190278578125E-07	0	2.52458854483	6497.48828125	
26.699808	-8.60552112713562E-03	-2.46565522665E-06	0	2.49631787724	6497.48828125	
26.703904	-8.60288110964219E-03	-2.65283652985312E-06	0	2.59493524312	6497.48828125	
26.708	-8.60204733809953E-03	-2.10500799114375E-06	0	2.51625344718	6497.48828125	
26.712096	-8.59940466906813E-03	-2.4411215973375E-06	0	2.503962516	6497.48828125	
26.716192	-8.60007322236563E-03	-1.8630106369875E-06	0	2.53259939383	6545.84765625	
26.720288	-8.60063059393312E-03	-1.35562773090937E-06	0	2.47398668198	6545.84765625	
26.724384	-8.59465037005781E-03	-2.93228048117812E-06	0	2.42635264795	6545.84765625	
26.72848	-8.59066245695281E-03	-3.60664567219687E-06	0	2.52225776924	6545.84765625	
26.732576	-8.58988400197813E-03	-2.98272562304062E-06	0	2.45659551027	6545.84765625	
26.736672	-8.58723831567938E-03	-3.21399318023437E-06	0	2.42596736426	6593.46875	
26.740768	-8.58666613207219E-03	-2.95795834011562E-06	0	2.47765259907	6593.46875	
26.744864	-8.58698815678688E-03	-2.43377328737812E-06	0	2.41911618102	6593.46875	
26.74896	-8.58169577843359E-03	-3.66333648089062E-06	0	2.3512604753	6593.46875	
26.753056	-8.57823478992563E-03	-4.20027200164687E-06	0	2.4481917482	6639.41015625	
26.757152	-8.57799459715859E-03	-3.51495537927187E-06	0	2.41580121541	6639.41015625	
26.761248	-0.00857498455297	-3.89429826915937E-06	0	2.35485391328	6639.41015625	
26.765344	-8.57388507903641E-03	-3.83786395059375E-06	0	2.40298004232	6639.41015625	
26.76944	-8.57486121073828E-03	-3.10067430316875E-06	0	2.36067131553	6639.41015625	
26.773536	-8.56975773160719E-03	-4.22850730995E-06	0	2.29079000942	6639.41015625	
26.777632	-8.56403616983234E-03	-5.3987321012625E-06	0	2.37233663755	6688.2890625	
26.781728	-8.56277632356781E-03	-4.86180884010937E-06	0	2.35833672525	6688.2890625	
26.785824	-8.56014608933516E-03	-4.90919845618125E-06	0	2.28335136392	6688.2890625	
26.78992	-8.55919830165984E-03	-4.71191019193125E-06	0	2.33742840936	6688.2890625	
26.794016	-8.56071424991922E-03	-3.86695334458125E-06	0	2.3097566481	6736.46875	
26.798112	-8.55694522584516E-03	-4.65020953247812E-06	0	2.221293987	6736.46875	
26.802208	-0.008551615908825	-5.82622614492187E-06	0	2.29501668594	6736.46875	
26.806304	-8.55018087818984E-03	-5.4819147103875E-06	0	2.31974732121	6736.46875	
26.8104	-8.54685402093016E-03	-5.7114173655E-06	0	2.22769885151	6736.46875	
26.814496	-8.54406131142266E-03	-5.96962311690937E-06	0	2.27368493946	6784.76953125	
26.818592	-8.54494180489297E-03	-5.14715759322187E-06	0	2.25741147192	6784.76953125	
26.822688	-8.54157563172547E-03	-5.60983669785E-06	0	2.16905943683	6784.76953125	
26.826784	-8.53534296314906E-03	-6.93296374010625E-06	0	2.21607930577	6784.76953125	
26.83088	-8.53413715339969E-03	-6.50295527588437E-06	0	2.25704907637	6784.76953125	
26.834976	-8.53262861116016E-03	-6.2024236052625E-06	0	2.1638447556	6832.06640625	
26.839072	-8.53058436681859E-03	-6.36849050650312E-06	0	2.20619925867	6832.06640625	
26.843168	-8.53141987557578E-03	-5.74653511884375E-06	0	2.20923193722	6832.06640625	
26.847264	-8.52870442639875E-03	-6.11299340623125E-06	0	2.11877419325	6832.06640625	
26.85136	-8.52222991927313E-03	-7.538886691875E-06	0	2.13328145932	6832.06640625	
26.855456	-8.52000134732656E-03	-7.43983631015625E-06	0	2.20489844938	6832.06640625	
26.859552	-8.51772769923453E-03	-7.26083336415937E-06	0	2.11276224181	6878.12890625	
26.863648	-8.51444326658234E-03	-7.615921230225E-06	0	2.13685200916	6878.12890625	
26.867744	-8.51533573768969E-03	-6.8657614034625E-06	0	2.15216417482	6878.12890625	
26.87184	-8.51419941652156E-03	-6.71918775195937E-06	0	2.07963547385	6927.16796875	
26.875936	-8.50768403913828E-03	-8.16249424134375E-06	0	2.07735810392	6927.16796875	
26.880032	-8.50439073754875E-03	-8.44613169809062E-06	0	2.14323017084	6927.16796875	
26.884128	-8.50254910728094E-03	-8.10378540582187E-06	0	2.06922518484	6927.16796875	
26.888224	-8.49909451903703E-03	-8.44670741866875E-06	0	2.06173313368	6927.16796875	
26.89232	-8.49894310707578E-03	-7.964293958775E-06	0	2.10102062599	6975.08984375	
26.896416	-0.00849764888225	-7.78150303579687E-06	0	2.03395074641	6975.08984375	
26.900512	-8.49091077567734E-03	-9.16544444031562E-06	0	1.99754715974	6975.08984375	
26.904608	-8.48722248636281E-03	-9.50117631612187E-06	0	2.09099943536	6975.08984375	
26.908704	-8.48568733731125E-03	-9.04400513867812E-06	0	2.02615733474	6975.08984375	
26.9128	-8.48198917330359E-03	-9.4096377057375E-06	0	1.99785233494	7023.56640625	
26.916896	-8.48122516463922E-03	-9.10583945184375E-06	0	2.04122917493	7023.56640625	
26.920992	-8.48080521588438E-03	-8.66316705797812E-06	0	1.97998814167	7023.56640625	
26.925088	-8.47460875451609E-03	-9.88085983066875E-06	0	1.93546689468	7023.56640625	
26.929184	-8.46978743559781E-03	-1.05820033602937E-05	0	2.02284236913	7023.56640625	
26.93328	-8.46790639798984E-03	-1.018111674195E-05	0	1.98645404122	7023.56640625	
26.937376	-8.46372227107516E-03	-1.05731634652875E-05	0	1.92914595335	7070.546875	
26.941472	-0.008462243352915	-1.03924809536625E-05	0	1.98669818138	7070.546875	
26.945568	-8.46256034885078E-03	-9.6648316813125E-06	0	1.93655408133	7070.546875	
26.949664	-8.45734139066953E-03	-1.06183800066094E-05	0	1.86214855288	7070.546875	
26.95376	-8.4528031462875E-03	-1.13327586191531E-05	0	1.95436486894	7070.546875	
26.957856	-8.45143284975172E-03	-1.09164828335062E-05	0	1.94716273422	7116.7265625	
26.961952	-8.4475337174525E-03	-1.12900608253125E-05	0	1.87736916598	7116.7265625	
26.966048	-8.44516013380875E-03	-1.14126602219437E-05	0	1.92778792371	7116.7265625	
26.970144	-8.44518390621813E-03	-1.07632000540969E-05	0	1.89715214832	7116.7265625	
26.97424	-8.43975501937562E-03	-1.16632356925219E-05	0	1.81675755657	7116.7265625	
26.978336	-8.43355133485219E-03	-1.27211976153281E-05	0	1.88437293682	7165.90625	
26.982432	-8.43184639593828E-03	-1.22830711303781E-05	0	1.90115375813	7165.90625	
26.986528	-8.42901885070781E-03	-1.22405312690719E-05	0	1.81653630455	7165.90625	
26.990624	-8.42686022450422E-03	-1.23065775972562E-05	0	1.87085367546	7165.90625	
26.99472	-8.42744914023031E-03	-1.16101912744125E-05	0	1.85647229416	7213.828125	
26.998816	-8.42264565061906E-03	-1.24235964706219E-05	0	1.76392791476	7213.828125	
27.002912	-8.41617516651656E-03	-1.36347072787406E-05	0	1.81077993734	7213.828125	
27.007008	-8.41355032679219E-03	-1.346533653465E-05	0	1.85726956437	7213.828125	
27.011104	-8.40959542076328E-03	-1.361852099685E-05	0	1.76556060208	7262.5078125	
27.0152	-8.40530148360375E-03	-1.40839335122062E-05	0	1.80658377834	7262.5078125	
27.019296	-8.40578086338203E-03	-1.32241552854469E-05	0	1.80761755933	7262.5078125	
27.023392	-8.4025987435225E-03	-1.345254423975E-05	0	1.72665076408	7262.5078125	
27.027488	-8.39617342699781E-03	-1.46570192371969E-05	0	1.75543641482	7262.5078125	
27.031584	-8.39347580712781E-03	-1.46140625493844E-05	0	1.80356254386	7309.0078125	
27.03568	-8.39109884048734E-03	-1.44014343966281E-05	0	1.71999413003	7309.0078125	
27.039776	-8.38763099455359E-03	-1.47541850054156E-05	0	1.74584628416	7309.0078125	
27.043872	-0.008387938847255	-1.41169928541469E-05	0	1.76751372336	7309.0078125	
27.047968	-8.38473725230625E-03	-1.44154305364781E-05	0	1.6715590111	7309.0078125	
27.052064	-8.37763871943453E-03	-1.58129704850906E-05	0	1.68479980009	7355.546875	
27.05616	-8.37411317969188E-03	-1.59347951228813E-05	0	1.76007126317	7355.546875	
27.060256	-8.37140669088453E-03	-1.57153152942844E-05	0	1.67944016064	7355.546875	
27.064352	-8.36705368843094E-03	-1.61691821481094E-05	0	1.68280471722	7355.546875	
27.068448	-8.3671434749925E-03	-1.55178118860187E-05	0	1.70584925951	7355.546875	
27.072544	-8.36552905409891E-03	-1.53446666264719E-05	0	1.637264948	7404.90625	
27.07664	-8.35870948130797E-03	-1.67398003274906E-05	0	1.61944653101	7404.90625	
27.080736	-8.35449399309937E-03	-1.71871118994094E-05	0	1.70126018744	7404.90625	
27.084832	-8.35221943068391E-03	-1.68609672736312E-05	0	1.64276954567	7404.90625	
27.088928	-8.34748899551531E-03	-1.73961208250156E-05	0	1.61841656471	7404.90625	
27.093024	-8.34638970444641E-03	-1.70427081976594E-05	0	1.66627185076	7452.625	
27.09712	-8.34462944896453E-03	-1.68032875236187E-05	0	1.60043411605	7452.625	
27.101216	-0.008337971437125	-1.80416978236687E-05	0	1.54833689472	7452.625	
27.105312	-8.33370017518672E-03	-1.84714541246812E-05	0	1.64713355103	7452.625	
27.109408	-8.33195939479406E-03	-1.80508199299312E-05	0	1.60970762744	7501.38671875	
27.113504	-8.32751980591094E-03	-1.85192353269E-05	0	1.56572425174	7501.38671875	
27.1176	-0.008326162767065	-1.83210285539531E-05	0	1.60896757758	7501.38671875	
27.121696	-8.32578862591437E-03	-1.77552702254812E-05	0	1.56557547883	7501.38671875	
27.125792	-8.31925560208875E-03	-1.9042036727175E-05	0	1.49610997393	7501.38671875	
27.129888	-8.31309644511672E-03	-2.00521950920156E-05	0	1.58433993894	7547.6875	
27.133984	-8.31020480581328E-03	-1.98246078196031E-05	0	1.55601586569	7547.6875	
27.13808	-8.30596115644281E-03	-2.00620116687375E-05	0	1.50236225084	7547.6875	
27.142176	-8.30456215015109E-03	-1.97762658006375E-05	0	1.56155861026	7547.6875	
27.146272	-8.30528830582516E-03	-1.89102724358625E-05	0	1.52372451484	7547.6875	
27.150368	-8.29990019780797E-03	-1.99624276337062E-05	0	1.43872177757	7547.6875	
27.154464	-8.29455250288672E-03	-2.09172264385219E-05	0	1.5352219905	7594.3671875	
27.15856	-8.29271279269812E-03	-2.06152310674406E-05	0	1.52838606602	7594.3671875	
27.162656	-8.28862338969156E-03	-2.09325660866437E-05	0	1.45099744999	7594.3671875	
27.166752	-8.28527184569906E-03	-2.12776683857719E-05	0	1.50244235933	7594.3671875	
27.170848	-8.28496819888547E-03	-2.06341973946281E-05	0	1.48497107913	7594.3671875	
27.174944	-8.27939338602234E-03	-2.15783298639562E-05	0	1.39138147467	7643.90625	
27.17904	-8.27317379227109E-03	-2.26030019162062E-05	0	1.46398646944	7643.90625	
27.183136	-8.27089630402062E-03	-2.23309389671156E-05	0	1.47633080628	7643.90625	
27.187232	-8.26800466471719E-03	-2.22736464763312E-05	0	1.39853783311	7643.90625	
27.191328	-8.26499324904344E-03	-2.25432606297937E-05	0	1.44265472296	7691.38671875	
27.195424	-8.26600997670594E-03	-2.17008448856719E-05	0	1.44437133346	7691.38671875	
27.19952	-8.26157889103078E-03	-2.24528499028969E-05	0	1.3476918301	7691.38671875	
27.203616	-8.25522470886953E-03	-2.37163789278281E-05	0	1.39237329407	7691.38671875	
27.207712	-8.25221439038391E-03	-2.36788419461344E-05	0	1.44847212521	7691.38671875	
27.211808	-8.24865831223844E-03	-2.37736956974344E-05	0	1.35969665953	7740.1875	
27.215904	-8.2445129526375E-03	-2.42774043283406E-05	0	1.38621638441	7740.1875	
27.22	-8.24544793978469E-03	-2.33127406295437E-05	0	1.39154169165	7740.1875	
27.224096	-8.24202480426703E-03	-2.37437209677937E-05	0	1.31071985462	7740.18359375	
27.228192	-8.23533890556266E-03	-2.51169337772719E-05	0	1.32718405666	7740.18359375	
27.232288	-8.23214791676578E-03	-2.52276704453812E-05	0	1.38726542416	7786.00390625	
27.236384	-8.23063654012359E-03	-2.4817500182475E-05	0	1.3158773155	7786.00390625	
27.24048	-8.22751494847562E-03	-2.51510407143187E-05	0	1.32979711931	7786.00390625	
27.244576	-8.22852692165625E-03	-2.444207171175E-05	0	1.35129289746	7786.00390625	
27.248672	-8.22515782265375E-03	-2.49314839627219E-05	0	1.27584214395	7786.00390625	
27.252768	-8.21799446425031E-03	-2.65164011278031E-05	0	1.25518941229	7833.0859375	
27.256864	-8.21427079061875E-03	-2.67071107928625E-05	0	1.3482640336	7833.0859375	
27.26096	-8.21234751126797E-03	-2.63544373474594E-05	0	1.27175661096	7833.0859375	
27.265056	-8.20830995040031E-03	-2.68385931133031E-05	0	1.27026125248	7833.0859375	
27.269152	-8.20915030507172E-03	-2.61203409469406E-05	0	1.29378263102	7833.0859375	
27.273248	-8.20880917099719E-03	-2.57648920235437E-05	0	1.24129631131	7882.4453125	
27.277344	-8.20398693775547E-03	-2.69622011627719E-05	0	1.20249328463	7882.4453125	
27.28144	-8.20034244453359E-03	-2.75234256015469E-05	0	1.2885259882	7882.4453125	
27.285536	-0.008198169189155	-2.74568816777062E-05	0	1.23624947644	7882.4453125	
27.289632	-8.19322635665187E-03	-2.8245746754225E-05	0	1.20602187288	7882.4453125	
27.293728	-8.19240684855484E-03	-2.79137396343094E-05	0	1.25082159224	7929.92578125	
27.297824	-8.19208445811078E-03	-2.73546969241219E-05	0	1.20331344298	7929.92578125	
27.30192	-8.18668775545328E-03	-2.85942899152969E-05	0	1.13100980872	7929.92578125	
27.306016	-8.18326151123594E-03	-2.90248454943562E-05	0	1.23792412535	7929.92578125	
27.310112	-8.18248899936359E-03	-2.85807223807875E-05	0	1.20228729137	7929.92578125	
27.314208	-8.17938450556391E-03	-2.89654996402406E-05	0	1.15312738134	7978.78515625	
27.318304	-8.17895285346906E-03	-2.88136091671312E-05	0	1.20127258383	7978.78515625	
27.3224	-8.17949184713547E-03	-2.82434979583969E-05	0	1.17113653283	7978.78515625	
27.326496	-8.1737633365025E-03	-2.971760489775E-05	0	1.09191305091	7978.78515625	
27.330592	-8.16826633256391E-03	-3.07683382220156E-05	0	1.16941610764	7978.78515625	
27.334688	-8.16681456980984E-03	-3.03544304628469E-05	0	1.16034477482	8024.40234375	
27.338784	-8.16451980084641E-03	-3.03282804889969E-05	0	1.09173757517	8024.40234375	
27.34288	-8.16381924622859E-03	-3.02262851583E-05	0	1.14327022238	8024.40234375	
27.346976	-8.16589951491359E-03	-2.92548529566562E-05	0	1.11823059722	8024.40234375	
27.351072	-8.1614631261625E-03	-3.05162488106437E-05	0	1.03137392061	8072.0625	
27.355168	-8.15718528109547E-03	-3.15031961410031E-05	0	1.10665682776	8072.0625	
27.359264	-8.15617413080594E-03	-3.12153774384375E-05	0	1.12883925011	8072.0625	
27.36336	-8.15368936543219E-03	-3.1385758998825E-05	0	1.04024307486	8072.0625	
27.367456	-8.15140904277906E-03	-3.17414593642781E-05	0	1.08964712505	8072.0625	
27.371552	-8.15304220730313E-03	-3.08102081320687E-05	0	1.07846245397	8121.34375	
27.375648	-8.14959081919125E-03	-3.16588450238156E-05	0	0.99303247142	8121.34375	
27.379744	-8.14477772918391E-03	-3.28136395420969E-05	0	1.03986160586	8121.34375	
27.38384	-8.14338430026516E-03	-3.26596928210437E-05	0	1.07968315477	8121.34375	
27.387936	-8.14203896475922E-03	-3.24861828984E-05	0	0.98879816552	8121.34375	
27.392032	-8.14006366040484E-03	-3.2869438284375E-05	0	1.02793307023	8168.7421875	
27.396128	-8.14341054134781E-03	-3.15769669806938E-05	0	1.03318971305	8168.7421875	
27.400224	-8.14124231474813E-03	-3.21961565057344E-05	0	0.94490634238	8168.7421875	
27.40432	-8.13659243147438E-03	-3.35967784224187E-05	0	0.96829039208	8168.7421875	
27.408416	-8.13491300218437E-03	-3.36524538475125E-05	0	1.03505128177	8168.7421875	
27.412512	-8.13380758514844E-03	-3.34921970366156E-05	0	0.94660769412	8217.46484375	
27.416608	-8.13157855604016E-03	-3.39368999572969E-05	0	0.96799666095	8217.46484375	
27.420704	-8.13431503465625E-03	-3.28818680796375E-05	0	0.97894863594	8217.46484375	
27.4248	-8.13408553947344E-03	-3.29480754653531E-05	0	0.90776652054	8217.4609375	
27.428896	-8.13066112390297E-03	-3.410853127605E-05	0	0.89815731643	8217.4609375	
27.432992	-8.13070290848406E-03	-3.39275605435594E-05	0	0.97702984687	8263	
27.437088	-8.13171735033797E-03	-3.34250692191281E-05	0	0.90617579481	8263	
27.441184	-8.12982826668375E-03	-3.41280584199844E-05	0	0.90156764929	8263	
27.44528	-8.13246032956328E-03	-3.33743687890594E-05	0	0.93719685389	8263	
27.449376	-8.13243966585359E-03	-3.34444372286062E-05	0	0.86957384426	8263	
27.453472	-8.12852563008234E-03	-3.48840367505438E-05	0	0.83296807902	8311.08203125	
27.457568	-8.12752865180609E-03	-3.49761676680281E-05	0	0.92398658242	8311.08203125	
27.461664	-8.12899796957016E-03	-3.42318900469219E-05	0	0.85966709433	8311.08203125	
27.46576	-8.12832585041125E-03	-3.45127705352719E-05	0	0.83951408706	8311.08203125	
27.469856	-8.13197482381797E-03	-3.36205978697531E-05	0	0.87556290756	8311.08203125	
27.473952	-8.13434859032641E-03	-3.3169018754025E-05	0	0.81890331699	8311.08203125	
27.478048	-8.13105839743656E-03	-3.47384712711094E-05	0	0.77803272833	8360.18359375	
27.482144	-8.12894594456656E-03	-3.54330263457844E-05	0	0.85716465769	8360.18359375	
27.48624	-8.12969523262359E-03	-3.49819734314531E-05	0	0.81867443559	8360.18359375	
27.490336	-0.00812881812215	-3.51669737272219E-05	0	0.77147146153	8360.18359375	
27.494432	-8.13137292469906E-03	-3.45196505764687E-05	0	0.8219131074	8407.58203125	
27.498528	-8.13487588065281E-03	-3.35927272245469E-05	0	0.77327962459	8407.58203125	
27.502624	-8.13279341759156E-03	-3.48473360660906E-05	0	0.69850407121	8407.58203125	
27.50672	-8.13249635390672E-03	-3.51886910131969E-05	0	0.79150239872	8407.58203125	
27.510816	-8.13534730581719E-03	-3.43726927907344E-05	0	0.78072208478	8407.58203125	
27.514912	-8.13560103057109E-03	-3.45667651928156E-05	0	0.70525607251	8456.203125	
27.519008	-8.13776523414766E-03	-3.43876115258156E-05	0	0.7568726429	8456.203125	
27.523104	-8.14220052571062E-03	-3.33130767830437E-05	0	0.73153165723	8456.203125	
27.5272	-8.14093638212594E-03	-3.444480786285E-05	0	0.64390822793	8456.203125	
27.531296	-8.13974940743938E-03	-3.52212479517937E-05	0	0.71606308928	8456.203125	
27.535392	-0.00814232962818	-3.44966376187125E-05	0	0.72819761817	8456.19921875	
27.539488	-8.14405120778047E-03	-3.42341273043E-05	0	0.64237090786	8501.6796875	
27.543584	-8.14677095427766E-03	-3.40171856943188E-05	0	0.69993839465	8501.6796875	
27.54768	-8.15330790969406E-03	-3.24528112971562E-05	0	0.68036903495	8501.6796875	
27.551776	-8.15352862737188E-03	-3.33777238337812E-05	0	0.58355983213	8501.6796875	
27.555872	-8.15293395140813E-03	-3.43168293850594E-05	0	0.63832733646	8501.6796875	
27.559968	-8.15530287200234E-03	-3.38707098792562E-05	0	0.67669167379	8550.078125	
27.564064	-8.15682238612312E-03	-3.37349326111875E-05	0	0.58297999925	8550.078125	
27.56816	-8.1579960116875E-03	-3.39762128987531E-05	0	0.62543749895	8550.078125	
27.572256	-8.16360081435938E-03	-3.25846719826031E-05	0	0.62580752388	8550.078125	
27.576352	-8.16431069507625E-03	-3.31671545731969E-05	0	0.53467839447	8598.8984375	
27.580448	-8.16310415386813E-03	-3.42415150372969E-05	0	0.56923948587	8598.8984375	
27.584544	-8.16598445556094E-03	-3.35313756032062E-05	0	0.6151569094	8598.8984375	
27.58864	-8.16920351408734E-03	-3.28647697794281E-05	0	0.52649969911	8598.8984375	
27.592736	-8.17082424381266E-03	-3.30954416641406E-05	0	0.55247773801	8598.8984375	
27.596832	-8.17675180265797E-03	-3.18393234491062E-05	0	0.57526288138	8646.140625	
27.600928	-8.17807080564891E-03	-3.22691083558594E-05	0	0.48822309965	8646.140625	
27.605024	-8.1762619995925E-03	-3.37053021119719E-05	0	0.48790266569	8646.140625	
27.60912	-8.17775198106625E-03	-3.34429369897219E-05	0	0.56168258498	8646.140625	
27.613216	-8.18035990580703E-03	-3.28122662261625E-05	0	0.47474579988	8694.640625	
27.617312	-8.18126828614219E-03	-3.30738125992313E-05	0	0.47914795214	8694.640625	
27.621408	-8.18753021306859E-03	-3.15260624642906E-05	0	0.50451945533	8694.640625	
27.625504	-8.19132200379625E-03	-3.11218385896688E-05	0	0.42399897881	8694.640625	
27.6296	-0.008190813639965	-3.23737101743344E-05	0	0.41279141959	8694.640625	
27.633696	-8.19279095583094E-03	-3.22984910187844E-05	0	0.49396802279	8694.63671875	
27.637792	-8.19644157501984E-03	-3.15377453853E-05	0	0.42991937769	8694.63671875	
27.641888	-8.19751974521734E-03	-3.19203760122844E-05	0	0.4045097276	8740.15625	
27.645984	-8.20337799834609E-03	-3.07224687967312E-05	0	0.44825277783	8740.15625	
27.65008	-8.20835200927844E-03	-2.99108510987344E-05	0	0.38251422506	8740.15625	
27.654176	-8.20841701767484E-03	-3.10880229984844E-05	0	0.33340009131	8740.15625	
27.658272	-8.21120862999422E-03	-3.08973642949125E-05	0	0.42435374498	8788.81640625	
27.662368	-8.21709266704391E-03	-2.96147715871219E-05	0	0.38453219607	8788.81640625	
27.666464	-8.22063649325531E-03	-2.950135896015E-05	0	0.34498149015	8788.81640625	
27.67056	-8.22751046829078E-03	-2.84650914868031E-05	0	0.38210223854	8837.6171875	
27.674656	-8.23425003778094E-03	-2.74672304654344E-05	0	0.33708126716	8837.6171875	
27.678752	-8.23480201484016E-03	-2.8844353847925E-05	0	0.2713007528	8837.6171875	
27.682848	-8.23672812859359E-03	-2.92211489038219E-05	0	0.35138635466	8837.6171875	
27.686944	-8.24202727294031E-03	-2.81318370123656E-05	0	0.32368407588	8837.6171875	
27.69104	-8.24551441109859E-03	-2.79239937105937E-05	0	0.27065607019	8837.6171875	
27.695136	-8.25135373773219E-03	-2.71471129970906E-05	0	0.32349334138	8837.6171875	
27.699232	-8.25953226944828E-03	-2.55774818744156E-05	0	0.29000417787	8885	
27.703328	-8.26166465456922E-03	-2.65041299862281E-05	0	0.20442542241	8885	
27.707424	-8.26407892560594E-03	-2.69292701860875E-05	0	0.27990669344	8885	
27.71152	-8.26942086028953E-03	-2.59686858101344E-05	0	0.28629629919	8933.1796875	
27.715616	-8.27256329851188E-03	-2.59297021952719E-05	0	0.21538884147	8933.1796875	
27.719712	-8.27678326690531E-03	-2.56663834682062E-05	0	0.26073024681	8933.1796875	
27.723808	-8.28389533176391E-03	-2.42507944991812E-05	0	0.24267913373	8933.1796875	
27.727904	-8.28525502214781E-03	-2.5130657561625E-05	0	0.15565842545	8933.1796875	
27.732	-8.28509748421953E-03	-2.61689139752906E-05	0	0.22113376461	8933.17578125	
27.736096	-8.28858882826563E-03	-2.54264106312562E-05	0	0.23692276652	8978.77734375	
27.740192	-8.29148238764828E-03	-2.50232059863844E-05	0	0.15579575429	8978.77734375	
27.744288	-8.29446033908422E-03	-2.49144368643844E-05	0	0.20168647499	8978.77734375	
27.748384	-8.30104675939859E-03	-2.34032097698437E-05	0	0.20108756866	8978.77734375	
27.75248	-8.30195660265125E-03	-2.41791210131625E-05	0	0.10171107947	8978.77734375	
27.756576	-0.00830091573685	-2.53748777500969E-05	0	0.15575760739	9027.63671875	
27.760672	-8.30415481905969E-03	-2.45392324318969E-05	0	0.20440253427	9027.63671875	
27.764768	-8.30782601052594E-03	-2.37629947465969E-05	0	0.11852623299	9027.63671875	
27.768864	-8.31142341609078E-03	-2.34729503251031E-05	0	0.14828844437	9027.63671875	
27.77296	-8.32052212291438E-03	-2.13295003050937E-05	0	0.15314835943	9076.2578125	
27.777056	-8.32699864155156E-03	-2.06422509923437E-05	0	0.07025133104	9076.2578125	
27.781152	-8.33070649738766E-03	-2.11604031184219E-05	0	0.09386426214	9076.2578125	
27.785248	-8.33885540502437E-03	-1.98210155155031E-05	0	0.15680283245	9076.2578125	
27.789344	-8.34797002107578E-03	-1.83468371819906E-05	0	0.0845335304	9076.2578125	
27.79344	-8.35517626124844E-03	-1.80410141705062E-05	0	0.10649470073	9123.8359375	
27.797536	-8.3661428394225E-03	-1.63762699217906E-05	0	0.12679266622	9123.8359375	
27.801632	-8.3739021538425E-03	-1.59693496556344E-05	0	0.04641333323	9123.8359375	
27.805728	-8.37660699686766E-03	-1.729559424285E-05	0	0.04253760819	9123.8359375	
27.809824	-8.38205901609312E-03	-1.69438751234156E-05	0	0.12802862578	9123.8359375	
27.81392	-8.38897029552484E-03	-1.58772172958437E-05	0	0.06643282635	9171.77734375	
27.818016	-8.39453157640109E-03	-1.56098180440125E-05	0	0.06425845305	9171.77734375	
27.822112	-8.40487458599078E-03	-1.37465564457375E-05	0	0.08997327834	9171.77734375	
27.826208	-8.41415460315203E-03	-1.25462465883562E-05	0	0.03326028211	9171.77734375	
27.830304	-8.41761230009563E-03	-1.36389116014594E-05	0	0.00358962329	9171.7734375	
27.8344	-8.42355860257141E-03	-1.33067669816812E-05	0	0.08722288685	9171.7734375	
27.838496	-8.43222456011203E-03	-1.18144802528156E-05	0	0.04217521264	9217.5546875	
27.842592	-8.43941845691828E-03	-1.12906028920781E-05	0	0.0223159365	9217.5546875	
27.846688	-8.45047134722484E-03	-9.58048224643125E-06	0	0.07146821715	9217.5546875	
27.850784	-8.46278353520188E-03	-7.69744206216563E-06	0	0.01994319932	9217.5546875	
27.85488	-8.47038960901375E-03	-7.906724785575E-06	0	-0.0360869674	9217.5546875	
27.858976	-8.48072384109844E-03	-6.97760215700625E-06	0	0.06903444493	9266.61328125	
27.863072	-8.49481118802937E-03	-4.7098712516625E-06	0	0.03599160015	9266.61328125	
27.867168	-8.50706284779484E-03	-3.64446125938125E-06	0	-0.00246047505	9266.61328125	
27.871264	-8.52128277162422E-03	-2.1334642126875E-06	0	0.04519644712	9266.61328125	
27.87536	-8.53609773714672E-03	-4.53019018134375E-07	0	0.01942440148	9266.61328125	
27.879456	-8.54411132491469E-03	-1.20515889099375E-06	0	-0.04901113712	9315.07421875	
27.883552	-8.55094506971891E-03	-1.83501138614062E-06	0	0.03863136563	9315.07421875	
27.887648	-8.56131084596219E-03	-5.81072736234375E-07	0	0.03518288587	9315.07421875	
27.891744	-8.56966081332281E-03	-1.41490483509375E-07	0	-0.02860254562	9315.07421875	
27.89584	-8.57902028519078E-03	5.9044123648125E-07	0	0.02922815478	9362.8125	
27.899936	-8.58994937610391E-03	1.93689758233125E-06	0	0.00639723513	9362.8125	
27.904032	-8.59495465689781E-03	1.26444152401875E-06	0	-0.06886659857	9362.8125	
27.908128	-8.59753048888594E-03	1.45706344678125E-07	0	0.01750561241	9362.8125	
27.912224	-8.60350010660937E-03	8.64768125615625E-07	0	0.03831856105	9362.8125	
27.91632	-8.60712219890703E-03	8.2972176643125E-07	0	-0.0349807073	9410.3359375	
27.920416	-8.61043881574422E-03	7.1514591946875E-07	0	0.01786800796	9410.3359375	
27.924512	-8.61588845772875E-03	1.52684582892187E-06	0	0.01035306866	9410.3359375	
27.928608	-8.61642379410141E-03	7.856982527625E-07	0	-0.06949220773	9410.33203125	
27.932704	-8.61347711252703E-03	-8.39386900996875E-07	0	-0.00559996492	9410.33203125	
27.9368	-8.61542361569313E-03	-2.41450960471875E-07	0	0.03991310147	9456.2734375	
27.940896	-8.61658626937625E-03	6.144849624375E-08	0	-0.03896324366	9456.2734375	
27.944992	-8.61762137493984E-03	5.6503549265625E-08	0	0.0273131804	9456.2734375	
27.949088	-8.62136351790484E-03	9.41468048915625E-07	0	0.12594199035	9456.2734375	
27.953184	-8.62163616915391E-03	6.58657274034375E-07	0	0.05638493289	9456.2734375	
27.95728	-8.61814034492297E-03	-7.95634540903125E-07	0	0.00429915563	9456.2734375	
27.961376	-8.61937961891016E-03	-2.65186513659375E-07	0	0.01600262455	9456.2734375	
27.965472	-8.61922976129875E-03	-1.2204074334375E-07	0	0.00615309497	9456.2734375	
27.969568	-8.61449466308063E-03	-1.50856147220625E-06	0	-0.00760267717	9456.2734375	
27.973664	-8.61344629982719E-03	-1.45736536955625E-06	0	-0.00875471355	9456.2734375	
27.97776	-8.61698244572172E-03	-4.8471105375E-09	0	-0.00844190897	9456.2734375	
27.981856	-8.62002449123062E-03	7.300310007375E-07	0	-0.01458355987	9456.2734375	
27.985952	-8.62212642938109E-03	9.0144909855E-07	0	-0.01217267579	9456.2734375	
27.990048	-8.62154985702141E-03	3.3208091791875E-07	0	-0.01082609022	9456.2734375	
27.994144	-8.62002750849797E-03	-3.40071534928125E-07	0	-0.01183698307	9456.2734375	
27.99824	-8.62068627853469E-03	-9.189173503125E-08	0	-0.00735853701	9456.2734375	
28.002336	-8.62041280439453E-03	-9.46566361125E-08	0	-0.00981138268	9456.2734375	
28.006432	-8.61743677303781E-03	-8.98138284553125E-07	0	-0.0125121832	9456.2734375	
28.010528	-8.61544674807609E-03	-1.19943485825625E-06	0	-0.0092696967	9456.2734375	
28.014624	-8.61529935913797E-03	-8.7700825760625E-07	0	-0.00181579244	9456.2734375	
28.01872	-8.61707506668594E-03	-2.0690219694375E-07	0	-0.00168990767	9456.2734375	
28.022816	-8.62046528655984E-03	6.5379694235625E-07	0	-0.00160598449	9456.2734375	
28.026912	-8.62203024255547E-03	7.77584558953125E-07	0	0.00587080791	9456.2734375	
28.031008	-8.62063059623734E-03	2.876583661875E-08	0	-0.00240706939	9456.2734375	
28.035104	-8.61956019778906E-03	-3.750159711375E-07	0	-0.00584410508	9456.2734375	
28.0392	-8.6200321715475E-03	-1.6607146854375E-07	0	-0.009918194	9456.2734375	
28.043296	-8.62044946876438E-03	-1.4093976290625E-08	0	-0.01650997832	9456.2734375	
28.047392	-8.62008456228047E-03	-1.40317167375E-07	0	-0.01657482805	9456.2734375	
28.051488	-8.61971480988234E-03	-2.4302619928125E-07	0	-0.01027296017	9456.2734375	
28.055584	-8.61994759662953E-03	-1.4792244823125E-07	0	-0.00887678363	9456.2734375	
28.05968	-8.62055406736562E-03	2.063026783125E-08	0	-0.0088119339	9456.2734375	
28.063776	-8.62068243837625E-03	1.94586343875E-08	0	-0.00918958821	9456.2734375	
28.067872	-8.6201404274425E-03	-1.6958492656875E-07	0	-0.00840376207	9456.2734375	
28.071968	-8.62003061719766E-03	-2.01627923371875E-07	0	-0.0036239555	9456.2734375	
28.076064	-8.62097438184984E-03	6.3005465840625E-08	0	0.00352095887	9456.2734375	
28.08016	-8.62145019576672E-03	1.52755856859375E-07	0	0.00207137667	9456.2734375	
28.084256	-8.62046729807141E-03	-1.563161898375E-07	0	0.00100707816	9456.2734375	
28.088352	-8.61856230518938E-03	-5.98348199728125E-07	0	-0.00043868935	9456.2734375	
28.092448	-8.61708119265297E-03	-8.017809289875E-07	0	-0.00749968054	9456.2734375	
28.096544	-8.61720078615859E-03	-5.6594510713125E-07	0	-0.01385113939	9456.2734375	
28.10064	-8.61889786189094E-03	-1.9308394153125E-08	0	-0.01454541297	9456.2734375	
28.104736	-8.62037367135141E-03	2.940073983E-07	0	-0.01535031256	9456.2734375	
28.108832	-8.62087362340703E-03	1.9442047865625E-07	0	-0.01286694937	9456.2734375	
28.112928	-8.62103609868188E-03	0	0	-0.00831220951	9456.2734375	
28.117024	-8.62098736524266E-03	0	0	-0.00677870413	9456.2734375	
28.12112	-8.62048741318703E-03	0	0	-0.00119018328	9456.2734375	
28.125216	-8.61934505748422E-03	0	0	-0.00191115969	9456.2734375	
28.129312	-8.61743777879359E-03	0	0	-0.00243377222	9456.2734375	
28.133408	-8.61580031694937E-03	0	0	-0.00133132681	9456.2734375	
28.137504	-8.61508842472094E-03	0	0	-0.00520323716	9456.2734375	
28.1416	-8.61468310514109E-03	0	0	-0.00577544066	9456.2734375	
28.145696	-8.61407654297266E-03	0	0	-0.00465010711	9456.2734375	
28.149792	-8.61314493882219E-03	0	0	-0.00324630119	9456.2734375	
28.153888	-8.61174757831266E-03	0	0	-0.00395201884	9456.2734375	
28.157984	-8.60982740766156E-03	0	0	-0.00644301141	9456.2734375	
28.16208	-8.60729482317203E-03	0	0	-0.00877760169	9456.2734375	
28.166176	-8.60412504667891E-03	0	0	-0.012969946	9456.2734375	
28.170272	-8.60110512779719E-03	0	0	-0.01274487929	9456.2734375	
28.174368	-8.59919693478312E-03	0	0	-0.01023099858	9456.2734375	
28.178464	-8.59815204595875E-03	0	0	-0.00506209363	9456.2734375	
28.18256	-8.59685160373359E-03	0	0	-0.00092315498	9456.2734375	
28.186656	-8.59450215822859E-03	0	0	0.00278853839	9456.2734375	
28.190752	-8.59130129473859E-03	0	0	0.00168609298	9456.2734375	
28.194848	-8.58774786813109E-03	0	0	0.00002288814	9456.2734375	
28.198944	-8.58410968374094E-03	0	0	-0.00393294539	9456.2734375	
28.20304	-8.58038061560109E-03	0	0	-0.0064468261	9456.2734375	
28.207136	-8.57663006086047E-03	0	0	-0.00754164213	9456.2734375	
28.211232	-8.57293226258219E-03	0	0	-0.0091171091	9456.2734375	
28.215328	-8.56940489419266E-03	0	0	-0.00916670007	9456.2734375	
28.219424	-8.56598578169812E-03	0	0	-0.00925443794	9456.2734375	
28.22352	-8.56241891453609E-03	0	0	-0.00818632474	9510.125	
28.227616	-8.55860636866641E-03	0	0	-0.00703810305	9510.125	
28.231712	-8.55422173062187E-03	0	0	-0.0062179447	9510.125	
28.235808	-8.54923144473234E-03	0	0	0.00366591709	9510.125	
28.239904	-8.54379405468188E-03	0	0	0.03676216753	9510.125	
28.244	-8.53838610584609E-03	0	0	0.0480269471	9510.125	
28.248096	-8.5327866976825E-03	0	0	0.04478827529	9510.125	
28.252192	-8.52711414364391E-03	0	0	0.04292670657	9510.125	
28.256288	-0.00852089756716	0	0	0.04473105494	9502.34765625	
28.260384	-8.51307141569672E-03	-4.016082522375E-07	0	0.03587334476	9502.34765625	
28.26448	-8.50380721633094E-03	-5.6997010310625E-07	0	0.0422667652	9502.34765625	
28.268576	-8.49423470710203E-03	-5.8976335254375E-07	0	-0.05416096862	9502.34765625	
28.272672	-8.48361648615766E-03	-6.2733543035625E-07	0	0.03621285217	9502.34765625	
28.276768	-8.47126827383719E-03	-6.85507727953125E-07	0	0.00175857209	9457.40625	
28.280864	-8.45599934672797E-03	-7.84448975165625E-07	0	-0.02663798027	9457.40625	
28.28496	-8.44066358257547E-03	-9.01844050078125E-07	0	0.08549101759	9457.40625	
28.289056	-8.42439072833187E-03	-1.02054248907187E-06	0	0.01531979504	9457.40625	
28.293152	-8.40566337282031E-03	-1.15783129409062E-06	0	-0.03516762711	9409.56640625	
28.297248	-8.38357825591688E-03	-1.33526260704375E-06	0	0.07239137213	9409.56640625	
28.301344	-8.35972849477906E-03	-1.54315662991875E-06	0	0.01564785838	9409.56640625	
28.30544	-8.33175422061469E-03	-1.78334869741875E-06	0	0.04536810817	9409.56640625	
28.309536	-8.30279668302563E-03	-2.05660347224062E-06	0	0.11160257064	9409.56640625	
28.313632	-8.27440822034406E-03	-2.3029178893875E-06	0	0.05239476715	9360.765625	
28.317728	-8.24023593046156E-03	-2.58207049485E-06	0	0.01683041228	9360.765625	
28.321824	-8.20299983417234E-03	-2.91652448731875E-06	0	0.10876444128	9360.765625	
28.32592	-8.16413176197953E-03	-3.26493736005937E-06	0	0.04457846734	9360.765625	
28.330016	-8.12187840725937E-03	-3.64032015775312E-06	0	0.07078538764	9360.765625	
28.334112	-8.08094725566219E-03	-4.00844334732187E-06	0	0.13516972546	9310.40625	
28.338208	-8.03929323995531E-03	-4.3410427743375E-06	0	0.07540497723	9310.40625	
28.342304	-7.99213609434281E-03	-4.7127539410875E-06	0	0.04262916075	9310.40625	
28.3464	-7.94290946906187E-03	-5.13726096850312E-06	0	0.1436230785	9310.40625	
28.350496	-7.8927690689375E-03	-5.55536247347812E-06	0	0.08464034172	9310.40625	
28.354592	-7.83663738162422E-03	-6.02877618275625E-06	0	0.12019706721	9261.125	
28.358688	-7.78254655565578E-03	-6.51380766887812E-06	0	0.18902551888	9261.125	
28.362784	-7.72807390821984E-03	-6.95002886727187E-06	0	0.12975286566	9261.125	
28.36688	-7.66970404856391E-03	-7.41966012840937E-06	0	0.10655192108	9261.125	
28.370976	-7.61207195648969E-03	-7.90124474297812E-06	0	0.20117912122	9261.125	
28.375072	-7.55437677609828E-03	-8.34891977607187E-06	0	0.14558382916	9261.125	
28.379168	-7.49405465303859E-03	-8.82642699087187E-06	0	0.18452418468	9212.04296875	
28.383264	-7.43702610586547E-03	-9.2793907206E-06	0	0.24998426508	9212.04296875	
28.38736	-7.38153773652281E-03	-9.66375163431563E-06	0	0.20096168389	9212.04296875	
28.391456	-7.32430630097891E-03	-1.00495986042375E-05	0	0.16596190314	9212.04296875	
28.395552	-7.26985916316688E-03	-1.04317441355531E-05	0	0.24901914851	9163.4453125	
28.399648	-7.21929415123812E-03	-1.07282183583094E-05	0	0.20089301947	9163.4453125	
28.403744	-7.16772438928391E-03	-1.10308303153125E-05	0	0.22325091756	9163.4453125	
28.40784	-7.12421813715734E-03	-1.12625952277781E-05	0	0.30250110231	9163.4453125	
28.411936	-7.08628422922063E-03	-1.13471795181937E-05	0	0.25040388098	9163.4453125	
28.416032	-7.04781205907625E-03	-1.14317900105062E-05	0	0.23992492755	9116.3046875	
28.420128	-7.01311961059016E-03	-1.152190001655E-05	0	0.33605511555	9116.3046875	
28.424224	-6.98173939018875E-03	-1.15570117602844E-05	0	0.28939001278	9116.3046875	
28.42832	-6.9507555289975E-03	-1.16184528046125E-05	0	0.30474795472	9116.3046875	
28.432416	-6.92643297121016E-03	-1.16314508685375E-05	0	0.3898994649	9116.3046875	
28.436512	-6.90784020410859E-03	-1.15203127585219E-05	0	0.3435891283	9067.68359375	
28.440608	-6.88805963942938E-03	-1.14364039482E-05	0	0.30240192037	9067.68359375	
28.444704	-6.87228225705656E-03	-1.137803092965E-05	0	0.39981002952	9067.68359375	
28.4488	-6.86019389545703E-03	-1.12550916295125E-05	0	0.36913610723	9067.68359375	
28.452896	-6.84760603896359E-03	-1.11772525246594E-05	0	0.36176612615	9067.68359375	
28.456992	-6.83998652459719E-03	-1.10799480546562E-05	0	0.4563895116	9018.58203125	
28.461088	-6.83737859985641E-03	-1.08714939361875E-05	0	0.4270545455	9018.58203125	
28.465184	-6.83204498551609E-03	-1.07207145196594E-05	0	0.37640690637	9018.58203125	
28.46928	-6.82769993767641E-03	-1.06666439006531E-05	0	0.48665907675	9018.58203125	
28.473376	-6.82548087469359E-03	-1.058764710465E-05	0	0.45840366792	9018.58203125	
28.477472	-6.82102025637141E-03	-1.058693172075E-05	0	0.45843037075	8970.50390625	
28.481568	-6.81891319800969E-03	-1.06136881843781E-05	0	0.55449952371	8970.50390625	
28.485664	-6.82045849605141E-03	-1.05584464126969E-05	0	0.53122991471	8970.50390625	
28.48976	-6.81833790570281E-03	-1.05603627569344E-05	0	0.46209247315	8970.50390625	
28.493856	-6.81582909362266E-03	-1.06727667310687E-05	0	0.55528916454	8970.50390625	
28.497952	-6.81435200410938E-03	-1.07586772220812E-05	0	0.54871263898	8922.18359375	
28.502048	-6.80903914491109E-03	-1.09369705534031E-05	0	0.51911445927	8922.18359375	
28.506144	-6.80386919446609E-03	-1.11811015592719E-05	0	0.61848331908	8922.18359375	
28.51024	-6.80202472979563E-03	-1.13331228014812E-05	0	0.61309316211	8922.18359375	
28.514336	-6.79635784456234E-03	-1.1514582716175E-05	0	0.5353917415	8922.18359375	
28.518432	-6.78827586540125E-03	-1.18355547509719E-05	0	0.64555235932	8875.7421875	
28.522528	-6.78140911352094E-03	-1.21045186647E-05	0	0.6231677584	8875.7421875	
28.526624	-6.77083103137547E-03	-1.24378370813812E-05	0	0.60451773899	8875.7421875	
28.53072	-6.76073443195219E-03	-1.28119629091781E-05	0	0.69820652539	8875.7421875	
28.534816	-6.75458780121125E-03	-1.30559136267656E-05	0	0.70447787575	8875.7421875	
28.538912	-6.74521397446531E-03	-1.3295104012575E-05	0	0.63759110129	8827.54296875	
28.543008	-6.73282361183437E-03	-1.37002567324219E-05	0	0.71031435145	8827.54296875	
28.547104	-6.72183042684828E-03	-1.40642479549687E-05	0	0.73079923675	8827.54296875	
28.5512	-6.70748761794891E-03	-1.44870239745E-05	0	0.68131889276	8827.54296875	
28.555296	-6.69308153786766E-03	-1.49578230229312E-05	0	0.75799034707	8778.66015625	
28.559392	-0.00668302846024	-1.52886224517469E-05	0	0.78354877007	8778.66015625	
28.563488	-6.67206279638937E-03	-1.55408721994969E-05	0	0.69748173429	8778.66015625	
28.567584	-6.65846872695297E-03	-1.59422766057844E-05	0	0.77143712932	8778.66015625	
28.57168	-6.64892922480016E-03	-1.62373885702875E-05	0	0.79019396005	8778.66015625	
28.575776	-6.63768688667734E-03	-1.65057856576594E-05	0	0.75685356945	8730.7421875	
28.579872	-6.62712544521844E-03	-1.68135495325875E-05	0	0.82533106964	8730.7421875	
28.583968	-6.62090987449031E-03	-1.69968971857781E-05	0	0.85932758692	8730.7421875	
28.588064	-6.61571926033562E-03	-1.70733209074312E-05	0	0.80208053409	8730.7421875	
28.59216	-6.60837459159453E-03	-1.73018819769469E-05	0	0.82834848943	8730.7421875	
28.596256	-6.60526598333938E-03	-1.74364318423969E-05	0	0.88767454831	8682.58203125	
28.600352	-6.60155447020953E-03	-1.7558238210975E-05	0	0.8394225345	8682.58203125	
28.604448	-6.59861565181672E-03	-1.77296135203687E-05	0	0.89301129962	8682.58203125	
28.608544	-6.60079722753859E-03	-1.77625053144E-05	0	0.93909275482	8682.58203125	
28.61264	-6.60611484121875E-03	-1.76158513745156E-05	0	0.87193132268	8682.58203125	
28.616736	-6.60825865538266E-03	-1.76433547123969E-05	0	0.88508055911	8636.28125	
28.620832	-6.61399557779125E-03	-1.76307472730812E-05	0	0.95019350272	8636.28125	
28.624928	-6.61930615118094E-03	-1.75966432206469E-05	0	0.90711802324	8636.28125	
28.629024	-6.62458499754734E-03	-1.76659066129219E-05	0	0.94439517392	8636.28125	
28.63312	-6.6343206220775E-03	-1.76133763769906E-05	0	1.00140190128	8588.16015625	
28.637216	-6.64719338175406E-03	-1.73788470442125E-05	0	0.96518904911	8588.16015625	
28.641312	-6.65643280295469E-03	-1.73442151076906E-05	0	0.93295110392	8588.16015625	
28.645408	-6.66884812661547E-03	-1.73057283673312E-05	0	1.02559847995	8588.16015625	
28.649504	-6.68140965059391E-03	-1.72154705248969E-05	0	0.99047662912	8588.16015625	
28.6536	-6.69277423376031E-03	-1.72450625626125E-05	0	0.99942970655	8588.16015625	
28.657696	-6.70739728279328E-03	-1.72034407292344E-05	0	1.07860741219	8539.6015625	
28.661792	-6.72512766002859E-03	-1.69460969961937E-05	0	1.03897278309	8539.6015625	
28.665888	-6.73864776069891E-03	-1.687859465985E-05	0	0.99329187034	8539.6015625	
28.669984	-6.75331414866281E-03	-1.69059631420969E-05	0	1.09053594782	8539.6015625	
28.67408	-6.76835047188953E-03	-1.68578992478531E-05	0	1.05069151077	8491.55859375	
28.678176	-6.78094683159094E-03	-1.6962973421625E-05	0	1.04551879113	8491.55859375	
28.682272	-6.79609753667969E-03	-1.70094075098063E-05	0	1.13317273795	8491.55859375	
28.686368	-6.81472422518078E-03	-1.681949471895E-05	0	1.11208131694	8491.55859375	
28.690464	-6.82969654576688E-03	-1.67725058236312E-05	0	1.05031767115	8491.55859375	
28.69456	-6.84568129669531E-03	-1.68056548289438E-05	0	1.1423852143	8491.55859375	
28.698656	-6.86276213856063E-03	-1.67162849663906E-05	0	1.13380979118	8443.69921875	
28.702752	-6.87641810769375E-03	-1.679961012345E-05	0	1.10845736144	8443.69921875	
28.706848	-6.89206053592719E-03	-1.68552225678375E-05	0	1.19685517281	8443.69921875	
28.710944	-6.91132560505234E-03	-1.66344747116625E-05	0	1.18340076118	8443.69921875	
28.71504	-6.92724370180219E-03	-1.65477610964531E-05	0	1.1155679436	8397.3984375	
28.719136	-6.94256136235063E-03	-1.66161735280406E-05	0	1.2087989672	8397.3984375	
28.723232	-6.95969715505453E-03	-1.65432514855781E-05	0	1.18763506708	8397.3984375	
28.727328	-6.97399141337937E-03	-1.65937456658531E-05	0	1.15930336445	8397.3984375	
28.731424	-6.99002242907375E-03	-1.66358785564125E-05	0	1.24614096761	8349	
28.73552	-7.00996044024891E-03	-1.63841821734937E-05	0	1.24608374726	8349	
28.739616	-7.02651316889672E-03	-1.62596178749812E-05	0	1.17598881851	8349	
28.743712	-7.04184692153766E-03	-1.63340557813125E-05	0	1.23917915836	8349	
28.747808	-7.05903931086234E-03	-1.6248681828225E-05	0	1.26864382392	8349	
28.751904	-7.07293538133016E-03	-1.62774668955937E-05	0	1.21936184381	8300.5390625	
28.756	-7.08749205048156E-03	-1.63908391379906E-05	0	1.2997793237	8300.5390625	
28.760096	-7.10739102004594E-03	-1.61008016876437E-05	0	1.31913124607	8300.5390625	
28.764192	-7.12508436718203E-03	-1.58661740376562E-05	0	1.24357368124	8300.5390625	
28.768288	-7.14180450845125E-03	-1.58069661641719E-05	0	1.29756298881	8300.5390625	
28.772384	-7.16046082103172E-03	-1.56307278788719E-05	0	1.32872900611	8252.45703125	
28.77648	-7.17678460309078E-03	-1.55353058589094E-05	0	1.27919144177	8252.45703125	
28.780576	-7.19264838902844E-03	-1.55752483670437E-05	0	1.3493702937	8252.45703125	
28.784672	-7.21349441480938E-03	-1.52692037211656E-05	0	1.37720227194	8252.45703125	
28.788768	-7.23272025945906E-03	-1.49585189356969E-05	0	1.31358468681	8252.45703125	
28.792864	-7.25011160556375E-03	-1.487185820505E-05	0	1.31916939297	8204.9765625	
28.79696	-7.26946728414156E-03	-1.46663338913437E-05	0	1.39095422939	8204.9765625	
28.801056	-7.28716575148891E-03	-1.448082782685E-05	0	1.33664067317	8204.9765625	
28.805152	-7.30360793843312E-03	-1.44947561783062E-05	0	1.38073467488	8204.9765625	
28.809248	-7.32621421969594E-03	-1.40800190930437E-05	0	1.44095718591	8204.9765625	
28.813344	-7.34708301213047E-03	-1.36554050945812E-05	0	1.38356517486	8158.55859375	
28.81744	-7.36575934839422E-03	-1.35053876965219E-05	0	1.38859675097	8158.55859375	
28.821536	-7.38528783410172E-03	-1.33391744011969E-05	0	1.45301160631	8158.55859375	
28.825632	-7.40373723528828E-03	-1.31539418941219E-05	0	1.40590781419	8158.55859375	
28.829728	-7.41955375070422E-03	-1.32080026573687E-05	0	1.42702593803	8110.0390625	
28.833824	-0.007440056082305	-1.29534507484594E-05	0	1.49940968078	8110.0390625	
28.83792	-7.45976606121484E-03	-1.258271434035E-05	0	1.45856960964	8110.0390625	
28.842016	-7.47721830126047E-03	-1.24617384997875E-05	0	1.41170614299	8110.0390625	
28.846112	-7.4960258429375E-03	-1.22590620197719E-05	0	1.5044755891	8110.0390625	
28.850208	-7.51477505077922E-03	-1.19679224070656E-05	0	1.46657664395	8061.73828125	
28.854304	-7.52898327126859E-03	-1.20379011832406E-05	0	1.45757779024	8061.73828125	
28.8584	-7.54841282718016E-03	-1.18211725538156E-05	0	1.55026712786	8061.73828125	
28.862496	-7.56784439460328E-03	-1.13682076221656E-05	0	1.50962160591	8061.73828125	
28.866592	-7.58415373035203E-03	-1.12639017168562E-05	0	1.46336086028	8061.73828125	
28.870688	-7.60065415969922E-03	-1.1158344610875E-05	0	1.56366050445	8061.73828125	
28.874784	-7.61653239194719E-03	-1.10230872942094E-05	0	1.52734465565	8013.4765625	
28.87888	-7.62956808406031E-03	-1.1092463907525E-05	0	1.51158998595	8013.4765625	
28.882976	-7.64609365730203E-03	-1.09567890432E-05	0	1.60695342126	8013.4765625	
28.887072	-7.66505809688094E-03	-1.04420383560281E-05	0	1.58246692615	8013.4765625	
28.891168	-7.68047057276984E-03	-1.02469296569062E-05	0	1.51178072045	7966.49609375	
28.895264	-7.69583980116016E-03	-1.01317237624969E-05	0	1.59521943482	7966.49609375	
28.89936	-7.71243696592703E-03	-9.86399350138125E-06	0	1.59950714638	7966.49609375	
28.903456	-7.72436001784906E-03	-9.87403171249688E-06	0	1.55621804426	7966.49609375	
28.907552	-7.73913457027563E-03	-9.8224449852375E-06	0	1.6464964978	7966.49609375	
28.911648	-7.75695930568969E-03	-9.29671546289062E-06	0	1.63924095742	7919.7578125	
28.915744	-7.77093016781469E-03	-9.1274302956375E-06	0	1.55814064802	7919.7578125	
28.91984	-7.78499849681813E-03	-9.01761381891562E-06	0	1.64517661506	7919.7578125	
28.923936	-7.80008647931906E-03	-8.77437511984687E-06	0	1.63925240149	7919.7578125	
28.928032	-7.81247419041203E-03	-8.68781462948437E-06	0	1.60887602502	7919.7578125	
28.932128	-7.82573626900828E-03	-8.639770206375E-06	0	1.69977627303	7871.21484375	
28.936224	-7.84286648433922E-03	-8.14042142687812E-06	0	1.70366725683	7871.21484375	
28.94032	-7.85632057085734E-03	-7.91809809150937E-06	0	1.63163446556	7871.21484375	
28.944416	-7.86889672401078E-03	-7.85974646716875E-06	0	1.66977755087	7871.21484375	
28.948512	-7.88298909972062E-03	-7.64176807937813E-06	0	1.71379907347	7871.21484375	
28.952608	-7.89357266780672E-03	-7.58842534425937E-06	0	1.6575972457	7823.015625	
28.956704	-7.90387270419484E-03	-0.000007723453815	0	1.72174125805	7823.015625	
28.9608	-7.92051613372766E-03	-7.16900773483125E-06	0	1.75554322614	7823.015625	
28.964896	-7.93382118552547E-03	-6.83799147930937E-06	0	1.68208374081	7823.015625	
28.968992	-7.94653814448828E-03	-6.66957001311562E-06	0	1.72678809292	7774.7578125	
28.973088	-7.95970101899156E-03	-6.45027191510625E-06	0	1.75582169851	7774.7578125	
28.977184	-7.97087615434172E-03	-6.323618676375E-06	0	1.71643883895	7774.7578125	
28.98128	-7.98062192786203E-03	-6.40703325642187E-06	0	1.76881834734	7774.7578125	
28.985376	-7.99543095028219E-03	-6.01211345903437E-06	0	1.81257665633	7774.7578125	
28.989472	-8.00800682913859E-03	-5.6517789636E-06	0	1.75056887038	7774.7578125	
28.993568	-8.01813716709672E-03	-5.630546292525E-06	0	1.75090074841	7728.21484375	
28.997664	-8.03012467882109E-03	-5.45601113052187E-06	0	1.82605014141	7728.21484375	
29.00176	-8.04110003450016E-03	-5.22483275593125E-06	0	1.77456708517	7728.21484375	
29.005856	-8.04939623964266E-03	-5.3221071778875E-06	0	1.79431192061	7728.21484375	
29.009952	-8.06399350475469E-03	-4.88889583225312E-06	0	1.8650400879	7728.21484375	
29.014048	-8.07654835417203E-03	-4.46406452631562E-06	0	1.80206718538	7681.15625	
29.018144	-8.08690014126672E-03	-4.376724469425E-06	0	1.79269830674	7681.15625	
29.02224	-8.09807920820766E-03	-4.23032629851562E-06	0	1.86565806768	7681.15625	
29.026336	-8.10860718542875E-03	-4.034051735175E-06	0	1.8274272445	7681.15625	
29.030432	-8.11612109543812E-03	-4.13083793646562E-06	0	1.84872465877	7632.43359375	
29.034528	-8.12797913896375E-03	-3.90184153084687E-06	0	1.91144579175	7632.43359375	
29.038624	-8.14061399168188E-03	-3.42108624237187E-06	0	1.87722802245	7632.43359375	
29.04272	-8.15025882389469E-03	-3.2897736333E-06	0	1.8278087135	7632.43359375	
29.046816	-8.16079146416531E-03	-3.14864661096562E-06	0	1.91802994669	7632.43359375	
29.050912	-8.17166871293953E-03	-2.87296876164375E-06	0	1.89589711531	7584.3359375	
29.055008	-0.008178033592685	-2.996710464825E-06	0	1.88220237821	7584.3359375	
29.059104	-8.18914307961234E-03	-2.83222385046562E-06	0	1.96640403058	7584.3359375	
29.0632	-8.2016992090825E-03	-2.3025698128125E-06	0	1.93595898969	7584.3359375	
29.067296	-8.21054528834031E-03	-2.19158602956562E-06	0	1.87071634662	7584.3359375	
29.071392	-8.21922011481828E-03	-2.16395240335312E-06	0	1.96463401442	7535.81640625	
29.075488	-8.22885406658219E-03	-1.97504345764688E-06	0	1.93812573361	7535.81640625	
29.079584	-8.23584681223219E-03	-1.9714143747375E-06	0	1.91776673308	7535.81640625	
29.08368	-8.24565027956141E-03	-1.82517750174375E-06	0	2.01035688876	7535.81640625	
29.087776	-8.25866393647969E-03	-1.2605804701875E-06	0	1.99929810245	7535.81640625	
29.091872	-8.26758233872141E-03	-1.06723186545937E-06	0	1.92518630513	7489.57421875	
29.095968	-8.27611041628766E-03	-1.044862416675E-06	0	2.0087394602	7489.57421875	
29.100064	-8.2863085056125E-03	-8.0448813781875E-07	0	2.01715085165	7489.57421875	
29.10416	-8.29228735800266E-03	-8.388443534625E-07	0	1.9694863001	7489.57421875	
29.108256	-8.29940573169297E-03	-9.28242100603125E-07	0	2.05343236824	7489.57421875	
29.112352	-0.008310895760035	-4.839754775625E-07	0	2.06399905954	7442.13671875	
29.116448	-8.31941963171344E-03	-2.53251669825E-07	0	1.97458272594	7442.13671875	
29.120544	-8.32695539405297E-03	-2.21270692190625E-07	0	2.05937565526	7442.13671875	
29.12464	-8.33636871957141E-03	-4.005765225E-09	0	2.05921925297	7442.13671875	
29.128736	-8.34319377830297E-03	7.8805690425E-08	0	2.01833340555	7442.1328125	
29.132832	-8.35006912482359E-03	5.1739611721875E-08	0	2.09523374126	7393.4140625	
29.136928	-8.36149990500687E-03	4.58266609040625E-07	0	2.11714913531	7393.4140625	
29.141024	-8.37026259796719E-03	7.52063911396875E-07	0	2.04059975108	7393.4140625	
29.14512	-8.37660653970594E-03	6.93655075575E-07	0	2.08012756886	7393.4140625	
29.149216	-8.38552110178922E-03	8.5688712388125E-07	0	2.132030241	7393.4140625	
29.153312	-8.39215780989266E-03	9.6155336536875E-07	0	2.07750687683	7393.4140625	
29.157408	-8.39785678787859E-03	8.6019288980625E-07	0	2.12667823093	7345.57421875	
29.161504	-8.40938457777859E-03	1.26718935780937E-06	0	2.17512860862	7345.57421875	
29.1656	-8.41970381495891E-03	1.6991992623375E-06	0	2.10131054243	7345.57421875	
29.169696	-0.008427156739595	1.76209799751562E-06	0	2.13053869721	7345.57421875	
29.173792	-8.43639908663063E-03	1.9168067370375E-06	0	2.18177761329	7296.9140625	
29.177888	-8.44416416128828E-03	2.0673719710875E-06	0	2.13517354556	7296.9140625	
29.181984	-8.45022411416734E-03	1.98837709815937E-06	0	2.18601191919	7296.9140625	
29.18608	-8.46101916526453E-03	2.28119819956875E-06	0	2.2270541689	7296.9140625	
29.190176	-8.47141493131656E-03	2.6910194243625E-06	0	2.17781033569	7296.9140625	
29.194272	-8.47812240805406E-03	2.69169562560937E-06	0	2.15419740459	7296.9140625	
29.198368	-8.48723930991406E-03	2.82317842681875E-06	0	2.23997833862	7250.97265625	
29.202464	-8.49573995777719E-03	3.03608374275937E-06	0	2.19485437061	7250.97265625	
29.20656	-8.50162088612719E-03	2.97086962528125E-06	0	2.21358449851	7250.97265625	
29.210656	-8.51188855546563E-03	3.19903766634375E-06	0	2.28657096228	7250.97265625	
29.214752	-8.52346443877844E-03	3.68459511347812E-06	0	2.24260284534	7203.1328125	
29.218848	-8.53063492890469E-03	3.759582778875E-06	0	2.2063785491	7203.1328125	
29.222944	-8.53840695242047E-03	3.77197675686562E-06	0	2.29642430655	7203.1328125	
29.22704	-8.54590010728781E-03	3.88625981565937E-06	0	2.25500440253	7203.1328125	
29.231136	-8.55064837176344E-03	3.75904792364062E-06	0	2.26143596987	7154.43359375	
29.235232	-8.55871654464063E-03	3.8528740317375E-06	0	2.33992703131	7154.43359375	
29.239328	-8.56946560526891E-03	4.29818873065312E-06	0	2.31413209753	7154.43359375	
29.243424	-8.5760978331875E-03	4.40870112014062E-06	0	2.25029707507	7154.43359375	
29.24752	-8.58365654504531E-03	4.45453328584687E-06	0	2.34486705486	7154.43359375	
29.251616	-8.59173632983016E-03	4.65904173518437E-06	0	2.32832274433	7154.43359375	
29.255712	-8.59633263375047E-03	4.57884974806875E-06	0	2.29899540761	7106.69140625	
29.259808	-8.60319280250203E-03	4.59012569833125E-06	0	2.39083406936	7106.69140625	
29.263904	-8.61352932039531E-03	5.002716151125E-06	0	2.3811676449	7106.69140625	
29.268	-8.61999825014797E-03	5.15248955904375E-06	0	2.30667056389	7106.69140625	
29.272096	-8.62577366557328E-03	5.091654523725E-06	0	2.40585631858	7106.69140625	
29.276192	-8.63331482242109E-03	5.27287237135312E-06	0	2.38153766983	7058.11328125	
29.280288	-8.63810002556359E-03	5.27057213326875E-06	0	2.3558381033	7058.11328125	
29.284384	-8.64448767196266E-03	5.30582618455312E-06	0	2.44714652314	7058.11328125	
29.28848	-8.65486067136109E-03	5.73164066258437E-06	0	2.44062721793	7058.11328125	
29.292576	-8.66204176763922E-03	5.9769401769E-06	0	2.36812521979	7058.11328125	
29.296672	-8.66799383035266E-03	5.94749020635E-06	0	2.43791878803	7012.29296875	
29.300768	-8.67552666685719E-03	6.13143281086875E-06	0	2.46252353853	7012.29296875	
29.304864	-8.67985918846578E-03	6.10362875213437E-06	0	2.40791243649	7012.29296875	
29.30896	-8.68450340293422E-03	6.00683029124062E-06	0	2.49410917173	7012.29296875	
29.313056	-0.008693899264875	6.35352585800625E-06	0	2.5064039176	7012.29296875	
29.317152	-8.70156211817234E-03	6.68974331025E-06	0	2.42620387504	6964.19140625	
29.321248	-8.70672630837969E-03	6.66614669923125E-06	0	2.49605466363	6964.19140625	
29.325344	-8.71429571782172E-03	6.85115733152812E-06	0	2.51626489125	6964.19140625	
29.32944	-8.71916412439703E-03	6.89879478389062E-06	0	2.47106844413	6964.19140625	
29.333536	-8.72364824083156E-03	6.82722249969375E-06	0	2.55293169153	6964.19140625	
29.337632	-8.73215236312375E-03	7.11701860412812E-06	0	2.57554517385	6915.6328125	
29.341728	-8.73937423822719E-03	7.43680578434062E-06	0	2.51335428278	6915.6328125	
29.345824	-8.74317992667109E-03	7.32410950280625E-06	0	2.52079674297	6915.6328125	
29.34992	-8.74953301164422E-03	7.44313342224375E-06	0	2.59726220402	6915.6328125	
29.354016	-8.75388244823641E-03	7.50436388985937E-06	0	2.53599065324	6915.6328125	
29.358112	-8.75710982710609E-03	7.3910570320125E-06	0	2.58415111449	6867.9140625	
29.362208	-8.76450432647453E-03	7.63415799083437E-06	0	2.64183304198	6867.9140625	
29.366304	-8.77285054510906E-03	8.09378950235625E-06	0	2.58022198379	6867.9140625	
29.3704	-8.77685802473563E-03	8.08764551811562E-06	0	2.57572827897	6867.9140625	
29.374496	-8.78275632523094E-03	8.1674274094875E-06	0	2.65053816456	6819.25390625	
29.378592	-8.78675822748453E-03	8.22897518447812E-06	0	2.60578040679	6819.25390625	
29.382688	-8.78913784566297E-03	8.06372030165625E-06	0	2.64243194831	6819.25390625	
29.386784	-8.79478946169484E-03	8.18205672178125E-06	0	2.70841082655	6819.25390625	
29.39088	-8.80234360193547E-03	8.59442481902812E-06	0	2.6684138019	6819.25390625	
29.394976	-8.80525544778688E-03	8.57377243583437E-06	0	2.6270625623	6819.25390625	
29.399072	-8.81062060628578E-03	8.64685457429062E-06	0	2.7231546034	6773.7109375	
29.403168	-8.81527615836484E-03	8.80496883925312E-06	0	2.68648398843	6773.7109375	
29.407264	-8.81803357498766E-03	8.74466313032812E-06	0	2.68392433144	6773.7109375	
29.41136	-0.008823168506845	8.85002360189062E-06	0	2.77072760239	6773.7109375	
29.415456	-8.83140217226438E-03	9.32105822700937E-06	0	2.73133329876	6725.3515625	
29.419552	-8.83481662170938E-03	9.40073074349063E-06	0	2.68814337858	6725.3515625	
29.423648	-8.83899187968672E-03	9.35056204365937E-06	0	2.78583377479	6725.3515625	
29.427744	-0.00884372249772	9.52744215524062E-06	0	2.74926997114	6725.3515625	
29.43184	-8.84591842831984E-03	9.4311761457375E-06	0	2.74040844627	6725.3515625	
29.435936	-8.85034905683328E-03	9.50517751404375E-06	0	2.83334192405	6676.79296875	
29.440032	-8.85858400230547E-03	9.99561163899375E-06	0	2.81621778064	6676.79296875	
29.444128	-8.86268035417016E-03	1.01643419991094E-05	0	2.74793101495	6676.79296875	
29.448224	-8.86719491757516E-03	1.01719342992094E-05	0	2.83634027039	6676.79296875	
29.45232	-8.87222845096328E-03	1.03666047776156E-05	0	2.84036476834	6676.79296875	
29.456416	-8.87447421219047E-03	1.02837231297281E-05	0	2.80002823628	6629.09375	
29.460512	-8.8776607208025E-03	1.02542265246094E-05	0	2.89301893441	6629.09375	
29.464608	-8.88491084850016E-03	1.06275006705656E-05	0	2.88881896072	6629.09375	
29.468704	-8.88938499880922E-03	1.08732158094656E-05	0	2.81158674698	6629.09375	
29.4728	-8.89213290646828E-03	1.07570243391187E-05	0	2.89974041819	6629.09375	
29.476896	-8.8971555594075E-03	1.09544998627969E-05	0	2.8977529647	6580.43359375	
29.480992	-8.89928986460766E-03	1.09261825834219E-05	0	2.86480930186	6580.43359375	
29.485088	-8.90253525564906E-03	1.09290847439812E-05	0	2.95508012602	6580.43359375	
29.489184	-8.90951456074453E-03	1.13272725669469E-05	0	2.96291931397	6580.43359375	
29.49328	-8.91414195166172E-03	1.16235741937219E-05	0	2.89429304087	6535.03125	
29.497376	-0.0089163651291	1.1490928893675E-05	0	2.9375401814	6535.03125	
29.501472	-8.92040698728781E-03	1.16212157826187E-05	0	2.98482707864	6535.03125	
29.505568	-8.92203411727719E-03	1.15735504456687E-05	0	2.93442739436	6535.03125	
29.509664	-0.008923577312375	1.14796387607344E-05	0	3.00218773283	6535.03125	
29.51376	-8.92905831565344E-03	1.17693492883312E-05	0	3.0390109354	6535.03125	
29.517856	-8.93460112719625E-03	1.22267620520719E-05	0	2.9658070343	6486.453125	
29.521952	-8.93622679426813E-03	1.21253652784687E-05	0	3.01657292882	6486.453125	
29.526048	-8.94066281728984E-03	1.23011706315094E-05	0	3.04467956474	6486.453125	
29.530144	-0.00894253964901	1.23298424778375E-05	0	3.00442695586	6486.453125	
29.53424	-8.94386102924188E-03	1.22230728730687E-05	0	3.06622111917	6438.0703125	
29.538336	-8.94806380835469E-03	1.24050101911312E-05	0	3.1100023163	6438.0703125	
29.542432	-8.95304275663359E-03	1.27990146048187E-05	0	3.0479754569	6438.0703125	
29.546528	-8.95373380228766E-03	1.2662866183275E-05	0	3.05550565496	6438.0703125	
29.550624	-8.95684899367156E-03	1.27399951926844E-05	0	3.13462232556	6438.0703125	
29.55472	-8.95826866367297E-03	1.27792557303469E-05	0	3.08525642227	6438.0703125	
29.558816	-8.95896044078578E-03	1.26775577551219E-05	0	3.11267641399	6390.171875	
29.562912	-8.96289578029313E-03	1.290249863595E-05	0	3.187173495	6390.171875	
29.567008	-8.96947854331375E-03	1.34985821744812E-05	0	3.1311738458	6390.171875	
29.571104	-8.97068316444266E-03	1.34906290574344E-05	0	3.12286545098	6390.171875	
29.5752	-8.97345786177844E-03	1.34906386728094E-05	0	3.20328293087	6342.01171875	
29.579296	-8.97525094147172E-03	1.35725782543312E-05	0	3.1640946205	6342.01171875	
29.583392	-8.97554352497172E-03	1.34241661431281E-05	0	3.17382589469	6342.01171875	
29.587488	-8.97833248575313E-03	1.35440972731969E-05	0	3.25147772433	6342.01171875	
29.591584	-8.98420244222188E-03	1.40591998830937E-05	0	3.22618632963	6296.65234375	
29.59568	-8.98533547182562E-03	1.40751989055562E-05	0	3.17549291422	6296.65234375	
29.599776	-8.98838218038406E-03	1.41239171260687E-05	0	3.27058932123	6296.65234375	
29.603872	-8.99100363711172E-03	1.43106489104906E-05	0	3.25832127819	6296.65234375	
29.607968	-8.99179452688516E-03	1.42277754356719E-05	0	3.24661399458	6296.65234375	
29.612064	-8.99375602495562E-03	1.42676443861875E-05	0	3.32924017998	6296.65234375	
29.61616	-8.99951598831484E-03	1.47557116865812E-05	0	3.31094111205	6248.03125	
29.620256	-9.00137508216031E-03	0.000014908215861	0	3.25120688134	6248.03125	
29.624352	-9.00328903541203E-03	1.48366921344469E-05	0	3.34718829643	6248.03125	
29.628448	-9.00600421029203E-03	1.50427476976219E-05	0	3.32405983096	6248.03125	
29.632544	-9.00607799619344E-03	1.49085718702594E-05	0	3.31110514372	6199.69140625	
29.63664	-9.00794074733266E-03	1.49606182124437E-05	0	3.40042611007	6199.69140625	
29.640736	-9.01389098139922E-03	1.55027542087688E-05	0	3.39610788099	6199.69140625	
29.644832	-9.01627718270641E-03	1.57249116789188E-05	0	3.32523094079	6199.69140625	
29.648928	-0.00901778627354	1.56054331926281E-05	0	3.39954110199	6199.69140625	
29.653024	-9.02007244786313E-03	1.57409123840719E-05	0	3.42139164631	6199.69140625	
29.65712	-9.02002526877375E-03	1.56126798199969E-05	0	3.38608287567	6199.69140625	
29.661216	-9.02068230159594E-03	1.55642416472812E-05	0	3.46559245934	6151.55078125	
29.665312	-9.02524367836094E-03	1.59819414699656E-05	0	3.48477272066	6151.55078125	
29.669408	-9.02782252761641E-03	1.63179298359E-05	0	3.40871543144	6151.55078125	
29.673504	-9.02756679135094E-03	1.60817949758812E-05	0	3.4887247395	6151.55078125	
29.6776	-9.03004040197875E-03	1.62834370819312E-05	0	3.49636174888	6103.55078125	
29.681696	-9.03020744887078E-03	1.62683796450656E-05	0	3.46238430505	6103.55078125	
29.685792	-9.03070840668219E-03	1.62387152516531E-05	0	3.54020016636	6103.55078125	
29.689888	-9.03456356002406E-03	1.65812829379312E-05	0	3.5607079398	6103.55078125	
29.693984	-9.03732243956437E-03	1.69543397764125E-05	0	3.49896336746	6103.55078125	
29.69808	-9.03712211129922E-03	1.67470880605875E-05	0	3.53716748781	6057.93359375	
29.702176	-9.03917275590484E-03	1.69144378932375E-05	0	3.59075243824	6057.93359375	
29.706272	-9.03888401256328E-03	1.68605629471125E-05	0	3.54887477142	6057.93359375	
29.710368	-9.03846260089094E-03	1.67539476691125E-05	0	3.5996177778	6009.01171875	
29.714464	-9.04130660394328E-03	1.70403969018937E-05	0	3.6517264432	6009.01171875	
29.71856	-9.04561489598078E-03	1.76473857179812E-05	0	3.58274921862	6009.01171875	
29.722656	-9.04509994902078E-03	1.74903043846781E-05	0	3.62163235379	6009.01171875	
29.726752	-9.04724915769297E-03	1.76312927052281E-05	0	3.67242876583	6009.01171875	
29.730848	-9.04716824006875E-03	1.76336172221344E-05	0	3.6365058301	5960.79296875	
29.734944	-9.04668282575578E-03	1.74996269715094E-05	0	3.68914473741	5960.79296875	
29.73904	-9.04885644686375E-03	1.77020178748875E-05	0	3.73702672629	5960.79296875	
29.743136	-9.05267045565094E-03	1.82487581935312E-05	0	3.69219267472	5960.79296875	
29.747232	-9.05175366354016E-03	1.80652740020156E-05	0	3.67526689519	5960.79296875	
29.751328	-9.05304212812828E-03	1.81288537461281E-05	0	3.76499603337	5912.57421875	
29.755424	-9.05316583608938E-03	1.81870012841344E-05	0	3.72719245547	5912.57421875	
29.75952	-9.05278748905094E-03	1.81122910223062E-05	0	3.7501072983	5912.57421875	
29.763616	-9.05482222442875E-03	1.83546285203531E-05	0	3.83174547899	5912.57421875	
29.767712	-9.05963092568359E-03	1.90246504464844E-05	0	3.79312555743	5912.57421875	
29.771808	-9.05928083123938E-03	1.89666017064562E-05	0	3.75948380632	5865.09375	
29.775904	-9.06018994303328E-03	1.89128012794875E-05	0	3.85892514524	5865.09375	
29.78	-9.06088309163125E-03	1.90201845855656E-05	0	3.82798800934	5865.09375	
29.784096	-9.05965021790812E-03	1.88158511360531E-05	0	3.83480867506	5865.09375	
29.788192	-9.06026692906672E-03	1.88781316026187E-05	0	3.91888444266	5865.09375	
29.792288	-9.06439747662797E-03	1.94822331619781E-05	0	3.90436573252	5819.171875	
29.796384	-9.06454440840438E-03	1.95575443847437E-05	0	3.84083969995	5819.171875	
29.80048	-9.06559121730797E-03	1.95693866805937E-05	0	3.94655238923	5819.171875	
29.804576	-9.06628710887625E-03	1.97101100975625E-05	0	3.93518461303	5819.171875	
29.808672	-9.06510598585969E-03	1.95485412687469E-05	0	3.91555421829	5819.171875	
29.812768	-9.06498063211641E-03	1.95350958495E-05	0	4.00838088475	5770.05078125	
29.816864	-9.06893069223109E-03	2.01230875692E-05	0	4.00830459095	5770.05078125	
29.82096	-9.06916530762516E-03	2.02551109948687E-05	0	3.93772901126	5770.05078125	
29.825056	-9.06836289737641E-03	2.00013415371E-05	0	4.04233162575	5770.0546875	
29.829152	-9.06907314382266E-03	2.01868014477938E-05	0	4.0300292505	5770.0546875	
29.833248	-9.06749392438141E-03	2.00280725199844E-05	0	4.00960540024	5722.01171875	
29.837344	-9.06720353525766E-03	2.00539515806437E-05	0	4.10085659973	5722.01171875	
29.84144	-9.07077131674312E-03	2.06280488430844E-05	0	4.10810832542	5722.01171875	
29.845536	-9.07157738428563E-03	2.09024245302469E-05	0	4.03928368844	5722.01171875	
29.849632	-9.07104360226281E-03	2.07185102910844E-05	0	4.11893823033	5722.01171875	
29.853728	-9.07163590098562E-03	2.08529998200562E-05	0	4.14400455832	5673.734375	
29.857824	-9.06999030166281E-03	2.06791680227344E-05	0	4.10496120617	5673.734375	
29.86192	-9.06852445832781E-03	2.05467455590031E-05	0	4.18056454728	5673.734375	
29.866016	-9.07092867180672E-03	0.000020973209796	0	4.21234854436	5673.734375	
29.870112	-9.07248302165047E-03	2.14369672649344E-05	0	4.13996098692	5673.734375	
29.874208	-9.07090407650625E-03	2.11528781259469E-05	0	4.2107311158	5626.5546875	
29.878304	-9.07214929359578E-03	2.14119281072813E-05	0	4.23368029084	5626.5546875	
29.8824	-9.07111226795297E-03	2.1382838232525E-05	0	4.21036872025	5626.5546875	
29.886496	-9.07067412416172E-03	2.13820778967469E-05	0	4.28284401556	5626.5546875	
29.890592	-0.009073502949445	2.18431817625656E-05	0	4.31193102681	5580.51171875	
29.894688	-9.07583419991359E-03	2.23239779163844E-05	0	4.26209591665	5580.51171875	
29.898784	-9.07450687657937E-03	2.20218404781375E-05	0	4.28405708698	5580.51171875	
29.90288	-9.07492609387547E-03	2.2099468285125E-05	0	4.34790355351	5580.51171875	
29.906976	-9.07382817429172E-03	2.20374411836906E-05	0	4.30735339881	5580.51171875	
29.911072	-9.07264247965797E-03	2.19425138747719E-05	0	4.3578637091	5531.234375	
29.915168	-9.07486007972328E-03	2.23595307654469E-05	0	4.41412275722	5531.234375	
29.919264	-9.07855257492562E-03	2.31051466063687E-05	0	4.36358955879	5531.234375	
29.92336	-9.07766412684141E-03	2.29153374211781E-05	0	4.37765813551	5531.234375	
29.927456	-9.07889407472953E-03	2.30390074898156E-05	0	4.44594871589	5531.234375	
29.931552	-9.07827910078547E-03	2.30012051237719E-05	0	4.41549223093	5483.2734375	
29.935648	-9.07626996646391E-03	2.27077405133906E-05	0	4.45415792877	5483.2734375	
29.939744	-9.07650741626062E-03	2.28280627488375E-05	0	4.51761529692	5483.2734375	
29.94384	-9.07918190374766E-03	2.34643286991094E-05	0	4.49258330114	5483.2734375	
29.947936	-0.00907789462778	2.33285480656594E-05	0	4.46792514498	5483.2734375	
29.952032	-9.07861868051016E-03	2.34735404687437E-05	0	4.55813111941	5483.2734375	
29.956128	-9.07791483432797E-03	2.35188875387813E-05	0	4.52901740533	5434.9140625	
29.960224	-9.07590003120109E-03	2.32767144636469E-05	0	4.54034703463	5434.9140625	
29.96432	-9.07622534748016E-03	2.34235542206531E-05	0	4.62550998888	5434.9140625	
29.968416	-9.08026848572078E-03	2.42577791075812E-05	0	4.6027286602	5434.9140625	
29.972512	-9.07935909962984E-03	2.4218481550725E-05	0	4.56878173389	5388.015625	
29.976608	-9.07884726136953E-03	2.40524634475125E-05	0	4.66152066248	5388.015625	
29.980704	-9.07827663211219E-03	2.41372631223281E-05	0	4.64000962557	5388.015625	
29.9848	-9.07586391542531E-03	2.38513583601562E-05	0	4.64256928256	5388.015625	
29.988896	-9.07561430512687E-03	2.3986635628725E-05	0	4.7301774531	5388.015625	
29.992992	-9.07902427438703E-03	2.47370257437187E-05	0	4.71948106234	5341.4921875	
29.997088	-9.07850503010687E-03	2.47977384233906E-05	0	4.66905086054	5341.4921875	
30.001184	-9.07835517249547E-03	2.47079070228375E-05	0	4.76591346902	5341.4921875	
30.00528	-9.07859765107109E-03	2.49074488906031E-05	0	4.76782081402	5341.4921875	
30.009376	-9.07697308118734E-03	2.47234574880562E-05	0	4.74365475287	5341.4921875	
30.013472	-9.07648784973906E-03	2.47670564829187E-05	0	4.84348519017	5292.11328125	
30.017568	-9.07969666784297E-03	2.54571002640281E-05	0	4.84331734381	5292.11328125	
30.021664	-9.07957771436375E-03	2.56303344657937E-05	0	4.77815480923	5292.11328125	
30.02576	-9.07819845745828E-03	2.52680768953594E-05	0	4.87246157541	5292.11328125	
30.029856	-9.07911918115984E-03	2.55953424334781E-05	0	4.8778059561	5292.11328125	
30.033952	-9.07759875271563E-03	2.54512437795E-05	0	4.8577788336	5244.35546875	
30.038048	-9.07705802183469E-03	2.54750944768031E-05	0	4.95170794547	5244.35546875	
30.042144	-9.07999876030672E-03	2.61111289369219E-05	0	4.96499069605	5244.35546875	
30.04624	-9.0811466933825E-03	2.65025900839219E-05	0	4.90953654752	5244.35546875	
30.050336	-9.08043928133891E-03	2.62775220397594E-05	0	4.96901900869	5244.35546875	
30.054432	-9.0808365548725E-03	2.64703163181187E-05	0	5.01334952118	5196.0546875	
30.058528	-9.07842548396781E-03	2.61401858790187E-05	0	4.97798353019	5196.0546875	
30.062624	-9.07639239437219E-03	2.59128000487125E-05	0	5.0587367028	5196.0546875	
30.06672	-9.07850375005406E-03	2.64715028553938E-05	0	5.09456427128	5196.0546875	
30.070816	-9.08073497353859E-03	2.71732526344125E-05	0	5.03306765379	5149.43359375	
30.074912	-9.07891336695406E-03	2.68006719973781E-05	0	5.07818780711	5149.43359375	
30.079008	-9.07951288883203E-03	2.70227419676156E-05	0	5.12233902917	5149.43359375	
30.083104	-9.07774769600359E-03	2.68750574999156E-05	0	5.10242253268	5149.43359375	
30.0872	-9.07643664762656E-03	2.67894734508844E-05	0	5.16357582807	5149.43359375	
30.091296	-9.07783382527141E-03	2.71942910749125E-05	0	5.20811614851	5149.43359375	
30.095392	-0.00907946287534	2.77551143121656E-05	0	5.17749563188	5102.79296875	
30.099488	-9.07675364356234E-03	2.72551354852219E-05	0	5.18931735619	5102.79296875	
30.103584	-9.07645429406891E-03	2.73623897048906E-05	0	5.26323460432	5102.79296875	
30.10768	-9.07450852236156E-03	2.72788212788437E-05	0	5.22985988151	5102.79296875	
30.111776	-9.07232210072547E-03	2.712233056995E-05	0	5.26699588866	5053.515625	
30.115872	-9.07286091152719E-03	2.74959328405781E-05	0	5.34121068261	5053.515625	
30.119968	-9.0758801903825E-03	2.83613939943469E-05	0	5.29584257444	5053.515625	
30.124064	-9.07405245783094E-03	2.80727346676219E-05	0	5.30725612692	5053.515625	
30.12816	-9.07420889857109E-03	2.81308079268562E-05	0	5.37967801657	5053.515625	
30.132256	-9.07294740652437E-03	2.814204493485E-05	0	5.35975007601	5005.77734375	
30.136352	-9.07022336270703E-03	2.77803138061969E-05	0	5.38295864997	5005.77734375	
30.140448	-9.06998883874531E-03	2.80039520440969E-05	0	5.46006879363	5005.77734375	
30.144544	-9.07262501608031E-03	2.88255637224844E-05	0	5.4414264036	5005.77734375	
30.14864	-9.07108758122016E-03	2.86328699247937E-05	0	5.41190833238	5005.77734375	
30.152736	-9.0712368902375E-03	2.8716734744775E-05	0	5.5102815581	5005.77734375	
30.156832	-9.07057601725688E-03	2.88187274312437E-05	0	5.50270558376	5005.77734375	
30.160928	-9.06873584990656E-03	2.86081401418312E-05	0	5.51010989705	4957.27734375	
30.165024	-9.06893407522781E-03	2.88542514341812E-05	0	5.60151368414	4957.27734375	
30.16912	-9.07275750154641E-03	2.98459165482844E-05	0	5.58536610137	4957.27734375	
30.173216	-9.07170575529625E-03	2.97313226724937E-05	0	5.54356854304	4957.27734375	
30.177312	-9.07030839478672E-03	2.93330829265031E-05	0	5.64807197559	4957.27734375	
30.181408	-9.06983276373453E-03	2.94834770068781E-05	0	5.63983224519	4910.75390625	
30.185504	-9.06756213290984E-03	2.92040299305562E-05	0	5.63808130248	4910.75390625	
30.1896	-9.06731005393813E-03	2.94261489392062E-05	0	5.72973685911	4910.75390625	
30.193696	-9.07042222805469E-03	3.03148071851625E-05	0	5.73501257538	4863.85546875	
30.197792	-9.07024658652234E-03	3.04441654692656E-05	0	5.6817137267	4863.85546875	
30.201888	-9.07011272957109E-03	3.03374653355812E-05	0	5.76322602262	4863.85546875	
30.205984	-9.07059256651109E-03	3.05780672584406E-05	0	5.79328577982	4863.85546875	
30.21008	-9.06865657806453E-03	3.02506933069687E-05	0	5.77183196326	4863.85546875	
30.214176	-9.06728362999078E-03	3.0147206391225E-05	0	5.86715725167	4863.85546875	
30.218272	-9.06980414541094E-03	3.0895705642725E-05	0	5.88869117672	4814.65625	
30.222368	-9.07062374494031E-03	3.13292953533656E-05	0	5.82448231464	4814.65625	
30.226464	-9.06905339443641E-03	3.09082279859719E-05	0	5.92580811042	4814.65625	
30.23056	-9.0698763769625E-03	3.12995076427688E-05	0	5.93251433544	4814.65625	
30.234656	-9.06791332454219E-03	3.09888442515094E-05	0	5.91875093392	4814.65625	
30.238752	-9.06724943429422E-03	3.10198461435844E-05	0	6.00643921295	4767.1171875	
30.242848	-9.07002084006562E-03	3.17981369518312E-05	0	6.03742593982	4767.1171875	
30.246944	-9.07134267745922E-03	3.22995775561594E-05	0	5.98811725688	4767.1171875	
30.25104	-9.06929486725625E-03	3.17363384559375E-05	0	6.04540245661	4767.1171875	
30.255136	-9.06864386896875E-03	3.17976494523187E-05	0	6.10129910918	4718.53515625	
30.259232	-9.06578340809453E-03	3.13797972259406E-05	0	6.06568897803	4718.53515625	
30.263328	-9.06396829320641E-03	3.12991441815937E-05	0	6.13512396541	4718.53515625	
30.267424	-9.06620262539063E-03	3.21055215002156E-05	0	6.19591105056	4718.53515625	
30.27152	-9.06926880903828E-03	3.31091204966156E-05	0	6.14017461497	4718.53515625	
30.275616	-9.06718369443906E-03	3.25400912579531E-05	0	6.19692957279	4672.23828125	
30.279712	-9.06776986719484E-03	3.27636323805656E-05	0	6.25049163508	4672.23828125	
30.283808	-9.06600577155453E-03	3.25748147809219E-05	0	6.23632006173	4672.23828125	
30.287904	-9.06443487245656E-03	3.23700224376375E-05	0	6.2851213909	4672.23828125	
30.292	-9.06531865749125E-03	3.28060758477375E-05	0	6.35103541941	4672.23828125	
30.296096	-9.06756835030922E-03	3.36216202245E-05	0	6.3216661211	4624.9765625	
30.300192	-9.06588892101922E-03	3.32258112453094E-05	0	6.32431351596	4624.9765625	
30.304288	-9.06687538457594E-03	3.35775803646937E-05	0	6.41923826192	4624.9765625	
30.308384	-9.06649072870578E-03	3.36528209144531E-05	0	6.40133973644	4624.9765625	
30.31248	-9.06512792962219E-03	3.34321136832375E-05	0	6.43696131166	4624.9765625	
30.316576	-9.06587209746797E-03	3.37277653106625E-05	0	6.51797769788	4575.9375	
30.320672	-9.06981868315359E-03	3.48592521599438E-05	0	6.49419310573	4575.9375	
30.324768	-9.06869095662578E-03	3.45370257994781E-05	0	6.48261933627	4575.9375	
30.328864	-9.06862421101484E-03	3.44768102346938E-05	0	6.58022962399	4575.9375	
30.33296	-9.06747646080375E-03	3.43833115301156E-05	0	6.5701931746	4528.1171875	
30.337056	-9.06525630063281E-03	3.40131655060312E-05	0	6.59690363398	4528.1171875	
30.341152	-9.06548341857469E-03	3.43490045932687E-05	0	6.68627037661	4528.1171875	
30.345248	-9.06927968948719E-03	3.55426310438719E-05	0	6.68017831668	4528.1171875	
30.349344	-9.0685890095625E-03	3.53947917686344E-05	0	6.63738512426	4528.1171875	
30.35344	-9.06896991670656E-03	3.54226491927E-05	0	6.75883722448	4528.1171875	
30.357536	-9.06928426110437E-03	3.56697715417312E-05	0	6.75174571577	4479.6796875	
30.361632	-9.06808009713719E-03	3.54155787670781E-05	0	6.75231028989	4479.6796875	
30.365728	-9.06800439115656E-03	3.55237178416312E-05	0	6.8589270607	4479.6796875	
30.369824	-9.07170676105203E-03	3.66034816657125E-05	0	6.86491993869	4479.6796875	
30.37392	-9.07110184466578E-03	3.65022303246562E-05	0	6.82266461756	4433.55859375	
30.378016	-9.06994531694969E-03	3.61035413002687E-05	0	6.93179908377	4433.55859375	
30.382112	-9.06996570636234E-03	3.6378700159725E-05	0	6.93265738902	4433.55859375	
30.386208	-9.06803694107094E-03	3.604859087445E-05	0	6.92840019498	4433.55859375	
30.390304	-9.06775231218484E-03	3.62437322658469E-05	0	7.02863117473	4433.55859375	
30.3944	-9.07120406602609E-03	3.73430225127094E-05	0	7.05250731944	4386.15625	
30.398496	-9.07158314452328E-03	3.75474403371375E-05	0	7.0075092362	4386.15625	
30.402592	-9.07065803206922E-03	3.71746027292062E-05	0	7.09451468572	4386.15625	
30.406688	-9.07066626098016E-03	3.73515282734344E-05	0	7.1343095318	4386.15625	
30.410784	-9.0683052035675E-03	3.69167861601E-05	0	7.11261157508	4386.15625	
30.41488	-9.06665265538656E-03	3.68112391502625E-05	0	7.19686281842	4337.37890625	
30.418976	-9.06914382102438E-03	3.77891843261625E-05	0	7.23934320626	4337.37890625	
30.423072	-9.07086457773375E-03	3.85071042813187E-05	0	7.18889393101	4337.37890625	
30.427168	-9.06945843971922E-03	3.79812031245281E-05	0	7.27473208539	4337.37890625	
30.431264	-9.07025737553891E-03	3.83375313739687E-05	0	7.31026210805	4337.37890625	
30.43536	-9.06881521318094E-03	3.80974104602437E-05	0	7.29935209465	4289.3984375	
30.439456	-9.06810880689313E-03	3.81232856747531E-05	0	7.39427302592	4289.3984375	
30.443552	-9.07032914992875E-03	3.89227175676281E-05	0	7.43310275543	4289.3984375	
30.447648	-9.07170218943484E-03	3.94977580983562E-05	0	7.40151330754	4289.3984375	
30.451744	-9.06951951652484E-03	3.87465422630344E-05	0	7.44446671694	4289.3984375	
30.45584	-9.06975769778031E-03	3.90392073549844E-05	0	7.52319810385	4289.3984375	
30.459936	-9.06807378830547E-03	3.88432565893969E-05	0	7.50353719159	4241.28125	
30.464032	-9.06675085372375E-03	3.88012102372125E-05	0	7.56947792293	4241.28125	
30.468128	-9.06853149861828E-03	3.95664597123469E-05	0	7.63794397905	4241.28125	
30.472224	-9.07228278481766E-03	4.07977991060062E-05	0	7.60158998335	4241.28125	
30.47632	-9.07106508886359E-03	4.02265085715281E-05	0	7.63720392919	4241.28125	
30.480416	-9.07180550798328E-03	4.04082872359031E-05	0	7.71714457283	4195	
30.484512	-9.07063425965984E-03	4.02369323591812E-05	0	7.70875225483	4195	
30.488608	-9.06888369600641E-03	3.99329711246813E-05	0	7.76968048351	4195	
30.492704	-9.06983733535172E-03	4.04778237048281E-05	0	7.84080156387	4195	
30.4968	-9.07262282170406E-03	4.15159688205281E-05	0	7.83112369534	4195	
30.500896	-9.07083074776656E-03	4.09217847993281E-05	0	7.82556569201	4147.28125	
30.504992	-9.0711491151875E-03	4.114092424365E-05	0	7.93894590819	4147.28125	
30.509088	-9.07048970512437E-03	4.11945439015687E-05	0	7.93118301404	4147.28125	
30.513184	-9.06924073930875E-03	4.10608430737312E-05	0	7.96111307178	4147.28125	
30.51728	-9.07002797178844E-03	4.14787940980875E-05	0	8.05669012973	4147.28125	
30.521376	-9.07397272882719E-03	4.28102723339156E-05	0	8.04996101657	4098.5390625	
30.525472	-9.07262721045656E-03	4.231352307105E-05	0	8.04647438991	4098.5390625	
30.529568	-9.07205082096156E-03	4.21214698977188E-05	0	8.15076801451	4098.54296875	
30.533664	-9.07125609102969E-03	4.22113577886E-05	0	8.14718983529	4050.5	
30.53776	-9.06910340792844E-03	4.17954127718531E-05	0	8.16543931225	4050.5	
30.541856	-9.06911163683937E-03	4.21580345246156E-05	0	8.27115200153	4050.5	
30.545952	-9.07270867667484E-03	4.35351047821594E-05	0	8.28611321571	4050.5	
30.550048	-9.07201424802406E-03	4.33203660545906E-05	0	8.25633574557	4050.5	
30.554144	-9.07222792541141E-03	4.33518398211937E-05	0	8.36989906687	4002.6796875	
30.55824	-9.07248293021812E-03	4.3605219856275E-05	0	8.39400790767	4002.6796875	
30.562336	-9.07081639288859E-03	4.32054712175625E-05	0	8.38891911121	4002.6796875	
30.566432	-9.06996744357687E-03	4.32164899565437E-05	0	8.50881481791	4002.6796875	
30.570528	-9.07320689151594E-03	4.44727819694813E-05	0	8.52675149029	4002.6796875	
30.574624	-9.07356658635625E-03	4.46813827224187E-05	0	8.49204925536	4002.6796875	
30.57872	-9.07262894767109E-03	4.42561521380344E-05	0	8.60579568178	3956.40234375	
30.582816	-9.07306151408938E-03	4.46228616270937E-05	0	8.62242391549	3956.40234375	
30.586912	-9.0712368902375E-03	4.4214903861975E-05	0	8.62497975779	3956.40234375	
30.591008	-9.07137431305016E-03	4.45505352571125E-05	0	8.73948530752	3956.40234375	
30.595104	-9.07568150789953E-03	4.60589948063437E-05	0	8.76981590771	3908.48046875	
30.5992	-9.07702748343187E-03	4.63915399064906E-05	0	8.7410569598	3908.48046875	
30.603296	-9.07610072519562E-03	4.57392807029812E-05	0	8.82062376382	3908.48046875	
30.607392	-9.07637575368563E-03	4.59654167749219E-05	0	8.89062332532	3908.48046875	
30.611488	-9.07481628363063E-03	4.564237358835E-05	0	8.87564685238	3908.48046875	
30.615584	-9.07403142839188E-03	4.56847653728812E-05	0	8.97470290761	3859.76171875	
30.61968	-9.07685751070484E-03	4.67763650024344E-05	0	9.02947422663	3859.76171875	
30.623776	-9.07939603829672E-03	4.76624746932469E-05	0	9.00008966956	3859.76171875	
30.627872	-9.07822286989406E-03	4.69761583122562E-05	0	9.07755457939	3859.76171875	
30.631968	-9.07980044355313E-03	4.75831603494844E-05	0	9.13420654058	3811.84375	
30.636064	-9.0787533603525E-03	4.73142829741312E-05	0	9.13583159852	3811.84375	
30.64016	-9.07782852219547E-03	4.71388076688375E-05	0	9.22779995973	3811.84375	
30.644256	-9.07969136476703E-03	4.79583871377187E-05	0	9.28814454084	3811.84375	
30.648352	-9.08181643530047E-03	4.88167083947812E-05	0	9.28406282254	3811.84375	
30.652448	-9.08025330795172E-03	4.81238992318219E-05	0	9.3262685527	3764.32421875	
30.656544	-9.08068377142609E-03	4.84510498662094E-05	0	9.41790503588	3764.32421875	
30.66064	-9.07919113841437E-03	4.81737467781281E-05	0	9.41260261678	3764.32421875	
30.664736	-9.07764876620766E-03	4.80148878023719E-05	0	9.44338716508	3764.32421875	
30.668832	-9.07936970578172E-03	4.89261755930062E-05	0	9.4072162745	3764.32421875	
30.672928	-9.08342116436562E-03	5.05156107824156E-05	0	9.44238008692	3764.32421875	
30.677024	-9.07995679286094E-03	4.90874973066844E-05	0	9.51777743477	3764.32421875	
30.68112	-9.07836779015891E-03	4.87670163771656E-05	0	9.47804743842	3764.32421875	
30.685216	-9.07611059988875E-03	4.86066415375406E-05	0	9.50368215522	3764.32421875	
30.689312	-9.07750073724312E-03	4.95849667611375E-05	0	9.48986534804	3764.32421875	
30.693408	-9.07691365016391E-03	4.98383977577062E-05	0	9.49445442011	3764.32421875	
30.697504	-9.07046072107141E-03	4.79752455343219E-05	0	9.49677756632	3764.32421875	
30.7016	-9.0633283582325E-03	4.66989388779375E-05	0	9.48337274566	3764.32421875	
30.705696	-9.05917422112656E-03	4.67751496190344E-05	0	9.49762061281	3764.32421875	
30.709792	-9.05920311374719E-03	4.82694748074E-05	0	9.48070627735	3764.32421875	
30.713888	-9.05626383819266E-03	4.80773673072E-05	0	9.4794283562	3764.32421875	
30.717984	-9.05397327511703E-03	4.80756644242875E-05	0	9.47258098765	3764.32421875	
30.72208	-9.05083321413563E-03	4.78482081613594E-05	0	9.47684962576	3764.32421875	
30.726176	-9.04960015754781E-03	4.82503736245781E-05	0	9.47391612915	3764.32421875	
30.730272	-9.04917179701734E-03	4.88419126965E-05	0	9.45965300324	3764.32421875	
30.734368	-9.04596361893984E-03	4.82435858909812E-05	0	9.45838271147	3764.32421875	
30.738464	-9.04077565632313E-03	4.72298635873969E-05	0	9.44950974253	3764.32421875	
30.74256	-9.03644743203469E-03	4.68646177987969E-05	0	9.44894135372	3764.32421875	
30.746656	-9.03544057906531E-03	4.77500351826094E-05	0	9.45178329777	3764.32421875	
30.750752	-9.03553950886125E-03	4.86616434056156E-05	0	9.44538987733	3764.32421875	
30.754848	-9.03327180387156E-03	4.83514600619531E-05	0	9.4518862944	3764.32421875	
30.758944	-9.02901919413141E-03	4.745106408735E-05	0	9.45176803901	3764.32421875	
30.76304	-9.02583277695172E-03	4.72838774756906E-05	0	9.4536410518	3764.32421875	
30.767136	-9.02490181282766E-03	4.79441330654344E-05	0	9.44882691302	3764.32421875	
30.771232	-9.02420317828906E-03	4.84060852477125E-05	0	9.4445620896	3764.32421875	
30.775328	-9.02156142358109E-03	4.79999524807687E-05	0	9.44234575471	3764.32421875	
30.779424	-9.01801028278219E-03	4.74549688911375E-05	0	9.43836703304	3764.32421875	
30.78352	-9.01520751571687E-03	4.73555764424531E-05	0	9.4393741112	3764.32421875	
30.787616	-9.01436633815438E-03	4.79834335069031E-05	0	9.43023411396	3764.32421875	
30.791712	-9.01327875042547E-03	4.82684752891687E-05	0	9.42612569283	3764.32421875	
30.795808	-9.01137686624313E-03	4.80762218756531E-05	0	9.42329900754	3764.32421875	
30.799904	-9.00868582950187E-03	4.77415479314812E-05	0	9.42276876563	3764.32421875	
30.804	-9.00671619395281E-03	4.77692673749156E-05	0	9.42390935794	3764.32421875	
30.808096	-9.00885013342359E-03	7.52073430618125E-06	0	9.42462270497	3764.32421875	
30.812192	-9.03591785589969E-03	0	0	9.42790715306	3764.32421875	
30.816288	-9.09650266408297E-03	0	0	9.42632024202	3764.32421875	
30.820384	-9.19014044739656E-03	0	0	9.42883030804	3764.32421875	
30.82448	-9.31715725357828E-03	0	0	9.42750661061	3764.32421875	
30.828576	-9.47536190651016E-03	0	0	9.4227420628	3764.32421875	
30.832672	-9.6611876304625E-03	0	0	9.41940039436	3764.32421875	
30.836768	-9.87083879454922E-03	0	0	9.41287727446	3764.32421875	
30.840864	-1.01013381787931E-02	0	0	9.41180916126	3764.32421875	
30.84496	-1.03497194436659E-02	0	0	9.40908165791	3764.32421875	
30.849056	-1.06109846229613E-02	0	0	9.40863533918	3764.32421875	
30.853152	-1.08801814666445E-02	0	0	9.40673180887	3764.32421875	
30.857248	-1.11518790763617E-02	0	0	9.40580102451	3764.32421875	
30.861344	-1.14231544515155E-02	0	0	9.40843316061	3764.32421875	
30.86544	-1.16906939925359E-02	0	0	9.40607949688	3764.32421875	
30.869536	-1.19505070433478E-02	0	0	9.40513345376	3764.32421875	
30.873632	-1.21981342656817E-02	0	0	9.4045841384	3764.32421875	
30.877728	-1.24301549926933E-02	0	0	9.40784188366	3764.32421875	
30.881824	-1.26436789565642E-02	0	0	9.40968056424	3764.32421875	
30.88592	-1.28355143456066E-02	0	0	9.40495797802	3764.32421875	
30.890016	-1.30020468392719E-02	0	0	9.40141031632	3764.32421875	
30.894112	-1.31402635589689E-02	0	0	9.39764521729	3764.32421875	
30.898208	-1.32494013189244E-02	0	0	9.39442561893	3764.32421875	
30.902304	-1.33293839559959E-02	0	0	9.3903934916	3764.32421875	
30.9064	-0.013379720295633	0	0	9.3881046776	3764.32421875	
30.910496	-1.33995205182661E-02	0	0	9.38881420994	3764.32421875	
30.914592	-1.33886558871553E-02	0	0	9.3908894013	3764.32421875	
30.918688	-1.33481793371712E-02	0	0	9.39259456773	3764.32421875	
30.922784	-1.32792686083338E-02	0	0	9.39219783997	3764.32421875	
30.92688	-1.31837573762967E-02	0	0	9.3929874808	3715.19140625	
30.930976	-1.30631498859795E-02	0	0	9.39334606166	3715.19140625	
30.935072	-1.29197135680748E-02	0	0	9.39120983526	3715.19140625	
30.939168	-1.27568514429847E-02	0	0	9.38639569648	3715.19140625	
30.943264	-1.25780558605109E-02	0	0	9.34084829788	3715.19140625	
30.94736	-1.23870319335194E-02	0	0	9.30175916945	3715.19140625	
30.951456	-0.012186108352373	0	0	9.30727902588	3715.19140625	
30.955552	-0.011979463026587	0	0	9.2429557231	3715.19140625	
30.959648	-1.17701318757034E-02	0	0	9.194165838	3719.0703125	
30.963744	-1.15632705867216E-02	0	0	9.21373901239	3719.0703125	
30.96784	-1.13618154179286E-02	-1.83165194238469E-05	0	9.10400563985	3719.0703125	
30.971936	-1.11748322519367E-02	-1.96786875328312E-05	0	9.04269975686	3757.390625	
30.976032	-1.10128292251484E-02	-1.15042740726375E-05	0	9.08939537715	3757.390625	
30.980128	-1.08708537217998E-02	-2.24296482434062E-06	0	8.95341312272	3757.390625	
30.984224	-1.07447697998214E-02	5.99308871844375E-06	0	8.93688025626	3757.390625	
30.98832	-1.06339582793812E-02	1.46489817452344E-05	0	8.9156171742	3757.390625	
30.992416	-1.05276088401808E-02	1.75961516346E-05	0	8.7794708881	3757.390625	
30.996512	-1.04260969034234E-02	1.89532964313E-05	0	8.77491614824	3808.3515625	
31.000608	-0.010329441029875	1.96965584284219E-05	0	8.76957176755	3808.3515625	
31.004704	-1.02412717236087E-02	2.24814844896469E-05	0	8.63483691675	3808.3515625	
31.0088	-1.01574108922447E-02	2.36590111967344E-05	0	8.63333392889	3808.3515625	
31.012896	-0.010080095245208	2.56518731461781E-05	0	8.59538157808	3858.01171875	
31.016992	-1.00061202617148E-02	2.62382670309375E-05	0	8.44375909465	3858.01171875	
31.021088	-0.009932364258685	2.432481029055E-05	0	8.46562489773	3858.01171875	
31.025184	-9.86825061919469E-03	2.69888665207219E-05	0	8.47002704999	3858.01171875	
31.02928	-9.81088157797344E-03	3.00080466746156E-05	0	8.32984100718	3858.015625	
31.033376	-9.75597380401359E-03	3.08736866743594E-05	0	8.35234767818	3858.015625	
31.037472	-9.70598966176469E-03	3.25195855092281E-05	0	8.31128254033	3907.59375	
31.041568	-9.65858327158312E-03	3.33240073009594E-05	0	8.17327087082	3907.59375	
31.045664	-9.60821346770828E-03	3.03331340899125E-05	0	8.23608737105	3907.59375	
31.04976	-9.56659437915672E-03	3.27225665562469E-05	0	8.19694865165	3907.59375	
31.053856	-9.52858494810406E-03	3.44263987466437E-05	0	8.08078371177	3956.9140625	
31.057952	-9.49091674255828E-03	3.40434383122969E-05	0	8.09720595222	3956.9140625	
31.062048	-9.45827210427516E-03	3.57069638122312E-05	0	8.03676981855	3956.9140625	
31.066144	-9.42629656788359E-03	3.57643784182781E-05	0	7.91474932952	3956.9140625	
31.07024	-9.39277052180672E-03	3.37931025049406E-05	0	7.94515622351	3956.9140625	
31.074336	-9.36571422837359E-03	3.56977453118344E-05	0	7.93788542437	4004.09375	
31.078432	-9.33962867213406E-03	3.60740228201719E-05	0	7.81484641311	4004.09375	
31.082528	-9.31353269260734E-03	3.53138966572219E-05	0	7.83583865218	4004.09375	
31.086624	-9.29231325713453E-03	3.69929243051156E-05	0	7.79506343077	4004.09375	
31.09072	-9.27104591111359E-03	3.69926404111687E-05	0	7.67320697341	4052.734375	
31.094816	-9.24562954819797E-03	3.36887533304437E-05	0	7.70649395835	4052.734375	
31.098912	-9.22758025494766E-03	3.58445720880844E-05	0	7.71455058363	4052.734375	
31.103008	-9.21005678910625E-03	3.62427774591094E-05	0	7.5888679922	4052.734375	
31.107104	-9.19388323038797E-03	3.64654017557156E-05	0	7.61293487141	4052.734375	
31.1112	-9.18050484985047E-03	3.762283545405E-05	0	7.5729988818	4052.734375	
31.115296	-9.16648808868891E-03	3.73744801735594E-05	0	7.44696533889	4052.734375	
31.119392	-9.14805304238031E-03	3.40517116213312E-05	0	7.46506222825	4102.57421875	
31.123488	-9.13640812764797E-03	3.60496954406531E-05	0	7.46259030913	4102.57421875	
31.127584	-0.00912485427953	3.64071337851375E-05	0	7.34773380792	4102.57421875	
31.13168	-9.11382854462953E-03	3.63623996952562E-05	0	7.36927536235	4102.578125	
31.135776	-9.10581852272297E-03	3.77168848792312E-05	0	7.336411808	4102.578125	
31.139872	-9.09593020617875E-03	3.69560113612594E-05	0	7.2229629274	4151.09765625	
31.143968	-9.08139154919906E-03	3.34335629606344E-05	0	7.24511483223	4151.09765625	
31.148064	-9.07322216071734E-03	3.51792797245312E-05	0	7.25280906196	4151.09765625	
31.15216	-9.06573238884672E-03	3.58726098004312E-05	0	7.14651272511	4199.5390625	
31.156256	-9.05906642239328E-03	3.62593760002031E-05	0	7.16135186921	4199.5390625	
31.160352	-9.05365902215156E-03	3.68231206287656E-05	0	7.14057325278	4199.5390625	
31.164448	-9.04731837197719E-03	3.64024970109281E-05	0	7.02099416535	4199.5390625	
31.168544	-9.03603351781453E-03	3.30423366691687E-05	0	7.03324313494	4199.5390625	
31.17264	-9.03039735384875E-03	3.45273575399156E-05	0	7.0558032116	4246.515625	
31.176736	-9.02495365496656E-03	3.49493568775313E-05	0	6.93717779667	4246.515625	
31.180832	-9.01938679671734E-03	3.47139898052062E-05	0	6.94232381348	4246.515625	
31.184928	-9.01639842199422E-03	3.58068028950844E-05	0	6.91609019035	4246.515625	
31.189024	-9.01327335591719E-03	3.61110100428E-05	0	6.81420363514	4246.515625	
31.19312	-9.00433191272484E-03	3.26864221212375E-05	0	6.80578079962	4293.8359375	
31.197216	-8.9999021071025E-03	3.3543629917875E-05	0	6.84642632157	4293.8359375	
31.201312	-8.99591218248594E-03	0.00003385150461	0	6.74772121782	4293.8359375	
31.205408	-8.99211152282094E-03	3.37990637970562E-05	0	6.73386626374	4293.8359375	
31.209504	-8.98975201975812E-03	3.44245739888531E-05	0	6.73667387558	4293.8359375	
31.2136	-8.98766864237344E-03	3.48077507691375E-05	0	6.63315844774	4343.359375	
31.217696	-8.97936082532328E-03	3.11424176556281E-05	0	6.60211831521	4343.359375	
31.221792	-8.97530378936641E-03	3.1689981771525E-05	0	6.66351575076	4343.359375	
31.225888	-8.97323348680687E-03	3.28382623540125E-05	0	6.56774032893	4343.359375	
31.229984	-8.97036324267187E-03	3.26116861382812E-05	0	6.54138845041	4343.359375	
31.23408	-8.96949737837656E-03	3.35283842600437E-05	0	6.5352506142	4391.58203125	
31.238176	-8.96870639717078E-03	3.39145723353937E-05	0	6.4554091525	4391.58203125	
31.242272	-8.96135953405344E-03	3.02268515038875E-05	0	6.40003892715	4391.58203125	
31.246368	-8.95702070361313E-03	3.00672612788625E-05	0	6.45806417674	4391.58203125	
31.250464	-8.95598925534328E-03	3.16426657130719E-05	0	6.37756277367	4391.58203125	
31.25456	-8.95439421810656E-03	3.17051483428969E-05	0	6.34262784265	4391.58203125	
31.258656	-8.95392087286297E-03	3.22688766253219E-05	0	6.36300591663	4439.4609375	
31.262752	-8.95427416743922E-03	3.30297174510187E-05	0	6.28589195828	4439.4609375	
31.266848	-8.94861541968453E-03	2.990669701635E-05	0	6.21224936783	4439.4609375	
31.270944	-0.00894536015395	2.96680821107344E-05	0	6.29117530393	4486.359375	
31.27504	-8.94495163423813E-03	3.10210858058062E-05	0	6.22008855578	4486.359375	
31.279136	-8.94249631007906E-03	3.02348897170031E-05	0	6.16513413164	4486.359375	
31.283232	-8.94142042569016E-03	3.05206788542906E-05	0	6.18334164701	4486.359375	
31.287328	-8.94225465439453E-03	3.16704969352406E-05	0	6.12787223972	4486.359375	
31.291424	-8.93767499116078E-03	2.90983737862125E-05	0	6.03660959616	4486.359375	
31.29552	-8.9336348701875E-03	2.8060589247075E-05	0	6.09635908563	4533.62109375	
31.299616	-8.9337402002475E-03	2.98185689794781E-05	0	6.05435934873	4533.62109375	
31.303712	-8.9323943161475E-03	2.94832202763656E-05	0	5.9757881788	4533.62109375	
31.307808	-8.93293623564891E-03	3.03230463596156E-05	0	6.01452635575	4533.62109375	
31.311904	-8.93472666380422E-03	3.14156962285031E-05	0	5.9705620535	4533.62109375	
31.316	-8.93089253990141E-03	2.87768080020094E-05	0	5.86084012503	4582.859375	
31.320096	-8.92559046971969E-03	2.66155649709469E-05	0	5.93162551267	4582.859375	
31.324192	-8.92547151624047E-03	2.84434967968594E-05	0	5.91305560175	4582.859375	
31.328288	-8.92379958440266E-03	2.80838916276187E-05	0	5.82098424391	4582.86328125	
31.332384	-8.92353452203812E-03	2.85836269451906E-05	0	5.85172683062	4631.04296875	
31.33648	-8.92538355832578E-03	2.99634618634312E-05	0	5.80579414833	4631.04296875	
31.340576	-8.92269105866703E-03	2.80820933121094E-05	0	5.7085309974	4631.04296875	
31.344672	-8.91719725486047E-03	2.54692411172719E-05	0	5.75226260356	4631.04296875	
31.348768	-8.91762963841406E-03	2.75310880938844E-05	0	5.75235415612	4631.04296875	
31.352864	-8.91710838262234E-03	2.76680797838156E-05	0	5.65428992029	4631.04296875	
31.35696	-8.91745335685531E-03	2.81097305440875E-05	0	5.68204179004	4678.96484375	
31.361056	-8.91846981022078E-03	2.86477249580156E-05	0	5.65509481988	4678.96484375	
31.365152	-8.91622542047875E-03	2.71461041038687E-05	0	5.55144969258	4678.96484375	
31.369248	-8.91047725189188E-03	2.43577405460812E-05	0	5.5787170967	4678.96484375	
31.373344	-8.91107878528141E-03	2.65368297131437E-05	0	5.61592558296	4725.484375	
31.37744	-8.91049809846625E-03	2.66343466829344E-05	0	5.50484181016	4725.484375	
31.381536	-8.90991348006031E-03	2.65363662520687E-05	0	5.52959151888	4725.484375	
31.385632	-8.91143153126359E-03	2.75942791364625E-05	0	5.5125703721	4725.484375	
31.389728	-8.91141681065625E-03	2.72968486646625E-05	0	5.42161290374	4725.484375	
31.393824	-8.90590792051297E-03	2.40352598589469E-05	0	5.42568699266	4773.04296875	
31.39792	-8.90489521587359E-03	2.49701646932719E-05	0	5.45469771011	4773.04296875	
31.402016	-8.90365639904813E-03	2.50785386233594E-05	0	5.36583069187	4773.04296875	
31.406112	-8.90306464891938E-03	2.52823783233656E-05	0	5.37318541419	4773.04296875	
31.410208	-0.00890450964568	2.6387075535975E-05	0	5.37140013927	4821.921875	
31.414304	-8.9048592829625E-03	2.63556219616594E-05	0	5.28235001591	4821.921875	
31.4184	-8.89939848623203E-03	2.30338690334156E-05	0	5.25478125128	4821.921875	
31.422496	-8.89861619109891E-03	2.39582789263125E-05	0	5.32778297381	4821.921875	
31.426592	-8.89904427733234E-03	2.4963853882275E-05	0	5.23571924535	4821.92578125	
31.430688	-8.89867415920484E-03	2.48217383993906E-05	0	5.22872691858	4821.92578125	
31.434784	-8.89988691781234E-03	2.55578828555531E-05	0	5.23748163213	4870.02734375	
31.43888	-8.90055620256859E-03	2.57015892022312E-05	0	5.17060248705	4870.02734375	
31.442976	-8.89471934460828E-03	2.21273555168531E-05	0	5.13043380135	4870.02734375	
31.447072	-8.89274550317141E-03	2.24419609714781E-05	0	5.18899692223	4870.02734375	
31.451168	-8.89321701976812E-03	2.38194071901844E-05	0	5.11459902316	4918.0859375	
31.455264	-8.89293540814937E-03	2.38023846110531E-05	0	5.08003793176	4918.0859375	
31.45936	-8.89417477356891E-03	2.45823506580094E-05	0	5.10875873277	4918.0859375	
31.463456	-8.89597169342063E-03	2.52859809639937E-05	0	5.02667804804	4918.0859375	
31.467552	-8.89160351319797E-03	2.23019998133625E-05	0	4.96591003634	4918.0859375	
31.471648	-8.88936049494109E-03	2.1903103096875E-05	0	5.05186263142	4964.3671875	
31.475744	-8.88990753465375E-03	2.321605755315E-05	0	4.99798776455	4964.3671875	
31.47984	-8.88855698750422E-03	2.25975603351094E-05	0	4.93889821645	4964.3671875	
31.483936	-8.88878383114906E-03	2.30636586670875E-05	0	4.96902282338	4964.3671875	
31.488032	-8.89050687366703E-03	2.41056773366062E-05	0	4.91890542616	4964.3671875	
31.492128	-8.8865581850375E-03	2.15336056298344E-05	0	4.84007104262	5012.06640625	
31.496224	-8.88312042034484E-03	2.04310512035437E-05	0	4.90972728202	5012.06640625	
31.50032	-8.88412379888516E-03	2.22528611605781E-05	0	4.88379120471	5012.06640625	
31.504416	-8.88372487956937E-03	2.21161889414812E-05	0	4.80608596941	5012.06640625	
31.508512	-8.88478192889547E-03	2.2777459914825E-05	0	4.84423286941	5012.06640625	
31.512608	-8.88664257709078E-03	2.3534866849725E-05	0	4.79865495329	5060.88671875	
31.516704	-8.88301262161156E-03	2.10769493557219E-05	0	4.70212803753	5060.88671875	
31.5208	-8.87804062219078E-03	1.89846757268437E-05	0	4.76767204111	5060.88671875	
31.524896	-8.87848041176422E-03	2.08468067974031E-05	0	4.76830909434	5060.88671875	
31.528992	-8.87765998934375E-03	2.07911167088625E-05	0	4.67312113477	5060.88671875	
31.533088	-8.87796363615734E-03	2.12288804537906E-05	0	4.70968112373	5108.96875	
31.537184	-8.88030302410453E-03	2.24721369028406E-05	0	4.68483604776	5108.96875	
31.54128	-8.87877610396391E-03	2.11407947245687E-05	0	4.59047587592	5108.96875	
31.545376	-8.8740765729275E-03	1.86618238862344E-05	0	4.63585161347	5108.96875	
31.549472	-8.87481626058844E-03	2.03677017476625E-05	0	4.64868804532	5108.96875	
31.553568	-8.87403625126391E-03	2.01913209144281E-05	0	4.55731859044	5156.88671875	
31.557664	-8.87396913992359E-03	2.03550870968156E-05	0	4.59045298778	5156.88671875	
31.56176	-8.8754136795225E-03	2.11904451556875E-05	0	4.57918057883	5156.88671875	
31.565856	-8.87428302715969E-03	2.03388274976906E-05	0	4.47782808022	5156.88671875	
31.569952	-8.86876947396687E-03	1.74896519814844E-05	0	4.50654888123	5202.98828125	
31.574048	-8.86915083827266E-03	1.91310998592656E-05	0	4.53488058386	5202.98828125	
31.578144	-8.86926732307859E-03	1.96281748429594E-05	0	4.44106972738	5202.98828125	
31.58224	-8.86937539610891E-03	1.96875678124125E-05	0	4.46115788492	5202.98828125	
31.586336	-8.87141424594219E-03	2.07025752108656E-05	0	4.45650014843	5202.98828125	
31.590432	-0.00887150622688	2.03086597393969E-05	0	4.36570289705	5250.90625	
31.594528	-8.86587847468984E-03	1.70843043099094E-05	0	4.37965321838	5250.90625	
31.598624	-8.86485333525172E-03	1.78334655799781E-05	0	4.42929377935	5250.90625	
31.60272	-8.86423424685219E-03	1.82962442037375E-05	0	4.34054120181	5250.90625	
31.606816	-8.86383596756281E-03	1.84008662145E-05	0	4.33835538444	5250.90625	
31.610912	-8.86540202074656E-03	1.94047899701906E-05	0	4.35505609726	5250.90625	
31.615008	-8.86664385483938E-03	1.97950364549437E-05	0	4.26718471311	5299.609375	
31.619104	-8.86154604451359E-03	1.66519263769031E-05	0	4.24637176447	5299.609375	
31.6232	-8.86095118568516E-03	1.73640987416531E-05	0	4.31910264401	5299.609375	
31.627296	-8.86158801195937E-03	1.83103929876656E-05	0	4.24371292554	5299.609375	
31.631392	-8.86076923532109E-03	1.783360908945E-05	0	4.21997029498	5299.609375	
31.635488	-8.86156359952359E-03	1.84086176490563E-05	0	4.23894074835	5347.7890625	
31.639584	-8.86264643277063E-03	1.88754782398875E-05	0	4.17370954935	5347.7890625	
31.64368	-8.85739958772453E-03	1.58453250200437E-05	0	4.12721229294	5347.7890625	
31.647776	-8.85512822544109E-03	1.57136405363438E-05	0	4.20357475736	5347.7890625	
31.651872	-8.85586023278516E-03	1.71312730129406E-05	0	4.15016909736	5395.7109375	
31.655968	-8.8555852957275E-03	1.70963480478656E-05	0	4.10196285983	5395.7109375	
31.660064	-8.85710929003312E-03	1.79296404838031E-05	0	4.14495441613	5395.7109375	
31.66416	-8.85931683254062E-03	1.87506307685812E-05	0	4.0827482663	5395.7109375	
31.668256	-8.85496392151938E-03	1.58845410865969E-05	0	4.00260925878	5395.7109375	
31.672352	-8.85142146679312E-03	1.47369359842031E-05	0	4.09174330532	5441.52734375	
31.676448	-8.85169759247125E-03	1.61093036022187E-05	0	4.05062476181	5441.52734375	
31.680544	-8.85012413326766E-03	1.56295699473375E-05	0	3.98961642464	5441.52734375	
31.68464	-8.85009240624438E-03	1.6036435886625E-05	0	4.022972074	5441.52734375	
31.688736	-8.85181170003625E-03	1.70861297888531E-05	0	3.98534778653	5441.52734375	
31.692832	-8.84866798176109E-03	1.52026369608094E-05	0	3.89435217127	5489.87109375	
31.696928	-8.84523872027641E-03	1.39311848668781E-05	0	3.97512823202	5489.87109375	
31.701024	-8.84668581998094E-03	1.57429445935781E-05	0	3.95404444039	5489.87109375	
31.70512	-8.84628159758922E-03	1.55398618639687E-05	0	3.87421823745	5489.87109375	
31.709216	-8.84658917599359E-03	1.57259261009812E-05	0	3.92353836446	5489.87109375	
31.713312	-8.84838856451859E-03	1.65513762370688E-05	0	3.8985368862	5538.48828125	
31.717408	-8.84570603098531E-03	1.48938637118906E-05	0	3.79495279394	5538.48828125	
31.721504	-8.84062815291047E-03	1.26584267646375E-05	0	3.86097744846	5538.48828125	
31.7256	-8.84099662525578E-03	1.4221468470825E-05	0	3.86862208722	5538.4921875	
31.729696	-8.84029789928484E-03	1.42737518320031E-05	0	3.77351042145	5586.671875	
31.733792	-8.84067359478531E-03	1.46783011870687E-05	0	3.81033362402	5586.671875	
31.737888	-8.8433084920675E-03	1.59780861853594E-05	0	3.80008355199	5586.671875	
31.741984	-8.84239636300625E-03	1.50272758380937E-05	0	3.69022810937	5586.671875	
31.74608	-8.83728438066719E-03	1.23469205857594E-05	0	3.74017384554	5586.671875	
31.750176	-8.83762542330938E-03	1.36663733528437E-05	0	3.77327391067	5586.671875	
31.754272	-8.83708030367594E-03	1.37891359704656E-05	0	3.67645707847	5634.26953125	
31.758368	-8.83646706694641E-03	1.36661702280469E-05	0	3.70198498395	5634.26953125	
31.762464	-8.83795448831453E-03	1.4562179668575E-05	0	3.70381603515	5634.26953125	
31.76656	-8.83757842708469E-03	1.42139595841031E-05	0	3.60733108098	5634.26953125	
31.770656	-8.83234109100234E-03	1.15630273792687E-05	0	3.62588573314	5680.03125	
31.774752	-8.83272583830484E-03	1.28547289721812E-05	0	3.68382324486	5680.03125	
31.778848	-8.83333203474391E-03	1.355593644405E-05	0	3.5946968277	5680.03125	
31.782944	-8.83321801861125E-03	1.34018649635062E-05	0	3.60955504525	5680.03125	
31.78704	-8.83481488449484E-03	1.41095137750875E-05	0	3.61119154726	5680.03125	
31.791136	-8.83497361104359E-03	1.39618819515656E-05	0	3.52873702291	5680.03125	
31.795232	-8.82880503654016E-03	1.07700199992E-05	0	3.52435775879	5728.83203125	
31.799328	-8.82710274916422E-03	1.11562323533719E-05	0	3.58481296591	5728.83203125	
31.803424	-8.82663598704938E-03	1.1879113120875E-05	0	3.4995203122	5728.83203125	
31.80752	-8.82584784024625E-03	1.18386047479219E-05	0	3.50108814979	5728.83203125	
31.811616	-8.82745878671078E-03	1.2868873669575E-05	0	3.52798552898	5777.25	
31.815712	-8.82919444689219E-03	1.35309984882187E-05	0	3.45527372289	5777.25	
31.819808	-8.82433518355125E-03	1.07425231516969E-05	0	3.41279333505	5777.25	
31.823904	-8.82249858206234E-03	1.0603345165875E-05	0	3.49751378526	5777.25	
31.828	-8.82254201242563E-03	1.14674094460406E-05	0	3.43627656669	5777.25	
31.832096	-8.82098025656203E-03	1.09331885860312E-05	0	3.41370123127	5777.25	
31.836192	-8.82147865426781E-03	1.15196675668594E-05	0	3.4391719164	5825.44921875	
31.840288	-8.82270165329781E-03	1.22004164053406E-05	0	3.38490795115	5825.44921875	
31.844384	-8.81773577984406E-03	9.66788023595625E-06	0	3.32391487274	5825.44921875	
31.84848	-0.008814724547035	9.0632745905625E-06	0	3.40637321178	5825.44921875	
31.852576	-0.008815450154115	1.05038104096406E-05	0	3.35746888598	5872.8515625	
31.856672	-8.81473954193938E-03	1.03563461340281E-05	0	3.30607356761	5872.8515625	
31.860768	-8.81559763448547E-03	1.09155104787094E-05	0	3.35416917913	5872.8515625	
31.864864	-8.81741695526141E-03	1.16761489007625E-05	0	3.3139737906	5872.8515625	
31.86896	-8.81336650243328E-03	9.45760448469375E-06	0	3.22747188016	5872.8515625	
31.873056	-8.80908573153125E-03	8.0032352659875E-06	0	3.31692636066	5918.609375	
31.877152	-8.80896833240188E-03	9.1878225429375E-06	0	3.29514829545	5918.609375	
31.881248	-8.80714379998234E-03	8.82163012066875E-06	0	3.22591930133	5918.609375	
31.885344	-8.80708190028563E-03	9.25120925839687E-06	0	3.26614902207	5918.609375	
31.88944	-8.80959244958031E-03	1.06058006922656E-05	0	3.23352960788	5918.609375	
31.893536	-8.80728725732969E-03	9.23634677325937E-06	0	3.1473862783	5967.69140625	
31.897632	-0.00880312946293	7.47323074791562E-06	0	3.22011715784	5967.69140625	
31.901728	-8.80388789422141E-03	8.8108863814125E-06	0	3.22027737482	5967.69140625	
31.905824	-8.80283386216266E-03	8.57979863173125E-06	0	3.13669370223	5967.69140625	
31.90992	-8.80248056758641E-03	8.65264735695938E-06	0	3.18574680094	5967.69140625	
31.914016	-8.80407231325875E-03	9.52216692013125E-06	0	3.16304558075	6015.9921875	
31.918112	-8.80160299995109E-03	8.3025407359125E-06	0	3.06363475935	6015.9921875	
31.922208	-8.79581999564125E-03	5.95188275003437E-06	0	3.11678102043	6015.9921875	
31.926304	-8.79571192261094E-03	7.20921755039062E-06	0	3.15491647636	6015.9921875	
31.9304	-8.7949561428575E-03	7.47286969058437E-06	0	3.0618609285	6015.9921875	
31.934496	-8.79482841187328E-03	7.68148919350312E-06	0	3.09768849698	6064.2109375	
31.938592	-8.79726791823687E-03	8.8758555472125E-06	0	3.08863623761	6064.2109375	
31.942688	-8.79630678143938E-03	8.18083677107812E-06	0	2.99706460416	6064.2109375	
31.946784	-8.79022570768891E-03	5.40536767155E-06	0	3.02858157294	6064.2109375	
31.95088	-8.78940254229812E-03	6.18274910570625E-06	0	3.07823739267	6064.2109375	
31.954976	-0.00878823696278	6.40892868721875E-06	0	2.98174480912	6111.29296875	
31.959072	-8.78686246035641E-03	6.215053400325E-06	0	3.00663184668	6111.29296875	
31.963168	-8.78796312291047E-03	7.08469411722187E-06	0	3.0184116094	6111.29296875	
31.967264	-8.78795562545828E-03	7.17222984699375E-06	0	2.92835059319	6111.29296875	
31.97136	-8.78268436797641E-03	4.81312138879687E-06	0	2.92584815655	6157.37109375	
31.975456	-8.78206655962969E-03	5.43554216060625E-06	0	3.00011635616	6157.37109375	
31.979552	-8.78182572683625E-03	5.95782168640312E-06	0	2.91616647333	6157.37109375	
31.983648	-8.78038118723734E-03	5.5206742870125E-06	0	2.92776313093	6157.37109375	
31.987744	-8.78157831091406E-03	6.3353369338875E-06	0	2.93965351966	6157.37109375	
31.99184	-8.78183907595844E-03	6.50493628351875E-06	0	2.8734915363	6157.37109375	
31.995936	-8.77560083000906E-03	3.7674645017625E-06	0	2.85771779315	6206.53125	
32.000032	-8.77297946471375E-03	3.63067497509062E-06	0	2.92465415858	6206.53125	
32.004128	-8.77275042669266E-03	4.59169685060625E-06	0	2.8557532278	6206.53125	
32.008224	-8.77184881235094E-03	4.58258940779063E-06	0	2.83603509519	6206.53125	
32.01232	-8.77332178740875E-03	5.45770343652187E-06	0	2.87529969936	6206.53125	
32.016416	-8.77493629973469E-03	6.086915066925E-06	0	2.8123802025	6254.7109375	
32.020512	-8.77025660951688E-03	3.82810314304687E-06	0	2.75807809035	6254.7109375	
32.024608	-0.008767764895285	3.31875437355E-06	0	2.85184317055	6254.7109375	
32.028704	-8.76760196284844E-03	4.10527041395625E-06	0	2.79512635963	6254.7109375	
32.0328	-8.76551008225578E-03	3.55014669023437E-06	0	2.75618600411	6302.87109375	
32.036896	-8.76576462990078E-03	4.07346683999063E-06	0	2.79680482323	6302.87109375	
32.040992	-8.76723733066156E-03	4.91512994063437E-06	0	2.74267437213	6302.87109375	
32.045088	-8.76280395917781E-03	3.01105972932187E-06	0	2.68075813874	6302.87109375	
32.049184	-8.75928957418109E-03	2.08069743853125E-06	0	2.76561973248	6302.87109375	
32.05328	-8.75987464974875E-03	3.30297145664062E-06	0	2.74119427241	6349.6328125	
32.057376	-8.7588571906275E-03	3.17206341447187E-06	0	2.67137781603	6349.6328125	
32.061472	-8.75942215107953E-03	3.600894476025E-06	0	2.72924284864	6349.6328125	
32.065568	-8.76123095713594E-03	4.3798033125E-06	0	2.68720496484	6349.6328125	
32.069664	-8.75743294900891E-03	2.69645451508125E-06	0	2.59778481655	6349.6328125	
32.07376	-8.75248005894797E-03	1.087935450525E-06	0	2.68284477417	6395.91015625	
32.077856	-8.75164509878484E-03	1.87312360764375E-06	0	2.68681586646	6395.91015625	
32.081952	-8.74930808807859E-03	1.58770754690625E-06	0	2.59973412314	6395.91015625	
32.086048	-8.74873773311828E-03	1.89842502465E-06	0	2.6448771646	6395.91015625	
32.090144	-8.75116014163359E-03	3.22228668155625E-06	0	2.62684512497	6395.91015625	
32.09424	-8.74892434653187E-03	2.26959148040625E-06	0	2.5289868824	6445.3515625	
32.098336	-8.74391687136172E-03	4.31033463196875E-07	0	2.59699517572	6445.3515625	
32.102432	-8.74378456876031E-03	1.299954469275E-06	0	2.6185176567	6445.3515625	
32.106528	-8.74239635148516E-03	1.28603885819062E-06	0	2.52637763444	6445.3515625	
32.110624	-8.74111849304891E-03	1.13362170291562E-06	0	2.57698331198	6445.3515625	
32.11472	-8.74181648756109E-03	1.76473549487812E-06	0	2.56733977566	6493.23046875	
32.118816	-8.73893975172969E-03	9.01100781590625E-07	0	2.4659682036	6493.23046875	
32.122912	-8.73299829516812E-03	-9.97577127421875E-07	0	2.50560664739	6493.23046875	
32.127008	-8.73279010372141E-03	2.9358864871875E-08	0	2.55609788423	6493.23046875	
32.131104	-8.73185968819141E-03	3.40543169071875E-07	0	2.46271808772	6493.23046875	
32.1352	-8.73052687891656E-03	1.4563110436875E-07	0	2.49441053224	6541.8125	
32.139296	-8.73216982670141E-03	1.07237152378125E-06	0	2.50123882734	6541.8125	
32.143392	-8.73109494806828E-03	7.76655713728125E-07	0	2.41597287646	6541.8125	
32.147488	-8.72475000057375E-03	-1.48222808507812E-06	0	2.43927300298	6541.8125	
32.151584	-8.72280166876078E-03	-1.27779559720312E-06	0	2.49535657536	6541.8125	
32.15568	-8.72109755273797E-03	-1.0083441839625E-06	0	2.40058823169	6588.51171875	
32.159776	-8.71908329820516E-03	-1.20328990247812E-06	0	2.41554944587	6588.51171875	
32.163872	-8.72017116023109E-03	-3.090391140375E-07	0	2.45138464373	6588.51171875	
32.167968	-8.72012270108891E-03	-6.6207385715625E-08	0	2.34540874084	6588.51171875	
32.172064	-8.71455968299813E-03	-2.02311119804062E-06	0	2.35256891397	6588.51171875	
32.17616	-8.71327487570375E-03	-1.78666479987187E-06	0	2.43469537498	6588.51171875	
32.180256	-8.71259324758109E-03	-1.303577542575E-06	0	2.35250024955	6635.390625	
32.184352	-8.70995889889297E-03	-1.91123150222812E-06	0	2.34749156158	6635.390625	
32.188448	-8.71028302655156E-03	-1.33933447797187E-06	0	2.37130667125	6635.390625	
32.192544	-8.71019872593063E-03	-1.00079178766875E-06	0	2.2989992223	6635.390625	
32.19664	-8.70357545838172E-03	-3.12760672815937E-06	0	2.28084892728	6684.65234375	
32.200736	-0.008700154700105	-3.52527027280312E-06	0	2.35871819425	6684.65234375	
32.204832	-0.00869974215737	-2.60263081082812E-06	0	2.30438937927	6684.65234375	
32.208928	-8.69787318883141E-03	-2.75352080416875E-06	0	2.27715249267	6684.65234375	
32.213024	-8.69816467514328E-03	-2.2477756368375E-06	0	2.31754243039	6684.65234375	
32.21712	-8.69863482025484E-03	-1.78377201430312E-06	0	2.25464200698	6732.25	
32.221216	-8.69325283820469E-03	-3.50634697441875E-06	0	2.20051155588	6732.25	
32.225312	-8.68978371221812E-03	-4.10194709997187E-06	0	2.29780140964	6732.25	
32.229408	-8.68873918912312E-03	-3.50607317661562E-06	0	2.26215694628	6732.25	
32.233504	-8.68517424204031E-03	-4.13259995393437E-06	0	2.21195181119	6732.25	
32.2376	-8.68402109732094E-03	-3.90962998459687E-06	0	2.24964094839	6780.96875	
32.241696	-0.008684993023135	-2.99888522226562E-06	0	2.21070059287	6780.96875	
32.245792	-8.68021038009813E-03	-4.3230187539E-06	0	2.13745854487	6780.96875	
32.249888	-8.67562257938578E-03	-5.35470113567812E-06	0	2.21386678557	6780.96875	
32.253984	-8.67530439482953E-03	-4.4593215022125E-06	0	2.19919548783	6827.2109375	
32.25808	-8.67337956112891E-03	-4.54768511577187E-06	0	2.13828251791	6827.2109375	
32.262176	-8.67247136365844E-03	-4.43110590542812E-06	0	2.19296991375	6827.2109375	
32.266272	-8.67285940252531E-03	-3.90668575677187E-06	0	2.16486327783	6827.2109375	
32.270368	-8.66778637036469E-03	-5.26352238070312E-06	0	2.07485185259	6827.2109375	
32.274464	-8.66179234020547E-03	-6.67214693361562E-06	0	2.15938538299	6874.19140625	
32.27856	-8.66051576182203E-03	-5.93986833897187E-06	0	2.15935868016	6874.19140625	
32.282656	-8.65770494871047E-03	-6.04695236650313E-06	0	2.07609544153	6874.19140625	
32.286752	-8.65614127276766E-03	-5.95486183359375E-06	0	2.12435508472	6874.19140625	
32.290848	-8.65768931377969E-03	-4.91164749219375E-06	0	2.11694314205	6874.19140625	
32.294944	-8.65502570674156E-03	-5.51016973020938E-06	0	2.01870724517	6923.390625	
32.29904	-8.64931475111859E-03	-7.09236910954687E-06	0	2.0811804233	6923.390625	
32.303136	-8.64821984880219E-03	-6.58401288713437E-06	0	2.10955408752	6923.390625	
32.307232	-8.64560991254984E-03	-6.70764112889062E-06	0	2.02046200257	6923.390625	
32.311328	-8.64300921096422E-03	-6.99622978260937E-06	0	2.05751790123	6970.7890625	
32.315424	-8.64320761915016E-03	-6.32797684509375E-06	0	2.05847538842	6970.7890625	
32.31952	-8.64041024659313E-03	-6.7403163366E-06	0	1.9646797907	6970.7890625	
32.323616	-0.008634112752485	-8.33082123647813E-06	0	2.00444411926	6970.7890625	
32.327712	-8.63266812145375E-03	-7.8481642672125E-06	0	2.06197727384	6970.7890625	
32.331808	-8.63088391069781E-03	-7.5860462601E-06	0	1.97189336949	6970.7890625	
32.335904	-8.62808388660281E-03	-7.97764226273437E-06	0	1.9922599994	7019.75	
32.34	-8.62857597547687E-03	-7.27120594994062E-06	0	2.00881193931	7019.75	
32.344096	-8.62658796202672E-03	-7.43656491919687E-06	0	1.92516341699	7019.75	
32.348192	-8.61909023554219E-03	-9.42920475347812E-06	0	1.93489469118	7019.75	
32.352288	-0.00861575313786	-9.52225802580937E-06	0	2.00045395352	7065.69140625	
32.356384	-8.61379657713609E-03	-9.05412003240937E-06	0	1.92765059487	7065.69140625	
32.36048	-8.61090201199766E-03	-9.27132366135937E-06	0	1.92963041898	7065.69140625	
32.364576	-8.61118389791344E-03	-8.56823830675313E-06	0	1.95829018495	7065.69140625	
32.368672	-8.61028237500406E-03	-8.3497253041125E-06	0	1.87870430748	7065.69140625	
32.372768	-8.60394035334453E-03	-1.00384409230875E-05	0	1.85721234402	7065.69140625	
32.376864	-8.60106197173094E-03	-1.02019518172687E-05	0	1.95126734066	7113.03125	
32.38096	-8.59946474011797E-03	-9.77139816128437E-06	0	1.87601113634	7113.03125	
32.385056	-8.59531307168531E-03	-1.04513962793625E-05	0	1.86970163908	7113.03125	
32.389152	-8.59404581940094E-03	-1.017007829145E-05	0	1.9009744677	7113.03125	
32.393248	-8.59304161796953E-03	-9.7773200303625E-06	0	1.84384948495	7162.171875	
32.397344	-8.58623429711266E-03	-1.13834842895812E-05	0	1.79915276222	7162.171875	
32.40144	-8.5816276613375E-03	-1.19766418695E-05	0	1.88389228588	7162.171875	
32.405536	-8.58001095463531E-03	-1.13425696670344E-05	0	1.8354762404	7162.171875	
32.409632	-8.57684620692109E-03	-1.15639740129375E-05	0	1.79826775414	7162.171875	
32.413728	-8.57636179836391E-03	-1.10978280848531E-05	0	1.85228757923	7162.171875	
32.417824	-8.57676592932328E-03	-1.04451782567344E-05	0	1.80346717661	7209.6484375	
32.42192	-8.57103632150219E-03	-1.19243089891406E-05	0	1.73540547763	7209.6484375	
32.426016	-8.56604502985688E-03	-1.28601914667187E-05	0	1.83197054029	7209.6484375	
32.430112	-8.5640404671525E-03	-1.24281404564625E-05	0	1.80312385451	7258.62890625	
32.434208	-8.55972394620406E-03	-1.29499711846312E-05	0	1.7437329459	7258.62890625	
32.438304	-8.55767787321562E-03	-1.28504893129594E-05	0	1.78971903385	7258.62890625	
32.4424	-8.55812964042609E-03	-1.19730961999687E-05	0	1.76681944978	7258.62890625	
32.446496	-8.55327979461656E-03	-1.30035533425875E-05	0	1.68161453394	7258.62890625	
32.450592	-8.54776166980656E-03	-1.41038212327031E-05	0	1.75785874297	7304.1875	
32.454688	-8.54656015737734E-03	-1.3467215378925E-05	0	1.76298568633	7304.1875	
32.458784	-8.54361439012641E-03	-1.36221094548E-05	0	1.68313278056	7304.1875	
32.46288	-8.54127024769734E-03	-1.37833917454406E-05	0	1.7389645834	7304.1875	
32.466976	-8.54095681762297E-03	-1.32396115199906E-05	0	1.71774727762	7304.1875	
32.471072	-8.53550342691234E-03	-1.4357156796675E-05	0	1.62447810712	7351.91015625	
32.475168	-8.52885346111906E-03	-1.56923641153125E-05	0	1.69479428789	7351.91015625	
32.479264	-8.52696520035594E-03	-1.51053517215562E-05	0	1.72310691707	7351.91015625	
32.48336	-8.52369484828469E-03	-1.5154198307325E-05	0	1.63319467377	7351.91015625	
32.487456	-8.52073234891484E-03	-1.54025259436125E-05	0	1.68045105349	7351.91015625	
32.491552	-8.52194675330453E-03	-1.43394767662781E-05	0	1.67690339179	7401.0703125	
32.495648	-8.51929914692656E-03	-1.47157321592531E-05	0	1.58590014715	7401.0703125	
32.499744	-8.51257018358828E-03	-1.63978783136437E-05	0	1.6253249683	7401.0703125	
32.50384	-8.50969088765125E-03	-1.63796271299719E-05	0	1.67405381836	7401.0703125	
32.507936	-8.50642446717078E-03	-1.64031040295719E-05	0	1.58472903732	7401.0703125	
32.512032	-8.50287341780422E-03	-1.67686668851625E-05	0	1.62222362533	7448.4296875	
32.516128	-8.50324957046641E-03	-1.59081345726187E-05	0	1.62926554307	7448.4296875	
32.520224	-8.50064804598969E-03	-1.61388672745781E-05	0	1.53970806594	7448.4296875	
32.52432	-8.49389613313313E-03	-1.77326798634562E-05	0	1.54782954095	7448.4296875	
32.528416	-8.49146577000391E-03	-1.75423826979844E-05	0	1.62941050129	7448.4296875	
32.532512	-8.48938010681062E-03	-1.72255536878906E-05	0	1.54097072833	7497.30859375	
32.536608	-8.48534611180437E-03	-1.78467028263562E-05	0	1.55934990475	7497.30859375	
32.540704	-8.48487057218453E-03	-1.73377478064656E-05	0	1.58040317886	7497.30859375	
32.5448	-8.48246736446141E-03	-1.74439811136937E-05	0	1.50655840984	7497.30859375	
32.548896	-8.47479555079438E-03	-1.92671278482375E-05	0	1.49129964984	7497.30859375	
32.552992	-8.47046421780625E-03	-1.95957647792156E-05	0	1.57392202055	7542.80859375	
32.557088	-8.4681111150075E-03	-1.9127286641925E-05	0	1.50162983036	7542.80859375	
32.561184	-8.46429427181766E-03	-1.94880156081187E-05	0	1.49449254537	7542.80859375	
32.56528	-8.46424517264906E-03	-1.87803232869656E-05	0	1.53623288335	7542.80859375	
32.569376	-8.4635848482625E-03	-1.83869453149594E-05	0	1.46854883868	7542.80859375	
32.573472	-8.45718568138813E-03	-2.00064076378031E-05	0	1.42664065434	7590.80859375	
32.577568	-8.45323671846156E-03	-2.047871413665E-05	0	1.52566237736	7590.80859375	
32.581664	-8.45125848827219E-03	-2.00772142977656E-05	0	1.46799570863	7590.80859375	
32.58576	-8.44648105687891E-03	-2.07961635788156E-05	0	1.43503297234	7590.80859375	
32.589856	-8.44490110597891E-03	-2.05390746532125E-05	0	1.48070625571	7590.80859375	
32.593952	-8.44410436453547E-03	-2.00447905321125E-05	0	1.42240253375	7640.02734375	
32.598048	-8.43760690789156E-03	-2.15512046506969E-05	0	1.37526059473	7640.02734375	
32.602144	-8.43240111596781E-03	-2.23545685107937E-05	0	1.46145351528	7640.02734375	
32.60624	-8.43092841520703E-03	-2.16973831102875E-05	0	1.42845263209	7640.02734375	
32.610336	-8.42791882818016E-03	-2.18425026767062E-05	0	1.37459683867	7640.02734375	
32.614432	-8.42732095208438E-03	-2.14657280534812E-05	0	1.43209184635	7687.2890625	
32.618528	-8.42800002010141E-03	-2.07581917417875E-05	0	1.38785670111	7687.2890625	
32.622624	-8.42214487567234E-03	-2.23250577229969E-05	0	1.31200540515	7687.2890625	
32.62672	-8.41658460055188E-03	-2.34594253386281E-05	0	1.40133018619	7687.2890625	
32.630816	-8.4147614396175E-03	-2.29793323091062E-05	0	1.40228385869	7735.98828125	
32.634912	-8.41095675692937E-03	-2.33111028907969E-05	0	1.32158790643	7735.98828125	
32.639008	-8.40884265827719E-03	-2.33422619942531E-05	0	1.37249875917	7735.98828125	
32.643104	-8.40980626374797E-03	-2.23817932431844E-05	0	1.34855395004	7735.98828125	
32.6472	-8.40565212664203E-03	-2.33134766865E-05	0	1.26892611098	7735.98828125	
32.651296	-8.4004424031275E-03	-2.4461796692025E-05	0	1.33284887131	7781.2265625	
32.655392	-8.39901706432078E-03	-2.40227973714094E-05	0	1.3569233799	7781.2265625	
32.659488	-8.39598827650172E-03	-2.42128721813344E-05	0	1.27174898158	7781.2265625	
32.663584	-8.39306125288125E-03	-2.45819037834562E-05	0	1.32537970829	7781.2265625	
32.66768	-8.39346748678453E-03	-2.38054728291187E-05	0	1.3101934274	7781.2265625	
32.671776	-8.38877042442141E-03	-2.48124338413875E-05	0	1.22094875485	7829.546875	
32.675872	-8.38238506383094E-03	-2.62100199438E-05	0	1.26246402612	7829.546875	
32.679968	-8.38017944140266E-03	-2.58667267774781E-05	0	1.31401193209	7829.546875	
32.684064	-8.37765947457656E-03	-2.57757198973312E-05	0	1.22548060657	7829.546875	
32.68816	-8.37497319231719E-03	-2.60492640949406E-05	0	1.26422259821	7829.546875	
32.692256	-8.37658715604906E-03	-2.49416409237187E-05	0	1.26551196343	7878.5859375	
32.696352	-8.37394210977672E-03	-2.54848449478219E-05	0	1.18492663718	7878.5859375	
32.700448	-0.00836733219135	-2.72498121732375E-05	0	1.2128425386	7878.5859375	
32.704544	-8.36440215046219E-03	-2.72960215020281E-05	0	1.26276157194	7878.5859375	
32.70864	-8.36220914569734E-03	-2.70235443706594E-05	0	1.18277515202	7878.5859375	
32.712736	-8.35872228183609E-03	-2.75103333069469E-05	0	1.20324096387	7925.92578125	
32.716832	-8.35952688646109E-03	-2.66539942594406E-05	0	1.22292857896	7925.92578125	
32.720928	-8.35746106408641E-03	-2.68595531884969E-05	0	1.13432477433	7925.92578125	
32.725024	-8.35159686785531E-03	-2.83985218418344E-05	0	1.14426967116	7925.92578125	
32.72912	-8.34943549868141E-03	-2.83558456825875E-05	0	1.22333675079	7925.92578125	
32.733216	-8.34843522884078E-03	-2.78772396708094E-05	0	1.14423533895	7974.484375	
32.737312	-8.34505616371281E-03	-2.85432067933031E-05	0	1.14385386995	7974.484375	
32.741408	-8.34571593950531E-03	-2.78841310100719E-05	0	1.17183080641	7974.484375	
32.745504	-8.34482611993594E-03	-2.77818496219687E-05	0	1.10063343225	7974.484375	
32.7496	-0.00833896914686	-2.9456999389125E-05	0	1.08471091619	7974.484375	
32.753696	-8.33556100624672E-03	-2.98926184246594E-05	0	1.1573387991	8019.8046875	
32.757792	-8.33474533830813E-03	-2.92681553472E-05	0	1.10635928194	8019.8046875	
32.761888	-8.33221622824766E-03	-2.95650098580375E-05	0	1.07624611908	8019.8046875	
32.765984	-8.33353120821547E-03	-2.88114911404031E-05	0	1.12540602911	8019.8046875	
32.77008	-8.33447241276203E-03	-2.82699431242594E-05	0	1.06529414409	8019.8046875	
32.774176	-0.008329217338805	-3.00244264659281E-05	0	1.01235387627	8068.56640625	
32.778272	-8.32586753202703E-03	-3.06882971962875E-05	0	1.11207750225	8068.56640625	
32.782368	-8.32512958158062E-03	-3.01668820927031E-05	0	1.07821449912	8068.56640625	
32.786464	-8.32199921242766E-03	-3.07339740736875E-05	0	1.02842516524	8068.56640625	
32.79056	-8.32170864043922E-03	-3.04347686036625E-05	0	1.0693339008	8068.56640625	
32.794656	-8.32269684121047E-03	-2.97152046597656E-05	0	1.03102296913	8117.38671875	
32.798752	-8.31849214201844E-03	-3.10353915607313E-05	0	0.96262939212	8117.38671875	
32.802848	-8.31552287665516E-03	-3.16366051422094E-05	0	1.03862946099	8117.38671875	
32.806944	-8.31648575066719E-03	-3.069023469435E-05	0	1.02401156891	8117.38671875	
32.81104	-8.31532318841641E-03	-3.08419593022406E-05	0	0.96378905788	8117.38671875	
32.815136	-8.31559309669516E-03	-3.07401307983E-05	0	1.019285168	8164.82421875	
32.819232	-8.31805619260344E-03	-2.98264199331656E-05	0	0.99051859071	8164.82421875	
32.823328	-8.31419244462125E-03	-3.13021170151594E-05	0	0.90469569509	8164.82421875	
32.827424	-8.31033363398562E-03	-3.23975370735844E-05	0	0.9894161453	8164.82421875	
32.83152	-8.31036865257328E-03	-3.18012383910375E-05	0	0.98677256513	8212.92578125	
32.835616	-8.30930858597984E-03	-3.17735648610187E-05	0	0.91193216202	8212.92578125	
32.839712	-8.30933144406578E-03	-3.1714962515775E-05	0	0.95871170549	8212.92578125	
32.843808	-8.31310339397484E-03	-3.0358110026475E-05	0	0.9458142386	8212.92578125	
32.847904	-8.3116842725675E-03	-3.11241128662406E-05	0	0.86236408016	8212.92578125	
32.852	-8.30850471281359E-03	-3.23654183557031E-05	0	0.91835228529	8258.54296875	
32.856096	-8.30936838273266E-03	-3.17998083443906E-05	0	0.94481478982	8258.54296875	
32.860192	-8.30913102436828E-03	-3.17174442440625E-05	0	0.85680607683	8258.54296875	
32.864288	-8.30856926404828E-03	-3.203909488395E-05	0	0.89873333462	8258.54296875	
32.868384	-8.31230674396375E-03	-3.07524983340094E-05	0	0.90081997005	8258.54296875	
32.87248	-8.31123049384547E-03	-3.14485106187656E-05	0	0.80031433262	8258.54296875	
32.876576	-8.30803987077797E-03	-3.27555802251562E-05	0	0.84355002908	8258.54296875	
32.880672	-8.30927521317438E-03	-3.20710162462594E-05	0	0.89695568908	8307.5234375	
32.884768	-8.31091715520344E-03	-3.14345827480781E-05	0	0.80966413781	8307.5234375	
32.888864	-8.31121997912594E-03	-3.16994382524531E-05	0	0.8362563418	8307.5234375	
32.89296	-8.31571762754734E-03	-3.04404161941687E-05	0	0.84308082221	8307.5234375	
32.897056	-8.31652131784891E-03	-3.07335509971875E-05	0	0.7646164636	8307.5234375	
32.901152	-0.008313154504655	-3.23846952595031E-05	0	0.77932972293	8356.14453125	
32.905248	-8.31352892010266E-03	-3.219357934485E-05	0	0.84036857762	8356.14453125	
32.909344	-8.31516555905578E-03	-3.1544308840275E-05	0	0.76590964351	8356.14453125	
32.91344	-8.31532172549891E-03	-3.17759244740437E-05	0	0.77233739616	8356.14453125	
32.917536	-8.32011616330812E-03	-3.04739231318156E-05	0	0.79601517699	8403.6640625	
32.921632	-8.32281835479531E-03	-3.01227424733812E-05	0	0.71949249559	8403.6640625	
32.925728	-8.32090860743141E-03	-3.15171814635562E-05	0	0.6924043819	8403.6640625	
32.929824	-8.32207354692312E-03	-3.13551133563938E-05	0	0.78536456251	8403.6640625	
32.93392	-8.32476723520234E-03	-3.06158386149E-05	0	0.7108674815	8403.6640625	
32.938016	-8.32521790522469E-03	-3.09747966694031E-05	0	0.70582446132	8451.484375	
32.942112	-8.32954009497844E-03	-2.99914156816312E-05	0	0.73572781623	8451.484375	
32.946208	-8.33279060623109E-03	-2.9486133975375E-05	0	0.67827858483	8451.484375	
32.950304	-8.33054082198078E-03	-3.10522910630625E-05	0	0.63122819837	8451.484375	
32.9544	-8.33065328376359E-03	-3.12971444239781E-05	0	0.71511704616	8451.484375	
32.958496	-8.33417013743359E-03	-3.01371857281687E-05	0	0.66536967387	8497.40234375	
32.962592	-8.33578163249219E-03	-3.00877684698937E-05	0	0.62682604611	8497.40234375	
32.966688	-8.34033834620766E-03	-2.91684840526406E-05	0	0.68165077079	8497.40234375	
32.970784	-8.34526161218922E-03	-2.82361700811094E-05	0	0.63367341466	8497.40234375	
32.97488	-8.34405269374016E-03	-2.97376940603531E-05	0	0.55200471645	8497.40234375	
32.978976	-8.34411239906063E-03	-3.02146039199812E-05	0	0.65832394144	8546.5234375	
32.983072	-8.34691370320844E-03	-2.94074948713219E-05	0	0.62577319167	8546.5234375	
32.987168	-8.34736446466313E-03	-2.97159866301375E-05	0	0.56027114968	8546.5234375	
32.991264	-8.35025893836922E-03	-2.92113039617437E-05	0	0.61326863785	8546.5234375	
32.99536	-8.35571424915906E-03	-2.7814524108525E-05	0	0.58473475665	8594.82421875	
32.999456	-8.35585176340406E-03	-2.87453943315E-05	0	0.49618817237	8594.82421875	
33.003552	-8.35578154336406E-03	-2.9448576320625E-05	0	0.5774677722	8594.82421875	
33.007648	-8.35972246024438E-03	-2.83267541251406E-05	0	0.5742634326	8594.82421875	
33.011744	-8.36199327393375E-03	-2.81593302541031E-05	0	0.49539471685	8642.32421875	
33.01584	-8.36536822460625E-03	-2.7833439474225E-05	0	0.55103578519	8642.32421875	
33.019936	-8.37157574928813E-03	-2.64061622957344E-05	0	0.52651495787	8642.32421875	
33.024032	-8.37186302971219E-03	-2.74059942285937E-05	0	0.4317084673	8642.32421875	
33.028128	-8.37102633233453E-03	-2.84654919671719E-05	0	0.50007534148	8642.32421875	
33.032224	-8.37485515316141E-03	-2.73562462014187E-05	0	0.52958959801	8642.3203125	
33.03632	-8.37814260308094E-03	-2.67674717901937E-05	0	0.43256295786	8689.80078125	
33.040416	-8.38177466150406E-03	-2.64524492686781E-05	0	0.48366073041	8689.80078125	
33.044512	-8.38928390846391E-03	-2.47130312965594E-05	0	0.47235398925	8689.80078125	
33.048608	-8.39182307608219E-03	-2.51507842241906E-05	0	0.37971805729	8689.80078125	
33.052704	-8.39163637123625E-03	-2.6389248610725E-05	0	0.42751993768	8689.80078125	
33.0568	-8.39564467375391E-03	-2.55723845237437E-05	0	0.47047334708	8736.0390625	
33.060896	-8.39898350865063E-03	-2.50837989546375E-05	0	0.38167117857	8736.0390625	
33.064992	-8.40125496236641E-03	-2.52475322043656E-05	0	0.41465298831	8736.0390625	
33.069088	-8.40821387804922E-03	-2.35978441905938E-05	0	0.41844860486	8736.0390625	
33.073184	-8.41196214698125E-03	-2.34391602146625E-05	0	0.3335183467	8785.16015625	
33.07728	-8.41225345042844E-03	-2.45871451243687E-05	0	0.33981639989	8785.16015625	
33.081376	-8.41664522019578E-03	-2.37402404424281E-05	0	0.41302793037	8785.16015625	
33.085472	-8.42165351825703E-03	-2.28171593943563E-05	0	0.32479415067	8785.16015625	
33.089568	-8.42507775096281E-03	-2.284713484515E-05	0	0.3466027334	8833.421875	
33.093664	-8.43253524721609E-03	-2.13535346560594E-05	0	0.35950401498	8833.421875	
33.09776	-8.43733087364578E-03	-2.10224595063656E-05	0	0.28878347707	8833.421875	
33.101856	-8.43694905217828E-03	-2.25919954368281E-05	0	0.27423424941	8833.421875	
33.105952	-0.00843988704768	-2.22987849127312E-05	0	0.35018091262	8833.421875	
33.110048	-8.44481150228203E-03	-2.1171726905175E-05	0	0.27654976624	8833.421875	
33.114144	-8.44821049966094E-03	-2.10334034858062E-05	0	0.2724451598	8881.1015625	
33.11824	-8.45553413896297E-03	-1.955185352505E-05	0	0.30962694323	8881.1015625	
33.122336	-8.46201623497313E-03	-1.86124645605938E-05	0	0.24443389113	8881.1015625	
33.126432	-8.46293156416641E-03	-1.99097043691219E-05	0	0.20265540625	8881.1015625	
33.130528	-8.46602334887031E-03	-1.98502111593844E-05	0	0.29599705586	8881.09765625	
33.134624	-8.47065640859281E-03	-1.89760293412594E-05	0	0.24043609601	8928.19921875	
33.13872	-8.47249995893984E-03	-1.93621489070625E-05	0	0.21208531993	8928.19921875	
33.142816	-8.47711144062922E-03	-1.86277881029625E-05	0	0.24827528396	8928.19921875	
33.146912	-8.48216371764781E-03	-1.77204515103E-05	0	0.20603522159	8928.19921875	
33.151008	-8.48151491373656E-03	-1.90182807413156E-05	0	0.14626284398	8928.19921875	
33.155104	-8.48235810281063E-03	-1.93279027874625E-05	0	0.23285630698	8974.77734375	
33.1592	-8.48728886624438E-03	-1.78895842738594E-05	0	0.20087776071	8974.77734375	
33.163296	-8.49079136503641E-03	-1.74873966952781E-05	0	0.14724321931	8974.77734375	
33.167392	-8.49671828385531E-03	-1.64607032508187E-05	0	0.20480689141	8974.77734375	
33.171488	-8.50425230898031E-03	-1.50013823543719E-05	0	0.15912979335	8974.77734375	
33.175584	-8.5059216807125E-03	-1.59756477262594E-05	0	0.08613188551	9023.91796875	
33.17968	-8.50785364613594E-03	-1.64813253455812E-05	0	0.17941631477	9023.91796875	
33.183776	-8.51402834660641E-03	-1.50222765642469E-05	0	0.17128339569	9023.91796875	
33.187872	-8.51861459296891E-03	-1.45655301459937E-05	0	0.10301951814	9023.91796875	
33.191968	-8.52483583250234E-03	-1.37645845527094E-05	0	0.15546387626	9072.05859375	
33.196064	-8.53356981570672E-03	-1.21183530258656E-05	0	0.1282880247	9072.05859375	
33.20016	-8.5365902831825E-03	-1.27911321607781E-05	0	0.04945364116	9072.05859375	
33.204256	-8.53768573409297E-03	-1.38534260504062E-05	0	0.1183316838	9072.05859375	
33.208352	-8.54289719482203E-03	-1.28033321485781E-05	0	0.14157458997	9072.05859375	
33.212448	-8.54619305651719E-03	-1.26360880850531E-05	0	0.06113803663	9072.05859375	
33.216544	-0.008549684857725	-1.24989084145406E-05	0	0.1180646555	9119.91796875	
33.22064	-8.55606372661906E-03	-1.12005426456E-05	0	0.10409144603	9119.91796875	
33.224736	-8.55801041264984E-03	-1.16722255873781E-05	0	0.01519772496	9119.91796875	
33.228832	-8.55790279678125E-03	-1.27156961785219E-05	0	0.0716398782	9119.91796875	
33.232928	-8.56274048208906E-03	-1.14795798665625E-05	0	0.1080701677	9166.87890625	
33.237024	-8.56718034526922E-03	-1.07061991495594E-05	0	0.02880472419	9166.87890625	
33.24112	-8.57233914096828E-03	-1.00686569986406E-05	0	0.07710632897	9166.87890625	
33.245216	-8.58194612019078E-03	-8.0189794810125E-06	0	0.07781204662	9166.87890625	
33.249312	-8.58844037670266E-03	-7.50292975667812E-06	0	-0.00289153502	9166.87890625	
33.253408	-8.59095732626141E-03	-8.50972177873125E-06	0	0.026321361	9213.6953125	
33.257504	-8.59831589271875E-03	-7.30555783866562E-06	0	0.08661635114	9213.6953125	
33.2616	-8.60620696114609E-03	-6.06767470155E-06	0	0.01208875261	9213.6953125	
33.265696	-8.61407489719047E-03	-5.30650935694687E-06	0	0.04067222478	9213.6953125	
33.269792	-8.62569009641109E-03	-3.3631860598875E-06	0	0.06091678461	9213.6953125	
33.273888	-8.63517089899922E-03	-2.48009199105937E-06	0	-0.01031492176	9213.6953125	
33.277984	-8.63976061979078E-03	-3.43362589329375E-06	0	-0.00239944001	9262.81640625	
33.28208	-8.64826172481563E-03	-2.4864407827875E-06	0	0.07489380877	9262.81640625	
33.286176	-8.65740221622031E-03	-1.2773939149125E-06	0	0.001525876	9262.81640625	
33.290272	-8.66500499846781E-03	-9.26731525190625E-07	0	0.01634976134	9262.81640625	
33.294368	-8.67486853684687E-03	2.532122467875E-07	0	0.04301062975	9262.81640625	
33.298464	-8.68294475577031E-03	8.337453201E-07	0	-0.02406687921	9310.8984375	
33.30256	-8.68455021629422E-03	-7.17193273190625E-07	0	-0.03122705234	9310.8984375	
33.306656	-8.68887642907109E-03	-6.8774306225625E-07	0	0.05631245378	9310.8984375	
33.310752	-8.69465824476047E-03	2.0911132935E-07	0	0.0037002493	9358.99609375	
33.314848	-8.69845122410859E-03	1.46006825146875E-07	0	-0.01771542036	9358.99609375	
33.318944	-8.70424574889375E-03	8.45519106403125E-07	0	0.03623574031	9358.99609375	
33.32304	-8.71001138105828E-03	1.55301142775625E-06	0	-0.02228923367	9358.99609375	
33.327136	-8.70935251958922E-03	1.43617404459375E-07	0	-0.06110370442	9358.99609375	
33.331232	-8.70954635615797E-03	-5.20692508153125E-07	0	0.04259101385	9405.35546875	
33.335328	-8.71178736290328E-03	1.9951903125E-09	0	0.0109481603	9405.35546875	
33.339424	-8.71185273702906E-03	-3.58876323815625E-07	0	-0.01586148102	9405.35546875	
33.34352	-8.71427669989422E-03	8.9671785328125E-08	0	0.02142711373	9405.35546875	
33.347616	-8.71813505336812E-03	9.74986765396875E-07	0	-0.0131988274	9405.35546875	
33.351712	-8.71631765267141E-03	-8.803116196875E-08	0	-0.06964479533	9405.35546875	
33.355808	-8.71476165704547E-03	-8.66752258246875E-07	0	0.02356334013	9452.5546875	
33.359904	-0.00871738494242	1.04521289709375E-07	0	0.02172465955	9452.5546875	
33.364	-8.71844281463719E-03	2.38967789878125E-07	0	-0.02302928353	9452.5546875	
33.368096	-8.7205667879825E-03	5.65202079028125E-07	0	0.14014408122	9452.5546875	
33.372192	-8.72378456645609E-03	1.18667357294062E-06	0	0.07728943409	9452.5546875	
33.376288	-8.72212872671078E-03	3.05822530715625E-07	0	-0.0123595956	9452.5546875	
33.380384	-8.71944290161313E-03	-7.46995647234375E-07	0	0.02642054294	9452.5546875	
33.38448	-8.72016037121453E-03	-1.97393792990625E-07	0	-0.00443266978	9452.5546875	
33.388576	-8.71542070137922E-03	-1.37152963808437E-06	0	0.00214385578	9452.5546875	
33.392672	-8.71278296969438E-03	-1.82174385133125E-06	0	-0.01737972764	9452.5546875	
33.396768	-8.71708467860313E-03	-3.4376648315625E-08	0	-0.00958631597	9452.5546875	
33.400864	-8.72081612398391E-03	9.93439631559375E-07	0	-0.010299663	9452.5546875	
33.40496	-8.72131479598672E-03	6.32104415971875E-07	0	-0.0167083422	9452.5546875	
33.409056	-8.72133445394063E-03	2.88090096525E-07	0	-0.00738523984	9452.5546875	
33.413152	-0.008719664167885	-3.00232632459375E-07	0	-0.01399609761	9452.5546875	
33.417248	-8.7189078395375E-03	-5.0616920536875E-07	0	-0.00844953835	9452.5546875	
33.421344	-8.71986888490266E-03	-4.127447795625E-08	0	-0.01008604036	9452.5546875	
33.42544	-8.71731399092125E-03	-6.84863497828125E-07	0	-0.00870512258	9452.5546875	
33.429536	-8.7143084269175E-03	-1.35694095075E-06	0	-0.00610731869	9452.5546875	
33.433632	-8.71385876265094E-03	-1.06727561541562E-06	0	-0.00485228568	9452.5546875	
33.437728	-8.7148175222075E-03	-5.2843456771875E-07	0	0.0023269609	9452.5546875	
33.441824	-8.71726123445891E-03	1.53397923525E-07	0	-0.00410842113	9452.5546875	
33.44592	-8.71962210900687E-03	6.18397698909375E-07	0	0.00138091778	9452.5546875	
33.450016	-8.71899662034328E-03	1.415238969375E-07	0	0.00015640229	9452.5546875	
33.454112	-8.71768218896953E-03	-4.1027026280625E-07	0	-0.01064679979	9452.5546875	
33.458208	-8.71786514508937E-03	-3.093814213875E-07	0	-0.0093459905	9452.5546875	
33.462304	-8.71818232388984E-03	-1.6998684924375E-07	0	-0.01467511243	9452.5546875	
33.4664	-8.71779858234313E-03	-2.75313907378125E-07	0	-0.01492688197	9452.5546875	
33.470496	-8.71741054347625E-03	-3.68541217996875E-07	0	-0.01379010435	9452.5546875	
33.474592	-8.71762010640812E-03	-2.72211506634375E-07	0	-0.00865553161	9452.5546875	
33.478688	-8.71843787729062E-03	-5.5095377596875E-08	0	-0.00712584092	9452.5546875	
33.482784	-8.71900932943906E-03	4.6493943890625E-08	0	-0.01096723375	9452.5546875	
33.48688	-8.71875697617031E-03	-1.08292920553125E-07	0	-0.00710676747	9452.5546875	
33.490976	-8.71858224896141E-03	-1.99624559990625E-07	0	-0.00441741102	9452.5546875	
33.495072	-8.71924540775063E-03	-4.674081864375E-08	0	0.0027465768	9452.5546875	
33.499168	-8.72031900633094E-03	1.86455582775E-07	0	0.00376128434	9452.5546875	
33.503264	-8.71986696482344E-03	-7.20431971875E-10	0	0.00003051752	9452.5546875	
33.50736	-8.71768986928641E-03	-5.740792336125E-07	0	-0.00326918933	9452.5546875	
33.511456	-8.71567415183609E-03	-9.300144546E-07	0	-0.00813291908	9452.5546875	
33.515552	-8.71545343415828E-03	-7.420752194625E-07	0	-0.01379391904	9452.5546875	
33.519648	-8.7171669677125E-03	-1.607546469375E-07	0	-0.01723858411	9452.5546875	
33.523744	-8.71936637274141E-03	3.50413351509375E-07	0	-0.01526638938	9452.5546875	
33.52784	-8.72029431959813E-03	3.86244084909375E-07	0	-0.01236341029	9452.5546875	
33.531936	-8.71997640933891E-03	9.0059525325E-08	0	-0.00795362865	9452.5546875	
33.536032	-8.71962064608938E-03	-9.35460603E-08	0	-0.00292968192	9452.5546875	
33.540128	-8.71886632925344E-03	-2.68272568265625E-07	0	-0.00466155118	9452.5546875	
33.544224	-8.71748954102125E-03	-5.28569423353125E-07	0	-0.00104522506	9452.5546875	
33.54832	-8.71597231270906E-03	-7.42966805109375E-07	0	-0.00208663543	9452.5546875	
33.552416	-8.71481331631969E-03	-8.20301343159375E-07	0	-0.00435637598	9452.5546875	
33.556512	-8.71479768138891E-03	-6.375503239875E-07	0	-0.00309371359	9452.5546875	
33.560608	-8.71582885536172E-03	-2.6766944386875E-07	0	-0.00880430452	9452.5546875	
33.564704	-8.71658490941219E-03	-9.4236203840625E-08	0	-0.00708769402	9452.5546875	
33.5688	-8.71699132618016E-03	-8.141097628125E-08	0	-0.0093459905	9452.5546875	
33.572896	-8.71728701837984E-03	-9.12874087125E-08	0	-0.00624464753	9452.5546875	
33.576992	-8.71731371662422E-03	-1.42042406034375E-07	0	-0.00851057339	9452.5546875	
33.581088	-8.71663291139266E-03	-3.17576845884375E-07	0	-0.00954435438	9452.5546875	
33.585184	-8.71512720355578E-03	-6.16459239309375E-07	0	-0.01119611515	9452.5546875	
33.58928	-8.71358995156031E-03	-8.43575358346875E-07	0	-0.01410290893	9452.5546875	
33.593376	-8.71352439456984E-03	-7.04763958696875E-07	0	-0.0085830525	9452.5546875	
33.597472	-8.71499252371344E-03	-2.59946134284375E-07	0	-0.0053024191	9452.5546875	
33.601568	-8.71659615559047E-03	7.9797275971875E-08	0	-0.00196838004	9452.5546875	
33.605664	-8.71708659868234E-03	6.684945238125E-08	0	-0.00070190296	9452.5546875	
33.60976	-8.71633566484313E-03	-2.2182141279375E-07	0	0.00170898112	9452.5546875	
33.613856	-8.71534782980125E-03	-4.7063077936875E-07	0	-0.0012588477	9452.5546875	
33.617952	-8.71469033981734E-03	-5.48989835625E-07	0	-0.00648878769	9452.5546875	
33.622048	-8.7141475059925E-03	-5.7066144856875E-07	0	-0.00939176678	9452.5546875	
33.626144	-8.71366382889406E-03	-5.831773014375E-07	0	-0.01146314345	9452.5546875	
33.63024	-0.00871365742863	-5.1030093200625E-07	0	-0.00878523107	9452.5546875	
33.634336	-8.71430760402641E-03	-3.2767611463125E-07	0	-0.00982282675	9452.5546875	
33.638432	-8.71521132131203E-03	-1.44568845815625E-07	0	-0.00870893727	9452.5546875	
33.642528	-8.71578460210734E-03	-8.5841019928125E-08	0	-0.00827024792	9452.5546875	
33.646624	-8.71579173383016E-03	-1.665546411375E-07	0	-0.00619887125	9452.5546875	
33.65072	-8.71583955294594E-03	-2.16877908121875E-07	0	-0.00421904714	9452.5546875	
33.654816	-8.71577244160563E-03	-2.5185599814375E-07	0	-0.00345229445	9452.5546875	
33.658912	-8.71527962127281E-03	-3.54198924646875E-07	0	-0.00197219473	9452.5546875	
33.663008	-8.71428986615172E-03	-5.2422591808125E-07	0	-0.00162505794	9503.62890625	
33.667104	-8.71323839419859E-03	-6.66351256725E-07	0	-0.00254821292	9503.62890625	
33.6712	-8.71262689468359E-03	-6.7736903416875E-07	0	-0.00416945617	9503.62890625	
33.675296	-8.71272134429469E-03	-5.57747278790625E-07	0	-0.00732801949	9503.62890625	
33.679392	-8.71320758149875E-03	-3.8926355304375E-07	0	-0.00712584092	9503.62890625	
33.683488	-8.71353874944781E-03	-3.14073003234375E-07	0	-0.00892255991	9503.62890625	
33.687584	-8.71360275208844E-03	-3.18669633253125E-07	0	-0.01046369467	9503.62890625	
33.69168	-8.71344786569813E-03	-3.68075833846875E-07	0	-0.00764845345	9503.62890625	
33.695776	-8.71330075105703E-03	-4.0074959925E-07	0	-0.00558852085	9503.62890625	
33.699872	-8.71303468293672E-03	-4.36168073446875E-07	0	-0.00584410508	9503.62890625	
33.703968	-8.71227341724266E-03	-5.51016516290625E-07	0	-0.00505446425	9503.62890625	
33.708064	-8.71134263598328E-03	-6.75350045803125E-07	0	-0.00407790361	9503.62890625	
33.71216	-8.71087358805984E-03	-6.89605079625E-07	0	-0.00406645954	9503.62890625	
33.716256	-8.71129929705234E-03	-5.30857882603125E-07	0	-0.00524138406	9503.62890625	
33.720352	-8.71217220163813E-03	-3.27197509340625E-07	0	-0.0044250404	9503.62890625	
33.724448	-8.71292057537172E-03	-2.11929836146875E-07	0	-0.00357054984	9503.62890625	
33.728544	-8.71320849582219E-03	-2.19616366921875E-07	0	-0.00056838881	9503.62890625	
33.73264	-8.71324433730094E-03	-2.75667753178125E-07	0	-0.00073623517	9503.62890625	
33.736736	-8.71274529956875E-03	-3.88996005234375E-07	0	-0.00468443932	9503.62890625	
33.740832	-8.71142300501344E-03	-6.2442966403125E-07	0	-0.00830076544	9503.62890625	
33.744928	-8.71003433057656E-03	-8.1075447770625E-07	0	-0.00925062325	9503.62890625	
33.749024	-8.7094456891475E-03	-8.09351354109375E-07	0	-0.01056287661	9503.62890625	
33.75312	-8.71002875320359E-03	-5.9385277153125E-07	0	-0.00956724252	9503.62890625	
33.757216	-8.71111122072125E-03	-3.43605425625E-07	0	-0.00801466369	9503.62890625	
33.761312	-8.71183390196625E-03	-2.32871161359375E-07	0	-0.00387953973	9503.62890625	
33.765408	-8.71186764050109E-03	-2.91612929540625E-07	0	-0.00118636859	9503.62890625	
33.769504	-8.71169318758922E-03	-3.72462367921875E-07	0	0.00140762061	9503.62890625	
33.7736	-8.71123117995625E-03	-4.6697260995E-07	0	-0.00119399797	9503.62890625	
33.777696	-8.71035187510641E-03	-5.99736659878125E-07	0	-0.00375746965	9503.62890625	
33.781792	-8.70937784634844E-03	-7.229983154625E-07	0	-0.00433348784	9503.62890625	
33.785888	-8.70875601497859E-03	-7.4881607810625E-07	0	-0.00642012327	9503.62890625	
33.789984	-8.70867756602766E-03	-6.794233590375E-07	0	-0.00763319469	9503.62890625	
33.79408	-8.70919470736391E-03	-5.256331282125E-07	0	-0.00787352016	9503.62890625	
33.798176	-8.70962864526734E-03	-4.26611833003125E-07	0	-0.00692747704	9503.62890625	
33.802272	-8.70980958987562E-03	-4.10373868471875E-07	0	-0.00549696829	9503.62890625	
33.806368	-8.70980017234422E-03	-4.35582497109375E-07	0	-0.00498579983	9503.62890625	
33.810464	-8.70959938691734E-03	-4.7964182805E-07	0	-0.00441741102	9503.62890625	
33.81456	-8.70907383380547E-03	-5.59930449684375E-07	0	-0.00456618393	9503.62890625	
33.818656	-8.70824856547078E-03	-6.72578173575E-07	0	-0.00492857948	9503.62890625	
33.822752	-8.70748583685922E-03	-7.47173531671875E-07	0	-0.00506209363	9503.62890625	
33.826848	-8.70732665314875E-03	-7.10381260771875E-07	0	-0.00397490698	9503.62890625	
33.830944	-8.70787442432016E-03	-5.5765376926875E-07	0	-0.00323104243	9503.62890625	
33.83504	-8.70851271351187E-03	-4.316380299E-07	0	-0.00365447302	9503.62890625	
33.839136	-8.70889316349422E-03	-3.85541200996875E-07	0	-0.0034713679	9503.62890625	
33.843232	-8.70888575747437E-03	-4.237370762625E-07	0	-0.0035476617	9503.62890625	
33.847328	-8.70882038334859E-03	-4.6310001766875E-07	0	-0.00433348784	9503.62890625	
33.851424	-8.70875482635813E-03	-4.7883173270625E-07	0	-0.00565718527	9503.62890625	
33.85552	-8.70822067860594E-03	-5.583311724375E-07	0	-0.00548933891	9503.62890625	
33.859616	-8.70733725930063E-03	-6.80755809628125E-07	0	-0.00667189281	9503.62890625	
33.863712	-8.70658321676172E-03	-7.52796602971875E-07	0	-0.00523756937	9503.62890625	
33.867808	-8.70636597351297E-03	-7.20531731390625E-07	0	-0.00632475602	9503.64453125	
33.871904	-8.70652835735547E-03	-6.33082059225E-07	0	-0.00652693459	9503.64453125	
33.876	-8.70681810645281E-03	-5.48902576096875E-07	0	-0.0064086792	9503.64453125	
33.880096	-8.70697601011047E-03	-5.169619830375E-07	0	-0.00426863811	9503.64453125	
33.884192	-8.70732464163719E-03	-4.757226012E-07	0	-0.00295638475	9503.64453125	
33.888288	-8.7077223723325E-03	-4.23155586459375E-07	0	-0.00204085915	9503.64453125	
33.892384	-8.70755980562531E-03	-4.67627657371875E-07	0	-0.00230788745	9503.64453125	
33.89648	-8.70677458465719E-03	-5.97246758521875E-07	0	-0.00296019944	9503.64453125	
33.900576	-8.70584124329219E-03	-7.27549512834375E-07	0	-0.00422286183	9503.64453125	
33.904672	-8.70550586945531E-03	-7.309377306E-07	0	-0.0067520013	9503.64453125	
33.908768	-8.70567885944969E-03	-6.4502195113125E-07	0	-0.0071716172	9503.64453125	
33.912864	-8.70603261118766E-03	-5.54802570196875E-07	0	-0.00839994738	9503.64453125	
33.91696	-8.70640117496531E-03	-4.93093497290625E-07	0	-0.00682066572	9503.64453125	
33.921056	-8.70677312173969E-03	-4.508255107125E-07	0	-0.00517271964	9503.64453125	
33.925152	-8.70700005681688E-03	-4.38388744303125E-07	0	-0.00386428097	9503.64453125	
33.929248	-8.70692288791875E-03	-4.68443762325E-07	0	-0.00294875537	9503.64453125	
33.933344	-8.70648895001531E-03	-5.4341724504375E-07	0	-0.00253295416	9503.64453125	
33.93744	-8.70571268941688E-03	-6.5058252249375E-07	0	-0.00243377222	9503.64453125	
33.941536	-8.70509670971703E-03	-7.13963468728125E-07	0	-0.00359343798	9503.64453125	
33.945632	-8.70482021830953E-03	-7.003502611875E-07	0	-0.00360869674	9503.64453125	
33.949728	-8.70490570755094E-03	-6.44452480546875E-07	0	-0.00317382208	9503.64453125	
33.953824	-8.70549572046516E-03	-5.322023524125E-07	0	-0.00420760307	9503.64453125	
33.95792	-8.70612523215187E-03	-4.35282016640625E-07	0	-0.00407408892	9503.64453125	
33.962016	-0.00870647157787	-4.09138292784375E-07	0	-0.00346373852	9503.64453125	
33.966112	-8.70652662014094E-03	-4.3376350854375E-07	0	-0.00352858825	9503.64453125	
33.970208	-8.70632601757875E-03	-4.85542062534375E-07	0	-0.00298690227	9503.64453125	
33.974304	-8.70570692917922E-03	-5.75391491915625E-07	0	-0.00440215226	9503.64453125	
33.9784	-8.70489427850797E-03	-6.757829780625E-07	0	-0.00608061586	9503.64453125	
33.982496	-8.70432611792391E-03	-7.2118533650625E-07	0	-0.00596617516	9503.64453125	
33.986592	-8.70437347987797E-03	-6.65934189834375E-07	0	-0.00396346291	9503.64453125	
33.990688	-8.70483923623703E-03	-5.58354008953125E-07	0	-0.00462340428	9503.64453125	
33.994784	-8.70526540239125E-03	-4.83995910234375E-07	0	-0.0036621024	9503.64453125	
33.99888	-8.70553860223438E-03	-4.57333436896875E-07	0	-0.00055694474	9503.64453125	
34.002976	-8.70562079991141E-03	-4.6362501714375E-07	0	0.00006103504	9503.64453125	
34.007072	-8.70559766752844E-03	-4.8633845596875E-07	0	0.00010681132	9503.64453125	
34.011168	-8.70537923565922E-03	-5.1940669213125E-07	0	-0.00254439823	9503.64453125	
34.015264	-8.70473600912094E-03	-6.01026081665625E-07	0	-0.00280761184	9503.64453125	
34.01936	-8.70408949101828E-03	-6.72213029709375E-07	0	-0.00421141776	9503.64453125	
34.023456	-8.70386246450875E-03	-6.675541401375E-07	0	-0.00571822031	9503.64453125	
34.027552	-8.70407632476078E-03	-6.0053449561875E-07	0	-0.00658415494	9503.64453125	
34.031648	-8.70441105857125E-03	-5.32324467675E-07	0	-0.00657652556	9503.64453125	
34.035744	-8.70474551808469E-03	-4.85210812865625E-07	0	-0.00544737732	9503.64453125	
34.03984	-8.70508875510313E-03	-4.507639723125E-07	0	-0.00355910577	9503.64453125	
34.043936	-8.70533324519031E-03	-4.3580341035E-07	0	-0.00246428974	9503.64453125	
34.048032	-8.70526019074766E-03	-4.58924541075E-07	0	-0.00191878907	9503.64453125	
34.052128	-8.70475136975469E-03	-5.3600331015E-07	0	-0.00101089285	9503.64453125	
34.056224	-8.70409854282031E-03	-6.18776544684375E-07	0	-0.00110244541	9503.64453125	
34.06032	-0.00870362181458	-6.5723636199375E-07	0	-0.0027465768	9503.64453125	
34.064416	-8.70354565143766E-03	-6.31678935628125E-07	0	-0.00294494068	9503.64453125	
34.068512	-8.70369157745828E-03	-5.75654472421875E-07	0	-0.00345610914	9503.66015625	
34.072608	-8.70387371068703E-03	-5.36832876628125E-07	0	-0.00379943124	9503.66015625	
34.076704	-8.70427016132953E-03	-4.8464903458125E-07	0	-0.00426482342	9503.66015625	
34.0808	-8.70461860999156E-03	-4.44557007365625E-07	0	-0.00331496561	9503.66015625	
34.084896	-8.70478081096938E-03	-4.3878273429375E-07	0	-0.00295638475	9503.66015625	
34.088992	-8.70462811895531E-03	-4.721226048E-07	0	-0.00356673515	9503.66015625	
34.093088	-8.70412642968516E-03	-5.4262205353125E-07	0	-0.00317382208	9503.66015625	
34.097184	-8.70351008425594E-03	-6.11154917690625E-07	0	-0.00406264485	9503.66015625	
34.10128	-8.70319144253797E-03	-6.30214033246875E-07	0	-0.00363921426	9503.66015625	
34.105376	-8.70326321692781E-03	-5.9097296671875E-07	0	-0.00276183556	9503.66015625	
34.109472	-8.70351813030219E-03	-5.3278071721875E-07	0	-0.00349044135	9503.66015625	
34.113568	-8.70388788270031E-03	-4.82329084978125E-07	0	-0.00285720281	9503.66015625	
34.117664	-8.70443135655156E-03	-4.2403563365625E-07	0	-0.001144407	9503.66015625	
34.12176	-8.70483777331953E-03	-3.8880345735E-07	0	-0.00059890633	9503.66015625	
34.125856	-8.70485953421734E-03	-4.0602892089375E-07	0	-0.00117110983	9503.66015625	
34.129952	-8.70427583013484E-03	-4.927658533875E-07	0	-0.0021362264	9503.66015625	
34.134048	-8.70353797112078E-03	-5.869292207625E-07	0	-0.00337218596	9503.66015625	
34.138144	-8.70302320702547E-03	-6.3038061961875E-07	0	-0.00457381331	9503.66015625	
34.14224	-8.70297931950047E-03	-6.04379443696875E-07	0	-0.00520705185	9503.66015625	
34.146336	-8.70313795461687E-03	-5.50608824390625E-07	0	-0.00481413878	9503.66015625	
34.150432	-8.70337403292844E-03	-5.077302615E-07	0	-0.0035476617	9503.66015625	
34.154528	-8.70391485524172E-03	-4.43010374296875E-07	0	-0.00262832141	9503.66015625	
34.158624	-8.70456493920578E-03	-3.759986624625E-07	0	-0.00082778773	9503.66015625	
34.16272	-8.70499311687156E-03	-3.460313847375E-07	0	-0.00124358894	9503.66015625	
34.166816	-8.70499357403328E-03	-3.75792653053125E-07	0	-0.00080871428	9503.66015625	
34.170912	-8.70472467151031E-03	-4.30835386471875E-07	0	-0.00071334703	9503.66015625	
34.175008	-0.00870442349337	-4.816427875875E-07	0	-0.00139236185	9503.66015625	
34.179104	-8.70432182060375E-03	-4.909947013125E-07	0	-0.00210189419	9503.66015625	
34.1832	-8.70448365585219E-03	-4.66533908465625E-07	0	-0.00395964822	9503.66015625	
34.187296	-8.70478574831594E-03	-4.28345965884375E-07	0	-0.00296782882	9503.66015625	
34.191392	-8.7052237092425E-03	-3.82334473434375E-07	0	-0.00279998246	9503.66015625	
34.195488	-8.7057006203475E-03	-3.4255206129375E-07	0	-0.00452803703	9503.66015625	
34.199584	-8.70600170705547E-03	-0.00000032692275	0	-0.00332259499	9503.66015625	
34.20368	-8.70592161232234E-03	-3.55735942340625E-07	0	-0.00196075066	9503.66015625	
34.207776	-8.70548099985781E-03	-4.2146159776875E-07	0	-0.00237273718	9503.66015625	
34.211872	-8.70495069226406E-03	-4.8228461386875E-07	0	-0.00272750335	9503.66015625	
34.215968	-8.70445375747578E-03	-5.234350534875E-07	0	-0.0019454919	9503.66015625	
34.220064	-8.70414435042453E-03	-5.3394898528125E-07	0	-0.00215529985	9503.66015625	
34.22416	-8.70410933183688E-03	-5.14107418584375E-07	0	-0.00185393934	9503.66015625	
34.228256	-8.70432099771266E-03	-4.66294966396875E-07	0	-0.00122833018	9503.66015625	
34.232352	-8.70455936183281E-03	-4.27530582084375E-07	0	-0.00061416509	9503.66015625	
34.236448	-8.70481390947781E-03	-3.9974335025625E-07	0	-0.00165176077	9503.66015625	
34.240544	-8.70497547042922E-03	-3.83371491628125E-07	0	-0.00126647708	9503.66015625	
34.24464	-8.70494785786141E-03	-3.92889751340625E-07	0	-0.00113677762	9503.66015625	
34.248736	-8.70461495269781E-03	-4.307678384625E-07	0	-0.00336074189	9503.66015625	
34.252832	-8.70398790968437E-03	-4.94971380028125E-07	0	-0.0022506671	9503.66015625	
34.256928	-8.70344663020937E-03	-5.41165083834375E-07	0	-0.00365065833	9503.66015625	
34.261024	-8.70323779873625E-03	-5.3717590513125E-07	0	-0.0039672776	9503.66015625	
34.26512	-8.70330847593797E-03	-5.02956948965625E-07	0	-0.00460051614	9503.66015625	
34.269216	-8.70352617634844E-03	-4.59472857834375E-07	0	-0.00322722774	9503.6796875	
34.273312	-8.70387307066062E-03	-4.169765061E-07	0	-0.00192641845	9503.6796875	
34.277408	-8.70444177983875E-03	-3.59646034584375E-07	0	-0.00098037533	9503.6796875	
34.281504	-8.70470921944422E-03	-3.38351344340625E-07	0	0.00032806334	9503.6796875	
34.2856	-8.70448804460469E-03	-3.7467895224375E-07	0	0.00163268732	9503.6796875	
34.289696	-8.70394493648281E-03	-4.44047392490625E-07	0	0.00067901482	9503.6796875	
34.293792	-8.70360627108156E-03	-4.81536056925E-07	0	-0.00165939015	9503.6796875	
34.297888	-8.70351950178734E-03	-4.76358898640625E-07	0	-0.00320052491	9503.6796875	
34.301984	-8.70363315219063E-03	-4.51039212421875E-07	0	-0.00341414755	9503.6796875	
34.30608	-8.70389153999406E-03	-4.139457399E-07	0	-0.00369261992	9503.6796875	
34.310176	-8.70436771964031E-03	-3.69004198303125E-07	0	-0.00277327963	9503.6796875	
34.314272	-8.70504925633062E-03	-3.09426854034375E-07	0	-0.00244521629	9503.6796875	
34.318368	-8.70571076933766E-03	-2.60775460378125E-07	0	-0.00259780389	9503.6796875	
34.322464	-8.70593514430922E-03	-2.62620650840625E-07	0	-0.00077438207	9503.6796875	
34.32656	-8.70579854438766E-03	-3.0355017721875E-07	0	-0.00043487466	9503.6796875	
34.330656	-8.70546755930328E-03	-3.57954690121875E-07	0	-0.00092696967	9503.6796875	
34.334752	-8.7051213050175E-03	-4.00210417096875E-07	0	-0.00188445686	9503.6796875	
34.338848	-8.70485697411172E-03	-4.22653183115625E-07	0	-0.00108718665	9503.6796875	
34.342944	-0.008704742409385	-4.2315726915E-07	0	-0.00222014958	9503.6796875	
34.34704	-8.70486191145828E-03	-4.00783493446875E-07	0	-0.00144576751	9503.6796875	
34.351136	-8.70518475906406E-03	-3.6284146408125E-07	0	-0.00212478233	9503.6796875	
34.355232	-8.70551674990422E-03	-3.27371066859375E-07	0	-0.00210189419	9503.6796875	
34.359328	-8.70554683114531E-03	-3.2565736665E-07	0	-0.00086974932	9503.6796875	
34.363424	-8.70521438314344E-03	-3.6130685023125E-07	0	-0.0012588477	9503.6796875	
34.36752	-8.70459328323234E-03	-4.231313076375E-07	0	-0.00207519136	9503.6796875	
34.371616	-0.00870397876645	-4.7005866455625E-07	0	-0.00320052491	9503.6796875	
34.375712	-8.70352946791281E-03	-4.89677154553125E-07	0	-0.00203704446	9503.6796875	
34.379808	-8.70322344385828E-03	-4.91772344765625E-07	0	-0.00180816306	9503.6796875	
34.383904	-8.70310275316453E-03	-4.76217071859375E-07	0	-0.0023651078	9503.6796875	
34.388	-8.70313000000297E-03	-4.49798348278125E-07	0	-0.00018310512	9503.6796875	
34.392096	-8.70332566521859E-03	-4.1400968214375E-07	0	0.00021743733	9503.6796875	
34.396192	-8.70353568531219E-03	-3.82974617025E-07	0	-0.00027465768	9503.6796875	
34.400288	-8.70348164879703E-03	-3.828640402125E-07	0	0.00040054245	9503.6796875	
34.404384	-8.7031522180625E-03	-4.11079156228125E-07	0	0.00023651078	9503.6796875	
34.40848	-0.008702752841585	-4.44579122728125E-07	0	-0.00103759568	9503.6796875	
34.412576	-8.70250213409844E-03	-4.57791609515625E-07	0	-0.00124740363	9503.6796875	
34.416672	-8.70237705465219E-03	-4.5310579689375E-07	0	-0.00443266978	9503.6796875	
34.420768	-8.70226029554922E-03	-4.4855868605625E-07	0	-0.00269698583	9503.6796875	
34.424864	-8.70248860211156E-03	-4.2132794405625E-07	0	-0.00446700199	9503.6796875	
34.42896	-8.70313521164656E-03	-3.58018151596875E-07	0	-0.00354003232	9503.6796875	
34.433056	-8.70377761529375E-03	-3.00201382490625E-07	0	-0.00140762061	9503.6796875	
34.437152	-8.70416922002203E-03	-2.78547557990625E-07	0	-0.00109100134	9503.6796875	
34.441248	-8.70421447903219E-03	-2.9240355375E-07	0	0.00048065094	9503.6796875	
34.445344	-8.70407413038453E-03	-3.23682128240625E-07	0	0.00136565902	9503.6796875	
34.44944	-8.7037578659075E-03	-3.63331127053125E-07	0	0.00066375606	9503.6796875	
34.453536	-8.70332950537703E-03	-4.00970752875E-07	0	-0.00009536725	9503.6796875	
34.457632	-0.008702793803275	-4.393447529625E-07	0	0.0004196159	9503.6796875	
34.461728	-8.70248567627656E-03	-4.5607262085E-07	0	-0.00230407276	9503.6796875	
34.465824	-8.70246409824344E-03	-4.39647877659375E-07	0	-0.00267409769	9503.6796875	
34.46992	-8.70264696293094E-03	-4.05911372934375E-07	0	-0.00280379715	9503.67578125	
34.474016	-8.7027660078425E-03	-3.817101952125E-07	0	-0.00181579244	9503.67578125	
34.478112	-8.70264540858109E-03	-3.84693124921875E-07	0	-0.00219726144	9503.67578125	
34.482208	-8.70235520232203E-03	-4.057967095875E-07	0	-0.00114059231	9503.67578125	
34.486304	-8.70187527394969E-03	-4.368639862125E-07	0	-0.0014877291	9503.67578125	
34.4904	-8.70119529160922E-03	-4.7929038609375E-07	0	-0.00175094271	9503.67578125	
34.494496	-8.70056696854297E-03	-5.143196779875E-07	0	-0.00107574258	9503.67578125	
34.498592	-8.70033390749875E-03	-5.10166557140625E-07	0	-0.00183868058	9503.67578125	
34.502688	-8.70037624067391E-03	-4.8024951975E-07	0	-0.00088119339	9503.67578125	
34.506784	-8.70078503468281E-03	-4.27060390246875E-07	0	-0.0000762938	9503.67578125	
34.51088	-8.70133070291031E-03	-3.6857895834375E-07	0	0.00059509164	9503.67578125	
34.514976	-8.70163480688562E-03	-3.4058042865E-07	0	0.00081634366	9503.67578125	
34.519072	-8.70162840662156E-03	-3.4570878890625E-07	0	0.00035476617	9503.67578125	
34.523168	-8.70130583331281E-03	-3.8107798430625E-07	0	-0.0009536725	9503.67578125	
34.527264	-8.70089402203656E-03	-4.1874717740625E-07	0	-0.00193404783	9503.67578125	
34.53136	-8.70055681955281E-03	-4.41631529521875E-07	0	-0.0024032547	9503.67578125	
34.535456	-8.7002907514325E-03	-4.5228175925625E-07	0	-0.00390624256	9503.67578125	
34.539552	-8.70011300695625E-03	-4.52295941934375E-07	0	-0.00309752828	9503.67578125	
34.543648	-8.70017755819094E-03	-4.37113745578125E-07	0	-0.00234221966	9503.67578125	
34.547744	-8.70062338229906E-03	-3.94461865153125E-07	0	-0.00224303772	9503.67578125	
34.55184	-8.70119693739141E-03	-3.41276822184375E-07	0	-0.00098037533	9503.67578125	
34.555936	-8.70152124791469E-03	-3.17376846084375E-07	0	0.00149154379	9503.67578125	
34.560032	-8.70155498644953E-03	-3.269140961625E-07	0	0.00025558423	9503.67578125	
34.564128	-8.70153404844281E-03	-3.418948504125E-07	0	0.0013732884	9503.67578125	
34.568224	-8.70150625301031E-03	-3.51020081671875E-07	0	0.00133895619	9503.67578125	
34.57232	-8.70128526103547E-03	-3.70279677796875E-07	0	-0.00074004986	9503.67578125	
34.576416	-8.70093809242625E-03	-3.9898037025E-07	0	-0.00123214487	9503.67578125	
34.580512	-8.7007705883725E-03	-4.1059237786875E-07	0	-0.00081634366	9503.67578125	
34.584608	-8.70102705609672E-03	-3.88260909815625E-07	0	-0.00228499931	9503.67578125	
34.588704	-8.70147736038969E-03	-3.43251339440625E-07	0	-0.00215529985	9503.67578125	
34.5928	-8.70163782415297E-03	-3.27697028071875E-07	0	-0.00113296293	9503.67578125	
34.596896	-8.70146382840281E-03	-3.42480667134375E-07	0	-0.00143050875	9503.67578125	
34.600992	-8.7010836527175E-03	-3.772909688625E-07	0	0.00103759568	9503.67578125	
34.605088	-8.70072304355375E-03	-4.0334911588125E-07	0	0.00066375606	9503.67578125	
34.609184	-8.70025628143891E-03	-4.27737793415625E-07	0	-0.00004959097	9503.67578125	
34.61328	-8.6995709960225E-03	-4.6323944060625E-07	0	-0.00025558423	9503.67578125	
34.617376	-8.69909783364359E-03	-4.85556485596875E-07	0	-0.0000381469	9503.67578125	
34.621472	-0.00869908677033	-4.6718559050625E-07	0	-0.00024032547	9503.67578125	
34.625568	-8.69945899140141E-03	-4.1772217843125E-07	0	-0.00069045889	9503.67578125	
34.629664	-8.69990079248641E-03	-3.7042414880625E-07	0	-0.00089263746	9503.67578125	
34.63376	-8.70021376539906E-03	-3.41232591459375E-07	0	-0.00001907345	9503.67578125	
34.637856	-8.70031178087156E-03	-3.36791249746875E-07	0	0.00064086792	9503.67578125	
34.641952	-8.70032448996734E-03	-3.4301263775625E-07	0	-0.00071716172	9503.67578125	
34.646048	-8.70016649487734E-03	-3.581140649625E-07	0	-0.00069427358	9503.67578125	
34.650144	-8.69979509669703E-03	-3.86721007509375E-07	0	-0.00206374729	9503.67578125	
34.65424	-8.69938739987625E-03	-4.141082397375E-07	0	-0.00281524122	9503.67578125	
34.658336	-8.69925509727484E-03	-4.21666886025E-07	0	-0.00299834634	9503.67578125	
34.662432	-8.69969013236641E-03	-3.85331105053125E-07	0	-0.00312041642	9503.67578125	
34.666528	-8.70037861791484E-03	-3.27181163203125E-07	0	-0.00113677762	9503.67578125	
34.670624	-8.70102641607031E-03	-2.813872186125E-07	0	-0.000381469	9503.671875	
34.67472	-8.70142981557094E-03	-2.62476900984375E-07	0	0.00072860579	9503.671875	
34.678816	-8.70169003202125E-03	-2.60403345365625E-07	0	0.00059127695	9503.671875	
34.682912	-0.00870188386859	-2.66378820159375E-07	0	0.00013732884	9503.671875	
34.687008	-8.70195033990391E-03	-2.75171599828125E-07	0	0.00080489959	9503.671875	
34.691104	-8.70171225008078E-03	-3.0141075628125E-07	0	-0.00131606805	9503.671875	
34.6952	-8.70141856939266E-03	-3.330948592125E-07	0	-0.00188064217	9503.671875	
34.699296	-8.70153368271344E-03	-3.32629234678125E-07	0	-0.00247573381	9503.671875	
34.703392	-8.70201324535641E-03	-2.99334075665625E-07	0	-0.00243758691	9503.671875	
34.707488	-8.70253376968937E-03	-2.64147812775E-07	0	-0.00189208624	9503.671875	
34.711584	-8.70277972269406E-03	-2.49335567971875E-07	0	-0.00065612668	9503.671875	
34.71568	-8.70259694943891E-03	-2.710929981375E-07	0	0.00036239555	9503.671875	
34.719776	-8.70223268298141E-03	-3.047948875125E-07	0	0.00160979918	9503.671875	
34.723872	-8.70162703513641E-03	-3.45911432934375E-07	0	-0.00068282951	9503.671875	
34.727968	-8.70073831275516E-03	-3.98863783828125E-07	0	-0.00069045889	9503.671875	
34.732064	-8.69978668492141E-03	-4.50646905121875E-07	0	-0.00181960713	9503.671875	
34.73616	-8.69901819607219E-03	-4.82386296459375E-07	0	-0.00196456535	9503.671875	
34.740256	-8.69886394970828E-03	-4.6862789675625E-07	0	-0.0009155256	9503.671875	
34.744352	-8.69911831448859E-03	-4.22199818184375E-07	0	-0.00010681132	9503.671875	
34.748448	-0.00869930328212	-3.81701300990625E-07	0	0.00007247911	9503.671875	
34.752544	-8.69930145347312E-03	-3.6770347845E-07	0	0.00054168598	9503.671875	
34.75664	-8.69918167710281E-03	-3.67813093725E-07	0	0.00063323854	9503.671875	
34.760736	-8.6990589748975E-03	-3.69780639834375E-07	0	-0.0000762938	9503.671875	
34.764832	-8.69895209048766E-03	-3.71503715034375E-07	0	0.00049972439	9503.671875	
34.768928	-8.6988073530875E-03	-3.721102048125E-07	0	-0.00028991644	9503.671875	
34.773024	-8.69851979836641E-03	-3.8318759758125E-07	0	0.00000381469	9503.671875	
34.77712	-8.69846091593703E-03	-3.843688464E-07	0	-0.00067901482	9503.671875	
34.781216	-8.69876721428859E-03	-3.600236784375E-07	0	0.00033187803	9503.671875	
34.785312	-8.69942214416687E-03	-3.1463574305625E-07	0	-0.00011062601	9503.671875	
34.789408	-8.70006079908797E-03	-2.71917276159375E-07	0	-0.00136565902	9503.671875	
34.793504	-8.7003990073275E-03	-2.55603830934375E-07	0	0.0009918194	9503.671875	
34.7976	-8.70061021604156E-03	-2.5751849248125E-07	0	0.00101470754	9503.671875	
34.801696	-8.70090846834688E-03	-2.54125947796875E-07	0	0.00054931536	9503.671875	
34.805792	-8.70108154977359E-03	-2.522612862E-07	0	0.00092315498	9503.671875	
34.809888	-8.70088231869656E-03	-2.744766486E-07	0	-0.00083160242	9503.671875	
34.813984	-8.70069789965922E-03	-2.99761959853125E-07	0	-0.00157546697	9503.671875	
34.81808	-8.70105375434109E-03	-2.90620622840625E-07	0	-0.00109863072	9503.671875	
34.822176	-8.70195043133625E-03	-2.38975962946875E-07	0	-0.00027847237	9503.671875	
34.826272	-8.70277835120891E-03	-1.90605819009375E-07	0	0.00014877291	9503.671875	
34.830368	-8.70316931591078E-03	-1.77276986184375E-07	0	0.00099944878	9503.671875	
34.834464	-8.70325251934359E-03	-1.92181298203125E-07	0	0.00194167721	9503.671875	
34.83856	-8.70327025721828E-03	-2.11182481125E-07	0	0.00304030793	9503.671875	
34.842656	-8.70315377241234E-03	-2.31282461025E-07	0	0.00070953234	9503.671875	
34.846752	-8.7025670510625E-03	-2.71226411465625E-07	0	0.00069427358	9503.671875	
34.850848	-8.70173958835156E-03	-3.25232367075E-07	0	-0.00012588477	9503.671875	
34.854944	-8.70115405562219E-03	-3.60110937965625E-07	0	-0.00010299663	9503.671875	
34.85904	-8.70107871537094E-03	-3.55259981278125E-07	0	-0.00000762938	9503.671875	
34.863136	-8.70111611119953E-03	-3.32590773178125E-07	0	-0.00080489959	9503.671875	
34.867232	-8.70091404571984E-03	-3.29114334346875E-07	0	0.00041198652	9503.671875	
34.871328	-8.70067449297922E-03	-3.3306505155E-07	0	0.00034713679	9503.6875	
34.875424	-8.70050845184297E-03	-3.343544733375E-07	0	0.00070571765	9503.6875	
34.87952	-8.70029715169656E-03	-3.3433283874375E-07	0	0.0020599326	9503.6875	
34.883616	-8.69986805970734E-03	-3.46964316496875E-07	0	0.00038528369	9503.6875	
34.887712	-8.69917427108297E-03	-3.74568135046875E-07	0	0.00036239555	9503.6875	
34.891808	-8.69855582270984E-03	-3.9999623461875E-07	0	0.00058364757	9503.6875	
34.895904	-8.69837551812797E-03	-3.984659476875E-07	0	0.00017547574	9503.6875	
34.9	-8.69864414635391E-03	-3.65348913496875E-07	0	0.00062560916	9503.6875	
34.904096	-8.6990589748975E-03	-3.24671550328125E-07	0	-0.00016403167	9503.6875	
34.908192	-8.69941629249688E-03	-2.93317254759375E-07	0	0.00009155256	9503.6875	
34.912288	-8.69967660037953E-03	-2.76777848221875E-07	0	0.00159454042	9503.6875	
34.916384	-8.69988232315297E-03	-2.670853098375E-07	0	0.00176238678	9503.6875	
34.92048	-8.70003218076438E-03	-2.62292285784375E-07	0	0.00044250404	9503.6875	
34.924576	-8.69995802913359E-03	-2.70857661834375E-07	0	0.00100707816	9503.6875	
34.928672	-8.69979729107328E-03	-2.8563769513125E-07	0	0.00016784636	9503.6875	
34.932768	-8.69982051488859E-03	-2.9022999823125E-07	0	0.00025939892	9503.6875	
34.936864	-8.70027886522781E-03	-2.703045373875E-07	0	-0.00031661927	9503.6875	
34.94096	-8.70106783492203E-03	-2.2745025331875E-07	0	0.00035476617	9503.6875	
34.945056	-8.70178960184359E-03	-1.91201972259375E-07	0	0.0003433221	9503.6875	
34.949152	-8.70237513457297E-03	-1.7072675235E-07	0	0.0000381469	9503.6875	
34.953248	-8.70291906558594E-03	-1.57554409753125E-07	0	0.00250243664	9503.6875	
34.957344	-8.70331844206344E-03	-1.51843838540625E-07	0	0.00103759568	9503.6875	
34.96144	-8.70328772079594E-03	-1.6950223434375E-07	0	0.00153732007	9503.6875	
34.965536	-8.70286822920281E-03	-2.08181762971875E-07	0	0.00041580121	9503.6875	
34.969632	-0.00870234029885	-2.49868259746875E-07	0	0.00106429851	9503.6875	
34.973728	-8.70202906315187E-03	-2.74538427384375E-07	0	-0.00047683625	9503.6875	
34.977824	-8.70200227347516E-03	-2.7458386003125E-07	0	-0.0003433221	9503.6875	
34.98192	-8.70195902597656E-03	-2.69977855021875E-07	0	0.00074386455	9503.6875	
34.986016	-8.70190334367922E-03	-2.67228338540625E-07	0	0.00050735377	9503.6875	
34.990112	-8.70172550777062E-03	-2.71907180015625E-07	0	0.00253295416	9503.6875	
34.994208	-8.70163032670078E-03	-2.7292520784375E-07	0	0.00136947371	9503.6875	
34.998304	-8.70130181028969E-03	-2.81128805409375E-07	0	0.00211333826	9503.6875	
35.0024	-0.008700611130365	-3.081766149E-07	0	0.00049972439	9503.6875	
35.006496	-8.69982435504703E-03	-3.4356840643125E-07	0	0.00063705323	9503.6875	
35.010592	-8.69929944196156E-03	-3.61221513778125E-07	0	0.00002288814	9503.6875	
35.014688	-8.69904635723406E-03	-3.58879208428125E-07	0	0.00077438207	9503.6875	
35.018784	-8.69897833157031E-03	-3.446227323E-07	0	-0.00117873921	9503.6875	
35.02288	-8.69908558170953E-03	-3.226737157875E-07	0	0.00008010849	9503.6875	
35.026976	-8.69917299103016E-03	-3.04109070890625E-07	0	0.00241088408	9503.6875	
35.031072	-8.69924979419891E-03	-2.90605719009375E-07	0	0.00185775403	9503.6875	
35.035168	-8.69918688874641E-03	-2.8690884770625E-07	0	0.00201797101	9503.6875	
35.039264	-8.69892667229609E-03	-2.938227831E-07	0	0.00368499054	9503.6875	
35.04336	-8.69841117674203E-03	-3.1504631956875E-07	0	0.00228118462	9503.6875	
35.047456	-8.69781778083109E-03	-3.397535064E-07	0	0.00043487466	9503.6875	
35.051552	-8.69747417808328E-03	-3.519102250125E-07	0	0.00166320484	9503.6875	
35.055648	-8.69760730357578E-03	-3.3662995183125E-07	0	-0.00058364757	9503.6875	
35.059744	-8.69805340198094E-03	-3.023295053625E-07	0	-0.00023651078	9503.6875	
35.06384	-8.69860291036688E-03	-2.6632329136875E-07	0	0.00061797978	9503.6875	
35.067936	-8.69912718342594E-03	-2.36186061890625E-07	0	0.00130462398	9503.6875	
35.072032	-8.69949894733562E-03	-2.20770692690625E-07	0	0.0010299663	9503.6875	
35.076128	-8.69990024389234E-03	-2.08854358453125E-07	0	0.00200271225	9503.6875	
35.080224	-8.70005293590641E-03	-2.05554361753125E-07	0	-0.00006484973	9503.6875	
35.08432	-8.69979884542313E-03	-2.261218892625E-07	0	0.00046920687	9503.6875	
35.088416	-8.69956816161984E-03	-2.50446143784375E-07	0	0.00144195282	9503.6875	
35.092512	-8.69976666123812E-03	-2.4918821235E-07	0	0.00035095148	9503.6875	
35.096608	-8.70015835739875E-03	-2.3137717246875E-07	0	0.0004959097	9503.6875	
35.100704	-8.70047928492531E-03	-2.15421178809375E-07	0	0.0001525876	9503.6875	
35.1048	-8.70055462517656E-03	-2.14571179659375E-07	0	0.00207519136	9503.6875	
35.108896	-8.7007267008475E-03	-2.148680543625E-07	0	0.00058364757	9503.6875	
35.112992	-8.70096689361453E-03	-2.08347868575E-07	0	0.00219344675	9503.6875	
35.117088	-8.70087820424109E-03	-2.1296757549375E-07	0	0.00111388948	9503.6875	
35.121184	-8.70029139145891E-03	-2.42928603225E-07	0	0.00142287937	9503.6875	
35.12528	-8.69961204914484E-03	-2.81671112559375E-07	0	0.00146865565	9503.6875	
35.129376	-8.69927603528156E-03	-2.98948018359375E-07	0	0.00091934029	9503.6875	
35.133472	-8.69911831448859E-03	-2.9900595099375E-07	0	0.00086974932	9503.6875	
35.137568	-8.69897321135906E-03	-2.94120138571875E-07	0	-0.00001907345	9503.6875	
35.141664	-8.69881585629547E-03	-2.9331268745625E-07	0	0.00109863072	9503.6875	
35.14576	-8.69887062426937E-03	-2.8379587005E-07	0	0.00199508287	9503.6875	
35.149856	-8.69882792536484E-03	-2.75694676228125E-07	0	0.00365447302	9503.6875	
35.153952	-8.69855938857125E-03	-2.7996943156875E-07	0	0.00268554176	9503.6875	
35.158048	-8.69788150917469E-03	-3.02783591446875E-07	0	0.00290679378	9503.6875	
35.162144	-8.69696398560516E-03	-3.38170815675E-07	0	0.00436782005	9503.6875	
35.16624	-8.69615938098016E-03	-3.66905642709375E-07	0	-0.00017166105	9503.6875	
35.170336	-8.69561608999359E-03	-3.7956356274375E-07	0	0.00158691104	9503.6875	
35.174432	-8.69522293091547E-03	-3.7896164026875E-07	0	0.0000381469	9503.6875	
35.178528	-8.69497286345531E-03	-3.717505897875E-07	0	-0.00004196159	9503.6875	
35.182624	-8.69500916209578E-03	-3.5340108890625E-07	0	0.00022506671	9503.6875	
35.18672	-8.69516962585906E-03	-3.30021064209375E-07	0	0.00177001616	9503.6875	
35.190816	-8.69528089902141E-03	-3.11204736871875E-07	0	0.0026321361	9503.6875	
35.194912	-8.69523070266469E-03	-3.0371940781875E-07	0	0.00238418125	9503.6875	
35.199008	-8.69495896573906E-03	-3.08748008559375E-07	0	0.00325393057	9503.6875	
35.203104	-8.69466839375063E-03	-3.19389824840625E-07	0	0.00180434837	9503.6875	
35.2072	-8.69445380203984E-03	-3.24316983375E-07	0	0.00148391441	9503.6875	
35.211296	-8.69447117418516E-03	-3.1976506485E-07	0	0.00227736993	9503.6875	
35.215392	-8.69464571852938E-03	-3.05261954353125E-07	0	0.00120544204	9503.6875	
35.219488	-8.69496637175891E-03	-2.85980242865625E-07	0	0.00037765431	9503.6875	
35.223584	-8.69538970351047E-03	-2.65349013496875E-07	0	0.00064468261	9503.6875	
35.22768	-8.69584238504438E-03	-2.4500792806875E-07	0	0.00220870551	9503.6875	
35.231776	-8.69613222557406E-03	-2.3369832399375E-07	0	0.00246428974	9503.6875	
35.235872	-8.6961302140625E-03	-2.35860581446875E-07	0	0.00281142653	9503.6875	
35.239968	-8.69590209036484E-03	-2.52361045715625E-07	0	0.00143813813	9503.6875	
35.244064	-8.69567899544609E-03	-2.693160768375E-07	0	0.00193786252	9503.6875	
35.24816	-8.69571255111625E-03	-2.73491313046875E-07	0	0.00094604312	9503.6875	
35.252256	-8.69600842618063E-03	-2.61270892575E-07	0	0.00003433221	9503.6875	
35.256352	-8.69636217791859E-03	-2.45109370275E-07	0	0.00156783759	9503.6875	
35.260448	-8.69689129689188E-03	-2.2616083153125E-07	0	0.00287627626	9503.6875	
35.264544	-8.69744437113922E-03	-2.05042343034375E-07	0	0.00174712802	9503.6875	
35.26864	-8.69785435376859E-03	-1.92968797415625E-07	0	0.00278853839	9503.6875	
35.272736	-0.008698071505585	-1.89870242821875E-07	0	0.00178908961	9503.68359375	
35.276832	-8.69784575912828E-03	-2.058257557125E-07	0	0.00093078436	9503.68359375	
35.280928	-8.69745470299406E-03	-2.32800488353125E-07	0	0.00226974055	9503.68359375	
35.285024	-8.69721633887391E-03	-2.50559364825E-07	0	0.00170135174	9503.68359375	
35.28912	-8.69700750740078E-03	-2.59106231278125E-07	0	0.00041580121	9503.68359375	
35.293216	-8.69675323405281E-03	-2.6933578835625E-07	0	0.0010299663	9503.68359375	
35.297312	-8.69651020688312E-03	-2.7671174251875E-07	0	0.00036239555	9503.68359375	
35.301408	-0.008696239932875	-2.83666783640625E-07	0	0.00173949864	9503.68359375	
35.305504	-8.69605715961984E-03	-2.8770115460625E-07	0	0.00346373852	9503.68359375	
35.3096	-8.69593153157953E-03	-2.85351878109375E-07	0	0.0015640229	9503.68359375	
35.313696	-8.69536986269187E-03	-2.97224702775E-07	0	0.00320815429	9503.68359375	
35.317792	-8.69455794347937E-03	-3.2436842563125E-07	0	0.00337218596	9503.68359375	
35.321888	-8.69377528261688E-03	-3.49428256340625E-07	0	0.00268554176	9503.68359375	
35.325984	-8.69311422677156E-03	-3.65972951334375E-07	0	0.0012588477	9503.68359375	
35.33008	-8.69268577480875E-03	-3.70298427778125E-07	0	0.00047302156	9503.68359375	
35.334176	-8.69239063120313E-03	-3.647467506375E-07	0	-0.00043105997	9503.68359375	
35.338272	-8.69220191484562E-03	-3.56571037659375E-07	0	0.00072097641	9503.68359375	
35.342368	-8.69240142021969E-03	-3.37898940946875E-07	0	0.00096130188	9503.68359375	
35.346464	-8.69279759656516E-03	-3.07881182503125E-07	0	0.00049972439	9503.68359375	
35.35056	-8.69296391199844E-03	-2.879910581625E-07	0	0.00220489082	9503.68359375	
35.354656	-8.69274447437344E-03	-2.886718267125E-07	0	0.00203704446	9503.68359375	
35.358752	-8.69235030953953E-03	-3.02923975921875E-07	0	0.0035476617	9503.68359375	
35.362848	-8.69214211809281E-03	-3.1175593824375E-07	0	0.0033950741	9503.68359375	
35.366944	-8.69214550108953E-03	-3.089766141E-07	0	0.00086593463	9503.68359375	
35.37104	-8.69220575500406E-03	-3.00870852975E-07	0	0.00113296293	9503.68359375	
35.375136	-8.69245435954672E-03	-2.8869249976875E-07	0	0.00061797978	9503.68359375	
35.379232	-8.69302681745094E-03	-2.6461367769375E-07	0	0.00184630996	9503.68359375	
35.383328	-8.69387988121812E-03	-2.31217076475E-07	0	0.00127792115	9503.68359375	
35.387424	-8.69470359520297E-03	-1.98786099290625E-07	0	0.00188064217	9503.68359375	
35.39152	-8.69511568077625E-03	-1.8563587205625E-07	0	0.00235366373	9503.68359375	
35.395616	-8.69526032674406E-03	-1.90734184265625E-07	0	0.00109100134	9503.68359375	
35.399712	-8.69547391269906E-03	-1.965026881125E-07	0	0.00156783759	9503.68359375	
35.403808	-8.6958025205425E-03	-1.95342833503125E-07	0	0.00033187803	9503.68359375	
35.407904	-8.69604627917094E-03	-1.9403442135E-07	0	-0.00005340566	9503.68359375	
35.412	-8.69633694259172E-03	-1.9312144149375E-07	0	0.00080871428	9503.68359375	
35.416096	-8.69682016252844E-03	-1.8426279650625E-07	0	0.00182342182	9503.68359375	
35.420192	-8.69742370742953E-03	-1.70254877821875E-07	0	0.00112533355	9503.68359375	
35.424288	-8.69785855965641E-03	-1.5921089848125E-07	0	0.00262069203	9503.68359375	
35.428384	-8.69783131281797E-03	-1.6690416001875E-07	0	0.00220870551	9503.68359375	
35.43248	-8.69750471648609E-03	-1.8896279180625E-07	0	0.00192641845	9503.68359375	
35.436576	-8.69706026386313E-03	-2.14928390840625E-07	0	0.0008773787	9503.68359375	
35.440672	-8.69651871009109E-03	-2.40996634003125E-07	0	0.00047683625	9503.68359375	
35.444768	-8.69594369208125E-03	-2.638449284625E-07	0	-0.00007247911	9503.68359375	
35.448864	-8.69540396695609E-03	-2.8087279605E-07	0	0.00037765431	9503.68359375	
35.45296	-8.69509840006328E-03	-2.8833432705E-07	0	0.00133132681	9503.68359375	
35.457056	-8.6949686575675E-03	-2.85345147346875E-07	0	0.00119781266	9503.68359375	
35.461152	-8.69473239639125E-03	-2.83163178375E-07	0	0.00188445686	9503.68359375	
35.465248	-8.69435788951125E-03	-2.8712807825625E-07	0	0.00093078436	9503.68359375	
35.469344	-0.00869384952568	-2.971179721125E-07	0	0.00316237801	9503.68359375	
35.47344	-8.69324570648188E-03	-3.0982228633125E-07	0	0.00283812936	9503.68359375	
35.477536	-8.69246743437187E-03	-3.2752996093125E-07	0	0.00141524999	9503.703125	
35.481632	-8.69172308366141E-03	-3.4490494355625E-07	0	0.00166320484	9503.703125	
35.485728	-8.69103770681266E-03	-3.57236421609375E-07	0	0.0020217857	9503.703125	
35.489824	-8.69049715879641E-03	-3.6392415530625E-07	0	0.00046157749	9503.703125	
35.49392	-8.69035196423453E-03	-3.5581358649375E-07	0	0.00005340566	9503.703125	
35.498016	-8.6904277616475E-03	-3.364083174375E-07	0	0.00074386455	9503.703125	
35.502112	-8.69060395177391E-03	-3.1544343455625E-07	0	0.00077438207	9503.703125	
35.506208	-8.69077703320062E-03	-2.9685018391875E-07	0	0.00152969069	9503.703125	
35.510304	-0.008690827138125	-2.85944185209375E-07	0	0.00276183556	9503.703125	
35.5144	-8.69083408698313E-03	-2.81494189659375E-07	0	0.00341796224	9503.703125	
35.518496	-8.69095806924125E-03	-2.75315349684375E-07	0	0.00183868058	9503.703125	
35.522592	-8.69122560027906E-03	-2.631737752875E-07	0	0.00193023314	9503.703125	
35.526688	-8.69148005649172E-03	-2.52324747675E-07	0	0.00153732007	9503.703125	
35.530784	-8.69199244334609E-03	-2.37538945153125E-07	0	0.0003433221	9503.703125	
35.53488	-8.69286964525203E-03	-2.10000511153125E-07	0	0.00238799594	9503.703125	
35.538976	-8.69383919382516E-03	-1.78574821425E-07	0	0.00142287937	9503.703125	
35.543072	-8.69464270126203E-03	-1.558354210875E-07	0	0.00240706939	9503.703125	
35.547168	-8.69518910094828E-03	-1.4602821935625E-07	0	0.00199126818	9503.703125	
35.551264	-8.69554184693047E-03	-1.47080862534375E-07	0	0.00168227829	9503.703125	
35.55536	-8.69570121350562E-03	-1.54129413178125E-07	0	0.00342940631	9503.703125	
35.559456	-8.69564534834359E-03	-1.6854165838125E-07	0	0.00201797101	9503.703125	
35.563552	-8.69540963576141E-03	-1.878719275125E-07	0	0.00160598449	9503.703125	
35.567648	-8.69512034382578E-03	-2.0851854148125E-07	0	0.00102233692	9503.703125	
35.571744	-8.69504436354812E-03	-2.19246655753125E-07	0	0.00037002493	9503.703125	
35.57584	-0.008695221742295	-2.1719064819375E-07	0	0.0014495822	9503.703125	
35.579936	-8.69538440043453E-03	-2.09984165015625E-07	0	0.00201415632	9503.703125	
35.584032	-8.69520290723219E-03	-2.14423583653125E-07	0	0.00374984027	9503.703125	
35.588128	-8.69480197640484E-03	-2.291613093E-07	0	0.00434111722	9503.703125	
35.592224	-8.69426389706188E-03	-2.47336050740625E-07	0	0.00452803703	9503.703125	
35.59632	-8.69360887575125E-03	-2.6836944316875E-07	0	0.00212096764	9503.703125	
35.600416	-0.00869287229679	-2.880506734875E-07	0	0.00186156872	9503.703125	
35.604512	-8.69208881303641E-03	-3.08475893446875E-07	0	0.0012588477	9503.703125	
35.608608	-8.69144823803609E-03	-3.22787417596875E-07	0	0.00003051752	9503.703125	
35.612704	-8.69114056819937E-03	-3.24769146384375E-07	0	0.00113677762	9503.703125	
35.6168	-8.69118207848344E-03	-3.114150732E-07	0	0.00038528369	9503.703125	
35.620896	-8.69111450998141E-03	-2.9632422290625E-07	0	0.00308608421	9503.703125	
35.624992	-8.69074978636219E-03	-2.95568214046875E-07	0	0.00234221966	9503.703125	
35.629088	-8.69025294300625E-03	-3.03527821471875E-07	0	0.00357817922	9503.703125	
35.633184	-8.68996474825875E-03	-3.0817517259375E-07	0	0.003433221	9503.703125	
35.63728	-8.68987596745297E-03	-3.03359552409375E-07	0	0.00144576751	9503.703125	
35.641376	-8.68970288602625E-03	-2.98667730178125E-07	0	0.00244521629	9503.703125	
35.645472	-8.68958795557016E-03	-2.952997047E-07	0	0.00171279581	9503.703125	
35.649568	-8.68971623514844E-03	-2.85723031584375E-07	0	0.00091934029	9503.703125	
35.653664	-8.69038743998391E-03	-2.61617767228125E-07	0	0.00162505794	9503.703125	
35.65776	-8.69128804856984E-03	-2.25471649528125E-07	0	0.00141524999	9503.703125	
35.661856	-8.69190219962281E-03	-2.00530328315625E-07	0	0.00222014958	9503.703125	
35.665952	-8.6923792935925E-03	-1.881469272375E-07	0	0.00269698583	9503.703125	
35.670048	-8.69294480263859E-03	-1.77350063034375E-07	0	0.00356673515	9503.703125	
35.674144	-8.69353582130859E-03	-1.65150556003125E-07	0	0.00196838004	9503.703125	
35.67824	-8.69384358257766E-03	-1.61498636578125E-07	0	0.00327681871	9503.69921875	
35.682336	-8.69397359937047E-03	-1.66972669565625E-07	0	0.0025558423	9503.69921875	
35.686432	-8.6942108663025E-03	-1.71967376109375E-07	0	0.00254821292	9503.69921875	
35.690528	-8.69486707623359E-03	-1.6378685544375E-07	0	0.00207519136	9503.69921875	
35.694624	-8.69573833503719E-03	-1.42659713109375E-07	0	0.00234221966	9503.69921875	
35.69872	-8.69627906591812E-03	-1.2908833245E-07	0	0.00188827155	9503.69921875	
35.702816	-8.69641914026875E-03	-1.3256380974375E-07	0	0.00220489082	9503.69921875	
35.706912	-8.69643349514672E-03	-1.44509470875E-07	0	0.00162505794	9503.69921875	
35.711008	-8.69637086399125E-03	-1.573392657375E-07	0	0.00002288814	9503.69921875	
35.715104	-8.69622365791781E-03	-1.70249108596875E-07	0	0.00051879784	9503.69921875	
35.7192	-8.69618927935656E-03	-1.7972722411875E-07	0	-0.00032806334	9503.69921875	
35.723296	-8.69647061667828E-03	-1.78374100471875E-07	0	0.00161361387	9503.69921875	
35.727392	-8.69707397871469E-03	-1.63486134590625E-07	0	0.00268935645	9503.69921875	
35.731488	-8.69764122497531E-03	-1.46114517346875E-07	0	0.00286864688	9503.69921875	
35.735584	-8.69797659881219E-03	-1.37821256409375E-07	0	0.00241851346	9503.69921875	
35.73968	-8.69821999171125E-03	-1.368008247375E-07	0	0.00372695213	9503.69921875	
35.743776	-8.69862796282906E-03	-1.328921748E-07	0	0.00223540834	9503.69921875	
35.747872	-8.69891213455344E-03	-1.28722227046875E-07	0	0.00349044135	9503.69921875	
35.751968	-8.69906016351797E-03	-1.30549148296875E-07	0	0.00385665159	9503.69921875	
35.756064	-8.69882152510078E-03	-1.41145291546875E-07	0	0.00386046628	9503.69921875	
35.76016	-8.69810634130797E-03	-1.67110169428125E-07	0	0.00414275334	9503.69921875	
35.764256	-8.69709299664219E-03	-2.017046059875E-07	0	0.00133132681	9503.69921875	
35.768352	-8.69606639428656E-03	-2.361305331E-07	0	-0.00011825539	9503.69921875	
35.772448	-8.69520693025531E-03	-2.6037810500625E-07	0	-0.00068282951	9503.69921875	
35.776544	-8.69456818390187E-03	-2.7440212944375E-07	0	0.00027465768	9503.69921875	
35.78064	-8.69401885838062E-03	-2.79249961134375E-07	0	0.00139236185	9503.69921875	
35.784736	-8.69334737924812E-03	-2.854304838E-07	0	0.00162505794	9503.69921875	
35.788832	-8.6926865062675E-03	-2.9242134219375E-07	0	0.00341033286	9503.69921875	
35.792928	-8.69209009308922E-03	-2.98061961553125E-07	0	0.00481032409	9503.69921875	
35.797024	-8.69176111951641E-03	-2.96826385865625E-07	0	0.0046157749	9503.69921875	
35.80112	-8.69188903336531E-03	-2.8223433315E-07	0	0.00418852962	9503.69921875	
35.805216	-8.69242190106469E-03	-2.55116331421875E-07	0	0.00306701076	9503.69921875	
35.809312	-8.69318152097656E-03	-2.21313480609375E-07	0	0.00248336319	9503.69921875	
35.813408	-8.69405040253922E-03	-1.88900532253125E-07	0	0.00009155256	9503.69921875	
35.817504	-0.008695093005555	-1.5602436320625E-07	0	-0.00067138544	9503.69921875	
35.8216	-8.6964549817475E-03	-1.19633293828125E-07	0	0.00055694474	9503.69921875	
35.825696	-8.69807525431109E-03	-7.791146055E-08	0	0.00128555053	9503.69921875	
35.829792	-8.69944555084688E-03	-4.3905484940625E-08	0	0.00234603435	9503.69921875	
35.833888	-8.70012160159656E-03	-3.2968957415625E-08	0	0.00317382208	9503.69921875	
35.837984	-8.70001334570156E-03	-5.032062275625E-08	0	0.00210570888	9503.69921875	
35.84208	-8.69958498517109E-03	-8.539943383125E-08	0	-0.00004577628	9503.69921875	
35.846176	-8.69954064048437E-03	-1.08820323871875E-07	0	0.00008392318	9503.69921875	
35.850272	-8.69997750422281E-03	-1.1231094538125E-07	0	0.00135802964	9503.69921875	
35.854368	-8.70071124878141E-03	-9.906095863125E-08	0	0.00125503301	9503.69921875	
35.858464	-8.70125764846766E-03	-8.783308524375E-08	0	0.00631331195	9503.69921875	
35.86256	-8.70131808524688E-03	-8.9628516140625E-08	0	0.00835035641	9503.69921875	
35.866656	-0.008700903713865	-1.08102055359375E-07	0	0.00577544066	9503.69921875	
35.870752	-8.70010797817734E-03	-1.37519333634375E-07	0	0.00399398043	9503.69921875	
35.874848	-8.69912672626422E-03	-1.7230415461875E-07	0	0.00127410646	9503.69921875	
35.878944	-8.69826470212734E-03	-2.01759173240625E-07	0	-0.00017547574	9503.69921875	
35.88304	-8.69774756079109E-03	-2.16307716384375E-07	0	-0.00223540834	9503.69921875	
35.887136	-8.69725300324375E-03	-2.2375314163125E-07	0	-0.00151824662	9503.69921875	
35.891232	-8.69663208619734E-03	-2.313968839875E-07	0	-0.00084304649	9503.69921875	
35.895328	-8.69593738324953E-03	-2.41644710278125E-07	0	0.00069808827	9503.69921875	
35.899424	-8.69521461057219E-03	-2.52082199840625E-07	0	0.00369261992	9503.69921875	
35.90352	-8.69462587771078E-03	-2.59628586525E-07	0	0.00480269471	9503.69921875	
35.907616	-8.69398822854547E-03	-2.64066322471875E-07	0	0.0050735377	9503.69921875	
35.911712	-8.69301392549047E-03	-2.766968386875E-07	0	0.00579069942	9503.69921875	
35.915808	-8.69177328001812E-03	-2.982910478625E-07	0	0.00446700199	9503.69921875	
35.919904	-8.69076295261969E-03	-3.17301605775E-07	0	0.00307464014	9503.69921875	
35.924	-8.69047612935734E-03	-3.165814141875E-07	0	0.00208282074	9503.69921875	
35.928096	-8.69084606462016E-03	-2.912150934E-07	0	0.00190353031	9503.69921875	
35.932192	-8.69138898987734E-03	-2.57507675184375E-07	0	0.00273894742	9503.69921875	
35.936288	-8.69169766546984E-03	-2.317545759375E-07	0	0.00134277088	9503.69921875	
35.940384	-8.69164399468406E-03	-2.21479345828125E-07	0	-0.00025558423	9503.69921875	
35.94448	-8.69134885107844E-03	-2.23830305015625E-07	0	-0.00079345552	9503.69921875	
35.948576	-8.69097955584203E-03	-2.3071659620625E-07	0	-0.00046539218	9503.69921875	
35.952672	-8.69056545875719E-03	-2.3913485701875E-07	0	-0.00037383962	9503.69921875	
35.956768	-8.69017421975828E-03	-2.46332686359375E-07	0	0.00207137667	9503.69921875	
35.960864	-8.68996785695844E-03	-2.48705760909375E-07	0	0.00447463137	9503.69921875	
35.96496	-8.68965872420422E-03	-2.48867779978125E-07	0	0.00433348784	9503.69921875	
35.969056	-8.68917321845891E-03	-2.55414888815625E-07	0	0.00451659296	9503.69921875	
35.973152	-8.68884534207422E-03	-2.60999498615625E-07	0	0.00313186049	9503.69921875	
35.977248	-8.68910409560703E-03	-2.5254974745E-07	0	0.00312423111	9503.69921875	
35.981344	-8.68985301793469E-03	-2.273488111125E-07	0	0.00448989013	9503.69921875	
35.98544	-8.69065789685672E-03	-1.97438985253125E-07	0	0.0030898989	9503.69921875	
35.989536	-0.008691207496675	-0.000000176999823	0	0.00253295416	9503.69921875	
35.993632	-8.69155932833375E-03	-1.6755992859375E-07	0	0.0028610175	9503.69921875	
35.997728	-8.69208149844891E-03	-1.5973589795625E-07	0	0.00065231199	9503.69921875	
36.001824	-8.6929469055825E-03	-1.43204424103125E-07	0	-0.00085067587	9503.69921875	
36.00592	-8.69412464560234E-03	-1.18468871915625E-07	0	0.00077438207	9503.69921875	
36.010016	-0.0086954060699	-9.101385129375E-08	0	0.00130462398	9503.69921875	
36.014112	-8.69659907912125E-03	-6.69258946125E-08	0	0.00328444809	9503.69921875	
36.018208	-0.00869741319271	-5.41893688875E-08	0	0.00498579983	9503.69921875	
36.022304	-8.69769736443437E-03	-5.8151143771875E-08	0	0.00486754444	9503.69921875	
36.0264	-8.69763189887625E-03	-7.4944876978125E-08	0	0.0051498315	9503.69921875	
36.030496	-8.69727467270922E-03	-9.8621055225E-08	0	0.0055313005	9503.69921875	
36.034592	-8.69659112450734E-03	-1.2732679575E-07	0	0.00409697706	9503.69921875	
36.038688	-8.69541704178125E-03	-1.65017142675E-07	0	0.00290297909	9503.69921875	
36.042784	-8.69392824892797E-03	-2.09137531246875E-07	0	0.00204085915	9503.69921875	
36.04688	-8.69241156920984E-03	-2.5020407671875E-07	0	-0.00009918194	9503.69921875	
36.050976	-8.69083545846828E-03	-2.86598992246875E-07	0	-0.0016403167	9503.69921875	
36.055072	-8.68940390226219E-03	-3.1551747294375E-07	0	-0.00002288814	9503.69921875	
36.059168	-8.68798816385156E-03	-3.3762129699375E-07	0	0.00185775403	9503.69921875	
36.063264	-8.68638663491844E-03	-3.5968281339375E-07	0	0.00386428097	9503.69921875	
36.06736	-8.68443153711203E-03	-3.88426294265625E-07	0	0.00463484835	9503.69921875	
36.071456	-8.68212405905281E-03	-4.25086113375E-07	0	0.00368117585	9503.69921875	
36.075552	-8.67988122366063E-03	-4.61690644078125E-07	0	0.00349425604	9503.69921875	
36.079648	-8.67816174700406E-03	-4.83714179746875E-07	0	0.00402449795	9503.69921875	
36.083744	-8.67703082034422E-03	-4.855216298625E-07	0	0.0032424865	9503.69921875	
36.08784	-8.67613258899922E-03	-4.75682937778125E-07	0	0.0028610175	9503.69921875	
36.091936	-8.67535203108062E-03	-4.63771891996875E-07	0	0.00241469877	9503.69921875	
36.096032	-8.67472782246984E-03	-4.50825751096875E-07	0	0.00249862195	9503.69921875	
36.100128	-8.67445718273234E-03	-4.33131538021875E-07	0	0.00109863072	9503.69921875	
36.104224	-8.67456489003328E-03	-4.06661372184375E-07	0	-0.00018310512	9503.69921875	
36.10832	-8.67475132058219E-03	-3.7872654435E-07	0	0.00041580121	9503.69921875	
36.112416	-8.67509428330359E-03	-3.5235301303125E-07	0	0.00266265362	9503.69921875	
36.116512	-8.67576777394766E-03	-3.23377320853125E-07	0	0.00318908084	9503.69921875	
36.120608	-0.008676730465095	-2.89242739603125E-07	0	0.00210952357	9503.69921875	
36.124704	-8.67788479843484E-03	-2.54119217034375E-07	0	0.00212478233	9503.69921875	
36.1288	-8.67940924990219E-03	-2.1567334201875E-07	0	0.00290679378	9503.69921875	
36.132896	-8.6813957090025E-03	-1.70136368325E-07	0	0.00433730253	9503.69921875	
36.136992	-8.68379407081141E-03	-1.17086421375E-07	0	0.00346755321	9503.69921875	
36.141088	-8.68610420040859E-03	-6.7061711784375E-08	0	0.00376128434	9503.69921875	
36.145184	-8.68785988427328E-03	-3.4561263515625E-08	0	0.00467680994	9503.69921875	
36.14928	-8.68900480008172E-03	-2.5889156803125E-08	0	0.00380324593	9503.69921875	
36.153376	-8.68988821938703E-03	-2.9955498890625E-08	0	0.00348662666	9503.69921875	
36.157472	-8.69063302725922E-03	-3.824996175E-08	0	0.00080871428	9503.69921875	
36.161568	-8.69132050705188E-03	-4.7231443153125E-08	0	0.00040054245	9503.69921875	
36.165664	-8.69176431964844E-03	-5.7630471215625E-08	0	0.00051498315	9503.69921875	
36.16976	-0.00869185410621	-7.51768479E-08	0	0.00144195282	9503.69921875	
36.173856	-8.69177776020297E-03	-9.6336682509375E-08	0	0.00201797101	9503.69921875	
36.177952	-8.6916332056675E-03	-1.165258450125E-07	0	0.00395201884	9503.69921875	
36.182048	-8.6912528471175E-03	-1.3698111301875E-07	0	0.00508879646	9503.69921875	
36.186144	-8.69034510680875E-03	-1.66038535884375E-07	0	0.00593565764	9503.69921875	
36.19024	-8.68891053333531E-03	-2.06173111134375E-07	0	0.0059509164	9503.69921875	
36.194336	-8.68724555035563E-03	-2.51709363675E-07	0	0.00481795347	9503.69921875	
36.198432	-8.68557114984453E-03	-2.92259082740625E-07	0	0.00319289553	9503.69921875	
36.202528	-8.68397931273984E-03	-3.25755443475E-07	0	0.00186156872	9503.69921875	
36.206624	-8.68253943619047E-03	-3.502227267E-07	0	0.00048065094	9503.69921875	
36.21072	-8.68121851312031E-03	-3.6789530518125E-07	0	0.00077056738	9503.69921875	
36.214816	-8.68013988576109E-03	-3.7762654545E-07	0	0.00188064217	9503.69921875	
36.218912	-8.67903090286375E-03	-3.83449856934375E-07	0	0.00372695213	9503.69921875	
36.223008	-8.67745497498688E-03	-3.96572920734375E-07	0	0.00221633489	9503.69921875	
36.227104	-8.67537863789266E-03	-4.248688059E-07	0	0.00252532478	9503.69921875	
36.2312	-8.67339821332703E-03	-4.55393775375E-07	0	0.00196456535	9503.69921875	
36.235296	-8.67194773062578E-03	-4.7175673978125E-07	0	0.00159835511	9503.69921875	
36.239392	-8.67083070168219E-03	-4.7467115994375E-07	0	0.00255202761	9503.69921875	
36.243488	-8.67005014376359E-03	-4.67874291740625E-07	0	0.00283431467	9503.69921875	
36.247584	-8.66949478370766E-03	-4.5554233291875E-07	0	0.00368499054	9503.69921875	
36.25168	-8.66939448242656E-03	-4.3580677573125E-07	0	0.00503157611	9503.69921875	
36.255776	-8.66974082814469E-03	-4.0657122804375E-07	0	0.00370406399	9503.69921875	
36.259872	-8.67040362120453E-03	-3.7101068668125E-07	0	0.00379561655	9503.69921875	
36.263968	-8.67118902503734E-03	-3.3578764498125E-07	0	0.00348281197	9503.69921875	
36.268064	-8.67208487914141E-03	-3.031227738E-07	0	0.00172042519	9503.69921875	
36.27216	-8.67312236194594E-03	-2.71817035875E-07	0	0.00284194405	9503.69921875	
36.276256	-8.67444465650125E-03	-2.39912019703125E-07	0	0.00145339689	9503.69921875	
36.280352	-8.67611713693313E-03	-2.02653883884375E-07	0	0.00049209501	9503.6953125	
36.284448	-8.67803867906937E-03	-1.6209262636875E-07	0	0.00183486589	9503.6953125	
36.288544	-8.68010861589953E-03	-1.2148978235625E-07	0	0.00328444809	9503.6953125	
36.29264	-8.68224026956172E-03	-8.333982050625E-08	0	0.00232314621	9503.6953125	
36.296736	-8.68410658656234E-03	-5.3336485125E-08	0	0.00477980657	9503.6953125	
36.300832	-8.68560580270281E-03	-3.6240348375E-08	0	0.00516127557	9503.6953125	
36.304928	-8.68648455895859E-03	-3.5444195325E-08	0	0.00498961452	9503.6953125	
36.309024	-8.68678143977875E-03	-5.213215940625E-08	0	0.00445937261	9503.6953125	
36.31312	-8.68680182919141E-03	-7.69306923E-08	0	0.00386428097	9503.6953125	
36.317216	-8.68670326512484E-03	-1.030662430875E-07	0	0.0036239555	9503.6953125	
36.321312	-8.68642805377016E-03	-1.27865977903125E-07	0	0.00235747842	9503.6953125	
36.325408	-8.68585303576031E-03	-1.55016912290625E-07	0	0.00123214487	9503.6953125	
36.329504	-8.68505199699672E-03	-1.84682267240625E-07	0	0.00186156872	9503.6953125	
36.3336	-8.68419838463547E-03	-2.13787526596875E-07	0	0.00340270348	9503.6953125	
36.337696	-8.68337668216219E-03	-2.37295676165625E-07	0	0.00320815429	9503.6953125	
36.341792	-8.68205237609531E-03	-2.64279783796875E-07	0	0.00381087531	9503.6953125	
36.345888	-8.68017655013094E-03	-3.0284921638125E-07	0	0.00532530724	9503.6953125	
36.349984	-8.67810844194766E-03	-3.46576336115625E-07	0	0.00294112599	9503.6953125	
36.35408	-8.67622603285453E-03	-3.83863077675E-07	0	0.00479125064	9503.6953125	
36.358176	-0.00867459753138	-4.10053195715625E-07	0	0.0030898989	9503.6953125	
36.362272	-8.67320593110812E-03	-4.25936833678125E-07	0	0.00246047505	9503.6953125	
36.366368	-8.67208972505562E-03	-4.330409131125E-07	0	0.00341414755	9503.6953125	
36.370464	-8.67149642057703E-03	-4.2810774496875E-07	0	0.00519179309	9503.6953125	
36.37456	-8.6712313582125E-03	-4.1237026070625E-07	0	0.00365065833	9503.6953125	
36.378656	-8.67108113487172E-03	-3.94078211690625E-07	0	0.00218581737	9503.6953125	
36.382752	-8.67095879839578E-03	-3.7741068028125E-07	0	0.00457381331	9503.6953125	
36.386848	-8.67117220148609E-03	-3.5871742974375E-07	0	0.00306701076	9503.6953125	
36.390944	-8.67191097482359E-03	-3.3049726565625E-07	0	0.00322722774	9503.6953125	
36.39504	-8.67305442771453E-03	-2.936814370875E-07	0	0.00315856332	9503.6953125	
36.399136	-8.67442874727344E-03	-2.5397041910625E-07	0	0.00272750335	9503.6953125	
36.403232	-8.67602799039797E-03	-2.1435026641875E-07	0	0.00321578367	9503.6953125	
36.407328	-8.67796900762344E-03	-1.71928914609375E-07	0	0.00270461521	9503.6953125	
36.411424	-8.68008091189938E-03	-1.28385688921875E-07	0	0.00242995753	9503.6953125	
36.41552	-8.68205575909203E-03	-9.109558198125E-08	0	0.00307845483	9503.6953125	
36.419616	-8.68369230661281E-03	-6.460810846875E-08	0	0.0040435714	9503.6953125	
36.423712	-8.68476279649344E-03	-5.539465614375E-08	0	0.00522231061	9503.6953125	
36.427808	-8.68549215229953E-03	-5.8863162290625E-08	0	0.00345229445	9503.6953125	
36.431904	-8.68581774287562E-03	-7.161675530625E-08	0	0.00257110106	9503.6953125	
36.436	-8.68586720777359E-03	-9.04066403625E-08	0	0.00273513273	9503.6953125	
36.440096	-8.68572685912594E-03	-1.1270806036875E-07	0	0.00253676885	9503.6953125	
36.444192	-8.68556886403594E-03	-1.33412606971875E-07	0	0.00175857209	9503.6953125	
36.448288	-8.68536341555953E-03	-1.50867397209375E-07	0	0.0033569272	9503.6953125	
36.452384	-8.68506059163703E-03	-1.67444063325E-07	0	0.00346755321	9503.6953125	
36.45648	-8.68447387028719E-03	-1.86189477271875E-07	0	0.0046157749	9503.6953125	
36.460576	-8.68347762346969E-03	-2.12067336009375E-07	0	0.00409697706	9503.6953125	
36.464672	-8.6822763853375E-03	-2.41315383684375E-07	0	0.00505064956	9503.6953125	
36.468768	-0.008681060700895	-2.694429997875E-07	0	0.00388335442	9503.6953125	
36.472864	-8.67983815902672E-03	-2.926304766E-07	0	0.00358962329	9503.6953125	
36.47696	-8.67847289126984E-03	-3.1612612618125E-07	0	0.003051752	9503.6953125	
36.481056	-8.67732102660328E-03	-3.34645098046875E-07	0	0.00226592586	9503.6953125	
36.485152	-8.67664808455328E-03	-3.41530187315625E-07	0	0.00271224459	9503.6953125	
36.489248	-8.67626461730359E-03	-3.37087884065625E-07	0	0.00496291169	9503.6953125	
36.493344	-8.67588215580969E-03	-3.2992899699375E-07	0	0.00424574997	9503.6953125	
36.49744	-8.67533987057891E-03	-3.27054721021875E-07	0	0.00510024053	9503.6953125	
36.501536	-8.67477555015328E-03	-3.270390960375E-07	0	0.00544356263	9503.6953125	
36.505632	-8.67423902516016E-03	-3.27750874171875E-07	0	0.00587843729	9503.6953125	
36.509728	-8.67364297771125E-03	-3.29734526034375E-07	0	0.00386428097	9503.6953125	
36.513824	-8.67317594129938E-03	-3.30221544778125E-07	0	0.00326155995	9503.6953125	
36.51792	-8.67281268059766E-03	-3.290381325E-07	0	0.00406645954	9503.6953125	
36.522016	-8.67294132590531E-03	-3.19818670565625E-07	0	0.0033569272	9503.6953125	
36.526112	-8.67351094940687E-03	-2.9999729615625E-07	0	0.00391387194	9503.6953125	
36.530208	-8.67421159545703E-03	-2.746199176875E-07	0	0.00316237801	9503.6953125	
36.534304	-8.67466299693813E-03	-2.55764407696875E-07	0	0.00356292046	9503.6953125	
36.5384	-8.67500751400938E-03	-2.44380284465625E-07	0	0.00466536587	9503.6953125	
36.542496	-8.67543934896891E-03	-2.3483293824375E-07	0	0.00425719404	9503.6953125	
36.546592	-8.67574939604656E-03	-2.27248090059375E-07	0	0.00336837127	9503.6953125	
36.550688	-8.67594368977703E-03	-2.23926458765625E-07	0	0.00334929782	9503.6953125	
36.554784	-8.67611466825984E-03	-2.22654344653125E-07	0	0.00304412262	9503.6953125	
36.55888	-8.67641036045953E-03	-2.19736318725E-07	0	0.00154494945	9503.6953125	
36.562976	-8.67682820627047E-03	-2.14394737528125E-07	0	0.00275039149	9503.6953125	
36.567072	-8.67740935024734E-03	-2.05409169590625E-07	0	0.00239944001	9503.6953125	
36.571168	-8.67805961707609E-03	-1.94350526803125E-07	0	0.00311660173	9503.6953125	
36.575264	-8.67850562404891E-03	-1.865815441875E-07	0	0.00391387194	9503.6953125	
36.57936	-8.67860190230687E-03	-1.86882745809375E-07	0	0.00414656803	9503.6953125	
36.583456	-8.67841757470188E-03	-1.95959419425E-07	0	0.00415419741	9503.6953125	
36.587552	-8.67812617982234E-03	-2.081699841375E-07	0	0.00485991506	9503.6953125	
36.591648	-8.67766097205734E-03	-2.2281179641875E-07	0	0.00251006602	9503.6953125	
36.595744	-8.67715891705781E-03	-2.37807694884375E-07	0	0.00204848853	9503.6953125	
36.59984	-8.67670760700906E-03	-2.50197826725E-07	0	0.0039291307	9503.6953125	
36.603936	-8.67654220589922E-03	-2.56153830384375E-07	0	0.00170135174	9503.6953125	
36.608032	-8.67659423090281E-03	-2.53925467228125E-07	0	0.00435637598	9503.6953125	
36.612128	-8.67654147444047E-03	-2.498180194125E-07	0	0.00481032409	9503.6953125	
36.616224	-8.67596673072766E-03	-2.55360561946875E-07	0	0.00580214349	9503.6953125	
36.62032	-8.67513570215531E-03	-2.70548046759375E-07	0	0.00529097503	9503.6953125	
36.624416	-8.67444493079828E-03	-2.8482663825E-07	0	0.00566481465	9503.6953125	
36.628512	-8.67371511783047E-03	-2.96137444246875E-07	0	0.00355529108	9503.6953125	
36.632608	-8.67281478354156E-03	-3.09301613775E-07	0	0.00149535848	9503.6953125	
36.636704	-8.67197726327281E-03	-3.21898956946875E-07	0	0.00225829648	9503.6953125	
36.6408	-8.67159489321125E-03	-3.2648573120625E-07	0	0.0028991644	9503.6953125	
36.644896	-8.67158136122437E-03	-3.19739824490625E-07	0	0.00300597572	9503.6953125	
36.648992	-8.67165478139641E-03	-3.075083463375E-07	0	0.00321578367	9503.6953125	
36.653088	-8.67139173054344E-03	-3.014583523875E-07	0	0.00562285306	9503.6953125	
36.657184	-8.67100762326734E-03	-3.02070851775E-07	0	0.00521468123	9503.6953125	
36.66128	-8.67061309270406E-03	-3.05126858334375E-07	0	0.0062179447	9503.6953125	
36.665376	-8.67021088182391E-03	-3.0768286539375E-07	0	0.00432204377	9503.6953125	
36.669472	-8.66968825454703E-03	-3.124429567875E-07	0	0.00371932275	9503.6953125	
36.673568	-0.00866908525824	-3.193737190875E-07	0	0.00423812059	9503.6953125	
36.677664	-8.66878408009969E-03	-3.2272708111875E-07	0	0.00299071696	9503.6953125	
36.68176	-8.66878353150563E-03	-3.18327325903125E-07	0	0.00341414755	9503.6953125	
36.685856	-8.66904383938828E-03	-3.06554741521875E-07	0	0.00197219473	9503.71484375	
36.689952	-8.66916910169922E-03	-2.9570595429375E-07	0	0.00323104243	9503.71484375	
36.694048	-8.66914807226016E-03	-2.89712450671875E-07	0	0.00300216103	9503.71484375	
36.698144	-8.6689170227275E-03	-2.89624469990625E-07	0	0.00471495684	9503.71484375	
36.70224	-8.66856464247469E-03	-2.9350307188125E-07	0	0.00349044135	9503.71484375	
36.706336	-8.66819086705344E-03	-2.98795133896875E-07	0	0.00496672638	9503.71484375	
36.710432	-8.66777585564516E-03	-3.041660419875E-07	0	0.00345610914	9503.71484375	
36.714528	-8.66739805720078E-03	-3.09224931159375E-07	0	0.00285720281	9503.71484375	
36.718624	-8.66726932046078E-03	-3.10150891771875E-07	0	0.00379943124	9503.71484375	
36.72272	-8.66750978752484E-03	-3.0271171651875E-07	0	0.00302504917	9503.71484375	
36.726816	-8.6679046838175E-03	-2.898150948E-07	0	0.00359343798	9503.71484375	
36.730912	-8.66822387412953E-03	-2.77536260925E-07	0	0.00368880523	9503.71484375	
36.735008	-8.66840006425594E-03	-2.70606700546875E-07	0	0.00444029916	9503.71484375	
36.739104	-8.66859380939234E-03	-2.65949493665625E-07	0	0.00376891372	9503.71484375	
36.7432	-8.66885439157203E-03	-2.6091127755E-07	0	0.0042343059	9503.71484375	
36.747296	-8.66896795054297E-03	-2.57436281025E-07	0	0.00397490698	9503.71484375	
36.751392	-8.66898321974438E-03	-2.5823772253125E-07	0	0.0025176954	9503.71484375	
