Time (s)	Encoder (rad)	Torque (Nm)	Marker	Normal force (N)	Gap (um)
0	0	-0.00000074153772	0	0.11770225995	10249.99609375	
0.00208	3.136129390625E-07	-7.46972570334375E-07	0	0.11927009754	10249.99609375	
0.006176	1.1482073728125E-06	-7.5932472144375E-07	0	0.11790443852	10249.99609375	
0.010272	2.397356053125E-06	-7.8271844805E-07	0	0.11986137449	10249.99609375	
0.014368	3.64202454859375E-06	-8.098914978E-07	0	0.12072730912	10249.99609375	
0.018464	4.5034086590625E-06	-8.254309053375E-07	0	0.12035728419	10249.99609375	
0.02256	4.99248026578125E-06	-8.26972009565625E-07	0	0.12109733405	10249.99609375	
0.026656	5.3420261159375E-06	-8.20836438778125E-07	0	0.11914421277	10249.99609375	
0.030752	5.61294015046875E-06	-8.12957119734375E-07	0	0.12132621545	10249.99609375	
0.034848	5.57005838125E-06	-8.00756170396875E-07	0	0.12155509685	10249.99609375	
0.038944	5.10567350734375E-06	-7.772376843E-07	0	0.1204297633	10249.99609375	
0.04304	0.000004695965175	-7.52908622090625E-07	0	0.119781266	10249.99609375	
0.047136	4.64083147171875E-06	-7.40971614796875E-07	0	0.11822487248	10249.99609375	
0.051232	4.3960670875E-06	-7.34241333065625E-07	0	0.11857963865	10249.99609375	
0.055328	3.38007088375E-06	-7.11628855678125E-07	0	0.11856437989	10249.99609375	
0.059424	1.6536453690625E-06	-6.67184188584375E-07	0	0.11848808609	10249.99609375	
0.06352	-1.7728731453125E-07	-6.17236642378125E-07	0	0.11938453824	10249.99609375	
0.067616	-1.8270010928125E-06	-5.77097499825E-07	0	0.12024665818	10249.99609375	
0.071712	-3.39442576171875E-06	-5.47616038921875E-07	0	0.12238669927	10249.99609375	
0.075808	-5.0315218765625E-06	-5.21295392165625E-07	0	0.12123466289	10249.99609375	
0.079904	-6.66148626859375E-06	-4.978658482875E-07	0	0.12223792636	10249.99609375	
0.084	-7.87113617640625E-06	-4.83238699453125E-07	0	0.12092185831	10249.99609375	
0.088096	-8.36834526171875E-06	-4.9086922066875E-07	0	0.12117362785	10249.99609375	
0.092192	-8.57114220015625E-06	-5.12316074221875E-07	0	0.11996818581	10249.99609375	
0.096288	-8.7776878646875E-06	-5.322225447E-07	0	0.11841179229	10249.99609375	
0.100384	-8.8453477990625E-06	-5.50693439690625E-07	0	0.11801506453	10249.99609375	
0.10448	-8.62636733578125E-06	-5.72212648940625E-07	0	0.11705757734	10249.99609375	
0.108576	-8.17066853453125E-06	-5.98984737553125E-07	0	0.11997962988	10249.99609375	
0.112672	-7.5810213496875E-06	-6.25663557028125E-07	0	0.1184079776	10249.99609375	
0.116768	-6.72311166828125E-06	-6.5478011445E-07	0	0.12067390346	10249.99609375	
0.120864	-5.53119963515625E-06	-6.88013494678125E-07	0	0.12005592368	10249.99609375	
0.12496	-3.91174996265625E-06	-7.29758645240625E-07	0	0.12129569793	10249.99609375	
0.129056	-2.19446768234375E-06	-7.7325451520625E-07	0	0.11957145805	10249.99609375	
0.133152	-9.2209518671875E-07	-8.0395159989375E-07	0	0.11972786034	10249.99609375	
0.137248	-2.9084628546875E-07	-8.11323467521875E-07	0	0.1189420342	10249.99609375	
0.141344	9.920409296875E-08	-8.034222735E-07	0	0.11929680037	10249.99609375	
0.14544	4.6164190359375E-07	-7.94361465253125E-07	0	0.11880470536	10249.99609375	
0.149536	7.5148243328125E-07	-7.856405605125E-07	0	0.11949134956	10249.99609375	
0.153632	7.0759490828125E-07	-7.7210932404375E-07	0	0.11975456317	10249.99609375	
0.157728	4.9858057046875E-07	-7.53266554425E-07	0	0.11884666695	10249.99609375	
0.161824	2.411985228125E-07	-7.3398003525E-07	0	0.11898781048	10249.99609375	
0.16592	3.414083715625E-07	-7.24980765403125E-07	0	0.11944175859	10249.99609375	
0.170016	3.882217315625E-07	-7.230290846625E-07	0	0.11991478015	10249.99609375	
0.174112	1.5040620546875E-07	-7.1471995835625E-07	0	0.1205060571	10249.99609375	
0.178208	-3.739582859375E-07	-6.985146861E-07	0	0.12022377004	10249.99609375	
0.182304	-8.9247110734375E-07	-6.8057383865625E-07	0	0.1199338536	10249.99609375	
0.1864	-1.19310065359375E-06	-6.69705820678125E-07	0	0.11955619929	10249.99609375	
0.190496	-1.42972755921875E-06	-6.6545654608125E-07	0	0.12269568916	10249.99609375	
0.194592	-1.608112061875E-06	-6.6333827896875E-07	0	0.12152839402	10249.99609375	
0.198688	-1.54822387671875E-06	-6.66394766296875E-07	0	0.12028480508	10249.99609375	
0.202784	-1.0209335503125E-06	-6.81629847215625E-07	0	0.12079597354	10249.99609375	
0.20688	-3.073955396875E-07	-7.0423054576875E-07	0	0.11915947153	10249.99609375	
0.210976	1.66406865625E-07	-7.22576921653125E-07	0	0.11962104902	10249.99609375	
0.215072	7.095149875E-08	-7.23149517234375E-07	0	0.11938453824	10249.99609375	
0.219168	-0.00000026917682	-7.10755058475E-07	0	0.11944557328	10249.99609375	
0.223264	-5.0242072890625E-07	-6.98631272521875E-07	0	0.12043739268	10249.99609375	
0.22736	-7.510252715625E-07	-6.90547145990625E-07	0	0.11986137449	10249.99609375	
0.231456	-1.16420803296875E-06	-6.79775522146875E-07	0	0.12036491357	10249.99609375	
0.235552	-1.68957828015625E-06	-6.66495727734375E-07	0	0.1220319331	10249.99609375	
0.239648	-2.15149448078125E-06	-6.539099230125E-07	0	0.12128806855	10249.99609375	
0.243744	-2.09297778078125E-06	-6.54432037875E-07	0	0.12106681653	10249.99609375	
0.24784	-1.8262696340625E-06	-6.6691135231875E-07	0	0.12131477138	10249.99609375	
0.251936	-1.910204525625E-06	-6.74322642984375E-07	0	0.11928154161	10249.99609375	
0.256032	-2.37842955796875E-06	-6.66755342859375E-07	0	0.11836220132	10249.99609375	
0.260128	-2.8214192634375E-06	-6.55142854471875E-07	0	0.11810661709	10249.99609375	
0.264224	-3.1706908165625E-06	-6.4732964113125E-07	0	0.11853004768	10249.99609375	
0.26832	-3.5122820528125E-06	-6.42711616903125E-07	0	0.12060523904	10249.99609375	
0.272416	-3.968529448125E-06	-6.36132296559375E-07	0	0.12170768445	10249.99609375	
0.276512	-4.2733648821875E-06	-6.30786148059375E-07	0	0.12162757596	10249.99609375	
0.280608	-4.0360065178125E-06	-6.386291690625E-07	0	0.11949134956	10249.99609375	
0.284704	-3.476989168125E-06	-6.5941424443125E-07	0	0.12216544725	10249.99609375	
0.2888	-0.00000303701673	-6.79604368471875E-07	0	0.11994148298	10249.99609375	
0.292896	-3.10074507359375E-06	-6.84914940084375E-07	0	0.11976982193	10249.99609375	
0.296992	-3.2789467115625E-06	-6.79087061296875E-07	0	0.12006736775	10249.99609375	
0.301088	-3.22875035484375E-06	-6.77146678621875E-07	0	0.11915184215	10249.99609375	
0.305184	-3.07285820875E-06	-6.80978165175E-07	0	0.12025810225	10249.99609375	
0.30928	-2.997883686875E-06	-6.8440316175E-07	0	0.11977745131	10249.99609375	
0.313376	-2.9406470396875E-06	-6.84549075065625E-07	0	0.12015892031	10249.99609375	
0.317472	-2.54209345328125E-06	-6.91787048596875E-07	0	0.12029243446	10249.99609375	
0.321568	-1.7619012640625E-06	-7.08577897190625E-07	0	0.11942268514	10249.99609375	
0.325664	-7.722375753125E-07	-7.3460311155E-07	0	0.12023521411	10249.97265625	
0.32976	-3.0931561890625E-07	-7.49393240990625E-07	0	0.11947990549	10249.97265625	
0.333856	-3.158073153125E-07	-7.44624255375E-07	0	0.11891914606	10249.97265625	
0.337952	-2.9212633828125E-07	-7.3539974536875E-07	0	0.1190564749	10249.97265625	
0.342048	-4.569788540625E-07	-7.25373072703125E-07	0	0.12000633271	10249.97265625	
0.346144	-8.0826191875E-07	-7.10020203440625E-07	0	0.12080741761	10249.97265625	
0.35024	-1.21641590125E-06	-6.9343344118125E-07	0	0.1218793455	10249.97265625	
0.354336	-1.40284645015625E-06	-6.83275037878125E-07	0	0.1210401137	10249.97265625	
0.358432	-1.26423501703125E-06	-6.835531626E-07	0	0.12092185831	10249.97265625	
0.362528	-7.93267014375E-07	-6.96007717453125E-07	0	0.12000251802	10249.97265625	
0.366624	-5.250045178125E-07	-7.07642801971875E-07	0	0.11901069862	10249.97265625	
0.37072	-5.9906471625E-07	-7.07693282690625E-07	0	0.11862160024	10249.97265625	
0.374816	-8.494064734375E-07	-6.99579829265625E-07	0	0.11846138326	10249.97265625	
0.378912	-9.7293156984375E-07	-6.91205078025E-07	0	0.11932731789	10249.97265625	
0.383008	-9.26392506875E-07	-6.914310393375E-07	0	0.12071586505	10249.97265625	
0.387104	-9.8993798578125E-07	-6.90774309225E-07	0	0.12076164133	10249.97265625	
0.3912	-1.05339203234375E-06	-6.88990897546875E-07	0	0.1211164075	10249.97265625	
0.395296	-8.6833296859375E-07	-6.911348857875E-07	0	0.12038780171	10249.97265625	
0.399392	-2.6725674078125E-07	-7.056079482375E-07	0	0.12112403688	10249.97265625	
0.403488	3.984621540625E-07	-7.2463244844375E-07	0	0.12060905373	10249.97265625	
0.407584	7.72054710625E-07	-7.36957195734375E-07	0	0.12039543109	10249.97265625	
0.41168	6.742221028125E-07	-7.33854314221875E-07	0	0.11914039808	10249.97265625	
0.415776	4.1135411453125E-07	-7.2113533655625E-07	0	0.11881996412	10249.97265625	
0.419872	1.3266833078125E-07	-7.08606262546875E-07	0	0.11993003891	10249.97265625	
0.423968	-3.5814049046875E-07	-6.93569258353125E-07	0	0.12072349443	10249.97265625	
0.428064	-1.02486514109375E-06	-6.7513634409375E-07	0	0.12175346073	10249.97265625	
0.43216	-1.675406266875E-06	-6.56175545746875E-07	0	0.12061668311	10249.97265625	
0.436256	-1.9842647240625E-06	-6.468214685625E-07	0	0.12171531383	10249.97265625	
0.440352	-1.89895834734375E-06	-6.52488530203125E-07	0	0.12133765952	10249.97265625	
0.444448	-1.8913694628125E-06	-6.61050540871875E-07	0	0.12113166626	10249.97265625	
0.448544	-2.06390229546875E-06	-6.63412557740625E-07	0	0.11927391223	10249.97265625	
0.45264	-2.42524291796875E-06	-6.58948619896875E-07	0	0.12121940413	10249.97265625	
0.456736	-2.75677659640625E-06	-6.5209886713125E-07	0	0.11723686777	10249.97265625	
0.460832	-2.95920780546875E-06	-6.50040936496875E-07	0	0.11907173366	10249.97265625	
0.464928	-3.25142557609375E-06	-6.47897669409375E-07	0	0.12007881182	10249.97265625	
0.469024	-3.57564466703125E-06	-6.43189981809375E-07	0	0.11879326129	10249.97265625	
0.47312	-3.64184168390625E-06	-6.43439981559375E-07	0	0.12058998028	10249.97265625	
0.477216	-3.24849974109375E-06	-6.564676127625E-07	0	0.12020469659	10249.97265625	
0.481312	-2.71179188328125E-06	-6.76273121803125E-07	0	0.11922813595	10249.97265625	
0.485408	-2.262767643125E-06	-6.93992815621875E-07	0	0.11944175859	10249.97265625	
0.489504	-2.23579510171875E-06	-6.9919305080625E-07	0	0.11896110765	10249.97265625	
0.4936	-2.3426795115625E-06	-6.94006277146875E-07	0	0.11954856991	10249.97265625	
0.497696	-2.20287945796875E-06	-6.93212768325E-07	0	0.11941505576	10249.97265625	
0.501792	-2.0292494371875E-06	-6.96595216865625E-07	0	0.12081886168	10249.97265625	
0.505888	-1.99605949640625E-06	-6.97410600665625E-07	0	0.12037635764	10249.97265625	
0.509984	-2.00136257234375E-06	-6.9495170889375E-07	0	0.12127280979	10249.97265625	
0.51408	-1.6276785834375E-06	-6.985175707125E-07	0	0.11933494727	10249.97265625	
0.518176	-7.6355150265625E-07	-7.180694742375E-07	0	0.11975456317	10249.97265625	
0.522272	1.07890165625E-08	-7.3992954853125E-07	0	0.11914802746	10249.97265625	
0.526368	3.5960340796875E-07	-7.49405260209375E-07	0	0.11826301938	10249.97265625	
0.530464	5.842526765625E-07	-7.4838242469375E-07	0	0.11901451331	10249.97265625	
0.53456	8.6248129859375E-07	-7.47158147071875E-07	0	0.11786629162	10249.97265625	
0.538656	1.074147174375E-06	-7.46697089840625E-07	0	0.11910988056	10249.97265625	
0.542752	8.984142096875E-07	-7.38537482615625E-07	0	0.12134147421	10249.97265625	
0.546848	3.0017238453125E-07	-7.17526445934375E-07	0	0.12056709214	10249.97265625	
0.550944	-1.56897901875E-07	-6.9610459235625E-07	0	0.12060523904	10249.97265625	
0.55504	-1.7673872046875E-07	-6.89628156525E-07	0	0.12226844388	10249.97265625	
0.559136	-2.0361982953125E-07	-6.90840414928125E-07	0	0.1217267579	10249.97265625	
0.563232	-5.268331646875E-07	-6.8579691035625E-07	0	0.120925673	10249.97265625	
0.567328	-9.8244053359375E-07	-6.7466903686875E-07	0	0.11849953016	10249.97265625	
0.571424	-1.43649355265625E-06	-6.63089961909375E-07	0	0.1176831865	10249.97265625	
0.57552	-1.77662187140625E-06	-6.55823142253125E-07	0	0.11732079095	10249.97265625	
0.579616	-0.000002308483815	-6.478531983E-07	0	0.11957145805	10249.97265625	
0.583712	-2.8356827090625E-06	-6.3760561239375E-07	0	0.11855293582	10249.97265625	
0.587808	-3.00730121828125E-06	-6.3490273048125E-07	0	0.1191327687	10249.97265625	
0.591904	-2.60445031171875E-06	-6.48603437934375E-07	0	0.1212689951	10249.97265625	
0.596	-1.8847863340625E-06	-6.7461134461875E-07	0	0.11953331115	10249.97265625	
0.600096	-1.29568774328125E-06	-6.9886997420625E-07	0	0.11964393716	10249.97265625	
0.604192	-9.68085655625E-07	-7.11596163403125E-07	0	0.12035728419	10249.97265625	
0.608288	-7.0878352875E-07	-7.17441830634375E-07	0	0.11971260158	10249.97265625	
0.612384	-5.3186194359375E-07	-7.2021899131875E-07	0	0.11990715077	10249.97265625	
0.61648	-6.906799246875E-07	-7.14839429390625E-07	0	0.12161613189	10249.97265625	
0.620576	-1.08009027671875E-06	-7.0089304910625E-07	0	0.11991478015	10249.97265625	
0.624672	-1.553252655625E-06	-6.8476902676875E-07	0	0.11985374511	10249.97265625	
0.628768	-1.96552109359375E-06	-6.70548127528125E-07	0	0.12050224241	10249.97265625	
0.632864	-2.1086127115625E-06	-6.64697652609375E-07	0	0.11931205913	10249.97265625	
0.63696	-2.0223005790625E-06	-6.68888033034375E-07	0	0.11958290212	10249.97265625	
0.641056	-2.06957110078125E-06	-6.7254980821875E-07	0	0.11872459687	10249.97265625	
0.645152	-2.2219888178125E-06	-6.72020481825E-07	0	0.11852623299	10249.97265625	
0.649248	-2.46181585546875E-06	-6.6773923610625E-07	0	0.11963630778	10249.97265625	
0.653344	-2.646052028125E-06	-6.64085153221875E-07	0	0.11881614943	10249.97265625	
0.65744	-2.7844805965625E-06	-6.62538520153125E-07	0	0.120162735	10249.97265625	
0.661536	-3.1308263146875E-06	-6.57888524803125E-07	0	0.12121940413	10249.97265625	
0.665632	-3.42203832953125E-06	-6.50988050934375E-07	0	0.12223029698	10249.97265625	
0.669728	-3.32036556328125E-06	-6.53738048184375E-07	0	0.12196708337	10249.97265625	
0.673824	-2.73556429265625E-06	-6.7045846415625E-07	0	0.12212348566	10249.97265625	
0.67792	-1.95893796484375E-06	-6.955300737E-07	0	0.12090659955	10249.97265625	
0.682016	-1.3233917434375E-06	-7.1675168709375E-07	0	0.12006355306	10249.97265625	
0.686112	-9.214551603125E-07	-7.27769224153125E-07	0	0.11766411305	10249.97265625	
0.690208	-4.9227173875E-07	-7.33929794915625E-07	0	0.11697365416	10249.97265625	
0.694304	2.441243578125E-08	-7.42273536571875E-07	0	0.11846901264	10249.97265625	
0.6984	1.51046231875E-07	-7.43220410625E-07	0	0.1176450396	10249.97265625	
0.702496	0.000000172624265	-7.36403830903125E-07	0	0.1207730854	10249.97265625	
0.706592	3.1919031203125E-07	-7.30787009596875E-07	0	0.12123847758	10249.97265625	
0.710688	9.3581003828125E-07	-7.37621618146875E-07	0	0.12046409551	10249.97265625	
0.714784	1.82014366703125E-06	-7.56424483959375E-07	0	0.12001396209	10249.97265625	
0.71888	2.3232958546875E-06	-7.6973624949375E-07	0	0.1215360234	10249.97265625	
0.722976	2.3565772278125E-06	-7.6538625384375E-07	0	0.11957145805	10249.97265625	
0.727072	2.25261865296875E-06	-7.535982848625E-07	0	0.1200864412	10249.97265625	
0.731168	2.020654796875E-06	-7.39517770096875E-07	0	0.11966301061	10249.9765625	
0.735264	1.60116320375E-06	-7.22946632821875E-07	0	0.12015129093	10249.9765625	
0.73936	9.060945265625E-07	-7.015637215125E-07	0	0.11999870333	10249.9765625	
0.743456	-3.776155796875E-08	-6.7422384500625E-07	0	0.11937690886	10249.9765625	
0.747552	-7.6144855875E-07	-6.5164598296875E-07	0	0.1206586447	10249.9765625	
0.751648	-1.1284579865625E-06	-6.4326426058125E-07	0	0.11954094053	10249.9765625	
0.755744	-1.383554225625E-06	-6.43188539503125E-07	0	0.11956382867	10249.9765625	
0.75984	-1.7655585578125E-06	-6.42115944421875E-07	0	0.11994148298	10249.9765625	
0.763936	-2.2709965540625E-06	-6.36976045715625E-07	0	0.12007881182	10249.9765625	
0.768032	-2.65583528890625E-06	-6.31920762309375E-07	0	0.12017036438	10249.9765625	
0.772128	-2.79536104546875E-06	-6.34485663590625E-07	0	0.11894584889	10249.9765625	
0.776224	-3.0920590009375E-06	-6.36576526884375E-07	0	0.12005973837	10249.9765625	
0.78032	-3.51822515515625E-06	-6.33383741615625E-07	0	0.12017799376	10249.9765625	
0.784416	-3.855153341875E-06	-6.29410668665625E-07	0	0.12056709214	10249.9765625	
0.788512	-3.629864046875E-06	-6.369830168625E-07	0	0.12135673297	10249.9765625	
0.792608	-2.8693298115625E-06	-6.620070303E-07	0	0.12033058136	10249.9765625	
0.796704	-2.06792531859375E-06	-6.92140894396875E-07	0	0.12005210899	10249.9765625	
0.8008	-1.5976887746875E-06	-7.11275009878125E-07	0	0.11860252679	10249.9765625	
0.804896	-1.22272473296875E-06	-7.19747357175E-07	0	0.11836601601	10249.9765625	
0.808992	-7.62545746875E-07	-7.28105041125E-07	0	0.1165769264	10249.9765625	
0.813088	-5.2948470265625E-07	-7.32612969309375E-07	0	0.11986518918	10249.9765625	
0.817184	-7.1399517234375E-07	-7.24974275025E-07	0	0.11893059013	10249.9765625	
0.82128	-1.01645336546875E-06	-7.09687511465625E-07	0	0.12002159147	10249.9765625	
0.825376	-1.00109273171875E-06	-7.01427423571875E-07	0	0.12012840279	10249.9765625	
0.829472	-6.965315946875E-07	-7.05326458134375E-07	0	0.12169242569	10249.9765625	
0.833568	-4.427154084375E-07	-7.11790874746875E-07	0	0.12064720063	10249.9765625	
0.837664	-2.89291935625E-07	-7.15269717421875E-07	0	0.12112785157	10249.9765625	
0.84176	-1.86887710625E-07	-7.15323082753125E-07	0	0.12098289335	10249.9765625	
0.845856	-2.934978234375E-08	-7.16831254321875E-07	0	0.1187512997	10249.9765625	
0.849952	4.18760134375E-08	-7.18625964065625E-07	0	0.11885429633	10249.9765625	
0.854048	-1.5004047609375E-07	-7.14645198815625E-07	0	0.11888099916	10249.9765625	
0.858144	-5.281132175E-07	-7.03169248753125E-07	0	0.11770225995	10249.9765625	
0.86224	-8.0268454578125E-07	-6.930271915875E-07	0	0.11965538123	10249.9765625	
0.866336	-8.031417075E-07	-6.91132722328125E-07	0	0.12014747624	10249.9765625	
0.870432	-5.46033956875E-07	-6.98605311009375E-07	0	0.12066245939	10249.9765625	
0.874528	-1.506805025E-07	-7.1148919235625E-07	0	0.12158561437	10249.9765625	
0.878624	1.37879974375E-07	-7.2213341248125E-07	0	0.12011314403	10249.9765625	
0.88272	3.7670125625E-07	-7.2872619435E-07	0	0.12074638257	10249.9765625	
0.886816	4.8303707203125E-07	-7.313386917375E-07	0	0.12051368648	10249.9765625	
0.890912	3.81455738125E-07	-7.27559128209375E-07	0	0.12005973837	10249.9765625	
0.895008	-1.654925421875E-08	-7.16141831934375E-07	0	0.11932731789	10249.9765625	
0.899104	-5.8306405609375E-07	-6.9835555164375E-07	0	0.12169624038	10249.9765625	
0.9032	-1.13769265328125E-06	-6.80801001890625E-07	0	0.11938072355	10249.9765625	
0.907296	-1.42533880671875E-06	-6.71451011240625E-07	0	0.12083412044	10249.9765625	
0.911392	-1.53615480734375E-06	-6.713214440625E-07	0	0.11953712584	10249.9765625	
0.915488	-1.60838635890625E-06	-6.74684661853125E-07	0	0.11906028959	10249.9765625	
0.919584	-1.9034385321875E-06	-6.74044277878125E-07	0	0.11960197557	10249.9765625	
0.92368	-2.44170073984375E-06	-6.64127460871875E-07	0	0.11964775185	10249.9765625	
0.927776	-2.86484962671875E-06	-6.54509682028125E-07	0	0.11880470536	10249.9765625	
0.931872	-3.35565844796875E-06	-6.4775752531875E-07	0	0.1215360234	10249.9765625	
0.935968	-4.2558098721875E-06	-6.32247685059375E-07	0	0.12244391962	10249.9765625	
0.940064	-5.0772380484375E-06	-6.135195787875E-07	0	0.12303519657	10249.9765625	
0.94416	-5.48676351609375E-06	-0.000000606614778	0	0.12165427879	10249.9765625	
0.948256	-5.46884277671875E-06	-6.1455275083125E-07	0	0.12332511301	10249.9765625	
0.952352	-0.00000521383797	-6.32184223584375E-07	0	0.12239051396	10249.9765625	
0.956448	-4.96002178375E-06	-6.49742859871875E-07	0	0.1208875261	10249.9765625	
0.960544	-4.63059104921875E-06	-6.65205825178125E-07	0	0.11815239337	10249.9765625	
0.96464	-4.0959861353125E-06	-6.827195095875E-07	0	0.11739327006	10249.9765625	
0.968736	-3.5854279278125E-06	-7.010454528E-07	0	0.11780144189	10249.9765625	
0.972832	-3.45275959703125E-06	-7.084531377E-07	0	0.11904884552	10249.9765625	
0.976928	-3.37632215765625E-06	-7.07264917734375E-07	0	0.11904503083	10249.9765625	
0.981024	-3.0382967828125E-06	-7.1018150135625E-07	0	0.11992240953	10249.9765625	
0.98512	-2.36928632359375E-06	-0.000000722922354	0	0.12157798499	10249.9765625	
0.989216	-1.68244655734375E-06	-7.400309907375E-07	0	0.12244773431	10249.9765625	
0.993312	-1.1906319803125E-06	-7.5047665336875E-07	0	0.12169242569	10249.9765625	
0.997408	-8.1932523234375E-07	-7.54746120253125E-07	0	0.12117362785	10249.9765625	
1.001504	-5.736465246875E-07	-7.5436511101875E-07	0	0.12200904496	10249.9765625	
1.0056	-4.7389383765625E-07	-7.501482883125E-07	0	0.12108970467	10249.9765625	
1.009696	-6.4487232046875E-07	-7.401771444375E-07	0	0.11985374511	10249.9765625	
1.013792	-1.13366963015625E-06	-7.2122572108125E-07	0	0.11949516425	10249.9765625	
1.017888	-1.7074075871875E-06	-6.98978868328125E-07	0	0.11939598231	10249.9765625	
1.021984	-2.05530765515625E-06	-6.835810471875E-07	0	0.1194760908	10249.9765625	
1.02608	-2.1876102565625E-06	-6.786598982625E-07	0	0.11928154161	10249.9765625	
1.030176	-0.00000218852458	-6.797916279E-07	0	0.11973548972	10249.9765625	
1.034272	-2.03976415671875E-06	-6.86121188878125E-07	0	0.12027336101	10249.9765625	
1.038368	-1.8152977528125E-06	-6.94283199946875E-07	0	0.12016654969	10249.9765625	
1.042464	-1.42698458890625E-06	-7.05187035196875E-07	0	0.12033821074	10249.9765625	
1.04656	-1.0523862765625E-06	-7.18019714671875E-07	0	0.12033439605	10249.9765625	
1.050656	-1.00429286375E-06	-7.2090552909375E-07	0	0.12184501329	10249.9765625	
1.054752	-1.09910820421875E-06	-7.1661418723125E-07	0	0.12162376127	10249.9765625	
1.058848	-1.11044581484375E-06	-7.1182573048125E-07	0	0.12316489603	10249.9765625	
1.062944	-8.1767945015625E-07	-7.148694774375E-07	0	0.12239051396	10249.9765625	
1.06704	-2.3836412015625E-07	-7.2784302215625E-07	0	0.1217267579	10249.9765625	
1.071136	3.5183165875E-07	-7.43224256775E-07	0	0.12026191694	10249.9765625	
1.075232	9.6195968859375E-07	-7.5674299325625E-07	0	0.11902214269	10249.9765625	
1.079328	1.7776276271875E-06	-7.7230451615625E-07	0	0.11802269391	10249.9765625	
1.083424	2.66909297875E-06	-7.906684401E-07	0	0.11734367909	10249.9765625	
1.08752	3.3217370484375E-06	-8.02685735775E-07	0	0.11772514809	10249.9765625	
1.091616	3.6516249446875E-06	-8.0405736901875E-07	0	0.12013984686	10249.9765625	
1.095712	3.982427164375E-06	-8.00054969175E-07	0	0.12005210899	10249.9765625	
1.099808	4.40219305453125E-06	-7.996097773125E-07	0	0.12115073971	10249.9765625	
1.103904	4.7764256375E-06	-8.0033525735625E-07	0	0.12178016356	10249.9765625	
1.108	4.8583490175E-06	-7.9520449325625E-07	0	0.12226844388	10249.9765625	
1.112096	4.571982916875E-06	-7.807732576875E-07	0	0.12277579765	10249.9765625	
1.116192	3.96057483421875E-06	-7.568348200875E-07	0	0.12089515548	10249.9765625	
1.120288	2.98060297390625E-06	-7.26281725640625E-07	0	0.12118888661	10249.9765625	
1.124384	1.4883356915625E-06	-6.8504306495625E-07	0	0.1207349385	10249.9765625	
1.12848	-2.949607409375E-07	-6.37239506990625E-07	0	0.12041450454	10249.9765625	
1.132576	-2.128179233125E-06	-5.91317918296875E-07	0	0.11911369525	10249.95703125	
1.136672	-3.6995354928125E-06	-5.55968434415625E-07	0	0.12040306047	10249.95703125	
1.140768	-4.59621248796875E-06	-5.42809072575E-07	0	0.12110114874	10249.95703125	
1.144864	-4.79297489171875E-06	-5.53449206165625E-07	0	0.1193235032	10249.95703125	
1.14896	-4.1548685646875E-06	-5.8814123878125E-07	0	0.11954856991	10249.95703125	
1.153056	-2.90434839921875E-06	-6.4026426358125E-07	0	0.11883903757	10249.95703125	
1.157152	-1.371119426875E-06	-6.9804209041875E-07	0	0.12072730912	10249.95703125	
1.161248	1.2261077296875E-07	-7.49361510253125E-07	0	0.1182172431	10249.95703125	
1.165344	1.43100761203125E-06	-7.8862180753125E-07	0	0.11921287719	10249.95703125	
1.16944	2.25243578828125E-06	-8.0969967106875E-07	0	0.12049079834	10249.95703125	
1.173536	0.00000234651967	-8.07338375353125E-07	0	0.1218411986	10249.95703125	
1.177632	1.6814408015625E-06	-7.79359557178125E-07	0	0.12166953755	10249.95703125	
1.181728	5.1101536921875E-07	-7.36287004096875E-07	0	0.1207730854	10249.95703125	
1.185824	-1.0849361909375E-06	-6.85261093584375E-07	0	0.12131477138	10249.95703125	
1.18992	-3.343132216875E-06	-6.24419327503125E-07	0	0.1209638199	10249.95703125	
1.194016	-6.17451760578125E-06	-5.51845361615625E-07	0	0.12117744254	10249.95703125	
1.198112	-9.1554863090625E-06	-4.78535819540625E-07	0	0.11968208406	10249.95703125	
1.202208	-1.18246707201562E-05	-4.20396454603125E-07	0	0.11965538123	10249.95703125	
1.206304	-1.40697004885937E-05	-3.83298895546875E-07	0	0.11973930441	10249.95703125	
1.2104	-1.58729291720313E-05	-3.64696991071875E-07	0	0.12005973837	10249.95703125	
1.214496	-1.68449464184375E-05	-3.6860491985625E-07	0	0.11954094053	10249.95703125	
1.218592	-1.64385296504688E-05	-4.08744543178125E-07	0	0.11930824444	10249.95703125	
1.222688	-1.4612717178125E-05	-4.879023967125E-07	0	0.12078834416	10249.95703125	
1.226784	-1.18981823245312E-05	-5.909609475E-07	0	0.1212308482	10249.95703125	
1.23088	-8.640356484375E-06	-6.9666036103125E-07	0	0.12102104025	10249.95703125	
1.234976	-4.9773939290625E-06	-8.00591747484375E-07	0	0.11894966358	10249.95703125	
1.239072	-1.25509178265625E-06	-8.94436365178125E-07	0	0.11988044794	10249.95703125	
1.243168	2.26907647484375E-06	-9.72278114259375E-07	0	0.1210019668	10249.95703125	
1.247264	5.12981164609375E-06	-1.024431667875E-06	0	0.12110114874	10249.95703125	
1.25136	7.37410995578125E-06	-1.04961649845937E-06	0	0.12030006384	10249.95703125	
1.255456	9.25661048125E-06	-1.05732658690312E-06	0	0.12179923701	10249.95703125	
1.259552	1.0883009011875E-05	-1.05536192540625E-06	0	0.12250495466	10249.95703125	
1.263648	1.21764109465625E-05	-1.04631650175937E-06	0	0.12259650722	10249.95703125	
1.267744	1.32344660284375E-05	-1.0312153149375E-06	0	0.12012077341	10249.95703125	
1.27184	1.41165138485937E-05	-1.01420403387188E-06	0	0.11923195064	10249.95703125	
1.275936	1.47115555417187E-05	-9.94344438346875E-07	0	0.11889625792	10249.95703125	
1.280032	1.48286803740625E-05	-9.65856005296875E-07	0	0.11803032329	10249.95703125	
1.284128	1.44123889129687E-05	-9.27373351471875E-07	0	0.11698128354	10249.95703125	
1.288224	1.3530158228125E-05	-8.792943130125E-07	0	0.11844993919	10249.95703125	
1.29232	1.22634545378125E-05	-8.26026337434375E-07	0	0.11944938797	10249.95703125	
1.296416	1.05960943171875E-05	-7.688348080875E-07	0	0.12086082327	10249.95703125	
1.300512	8.5015621865625E-06	-7.07491840584375E-07	0	0.1217267579	10249.95703125	
1.304608	6.16354572453125E-06	-0.000000645230124	0	0.12073112381	10249.95703125	
1.308704	0.000003502224495	-5.84448213628125E-07	0	0.12206626531	10249.95703125	
1.3128	4.0495385046875E-07	-5.1894803874375E-07	0	0.12260795129	10249.95703125	
1.316896	-3.0328108421875E-06	-4.4981349249375E-07	0	0.12125373634	10249.95703125	
1.320992	-6.50678274296875E-06	-3.844601924625E-07	0	0.12134910359	10249.95703125	
1.325088	-9.6953028665625E-06	-3.32587888565625E-07	0	0.11958290212	10249.95703125	
1.329184	-1.25021843873438E-05	-2.987429704875E-07	0	0.12048316896	10249.95703125	
1.33328	-1.47172243470312E-05	-2.83551639525E-07	0	0.11979652476	10249.9765625	
1.337376	-1.60087062025E-05	-2.9530355085E-07	0	0.11903740145	10249.9765625	
1.341472	-1.61993426392188E-05	-3.3672033635625E-07	0	0.11789680914	10249.9765625	
1.345568	-1.54576434667187E-05	-4.03283490946875E-07	0	0.11991096546	10249.9765625	
1.349664	-1.39392265340625E-05	-4.84874274740625E-07	0	0.11939598231	10249.9765625	
1.35376	-1.19686766615625E-05	-5.72372744934375E-07	0	0.11840416291	10249.9765625	
1.357856	-0.00000994198733	-6.51962569190625E-07	0	0.1190564749	10249.9765625	
1.361952	-8.078596164375E-06	-7.1487188128125E-07	0	0.11915947153	10249.9765625	
1.366048	-6.49105637984375E-06	-7.58032174659375E-07	0	0.12155509685	10249.9765625	
1.370144	-5.19966595671875E-06	-7.8509296490625E-07	0	0.12281775924	10249.9765625	
1.37424	-4.1270731321875E-06	-8.0109775659375E-07	0	0.12337470398	10249.9765625	
1.378336	-3.15487302109375E-06	-8.10142218703125E-07	0	0.12341285088	10249.9765625	
1.382432	-2.31607269953125E-06	-8.14184522353125E-07	0	0.12385916961	10249.9765625	
1.386528	-1.3431411296875E-06	-8.19551343909375E-07	0	0.1207349385	10249.9765625	
1.390624	-3.9471342796875E-07	-8.2697657686875E-07	0	0.11860634148	10249.9765625	
1.39472	3.60974893125E-07	-8.291289785625E-07	0	0.11803413798	10249.9765625	
1.398816	1.15323615171875E-06	-8.3083330378125E-07	0	0.11702705982	10249.9765625	
1.402912	2.02111195859375E-06	-8.34482098209375E-07	0	0.11587883813	10249.9765625	
1.407008	2.98508315875E-06	-8.414808892875E-07	0	0.11632134217	10249.9765625	
1.411104	0.00000404350397	-8.51397225525E-07	0	0.11888481385	10249.9765625	
1.4152	5.3010644259375E-06	-8.66281585640625E-07	0	0.12102485494	10249.9765625	
1.419296	6.78574282375E-06	-8.8644767124375E-07	0	0.11989952139	10249.9765625	
1.423392	8.3157716640625E-06	-9.09927936225E-07	0	0.12120796006	10249.9765625	
1.427488	9.631483090625E-06	-9.268298424E-07	0	0.12268424509	10249.9765625	
1.431584	1.04263958871875E-05	-9.29787291365625E-07	0	0.12181449577	10249.9765625	
1.43568	0.000010612003545	-9.13278654028125E-07	0	0.12247062245	10249.9765625	
1.439776	1.03296604675E-05	-8.834077704375E-07	0	0.1204679102	10249.9765625	
1.443872	9.53794780296875E-06	-8.43162618375E-07	0	0.12018562314	10249.9765625	
1.447968	8.1691141846875E-06	-7.9163238144375E-07	0	0.12007881182	10249.9765625	
1.452064	6.47807298703125E-06	-7.33647583659375E-07	0	0.11880852005	10249.9765625	
1.45616	4.855788911875E-06	-6.8183393355E-07	0	0.11754967235	10249.9765625	
1.460256	3.33389755015625E-06	-6.4262579968125E-07	0	0.11682106656	10249.9765625	
1.464352	1.81767499375E-06	-6.09936168909375E-07	0	0.11991096546	10249.9765625	
1.468448	2.3488969109375E-07	-5.81664562565625E-07	0	0.11812950523	10249.9765625	
1.472544	-1.35127860828125E-06	-5.5585569414375E-07	0	0.12044883675	10249.9765625	
1.47664	-2.68966525609375E-06	-5.3818792335E-07	0	0.11819816965	10249.9765625	
1.480736	-4.08199698671875E-06	-5.25639618590625E-07	0	0.12063575656	10249.9765625	
1.484832	-5.80988541890625E-06	-5.0602978243125E-07	0	0.12163902003	10249.9765625	
1.488928	-7.6073538646875E-06	-4.81471874296875E-07	0	0.12081504699	10249.9765625	
1.493024	-9.1856589825E-06	-4.63046892721875E-07	0	0.12188697488	10249.9765625	
1.49712	-1.03518785270313E-05	-4.5700098530625E-07	0	0.12217307663	10249.9765625	
1.501216	-1.12755280635938E-05	-4.61278625259375E-07	0	0.12193275116	10249.9765625	
1.505312	-1.17415587196875E-05	-4.74824284790625E-07	0	0.12018180845	10249.9765625	
1.509408	-1.17690798551563E-05	-5.008485376125E-07	0	0.11832786911	10249.9765625	
1.513504	-1.14690903353125E-05	-5.331927360375E-07	0	0.117873921	10249.9765625	
1.5176	-1.08937980284375E-05	-5.69431401721875E-07	0	0.11723305308	10249.9765625	
1.521696	-1.00350654559375E-05	-6.07861170984375E-07	0	0.1190564749	10249.9765625	
1.525792	-8.774213435625E-06	-6.51411608203125E-07	0	0.11861397086	10249.9765625	
1.529888	-7.13099135375E-06	-7.00350982340625E-07	0	0.11943031452	10249.9765625	
1.533984	-4.93670653609375E-06	-7.57143233240625E-07	0	0.1203153226	10249.9765625	
1.53808	-2.51576093828125E-06	-8.18236922146875E-07	0	0.12075782664	10249.9765625	
1.542176	4.29732015625E-08	-5.13085784990625E-07	0	0.12047172489	10249.9765625	
1.546272	2.718466444375E-06	0	0	0.12093330238	10249.9765625	
1.550368	5.72339042171875E-06	0	0	0.12147117367	10249.9765625	
1.554464	8.932208525625E-06	0	0	0.11979271007	10249.9765625	
1.55856	1.23513210201562E-05	0	0	0.11918235967	10249.9765625	
1.562656	1.589386717875E-05	0	0	0.11791588259	10249.9765625	
1.566752	1.92957903926563E-05	0	0	0.1201245881	10249.9765625	
1.570848	2.25649538434375E-05	0	0	0.11978508069	10249.9765625	
1.574944	2.62616549335937E-05	0	0	0.11923958002	10249.9765625	
1.57904	3.05912507071875E-05	0	0	0.11893821951	10249.9765625	
1.583136	3.5366396291875E-05	0	0	0.12028099039	10249.9765625	
1.587232	4.0433211053125E-05	0	0	0.1200101474	10249.9765625	
1.591328	4.58208619085938E-05	0	0	0.11933876196	10249.9765625	
1.595424	5.15670189839062E-05	0	0	0.1181790962	10249.9765625	
1.59952	5.76785397048437E-05	0	0	0.11977363662	10249.9765625	
1.603616	6.384976574625E-05	0	0	0.12097907866	10249.9765625	
1.607712	7.01715808578125E-05	0	0	0.11849571547	10249.9765625	
1.611808	7.69693013185937E-05	0	0	0.11965538123	10249.9765625	
1.615904	8.41866048048438E-05	0	0	0.12050224241	10249.9765625	
1.62	9.1549011420625E-05	0	0	0.12067771815	10249.9765625	
1.624096	9.88408322670312E-05	0	0	0.12076545602	10249.9765625	
1.628192	1.06138047621719E-04	0	0	0.11994529767	10249.9765625	
1.632288	1.13582011888125E-04	0	0	0.1184842714	10249.9765625	
1.636384	1.20717574859062E-04	0	0	0.12033058136	10249.9765625	
1.64048	1.27266965074219E-04	0	0	0.11980415414	10249.9765625	
1.644576	1.33431425122187E-04	0	0	0.11870552342	10249.9765625	
1.648672	1.39384402159063E-04	0	0	0.11879326129	10249.9765625	
1.652768	1.45089688976719E-04	0	0	0.12108970467	10249.9765625	
1.656864	1.50653164229219E-04	0	0	0.12145591491	10249.9765625	
1.66096	1.55830063532344E-04	0	0	0.12085319389	10249.9765625	
1.665056	1.60492198740156E-04	0	0	0.11923958002	10249.9765625	
1.669152	0.00016463673545	0	0	0.11938835293	10249.9765625	
1.673248	1.67988736604219E-04	0	0	0.1192472094	10249.9765625	
1.677344	0.00017055862549	0	0	0.1187894466	10249.9765625	
1.68144	1.72139582145781E-04	0	0	0.1213834358	10249.9765625	
1.685536	1.73187031075781E-04	0	0	0.12178397825	10249.9765625	
1.689632	1.73894260254687E-04	0	0	0.12153220871	10249.9765625	
1.693728	1.74459312139062E-04	0	0	0.12197089806	10249.9765625	
1.697824	1.74641445367812E-04	0	0	0.12096000521	10249.95703125	
1.70192	1.74395583795469E-04	0	0	0.12005973837	10249.95703125	
1.706016	1.73932753271406E-04	0	0	0.1305768387	10249.95703125	
1.710112	1.73090478520781E-04	0	0	0.18656504383	10249.95703125	
1.714208	1.71857970527031E-04	0	0	0.16721693615	10249.95703125	
1.718304	0.000169783279215	0	0	0.17041746106	10249.95703125	
1.7224	1.65746815535469E-04	0	0	0.19784126747	10247.67578125	
1.726496	1.62399843160156E-04	0	0	0.21520573635	10247.67578125	
1.730592	1.58733680472812E-04	3.9555008521875E-08	0	0.21694523499	10247.67578125	
1.734688	1.54241335127344E-04	4.79786299059375E-07	0	0.22008853955	10247.67578125	
1.738784	1.4605256298875E-04	5.05241081296875E-07	0	0.29112951142	10247.67578125	
1.74288	1.36839657167813E-04	6.3383157770625E-07	0	0.2131267303	10212.515625	
1.746976	1.28012870134531E-04	7.2527379395625E-07	0	0.25054120982	10212.515625	
1.751072	1.15379937495625E-04	9.17591149715625E-07	0	0.32355437642	10212.515625	
1.755168	1.04552885078125E-04	1.08925011267187E-06	0	0.26804300754	10212.515625	
1.759264	8.99031378007813E-05	1.29455808044062E-06	0	0.40344924378	10212.515625	
1.76336	0.00007455612747	1.57001645882812E-06	0	0.40114898571	10158.59765625	
1.767456	5.84827786004687E-05	1.8196933726125E-06	0	0.29222814214	10158.59765625	
1.771552	4.4535231723125E-05	2.02247562175313E-06	0	0.47922424594	10158.59765625	
1.775648	3.10506068021875E-05	2.1402661289625E-06	0	0.42801966207	10158.59765625	
1.779744	1.79696556789063E-05	2.25829726093125E-06	0	0.45865162277	10105.81640625	
1.78384	5.3533637265625E-06	2.33355559913438E-06	0	0.56692396904	10105.81640625	
1.787936	-1.05039305146875E-05	2.490180202125E-06	0	0.48809340019	10105.81640625	
1.792032	-0.00002397429199	2.658660802875E-06	0	0.50768946272	10105.81640625	
1.796128	-3.3199084015625E-05	2.64903437019375E-06	0	0.60282401663	10105.81640625	
1.800224	-4.24815698501562E-05	2.61361060754063E-06	0	0.55035677037	10052.59765625	
1.80432	-5.007639748375E-05	2.55944575785937E-06	0	0.66674677696	10052.59765625	
1.808416	-5.68214529145312E-05	2.47846050230625E-06	0	0.68684256388	10052.59765625	
1.812512	-6.45260907929688E-05	2.45721172547812E-06	0	0.58309825464	10052.59765625	
1.816608	-6.50392091060938E-05	2.3035736579625E-06	0	0.72618346185	10052.59765625	
1.820704	-6.28131972651562E-05	1.98796483895625E-06	0	0.71947342214	10000.234375	
1.8248	-6.00409686026562E-05	1.70815742645625E-06	0	0.70429477063	10000.234375	
1.828896	-5.46828503942188E-05	1.40436277832812E-06	0	0.82458720509	10000.234375	
1.832992	-5.05630004171875E-05	1.14457121119687E-06	0	0.79699173763	10000.234375	
1.837088	-4.48646624576563E-05	9.4952356970625E-07	0	0.75285195964	9949.35546875	
1.841184	-3.27416479998437E-05	5.8515854945625E-07	0	0.89238950515	9949.35546875	
1.84528	-2.00733310439062E-05	1.75715930053125E-07	0	0.83410104195	9949.35546875	
1.849376	-6.58742607015625E-06	-1.8332722051875E-07	0	0.90437144644	9949.35546875	
1.853472	9.15978362921875E-06	-5.6240857220625E-07	0	0.9688168193	9949.35546875	
1.857568	2.35119186276562E-05	-8.82266665809375E-07	0	0.87851166293	9899.03515625	
1.861664	4.16004363534375E-05	-1.19421683462812E-06	0	0.94691668401	9899.03515625	
1.86576	6.30746937682813E-05	-1.6396820141625E-06	0	1.00602149087	9899.03515625	
1.869856	8.3471512444375E-05	-2.02338691891875E-06	0	0.94807634977	9899.03515625	
1.873952	1.05322379683125E-04	-2.39345866423125E-06	0	1.05534924726	9899.03515625	
1.878048	1.25732456049063E-04	-2.70666219718125E-06	0	1.07707390681	9846.35546875	
1.882144	1.4524064377625E-04	-2.93046966568125E-06	0	0.97233777817	9846.35546875	
1.88624	1.68429989095156E-04	-3.21121577916562E-06	0	1.13256238755	9846.35546875	
1.890336	1.93655258412344E-04	-3.58628030794687E-06	0	1.1051919868	9846.35546875	
1.894432	2.182775314225E-04	-3.94272634573125E-06	0	1.10556201173	9846.35546875	
1.898528	2.43445655524844E-04	-4.26242891064375E-06	0	1.21535260462	9794.13671875	
1.902624	0.00026783678757	-4.56858629679375E-06	0	1.17655720732	9794.13671875	
1.90672	2.90562388041406E-04	-4.7670404252625E-06	0	1.13100980872	9794.13671875	
1.910816	3.16919406909531E-04	-5.06427330110625E-06	0	1.26416156317	9794.13671875	
1.914912	3.40686787505625E-04	-5.32208842790625E-06	0	1.20902403391	9794.13671875	
1.919008	3.65138447762344E-04	-5.554269445725E-06	0	1.26024387654	9742.5546875	
1.923104	3.88023780538281E-04	-5.76302644850625E-06	0	1.32894644344	9742.5546875	
1.9272	4.08508648561406E-04	-5.88546094145625E-06	0	1.24123146158	9742.5546875	
1.931296	4.29838351440781E-04	-5.99615169615E-06	0	1.30778254332	9742.5546875	
1.935392	4.53065641182344E-04	-6.21063201051562E-06	0	1.36322906247	9742.5546875	
1.939488	4.75353463591875E-04	-6.43509043990312E-06	0	1.3079809072	9742.5546875	
1.943584	4.958895337275E-04	-6.59347633920937E-06	0	1.43330873246	9690.53515625	
1.94768	5.15796823635156E-04	-6.73061778860625E-06	0	1.43334306467	9690.53515625	
1.951776	5.32216061061094E-04	-6.77441486019375E-06	0	1.33471425472	9690.53515625	
1.955872	5.51285464970625E-04	-6.8502671881875E-06	0	1.46543605164	9690.53515625	
1.959968	5.69776742170625E-04	-7.00696294495312E-06	0	1.46633250379	9638.17578125	
1.964064	5.88128036452344E-04	-7.1377476699375E-06	0	1.45585355036	9638.17578125	
1.96816	6.05999768091094E-04	-7.29891433569375E-06	0	1.55176248634	9638.17578125	
1.972256	6.21748897869687E-04	-7.39124765682187E-06	0	1.5229005418	9638.17578125	
1.976352	6.36988292331875E-04	-7.447332937275E-06	0	1.45279416898	9587.875	
1.980448	6.54742259111875E-04	-7.61509623105E-06	0	1.59520799075	9587.875	
1.984544	6.72289771659688E-04	-7.82723616314062E-06	0	1.53425687393	9587.875	
1.98864	6.88485822734531E-04	-8.00672829134063E-06	0	1.58616336076	9587.875	
1.992736	7.03191435173906E-04	-8.11577794190625E-06	0	1.6600005004	9587.875	
1.996832	7.15783863284531E-04	-8.17708268829375E-06	0	1.57978901377	9538.0546875	
2.000928	7.28757381403906E-04	-8.20329516208125E-06	0	1.59431535329	9538.0546875	
2.005024	7.43928018743594E-04	-8.38737069915937E-06	0	1.6967359651	9538.0546875	
2.00912	7.57467594503125E-04	-8.53753545284062E-06	0	1.63084101004	9538.0546875	
2.013216	7.71448971347656E-04	-8.70300067199062E-06	0	1.72255760171	9538.0546875	
2.017312	7.827764329825E-04	-8.8040710036125E-06	0	1.75192308533	9538.0546875	
2.021408	7.91637049982969E-04	-8.78622222338437E-06	0	1.64435645671	9486.09765625	
2.025504	8.02857261478594E-04	-8.84488754933438E-06	0	1.74758959749	9486.09765625	
2.0296	8.13364483557656E-04	-8.97007708760625E-06	0	1.75064897887	9486.09765625	
2.033696	8.22521981378281E-04	-9.03732990496875E-06	0	1.72578482945	9486.09765625	
2.037792	8.29482634275625E-04	-9.02787534711563E-06	0	1.83579667436	9486.09765625	
2.041888	8.34735879585781E-04	-8.9656169959125E-06	0	1.81784092853	9433.91796875	
2.045984	8.38118327710469E-04	-8.8383632770125E-06	0	1.71946388812	9433.91796875	
2.05008	8.44910562230625E-04	-8.86792887244688E-06	0	1.8713724733	9433.91796875	
2.054176	8.49899293770313E-04	-8.93113073232187E-06	0	1.82084690425	9433.91796875	
2.058272	8.55228976519844E-04	-8.97497203463437E-06	0	1.84242279089	9433.91796875	
2.062368	8.59190282812812E-04	-9.019169826975E-06	0	1.92751708072	9382.6171875	
2.066464	8.60332089921562E-04	-8.9494900889625E-06	0	1.87017466064	9382.6171875	
2.07056	8.62120780862344E-04	-8.866039210875E-06	0	1.85652188513	9382.6171875	
2.074656	8.65687007997969E-04	-8.94172062557812E-06	0	1.95312128	9382.6171875	
2.078752	8.68782541427969E-04	-9.01729987692188E-06	0	1.88126396447	9382.6171875	
2.082848	8.71615115437344E-04	-9.09484114553437E-06	0	1.9627342988	9330.55859375	
2.086944	8.74098235028906E-04	-9.15735550609688E-06	0	2.00189590634	9330.55859375	
2.09104	8.74089823253281E-04	-9.14076537845625E-06	0	1.90650958289	9330.55859375	
2.095136	8.76739258278125E-04	-9.15807762075937E-06	0	1.97307592339	9330.55859375	
2.099232	8.80544763857344E-04	-9.35564833665E-06	0	2.00952910103	9278.55859375	
2.103328	8.83611587531406E-04	-9.46243909524375E-06	0	1.95709237229	9278.55859375	
2.107424	8.8745768907125E-04	-9.62083725415312E-06	0	2.05160894642	9278.55859375	
2.11152	8.88006648863125E-04	-9.64185213698437E-06	0	2.06820666261	9278.55859375	
2.115616	0.00088725361208	-9.5431491106875E-06	0	1.94830714122	9278.55859375	
2.119712	8.89860988226719E-04	-9.61578317266875E-06	0	2.09539395824	9228.45703125	
2.123808	8.92453826630781E-04	-9.76265129503125E-06	0	2.05528630758	9228.45703125	
2.127904	8.95042642011719E-04	-9.90095476249687E-06	0	2.04835883054	9228.45703125	
2.132	8.96814875130625E-04	-9.99253880552812E-06	0	2.14779635477	9228.45703125	
2.136096	8.96680195288281E-04	-1.00104875856563E-05	0	2.0971639744	9178.77734375	
2.140192	8.96265549609375E-04	-9.94361072945625E-06	0	2.0323905382	9178.77734375	
2.144288	8.99174743922812E-04	-1.0110057197625E-05	0	2.16725508846	9178.77734375	
2.148384	8.99272759395312E-04	-1.01772273227625E-05	0	2.10147075941	9178.77734375	
2.15248	9.00051031505312E-04	-1.02295150108594E-05	0	2.13630650849	9178.77734375	
2.156576	8.9869728422375E-04	-1.02250443422531E-05	0	2.20767935839	9178.77734375	
2.160672	8.94786357152187E-04	-1.00737238204969E-05	0	2.10671214347	9126.63671875	
2.164768	8.92907513920469E-04	-9.98692318614375E-06	0	2.15320558519	9126.63671875	
2.168864	8.92217382589844E-04	-1.00756545877969E-05	0	2.21569020739	9126.63671875	
2.17296	8.90693388284219E-04	-1.01055165771656E-05	0	2.15515489178	9126.63671875	
2.177056	8.88816282267031E-04	-1.01143930105969E-05	0	2.25252485403	9074.73828125	
2.181152	8.86233867150156E-04	-1.0106703354825E-05	0	2.26000546112	9074.73828125	
2.185248	8.80884709311406E-04	-9.9554544676125E-06	0	2.14607974427	9074.73828125	
2.189344	8.78968104521719E-04	-9.94093212636562E-06	0	2.24854613236	9074.73828125	
2.19344	8.76014839818594E-04	-1.00042609091906E-05	0	2.25976132096	9074.73828125	
2.197536	8.73228073413438E-04	-9.9970678875375E-06	0	2.21649892167	9023.515625	
2.201632	8.71182640451406E-04	-1.00872512108156E-05	0	2.31588304024	9023.515625	
2.205728	8.66259648766875E-04	-1.00254712245187E-05	0	2.29199926615	9023.515625	
2.209824	8.61167690111094E-04	-9.88829564054062E-06	0	2.1970707055	9023.515625	
2.21392	8.59051305650312E-04	-9.9629006140125E-06	0	2.3401597274	8971.63671875	
2.218016	8.56769794376719E-04	-1.00720221395062E-05	0	2.28392356742	8971.63671875	
2.222112	8.54197802547031E-04	-1.01457898542E-05	0	2.3072389527	8971.63671875	
2.226208	8.50569675714687E-04	-1.01504035515094E-05	0	2.38553927964	8971.63671875	
2.230304	0.00084426724426	-1.0016941906125E-05	0	2.31232011978	8971.63671875	
2.2344	8.38694442908438E-04	-9.83634545210625E-06	0	2.27932686597	8919.63671875	
2.238496	8.3584449675375E-04	-9.9217487320875E-06	0	2.40101929166	8919.63671875	
2.242592	8.31566743119063E-04	-9.91581917070937E-06	0	2.32123123562	8919.63671875	
2.246688	8.29204679950625E-04	-1.00122041704781E-05	0	2.38986132341	8919.63671875	
2.250784	8.24585700809062E-04	-1.00137493612406E-05	0	2.4339629545	8919.63671875	
2.25488	8.18587556194375E-04	-9.87526849010625E-06	0	2.31699311503	8919.63671875	
2.258976	8.15687870844688E-04	-9.8939487598875E-06	0	2.38910601479	8869.87890625	
2.263072	8.13856938161094E-04	-1.00745807907937E-05	0	2.41505353617	8869.87890625	
2.267168	8.11512612867344E-04	-1.01828237113969E-05	0	2.36414268343	8869.87890625	
2.271264	8.08396141430625E-04	-1.02250566018562E-05	0	2.46973711732	8869.87890625	
2.27536	8.04219603400469E-04	-1.0189576348875E-05	0	2.46635730198	8819.9375	
2.279456	7.98482589559531E-04	-1.00328683325062E-05	0	2.34750300565	8819.9375	
2.283552	7.96739066196563E-04	-1.01159372398219E-05	0	2.49334241904	8819.9375	
2.287648	7.93378653266719E-04	-1.01991751373531E-05	0	2.45261297391	8819.9375	
2.291744	7.91288235591562E-04	-1.02615890172469E-05	0	2.44349586481	8819.9375	
2.29584	0.00078860615922	-1.03527278684156E-05	0	2.53110403535	8767.796875	
2.299936	7.83631965422969E-04	-1.02590101736719E-05	0	2.48599914079	8767.796875	
2.304032	7.78627507520156E-04	-1.01068557585187E-05	0	2.40858763662	8767.796875	
2.308128	7.75767686672344E-04	-1.01467561993875E-05	0	2.54959765247	8767.796875	
2.312224	7.71889583812188E-04	-1.01477713426031E-05	0	2.4687910742	8767.796875	
2.31632	7.6813774901875E-04	-1.01346754422375E-05	0	2.51656243707	8715.9765625	
2.320416	7.63987634935938E-04	-1.01171016617344E-05	0	2.58225521356	8715.9765625	
2.324512	7.57504990331719E-04	-9.95865855094688E-06	0	2.49941540552	8715.9765625	
2.328608	7.53184080630781E-04	-9.85896826602187E-06	0	2.51382730434	8715.9765625	
2.332704	7.50197443122187E-04	-9.99296909355937E-06	0	2.58793147228	8664.7578125	
2.3368	7.46691195604063E-04	-1.00140952743562E-05	0	2.51179788926	8664.7578125	
2.340896	7.44594377664844E-04	-1.0157722534575E-05	0	2.59410745539	8664.7578125	
2.344992	7.39670745953906E-04	-1.01102466205125E-05	0	2.62756991607	8664.7578125	
2.349088	7.32700584092813E-04	-9.86377859775E-06	0	2.49241544937	8664.7578125	
2.353184	7.28637239304219E-04	-9.80129404485E-06	0	2.62094761423	8664.7578125	
2.35728	7.25388556698437E-04	-9.8976622177125E-06	0	2.60705069856	8612.69921875	
2.361376	7.22218597340625E-04	-9.96960204961875E-06	0	2.5667141665	8612.69921875	
2.365472	7.18888997110625E-04	-1.00161133011844E-05	0	2.67324319944	8612.69921875	
2.369568	7.14227593361562E-04	-9.97262728697812E-06	0	2.6415202374	8612.69921875	
2.373664	7.09127040065469E-04	-9.80513562754687E-06	0	2.54085819768	8612.69921875	
2.37776	7.08450897883438E-04	-1.00099190766094E-05	0	2.68296302956	8561.1796875	
2.381856	7.05913010317969E-04	-1.01198831493375E-05	0	2.63131975634	8561.1796875	
2.385952	7.04745602152969E-04	-1.02371077917281E-05	0	2.63252901307	8561.1796875	
2.390048	7.01950881133906E-04	-1.02796652010937E-05	0	2.72149521325	8561.1796875	
2.394144	6.97318827167187E-04	-1.01332708763344E-05	0	2.64494582902	8561.1796875	
2.39824	6.9436867116375E-04	-1.0061522630775E-05	0	2.63257097466	8511.359375	
2.402336	6.93754062949063E-04	-1.02637854092812E-05	0	2.73612073471	8511.359375	
2.406432	6.92497142519531E-04	-1.03899194177625E-05	0	2.6574274947	8511.359375	
2.410528	6.91219558380312E-04	-1.04802743754844E-05	0	2.7233453379	8511.359375	
2.414624	6.89482618146094E-04	-1.05211661615156E-05	0	2.76972052423	8511.359375	
2.41872	6.85429056618281E-04	-1.03958847964125E-05	0	2.65095778046	8461.23828125	
2.422816	6.83612753109687E-04	-1.03575509405156E-05	0	2.71660859536	8461.23828125	
2.426912	6.81556348266406E-04	-1.04531167103344E-05	0	2.76829764486	8461.23828125	
2.431008	6.79163015236406E-04	-1.04141967973312E-05	0	2.69608556316	8461.23828125	
2.435104	6.7733884854625E-04	-1.04947262841094E-05	0	2.79801407996	8408.796875	
2.4392	6.72875578686094E-04	-1.03465620091969E-05	0	2.79537431448	8408.796875	
2.443296	6.6753144962625E-04	-1.00864677981375E-05	0	2.67690148715	8408.796875	
2.447392	6.65081428543125E-04	-1.00892221223062E-05	0	2.81568753873	8408.796875	
2.451488	6.6323778676375E-04	-1.02101960397937E-05	0	2.77769704102	8408.796875	
2.455584	6.61407128377187E-04	-1.03115430538312E-05	0	2.7729744548	8357.13671875	
2.45968	6.588234332075E-04	-1.03262891929312E-05	0	2.8660910377	8357.13671875	
2.463776	6.54348460007344E-04	-1.02095205597E-05	0	2.81476438375	8357.13671875	
2.467872	6.49048035607813E-04	-9.944795824425E-06	0	2.73656705344	8357.13671875	
2.471968	6.47137373920469E-04	-1.005460917615E-05	0	2.87485719532	8357.140625	
2.476064	6.43316690572187E-04	-1.00226762753906E-05	0	2.80170669988	8305.91796875	
2.48016	6.41780261467812E-04	-1.01304422733938E-05	0	2.84735709511	8305.91796875	
2.484256	6.37623198526875E-04	-1.00961858172656E-05	0	2.90785807851	8305.91796875	
2.488352	6.31624231021094E-04	-9.82889666147812E-06	0	2.81251753134	8305.91796875	
2.492448	6.27878796491719E-04	-9.73221358508437E-06	0	2.83075556423	8305.91796875	
2.496544	6.25928178870156E-04	-9.887895881325E-06	0	2.90854090802	8305.91796875	
2.50064	6.23585865087969E-04	-9.98846765575312E-06	0	2.83096537218	8253.66015625	
2.504736	6.20186959141406E-04	-9.96545541915E-06	0	2.93051352242	8253.66015625	
2.508832	6.15756147763281E-04	-9.83083488069375E-06	0	2.94721804993	8253.66015625	
2.512928	6.09295081192187E-04	-9.53687940541875E-06	0	2.82858119093	8253.66015625	
2.517024	6.06694836768281E-04	-9.53434599449062E-06	0	2.91925637223	8202.5390625	
2.52112	6.03577633872813E-04	-9.64319540487187E-06	0	2.93256582564	8202.5390625	
2.525216	6.00987447006719E-04	-9.6611259157875E-06	0	2.89751645392	8202.5390625	
2.529312	5.98992484698438E-04	-9.78999573884063E-06	0	2.98895457322	8202.5390625	
2.533408	5.9457867973625E-04	-9.68158502994375E-06	0	2.97225767509	8202.5390625	
2.537504	5.89836449795312E-04	-9.47152778807812E-06	0	2.86211994541	8152.73828125	
2.5416	5.87851087883125E-04	-9.56517240597187E-06	0	3.01179312225	8152.73828125	
2.545696	5.85191778165156E-04	-9.62788628556562E-06	0	2.94598590506	8152.73828125	
2.549792	5.8262664376125E-04	-9.64419660579375E-06	0	2.96295364618	8152.73828125	
2.553888	5.79732444352188E-04	-9.6377240161125E-06	0	3.04997435446	8152.73828125	
2.557984	5.74830207809687E-04	-9.47457850618125E-06	0	2.98672297957	8102.51953125	
2.56208	5.70800510123594E-04	-9.28588999294687E-06	0	2.95612153639	8102.51953125	
2.566176	5.69741632150625E-04	-9.51171620942812E-06	0	3.0607546684	8102.51953125	
2.570272	5.67309531806875E-04	-9.54119430495E-06	0	2.98569301327	8102.51953125	
2.574368	5.66976900940312E-04	-9.73522055323125E-06	0	3.04451171838	8102.51953125	
2.578464	5.64116165769062E-04	-9.72740878219687E-06	0	3.09774571733	8102.51953125	
2.58256	5.58652443203594E-04	-9.39673339171875E-06	0	2.96850020544	8049.9609375	
2.586656	5.55450482525469E-04	-9.25540685035312E-06	0	3.06504619465	8049.9609375	
2.590752	5.53287559001719E-04	-9.33889811301562E-06	0	3.080362175	8049.9609375	
2.594848	5.51202901564219E-04	-9.39671199750937E-06	0	3.02104756019	8049.9609375	
2.598944	5.48140649507344E-04	-9.35990049585937E-06	0	3.12975096643	7998.37890625	
2.60304	5.441189978675E-04	-9.23290663246875E-06	0	3.13229536466	7998.37890625	
2.607136	5.38254070177656E-04	-8.9165208911625E-06	0	3.00504112095	7998.37890625	
2.611232	5.36851315159844E-04	-9.01353401530312E-06	0	3.14064190638	7998.37890625	
2.615328	5.34067108860313E-04	-9.12064304280938E-06	0	3.11561372529	7998.37890625	
2.619424	5.31710897361875E-04	-9.09835484394375E-06	0	3.09142859069	7947.1015625	
2.62352	5.28486078597813E-04	-9.1076264692875E-06	0	3.18746341144	7947.1015625	
2.627616	5.2250366034625E-04	-8.78877967275E-06	0	3.13256620765	7947.1015625	
2.631712	5.17021194150312E-04	-8.50405471709062E-06	0	3.08112129831	7947.1015625	
2.635808	5.14159270358594E-04	-8.5619962456875E-06	0	3.20750960739	7947.1015625	
2.639904	5.11244041510469E-04	-8.63100627283125E-06	0	3.13311170832	7894.6796875	
2.644	5.08029371736562E-04	-8.62514353830937E-06	0	3.18054737847	7894.6796875	
2.648096	5.05124657607969E-04	-8.63493920159062E-06	0	3.24141457211	7894.6796875	
2.652192	5.00049156774063E-04	-8.4799059431625E-06	0	3.15232630185	7894.6796875	
2.656288	4.96616146563281E-04	-8.32239023529375E-06	0	3.16373985433	7894.6796875	
2.660384	4.94973198778438E-04	-8.544843378225E-06	0	3.24965430251	7844	
2.66448	4.91792450404062E-04	-8.47396340102812E-06	0	3.17482152878	7844	
2.668576	4.90616630463437E-04	-8.62488752895E-06	0	3.26431797087	7844	
2.672672	4.86258964960312E-04	-8.46441220865625E-06	0	3.28403991817	7844	
2.676768	4.80772750038281E-04	-8.15238487645313E-06	0	3.16608207399	7844	
2.680864	4.78396057694844E-04	-8.14204594448437E-06	0	3.27753587172	7794.22265625	
2.68496	4.7713127408375E-04	-8.32579888573125E-06	0	3.27628083871	7794.22265625	
2.689056	4.75773595211406E-04	-8.43062450205937E-06	0	3.24336006401	7794.22265625	
2.693152	4.74095628838906E-04	-8.46535667886562E-06	0	3.34128315631	7794.22265625	
2.697248	4.70674779129844E-04	-8.35997577463125E-06	0	3.31503427442	7743.859375	
2.701344	4.65334033066719E-04	-7.9814150955E-06	0	3.20901259525	7743.859375	
2.70544	4.640681522675E-04	-8.07177221668125E-06	0	3.3506711084	7743.859375	
2.709536	4.60723008539062E-04	-8.03741912603437E-06	0	3.31028117068	7743.859375	
2.713632	4.5883310199375E-04	-8.05531357929375E-06	0	3.31550348129	7743.859375	
2.717728	4.5563223850375E-04	-8.01743453063437E-06	0	3.3950359531	7743.859375	
2.721824	4.49887544345938E-04	-7.67831708129062E-06	0	3.32745109037	7691.2421875	
2.72592	4.45769523015781E-04	-7.4631704214375E-06	0	3.3024915737	7691.2421875	
2.730016	4.44340618347656E-04	-7.66353776914688E-06	0	3.40801352848	7691.2421875	
2.734112	4.42112229265781E-04	-7.73612567732812E-06	0	3.33329138076	7691.2421875	
2.738208	4.39272614965937E-04	-7.68909375320625E-06	0	3.41064947927	7691.2421875	
2.742304	4.35915127871094E-04	-7.59645322084687E-06	0	3.4485179069	7639.8203125	
2.7464	4.29823173671719E-04	-7.2639148514625E-06	0	3.34358722907	7639.8203125	
2.750496	4.26893315648594E-04	-7.1520899632875E-06	0	3.39455530216	7639.8203125	
2.754592	4.24590866368281E-04	-7.30618428034687E-06	0	3.44681655516	7639.8203125	
2.758688	4.21691363883281E-04	-7.23319324756875E-06	0	3.39080546189	7639.8203125	
2.762784	4.20664212933594E-04	-7.42001181075E-06	0	3.47952752191	7588.359375	
2.76688	4.16858158760313E-04	-7.30282010101875E-06	0	3.48706153466	7588.359375	
2.770976	4.12266426457187E-04	-7.01736437685937E-06	0	3.36868025989	7588.359375	
2.775072	4.10668280520781E-04	-7.07576167423125E-06	0	3.5093622124	7588.359375	
2.779168	4.09096924261094E-04	-7.1906774247E-06	0	3.46726329356	7535.9609375	
2.783264	4.06822636142656E-04	-7.18736156263125E-06	0	3.45911130103	7535.9609375	
2.78736	4.04622225357969E-04	-7.16081158918125E-06	0	3.55701150519	7535.9609375	
2.791456	4.00327556739688E-04	-6.9705343756125E-06	0	3.5207299886	7535.9609375	
2.795552	3.95542262164844E-04	-6.6158318457E-06	0	3.44889174652	7535.9609375	
2.799648	3.95148188763281E-04	-6.8439345022125E-06	0	3.57539068161	7485.62109375	
2.803744	3.92755404327344E-04	-6.85853617030312E-06	0	3.51331804593	7485.62109375	
2.80784	3.92941926308594E-04	-7.0331391207E-06	0	3.54447261916	7485.62109375	
2.811936	3.91114193757031E-04	-7.07088908295E-06	0	3.6133888087	7485.62109375	
2.816032	3.86545136675156E-04	-6.73753412784375E-06	0	3.5281686341	7435.48046875	
2.820128	3.83854282798594E-04	-6.5774693840625E-06	0	3.55625238188	7435.48046875	
2.824224	3.830985944775E-04	-6.74642618625937E-06	0	3.61639859911	7435.48046875	
2.82832	3.81587857861719E-04	-6.793472052675E-06	0	3.54761210903	7435.48046875	
2.832416	3.79569854602813E-04	-6.74244638254687E-06	0	3.64017937657	7435.48046875	
2.836512	3.76744595180938E-04	-6.62274193494375E-06	0	3.66880481033	7384.921875	
2.840608	0.00037148741828	-6.25290167978437E-06	0	3.54733363666	7384.921875	
2.844704	3.70754039450781E-04	-6.318987911775E-06	0	3.65161581719	7384.921875	
2.8488	3.69517965595625E-04	-6.5247809752125E-06	0	3.66812579551	7384.921875	
2.852896	3.67881418074844E-04	-6.47710914788437E-06	0	3.62145306336	7384.921875	
2.856992	3.66919366953906E-04	-6.58342827233437E-06	0	3.7156606476	7332.34375	
2.861088	3.6261116634875E-04	-6.304722541425E-06	0	3.69655286539	7332.34375	
2.865184	3.57923155787656E-04	-5.92678325590312E-06	0	3.60540084784	7332.34375	
2.86928	3.56475507489062E-04	-5.99501299536562E-06	0	3.7515950274	7332.34375	
2.873376	3.54429251635937E-04	-6.05027808433125E-06	0	3.69094908578	7332.34375	
2.877472	3.52043964652188E-04	-6.0159199456125E-06	0	3.69820844085	7332.34375	
2.881568	3.50050739558438E-04	-6.00875865469687E-06	0	3.79845467936	7281.0234375	
2.885664	3.46161116222969E-04	-5.84998477500937E-06	0	3.7226415303	7281.0234375	
2.88976	3.42761844547031E-04	-5.61457683734062E-06	0	3.6908270157	7281.0234375	
2.893856	3.42106731804063E-04	-5.82902085366562E-06	0	3.81747853839	7281.0234375	
2.897952	3.38943904169063E-04	-5.70763515774375E-06	0	3.74264957935	7229.3828125	
2.902048	3.37795879660938E-04	-5.75726683888125E-06	0	3.79384271915	7229.3828125	
2.906144	3.34373841331406E-04	-5.64759363124687E-06	0	3.86170605425	7229.3828125	
2.91024	3.28080278814063E-04	-5.16824266829062E-06	0	3.74006703422	7229.3828125	
2.914336	3.25001294638281E-04	-5.02160675723438E-06	0	3.8225864083	7229.3828125	
2.918432	3.23643067171875E-04	-5.2046717184E-06	0	3.86102322474	7229.3828125	
2.922528	3.22310989355781E-04	-5.32327184018437E-06	0	3.79142802038	7176.82421875	
2.926624	3.20970408331719E-04	-5.38815735222188E-06	0	3.91275042114	7176.82421875	
2.93072	3.18840126154687E-04	-5.36668742176875E-06	0	3.90473194276	7176.82421875	
2.934816	3.14319893944375E-04	-5.04965504649375E-06	0	3.78407711275	7176.82421875	
2.938912	3.14482552083906E-04	-5.20262003775937E-06	0	3.91609208958	7176.82421875	
2.943008	3.13367077490156E-04	-5.36015113022812E-06	0	3.91400545415	7126.82421875	
2.947104	3.12775327361406E-04	-5.36420785694062E-06	0	3.88424324277	7126.82421875	
2.9512	3.12608097604687E-04	-5.52241106412187E-06	0	3.98634723531	7126.82421875	
2.955296	3.08962964356406E-04	-5.24123850875625E-06	0	3.94602596201	7126.82421875	
2.959392	3.06662892317031E-04	-5.03358775486875E-06	0	3.867332722	7076.68359375	
2.963488	3.07336931555156E-04	-5.26750218441562E-06	0	4.01397703498	7076.68359375	
2.967584	3.07445644611875E-04	-5.4168638139E-06	0	3.93970120599	7076.68359375	
2.97168	3.07102590458125E-04	-5.44551979485937E-06	0	3.99168398662	7076.68359375	
2.975776	3.06610501584063E-04	-5.45013060755625E-06	0	4.0623778217	7076.68359375	
2.979872	3.03112391544531E-04	-5.1743438641125E-06	0	3.97408300696	7025.74609375	
2.983968	3.01175305909844E-04	-4.94653615922813E-06	0	3.9680023911	7025.74609375	
2.988064	3.01420436023438E-04	-5.173569826425E-06	0	4.07659898602	7025.74609375	
2.99216	2.99501819722188E-04	-5.0537334078E-06	0	3.99782563752	7025.74609375	
2.996256	0.00030010289595	-5.20912676202187E-06	0	4.0842359954	6973.1640625	
3.000352	2.97927903356875E-04	-5.11358358833437E-06	0	4.12178398907	6973.1640625	
3.004448	2.94276004115156E-04	-4.77649906965E-06	0	4.00257874126	6973.1640625	
3.008544	2.93710860798438E-04	-4.79291660130937E-06	0	4.10425167383	6973.1640625	
3.01264	2.9376919463375E-04	-4.98875775162187E-06	0	4.1137998429	6973.1640625	
3.016736	2.92497827893906E-04	-4.95918422350312E-06	0	4.07332216731	6922.04296875	
3.020832	2.91447453128906E-04	-4.92313498070625E-06	0	4.18863643132	6922.04296875	
3.024928	2.88623199462812E-04	-4.76452552393125E-06	0	4.17489210325	6922.04296875	
3.029024	2.83941497733437E-04	-4.33160071647188E-06	0	4.06319035067	6922.04296875	
3.03312	2.84148043397969E-04	-4.50019405749375E-06	0	4.21249731727	6922.04296875	
3.037216	2.82051134026406E-04	-4.51917072120937E-06	0	4.1702572549	6922.04296875	
3.041312	2.82191756971094E-04	-4.60264996465312E-06	0	4.16880385801	6870.32421875	
3.045408	2.81751053074219E-04	-4.75513298524687E-06	0	4.25991391397	6870.32421875	
3.049504	2.780055271125E-04	-4.45410083435625E-06	0	4.20777854574	6870.32421875	
3.0536	2.75160609736719E-04	-4.19507200684687E-06	0	4.17716947318	6870.32421875	
3.057696	2.75340914318594E-04	-4.3905504171375E-06	0	4.28140206274	6818.10546875	
3.061792	2.74275178919844E-04	-4.44976694445937E-06	0	4.21038016432	6818.10546875	
3.065888	2.73022007216406E-04	-4.40763934235625E-06	0	4.28239006745	6818.10546875	
3.069984	2.716945010175E-04	-4.39442228826562E-06	0	4.33261809068	6818.10546875	
3.07408	2.67217790602812E-04	-4.05662623183125E-06	0	4.23442797008	6818.10546875	
3.078176	2.66253270808594E-04	-3.9848469766875E-06	0	4.28969138411	6818.10546875	
3.082272	2.66628692012031E-04	-4.28864691327187E-06	0	4.34984523072	6768.56640625	
3.086368	2.6553927563625E-04	-4.24017725020312E-06	0	4.28715080057	6768.56640625	
3.090464	2.66680717015625E-04	-4.47154192268437E-06	0	4.3703758923	6768.56640625	
3.09456	2.64133594783438E-04	-4.31399977253437E-06	0	4.39075396628	6768.56640625	
3.098656	2.60169728384844E-04	-3.91289055825937E-06	0	4.27703424269	6718.10546875	
3.102752	2.59650941266406E-04	-3.94584653491875E-06	0	4.41253584618	6718.10546875	
3.106848	2.59163972603594E-04	-4.07428775263125E-06	0	4.38748096226	6718.10546875	
3.110944	2.58447965919687E-04	-4.09926152573438E-06	0	4.36505439975	6718.10546875	
3.11504	2.58368236915937E-04	-4.17143260740938E-06	0	4.47523027633	6718.10546875	
3.119136	2.56598289605625E-04	-4.10683411431562E-06	0	4.44233620446	6666.90625	
3.123232	0.00025383374126	-3.80007192107812E-06	0	4.35962228119	6666.90625	
3.127328	2.55853207436406E-04	-4.11381511695E-06	0	4.50565242908	6666.90625	
3.131424	2.54910631404688E-04	-4.13081509995E-06	0	4.44929419902	6666.90625	
3.13552	2.56259349907344E-04	-4.246832291625E-06	0	4.46611698192	6666.90625	
3.139616	2.55848452954531E-04	-4.30172959249688E-06	0	4.55790986739	6614.42578125	
3.143712	2.52037461434687E-04	-3.90297181817812E-06	0	4.47144991854	6614.42578125	
3.147808	2.5013914311375E-04	-3.68286410559375E-06	0	4.48586181736	6614.42578125	
3.151904	2.50653084317969E-04	-3.88336510701562E-06	0	4.57588087198	6614.42578125	
3.156	2.50103575932031E-04	-3.93479582481563E-06	0	4.50548458272	6614.42578125	
3.160096	2.49879566689844E-04	-3.95819147449687E-06	0	4.60130196614	6563.28515625	
3.164192	0.000248839340915	-3.94789196556562E-06	0	4.62886310139	6563.28515625	
3.168288	2.44352755807187E-04	-3.53849790380625E-06	0	4.51508997214	6563.28515625	
3.172384	2.43966271290156E-04	-3.51042990302812E-06	0	4.59963113192	6563.28515625	
3.17648	2.43146580328438E-04	-3.66008047453125E-06	0	4.64317581827	6511.328125	
3.180576	2.41386782008281E-04	-3.53279670758437E-06	0	4.58848079305	6511.328125	
3.184672	2.40664283627969E-04	-3.58890362263125E-06	0	4.69368994325	6511.328125	
3.188768	2.36618402417031E-04	-3.31103587165312E-06	0	4.69142783208	6511.328125	
3.192864	2.32020361282188E-04	-2.89750166980312E-06	0	4.58344921694	6511.328125	
3.19696	2.32058305704844E-04	-3.072671927325E-06	0	4.72824340527	6459.328125	
3.201056	2.31270158901719E-04	-3.24180108511875E-06	0	4.68154397029	6459.328125	
3.205152	2.30017718657031E-04	-3.22608307199063E-06	0	4.69456732195	6459.328125	
3.209248	2.29135487972187E-04	-3.2671351944E-06	0	4.7931961319	6459.328125	
3.213344	2.25434489561875E-04	-3.04289335133438E-06	0	4.73679212556	6459.328125	
3.21744	2.21711090227344E-04	-2.69765235042187E-06	0	4.68130745951	6409.96875	
3.221536	2.2171758192375E-04	-2.89809325575E-06	0	4.82351147333	6409.96875	
3.225632	2.19246622833906E-04	-2.83122144762187E-06	0	4.7487549934	6409.96875	
3.229728	2.1884294903625E-04	-2.89409590397812E-06	0	4.81036986628	6409.96875	
3.233824	2.17336966902344E-04	-2.9316172606875E-06	0	4.87548662458	6409.96875	
3.23792	2.12669162889219E-04	-2.57541809765625E-06	0	4.78166050934	6359.4453125	
3.242016	2.11205513930469E-04	-2.47731603229688E-06	0	4.81950604883	6359.4453125	
3.246112	2.11986711875469E-04	-2.78907557630625E-06	0	4.88498520268	6359.4453125	
3.250208	2.110331639625E-04	-2.81753612476875E-06	0	4.82510982844	6359.4453125	
3.254304	2.11152117441719E-04	-2.89475455716562E-06	0	4.93357290921	6359.4453125	
3.2584	2.0974360218625E-04	-2.8706115524625E-06	0	4.94808017528	6308.0859375	
3.262496	2.05265154557031E-04	-2.45932975220625E-06	0	4.83578333106	6308.0859375	
3.266592	2.05595408182656E-04	-2.52552704177812E-06	0	4.9604702884	6308.0859375	
3.270688	2.05240284959531E-04	-2.70963911728125E-06	0	4.95862016375	6308.0859375	
3.274784	2.04860840732969E-04	-2.69304009541875E-06	0	4.92924705075	6256.0703125	
3.27888	2.06011608211406E-04	-2.90931367722188E-06	0	5.03224368075	6256.0703125	
3.282976	2.03582616567344E-04	-2.73935759717812E-06	0	5.01796529608	6256.0703125	
3.287072	2.00589853091719E-04	-2.40020120556562E-06	0	4.92921653323	6256.0703125	
3.291168	2.01419327314219E-04	-2.56782002833125E-06	0	5.07401072156	6256.0703125	
3.295264	2.00984749384375E-04	-2.65329686593125E-06	0	5.01264380353	6204.80859375	
3.29936	2.00221106449375E-04	-2.612107003275E-06	0	5.04841415166	6204.80859375	
3.303456	0.000199556576175	-2.60811349765312E-06	0	5.13024306685	6204.80859375	
3.307552	1.95621785261719E-04	-2.31647797198125E-06	0	5.05471220485	6204.80859375	
3.311648	1.93394676232656E-04	-2.0596873633875E-06	0	5.05756177828	6204.80859375	
3.315744	1.949439972975E-04	-2.41018821480937E-06	0	5.16002435168	6204.80859375	
3.31984	1.9368661970625E-04	-2.39159544494062E-06	0	5.09786397813	6152.62890625	
3.323936	1.94643824912969E-04	-2.5209195944625E-06	0	5.16182107067	6152.62890625	
3.328032	1.93192062158906E-04	-2.48508261106875E-06	0	5.21587904266	6152.62890625	
3.332128	1.88838876840625E-04	-2.06896307526562E-06	0	5.1020334343	6152.62890625	
3.336224	1.87926747779375E-04	-1.99896482795625E-06	0	5.20713577318	6100.8671875	
3.34032	1.87722762220469E-04	-2.16154375191562E-06	0	5.22676616792	6100.8671875	
3.344416	1.85762452770469E-04	-2.07610441427813E-06	0	5.18084111501	6100.8671875	
3.348512	1.84732924579844E-04	-2.03630733869063E-06	0	5.29160826854	6100.8671875	
3.352608	1.82523187696094E-04	-1.97408672783438E-06	0	5.28865188379	6100.8671875	
3.356704	1.78246531249531E-04	-1.61517867328125E-06	0	5.18896640471	6051.75	
3.3608	1.79340153513125E-04	-1.820338564275E-06	0	5.32551704795	6051.75	
3.364896	1.78348112583437E-04	-1.93992955045313E-06	0	5.30565395712	6051.75	
3.368992	1.78049128819375E-04	-1.92980143558125E-06	0	5.29075759267	6051.75	
3.373088	1.78218827249375E-04	-2.0743873486875E-06	0	5.39302561688	6051.75	
3.377184	1.74368611254062E-04	-1.78906215324375E-06	0	5.34295399594	6000.7890625	
3.38128	1.71400077349531E-04	-1.4860956292875E-06	0	5.30563488367	6000.7890625	
3.385376	1.72171309169062E-04	-1.69862065714687E-06	0	5.43250765838	6000.7890625	
3.389472	1.71639538657812E-04	-1.79585757914062E-06	0	5.37221648293	6000.7890625	
3.393568	1.71314862405156E-04	-1.81276789876875E-06	0	5.43556703976	6000.7890625	
3.397664	1.71322908451406E-04	-1.89883223578125E-06	0	5.49456884999	5949.12890625	
3.40176	1.67930951362969E-04	-1.65421421116875E-06	0	5.40711708174	5949.12890625	
3.405856	1.67339384098906E-04	-1.54629244409062E-06	0	5.44191086923	5949.12890625	
3.409952	1.68530656105625E-04	-1.8282914409375E-06	0	5.52920623519	5949.12890625	
3.414048	1.6715075917375E-04	-1.73271725766562E-06	0	5.45954236641	5949.12890625	
3.418144	1.68257364830156E-04	-1.85880054504375E-06	0	5.55656900656	5897.171875	
3.42224	1.66434295328125E-04	-1.77869677899375E-06	0	5.58467564248	5897.171875	
3.426336	0.000162515505075	-1.39445990361562E-06	0	5.47350413181	5897.171875	
3.430432	1.629909532625E-04	-1.45485311245312E-06	0	5.59652406962	5897.171875	
3.434528	0.000163925757545	-1.697096379825E-06	0	5.59949571313	5846.0703125	
3.438624	1.63692879365469E-04	-1.70989492471875E-06	0	5.57502066209	5846.0703125	
3.44272	1.64657124862656E-04	-1.81249097596875E-06	0	5.68494095444	5846.0703125	
3.446816	1.62972301064375E-04	-1.73047783682812E-06	0	5.66476887372	5846.0703125	
3.450912	1.59368220938438E-04	-1.33600299091875E-06	0	5.57017982048	5846.0703125	
3.455008	1.60576590793438E-04	-1.4945600439E-06	0	5.72409111791	5846.0703125	
3.459104	1.58702136314219E-04	-1.45520864094375E-06	0	5.67712465463	5793.671875	
3.4632	1.58204744364219E-04	-1.40722575623437E-06	0	5.70642528852	5793.671875	
3.467296	1.57070617572344E-04	-1.42528823817187E-06	0	5.79385035394	5793.671875	
3.471392	1.52386721466719E-04	-1.07765733580312E-06	0	5.73159079845	5793.671875	
3.475488	1.49722382969844E-04	-8.40904207171875E-07	0	5.71869333156	5742.39453125	
3.479584	1.50491420413125E-04	-1.09431597299062E-06	0	5.82697330721	5742.39453125	
3.48368	1.49062241447969E-04	-1.12473709641562E-06	0	5.76463745792	5742.39453125	
3.487776	1.47900319223594E-04	-1.08007920838125E-06	0	5.84995681446	5742.39453125	
3.491872	1.46174350870625E-04	-1.06002538228125E-06	0	5.89513418813	5742.39453125	
3.495968	1.405059112875E-04	-6.50835647240625E-07	0	5.80175439162	5693.19140625	
3.500064	1.39201628903906E-04	-5.6447587783125E-07	0	5.8886606592	5693.19140625	
3.50416	1.38271030509219E-04	-7.4469973606875E-07	0	5.92674652416	5693.19140625	
3.508256	1.35881903367031E-04	-6.3182004125625E-07	0	5.88008905077	5693.19140625	
3.512352	1.35809671815469E-04	-7.5959683655625E-07	0	5.98186879466	5693.19140625	
3.516448	1.32835194808594E-04	-6.74614469615625E-07	0	5.99987794615	5642.0546875	
3.520544	1.28448362387812E-04	-3.409852359375E-07	0	5.89102195231	5642.0546875	
3.52464	1.28449825305312E-04	-4.49333444896875E-07	0	6.04261773291	5642.0546875	
3.528736	1.27309572546406E-04	-5.654917422E-07	0	6.00526428843	5642.0546875	
3.532832	1.24954641100781E-04	-4.4747887944375E-07	0	6.00484467253	5642.0546875	
3.536928	1.23869247748125E-04	-4.67833426396875E-07	0	6.11263636786	5590.171875	
3.541024	1.19088524790469E-04	-2.35209380175E-07	0	6.08228287953	5590.171875	
3.54512	1.14442390242812E-04	1.321690986E-07	0	6.0295371609	5590.171875	
3.549216	1.14403897226094E-04	-6.3767243925E-08	0	6.16281861481	5590.171875	
3.553312	1.11643920497656E-04	-4.707639523125E-08	0	6.10700970011	5590.171875	
3.557408	1.10987984863594E-04	-8.9113612809375E-08	0	6.15339633051	5538.4140625	
3.561504	1.09693028579062E-04	-1.808142422625E-07	0	6.23119311837	5538.4140625	
3.5656	1.04242929432813E-04	1.4468014378125E-07	0	6.13850378075	5538.4140625	
3.569696	1.01407612453125E-04	3.3950350665E-07	0	6.20040857007	5538.4140625	
3.573792	1.00626688805156E-04	1.7589597795E-07	0	6.26498364239	5538.4140625	
3.577888	9.71713691025E-05	2.85424474190625E-07	0	6.20713386854	5487.15625	
3.581984	9.52251402334375E-05	3.30554717521875E-07	0	6.31361331051	5487.15625	
3.58608	9.19753604395312E-05	3.81072455465625E-07	0	6.33851942152	5487.15625	
3.590176	8.57102333810938E-05	7.55394677296875E-07	0	6.23455004557	5487.15625	
3.594272	8.44994862851562E-05	7.390809916875E-07	0	6.35464793084	5487.15625	
3.598368	8.2338482840625E-05	6.11821263178125E-07	0	6.37117698261	5434.85546875	
3.602464	7.93275243285937E-05	7.25686053159375E-07	0	6.33435759473	5434.85546875	
3.60656	7.80685009551562E-05	6.36042873571875E-07	0	6.45302497125	5434.85546875	
3.610656	7.25232207390625E-05	8.53389771609375E-07	0	6.43487086154	5434.85546875	
3.614752	6.60549310128125E-05	1.27298310201562E-06	0	6.36238412216	5434.85546875	
3.618848	6.43752274257812E-05	1.20853292608125E-06	0	6.51119517906	5434.85546875	
3.622944	6.05997116553125E-05	1.20530408315625E-06	0	6.46393498465	5383.85546875	
3.62704	5.69446122815625E-05	1.32239747567812E-06	0	6.48918823245	5383.85546875	
3.631136	5.44557324523438E-05	1.27595281058437E-06	0	6.58716473041	5383.85546875	
3.635232	4.80095693532813E-05	1.52249511211875E-06	0	6.52685066682	5383.85546875	
3.639328	4.3370017934375E-05	1.77140423820937E-06	0	6.51510142162	5334.4765625	
3.643424	4.19348044345313E-05	1.5828589940625E-06	0	6.64317963837	5334.4765625	
3.64752	3.70100755354687E-05	1.70181320203125E-06	0	6.57409560247	5334.4765625	
3.651616	3.42339152821875E-05	1.74321243947812E-06	0	6.65939207087	5334.4765625	
3.655712	2.99415324725E-05	1.78216047745312E-06	0	6.71206912508	5334.4765625	
3.659808	2.15325912501562E-05	2.22546291876562E-06	0	6.6121929115	5283.17578125	
3.663904	1.76328189245312E-05	2.36635220095312E-06	0	6.70459614737	5283.17578125	
3.668	1.46160087425E-05	2.23326579557813E-06	0	6.74868633439	5283.17578125	
3.672096	0.000009710846365	2.34609621159375E-06	0	6.70566044588	5283.17578125	
3.676192	7.229372555625E-06	2.30494769505E-06	0	6.82641064314	5231.23828125	
3.680288	2.33765073265625E-06	2.35279812796875E-06	0	6.8323768183	5231.23828125	
3.684384	-5.39386825484375E-06	2.76316622721563E-06	0	6.73152022939	5231.23828125	
3.68848	-7.54234546828125E-06	2.71606867815938E-06	0	6.86942508758	5231.23828125	
3.692576	-1.20040609785938E-05	2.68680356319375E-06	0	6.85707693605	5231.23828125	
3.696672	-1.66312690310937E-05	2.848418305425E-06	0	6.86375645824	5179.67578125	
3.700768	-1.95964199389063E-05	2.7889962494625E-06	0	6.96608551749	5179.67578125	
3.704864	-2.7567583099375E-05	3.09158200456875E-06	0	6.93876470771	5179.67578125	
3.70896	-3.44858113892188E-05	3.4703763373125E-06	0	6.88337540891	5179.67578125	
3.713056	-3.6626699718125E-05	3.312129380175E-06	0	7.02747913835	5179.67578125	
3.717152	-4.17318246314062E-05	3.33829041170625E-06	0	6.96933563337	5179.67578125	
3.721248	-4.64145321165625E-05	3.46800013776562E-06	0	7.03785890984	5179.67578125	
3.725344	-5.08683844453125E-05	3.48575204309062E-06	0	7.10456639387	5128.35546875	
3.72944	-6.03543072446875E-05	3.90552277716562E-06	0	7.0389041349	5128.35546875	
3.733536	-6.65973076759375E-05	4.19400277714687E-06	0	7.05854215902	5128.35546875	
3.737632	-7.10530800839062E-05	4.1085372376125E-06	0	7.15793009228	5128.35546875	
3.741728	-7.875689507125E-05	4.35505357763437E-06	0	7.10355168633	5076.015625	
3.745824	-8.31959353603125E-05	4.39608478660312E-06	0	7.19889604819	5076.015625	
3.74992	-8.9903960691875E-05	4.46916043468125E-06	0	7.24161294681	5076.015625	
3.754016	-1.00258582189219E-04	4.95663470682187E-06	0	7.14215634913	5076.015625	
3.758112	-1.05192271457969E-04	5.03272068842813E-06	0	7.27411029092	5076.015625	
3.762208	-1.10857510909062E-04	4.9787488674E-06	0	7.26886890686	5025.4765625	
3.766304	-1.18239941208125E-04	5.21281089295312E-06	0	7.24934913813	5025.4765625	
3.7704	-1.22997806079844E-04	5.22271232535937E-06	0	7.36911896006	5025.4765625	
3.774496	-1.31783539990781E-04	5.44145008739062E-06	0	7.36592224984	5025.4765625	
3.778592	-1.41672679426094E-04	5.9255123437125E-06	0	7.2848753461	4976.12109375	
3.782688	-1.45958296242344E-04	5.85500159691563E-06	0	7.43687929853	4976.12109375	
3.786784	-1.53151918751563E-04	5.9185950429375E-06	0	7.39975473545	4976.12109375	
3.79088	-1.59263805201875E-04	6.0760785393E-06	0	7.4274684583	4976.12109375	
3.794976	-1.63825913425625E-04	5.99204064256875E-06	0	7.52201936464	4924.4609375	
3.799072	-1.74312837524375E-04	6.38137583015625E-06	0	7.46206388191	4924.4609375	
3.803168	-1.82467413966406E-04	6.76267160270625E-06	0	7.47727686563	4924.4609375	
3.807264	-1.870149844475E-04	6.64674743978437E-06	0	7.58490834398	4924.4609375	
3.81136	-1.95440017762344E-04	6.85828304555625E-06	0	7.52518174265	4924.4609375	
3.815456	-2.02166238130312E-04	7.04091435330937E-06	0	7.61500624808	4924.4609375	
3.819552	-2.09739670595469E-04	7.15083371454375E-06	0	7.6698538609	4872.5390625	
3.823648	-2.21959877634688E-04	7.72365117057187E-06	0	7.58508000503	4872.5390625	
3.827744	-2.28894563746406E-04	7.92614423730937E-06	0	7.66856068099	4872.5390625	
3.83184	-2.35485555677969E-04	7.8522008016375E-06	0	7.73090415966	4872.5390625	
3.835936	-2.44891749473594E-04	8.16506443108125E-06	0	7.6869436721	4872.5390625	
3.840032	-2.50935518827813E-04	8.22350956494375E-06	0	7.79007000156	4821.0390625	
3.844128	-2.60506656571563E-04	8.41725384235312E-06	0	7.81474341648	4821.0390625	
3.848224	-2.73040202252812E-04	9.05901281597812E-06	0	7.72218759301	4821.0390625	
3.85232	-2.79245075396719E-04	9.10309714689375E-06	0	7.8727190751	4821.0390625	
3.856416	-2.88142356767031E-04	9.19274224955625E-06	0	7.85493117563	4821.0390625	
3.860512	-2.976700641475E-04	9.53583036800625E-06	0	7.85850172547	4769.48046875	
3.864608	-3.04326155907812E-04	9.55426808995312E-06	0	7.97343833517	4769.48046875	
3.868704	-3.15804480909844E-04	9.89295957818437E-06	0	7.9509202201	4769.48046875	
3.8728	-3.2613185556875E-04	1.03524985417219E-05	0	7.89926550281	4769.48046875	
3.876896	-3.31848845726406E-04	1.02410777396812E-05	0	8.04695122616	4717.14453125	
3.880992	-3.41410840235781E-04	1.04405715305719E-05	0	8.00231935316	4717.14453125	
3.885088	-3.49549416017656E-04	1.0692818153325E-05	0	8.06213369236	4717.14453125	
3.889184	-0.00035678217157	1.07133087578344E-05	0	8.13877081446	4717.14453125	
3.89328	-3.70905359979687E-04	1.13757568934625E-05	0	8.0676115872	4717.14453125	
3.897376	-3.80440381947656E-04	1.17929059955437E-05	0	8.11912134627	4717.14453125	
3.901472	-0.00038763802748	1.17236026994625E-05	0	8.20530663744	4717.14453125	
3.905568	-3.98106299380625E-04	1.20498165559406E-05	0	8.15447970788	4666.86328125	
3.909664	-4.05340334985781E-04	1.21780349373375E-05	0	8.26929043281	4666.86328125	
3.91376	-4.14420938205313E-04	1.2303781926975E-05	0	8.30261556465	4666.86328125	
3.917856	-4.27552542847031E-04	1.29730488057844E-05	0	8.21053657743	4617.34375	
3.921952	-4.34796818874688E-04	1.31062270379906E-05	0	8.3228143482	4617.34375	
3.926048	-4.43030301429375E-04	1.31415654641906E-05	0	8.36319665654	4617.34375	
3.930144	-4.52974025973906E-04	1.34898456447562E-05	0	8.34286435884	4617.34375	
3.93424	-4.59606802486562E-04	1.35420275637281E-05	0	8.45565711276	4565.6015625	
3.938336	-4.71384294117344E-04	1.39190928116625E-05	0	8.46008215316	4565.6015625	
3.942432	-4.83924057197969E-04	1.46454382391625E-05	0	8.38461995558	4565.6015625	
3.946528	-4.89108271088594E-04	1.45075626558844E-05	0	8.54231924018	4565.6015625	
3.950624	-4.97944018491563E-04	1.46139837033094E-05	0	8.50781536913	4565.6015625	
3.95472	-5.0650958331875E-04	1.4937821600625E-05	0	8.5519627765	4565.6015625	
3.958816	-5.13175184042813E-04	1.49726439215719E-05	0	8.64569352449	4565.6015625	
3.962912	-5.25961448722187E-04	1.55876851334531E-05	0	8.60934715817	4565.6015625	
3.967008	-5.35606646664375E-04	1.60818892065562E-05	0	8.58603558758	4513.72265625	
3.971104	-5.42734529318438E-04	1.60774675763625E-05	0	8.72794205558	4513.72265625	
3.9752	-5.53783396601875E-04	1.65149940619125E-05	0	8.68326059161	4462.46484375	
3.979296	-5.629467460925E-04	1.68988321396125E-05	0	8.76132440777	4462.46484375	
3.983392	-5.71451508411094E-04	1.70040269863406E-05	0	8.83086620647	4462.46484375	
3.987488	-5.862042085075E-04	1.78204278526312E-05	0	8.75247432697	4462.46484375	
3.991584	-5.94916887975781E-04	1.81366114306781E-05	0	8.85562735926	4462.46484375	
3.99568	-6.03743217847344E-04	1.81804984060219E-05	0	8.89274810765	4462.46484375	
3.999776	-6.15554630877656E-04	1.873124665335E-05	0	8.86101370154	4462.46484375	
4.003872	-6.242137309925E-04	1.89690017040562E-05	0	8.98233991699	4410.6640625	
4.007968	-6.36752214020313E-04	1.94253043727531E-05	0	9.01192283794	4410.6640625	
4.012064	-6.51877226620469E-04	2.03767305847875E-05	0	8.92456643694	4410.6640625	
4.01616	-6.61316610356875E-04	2.05955539236562E-05	0	9.07412898777	4358.78515625	
4.020256	-6.72532890261719E-04	2.08516147252875E-05	0	9.0726298146	4358.78515625	
4.024352	-6.84280849245469E-04	2.13351736167281E-05	0	9.08383737382	4358.78515625	
4.028448	-6.92597718097656E-04	2.14298194355438E-05	0	9.18677296878	4358.78515625	
4.032544	-7.07075755433438E-04	2.20738430703656E-05	0	9.1846672599	4358.78515625	
4.03664	-7.20514755614844E-04	2.2909686705675E-05	0	9.14999935718	4308.546875	
4.040736	-7.28500913679687E-04	2.28817254355594E-05	0	9.29034561697	4308.546875	
4.044832	-7.40599332837031E-04	2.3333974742925E-05	0	9.24710229113	4308.546875	
4.048928	-7.5148682203375E-04	2.38295329012125E-05	0	9.31337871519	4308.546875	
4.053024	-7.61843729339688E-04	2.41049749334625E-05	0	9.39986155218	4308.546875	
4.05712	-7.77778741073125E-04	2.50500949018031E-05	0	9.34335454921	4308.546875	
4.061216	-7.88731604395625E-04	2.55429345531937E-05	0	9.39175152124	4308.546875	
4.065312	-7.98177845557813E-04	2.56305440809687E-05	0	9.49385551378	4258.84375	
4.069408	-8.1034438181125E-04	2.61839459314125E-05	0	9.4514285316	4258.84375	
4.073504	-8.20483222977344E-04	2.66120349264E-05	0	9.54734891165	4258.84765625	
4.0776	-8.31677741984375E-04	2.69778136471594E-05	0	9.60842972793	4206.91015625	
4.081696	-8.47969248426094E-04	2.81141887127062E-05	0	9.51994417869	4206.91015625	
4.085792	-8.57292513085938E-04	2.83915841083875E-05	0	9.66485662241	4206.91015625	
4.089888	-8.68610008595313E-04	2.86795980030656E-05	0	9.6771437389	4206.91015625	
4.093984	-8.81492094370937E-04	2.94456796889062E-05	0	9.67319172006	4155.109375	
4.09808	-8.91127874781719E-04	2.97481317903E-05	0	9.80213205675	4155.109375	
4.102176	-9.05134486953125E-04	3.04920086906531E-05	0	9.80426446846	4155.109375	
4.106272	-9.18392908255625E-04	3.138828015015E-05	0	9.74812749042	4155.109375	
4.110368	-9.27213386457188E-04	3.15128098333125E-05	0	9.90853520492	4155.109375	
4.114464	-9.37966012946875E-04	3.19019154538219E-05	0	9.89031243079	4103.828125	
4.11856	-9.48751920809687E-04	3.24807843461062E-05	0	9.93416229234	4103.828125	
4.122656	-9.56801624353438E-04	3.26763858331969E-05	0	10.03429027546	4103.828125	
4.126752	-9.71473498257969E-04	3.37004439437531E-05	0	9.99756625483	4103.828125	
4.130848	-9.83016831656406E-04	3.45724437929062E-05	0	10.0139808659	4103.828125	
4.134944	-9.90969799780469E-04	3.46069661141531E-05	0	10.13938879965	4051.75	
4.13904	-1.0025476031725E-03	3.52984286438437E-05	0	10.10082609844	4051.75	
4.143136	-1.01119152551828E-03	3.57329774881406E-05	0	10.20602761926	4051.75	
4.147232	-0.001020001671865	3.60428668417125E-05	0	10.17151230414	4051.75	
4.151328	-1.03431558814375E-03	3.73128206198344E-05	0	10.06599034936	4051.75	
4.155424	-1.04064508357219E-03	3.75218425261969E-05	0	10.20351755324	4051.75	
4.15952	-1.04746447349844E-03	3.75411494780437E-05	0	10.20607339554	4051.75	
4.163616	-0.001054602596575	3.80189653463813E-05	0	10.18710675686	4051.75	
4.167712	-1.06162322908984E-03	3.83489563625438E-05	0	10.19511379117	4051.75	
4.171808	-1.07320843850172E-03	3.95151487059656E-05	0	10.1828571922	4051.75	
4.175904	-1.07771276148422E-03	3.9704131449675E-05	0	10.18939175617	4051.75	
4.18	-1.07507429834063E-03	3.88318943411437E-05	0	10.1743504335	4051.75	
4.184096	-1.07146765810906E-03	3.80879251331906E-05	0	10.17887084115	4051.75	
4.188192	-1.07253586218109E-03	3.84210389827687E-05	0	10.16266222334	4051.75	
4.192288	-1.0703772359775E-03	3.85249371961781E-05	0	10.1533696385	4051.75	
4.196384	-1.06664286476172E-03	3.82572191946656E-05	0	10.14942143435	4051.75	
4.20048	-1.06193574484078E-03	3.81078212671406E-05	0	10.13525749038	4051.75	
4.204576	-1.05624563579219E-03	3.78211205923031E-05	0	10.14049505975	4051.75	
4.208672	-1.05591474214016E-03	3.84975706370062E-05	0	10.12337854572	4051.75	
4.212768	-1.05376699638547E-03	3.89939280733406E-05	0	10.11281185442	4051.75	
4.216864	-0.001047949247785	3.87132930174375E-05	0	10.10875302426	4051.75	
4.22096	-1.04158939681844E-03	3.84220031644969E-05	0	10.09942610721	4051.75	
4.225056	-1.03582952489156E-03	3.83607830334094E-05	0	10.10226042188	4051.75	
4.229152	-1.03236652487203E-03	3.87266357925562E-05	0	10.09099182762	4051.75	
4.233248	-1.02936150946234E-03	3.92038240172906E-05	0	10.08980927372	4051.75	
4.237344	-1.02339509187094E-03	3.90909536974687E-05	0	10.09070191118	4051.75	
4.24144	-1.01663997888234E-03	3.88163332990125E-05	0	10.09151444015	4051.75	
4.245536	-1.01323046678391E-03	3.917929543605E-05	0	10.09036621846	4051.75	
4.249632	-1.01151327593594E-03	3.98726731080562E-05	0	10.08006274077	4051.75	
4.253728	-1.00824703832016E-03	4.01473682660531E-05	0	10.07783496181	4051.75	
4.257824	-1.0032936910975E-03	4.00653630595969E-05	0	10.06908406295	4051.75	
4.26192	-9.96935211616094E-04	3.97912380933375E-05	0	10.07075108248	4051.75	
4.266016	-9.93303884651719E-04	4.00486452878531E-05	0	10.06603994033	4051.75	
4.270112	-0.000990614585125	4.05797423529094E-05	0	10.05427543637	4051.75	
4.274208	-9.85621739129844E-04	4.05502733919937E-05	0	10.04822533803	4051.75	
4.278304	-9.80016113566875E-04	4.04150196810937E-05	0	10.04321665006	4051.75	
4.2824	-9.74393847317344E-04	4.03522983495844E-05	0	10.04304117432	4051.75	
4.286496	-9.71077779074219E-04	4.07275010993812E-05	0	10.03930277812	4051.75	
4.290592	-9.69085194006875E-04	4.13480745172688E-05	0	10.04009241895	4051.75	
4.294688	-9.65372583688906E-04	4.15438767253125E-05	0	10.04011912178	4051.75	
4.298784	-9.59340426242344E-04	4.12426344784781E-05	0	10.04436868644	4051.75	
4.30288	-9.53197087065781E-04	4.101354744795E-05	0	10.04566568104	4051.75	
4.306976	-0.000947692585675	4.1049222412275E-05	0	10.03849787853	4051.75	
4.311072	-9.42441900470469E-04	2.8278062106525E-05	0	10.03497691966	4051.75	
4.315168	-9.46962498410156E-04	0	0	10.02135084698	4051.75	
4.319264	-9.79183987806406E-04	0	0	10.01970671559	4051.75	
4.32336	-1.04326196868266E-03	0	0	10.01583099055	4051.75	
4.327456	-1.13807913779828E-03	0	0	10.00960541647	4051.75	
4.331552	-1.2595032103775E-03	0	0	10.01109696026	4051.75	
4.335648	-1.40541377893641E-03	0	0	10.00746156069	4051.75	
4.339744	-1.5723949311125E-03	0	0	10.00962067523	4051.75	
4.34384	-1.75890941491031E-03	0	0	10.00876236998	4051.75	
4.347936	-1.96272938984203E-03	0	0	10.0047493161	4051.75	
4.352032	-2.17899879269875E-03	0	0	10.00266649536	4051.75	
4.356128	-2.40395545683219E-03	0	0	9.99983599538	4051.75	
4.360224	-2.63567939445594E-03	0	0	10.00192263081	4051.75	
4.36432	-2.87021323086781E-03	0	0	10.00031283163	4051.75	
4.368416	-3.10397373251625E-03	0	0	9.99816516116	4051.75	
4.372512	-3.33187323806562E-03	0	0	9.99278263357	4051.75	
4.376608	-3.54860848871375E-03	0	0	9.98921971311	4051.75	
4.380704	-3.75308229633562E-03	0	0	9.98616414642	4051.75	
4.3848	-3.94365308463156E-03	0	0	9.9794960683	4051.75	
4.388896	-4.11693008513359E-03	0	0	9.97671515929	4051.75	
4.392992	-4.27016785885594E-03	0	0	9.97482307305	4051.75	
4.397088	-4.40122551746969E-03	0	0	9.97628791401	4005.359375	
4.401184	-4.50917675990031E-03	0	0	9.97573096927	4005.359375	
4.40528	-4.59377618173719E-03	0	0	9.97499091941	4005.359375	
4.409376	-4.65350472602125E-03	0	0	9.9416161966	4005.359375	
4.413472	-4.68710949534609E-03	0	0	9.89723990783	4005.359375	
4.417568	-4.69508852168813E-03	0	0	9.90071127573	4006.6171875	
4.421664	-4.67820599657641E-03	0	0	9.8431971946	4006.6171875	
4.42576	-4.63785726900891E-03	0	0	9.80365793275	4006.6171875	
4.429856	-4.57615012880609E-03	-2.42282954832188E-06	0	9.75891924843	4006.6171875	
4.433952	-4.49506966358313E-03	-1.20560143862812E-05	0	9.76813172478	4006.6171875	
4.438048	-4.40140591348391E-03	-2.35394596335937E-05	0	9.64812920676	4041.8203125	
4.442144	-4.30761854685594E-03	-3.21880750234312E-05	0	9.55347911848	4041.8203125	
4.44624	-4.22103147729828E-03	-3.61084261511531E-05	0	9.62765958022	4041.8203125	
4.450336	-0.004147514478415	-3.48469675568437E-05	0	9.48645501518	4041.8203125	
4.454432	-4.08419758036812E-03	-3.251707902135E-05	0	9.4661913819	4041.8203125	
4.458528	-4.03409686188094E-03	-0.000027581049342	0	9.45659362186	4094.13671875	
4.462624	-3.9982573946425E-03	-1.98608803794844E-05	0	9.27131031387	4094.13671875	
4.46672	-3.96206819868922E-03	-1.83195191804625E-05	0	9.30632153869	4094.13671875	
4.470816	-3.92906459702453E-03	-1.71440076155906E-05	0	9.29333633393	4094.13671875	
4.474912	-3.90028178664437E-03	-1.51643168068219E-05	0	9.15442439758	4094.13671875	
4.479008	-3.87199783113172E-03	-1.49102084070844E-05	0	9.17796484957	4094.140625	
4.483104	-3.85016387887656E-03	-1.19567366009437E-05	0	9.06117048584	4147.703125	
4.4872	-3.82715684965109E-03	-1.16661883338E-05	0	8.95968828777	4147.703125	
4.491296	-3.79708338030656E-03	-1.60095777404062E-05	0	9.03578372389	4147.703125	
4.495392	-3.77251441235281E-03	-1.56553677580781E-05	0	8.91482371868	4200.2421875	
4.499488	-3.75138823787063E-03	-1.43967339205594E-05	0	8.89169143852	4200.2421875	
4.503584	-3.73275066892063E-03	-1.32836376778875E-05	0	8.87326648582	4200.2421875	
4.50768	-3.71784289956922E-03	-1.12877536160812E-05	0	8.71986254216	4200.2421875	
4.511776	-3.69701452023062E-03	-1.39634701711312E-05	0	8.73695616805	4200.2421875	
4.515872	-3.67530363591016E-03	-1.63280682873E-05	0	8.76496362203	4252.0234375	
4.519968	-3.66233752381063E-03	-1.33078364517656E-05	0	8.62622716142	4252.0234375	
4.524064	-3.65031490206625E-03	-1.19529810758531E-05	0	8.64986679535	4252.0234375	
4.52816	-3.63877358017938E-03	-1.15414567277625E-05	0	8.57782256001	4252.0234375	
4.532256	-3.62567827417812E-03	-1.23416042449219E-05	0	8.45091545309	4252.0234375	
4.536352	-3.60599161051594E-03	-1.66451230183219E-05	0	8.52615639865	4302.8828125	
4.540448	-3.59176373207266E-03	-1.63342004927062E-05	0	8.44762719031	4302.8828125	
4.544544	-0.003583044835205	-1.37993809121437E-05	0	8.37244727979	4302.8828125	
4.54864	-3.57293927541203E-03	-1.38895998123094E-05	0	8.38162923862	4302.8828125	
4.552736	-3.56465715085047E-03	-1.33219090338469E-05	0	8.24863770115	4302.8828125	
4.556832	-3.55382589254516E-03	-1.45786993635937E-05	0	8.21615180111	4355.3203125	
4.560928	-3.54092872043281E-03	-1.67471731566562E-05	0	8.29612296227	4355.3203125	
4.565024	-3.53382214151484E-03	-1.50488337492281E-05	0	8.15863390529	4355.3203125	
4.56912	-3.52579163876328E-03	-1.50776257877437E-05	0	8.17039077987	4355.3203125	
4.573216	-3.51659711084344E-03	-1.61098733131875E-05	0	8.13736319385	4355.3203125	
4.577312	-3.50950488680344E-03	-1.57426763246156E-05	0	7.99860765979	4355.32421875	
4.581408	-3.49876442081547E-03	-1.77663221375062E-05	0	8.04261773832	4355.32421875	
4.585504	-3.48984995016453E-03	-1.82346115730625E-05	0	8.03303142235	4408.5859375	
4.5896	-3.48534407283219E-03	-1.65233111209031E-05	0	7.91814440362	4408.5859375	
4.593696	-3.47927159372203E-03	-1.68499644000187E-05	0	7.94967663116	4408.5859375	
4.597792	-3.4749805823975E-03	-1.64154319018594E-05	0	7.8644030509	4460.8046875	
4.601888	-3.47133215758484E-03	-1.58910396377906E-05	0	7.75383807594	4460.8046875	
4.605984	-3.46220080941453E-03	-1.87003445207906E-05	0	7.84912140276	4460.8046875	
4.61008	-3.45564748760859E-03	-1.89591120504844E-05	0	7.74337438127	4460.8046875	
4.614176	-3.45043072380359E-03	-1.86470157279656E-05	0	7.72049387065	4460.8046875	
4.618272	-0.003444465586265	-1.92578194440844E-05	0	7.72996193123	4512.34375	
4.622368	-3.44260338371984E-03	-1.76999909538375E-05	0	7.60243302984	4512.34375	
4.626464	-3.43744166218578E-03	-1.870746206175E-05	0	7.59130557911	4512.34375	
4.63056	-3.42876016114672E-03	-2.1286261406025E-05	0	7.64950630444	4512.34375	
4.634656	-3.42579053005406E-03	-1.98638354246062E-05	0	7.50018407908	4512.34375	
4.638752	-3.42324194490437E-03	-1.91861570157469E-05	0	7.54572003361	4512.34375	
4.642848	-3.42078524926016E-03	-1.9091109755025E-05	0	7.50496007096	4564.125	
4.646944	-3.41981752933391E-03	-1.8304218234225E-05	0	7.35796099181	4564.125	
4.65104	-3.41254993805859E-03	-2.11608033584062E-05	0	7.42249028785	4564.125	
4.655136	-3.40608384270859E-03	-2.24217708474375E-05	0	7.39899942683	4564.125	
4.659232	-3.40451248644891E-03	-2.06746228349719E-05	0	7.30229322064	4615.9453125	
4.663328	-3.40053115647266E-03	-2.13599464284937E-05	0	7.34423573719	4615.9453125	
4.667424	-3.39881487994812E-03	-2.07678251456156E-05	0	7.2565703463	4615.9453125	
4.67152	-3.39637537358453E-03	-2.08390274782594E-05	0	7.16481179304	4615.9453125	
4.675616	-3.38910650225641E-03	-2.35348233401531E-05	0	7.26900242101	4615.9453125	
4.679712	-3.38715177017937E-03	-2.24067838431937E-05	0	7.15231105391	4665.6484375	
4.683808	-3.38700529556469E-03	-2.10394005951937E-05	0	7.13998197583	4665.6484375	
4.687904	-3.38358398869391E-03	-2.22547414471594E-05	0	7.16277474858	4665.6484375	
4.692	-3.38270834113781E-03	-2.16147483371531E-05	0	7.03289218346	4665.6484375	
4.696096	-3.37787934190266E-03	-2.32447762744312E-05	0	7.02694889644	4716.62890625	
4.700192	-3.37116994508594E-03	-2.5297307394975E-05	0	7.07695566765	4716.62890625	
4.704288	-3.37050404332641E-03	-2.34214186458656E-05	0	6.94231236941	4716.62890625	
4.708384	-3.36813768283781E-03	-2.35419870349125E-05	0	6.97232253564	4716.62890625	
4.71248	-3.36630711588359E-03	-2.36206234947375E-05	0	6.94590962208	4716.62890625	
4.716576	-3.36783165878328E-03	-2.19279448989562E-05	0	6.79091495269	4716.62890625	
4.720672	-3.36292165049156E-03	-2.43424439267625E-05	0	6.87984300597	4769.546875	
4.724768	-3.35850290818281E-03	-2.55101035764094E-05	0	6.85193473393	4769.546875	
4.728864	-3.35840626419547E-03	-2.39767914078E-05	0	6.75305415444	4769.546875	
4.73296	-3.35548874953875E-03	-2.47625360547469E-05	0	6.81149901993	4769.546875	
4.737056	-3.35493476096797E-03	-2.42313137494312E-05	0	6.72957473749	4821.66796875	
4.741152	-3.35414862567641E-03	-2.39404736556562E-05	0	6.61545065676	4821.66796875	
4.745248	-3.34687490843406E-03	-2.71550754891281E-05	0	6.74064878256	4821.66796875	
4.749344	-3.34452976024922E-03	-2.65456948485094E-05	0	6.64913436946	4821.66796875	
4.75344	-3.34466480582094E-03	-2.51075455655062E-05	0	6.60089379972	4821.66796875	
4.757536	-3.34293993465609E-03	-2.55698919781594E-05	0	6.62407567085	4873.20703125	
4.761632	-3.34540458491422E-03	-2.37838913603156E-05	0	6.5125532087	4873.20703125	
4.765728	-3.34335320884984E-03	-2.49603690299906E-05	0	6.47890382821	4873.20703125	
4.769824	-3.33663594885156E-03	-2.80572358850437E-05	0	6.55849352037	4873.20703125	
4.77392	-3.33613791687516E-03	-2.65986219590437E-05	0	6.43913568496	4924.390625	
4.778016	-3.33569172703766E-03	-2.59530096238875E-05	0	6.44733726846	4924.390625	
4.782112	-3.33432243625766E-03	-2.62958686560281E-05	0	6.44190133521	4924.390625	
4.786208	-3.33634501113375E-03	-2.47705682582531E-05	0	6.30820789478	4924.390625	
4.790304	-3.33200947225781E-03	-2.7090397909575E-05	0	6.35023051982	4924.390625	
4.7944	-3.32802073626172E-03	-2.83068822700125E-05	0	6.39224551548	4924.390625	
4.798496	-3.32922106007047E-03	-2.63208253618406E-05	0	6.27172801431	4975.9921875	
4.802592	-3.32757399783016E-03	-2.68503380534812E-05	0	6.30683460638	4975.9921875	
4.806688	-3.32731085554484E-03	-2.66272709688562E-05	0	6.26596401772	4975.9921875	
4.810784	-3.32833892081797E-03	-2.57481848287125E-05	0	6.14359257721	4975.9921875	
4.81488	-3.32207918826781E-03	-2.89660618992937E-05	0	6.22566181787	4975.9921875	
4.818976	-3.31960886920438E-03	-2.89314253954687E-05	0	6.19722711861	5025.37109375	
4.823072	-3.3207334870325E-03	-2.71650283637906E-05	0	6.11704233481	5025.37109375	
4.827168	-3.31914923881234E-03	-2.78020265248687E-05	0	6.15266009534	5025.37109375	
4.831264	-3.32110909110062E-03	-2.64436572101625E-05	0	6.06782520443	5025.37109375	
4.83536	-3.32133081453422E-03	-2.64412783663875E-05	0	5.98966602102	5025.37109375	
4.839456	-3.31599015990344E-03	-2.93027997837094E-05	0	6.09807188144	5025.37109375	
4.843552	-3.31594983823984E-03	-2.82172386096562E-05	0	5.98880390108	5076.37109375	
4.847648	-3.31586407470141E-03	-2.76764559773625E-05	0	5.99496844012	5076.37109375	
4.851744	-3.31413856351016E-03	-2.83808172922312E-05	0	6.00048448186	5076.37109375	
4.85584	-3.3163476603675E-03	-2.67772542323344E-05	0	5.88360238026	5076.37109375	
4.859936	-3.31281252022875E-03	-2.86617468189937E-05	0	5.88761543414	5129.0703125	
4.864032	-3.30696341033438E-03	-3.09782565217125E-05	0	5.95273219244	5129.0703125	
4.868128	-3.3075116386675E-03	-2.91073819502812E-05	0	5.82115971965	5129.0703125	
4.872224	-3.30727144590047E-03	-2.86807201173281E-05	0	5.86315182717	5129.0703125	
4.87632	-3.30763287795531E-03	-2.83811759457187E-05	0	5.83853181791	5129.0703125	
4.880416	-3.30999000377719E-03	-2.70865322884406E-05	0	5.70267544825	5180.89453125	
4.884512	-3.30514116372344E-03	-2.98862886232969E-05	0	5.7698712126	5180.89453125	
4.888608	-3.30211246733672E-03	-3.058892710335E-05	0	5.77470442483	5180.89453125	
4.892704	-3.30303611687328E-03	-2.90035068137719E-05	0	5.68237748276	5180.89453125	
4.8968	-3.30072982743453E-03	-2.99457864003375E-05	0	5.72544533286	5180.89453125	
4.900896	-3.30123846556281E-03	-2.92180010704312E-05	0	5.67157428068	5232.3125	
4.904992	-3.30146037186109E-03	-2.88513689851406E-05	0	5.56947028814	5232.3125	
4.909088	-3.29577163429766E-03	-3.16680063127313E-05	0	5.67391650034	5232.3125	
4.913184	-3.29534674819625E-03	-3.0689394310575E-05	0	5.59808427783	5232.3125	
4.91728	-3.29670918155047E-03	-2.93065786260844E-05	0	5.56289376258	5232.3125	
4.921376	-3.29545189539156E-03	-3.00879211139719E-05	0	5.59989244089	5283.59375	
4.925472	-3.29768074163516E-03	-2.88021053324812E-05	0	5.4991045164	5283.59375	
4.929568	-3.29590521695187E-03	-2.99021345209125E-05	0	5.46257504496	5283.59375	
4.933664	-0.00329008390249	-3.25552477331812E-05	0	5.55086604501	5283.59375	
4.93776	-3.29009533153297E-03	-3.10840835793469E-05	0	5.43010058899	5283.59375	
4.941856	-3.28903873936859E-03	-3.09594615885844E-05	0	5.45070754437	5334.75390625	
4.945952	-3.28837484912063E-03	-3.09701019625594E-05	0	5.44582855586	5334.75390625	
4.950048	-3.29163944095422E-03	-2.90200880471906E-05	0	5.31722391189	5334.75390625	
4.954144	-3.28843693168203E-03	-3.10966590475406E-05	0	5.37352110691	5334.75390625	
4.95824	-3.28479527286281E-03	-3.2556334751325E-05	0	5.39902230956	5384.19140625	
4.962336	-3.28659466138781E-03	-3.05992847853E-05	0	5.29408018766	5384.19140625	
4.966432	-3.28601717470469E-03	-3.08569330853437E-05	0	5.34528858622	5384.19140625	
4.970528	-3.28681199606891E-03	-3.0462232999275E-05	0	5.31215418888	5384.19140625	
4.974624	-3.28810814097391E-03	-2.98249086366E-05	0	5.18597187306	5435.57421875	
4.97872	-3.28233226838688E-03	-3.29753795245875E-05	0	5.28652710146	5435.57421875	
4.982816	-3.28057850460141E-03	-3.27875239432125E-05	0	5.25104285508	5435.57421875	
4.986912	-3.2822031659175E-03	-3.10428244859906E-05	0	5.18477024571	5435.57421875	
4.991008	-3.28135476519984E-03	-3.15497460944531E-05	0	5.21904905005	5435.57421875	
4.995104	-3.28399176542594E-03	-3.01712320883531E-05	0	5.13485502706	5435.57421875	
4.9992	-3.28403208708953E-03	-3.04629565562437E-05	0	5.08393654494	5488.1953125	
5.003296	-3.27856205569234E-03	-3.33774149398594E-05	0	5.17991796003	5488.1953125	
5.007392	-3.27910635243469E-03	-3.19947951686344E-05	0	5.08956702738	5488.1953125	
5.011488	-3.27985161746859E-03	-3.1186263044475E-05	0	5.07997689672	5488.1953125	
5.015584	-3.27859359985094E-03	-3.19504500206719E-05	0	5.10486011959	5539.875	
5.01968	-3.28096581200953E-03	-3.05337466296844E-05	0	4.98046689338	5539.875	
5.023776	-3.27845142255641E-03	-3.20341910427E-05	0	4.99719812372	5539.875	
5.027872	-3.27455658757734E-03	-3.36706853196656E-05	0	5.0698755976	5539.875	
5.031968	-3.27633092364016E-03	-3.17387100881812E-05	0	4.95060168537	5539.875	
5.036064	-3.27593813029141E-03	-3.18849722015344E-05	0	4.98746303484	5591.234375	
5.04016	-3.2767464836425E-03	-3.15568581065719E-05	0	4.96835525263	5591.234375	
5.044256	-3.28010296498156E-03	-2.99850841975781E-05	0	4.84242089166	5591.234375	
5.048352	-3.27590740902391E-03	-3.27568182046875E-05	0	4.91528147066	5591.234375	
5.052448	-3.27289197032703E-03	-3.37272419938781E-05	0	4.92708412152	5591.234375	
5.056544	-0.00327422587679	-3.20468566550344E-05	0	4.82553325903	5642.515625	
5.06064	-3.27303195324531E-03	-3.25745429061937E-05	0	4.88685440078	5642.515625	
5.064736	-3.27498202227281E-03	-3.14618892111562E-05	0	4.81719816138	5642.515625	
5.068832	-3.27647099799078E-03	-3.09365726691656E-05	0	4.72120148753	5642.515625	
5.072928	-3.27161036316469E-03	-3.38014029774094E-05	0	4.8357680723	5642.515625	
5.077024	-3.27158759651109E-03	-3.29729345751094E-05	0	4.78061146959	5693.45703125	
5.08112	-3.27294646400391E-03	-3.18300974967937E-05	0	4.74366238225	5693.45703125	
5.085216	-3.27230058592766E-03	-3.24019144730531E-05	0	4.7709946361	5693.45703125	
5.089312	-3.27554798848062E-03	-3.07785009522375E-05	0	4.67450968193	5693.45703125	
5.093408	-3.2743209664275E-03	-3.19076202558094E-05	0	4.6483142057	5693.45703125	
5.097504	-3.26857581510797E-03	-3.48124473990563E-05	0	4.73789075628	5742.8359375	
5.1016	-3.26947688085562E-03	-3.31015077638437E-05	0	4.61937596736	5742.8359375	
5.105696	-3.27039669023375E-03	-3.225694851225E-05	0	4.64996978116	5742.8359375	
5.109792	-3.27118858576297E-03	-3.20920469944594E-05	0	4.65362425418	5742.8359375	
5.113888	-3.27490019032516E-03	-3.04600027130437E-05	0	4.52728172138	5742.8359375	
5.117984	-3.27197106376078E-03	-3.27110160870281E-05	0	4.563132178	5794.4375	
5.12208	-3.26923568233281E-03	-3.3888948803325E-05	0	4.61747243705	5794.4375	
5.126176	-3.27168972643906E-03	-3.18955301236688E-05	0	4.51220988119	5794.4375	
5.130272	-3.27100142375531E-03	-3.24509548086281E-05	0	4.55944337277	5794.4375	
5.134368	-3.27194793137781E-03	-3.20642938972125E-05	0	4.52662940939	5847.17578125	
5.138464	-3.27412923280266E-03	-3.10709316694219E-05	0	4.41461485223	5847.17578125	
5.14256	-3.26951665392516E-03	-3.38466173552719E-05	0	4.51726434544	5847.17578125	
5.146656	-3.26852360723969E-03	-3.36424851074812E-05	0	4.47466188752	5847.17578125	
5.150752	-3.27092955793313E-03	-3.18384989307E-05	0	4.41422193916	5847.17578125	
5.154848	-3.27074001868453E-03	-3.23204578237406E-05	0	4.46819598797	5898.57421875	
5.158944	-3.27384048946109E-03	-3.09854961779344E-05	0	4.39433596019	5898.57421875	
5.16304	-3.27472592027797E-03	-3.11156948458125E-05	0	4.32560669046	5898.57421875	
5.167136	-3.26985403927359E-03	-3.40198813647E-05	0	4.43328394509	5898.57421875	
5.171232	-3.27020166504453E-03	-3.29832398532656E-05	0	4.33867963309	5898.57421875	
5.175328	-3.27046645311203E-03	-3.24639913340531E-05	0	4.34338314586	5898.578125	
5.179424	-3.26985696510859E-03	-3.28470200375625E-05	0	4.35747842541	5949.95703125	
5.18352	-3.27365287029172E-03	-3.08549693853844E-05	0	4.25470686212	5949.95703125	
5.187616	-3.27201888287656E-03	-3.22884826153313E-05	0	4.2661967084	5949.95703125	
5.191712	-3.26786675728219E-03	-3.43260192797156E-05	0	4.33163008597	5949.95703125	
5.195808	-3.26991895623766E-03	-3.23654981633156E-05	0	4.21735723233	6001.1953125	
5.199904	-3.27081956482359E-03	-3.19815579222563E-05	0	4.2630686626	6001.1953125	
5.204	-3.27205682729922E-03	-3.17391783569437E-05	0	4.26255367945	6001.1953125	
5.208096	-3.27495623835188E-03	-3.05567422797656E-05	0	4.11374262255	6001.1953125	
5.212192	-3.27057086884859E-03	-3.3386564690325E-05	0	4.20749244399	6001.1953125	
5.216288	-3.26807979464312E-03	-3.40360395216188E-05	0	4.21899754903	6051.87890625	
5.220384	-3.27000490264078E-03	-3.21666329775656E-05	0	4.12174965686	6051.87890625	
5.22448	-3.26927316959375E-03	-3.26484111015562E-05	0	4.17257277173	6051.87890625	
5.228576	-3.2717988966575E-03	-3.14269676114625E-05	0	4.11473062726	6051.87890625	
5.232672	-3.27383024903859E-03	-3.08247237425531E-05	0	4.02798457666	6051.87890625	
5.236768	-3.2691188317975E-03	-3.38034282157687E-05	0	4.13862584542	6101.296875	
5.240864	-3.26946179451891E-03	-3.29385060037687E-05	0	4.08118042871	6101.296875	
5.24496	-3.27184324134422E-03	-3.14163137759625E-05	0	4.0420836709	6101.296875	
5.249056	-3.27136386156594E-03	-3.21620248090969E-05	0	4.0930097824	6101.296875	
5.253152	-3.27404557220812E-03	-3.09637147093313E-05	0	3.98163609316	6101.296875	
5.257248	-3.27302226141688E-03	-3.19315327318969E-05	0	3.95856484804	6153.27734375	
5.261344	-3.26844662120625E-03	-3.42723140449594E-05	0	4.06911837893	6153.27734375	
5.26544	-3.27001898322172E-03	-3.25048653316406E-05	0	3.95495233661	6153.27734375	
5.269536	-3.27067885044656E-03	-3.20530578507562E-05	0	3.97655492608	6153.27734375	
5.273632	-3.27135782703125E-03	-3.19943192075719E-05	0	3.97552877447	6153.27734375	
5.277728	-3.27578114095719E-03	-3.0010383451125E-05	0	3.84893447213	6205.796875	
5.281824	-3.27368871177047E-03	-3.19707653849719E-05	0	3.89980336328	6205.796875	
5.28592	-3.27044999529016E-03	-3.36356728546781E-05	0	3.95703134266	6205.796875	
5.290016	-3.27247156441047E-03	-3.18550219911E-05	0	3.83898194592	6205.796875	
5.294112	-3.27243645439047E-03	-3.20077271268563E-05	0	3.90544528979	6205.796875	
5.298208	-3.27399437009562E-03	-3.14112729156187E-05	0	3.86789729612	6257.31640625	
5.302304	-3.27648443854531E-03	-3.04588880506969E-05	0	3.74343922018	6257.31640625	
5.3064	-3.27182742354875E-03	-3.33784911407062E-05	0	3.85511808462	6257.31640625	
5.310496	-3.27063724873016E-03	-3.33036431386312E-05	0	3.84221298835	6257.31640625	
5.314592	-3.27297435086875E-03	-3.15181432414406E-05	0	3.7711262402	6308.6171875	
5.318688	-3.27312201410391E-03	-3.18036290136469E-05	0	3.81265295554	6308.6171875	
5.322784	-3.27645005998406E-03	-3.04350431226187E-05	0	3.73917058207	6308.6171875	
5.32688	-3.27707335427141E-03	-3.0752005786425E-05	0	3.67311922472	6308.6171875	
5.330976	-3.27151353631266E-03	-3.39627891141E-05	0	3.7866901754	6308.6171875	
5.335072	-3.27195478880359E-03	-3.27296552510813E-05	0	3.68847716666	6359.73828125	
5.339168	-3.27347046276594E-03	-3.15702044874562E-05	0	3.70081387412	6359.73828125	
5.343264	-0.003273333497115	-3.19466041110562E-05	0	3.72826438336	6359.73828125	
5.34736	-3.27684614489719E-03	-3.03374107683281E-05	0	3.61058119686	6359.73828125	
5.351456	-3.27528310898078E-03	-3.17553192061875E-05	0	3.61780240503	6359.73828125	
5.355552	-3.27178600469703E-03	-3.35531065910906E-05	0	3.70924052433	6410.09765625	
5.359648	-3.27432837244734E-03	-3.14861887060875E-05	0	3.59502489104	6410.09765625	
5.363744	-3.27475289281938E-03	-3.14550271987875E-05	0	3.63781426877	6410.09765625	
5.36784	-3.27548288865187E-03	-3.14379942831281E-05	0	3.63013148311	6410.09765625	
5.371936	-3.27851478517062E-03	-3.01348650574125E-05	0	3.5087900089	6410.09765625	
5.376032	-3.27436238527922E-03	-3.28351089917813E-05	0	3.58347019503	6410.09765625	
5.380128	-3.2719510400775E-03	-3.35305830559219E-05	0	3.59475023336	6460.01953125	
5.384224	-3.27468724439656E-03	-3.13204201218562E-05	0	3.50639819827	6460.01953125	
5.38832	-3.27475947594813E-03	-3.15852712993125E-05	0	3.56673133531	6460.01953125	
5.392416	-3.2774164998575E-03	-3.05633583789188E-05	0	3.51764771908	6460.01953125	
5.396512	-3.27996901659797E-03	-2.98483098151219E-05	0	3.41604345093	6460.01953125	
5.400608	-3.27604400894547E-03	-3.25973366334E-05	0	3.54629222629	6512.27734375	
5.404704	-3.27634573567984E-03	-3.19824069598688E-05	0	3.48321632714	6512.27734375	
5.4088	-3.27763941191156E-03	-3.10724619563531E-05	0	3.45652494121	6512.27734375	
5.412896	-3.27666931474437E-03	-3.18434835411E-05	0	3.49160864514	6512.27734375	
5.416992	-3.28022703867203E-03	-3.00362072233781E-05	0	3.4058315258	6512.27734375	
5.421088	-3.27987849857766E-03	-3.0771124998075E-05	0	3.38922618023	6564.77734375	
5.425184	-3.27506577429969E-03	-3.34426867495875E-05	0	3.47543817423	6564.77734375	
5.42928	-3.27705451920859E-03	-3.15200708837437E-05	0	3.36850096946	6564.77734375	
5.433376	-3.27921021957719E-03	-3.04556536789312E-05	0	3.39948006695	6564.77734375	
5.437472	-3.28056853847594E-03	-3.04286063502094E-05	0	3.41418951159	6564.77734375	
5.441568	-3.28434533429922E-03	-2.89957683599719E-05	0	3.27668519585	6616.0390625	
5.445664	-3.28103776926406E-03	-3.14576310423375E-05	0	3.34447605184	6616.0390625	
5.44976	-3.27758674688156E-03	-3.29090682928219E-05	0	3.39232370851	6616.0390625	
5.453856	-3.27962669390297E-03	-3.09401649732656E-05	0	3.28627151182	6616.0390625	
5.457952	-3.27912793046781E-03	-3.12651925328531E-05	0	3.33168921096	6667.859375	
5.462048	-3.28060529427813E-03	-3.061406553975E-05	0	3.30201473745	6667.859375	
5.466144	-3.28327969033281E-03	-2.94953159373469E-05	0	3.20744857235	6667.859375	
5.47024	-3.27879758540984E-03	-3.23562020187656E-05	0	3.30764903458	6667.859375	
5.474336	-3.27823070487859E-03	-3.20380480099969E-05	0	3.27996964394	6667.859375	
5.478432	-3.28115974001062E-03	-3.01066715759906E-05	0	3.22223431079	6667.859375	
5.482528	-3.28080973699875E-03	-3.08073247214906E-05	0	3.28189606239	6719.078125	
5.486624	-3.28330245698641E-03	-2.98214446977562E-05	0	3.19542466947	6719.078125	
5.49072	-3.28409636402719E-03	-2.98821561755062E-05	0	3.14192364222	6719.078125	
5.494816	-3.27991388289469E-03	-3.23725724350875E-05	0	3.26224277951	6719.078125	
5.498912	-3.28125711545672E-03	-3.09904166057062E-05	0	3.17139593716	6719.078125	
5.503008	-3.28240029405063E-03	-3.03227304945469E-05	0	3.16989676399	6769.21875	
5.507104	-3.28246009080344E-03	-3.0674386633275E-05	0	3.19135820993	6769.21875	
5.5112	-3.28684875187109E-03	-2.867321363445E-05	0	3.08253273361	6769.21875	
5.515296	-3.28545596297875E-03	-3.02035734021656E-05	0	3.11198976979	6769.21875	
5.519392	-3.28161461592078E-03	-3.22189651367719E-05	0	3.18559802803	6819.16015625	
5.523488	-3.28364084809063E-03	-3.03572078639156E-05	0	3.0733049985	6819.16015625	
5.527584	-3.28391752236281E-03	-3.02648240620687E-05	0	3.13296293541	6819.16015625	
5.53168	-3.28478759254594E-03	-3.00870977974875E-05	0	3.11586168014	6819.16015625	
5.535776	-3.28789108058984E-03	-2.8750234711275E-05	0	2.99263956376	6819.16015625	
5.539872	-3.28407003151219E-03	-3.1309878305475E-05	0	3.08298668172	6871.578125	
5.543968	-3.28256386651359E-03	-3.16399073023687E-05	0	3.10127812027	6871.578125	
5.548064	-0.003285586894095	-2.95483836727406E-05	0	3.01235006699	6871.578125	
5.55216	-3.28598563054609E-03	-2.98281793064062E-05	0	3.06148708888	6871.578125	
5.556256	-3.28930517321828E-03	-2.86013533697719E-05	0	3.01233099354	6871.578125	
5.560352	-3.29118950239063E-03	-2.83685112949219E-05	0	2.92804923268	6871.578125	
5.564448	-3.28595536644031E-03	-3.16738173646125E-05	0	3.03504747249	6923.91796875	
5.568544	-3.28595244060531E-03	-3.08991263123812E-05	0	2.97451597157	6923.91796875	
5.57264	-3.28793259087391E-03	-2.94747616309781E-05	0	2.95964249526	6974.83984375	
5.576736	-3.28735446416438E-03	-3.00734377149937E-05	0	3.00167274968	6974.83984375	
5.580832	-3.29054344144969E-03	-2.85374974240125E-05	0	2.90979212634	6974.83984375	
5.584928	-3.29013729897875E-03	-2.92607522296031E-05	0	2.88437484687	6974.83984375	
5.589024	-3.28635529151187E-03	-3.13793828032781E-05	0	2.99558450444	6974.83984375	
5.59312	-3.28850495734578E-03	-2.95879670466187E-05	0	2.88729308472	6974.83984375	
5.597216	-3.28910539354719E-03	-2.93889045052969E-05	0	2.91815392682	7026.65625	
5.601312	-3.28926192571969E-03	-2.96475032851594E-05	0	2.92823996718	7026.65625	
5.605408	-3.29289864719234E-03	-2.79730871711156E-05	0	2.81125105426	7026.65625	
5.609504	-3.28993203336703E-03	-3.01036804732125E-05	0	2.85425786932	7026.65625	
5.6136	-3.28676362835906E-03	-3.14489103779812E-05	0	2.90392513312	7026.65625	
5.617696	-3.28920606055766E-03	-2.93941218077719E-05	0	2.80456771738	7077.59765625	
5.621792	-3.28941982937734E-03	-2.94860678696719E-05	0	2.87087847365	7077.59765625	
5.625888	-3.29155203163359E-03	-2.87406183747375E-05	0	2.84633857288	7077.59765625	
5.629984	-3.29479358251656E-03	-2.75795289108281E-05	0	2.72285324289	7077.59765625	
5.63408	-3.29067665837453E-03	-3.04496024830594E-05	0	2.84740668608	7077.59765625	
5.638176	-3.28970564688391E-03	-3.04747815444187E-05	0	2.8171104181	7127.63671875	
5.642272	-3.29136185235859E-03	-2.91177148726406E-05	0	2.75932167929	7127.63671875	
5.646368	-3.29030608308531E-03	-2.98676706130687E-05	0	2.81194151315	7127.63671875	
5.650464	-3.29345775597437E-03	-2.82439402656469E-05	0	2.75041056345	7127.63671875	
5.65456	-3.29429811064578E-03	-2.82700356722437E-05	0	2.68977988059	7127.63671875	
5.658656	-3.28932099101375E-03	-3.115678038165E-05	0	2.79422990748	7177.91796875	
5.662752	-3.29035582228031E-03	-2.97887661246656E-05	0	2.71019991616	7177.91796875	
5.666848	-3.29221034450859E-03	-2.86487739954281E-05	0	2.71364839592	7177.91796875	
5.670944	-3.29248153284016E-03	-2.8978684482825E-05	0	2.75392007825	7177.91796875	
5.67504	-0.003296313005205	-2.73513810620531E-05	0	2.6396891862	7177.91796875	
5.679136	-3.29459361998078E-03	-2.89530381142406E-05	0	2.65383787141	7177.91796875	
5.683232	-3.29071798579391E-03	-3.09369137745937E-05	0	2.7455086868	7230.515625	
5.687328	-3.29297791903438E-03	-2.89633424308594E-05	0	2.6310679868	7230.515625	
5.691424	-3.2931545663225E-03	-2.89396071180562E-05	0	2.67564263945	7230.515625	
5.69552	-3.29432234021687E-03	-2.85643123010437E-05	0	2.67776742178	7230.515625	
5.699616	-3.29797762245531E-03	-2.69999395865719E-05	0	2.55107775219	7282.9375	
5.703712	-3.29434702694969E-03	-2.95778259509906E-05	0	2.6351497051	7282.9375	
5.707808	-3.29250859681391E-03	-3.0171533289975E-05	0	2.65529889768	7282.9375	
5.711904	-3.29553363590688E-03	-2.80638762630187E-05	0	2.55814255807	7282.9375	
5.716	-3.29522916620219E-03	-2.86266302675719E-05	0	2.63130449758	7333.77734375	
5.720096	-3.29725146678125E-03	-2.78931377318344E-05	0	2.57070051755	7333.77734375	
5.724192	-3.29926709279922E-03	-2.72612325945094E-05	0	2.47922425135	7333.77734375	
5.728288	-3.29487440870844E-03	-2.9994098852025E-05	0	2.60891989666	7333.77734375	
5.732384	-3.29494307439859E-03	-2.92947416186906E-05	0	2.56157196438	7333.77734375	
5.73648	-3.29621133243875E-03	-2.82695611534875E-05	0	2.51968666818	7385.69921875	
5.740576	-3.29575828517547E-03	-2.87444628420469E-05	0	2.56741606946	7385.69921875	
5.744672	-3.29992211410984E-03	-2.67819124007531E-05	0	2.4791288841	7385.69921875	
5.748768	-3.30001409504766E-03	-2.7437716793025E-05	0	2.45470723872	7385.69921875	
5.752864	-3.29521718856516E-03	-3.02069851776E-05	0	2.56238449335	7385.69921875	
5.75696	-3.29654277468484E-03	-2.86953426988594E-05	0	2.46822268539	7385.69921875	
5.761056	-3.29728858831281E-03	-2.81653706326781E-05	0	2.49529554032	7436.2578125	
5.765152	-3.29720995649719E-03	-2.84794308955406E-05	0	2.50543498634	7436.2578125	
5.769248	-3.30066875062891E-03	-2.683965392955E-05	0	2.37922596769	7436.2578125	
5.773344	-3.29792029437578E-03	-2.87773813187437E-05	0	2.42931284739	7436.2578125	
5.77744	-3.29500780849797E-03	-3.00257613203625E-05	0	2.50041866899	7436.2578125	
5.781536	-0.00329751552339	-2.80086445874812E-05	0	2.38972017988	7436.2578125	
5.785632	-3.29738175787109E-03	-2.82937822831125E-05	0	2.4468566067	7486.13671875	
5.789728	-3.29918526085156E-03	-2.76138947418469E-05	0	2.42392269042	7486.13671875	
5.793824	-3.30224989014937E-03	-2.64186288698062E-05	0	2.31572282326	7486.13671875	
5.79792	-3.29742783977234E-03	-2.94685592333344E-05	0	2.41417997216	7486.13671875	
5.802016	-3.29571796351188E-03	-2.9687541466275E-05	0	2.415843177	7536.8359375	
5.806112	-3.29788006414453E-03	-2.78881581695062E-05	0	2.34553462561	7536.8359375	
5.810208	-3.29767315275062E-03	-2.82285674444812E-05	0	2.40838545805	7536.8359375	
5.814304	-3.30074591952703E-03	-2.69170699579031E-05	0	2.33850033725	7536.8359375	
5.8184	-3.30195977532266E-03	-2.68725313005187E-05	0	2.2637514867	7589.45703125	
5.822496	-3.29754816473672E-03	-2.95556089059E-05	0	2.38907549727	7589.45703125	
5.826592	-3.29875882040031E-03	-2.82481633383469E-05	0	2.30967272492	7589.45703125	
5.830688	-3.30005469100828E-03	-2.74389872244469E-05	0	2.31432664672	7589.45703125	
5.834784	-3.29965942898625E-03	-2.79808561537312E-05	0	2.3408845185	7641.6171875	
5.83888	-3.30327228661719E-03	-2.62988792299406E-05	0	2.24380447269	7641.6171875	
5.842976	-0.003301392254765	-2.78082534417187E-05	0	2.2481112577	7641.6171875	
5.847072	-3.29667946603875E-03	-3.00765348272812E-05	0	2.33612760007	7641.6171875	
5.851168	-3.29814284070047E-03	-2.83238442722812E-05	0	2.23057894246	7641.6171875	
5.855264	-3.29861518018828E-03	-2.792496053655E-05	0	2.28088707418	7692.31640625	
5.85936	-3.29972434595031E-03	-2.75983361035594E-05	0	2.28222603037	7692.31640625	
5.863456	-3.30368738945781E-03	-2.5863864520725E-05	0	2.16084259457	7692.31640625	
5.867552	-3.30067505946063E-03	-2.81222663488594E-05	0	2.24792815258	7692.31640625	
5.871648	-3.29896417744437E-03	-2.88121377743719E-05	0	2.26846262885	7692.31640625	
5.875744	-3.30146375485781E-03	-2.70684046623375E-05	0	2.18465007486	7692.31640625	
5.87984	-3.30083817476188E-03	-2.77062268610531E-05	0	2.24087860546	7744.31640625	
5.883936	-0.003303077535725	-2.67738465434344E-05	0	2.20154533687	7744.31640625	
5.888032	-0.00330508758437	-2.61389077552969E-05	0	2.10523204375	7744.31640625	
5.892128	-3.30000458608391E-03	-2.91593179560375E-05	0	2.21906239335	7744.31640625	
5.896224	-3.29954861298562E-03	-2.86453764026719E-05	0	2.17501798261	7744.31640625	
5.90032	-3.30180909482016E-03	-2.70409869012937E-05	0	2.13742039797	7744.31640625	
5.904416	-3.30190116719031E-03	-2.73819185315156E-05	0	2.19346582345	7794.57421875	
5.908512	-3.30560307992406E-03	-2.58648159620812E-05	0	2.1195943516	7794.57421875	
5.912608	-3.30583888393859E-03	-2.63773483822406E-05	0	2.07708344624	7794.57421875	
5.916704	-3.30130630836188E-03	-2.8950192203625E-05	0	2.1952015074	7794.57421875	
5.9208	-3.30244674398547E-03	-2.75981464402875E-05	0	2.09592420015	7844.2734375	
5.924896	-3.30269397704297E-03	-2.72831715148781E-05	0	2.1173818314	7844.2734375	
5.928992	-0.00330264158631	-2.74676662823062E-05	0	2.13631413787	7844.2734375	
5.933088	-3.30647552734812E-03	-2.56480818038156E-05	0	2.01764294666	7844.2734375	
5.937184	-3.30405174734766E-03	-2.74623768645187E-05	0	2.06513965185	7844.2734375	
5.94128	-3.30086523873563E-03	-2.89120758955875E-05	0	2.129359958	7895.43359375	
5.945376	-3.30354877802469E-03	-2.6786659751775E-05	0	2.02225872156	7895.43359375	
5.949472	-3.30408201145344E-03	-2.67305182213781E-05	0	2.08264144957	7895.43359375	
5.953568	-3.30558726212859E-03	-2.63807130423375E-05	0	2.06087101374	7895.43359375	
5.957664	-3.30855671035656E-03	-2.52886994708906E-05	0	1.94694911158	7948.07421875	
5.96176	-3.30418212986984E-03	-2.80776274511906E-05	0	2.05841053869	7948.07421875	
5.965856	-3.30275386522813E-03	-2.82704085084094E-05	0	2.05895222467	7948.07421875	
5.969952	-3.30463197700109E-03	-2.67218663069531E-05	0	1.98514178786	7948.07421875	
5.974048	-3.30377900466625E-03	-2.73198443147437E-05	0	2.04147331509	7948.07421875	
5.978144	-3.30686822926453E-03	-2.58901142540906E-05	0	1.98026279935	8000.09375	
5.98224	-3.30852379471281E-03	-2.55483869515875E-05	0	1.91991821824	8000.09375	
5.986336	-3.30407689124219E-03	-2.83023529476187E-05	0	2.02840800184	8000.09375	
5.990432	-3.30532677138125E-03	-2.7063271013625E-05	0	1.96760565793	8000.09375	
5.994528	-3.30793817055109E-03	-2.56657149592594E-05	0	1.94733058058	8000.09375	
5.998624	-3.30815687671734E-03	-2.61871199667E-05	0	1.99687958899	8050.875	
6.00272	-3.31169914857891E-03	-2.48106497085562E-05	0	1.88806555674	8050.875	
6.006816	-3.31025799197672E-03	-2.61613510020844E-05	0	1.89377233298	8050.875	
6.010912	-3.30611025513484E-03	-2.82658964936906E-05	0	2.00024033088	8050.875	
6.015008	-3.30828058467844E-03	-2.63889587071687E-05	0	1.89251348528	8104.33203125	
6.019104	-3.30888111231219E-03	-2.60755513282687E-05	0	1.9283639419	8104.33203125	
6.0232	-3.31005482930891E-03	-2.5833633781725E-05	0	1.93086637854	8104.33203125	
6.027296	-3.31422450991328E-03	-2.41186340544187E-05	0	1.81588780725	8104.33203125	
6.031392	-3.31116536655609E-03	-2.64391576954312E-05	0	1.88751242669	8104.33203125	
6.035488	-3.30889491859609E-03	-2.74005954359156E-05	0	1.92956938394	8153.21484375	
6.039584	-3.31138718142203E-03	-2.55869816245312E-05	0	1.83376344459	8153.21484375	
6.04368	-3.31092572238312E-03	-2.60434984757063E-05	0	1.90411395757	8153.21484375	
6.047776	-3.31270719016875E-03	-2.53322991869062E-05	0	1.85841778606	8153.21484375	
6.051872	-3.31502984599703E-03	-2.44708613464219E-05	0	1.75903366749	8153.21484375	
6.055968	-3.31051043667781E-03	-2.71860415639312E-05	0	1.87628960871	8203.015625	
6.060064	-3.31037484251203E-03	-2.66758536125812E-05	0	1.83638032193	8203.015625	
6.06416	-3.31266942861078E-03	-2.51918738465625E-05	0	1.80630149128	8203.015625	
6.068256	-3.31282769799781E-03	-2.55544131474844E-05	0	1.84876280567	8203.015625	
6.072352	-3.31689323716266E-03	-2.39366767844531E-05	0	1.77548642546	8203.01171875	
6.076448	-3.31716890567906E-03	-2.45328858036281E-05	0	1.73894550995	8254.453125	
6.080544	-3.31231037379688E-03	-2.72867796843469E-05	0	1.85075025916	8254.453125	
6.08464	-3.31380858418156E-03	-2.57424413248406E-05	0	1.75379228343	8254.453125	
6.088736	-3.31533020124625E-03	-2.48620133591156E-05	0	1.78133053054	8254.453125	
6.092832	-3.31538743789344E-03	-2.52596526249375E-05	0	1.80466498927	8254.453125	
6.096928	-3.31905872079203E-03	-2.36953392854062E-05	0	1.69071638428	8307.07421875	
6.101024	-3.31716341973844E-03	-2.52600559899187E-05	0	1.71999413003	8307.07421875	
6.10512	-3.31475079448391E-03	-2.64413430297844E-05	0	1.80030861329	8307.07421875	
6.109216	-3.31777190198609E-03	-2.44070604486844E-05	0	1.6942564166	8307.07421875	
6.113312	-3.3178661687325E-03	-2.47027159222594E-05	0	1.74791766083	8307.07421875	
6.117408	-3.31932552037109E-03	-2.43628705890281E-05	0	1.7375150012	8358.953125	
6.121504	-3.32257502586797E-03	-2.31220393779375E-05	0	1.62674784767	8358.953125	
6.1256	-3.31830248387687E-03	-2.58449085300656E-05	0	1.73106436041	8358.953125	
6.129696	-3.31685218404031E-03	-2.60574563944406E-05	0	1.71718651819	8358.953125	
6.133792	-3.31947848668219E-03	-2.42051620928906E-05	0	1.65083380033	8358.953125	
6.137888	-3.31964745365344E-03	-2.44635858729281E-05	0	1.71701867183	8409.671875	
6.141984	-3.32309481874219E-03	-2.31738203357719E-05	0	1.66227405564	8409.671875	
6.14608	-3.32525271348703E-03	-2.27952683104781E-05	0	1.58317645849	8409.671875	
6.150176	-3.32140569762375E-03	-2.53814077916437E-05	0	1.71083124465	8409.671875	
6.154272	-3.32258462626406E-03	-2.44367003228906E-05	0	1.63937065688	8461.8125	
6.158368	-3.32399213576375E-03	-2.36860828042781E-05	0	1.62974619401	8461.8125	
6.162464	-3.32342360945031E-03	-2.43025182455344E-05	0	1.66617266882	8461.8125	
6.16656	-3.32726477364359E-03	-2.25592798445438E-05	0	1.56187522953	8461.8125	
6.170656	-3.32632338623234E-03	-2.35677858071906E-05	0	1.57466207041	8461.8125	
6.174752	-3.32222493142375E-03	-2.57313697012969E-05	0	1.66196888044	8511.76953125	
6.178848	-3.32470229077766E-03	-2.37967293282469E-05	0	1.55794228414	8511.76953125	
6.182944	-3.32638638311719E-03	-2.30931367626094E-05	0	1.59990005945	8511.76953125	
6.18704	-3.32813447809734E-03	-2.28448882127812E-05	0	1.60593871372	8511.76953125	
6.191136	-3.33252094478875E-03	-2.13126695526937E-05	0	1.48313621324	8511.76953125	
6.195232	-3.32959684700328E-03	-2.36141646069656E-05	0	1.56839072005	8561.609375	
6.199328	-3.32737961266734E-03	-2.45862203656781E-05	0	1.60783842934	8561.609375	
6.203424	-3.32976599683922E-03	-2.28697487648437E-05	0	1.50953386804	8561.609375	
6.20752	-3.32931258384656E-03	-2.3324651675325E-05	0	1.56757437639	8561.609375	
6.211616	-3.33178683450078E-03	-2.23758184895437E-05	0	1.53245634025	8561.609375	
6.215712	-3.33492844983203E-03	-2.13112200349125E-05	0	1.43553651142	8613.4921875	
6.219808	-3.33118191811453E-03	-2.38539321556594E-05	0	1.54979029161	8613.4921875	
6.223904	-3.33190642800641E-03	-2.32236061032937E-05	0	1.51651093605	8613.4921875	
6.228	-3.33508626205734E-03	-2.15903954768906E-05	0	1.4618655018	8613.4921875	
6.232096	-3.33512365788594E-03	-2.22476443388719E-05	0	1.53082746762	8613.4921875	
6.236192	-3.33879064346438E-03	-2.0939023291725E-05	0	1.44193374655	8665.890625	
6.240288	-3.33930540755969E-03	-2.13398666408812E-05	0	1.4044162704	8665.890625	
6.244384	-3.33522103333203E-03	-2.36953674103781E-05	0	1.52452941443	8665.890625	
6.24848	-3.33703660538188E-03	-2.22532772659312E-05	0	1.43440354849	8665.890625	
6.252576	-3.33822604874172E-03	-2.16839807198437E-05	0	1.45459470266	8665.890625	
6.256672	-0.003338866349445	-2.17925375824406E-05	0	1.47221475577	8717.55078125	
6.260768	-3.34391670638437E-03	-1.97290607997656E-05	0	1.35866287854	8717.55078125	
6.264864	-3.34315964657812E-03	-2.10160938877312E-05	0	1.39707299215	8717.55078125	
6.26896	-3.34083443064422E-03	-2.25377267410969E-05	0	1.47102457249	8717.55078125	
6.273056	-3.34393947303797E-03	-2.07509532874875E-05	0	1.35741547491	8717.55078125	
6.277152	-3.34450790791906E-03	-2.08890185340375E-05	0	1.42331042997	8768.328125	
6.281248	-3.34636398449719E-03	-2.04680112627375E-05	0	1.40207405074	8768.328125	
6.285344	-3.34999823729656E-03	-1.91967541205344E-05	0	1.28666823417	8768.328125	
6.28944	-3.34645486824688E-03	-2.16462730652437E-05	0	1.37849926654	8768.328125	
6.293536	-3.34563124569438E-03	-2.17982676247875E-05	0	1.39996452717	8820.390625	
6.297632	-3.3486225462525E-03	-2.00460003866719E-05	0	1.32021461803	8820.390625	
6.301728	-3.34922133667172E-03	-2.02631590637438E-05	0	1.37179685621	8820.390625	
6.305824	-3.35360396320469E-03	-1.87327163634187E-05	0	1.32010399202	8820.390625	
6.30992	-3.35640060430297E-03	-1.82473033872937E-05	0	1.2490057998	8820.390625	
6.314016	-3.35204485887906E-03	-2.11738494992062E-05	0	1.35930374646	8870.1484375	
6.318112	-3.35285522374172E-03	-2.04398740312594E-05	0	1.29105894236	8870.1484375	
6.322208	-3.35482165915875E-03	-1.94069801122313E-05	0	1.29054014452	8870.1484375	
6.326304	-3.35500141514656E-03	-1.97466824167594E-05	0	1.32553992527	8870.1484375	
6.3304	-3.35889570153156E-03	-1.82213312978813E-05	0	1.23165277499	8870.1484375	
6.334496	-3.35855319597187E-03	-1.90244615043656E-05	0	1.21416242134	8870.1484375	
6.338592	-3.35584716432625E-03	-2.06246084619094E-05	0	1.31889854998	8920.12890625	
6.342688	-3.35934893165953E-03	-1.86359902582219E-05	0	1.21583325556	8920.12890625	
6.346784	-3.36101693190656E-03	-1.83070583756156E-05	0	1.25491475461	8920.12890625	
6.35088	-3.36256085846312E-03	-1.82836910912906E-05	0	1.25978229905	8920.12890625	
6.354976	-3.36706088412547E-03	-1.67406435958781E-05	0	1.14836283353	8920.12890625	
6.359072	-3.36450964743781E-03	-1.88042237438344E-05	0	1.21911770365	8972.34765625	
6.363168	-3.36247683213922E-03	-1.98133857154406E-05	0	1.24120475875	8972.34765625	
6.367264	-3.36521331075531E-03	-1.80845117231625E-05	0	1.15212411787	8972.34765625	
6.37136	-3.36570119374156E-03	-1.81657025073562E-05	0	1.21655041728	8972.34765625	
6.375456	-3.36882013385156E-03	-1.72000859248969E-05	0	1.18460620322	9024.6875	
6.379552	-3.37276991966922E-03	-1.60001900094094E-05	0	1.07924446542	9024.6875	
6.383648	-3.36987370874859E-03	-1.82834367646219E-05	0	1.19872437091	9024.6875	
6.387744	-3.37058157795391E-03	-1.79684168873344E-05	0	1.15703743859	9024.6875	
6.39184	-3.37305171415266E-03	-1.67976221446687E-05	0	1.11900497929	9024.6875	
6.395936	-3.37317021047016E-03	-1.72968396742969E-05	0	1.16106575123	9024.6875	
6.400032	-3.37737829265891E-03	-1.57853685896156E-05	0	1.0925653629	9076.20703125	
6.404128	-3.37824525414234E-03	-1.60725175813125E-05	0	1.05271711116	9076.20703125	
6.408224	-3.37419461844953E-03	-1.84630058158219E-05	0	1.14902658959	9076.20703125	
6.41232	-3.37639877796031E-03	-1.70134813038094E-05	0	1.06040371151	9076.20703125	
6.416416	-3.37902809786953E-03	-1.59026473184906E-05	0	1.07572732124	9076.20703125	
6.420512	-3.38073824842703E-03	-1.58417456967E-05	0	1.10104923346	9127.125	
6.424608	-3.38578988541922E-03	-1.42005571936594E-05	0	0.97769741762	9127.125	
6.428704	-3.38465383854813E-03	-1.56918888754031E-05	0	1.02674670164	9127.125	
6.4328	-3.38223993324078E-03	-1.71742306622906E-05	0	1.09383946936	9127.125	
6.436896	-3.38495721106469E-03	-1.55969851241531E-05	0	0.98856928412	9127.125	
6.440992	-3.3851632995675E-03	-1.57720832663625E-05	0	1.03683655669	9179.265625	
6.445088	-3.38714774715625E-03	-1.52467621570687E-05	0	1.01461217275	9179.265625	
6.449184	-3.39082716753344E-03	-1.39659122359969E-05	0	0.90869349021	9179.265625	
6.45328	-3.38760116014891E-03	-1.61333377128E-05	0	0.9972362598	9179.265625	
6.457376	-3.38753359164688E-03	-1.6083674300925E-05	0	1.00042152595	9228.7265625	
6.461472	-3.39147231415094E-03	-1.41805028867906E-05	0	0.92295661612	9228.7265625	
6.465568	-3.39255926185344E-03	-1.44089009757E-05	0	0.98544505301	9228.7265625	
6.469664	-3.39641880394781E-03	-1.33577376037875E-05	0	0.9175855326	9228.7265625	
6.47376	-3.39873606526781E-03	-1.30832462917406E-05	0	0.84764700614	9228.7265625	
6.477856	-3.39484571047359E-03	-1.55502690651E-05	0	0.96440322297	9279.06640625	
6.481952	-3.39603030791922E-03	-1.47536136117562E-05	0	0.90161724026	9279.06640625	
6.486048	-3.3978526459625E-03	-1.38652471924312E-05	0	0.89036009007	9279.06640625	
6.490144	-3.39832717982656E-03	-1.41163519894031E-05	0	0.91044824761	9279.06640625	
6.49424	-0.003403205461095	-1.23477285176437E-05	0	0.81654965326	9279.06640625	
6.498336	-3.40368840673469E-03	-1.29112825213969E-05	0	0.81233060612	9279.06640625	
6.502432	-3.40103403436328E-03	-1.46618286073875E-05	0	0.90324611289	9331.265625	
6.506528	-3.40392585653141E-03	-1.31623332318844E-05	0	0.80025329758	9331.265625	
6.510624	-3.40563929865328E-03	-1.27325634693469E-05	0	0.84257346844	9331.265625	
6.51472	-3.40735767812172E-03	-1.2605477779125E-05	0	0.83722145837	9383.6640625	
6.518816	-3.41161074502359E-03	-1.12712892094687E-05	0	0.71627289723	9383.6640625	
6.522912	-3.40879974904734E-03	-1.32728364867656E-05	0	0.77939457266	9383.6640625	
6.527008	-3.40689667624453E-03	-1.41327651941437E-05	0	0.82180629608	9383.6640625	
6.531104	-3.40983275166703E-03	-1.2437551023975E-05	0	0.72478347062	9383.6640625	
6.5352	-3.41097081004969E-03	-1.22805343540687E-05	0	0.77305074319	9383.6640625	
6.539296	-3.41508947140625E-03	-1.10602550455031E-05	0	0.73719647188	9383.6640625	
6.543392	-3.41900286715109E-03	-1.01600883975937E-05	0	0.63684342205	9435.10546875	
6.547488	-3.41563413387797E-03	-1.2595250866275E-05	0	0.74132778115	9435.10546875	
6.551584	-3.41603543043469E-03	-1.24316015106937E-05	0	0.70274600649	9435.10546875	
6.55568	-3.41896748283406E-03	-1.10833720896938E-05	0	0.65994899938	9435.10546875	
6.559776	-3.41939666625562E-03	-1.14156585362531E-05	0	0.71247346599	9486.203125	
6.563872	-3.42298959163563E-03	-1.03160557897031E-05	0	0.63045000161	9486.203125	
6.567968	-3.42356424391609E-03	-1.060477016445E-05	0	0.572966438	9486.203125	
6.572064	-3.42022824342203E-03	-1.24933562566312E-05	0	0.69505940614	9486.203125	
6.57616	-3.42307169788031E-03	-1.09871043975E-05	0	0.59161264272	9486.203125	
6.580256	-3.42529076086312E-03	-1.02618995938594E-05	0	0.60661581849	9537.9609375	
6.584352	-3.42641428150313E-03	-1.04329270670625E-05	0	0.62452197335	9537.9609375	
6.588448	-3.43108793718625E-03	-8.9377131776625E-06	0	0.51436898491	9537.9609375	
6.592544	-3.42994192418969E-03	-1.01742338161406E-05	0	0.55157365648	9537.9609375	
6.59664	-3.42755672863828E-03	-1.15124767086656E-05	0	0.60614661162	9587.34375	
6.600736	-3.43014910988063E-03	-1.01242083853969E-05	0	0.49199964275	9587.34375	
6.604832	-3.43068645776484E-03	-1.01149490196562E-05	0	0.55040636134	9587.34375	
6.608928	-3.43275301159828E-03	-9.65510068142812E-06	0	0.53273671726	9587.34375	
6.613024	-3.43729454754469E-03	-8.15869712975625E-06	0	0.41038816489	9587.34375	
6.61712	-3.43501184765063E-03	-9.92289825016875E-06	0	0.50665949642	9637.8828125	
6.621216	-3.43498542370328E-03	-1.01229829058531E-05	0	0.50390529024	9637.8828125	
6.625312	-3.43768578654359E-03	-8.94988552125937E-06	0	0.42689814321	9637.8828125	
6.629408	-3.43791153300031E-03	-9.3038897345625E-06	0	0.47478394678	9637.8828125	
6.633504	-3.44173925663906E-03	-8.14174906978125E-06	0	0.4285422746	9637.8828125	
6.6376	-3.44386752730453E-03	-7.8010643143125E-06	0	0.35075693081	9690.28125	
6.641696	-3.43910947956812E-03	-1.03492692180281E-05	0	0.45297536405	9690.28125	
6.645792	-3.4394843521775E-03	-9.84021299631562E-06	0	0.38256381603	9690.28125	
6.649888	-3.44159616502109E-03	-8.70334754664375E-06	0	0.36485983974	9690.28125	
6.653984	-3.44220766453609E-03	-8.78831068283437E-06	0	0.40467757396	9742.34375	
6.65808	-3.44610094516531E-03	-7.53504078225937E-06	0	0.29418507811	9742.34375	
6.662176	-3.44537963540547E-03	-8.3152964923875E-06	0	0.29564991907	9742.34375	
6.666272	-3.44173002197234E-03	-1.00748120405625E-05	0	0.39456483077	9742.34375	
6.670368	-3.44341594295875E-03	-8.9071670543625E-06	0	0.28410285244	9742.34375	
6.674464	-3.44306365413828E-03	-8.92500213268125E-06	0	0.3145593374	9742.33984375	
6.67856	-3.44238038023344E-03	-9.25616382075E-06	0	0.31558167432	9742.33984375	
6.682656	-3.44436729649547E-03	-8.28547320490312E-06	0	0.19967613336	9793.71875	
6.686752	-3.44002874035219E-03	-1.00284914138062E-05	0	0.25963924547	9793.71875	
6.690848	-3.43710820842812E-03	-1.0749745019475E-05	0	0.30034198777	9793.71875	
6.694944	-3.43896053628016E-03	-9.23577922575E-06	0	0.19578133487	9793.71875	
6.69904	-3.43834089928656E-03	-9.35526901010625E-06	0	0.25935314372	9844.7421875	
6.703136	-3.43965176479891E-03	-8.88726010311562E-06	0	0.21957737109	9844.7421875	
6.707232	-3.44171191836828E-03	-8.09630031715312E-06	0	0.11631752748	9844.7421875	
6.711328	-3.43692470371422E-03	-1.02382462521281E-05	0	0.22922853679	9844.7421875	
6.715424	-0.003435693932935	-1.0276999338375E-05	0	0.20257148307	9844.7421875	
6.71952	-3.43620531403359E-03	-9.47417177581875E-06	0	0.14627810274	9896.421875	
6.723616	-3.43451655864453E-03	-1.00086777316969E-05	0	0.19407998313	9896.421875	
6.727712	-3.43771669067578E-03	-8.59600702898437E-06	0	0.11869789404	9896.421875	
6.731808	-3.43896949664984E-03	-8.2459061771625E-06	0	0.07738098665	9896.421875	
6.735904	-3.4357246542025E-03	-9.90178649243437E-06	0	0.1803966901	9896.421875	
6.74	-3.43810838683641E-03	-8.77723088622187E-06	0	0.10159282408	9945.58203125	
6.744096	-3.44117082175797E-03	-7.7399893753875E-06	0	0.11153009153	9945.58203125	
6.748192	-3.44368228537609E-03	-7.47969708760312E-06	0	0.13523457519	9945.58203125	
6.752288	-3.45006508586094E-03	-5.77330648630312E-06	0	0.02056880848	9945.58203125	
6.756384	-3.45079069294094E-03	-6.54475138793437E-06	0	0.04949941744	9945.58203125	
6.76048	-3.44964458851203E-03	-7.83012630448125E-06	0	0.13561985888	9945.58203125	
6.764576	-3.45361558663344E-03	-6.48301971889687E-06	0	0.02563090211	9996.5	
6.768672	-3.45592425331312E-03	-6.202330336125E-06	0	0.07775864096	9996.5	
6.772768	-3.46006293835297E-03	-5.49117022997812E-06	0	0.06540667474	9996.49609375	
6.776864	-3.46586834358703E-03	-4.15711098711562E-06	0	-0.04187003744	10049.05859375	
6.78096	-3.46462175501234E-03	-5.79306319731562E-06	0	0.04634085412	10049.05859375	
6.785056	-3.46660556257469E-03	-5.69371281589687E-06	0	0.0532912193	10049.05859375	
6.789152	-3.47328277520641E-03	-3.69301890313125E-06	0	-0.009536725	10049.05859375	
6.793248	-3.47865405967234E-03	-2.95290233555625E-06	0	0.0609587462	10049.05859375	
6.797344	-0.0034869516363	-1.46728242694687E-06	0	0.00855634967	10100.87890625	
6.80144	-3.49425049743688E-03	-5.17287223096875E-07	0	-0.07122407699	10100.87890625	
6.805536	-3.49584425462078E-03	-1.90761467892187E-06	0	0.05736530822	10100.87890625	
6.809632	-3.5022669196075E-03	-8.8535344156875E-07	0	-0.00147628503	10100.87890625	
6.813728	-3.50853753260656E-03	7.12605056625E-08	0	-0.00278853839	10100.87890625	
6.817824	-3.51238582852266E-03	-2.12263489659375E-07	0	0.03632729287	10152.19921875	
6.82192	-3.51989690412937E-03	1.0947902513625E-06	0	-0.04692450169	10152.19921875	
6.826016	-3.52272591227734E-03	6.78894753796875E-07	0	-0.04839697203	10152.19921875	
6.830112	-3.52187019697219E-03	-9.06432026259375E-07	0	0.0625990629	10152.19921875	
6.834208	-3.52533996298516E-03	-1.55914988315625E-07	0	-0.03556816956	10152.19921875	
6.838304	-3.52728582612484E-03	-1.3255996359375E-08	0	0.01651379301	10152.19921875	
6.8424	-3.52895565501875E-03	-1.40057792634375E-07	0	0.0345229445	10203.5390625	
6.846496	-3.5339127509675E-03	1.08192944691562E-06	0	-0.08106979188	10203.5390625	
6.850592	-3.53273080505984E-03	-4.46586091875E-08	0	0.01204297633	10203.5390625	
6.854688	-3.53206115457422E-03	-7.328406133125E-07	0	0.12763189802	10203.5390625	
6.858784	-3.53506626141625E-03	2.9689585695E-07	0	0.08241637745	10203.5390625	
6.86288	-3.53604266741516E-03	2.41341345196875E-07	0	0.03915016347	10203.5390625	
6.866976	-3.54027223620469E-03	1.16278729875E-06	0	0.01337048845	10203.5390625	
6.871072	-0.00354296967321	1.59098759170312E-06	0	0.01118848577	10203.5390625	
6.875168	-3.53552497748484E-03	-1.41243296256562E-06	0	0.0053024191	10203.5390625	
6.879264	-3.53065401080391E-03	-2.61778343990625E-06	0	-0.00821302757	10203.5390625	
6.88336	-3.53384920548859E-03	-7.10505299109375E-07	0	-0.00115585107	10203.5390625	
6.887456	-3.53871797779328E-03	1.03622324262188E-06	0	-0.01653286646	10203.5390625	
6.891552	-3.54065670921016E-03	1.047343183425E-06	0	-0.00843809428	10203.5390625	
6.895648	-3.54074274704562E-03	5.92319359603125E-07	0	-0.01337048845	10203.5390625	
6.899744	-3.53821409414687E-03	-5.3692686691875E-07	0	-0.00411605051	10203.5390625	
6.90384	-3.53986499654562E-03	6.267349501875E-08	0	-0.00759504779	10203.5390625	
6.907936	-3.54118500529234E-03	5.3961917191875E-07	0	-0.00977323578	10203.5390625	
6.912032	-3.53806615661469E-03	-6.225541851375E-07	0	-0.00770185911	10203.5390625	
6.916128	-3.53532044333187E-03	-1.24906389516562E-06	0	-0.00662993122	10203.5390625	
6.920224	-3.5339595643275E-03	-1.2273766572375E-06	0	0.00269698583	10203.5390625	
6.92432	-3.53478126680078E-03	-6.09931361221875E-07	0	0.00009155256	10203.5390625	
6.928416	-3.53738882581219E-03	2.85913896778125E-07	0	-0.00006866442	10203.5390625	
6.932512	-3.53770033580734E-03	2.15584640184375E-07	0	0.00246047505	10203.5390625	
6.936608	-3.53604147879469E-03	-5.12856939065625E-07	0	0.00330733623	10203.5390625	
6.940704	-3.53664520656047E-03	-2.97851625225E-07	0	-0.00088500808	10203.5390625	
6.9448	-3.53872373803094E-03	3.41782110140625E-07	0	-0.00669478095	10203.5390625	
6.948896	-3.53956875575188E-03	3.91028455125E-07	0	-0.00989149117	10203.5390625	
6.952992	-3.53795863217844E-03	-2.511910949625E-07	0	-0.01341626473	10203.5390625	
6.957088	-3.53501222490109E-03	-1.07859435409687E-06	0	-0.00974271826	10203.5390625	
6.961184	-3.53467118225891E-03	-8.91746464021875E-07	0	-0.00666426343	10203.5390625	
6.96528	-3.53659665598594E-03	-6.44758970625E-08	0	-0.00983427082	10203.5390625	
6.969376	-3.53677174892422E-03	-5.2021342209375E-08	0	-0.00842665021	10203.5390625	
6.973472	-3.53581692095844E-03	-4.08198870646875E-07	0	-0.00710295278	10203.5390625	
6.977568	-3.53465408441063E-03	-6.98705791678125E-07	0	-0.00394438946	10203.5390625	
6.981664	-3.53527939020953E-03	-4.23798374278125E-07	0	0.00226592586	10203.5390625	
6.98576	-3.53797417567688E-03	3.69449870934375E-07	0	0.00243377222	10203.5390625	
6.989856	-3.53877311149656E-03	4.06571468428125E-07	0	0.00238036656	10203.5390625	
6.993952	-3.53692508096469E-03	-3.390679301625E-07	0	0.00260161858	10203.5390625	
6.998048	-3.53480613639828E-03	-8.88596467171875E-07	0	0.00202941508	10203.5390625	
7.002144	-3.53402823001766E-03	-8.68928698378125E-07	0	-0.00635527354	10203.5390625	
7.00624	-3.53516189964781E-03	-3.60512379871875E-07	0	-0.01268384425	10203.5390625	
7.010336	-3.53687771901062E-03	1.51368358246875E-07	0	-0.01714703155	10203.5390625	
7.014432	-3.53721300141516E-03	7.700713453125E-08	0	-0.014877291	10203.5390625	
7.018528	-3.53818254998828E-03	5.5199704415625E-08	0	-0.00926588201	10203.5390625	
7.022624	-3.54032142680563E-03	0	0	-0.00448607544	10203.5390625	
7.02672	-3.54125787687031E-03	0	0	-0.00112151886	10203.5390625	
7.030816	-3.54061885621984E-03	0	0	0.00070571765	10203.5390625	
7.034912	-3.53863541438688E-03	0	0	0.0021743733	10203.5390625	
7.039008	-3.53678171504969E-03	0	0	0.00359725267	10203.5390625	
7.043104	-3.53653311050703E-03	0	0	-0.00217055861	10203.5390625	
7.0472	-3.53621072006297E-03	0	0	-0.00314330456	10203.5390625	
7.051296	-3.53478492409453E-03	0	0	-0.00459670145	10203.5390625	
7.055392	-3.53326842724109E-03	0	0	-0.00382613407	10203.5390625	
7.059488	-3.53233161144703E-03	0	0	-0.00295638475	10203.5390625	
7.063584	-3.53162237075656E-03	0	0	-0.0069808827	10203.5390625	
7.06768	-3.53010879973812E-03	0	0	-0.008010849	10203.5390625	
7.071776	-3.52681065223438E-03	0	0	-0.00915144131	10203.5390625	
7.075872	-3.52270625432344E-03	0	0	-0.00807951342	10203.5390625	
7.079968	-3.51949661332844E-03	0	0	-0.00821302757	10203.5390625	
7.084064	-3.5171038288925E-03	0	0	-0.00601195144	10203.5390625	
7.08816	-3.51460379431734E-03	0	0	-0.00304412262	10203.5390625	
7.092256	-3.51140585666234E-03	0	0	0.00027465768	10203.5390625	
7.096352	-3.50788580286031E-03	0	0	0.00430297032	10203.5390625	
7.100448	-3.50480563006406E-03	0	0	0.00317763677	10203.5390625	
7.104544	-3.50152951775516E-03	0	0	0.00023651078	10203.5390625	
7.10864	-3.49724627817984E-03	0	0	-0.00329207747	10203.5390625	
7.112736	-3.49231706909594E-03	0	0	-0.00542830387	10203.5390625	
7.116832	-3.48751165940547E-03	0	0	-0.00674055723	10203.5390625	
7.120928	-3.48321168771125E-03	0	0	-0.00844572366	10203.5390625	
7.125024	-3.47920100795266E-03	0	0	-0.00916288538	10203.5390625	
7.12912	-3.47475008145891E-03	0	0	-0.01108548914	10203.5390625	
7.133216	-3.46981575216375E-03	0	0	-0.00692747704	10203.5390625	
7.137312	-3.46558362326859E-03	0	0	-0.00727461383	10203.5390625	
7.141408	-3.46166135858641E-03	0	0	-0.00318145146	10203.5390625	
7.145504	-3.45733496294484E-03	0	0	-0.00093078436	10203.5390625	
7.1496	-3.45222736935828E-03	0	0	0.00220107613	10269.46875	
7.153696	-3.44638182532531E-03	0	0	0.00416564148	10269.46875	
7.157792	-0.00344050107984	0	0	0.0027847237	10269.46875	
7.161888	-3.43490295172922E-03	0	0	-0.00069045889	10269.46875	
7.165984	-3.42917270388172E-03	0	0	-0.0042343059	10269.46875	
7.17008	-3.42325282535328E-03	0	0	-0.00481413878	10269.46875	
7.174176	-3.41758630584938E-03	0	0	-0.00874708417	10269.46875	
7.178272	-3.41198287466266E-03	0	0	-0.00813291908	10269.46875	
7.182368	-3.40628362237969E-03	0	0	-0.00743101612	10269.46875	
7.186464	-3.39990237624469E-03	0	0	-0.00700377084	10269.46875	
7.19056	-3.3927763222375E-03	0	0	-0.00490187665	10269.46875	
7.194656	-3.38542433890891E-03	0	0	-0.00374984027	10269.46875	
7.198752	-3.37807290417437E-03	0	0	-0.0024414016	10269.46875	
7.202848	-3.37069175392813E-03	0	0	-0.00248717788	10269.46875	
7.206944	-3.36343339731953E-03	0	0	-0.00188827155	10269.46875	
7.21104	-3.35608406552891E-03	0	0	-0.00026321361	10269.46875	
7.215136	-3.34894310804969E-03	0	0	0.00126266239	10269.46875	
7.219232	-3.34201765660469E-03	0	0	0.000762938	10269.46875	
7.223328	-3.33459536180375E-03	0	0	-0.00046157749	10269.46875	
7.227424	-3.32638373157922E-03	0	0	-0.00252151009	10269.46875	
7.23152	-3.31774538660641E-03	0	0	-0.00733946356	10269.46875	
7.235616	-3.30904395331641E-03	0	0	-0.00815962191	10269.46875	
7.239712	-3.30067131073453E-03	0	0	-0.01004026408	10269.46875	
7.243808	-3.29256418767891E-03	0	0	-0.00382613407	10269.46875	
7.247904	-3.28442734911156E-03	0	0	0.02310939202	10269.46875	
7.252	-3.27653911508688E-03	0	0	0.0474928905	10269.46875	
7.256096	-3.26907796153984E-03	0	0	0.04888906704	10266.7890625	
7.260192	-3.26174179600672E-03	0	0	0.07532105405	10266.7890625	
7.264288	-3.25386069370484E-03	0	0	0.0700377084	10266.7890625	
7.268384	-3.2447378487425E-03	0	0	-0.02511210427	10266.7890625	
7.27248	-3.23510993151328E-03	0	0	0.04653158862	10266.7890625	
7.276576	-3.2257023662325E-03	-4.1624621836875E-07	0	-0.00289534971	10227.24609375	
7.280672	-3.21490256065344E-03	-1.05500976229688E-06	0	-0.00325011588	10227.24609375	
7.284768	-3.20453239565766E-03	-9.81100941975E-07	0	0.08242019214	10227.24609375	
7.288864	-3.19582383064484E-03	-9.06596449171875E-07	0	-0.03319924707	10227.24609375	
7.29296	-3.18590698720938E-03	-8.39598439246875E-07	0	-0.01590344261	10227.24609375	
7.297056	-3.17401657663406E-03	-8.00370353475E-07	0	0.05585087629	10173.40625	
7.301152	-3.15983642587422E-03	-7.8980449865625E-07	0	-0.03012842162	10173.40625	
7.305248	-3.14292528243891E-03	-8.163405298125E-07	0	0.10892465826	10173.40625	
7.309344	-3.12692846244109E-03	-8.61869570821875E-07	0	0.09636288409	10173.40625	
7.31344	-3.11285537895578E-03	-8.95271941265625E-07	0	-0.02474207934	10173.40625	
7.317536	-3.09452035963125E-03	-9.4115338576875E-07	0	0.14564867889	10120.96484375	
7.321632	-3.07600814442453E-03	-1.01295355435313E-06	0	0.08993894613	10120.96484375	
7.325728	-3.05798500082453E-03	-1.08255300398438E-06	0	0.09519177426	10120.96484375	
7.329824	-3.04134495428844E-03	-1.14802914043125E-06	0	0.2021022762	10120.96484375	
7.33392	-3.03055410907906E-03	-1.17383969154375E-06	0	0.1166532202	10120.96484375	
7.338016	-3.02052864401922E-03	-1.15641398781562E-06	0	0.09789638947	10120.96484375	
7.342112	-3.00791674081937E-03	-1.15402528828125E-06	0	0.20081291098	10069.52734375	
7.346208	-2.99787125207625E-03	-1.15289139518437E-06	0	0.1218030517	10069.52734375	
7.350304	-2.99077930233328E-03	-1.12883877500625E-06	0	0.23541977866	10069.52734375	
7.3544	-2.98629527733109E-03	-1.07899243062187E-06	0	0.25292920576	10069.52734375	
7.358496	-2.98592131904516E-03	-9.9558506210625E-07	0	0.14128467353	10069.52734375	
7.362592	-2.98306862992016E-03	-9.05445008015625E-07	0	0.27624459104	10018.64453125	
7.366688	-2.98077431811844E-03	-8.41134014634375E-07	0	0.2671045938	10018.64453125	
7.370784	-2.98229282648344E-03	-7.587732796875E-07	0	0.24047042822	10018.64453125	
7.37488	-2.98554096049516E-03	-6.57134679403125E-07	0	0.37006689159	10018.64453125	
7.378976	-2.99184531202906E-03	-5.37408356821875E-07	0	0.33193525035	10018.64453125	
7.383072	-2.99893515882813E-03	-3.996332542125E-07	0	0.27579064293	9965.40234375	
7.387168	-3.00273938435453E-03	-2.92116775190625E-07	0	0.42346492221	9965.40234375	
7.391264	-3.00794965646313E-03	-2.071738312875E-07	0	0.33911831162	9965.40234375	
7.39536	-3.01482683163063E-03	-1.16471037375E-07	0	0.39608307739	9965.40234375	
7.399456	-3.02135043792484E-03	-2.8231462153125E-08	0	0.46431643742	9912.7421875	
7.403552	-3.03030989328891E-03	6.1772293996875E-08	0	0.35323266462	9912.7421875	
7.407648	-3.03835429375672E-03	1.586796490125E-07	0	0.4220573016	9912.7421875	
7.411744	-3.04488110018297E-03	2.25917322159375E-07	0	0.48886396757	9912.7421875	
7.41584	-3.05290081391797E-03	2.9143192010625E-07	0	0.41706768708	9860.7421875	
7.419936	-0.003058261217935	3.41510475796875E-07	0	0.54265491126	9860.7421875	
7.424032	-3.06309506308438E-03	3.6572703811875E-07	0	0.55211152777	9860.7421875	
7.428128	-3.06885822657562E-03	3.92805616809375E-07	0	0.44619284523	9860.7421875	
7.432224	-3.06965963106859E-03	3.9350489495625E-07	0	0.61780048957	9860.7421875	
7.43632	-3.06841148814406E-03	3.49271044959375E-07	0	0.56480681609	9860.7421875	
7.440416	-3.06632097903656E-03	2.9038961345625E-07	0	0.55873382961	9808.90234375	
7.444512	-3.06157426891078E-03	2.1191757654375E-07	0	0.68152870071	9808.90234375	
7.448608	-3.05780762207766E-03	1.25756845396875E-07	0	0.6192386277	9808.90234375	
7.452704	-3.05350911330094E-03	5.8588162565625E-08	0	0.57382474325	9808.90234375	
7.4568	-3.04291539622469E-03	-4.83547593375E-08	0	0.71139390872	9808.90234375	
7.460896	-0.00303176778201	-1.84256786896875E-07	0	0.63960525761	9756.14453125	
7.464992	-3.01719236922812E-03	-3.349160112375E-07	0	0.69878254358	9756.14453125	
7.469088	-3.00031578721875E-03	-5.12792035284375E-07	0	0.76159141443	9756.14453125	
7.473184	-2.98530789945094E-03	-6.782329756125E-07	0	0.66732660984	9756.14453125	
7.47728	-2.96639539344328E-03	-8.3709579751875E-07	0	0.74632883974	9705.16015625	
7.481376	-2.9429818560175E-03	-1.04093958405937E-06	0	0.79217378416	9705.16015625	
7.485472	-2.91957910760828E-03	-1.25620883994375E-06	0	0.73399594697	9705.16015625	
7.489568	-2.89463865004188E-03	-1.466761994775E-06	0	0.86760927891	9705.16015625	
7.493664	-2.86855062512906E-03	-1.68090577101562E-06	0	0.86014774527	9705.16015625	
7.49776	-2.84336083156125E-03	-1.87759355509687E-06	0	0.75632714223	9655.50390625	
7.501856	-2.81222144395328E-03	-2.09288204173125E-06	0	0.88712904764	9655.50390625	
7.505952	-2.77996694748094E-03	-2.34217506166875E-06	0	0.87394929369	9655.50390625	
7.510048	-2.74697477485922E-03	-2.58755342205937E-06	0	0.86009433961	9655.50390625	
7.514144	-2.71263269511437E-03	-2.83783682562187E-06	0	0.95561036252	9655.50390625	
7.51824	-2.67975536151641E-03	-3.07173226480312E-06	0	0.90799921663	9603.72265625	
7.522336	-2.64654759142812E-03	-3.28190825655E-06	0	0.86038807074	9603.72265625	
7.526432	-2.61043245567328E-03	-3.5039474575875E-06	0	0.99044229691	9603.72265625	
7.530528	-2.57519671620062E-03	-3.72646622545312E-06	0	0.9271222576	9603.72265625	
7.534624	-2.54105176458891E-03	-3.92798212970625E-06	0	0.99424935753	9603.72265625	
7.53872	-2.50641435837375E-03	-4.11839972775E-06	0	1.05286969876	9551.3203125	
7.542816	-2.47402710213828E-03	-4.29316181260312E-06	0	0.97491269392	9551.3203125	
7.546912	-2.44096617239406E-03	-4.445416708425E-06	0	1.00597571459	9551.3203125	
7.551008	-2.4067172622075E-03	-4.62028360086562E-06	0	1.08857519716	9551.3203125	
7.555104	-2.37412181452531E-03	-4.7827500249375E-06	0	1.01338002788	9551.3203125	
7.5592	-2.34117992969266E-03	-4.9435710179625E-06	0	1.11062410536	9551.3203125	
7.563296	-2.31154387268062E-03	-5.08205669678438E-06	0	1.12835096979	9499.8203125	
7.567392	-2.28558485880484E-03	-5.165946757125E-06	0	1.0170345009	9499.8203125	
7.571488	-2.25807405519094E-03	-5.2391880300375E-06	0	1.13285230399	9499.8203125	
7.575584	-2.23126060606281E-03	-5.33148673581562E-06	0	1.11842133172	9499.8203125	
7.57968	-2.20575646809719E-03	-5.41587895911562E-06	0	1.10033207174	9448.26171875	
7.583776	-2.18188320884703E-03	-5.48773441610625E-06	0	1.21881252845	9448.26171875	
7.587872	-2.16094008191703E-03	-5.5354185030375E-06	0	1.18591464189	9448.26171875	
7.591968	-2.14248153749609E-03	-5.54021970015938E-06	0	1.10238056027	9448.26171875	
7.596064	-2.12130388660438E-03	-5.573400195825E-06	0	1.25105428833	9448.26171875	
7.60016	-2.10307876895703E-03	-5.61671794096875E-06	0	1.18923723688	9395.83984375	
7.604256	-2.08572225857531E-03	-5.64070084967812E-06	0	1.2243247555	9395.83984375	
7.608352	-2.07038987741953E-03	-5.6599799169375E-06	0	1.29959240389	9395.83984375	
7.612448	-2.05961302135875E-03	-5.63018643711562E-06	0	1.23263315032	9395.83984375	
7.616544	-2.04798044999281E-03	-5.57855620028438E-06	0	1.2411856853	9395.83984375	
7.62064	-2.03441371882719E-03	-5.5901030637375E-06	0	1.31691872587	9345	
7.624736	-2.02265524512391E-03	-5.61093140829375E-06	0	1.24280692855	9345	
7.628832	-2.01121815610891E-03	-5.63222369469375E-06	0	1.33403142521	9345	
7.632928	-2.00095030390578E-03	-5.6569145353875E-06	0	1.36150482259	9345	
7.637024	-1.99425745634328E-03	-5.64230036730937E-06	0	1.26108310834	9345	
7.64112	-1.98484815384797E-03	-5.63493595159688E-06	0	1.34781390018	9295.6015625	
7.645216	-1.97612267385156E-03	-5.67763206274687E-06	0	1.37265134677	9295.6015625	
7.649312	-1.9690796404125E-03	-5.68506570915937E-06	0	1.32542548457	9295.6015625	
7.653408	-1.96063138328234E-03	-5.71760269585312E-06	0	1.42937960176	9295.6015625	
7.657504	-1.95497290982469E-03	-5.74179401781562E-06	0	1.43480790563	9244	
7.6616	-1.95046118082234E-03	-5.7257413896375E-06	0	1.32330451693	9244	
7.665696	-1.94172518610641E-03	-5.77563701281875E-06	0	1.47103601656	9244	
7.669792	-1.93427381582016E-03	-5.86172034019687E-06	0	1.41426961467	9244	
7.673888	-1.92665347856266E-03	-5.94052314600938E-06	0	1.41271322115	9244	
7.677984	-1.91823073105641E-03	-6.04254804398437E-06	0	1.51197908433	9191.8984375	
7.68208	-1.91314160680328E-03	-6.11595181673437E-06	0	1.44788084826	9191.8984375	
7.686176	-1.90757950303594E-03	-6.14668880522812E-06	0	1.4047977394	9191.8984375	
7.690272	-1.89803296059266E-03	-6.26861801022187E-06	0	1.53147977961	9191.8984375	
7.694368	-1.89053898283422E-03	-6.39265490541562E-06	0	1.45816906719	9140.3203125	
7.698464	-1.88070570856094E-03	-6.53278313067187E-06	0	1.50919054594	9140.3203125	
7.70256	-1.87128433699625E-03	-6.70047430913437E-06	0	1.57927021593	9140.3203125	
7.706656	-1.86540898601922E-03	-6.79892613375937E-06	0	1.46697337171	9140.3203125	
7.710752	-1.8556801274825E-03	-6.90992530160625E-06	0	1.53705685639	9140.3203125	
7.714848	-0.00184438201563	-7.11023736090937E-06	0	1.58352359528	9140.3203125	
7.718944	-1.83488210368203E-03	-7.28073743079375E-06	0	1.51720520963	9088.87890625	
7.72304	-1.82420746898156E-03	-7.4506002417E-06	0	1.63090204508	9088.87890625	
7.727136	-1.81543197549313E-03	-7.61220921470625E-06	0	1.62557292315	9088.87890625	
7.731232	-1.80952837192187E-03	-7.68304544194687E-06	0	1.50895403516	9088.87890625	
7.735328	-1.79854689027578E-03	-7.82151669770625E-06	0	1.62705302287	9088.87890625	
7.739424	-1.78911774696187E-03	-8.00815136684062E-06	0	1.62367320753	9036.59765625	
7.74352	-1.78005735029031E-03	-8.1450380088E-06	0	1.58015522401	9036.59765625	
7.747616	-1.76882589261641E-03	-8.32735705725E-06	0	1.6886488223	9036.59765625	
7.751712	-1.76193225962703E-03	-8.46115427922187E-06	0	1.65109319925	9036.59765625	
7.755808	-1.75540015012484E-03	-8.514693408375E-06	0	1.56887137099	8986.21875	
7.759904	-1.74477351740484E-03	-8.67951872431875E-06	0	1.711651403	8986.21875	
7.764	-1.73763685724578E-03	-8.8278844413375E-06	0	1.65030355842	8986.21875	
7.768096	-1.73069467368187E-03	-8.92511727679687E-06	0	1.69011747795	8986.21875	
7.772192	-1.72331224338281E-03	-9.056169789975E-06	0	1.75891159741	8986.21875	
7.776288	-1.72049100698406E-03	-9.10793319975E-06	0	1.67704453532	8936.7578125	
7.780384	-1.71551233300219E-03	-9.13855889027812E-06	0	1.66634814456	8936.7578125	
7.78448	-1.70879726738016E-03	-9.28767364500937E-06	0	1.77323194367	8936.7578125	
7.788576	-1.7054502035725E-03	-9.37318798257187E-06	0	1.68469298877	8936.7578125	
7.792672	-1.70006831295469E-03	-9.473280911325E-06	0	1.76271865803	8936.7578125	
7.796768	-1.69690649107547E-03	-9.5893279106625E-06	0	1.79856148527	8884.95703125	
7.800864	-1.69905588261234E-03	-9.54367915823437E-06	0	1.67783036146	8884.95703125	
7.80496	-1.69703339916859E-03	-9.54550199295E-06	0	1.77296491537	8884.95703125	
7.809056	-1.69552348544391E-03	-9.64426102880625E-06	0	1.78022808513	8884.95703125	
7.813152	-0.00169590174105	-0.000009677528784	0	1.7392697586	8884.95703125	
7.817248	-1.69438753000516E-03	-9.75084842221875E-06	0	1.85242109338	8832.91796875	
7.821344	-1.69649678274312E-03	-9.7900507868625E-06	0	1.83859665682	8832.91796875	
7.82544	-1.70052483464703E-03	-9.70899269484375E-06	0	1.72560935371	8832.91796875	
7.829536	-1.69919485977484E-03	-9.78720824162812E-06	0	1.87066675565	8832.91796875	
7.833632	-1.70072982596172E-03	-9.89124732028125E-06	0	1.81965290628	8832.91796875	
7.837728	-1.70247197783953E-03	-9.93135569363437E-06	0	1.81690632948	8781.63671875	
7.841824	-1.7033933415675E-03	-1.00295479031344E-05	0	1.90604419071	8781.63671875	
7.84592	-1.70943299646625E-03	-1.00133241212812E-05	0	1.84714537711	8781.63671875	
7.850016	-1.71400982529734E-03	-9.9445179400875E-06	0	1.78995554463	8781.63671875	
7.854112	-1.71484341397531E-03	-1.00692584403469E-05	0	1.92232147294	8781.63671875	
7.858208	-1.71880060581281E-03	-1.01468170166344E-05	0	1.8379557889	8730.078125	
7.862304	-1.72121643119938E-03	-1.0215668630475E-05	0	1.89834996098	8730.078125	
7.8664	-1.72326936161359E-03	-1.03503374861906E-05	0	1.9554482409	8730.078125	
7.870496	-1.72957252452703E-03	-1.03545843569438E-05	0	1.86425807645	8730.078125	
7.874592	-1.73205747276547E-03	-1.03935117218625E-05	0	1.90337009302	8730.078125	
7.878688	-1.73409193384625E-03	-1.05631706868187E-05	0	1.95877465058	8677.85546875	
7.882784	-1.73871338166109E-03	-1.06101540532969E-05	0	1.8869364085	8677.85546875	
7.88688	-1.74063062647719E-03	-1.07042955456937E-05	0	1.97772984519	8677.85546875	
7.890976	-1.74493590124734E-03	-1.07967495397781E-05	0	1.99728394613	8677.85546875	
7.895072	-1.75212367208656E-03	-1.07259188413781E-05	0	1.87023569568	8627.7578125	
7.899168	-1.75404146549672E-03	-1.0810341112725E-05	0	2.00466918597	8627.7578125	
7.903264	-1.75710545476812E-03	-1.09691029731937E-05	0	1.97420125694	8627.7578125	
7.90736	-1.76079621275594E-03	-1.10469644337937E-05	0	1.940532803	8627.7578125	
7.911456	-1.76233337331906E-03	-1.12058729287312E-05	0	2.04872504078	8627.7578125	
7.915552	-1.76762337443141E-03	-1.12894245278719E-05	0	2.00291442857	8578.1171875	
7.919648	-1.77373416369359E-03	-1.12360856389031E-05	0	1.9245492519	8578.1171875	
7.923744	-1.77574412090625E-03	-1.13706261293625E-05	0	2.06208408516	8578.1171875	
7.92784	-1.78073093236672E-03	-1.14601036841156E-05	0	1.99680710988	8578.1171875	
7.931936	-1.78426442672328E-03	-1.15284925580344E-05	0	2.01572415759	8578.1171875	
7.936032	-1.78744727804156E-03	-1.16779513028062E-05	0	2.10390453163	8526.078125	
7.940128	-1.79570471587031E-03	-1.16347234614187E-05	0	2.00993727286	8526.078125	
7.944224	-1.80124734454844E-03	-1.15751636652094E-05	0	2.02644343649	8526.078125	
7.94832	-1.80386806981734E-03	-1.17371904262594E-05	0	2.10599879644	8526.078125	
7.952416	-1.80889977455859E-03	-1.181914587315E-05	0	2.02445979769	8526.078125	
7.956512	-1.81286967549188E-03	-1.1899632331125E-05	0	2.10563640089	8474.1171875	
7.960608	-1.81853875510141E-03	-1.19694695209031E-05	0	2.13892720052	8474.1171875	
7.964704	-1.82796990992687E-03	-1.1841147774225E-05	0	2.01686856459	8474.1171875	
7.9688	-1.83284215666062E-03	-1.18468355089219E-05	0	2.10684184293	8474.1171875	
7.972896	-1.83829061002469E-03	-1.197340725735E-05	0	2.13777134945	8474.1171875	
7.976992	-1.8450973822875E-03	-1.19750824960594E-05	0	2.07149874008	8422.875	
7.981088	-1.84975348296063E-03	-1.20778138837125E-05	0	2.18209804725	8422.875	
7.985184	-1.85754571302437E-03	-1.21053381350344E-05	0	2.16411941328	8422.875	
7.98928	-1.86651431162281E-03	-1.19855815240219E-05	0	2.05992497062	8422.875	
7.993376	-1.87085762224797E-03	-1.20958650675844E-05	0	2.20151100466	8422.875	
7.997472	-1.87722497066672E-03	-1.22089813006219E-05	0	2.14826556164	8371.13671875	
8.001568	-1.88386807903422E-03	-1.22134394692406E-05	0	2.15547914043	8371.13671875	
8.005664	-1.88941948521734E-03	-1.2289628094975E-05	0	2.24345352121	8371.13671875	
8.00976	-1.89822963156406E-03	-1.22539641883312E-05	0	2.18221248795	8371.13671875	
8.013856	-1.90613679208391E-03	-1.21594861578094E-05	0	2.12075401736	8371.13671875	
8.017952	-1.91090252013719E-03	-1.23078939420937E-05	0	2.25536298339	8319.07421875	
8.022048	-1.91815145921437E-03	-1.23491912565656E-05	0	2.16908613966	8319.07421875	
8.026144	-1.92263749572813E-03	-1.24640603724656E-05	0	2.22901491956	8319.07421875	
8.03024	-1.92807753731656E-03	-1.26097236883406E-05	0	2.28531592927	8319.07421875	
8.034336	-1.93760707334391E-03	-1.25098084036406E-05	0	2.17753186332	8319.07421875	
8.038432	-1.94432277899234E-03	-1.24578772055719E-05	0	2.22241932055	8269.07421875	
8.042528	-1.94999176716953E-03	-1.25869261149844E-05	0	2.28546851687	8269.07421875	
8.046624	-1.95698844441031E-03	-1.26113871482156E-05	0	2.20849951674	8269.07421875	
8.05072	-0.00196272033804	-1.26849204881437E-05	0	2.31861435828	8269.07421875	
8.054816	-1.97036499630094E-03	-1.27117368074812E-05	0	2.32618651793	8269.07421875	
8.058912	-0.0019809073284	-1.25014478350781E-05	0	2.20381889211	8219.39453125	
8.063008	-0.001986469340735	-1.25278737701906E-05	0	2.31018007869	8219.39453125	
8.067104	-1.99305283521438E-03	-1.26418897619437E-05	0	2.30354633278	8219.39453125	
8.0712	-1.99952487366672E-03	-1.2670423868025E-05	0	2.27481790239	8219.39453125	
8.075296	-2.00533850781172E-03	-1.27770355402594E-05	0	2.37290502636	8219.39453125	
8.079392	-2.01512103713422E-03	-1.26831627975937E-05	0	2.34226162159	8167.11328125	
8.083488	-2.02495229989594E-03	-1.24770680517656E-05	0	2.2466235286	8167.11328125	
8.087584	-2.03085901216688E-03	-1.25698453628344E-05	0	2.39365312527	8167.11328125	
8.09168	-2.03838517411031E-03	-1.2624689298375E-05	0	2.31950699574	8167.11328125	
8.095776	-2.04566364583453E-03	-1.26362606810344E-05	0	2.35400323741	8167.11328125	
8.099872	-2.05262064143813E-03	-1.26879171197625E-05	0	2.43328012499	8167.11328125	
8.103968	-2.06236156904422E-03	-1.2592970099325E-05	0	2.35731820302	8115.234375	
8.108064	-2.07006510973453E-03	-1.25093019137625E-05	0	2.34889155281	8115.234375	
8.11216	-2.07567000383875E-03	-1.26585137837812E-05	0	2.4409438372	8115.234375	
8.116256	-2.08349249800828E-03	-1.26392746203281E-05	0	2.35832146649	8064.1328125	
8.120352	-2.08907809988797E-03	-1.27173935325937E-05	0	2.43199838915	8064.1328125	
8.124448	-2.09676810859141E-03	-1.27375887047062E-05	0	2.47872834165	8064.1328125	
8.128544	-2.10699408478109E-03	-1.25297853067406E-05	0	2.34352809867	8064.1328125	
8.13264	-2.11376336978297E-03	-1.25055992732344E-05	0	2.46001347251	8064.1328125	
8.136736	-2.11994072179141E-03	-1.26220806471375E-05	0	2.4570799759	8012.1328125	
8.140832	-2.12599793170016E-03	-1.26980716769156E-05	0	2.40248794731	8012.1328125	
8.144928	-2.13161882646453E-03	-0.000012792525669	0	2.52255150037	8012.1328125	
8.149024	-2.13858889689328E-03	-1.281682949085E-05	0	2.50786112918	8012.1328125	
8.15312	-2.14755274100984E-03	-1.26427351937906E-05	0	2.39032671559	8012.1328125	
8.157216	-2.1523305381325E-03	-1.27321086621094E-05	0	2.53393453533	7960.4765625	
8.161312	-2.15919838720094E-03	-1.27891946627156E-05	0	2.4912214514	7960.4765625	
8.165408	-2.16460523884859E-03	-1.28044535416875E-05	0	2.48060516913	7960.4765625	
8.169504	-2.17008112191578E-03	-1.28987743608281E-05	0	2.57913861183	7960.4765625	
8.1736	-2.17890800038141E-03	-1.27373225992031E-05	0	2.50710582056	7960.4765625	
8.177696	-2.18656262476781E-03	-1.25739181953E-05	0	2.47585588008	7960.47265625	
8.181792	-2.19124332074141E-03	-1.27084286377125E-05	0	2.59587365686	7960.47265625	
8.185888	-2.19632961059188E-03	-1.28180828549812E-05	0	2.50871943443	7910.47265625	
8.189984	-0.00220150943573	-1.28939981636812E-05	0	2.57190977428	7910.47265625	
8.19408	-2.20738460384234E-03	-1.29121080013406E-05	0	2.62847781229	7910.47265625	
8.198176	-2.21619063573359E-03	-1.27279000124719E-05	0	2.52421089052	7860.65234375	
8.202272	-2.22223504511422E-03	-1.263319121295E-05	0	2.56222809106	7860.65234375	
8.206368	-2.2273343183575E-03	-1.27826860153781E-05	0	2.63830445373	7860.65234375	
8.210464	-2.23363976707953E-03	-1.27393105779844E-05	0	2.55824174001	7860.65234375	
8.21456	-2.23832997201687E-03	-1.2847127537475E-05	0	2.6638361739	7860.65234375	
8.218656	-2.24554873842063E-03	-1.27591497408375E-05	0	2.67080942722	7808.29296875	
8.222752	-2.25360219069047E-03	-1.25554754252812E-05	0	2.5464200157	7808.29296875	
8.226848	-2.25837697054578E-03	-1.25961751441969E-05	0	2.67969002554	7808.29296875	
8.230944	-2.26341324690422E-03	-1.27053695061562E-05	0	2.65753430602	7808.29296875	
8.23504	-2.26871495135656E-03	-1.27314365473969E-05	0	2.631373162	7808.29296875	
8.239136	-2.27385920931297E-03	-1.27607610373031E-05	0	2.73698666934	7756.61328125	
8.243232	-0.00228098681767	-1.26770534287031E-05	0	2.69807683134	7756.61328125	
8.247328	-2.28892387656625E-03	-1.24367118421219E-05	0	2.60044747017	7756.61328125	
8.251424	-2.29308962557984E-03	-1.25559170113781E-05	0	2.7498192865	7756.61328125	
8.25552	-2.29897731992328E-03	-1.25785787675625E-05	0	2.69319402814	7756.61328125	
8.259616	-2.30244150856328E-03	-1.27007755203656E-05	0	2.71387727732	7705.47265625	
8.263712	-2.30689097213953E-03	-1.2817766028375E-05	0	2.79161303014	7705.47265625	
8.267808	-2.31454806519922E-03	-1.26285544387406E-05	0	2.70997103476	7705.47265625	
8.271904	-2.32055068999875E-03	-1.2474500987025E-05	0	2.70215854964	7705.47265625	
8.276	-2.32463972727594E-03	-1.25830638592312E-05	0	2.80052033129	7705.47265625	
8.280096	-2.32942767338875E-03	-1.26135462806719E-05	0	2.72144180759	7705.47265625	
8.284192	-2.33432341823484E-03	-1.26170212771969E-05	0	2.81185377528	7653.29296875	
8.288288	-2.3399614108475E-03	-1.25705338236844E-05	0	2.84185631213	7653.29296875	
8.292384	-2.34814113118406E-03	-1.2313966532175E-05	0	2.72911314918	7653.29296875	
8.29648	-2.35233604711531E-03	-1.2307835769075E-05	0	2.79998246	7653.29296875	
8.300576	-2.35629086171188E-03	-1.24935165930094E-05	0	2.83563836743	7601.85546875	
8.304672	-2.36027520895547E-03	-1.25358679929656E-05	0	2.78310245675	7601.85546875	
8.308768	-2.36349984485484E-03	-1.26863990924344E-05	0	2.88088440552	7601.85546875	
8.312864	-2.37000598757141E-03	-1.25441312058562E-05	0	2.87626863062	7601.85546875	
8.31696	-2.37712317264125E-03	-1.22693016729937E-05	0	2.76364372306	7552.03515625	
8.321056	-2.38103702554781E-03	-1.23252763766344E-05	0	2.91214960476	7552.03515625	
8.325152	-2.38522444402687E-03	-1.2401354906325E-05	0	2.85665349464	7552.03515625	
8.329248	-2.38990824870016E-03	-1.23850325668781E-05	0	2.8633826078	7552.03515625	
8.333344	-2.39434591750406E-03	-1.23729897904594E-05	0	2.95790681131	7501.89453125	
8.33744	-2.40055033348625E-03	-1.22589399045094E-05	0	2.90798777797	7501.89453125	
8.341536	-2.40613300953094E-03	-1.20837287816437E-05	0	2.85533742659	7501.89453125	
8.345632	-2.40840830340516E-03	-1.23254018572781E-05	0	2.97482877615	7501.89453125	
8.349728	-2.41314212157047E-03	-1.23087610085344E-05	0	2.90233440739	7501.89453125	
8.353824	-2.41558382231031E-03	-1.24310880496687E-05	0	2.94846163887	7501.89453125	
8.35792	-2.42015159933938E-03	-1.24288209846281E-05	0	3.00988959194	7501.89453125	
8.362016	-2.42716098567594E-03	-1.21462953056156E-05	0	2.91402643224	7449.35546875	
8.366112	-2.43224444112375E-03	-1.20015009792562E-05	0	2.9715290693	7449.35546875	
8.370208	-2.43579174176422E-03	-1.21080001516031E-05	0	3.01216314718	7449.35546875	
8.374304	-2.43944172092672E-03	-1.21769171499937E-05	0	2.94388019618	7449.35546875	
8.3784	-2.44284556421984E-03	-1.22333868050625E-05	0	3.0495776267	7449.35546875	
8.382496	-2.44703764574844E-03	-1.22146981218281E-05	0	3.06444347363	7397.79296875	
8.386592	-2.45361437423438E-03	-1.19408209918594E-05	0	2.94155323528	7397.79296875	
8.390688	-2.45618408025547E-03	-1.20021988150969E-05	0	3.06039608754	7397.79296875	
8.394784	-2.46010991079906E-03	-1.20848780593406E-05	0	3.05409803435	7397.79296875	
8.39888	-2.46335676475797E-03	-1.20715273515375E-05	0	3.0196704571	7346.671875	
8.402976	-0.002466628122585	-1.21561614015187E-05	0	3.11907364912	7346.671875	
8.407072	-2.47283491580812E-03	-1.19246010561562E-05	0	3.08674415137	7346.671875	
8.411168	-2.47884302654828E-03	-1.16535465195187E-05	0	3.0136051	7346.671875	
8.415264	-2.48124166265422E-03	-1.18089372295125E-05	0	3.15367670211	7346.671875	
8.41936	-2.48417188640672E-03	-1.19425224324656E-05	0	3.08044609818	7294.3515625	
8.423456	-2.48688971282469E-03	-1.20181483183781E-05	0	3.10555057307	7294.3515625	
8.427552	-2.48994794185844E-03	-1.20568134239437E-05	0	3.19186937839	7294.3515625	
8.431648	-2.49560102080781E-03	-1.18552186736156E-05	0	3.10883502116	7294.3515625	
8.435744	-2.49992037615891E-03	-1.16746508253375E-05	0	3.10170918024	7243.25390625	
8.43984	-2.50206355029641E-03	-1.18747090387406E-05	0	3.21029814578	7243.25390625	
8.443936	-2.50612735224672E-03	-1.18058579056687E-05	0	3.13661359374	7243.25390625	
8.448032	-2.50801204714844E-03	-1.19273121111375E-05	0	3.19851456837	7243.25390625	
8.452128	-2.51196430163938E-03	-1.18759386048187E-05	0	3.25150824185	7243.25390625	
8.456224	-2.51756361837063E-03	-1.158883071885E-05	0	3.13336347786	7243.25390625	
8.46032	-2.51957823863281E-03	-1.16531842602656E-05	0	3.23183207083	7193.3515625	
8.464416	-2.52112957120922E-03	-1.18717989454969E-05	0	3.24647666574	7193.3515625	
8.468512	-2.52333464504344E-03	-1.19381851771875E-05	0	3.19227373553	7193.3515625	
8.472608	-2.52573538409328E-03	-1.19467358897906E-05	0	3.30849589576	7193.3515625	
8.476704	-2.52906699583484E-03	-1.18970739202219E-05	0	3.28948729549	7142.8515625	
8.4808	-2.53441871377922E-03	-1.15837701469875E-05	0	3.18537296132	7142.8515625	
8.484896	-2.53572912212984E-03	-1.17103289146594E-05	0	3.32111489028	7142.8515625	
8.488992	-2.53865852299125E-03	-1.176252285285E-05	0	3.29595700973	7142.8515625	
8.493088	-2.53992934113703E-03	-1.18494249294094E-05	0	3.28458541884	7142.8515625	
8.497184	-2.54115837470172E-03	-1.20295922973187E-05	0	3.37812543233	7090.21484375	
8.50128	-2.54560866116906E-03	-1.18198602955125E-05	0	3.32288109175	7090.21484375	
8.505376	-2.54902713363719E-03	-1.16274696225187E-05	0	3.27676148965	7090.21484375	
8.509472	-2.55012523608562E-03	-1.17854531183812E-05	0	3.39988823878	7090.21484375	
8.513568	-2.55172630785703E-03	-1.18745660100375E-05	0	3.32353721843	7090.21484375	
8.517664	-2.55357744708859E-03	-1.19045001147187E-05	0	3.38989756567	7090.21484375	
8.52176	-2.55615309621203E-03	-1.18615350134531E-05	0	3.44678985233	7038.7734375	
8.525856	-2.56165366601203E-03	-1.15383951923625E-05	0	3.35308962186	7038.7734375	
8.529952	-2.56444591835781E-03	-1.1405490517575E-05	0	3.37468076726	7038.7734375	
8.534048	-2.56564039049656E-03	-1.16622114147E-05	0	3.45726880576	7038.7734375	
8.538144	-0.00256775960936	-1.16563962762844E-05	0	3.38765834264	6987.5546875	
8.54224	-2.56800199650328E-03	-1.19002505997375E-05	0	3.47719674632	6987.5546875	
8.546336	-2.57134019137359E-03	-1.17879514331906E-05	0	3.49990559589	6987.5546875	
8.550432	-2.57592543198031E-03	-1.14759993412969E-05	0	3.38579295923	6987.5546875	
8.554528	-2.57771640872969E-03	-1.15038483519094E-05	0	3.50290012754	6987.5546875	
8.558624	-2.57932909240875E-03	-1.1635994133225E-05	0	3.48637870515	6935.21484375	
8.56272	-2.58172443695031E-03	-1.16260104893625E-05	0	3.46578319384	6935.21484375	
8.566816	-2.58374362882969E-03	-1.16227011176719E-05	0	3.57717214184	6935.21484375	
8.570912	-2.58708676104656E-03	-1.15414927854187E-05	0	3.54993144055	6935.21484375	
8.575008	-2.59120533097078E-03	-1.12739185337625E-05	0	3.45501432397	6935.21484375	
8.579104	-2.59105830776203E-03	-1.1550621141675E-05	0	3.60497741725	6884.65234375	
8.5832	-2.59325368976781E-03	-1.1577194192025E-05	0	3.5414437553	6884.65234375	
8.587296	-2.59316737763531E-03	-1.17448829666437E-05	0	3.56405342293	6884.65234375	
8.591392	-2.59435855820969E-03	-1.18465001727187E-05	0	3.64512321481	6884.65234375	
8.595488	-2.59837252953266E-03	-1.15621492551469E-05	0	3.58072743292	6884.65234375	
8.599584	-2.60137964788625E-03	-1.1348713651275E-05	0	3.57954106433	6834.61328125	
8.60368	-2.60208724279453E-03	-1.15305598636594E-05	0	3.66692035347	6834.61328125	
8.607776	-2.60365896478359E-03	-1.15932732624844E-05	0	3.59175188702	6834.61328125	
8.611872	-2.60452044032641E-03	-1.16692462634344E-05	0	3.67494264654	6834.61328125	
8.615968	-2.60581521374625E-03	-1.17348500439844E-05	0	3.72071511185	6834.61328125	
8.620064	-2.60995271016563E-03	-1.14496969637531E-05	0	3.60907057962	6784.03515625	
8.62416	-2.61071937036797E-03	-1.14617426247844E-05	0	3.68886626504	6784.03515625	
8.628256	-2.61148502481453E-03	-1.16898503293687E-05	0	3.73402837995	6784.03515625	
8.632352	-2.6126170486625E-03	-1.16648032390312E-05	0	3.66653125509	6784.03515625	
8.636448	-2.61270893816797E-03	-1.1867220825075E-05	0	3.76895949628	6784.03515625	
8.640544	-2.61657853782016E-03	-1.160088455295E-05	0	3.77568098006	6731.3515625	
8.64464	-2.62124963339766E-03	-1.11728982020906E-05	0	3.66463153947	6731.3515625	
8.648736	-2.62238750891562E-03	-1.12425139978594E-05	0	3.81370962467	6731.3515625	
8.652832	-2.62341411127125E-03	-1.14176717553937E-05	0	3.76976821056	6731.3515625	
8.656928	-2.62469855283625E-03	-1.14784882811156E-05	0	3.76243637638	6680.15234375	
8.661024	-2.6257452703075E-03	-1.15353882242156E-05	0	3.87262751172	6680.15234375	
8.66512	-2.62899203283406E-03	-1.14001907632594E-05	0	3.82592044736	6680.15234375	
8.669216	-2.63260361041219E-03	-1.10699961415312E-05	0	3.75357103682	6680.15234375	
8.673312	-2.63209405796047E-03	-1.14107729642156E-05	0	3.90980548046	6680.15234375	
8.677408	-2.63468095326219E-03	-1.13336129452219E-05	0	3.83291277413	6680.15234375	
8.681504	-2.63447733343266E-03	-1.15061382534656E-05	0	3.86966349759	6628.734375	
8.6856	-2.63666384650109E-03	-1.14827772191344E-05	0	3.95985421326	6628.734375	
8.689696	-0.00264073578593	-1.115213884785E-05	0	3.85612897747	6628.734375	
8.693792	-2.64268942081891E-03	-1.10662675394906E-05	0	3.89862462407	6628.734375	
8.697888	-2.64253270578172E-03	-1.13637501747E-05	0	3.97534566935	6576.29296875	
8.701984	-2.64317849242562E-03	-1.14887546170031E-05	0	3.89442846507	6576.29296875	
8.70608	-2.64369974821734E-03	-1.15475793177937E-05	0	4.01200102556	6576.29296875	
8.710176	-2.64518799247656E-03	-1.15491567200625E-05	0	4.02916713056	6576.29296875	
8.714272	-2.64985917948641E-03	-1.11058290383906E-05	0	3.90438099128	6526.171875	
8.718368	-2.6502871742875E-03	-1.11742806526312E-05	0	4.01449964751	6526.171875	
8.722464	-2.65202758895078E-03	-1.12836827066906E-05	0	4.04488365336	6526.171875	
8.72656	-2.65301021234906E-03	-1.12652858500875E-05	0	3.99282839362	6526.171875	
8.730656	-2.65300609789359E-03	-1.14849219285281E-05	0	4.10837153903	6526.171875	
8.734752	-2.65612357508609E-03	-1.12520476421719E-05	0	4.09176237877	6475.9921875	
8.738848	-2.65949880005562E-03	-1.09426215092906E-05	0	3.98973086534	6475.9921875	
8.742944	-2.65907318249547E-03	-1.11933611623969E-05	0	4.14469501721	6475.9921875	
8.74704	-2.65942812285391E-03	-1.13773725168469E-05	0	4.07834611404	6475.9921875	
8.751136	-2.66010508792703E-03	-1.14128227217812E-05	0	4.11298731393	6475.9921875	
8.755232	-2.66085986192469E-03	-1.1460882769875E-05	0	4.20202599322	6425.07421875	
8.759328	-0.00266509628814	-1.1092402369125E-05	0	4.13698171403	6425.07421875	
8.763424	-2.66843311152516E-03	-1.074907771245E-05	0	4.09705716849	6425.07421875	
8.76752	-2.66844947791469E-03	-1.10599141804594E-05	0	4.2341151655	6425.07421875	
8.771616	-2.67046062374781E-03	-1.10097889902E-05	0	4.15460558183	6425.07421875	
8.775712	-2.67023314007656E-03	-1.12204551256875E-05	0	4.23028521674	6372.53515625	
8.779808	-2.67203454011313E-03	-1.1212348403025E-05	0	4.28138680398	6372.53515625	
8.783904	-2.67642347547781E-03	-1.07969904049219E-05	0	4.18231930468	6372.53515625	
8.788	-2.67782010452859E-03	-1.07525241032344E-05	0	4.24024918702	6372.53515625	
8.792096	-2.67833294854469E-03	-1.10082262513781E-05	0	4.28640693602	6372.53515625	
8.796192	-2.68041824600859E-03	-1.09172249000719E-05	0	4.23976853608	6321.47265625	
8.800288	-2.68180362888109E-03	-1.09139080764656E-05	0	4.35102396993	6321.47265625	
8.804384	-2.6844024103875E-03	-1.08281473449187E-05	0	4.35482721586	6321.47265625	
8.80848	-2.68919666533203E-03	-1.03938355196156E-05	0	4.24535324224	6321.47265625	
8.812576	-2.68920589999875E-03	-1.05929583974156E-05	0	4.38610004448	6270.15234375	
8.816672	-2.69041628136531E-03	-1.07540688132281E-05	0	4.3572915056	6270.15234375	
8.820768	-2.69065967426438E-03	-1.08264860485031E-05	0	4.34621746053	6270.15234375	
8.824864	-2.69070950489172E-03	-1.10394437682375E-05	0	4.44408333248	6270.15234375	
8.82896	-2.69423166163766E-03	-1.07400337311094E-05	0	4.41736524372	6270.15234375	
8.833056	-2.69799510833875E-03	-1.03217944858875E-05	0	4.35340433649	6217.79296875	
8.837152	-2.69810693009516E-03	-1.05575449712906E-05	0	4.48776916236	6217.79296875	
8.841248	-2.69930158509859E-03	-1.06520071364437E-05	0	4.41743772283	6217.79296875	
8.845344	-2.70028365990281E-03	-1.06775446109062E-05	0	4.47050006073	6217.79296875	
8.84944	-2.70103989681797E-03	-1.0738214261775E-05	0	4.54223912087	6217.79296875	
8.853536	-2.70462989636297E-03	-1.04689229445281E-05	0	4.45601186811	6217.79296875	
8.857632	-2.7058546326075E-03	-1.03732884247781E-05	0	4.48321060781	6168.0546875	
8.861728	-2.70489431870109E-03	-1.07866649344781E-05	0	4.57471739153	6168.0546875	
8.865824	-2.70587319337328E-03	-1.07463217055906E-05	0	4.50438976669	6168.0546875	
8.86992	-2.70510013290688E-03	-1.09622916819281E-05	0	4.58182034431	6168.0546875	
8.874016	-2.70715132610656E-03	-1.08193495171781E-05	0	4.6329028581	6168.0546875	
8.878112	-2.71166790102313E-03	-1.02773168861344E-05	0	4.51203822014	6117.5546875	
8.882208	-2.7125840531075E-03	-1.02940358598E-05	0	4.63743470982	6117.5546875	
8.886304	-2.71295106253531E-03	-1.05289065383906E-05	0	4.63654588705	6117.5546875	
8.8904	-2.71406607996734E-03	-1.05434399373187E-05	0	4.59936028893	6117.5546875	
8.894496	-2.71466194455156E-03	-1.05798499970625E-05	0	4.7166353036	6066.4140625	
8.898592	-2.71665151235156E-03	-1.05083113666781E-05	0	4.69981633539	6066.4140625	
8.902688	-2.72036869428672E-03	-1.01050569622406E-05	0	4.60611229023	6066.4140625	
8.906784	-2.71954077441406E-03	-1.040557805595E-05	0	4.75559854726	6066.4140625	
8.91088	-2.72138185608781E-03	-1.03989843125437E-05	0	4.71664293298	6066.4140625	
8.914976	-2.7220754618475E-03	-1.03694259286406E-05	0	4.71696336694	6013.953125	
8.919072	-2.72334207410547E-03	-1.04054434407E-05	0	4.82074200839	6013.953125	
8.923168	-2.72793060627656E-03	-9.93543982416562E-06	0	4.75805139293	6013.953125	
8.927264	-2.7310519236275E-03	-9.66345115384687E-06	0	4.74218228253	6013.953125	
8.93136	-2.73090160885437E-03	-9.99525130281562E-06	0	4.86353520081	6013.953125	
8.935456	-2.73178502815969E-03	-1.01129112813094E-05	0	4.78941577411	5962.93359375	
8.939552	-2.73235849181969E-03	-1.01692044942469E-05	0	4.8721602149	5962.93359375	
8.943648	-2.73307815579734E-03	-1.02573815695312E-05	0	4.92073266267	5962.93359375	
8.947744	-2.73743920429719E-03	-9.82860940215E-06	0	4.82527386011	5962.93359375	
8.95184	-2.73886600602141E-03	-9.70235399955937E-06	0	4.87850022968	5962.93359375	
8.955936	-2.73958438994625E-03	-9.93724126467187E-06	0	4.95689592387	5911.11328125	
8.960032	-2.74166731016922E-03	-9.76786330905E-06	0	4.88935683742	5911.11328125	
8.964128	-2.7417341472125E-03	-9.98210083519687E-06	0	4.99387552873	5911.11328125	
8.968224	-2.74468421178359E-03	-9.79083804569062E-06	0	5.01310538102	5911.11328125	
8.97232	-2.74912288634328E-03	-9.31429044531562E-06	0	4.90127392898	5911.11328125	
8.976416	-2.74954896106516E-03	-9.461623230675E-06	0	5.03903764364	5911.1171875	
8.980512	-2.74992392510687E-03	-9.71180158626562E-06	0	5.02380177178	5859.09375	
8.984608	-2.75144170201313E-03	-9.67686748658437E-06	0	5.01486395311	5859.09375	
8.988704	-2.75255589655406E-03	-9.68475329600625E-06	0	5.11742570845	5859.09375	
8.9928	-0.00275630626843	-9.40165958871562E-06	0	5.09073813721	5859.09375	
8.996896	-0.002761166080365	-8.83658611532812E-06	0	5.01285742617	5809.49609375	
9.000992	-2.76146670991125E-03	-9.12556803788437E-06	0	5.1632592088	5809.49609375	
9.005088	-2.76430714710219E-03	-9.04583855030625E-06	0	5.10301380963	5809.49609375	
9.009184	-2.7649682029475E-03	-9.17024515666875E-06	0	5.14877101618	5809.49609375	
9.01328	-2.76666857024422E-03	-9.21731626344375E-06	0	5.22873073327	5809.49609375	
9.017376	-2.7709164255025E-03	-8.83729573000313E-06	0	5.15331812666	5758.9140625	
9.021472	-2.7731634667825E-03	-8.68076583845625E-06	0	5.16908424043	5758.9140625	
9.025568	-2.77313100830047E-03	-9.01707824252813E-06	0	5.25457144333	5758.9140625	
9.029664	-2.77511225575719E-03	-8.95852685877187E-06	0	5.19782411489	5758.9140625	
9.03376	-2.77673618561453E-03	-8.87783967984375E-06	0	5.29647581298	5758.9140625	
9.037856	-2.77890806950797E-03	-8.8066075395375E-06	0	5.3289693424	5707.515625	
9.041952	-2.78427496522141E-03	-8.25048021105E-06	0	5.23098521506	5707.515625	
9.046048	-2.78504400266469E-03	-8.33303541695625E-06	0	5.34042867116	5707.515625	
9.050144	-2.78609072013594E-03	-8.58956472773437E-06	0	5.35168200666	5707.515625	
9.05424	-2.78713359744875E-03	-8.5909606398E-06	0	5.31519449681	5707.515625	
9.058336	-2.78673156943328E-03	-8.87293127129062E-06	0	5.41901128516	5655.1171875	
9.062432	-2.78955874893438E-03	-8.6489096203125E-06	0	5.4216281625	5655.1171875	
9.066528	-2.79371197171687E-03	-8.14056734019375E-06	0	5.33768209436	5655.1171875	
9.070624	-2.79416227600984E-03	-8.28925565304375E-06	0	5.48078256033	5655.1171875	
9.07472	-2.79552470936406E-03	-8.3775685455E-06	0	5.4330722325	5604.13671875	
9.078816	-2.79749333915734E-03	-8.24739103144687E-06	0	5.45351134152	5604.13671875	
9.082912	-2.79852241018625E-03	-8.30273280302812E-06	0	5.55444040954	5604.13671875	
9.087008	-2.80296135904297E-03	-7.93139928013125E-06	0	5.5110063492	5604.13671875	
9.091104	-2.80616624555609E-03	-7.6055760482625E-06	0	5.48034768567	5604.13671875	
9.0952	-2.80579283586422E-03	-8.03481359979375E-06	0	5.60710983437	5552.1171875	
9.099296	-2.80793107265516E-03	-7.95937881945937E-06	0	5.53806013068	5552.1171875	
9.103392	-2.80831783146922E-03	-8.06924120959687E-06	0	5.60021287485	5552.1171875	
9.107488	-2.81058270205625E-03	-7.97854250221875E-06	0	5.67297427191	5552.1171875	
9.111584	-0.00281613959418	-7.36522604822812E-06	0	5.56981361024	5552.1171875	
9.11568	-2.81878637766688E-03	-7.17851613878437E-06	0	5.65613241556	5500.39453125	
9.119776	-2.81996868930391E-03	-7.41853176415312E-06	0	5.70102368748	5500.39453125	
9.123872	-2.82310280718297E-03	-7.24078819189687E-06	0	5.65027686641	5500.39453125	
9.127968	-2.82463356748203E-03	-7.26044538377812E-06	0	5.76380967019	5500.39453125	
9.132064	-2.82736867461297E-03	-7.20449832434062E-06	0	5.78009839649	5500.39453125	
9.13616	-2.83266681320391E-03	-6.66717338089687E-06	0	5.68109574692	5450.95703125	
9.140256	-2.83337148227719E-03	-6.84767464270312E-06	0	5.81478155797	5450.95703125	
9.144352	-2.83594575991547E-03	-6.89352651992812E-06	0	5.80940284507	5450.95703125	
9.148448	-2.83855816484109E-03	-6.70529281393125E-06	0	5.79048579736	5450.95703125	
9.152544	-2.84016792268516E-03	-6.80374007125312E-06	0	5.90751285718	5450.95703125	
9.15664	-2.84544256316375E-03	-6.3633119059125E-06	0	5.87794900968	5450.95703125	
9.160736	-2.85078577790016E-03	-5.8366220479875E-06	0	5.82275426007	5400.17578125	
9.164832	-2.85167166587875E-03	-6.13064555204062E-06	0	5.96784217953	5400.17578125	
9.168928	-2.85412214412359E-03	-6.1958716887375E-06	0	5.90668125476	5400.17578125	
9.173024	-2.85587910804109E-03	-6.19082962647187E-06	0	5.95386897006	5400.17578125	
9.17712	-2.85716940127609E-03	-6.31816675875E-06	0	6.03787988793	5400.17578125	
9.181216	-2.86246945994625E-03	-5.84811843072187E-06	0	5.97172553395	5348.41796875	
9.185312	-2.86608350619766E-03	-5.50991107662188E-06	0	5.98255925355	5348.41796875	
9.189408	-2.86748388397453E-03	-5.76276707376562E-06	0	6.09453566381	5348.41796875	
9.193504	-2.87168209147016E-03	-5.46567458239687E-06	0	6.03019328758	5348.41796875	
9.1976	-2.87348989177078E-03	-5.50927550033437E-06	0	6.12765480239	5348.41796875	
9.201696	-2.87741069353547E-03	-5.35583358646875E-06	0	6.16951339576	5296.37890625	
9.205792	-2.88446351023531E-03	-4.65823043791875E-06	0	6.07143008648	5296.37890625	
9.209888	-2.88706658906188E-03	-4.6328020979625E-06	0	6.180179269	5296.37890625	
9.213984	-2.88908568950891E-03	-4.87395690488438E-06	0	6.20236550604	5296.37890625	
9.21808	-2.89244363376547E-03	-4.73635560017813E-06	0	6.17242781892	5245.2578125	
9.222176	-2.89471463031953E-03	-4.75296904510312E-06	0	6.28892845152	5245.2578125	
9.226272	-2.89972475702766E-03	-4.45894914681562E-06	0	6.2880205553	5245.2578125	
9.230368	-2.90695202663938E-03	-3.73557150480937E-06	0	6.19648706875	5245.2578125	
9.234464	-2.90914009405766E-03	-3.88665380565E-06	0	6.34565289182	5245.2578125	
9.23856	-2.91374453545656E-03	-3.780428911875E-06	0	6.3168214648	5245.2578125	
9.242656	-2.91721366144312E-03	-3.64697784340312E-06	0	6.33939298553	5193.2578125	
9.246752	-2.92010859231094E-03	-3.73448881358437E-06	0	6.43889535949	5193.2578125	
9.250848	-2.92697250978859E-03	-3.21414678585E-06	0	6.39672396154	5193.2578125	
9.254944	-2.93238786464422E-03	-2.8072193081625E-06	0	6.36546257699	5193.2578125	
9.25904	-2.93434597971797E-03	-3.10753944053437E-06	0	6.50051786175	5141.67578125	
9.263136	-2.93882250726797E-03	-2.96434342988437E-06	0	6.43587412501	5141.67578125	
9.267232	-2.94246800624562E-03	-2.822587562025E-06	0	6.52194116079	5141.67578125	
9.271328	-2.94634354900016E-03	-2.7744154948125E-06	0	6.58180127627	5141.67578125	
9.275424	-2.95432705552703E-03	-2.1042719341875E-06	0	6.51041316761	5141.67578125	
9.27952	-2.95847890682437E-03	-1.90938775407187E-06	0	6.54924671181	5092.578125	
9.283616	-2.96122059708406E-03	-2.1802853197125E-06	0	6.63734697736	5092.578125	
9.287712	-2.96597087307125E-03	-1.92919879195312E-06	0	6.58748134968	5092.578125	
9.291808	-2.96731950014156E-03	-2.15869567784062E-06	0	6.69198096754	5092.578125	
9.295904	-2.97162468347938E-03	-2.049319104525E-06	0	6.72884231701	5041.51953125	
9.3	-2.97858241054172E-03	-1.39376447161875E-06	0	6.62337758258	5041.51953125	
9.304096	-2.98086437897703E-03	-1.48030476969375E-06	0	6.77805944739	5041.51953125	
9.308192	-2.98417733852047E-03	-1.5503840265375E-06	0	6.75583506345	5041.51953125	
9.312288	-2.98842190221438E-03	-1.31548305951562E-06	0	6.75408030605	5041.51953125	
9.316384	-2.99117008417047E-03	-1.34017293867187E-06	0	6.87703157944	4989.73828125	
9.32048	-2.99720736182828E-03	-9.85603100934375E-07	0	6.86438969678	4989.73828125	
9.324576	-3.00345539103844E-03	-4.44057969403125E-07	0	6.79617922489	4989.73828125	
9.328672	-3.00441579637719E-03	-8.19010479065625E-07	0	6.95075809307	4989.73828125	
9.332768	-3.00870580194594E-03	-7.3215263323125E-07	0	6.8981802208	4989.73828125	
9.336864	-3.01130229764375E-03	-6.70876973353125E-07	0	6.94478047384	4937.640625	
9.34096	-3.01403548469547E-03	-7.5071030698125E-07	0	7.03371997119	4937.640625	
9.345056	-0.0030216853546	-1.0100518745625E-07	0	6.96335801414	4937.640625	
9.349152	-3.02671440780328E-03	2.63802861196875E-07	0	7.00946617217	4937.640625	
9.353248	-3.02931876668266E-03	4.4295388396875E-08	0	7.09599097075	4937.640625	
9.357344	-3.03461937394687E-03	2.928218225625E-07	0	7.04483597785	4886.59765625	
9.36144	-3.03800529650063E-03	3.52047965259375E-07	0	7.14449093941	4886.59765625	
9.365536	-3.04212871233906E-03	3.77325824596875E-07	0	7.19038928949	4886.59765625	
9.369632	-3.05009832114969E-03	1.003812457725E-06	0	7.10734730288	4886.59765625	
9.373728	-3.0530517687175E-03	9.982115017875E-07	0	7.20847473478	4886.59765625	
9.377824	-3.05686495461359E-03	8.7718325743125E-07	0	7.25137855321	4886.59765625	
9.38192	-3.06225123398391E-03	1.19689279349062E-06	0	7.21643217812	4834.33984375	
9.386016	-3.06533789847656E-03	1.13101209014062E-06	0	7.32612740376	4834.33984375	
9.390112	-3.07294150361516E-03	1.5539070999375E-06	0	7.34122594678	4834.33984375	
9.394208	-3.08227683734437E-03	2.33055223675312E-06	0	7.26276158817	4834.33984375	
9.398304	-3.08638918986922E-03	2.27119556534062E-06	0	7.41831701699	4834.33984375	
9.4024	-3.09240909538172E-03	2.33341617619687E-06	0	7.38784908796	4783.2421875	
9.406496	-3.09862384321875E-03	2.5975483639875E-06	0	7.41046638497	4783.2421875	
9.410592	-3.10322810175297E-03	2.56653469307812E-06	0	7.51725863152	4783.2421875	
9.414688	-3.1122150782525E-03	3.04358806217812E-06	0	7.48871330625	4783.2421875	
9.418784	-3.11997612988703E-03	3.535275310875E-06	0	7.46053800591	4733.859375	
9.42288	-3.12412487248469E-03	3.32437143524062E-06	0	7.60501557497	4733.859375	
9.426976	-3.13209576134812E-03	3.655202114025E-06	0	7.54967968183	4733.859375	
9.431072	-3.13807909392313E-03	0.00000384384231	0	7.63039089285	4733.859375	
9.435168	-3.14479187373656E-03	3.94841287850625E-06	0	7.70289670568	4733.859375	
9.439264	-3.15621442500891E-03	4.70574168848438E-06	0	7.62250974331	4682.66015625	
9.44336	-3.16309342882328E-03	4.96027893394687E-06	0	7.69801008779	4682.66015625	
9.447456	-3.16847979962594E-03	4.76218418011875E-06	0	7.76715897342	4682.66015625	
9.451552	-3.17652401722906E-03	5.0739478106625E-06	0	7.73032432678	4682.66015625	
9.455648	-3.18203592463969E-03	5.1211246865625E-06	0	7.84573395804	4682.66015625	
9.459744	-3.18989115158828E-03	5.3113648809375E-06	0	7.87467982576	4630.76171875	
9.46384	-3.20120480693922E-03	6.09861144945937E-06	0	7.78669400091	4630.76171875	
9.467936	-3.20715046938859E-03	6.139368860625E-06	0	7.91648882816	4630.76171875	
9.472032	-3.21513873039734E-03	6.24748581981562E-06	0	7.93074813938	4630.76171875	
9.476128	-3.22412470114109E-03	6.68499764191875E-06	0	7.9374543644	4630.76171875	
9.480224	-3.23033195152594E-03	6.67981110864375E-06	0	8.04423135219	4579.08203125	
9.48432	-3.24144107272391E-03	7.1887005036E-06	0	8.04225152808	4579.08203125	
9.488416	-3.25244276091797E-03	7.88840004428437E-06	0	7.98996357225	4579.08203125	
9.492512	-3.25803412303531E-03	7.69123990490625E-06	0	8.1407391945	4579.08203125	
9.496608	-3.26705273512578E-03	7.89499138384688E-06	0	8.09661848996	4527.7421875	
9.500704	-3.2754854487575E-03	8.23633142712187E-06	0	8.16051454746	4527.7421875	
9.5048	-3.28298335810672E-03	8.30679818357812E-06	0	8.25029327661	4527.7421875	
9.508896	-3.29625787150172E-03	9.10607526891562E-06	0	8.20781670346	4527.7421875	
9.512992	-3.30645193780344E-03	9.63469108645312E-06	0	8.20769081869	4527.7421875	
9.517088	-3.31407748670453E-03	9.54301209159375E-06	0	8.34479077729	4527.7421875	
9.521184	-3.32497192475937E-03	9.97437632369062E-06	0	8.29679434771	4475.5234375	
9.52528	-3.33297700931938E-03	1.01372004397125E-05	0	8.39201663949	4475.5234375	
9.529376	-3.34203813744969E-03	1.02501755671219E-05	0	8.45771704536	4475.5234375	
9.533472	-3.35642410241531E-03	1.12042109111625E-05	0	8.37244727979	4475.5234375	
9.537568	-3.36460272556375E-03	1.13822929446187E-05	0	8.50350476943	4424.64453125	
9.541664	-3.37326648872813E-03	1.13418223120125E-05	0	8.52208993911	4424.64453125	
9.54576	-3.38460583656766E-03	1.19105080414031E-05	0	8.50718213059	4424.64453125	
9.549856	-3.39307722608078E-03	1.20604819298906E-05	0	8.63475680826	4424.64453125	
9.553952	-3.40575569202687E-03	1.259653740345E-05	0	8.65394851365	4424.64453125	
9.558048	-3.41963722475203E-03	1.35081816841125E-05	0	8.58220182413	4375.484375	
9.562144	-3.42757464937766E-03	1.34478141964031E-05	0	8.7395310838	4375.484375	
9.56624	-3.43798541033406E-03	1.36467103917375E-05	0	8.72660691408	4375.484375	
9.570336	-3.44858132178656E-03	1.40896404776531E-05	0	8.75190212347	4375.484375	
9.574432	-3.45636431718359E-03	1.40782361621344E-05	0	8.85599738419	4375.484375	
9.578528	-3.47034569402813E-03	1.48204798910437E-05	0	8.83186565525	4323.90625	
9.582624	-3.48253673414969E-03	1.55690385174844E-05	0	8.83952936746	4323.90625	
9.58672	-3.49031177493281E-03	1.54195401092906E-05	0	8.96964844336	4323.90625	
9.590816	-3.50269976032281E-03	1.59470893413562E-05	0	8.92758767142	4323.90625	
9.594912	-3.51282589239312E-03	1.63300860737437E-05	0	9.01426887229	4272.046875	
9.599008	-3.52223510345609E-03	1.64330955861187E-05	0	9.09224876527	4272.046875	
9.603104	-3.53663770910828E-03	1.73271211344E-05	0	9.03278156286	4272.046875	
9.6072	-3.54599663238219E-03	1.76120136379687E-05	0	9.11006718226	4272.046875	
9.611296	-3.55428021986125E-03	1.75399601042531E-05	0	9.20150911625	4272.046875	
9.615392	-3.56545489804969E-03	1.80585355472156E-05	0	9.15932245954	4220.50390625	
9.619488	-3.57296295638906E-03	1.81764512946844E-05	0	9.27208469594	4220.50390625	
9.623584	-3.58327999919312E-03	1.84580690419125E-05	0	9.32578790176	4220.50390625	
9.62768	-3.59831403661125E-03	1.96632478848094E-05	0	9.24607232483	4220.50390625	
9.631776	-3.60617200653016E-03	1.97553879369E-05	0	9.40618249351	4220.50390625	
9.635872	-3.61613557189328E-03	1.99224733467375E-05	0	9.4056141047	4169.10546875	
9.639968	-3.62653270943047E-03	2.04298721181844E-05	0	9.42304342331	4169.10546875	
9.644064	-3.63395180409938E-03	2.04396360507281E-05	0	9.55196850124	4169.10546875	
9.64816	-3.64625978618859E-03	2.10980914018875E-05	0	9.55012600597	4169.10546875	
9.652256	-3.65762610656953E-03	2.18622230896781E-05	0	9.51140690247	4169.10546875	
9.656352	-3.66464765340781E-03	2.17724505832969E-05	0	9.67237156171	4116.88671875	
9.660448	-3.67476948815797E-03	2.21765792657062E-05	0	9.64839623506	4116.88671875	
9.664544	-3.68505599255922E-03	2.27798192874656E-05	0	9.71253643272	4116.88671875	
9.66864	-3.69318880810344E-03	2.29001417632969E-05	0	9.79449886206	4116.88671875	
9.672736	-3.70845023776047E-03	2.40156730996875E-05	0	9.63393855996	4116.88671875	
9.676832	-3.71908921384687E-03	2.47118625477281E-05	0	9.71127377033	4116.88671875	
9.680928	-3.72542693818625E-03	2.43295386512062E-05	0	9.80636254796	4116.88671875	
9.685024	-3.73584583662125E-03	2.49238666626469E-05	0	9.75975848023	4116.88671875	
9.68912	-3.74113245473687E-03	2.4795438666075E-05	0	9.78557630215	4116.88671875	
9.693216	-3.75311246900906E-03	2.55462496941094E-05	0	9.77642867553	4116.88671875	
9.697312	-3.76379249821781E-03	2.64722384315812E-05	0	9.77952238912	4116.88671875	
9.701408	-3.76499721077906E-03	2.57126307777281E-05	0	9.78001829882	4116.88671875	
9.705504	-3.76381636205953E-03	2.47905177575344E-05	0	9.77325103876	4116.88671875	
9.7096	-3.76587130398531E-03	2.46490402547812E-05	0	9.77759978536	4116.88671875	
9.713696	-3.76860211379609E-03	2.49844750155E-05	0	9.76086855502	4116.88671875	
9.717792	-3.76813855181328E-03	2.47334401703812E-05	0	9.76668977196	4116.88671875	
9.721888	-3.76778544010172E-03	2.46579844766062E-05	0	9.75288440885	4116.88671875	
9.725984	-3.76332281026797E-03	2.40616071883687E-05	0	9.75497867366	4116.88671875	
9.73008	-3.76305518779781E-03	2.41085480068125E-05	0	9.74919941831	4116.88671875	
9.734176	-3.76458201650609E-03	2.47134221615531E-05	0	9.73264366371	4116.88671875	
9.738272	-3.76214589313922E-03	2.4493308198975E-05	0	9.72906548449	4116.88671875	
9.742368	-3.75976554350203E-03	2.4312350687625E-05	0	9.72125299937	4116.88671875	
9.746464	-3.75737367338953E-03	2.42325613443375E-05	0	9.72336633763	4116.88671875	
9.75056	-3.75633262472359E-03	2.43709491867187E-05	0	9.71827754117	4116.88671875	
9.754656	-3.75752764545641E-03	2.48877871314187E-05	0	9.71591243337	4116.88671875	
9.758752	-3.75679271227734E-03	2.50622977742156E-05	0	9.72299249801	4116.88671875	
9.762848	-3.75336527943953E-03	2.47042024592344E-05	0	9.72436578641	4116.88671875	
9.766944	-3.75139728967266E-03	2.46060907785E-05	0	9.7255903019	4116.88671875	
9.77104	-3.75127138733531E-03	2.49241142585531E-05	0	9.71955164763	4116.88671875	
9.775136	-3.75121671079375E-03	2.52232644401719E-05	0	9.71706065506	4116.88671875	
9.779232	-3.74998648860859E-03	2.52732559767187E-05	0	9.70839367938	4116.88671875	
9.783328	-3.74743205178891E-03	2.51010347547094E-05	0	9.70322858912	4116.88671875	
9.787424	-3.74592552106094E-03	2.51006203320469E-05	0	9.70546399746	4116.88671875	
9.79152	-3.74714330844734E-03	2.56254645187406E-05	0	9.69584334928	4116.88671875	
9.795616	-3.74697232996453E-03	2.584038569805E-05	0	9.69258560402	4116.88671875	
9.799712	-3.74555549436578E-03	2.5749568481175E-05	0	9.68937363504	4116.88671875	
9.803808	-3.74313025144781E-03	2.55849342708094E-05	0	9.68341127457	4116.88671875	
9.807904	-3.74064448031828E-03	2.54149781907656E-05	0	9.68524614046	4116.88671875	
9.812	-3.74076983406156E-03	2.57719571607094E-05	0	9.6823698642	4116.88671875	
9.816096	-3.7407897663125E-03	2.61109323025031E-05	0	9.68512407038	4116.88671875	
9.820192	-3.73959154544766E-03	2.61461289019219E-05	0	9.68789735001	4116.88671875	
9.824288	-3.73762392141016E-03	2.60230059481219E-05	0	9.69470275697	4116.88671875	
9.828384	-3.73545551194578E-03	2.5919810618625E-05	0	9.69122375969	4116.88671875	
9.83248	-3.73364670588937E-03	2.59335675760219E-05	0	9.68669190797	4116.88671875	
9.836576	-3.73191726310734E-03	2.59962042922312E-05	0	9.68323198414	4116.88671875	
9.840672	-3.72952072994531E-03	2.59583670704531E-05	0	9.67033451725	4116.88671875	
9.844768	-3.72708798957516E-03	2.59026519819375E-05	0	9.67053288113	4116.88671875	
9.848864	-3.72691957119797E-03	1.55253880803656E-05	0	9.66360921878	4116.88671875	
9.85296	-3.73458242449531E-03	0	0	9.66197653146	4116.88671875	
9.857056	-3.76083731343547E-03	0	0	9.66341848428	4116.88671875	
9.861152	-3.8060856260075E-03	0	0	9.66064138996	4116.88671875	
9.865248	-3.86851041867641E-03	0	0	9.6636778832	4116.88671875	
9.869344	-0.003949429597245	0	0	9.66041632325	4116.88671875	
9.87344	-4.04608391644359E-03	0	0	9.662991239	4116.88671875	
9.877536	-4.15641605710547E-03	0	0	9.66285772485	4116.88671875	
9.881632	-4.27833541869078E-03	0	0	9.66249151461	4116.88671875	
9.885728	-4.41002752633781E-03	0	0	9.66454000314	4116.88671875	
9.889824	-4.54944319835844E-03	0	0	9.65866919523	4116.88671875	
9.89392	-4.69454605359266E-03	0	0	9.65901633202	4116.88671875	
9.898016	-4.84164615694375E-03	0	0	9.65033028289	4116.88671875	
9.902112	-4.98847269472234E-03	0	0	9.64683221216	4116.88671875	
9.906208	-5.13352709081437E-03	0	0	9.6417052688	4116.88671875	
9.910304	-5.27500273353969E-03	0	0	9.64004206396	4116.88671875	
9.9144	-5.41067050235766E-03	0	0	9.64035105385	4116.88671875	
9.918496	-5.53771748121281E-03	0	0	9.63990092043	4116.88671875	
9.922592	-0.00565418784084	0	0	9.64349054372	4116.88671875	
9.926688	-5.75835835585656E-03	0	0	9.64261316502	4116.88671875	
9.930784	-5.84946858345953E-03	0	0	9.64561151136	4116.88671875	
9.93488	-5.9257887151375E-03	0	0	9.64270090289	4060.39453125	
9.938976	-5.98637507767062E-03	0	0	9.64107584495	4060.39453125	
9.943072	-6.03021871514562E-03	0	0	9.63745188945	4060.39453125	
9.947168	-6.05717818172672E-03	0	0	9.61073380069	4060.39453125	
9.951264	-0.006067792653945	0	0	9.56285944119	4060.39453125	
9.95536	-6.06126145876625E-03	0	0	9.56134119457	4060.39453125	
9.959456	-6.03763296390031E-03	0	0	9.51628589098	4062.79296875	
9.963552	-5.9973868234225E-03	0	0	9.4682131676	4062.79296875	
9.967648	-5.94408039553109E-03	0	0	9.40618249351	4062.79296875	
9.971744	-5.87715484574109E-03	-3.801198121875E-06	0	9.43381229318	4062.79296875	
9.97584	-5.80102187607078E-03	-8.07191837038125E-06	0	9.37186172758	4062.79296875	
9.979936	-5.71594353161734E-03	-1.38376782296156E-05	0	9.23677211061	4102.015625	
9.984032	-5.63256866316031E-03	-1.82892401242031E-05	0	9.27014683342	4102.015625	
9.988128	-5.55380564212203E-03	-2.07956724735375E-05	0	9.23869089968	4102.015625	
9.992224	-5.47749117924938E-03	-2.3484778438275E-05	0	9.12311342206	4102.015625	
9.99632	-5.41550800480078E-03	-2.16737333743219E-05	0	9.13584685728	4102.015625	
10.000416	-5.36422598043234E-03	-1.83404169961031E-05	0	9.0437144644	4154.99609375	
10.004512	-5.32030480832984E-03	-1.553442677325E-05	0	8.92463128667	4154.99609375	
10.008608	-5.28206643068844E-03	-1.31521394920781E-05	0	9.00569726386	4154.99609375	
10.012704	-5.24780618289125E-03	-1.14806426058844E-05	0	8.85260231009	4154.99609375	
10.0168	-5.21901093771234E-03	-9.44699656260937E-06	0	8.83954844091	4207.55859375	
10.020896	-5.19560224620078E-03	-6.840748928475E-06	0	8.82559811958	4207.55859375	
10.024992	-5.17129468331781E-03	-6.33993644851875E-06	0	8.66277189162	4207.55859375	
10.029088	-5.14459488459297E-03	-7.40939956174687E-06	0	8.6851336044	4207.55859375	
10.033184	-5.11730690160078E-03	-8.74877442429375E-06	0	8.69015755113	4207.55859375	
10.03728	-5.09294457074391E-03	-8.788443134625E-06	0	8.56007662213	4207.55859375	
10.041376	-5.07246592012016E-03	-7.86736544993437E-06	0	8.58790478568	4260.95703125	
10.045472	-5.05356210018516E-03	-7.19799520584375E-06	0	8.52064798629	4260.95703125	
10.049568	-5.03446901529859E-03	-7.29935664294375E-06	0	8.40439149385	4260.95703125	
10.053664	-5.01154418375016E-03	-9.24164075835E-06	0	8.48428636121	4260.95703125	
10.05776	-4.99190625352719E-03	-9.60579279804375E-06	0	8.37488105201	4260.95703125	
10.061856	-4.97700653022203E-03	-8.37104403279375E-06	0	8.33272872751	4312.17578125	
10.065952	-4.9633031077025E-03	-7.62752578592812E-06	0	8.33660445255	4312.17578125	
10.070048	-4.94863626257688E-03	-7.98567638931562E-06	0	8.17745940044	4312.17578125	
10.074144	-4.93240601580547E-03	-9.02790130862812E-06	0	8.175262139	4312.17578125	
10.07824	-4.91569382915016E-03	-1.02292460207437E-05	0	8.22163732533	4363.30078125	
10.082336	-4.90298180753391E-03	-9.73252704630937E-06	0	8.075317261	4363.30078125	
10.086432	-4.8922550563975E-03	-9.035550579825E-06	0	8.09432204658	4363.30078125	
10.090528	-4.88102058145625E-03	-9.17003097419063E-06	0	8.04448693642	4363.30078125	
10.094624	-4.87022041014781E-03	-9.35023920744375E-06	0	7.91859453704	4363.30078125	
10.09872	-4.85649586675688E-03	-1.07606844316125E-05	0	7.99409488152	4415.5	
10.102816	-4.84419373633766E-03	-1.14399469735031E-05	0	7.95200359206	4415.5	
10.106912	-4.83485063085922E-03	-1.09270607075437E-05	0	7.86543683189	4415.5	
10.111008	-4.82536635384203E-03	-1.09995911638594E-05	0	7.8987734078	4415.5	
10.115104	-4.81567745123953E-03	-1.14355183721625E-05	0	7.78723950158	4468.6796875	
10.1192	-4.80592006581156E-03	-1.18841140774125E-05	0	7.71365031679	4468.6796875	
10.123296	-4.79445490706703E-03	-1.30737039935906E-05	0	7.80125467264	4468.6796875	
10.127392	-4.78577194311047E-03	-1.30311874495687E-05	0	7.6743551951	4468.6796875	
10.131488	-0.00477856734872	-1.26839221718344E-05	0	7.64751885095	4468.6796875	
10.135584	-4.77192414892016E-03	-1.25881571233687E-05	0	7.64836189744	4468.6796875	
10.13968	-4.76672494012516E-03	-1.22120315379562E-05	0	7.50430394428	4521	
10.143776	-4.75877334348625E-03	-1.3103300358225E-05	0	7.53342528774	4521	
10.147872	-4.74909605279141E-03	-1.45403869019062E-05	0	7.57595908124	4521	
10.151968	-4.74270575485438E-03	-1.43235647629594E-05	0	7.41819113222	4521	
10.156064	-4.73633950362375E-03	-1.43574423733125E-05	0	7.49729635875	4572.140625	
10.16016	-4.73048106763031E-03	-1.44829953727594E-05	0	7.40619393217	4572.140625	
10.164256	-4.72536698234734E-03	-1.44116019345375E-05	0	7.29668562634	4572.140625	
10.168352	-4.71709180664391E-03	-1.56615795307125E-05	0	7.39193843564	4572.140625	
10.172448	-4.71021966025531E-03	-1.61987977434937E-05	0	7.32618080942	4572.140625	
10.176544	-0.004705980308205	-1.56098562651281E-05	0	7.2557692614	4624.68359375	
10.18064	-4.70075787559469E-03	-1.58993381871844E-05	0	7.27430484011	4624.68359375	
10.184736	-4.69725802834063E-03	-1.56529341066656E-05	0	7.16151208619	4624.68359375	
10.188832	-4.69257440653203E-03	-1.59168749484937E-05	0	7.11926439444	4624.68359375	
10.192928	-4.68391183198812E-03	-1.77856108201406E-05	0	7.19502795253	4624.68359375	
10.197024	-4.67959915119812E-03	-1.74796269915094E-05	0	7.06676281597	4675.9609375	
10.20112	-4.67613203672312E-03	-1.70615884672406E-05	0	7.07714258746	4675.9609375	
10.205216	-4.67205433705656E-03	-1.72734993130219E-05	0	7.07671534218	4675.9609375	
10.209312	-4.66919415047938E-03	-1.70645199546938E-05	0	6.93178382501	4675.9609375	
10.213408	-4.66269943680578E-03	-1.82832252263719E-05	0	6.9726811165	4675.9609375	
10.217504	-4.65541365049406E-03	-1.9610178466725E-05	0	7.00924873484	4675.9609375	
10.2216	-4.65226472057531E-03	-1.89467911493437E-05	0	6.87169101344	4726.0625	
10.225696	-4.64840179548422E-03	-1.89518012404875E-05	0	6.91921823615	4726.0625	
10.229792	-4.64521428111641E-03	-1.8962013730275E-05	0	6.86687687466	4726.0625	
10.233888	-4.64307979305156E-03	-1.85827107441938E-05	0	6.72558838644	4726.0625	
10.237984	-4.63582884246281E-03	-2.03586500740219E-05	0	6.82878338032	4726.0625	
10.24208	-4.63109977877937E-03	-2.07528359779125E-05	0	6.753908645	4776.86328125	
10.246176	-4.62899747489953E-03	-2.00341785234938E-05	0	6.68600334831	4776.86328125	
10.250272	-4.62538937175047E-03	-2.0367981555075E-05	0	6.73443465255	4776.86328125	
10.254368	-4.62423988432484E-03	-1.98937865965781E-05	0	6.63655733653	4776.86328125	
10.258464	-4.62206864045781E-03	-1.98771794016469E-05	0	6.54838459187	4829.62109375	
10.26256	-4.61585306972969E-03	-2.15805228906094E-05	0	6.67337290972	4829.62109375	
10.266656	-4.61354860893781E-03	-2.12297785298156E-05	0	6.54710285603	4829.62109375	
10.270752	-4.61142765285984E-03	-2.09425317016781E-05	0	6.55127612689	4829.62109375	
10.274848	-4.60794709783031E-03	-2.150690541615E-05	0	6.55826082428	4829.625	
10.278944	-4.60721801632125E-03	-2.09120375014031E-05	0	6.4329787753	4881.96484375	
10.28304	-4.60183191981562E-03	-2.21547314510156E-05	0	6.45320807637	4881.96484375	
10.287136	-4.59508293279406E-03	-2.37343904482781E-05	0	6.47774034776	4881.96484375	
10.291232	-4.59384749896531E-03	-2.26830919803469E-05	0	6.35776071788	4881.96484375	
10.295328	-4.59214283434844E-03	-2.23337860796531E-05	0	6.39256976413	4881.96484375	
10.299424	-4.59063602932344E-03	-2.23405985728406E-05	0	6.3646576774	4881.96484375	
10.30352	-4.59088975407734E-03	-2.16485973417656E-05	0	6.22681385425	4881.96484375	
10.307616	-4.58544395225125E-03	-2.33488994876156E-05	0	6.30814685974	4932.84375	
10.311712	-4.58199265557172E-03	-2.38516775906063E-05	0	6.29016441108	4932.84375	
10.315808	-4.5812709800825E-03	-2.30678930378531E-05	0	6.19641077495	4985.0859375	
10.319904	-4.57810486088312E-03	-2.36487018320437E-05	0	6.23490862643	4985.0859375	
10.324	-4.57760308018062E-03	-2.32429337281969E-05	0	6.18632473459	4985.0859375	
10.328096	-0.00457693050386	-2.29190066482781E-05	0	6.0857275446	4985.0859375	
10.332192	-4.57083297228766E-03	-2.49302214639844E-05	0	6.18014493679	4985.0859375	
10.336288	-4.56886095949766E-03	-2.47498305386062E-05	0	6.10037213951	5035.8671875	
10.340384	-4.56826436345469E-03	-2.40784232773219E-05	0	6.06018438036	5035.8671875	
10.34448	-4.56621545606359E-03	-2.44236022590656E-05	0	6.0927465742	5035.8671875	
10.348576	-4.56723556672281E-03	-2.35936586178563E-05	0	5.96556099491	5035.8671875	
10.352672	-4.56477640240531E-03	-2.42224075083375E-05	0	5.94962322009	5035.8671875	
10.356768	-4.55891814927656E-03	-2.60861001157969E-05	0	6.03314967233	5035.8671875	
10.360864	-4.55819967391937E-03	-2.53272152977594E-05	0	5.90947360784	5035.8671875	
10.36496	-4.55683102316578E-03	-2.51053253754187E-05	0	5.92527405382	5085.7265625	
10.369056	-4.55557702857125E-03	-2.51918072600906E-05	0	5.91309374865	5085.7265625	
10.373152	-4.55702147673781E-03	-2.42080193015719E-05	0	5.7875332273	5085.7265625	
10.377248	-4.55275085482594E-03	-2.56608947717719E-05	0	5.84249528082	5085.7265625	
10.381344	-4.54868796719906E-03	-2.6737621339275E-05	0	5.86848857848	5085.7265625	
10.38544	-4.54919870827125E-03	-2.56542950187562E-05	0	5.75279284547	5136.48828125	
10.389536	-4.54787348788094E-03	-2.5760737700775E-05	0	5.80676689428	5136.48828125	
10.393632	-4.54750428407687E-03	-2.56630197696469E-05	0	5.75392962309	5136.48828125	
10.397728	-4.54724562197641E-03	-2.5403364981225E-05	0	5.63457560237	5136.48828125	
10.401824	-4.54102008512281E-03	-2.752354555335E-05	0	5.7371793193	5189.1484375	
10.40592	-4.53858835050844E-03	-2.75672202692906E-05	0	5.69409239575	5189.1484375	
10.410016	-4.53842660669234E-03	-2.66716185206625E-05	0	5.61671903848	5189.1484375	
10.414112	-4.53642350690547E-03	-2.70925205036062E-05	0	5.654133518	5189.1484375	
10.418208	-4.53780431816078E-03	-2.62358244853031E-05	0	5.56474007254	5241.109375	
10.422304	-4.53681136290766E-03	-2.64077490729937E-05	0	5.51261996307	5241.109375	
10.4264	-0.00453149228631	-2.83159673570812E-05	0	5.61153868946	5241.109375	
10.430496	-0.00453131088454	-2.75928793782469E-05	0	5.51384066387	5241.109375	
10.434592	-4.53090007901953E-03	-2.71743225852656E-05	0	5.51158999677	5241.109375	
10.438688	-4.52902023003203E-03	-2.77228715559469E-05	0	5.52434250544	5292.0078125	
10.442784	-4.53053434964453E-03	-2.68399351792687E-05	0	5.40195580617	5292.0078125	
10.44688	-4.52745499973937E-03	-2.78772214015969E-05	0	5.41796987479	5292.0078125	
10.450976	-4.52326511258703E-03	-2.91563203628812E-05	0	5.48458199157	5292.0078125	
10.455072	-4.52363468212047E-03	-2.81462473344937E-05	0	5.35453158009	5292.0078125	
10.459168	-4.52226401985531E-03	-2.82500003557406E-05	0	5.39369700232	5344.109375	
10.463264	-4.52232646814609E-03	-2.80090580486062E-05	0	5.37024810289	5344.109375	
10.46736	-4.52425943932531E-03	-2.70439087733719E-05	0	5.24833061049	5344.109375	
10.471456	-4.51932949878266E-03	-2.90065750799344E-05	0	5.32171761671	5344.109375	
10.475552	-4.51614948186703E-03	-2.9780256758175E-05	0	5.30424633651	5344.109375	
10.479648	-4.51639826927438E-03	-2.88366158748937E-05	0	5.23095469754	5394.7890625	
10.483744	-4.51471417693484E-03	-2.91355013933156E-05	0	5.27788301392	5394.7890625	
10.48784	-4.51566242177187E-03	-2.85039094768312E-05	0	5.21385725696	5394.7890625	
10.491936	-4.51586403008984E-03	-2.82387424343062E-05	0	5.12329270167	5394.7890625	
10.496032	-4.51089376788359E-03	-3.02318250566062E-05	0	5.24047997847	5394.7890625	
10.500128	-4.51067167872062E-03	-2.97120724513594E-05	0	5.15484018797	5394.7890625	
10.504224	-4.51129789884297E-03	-2.89785719829375E-05	0	5.13591169619	5444.5703125	
10.50832	-4.51019476761563E-03	-2.93839004237625E-05	0	5.15643854308	5444.5703125	
10.512416	-4.51220984503953E-03	-2.84952825623812E-05	0	5.05983151883	5444.5703125	
10.516512	-4.50987109711875E-03	-2.94477438695344E-05	0	5.03623766118	5495.7109375	
10.520608	-4.50443398136531E-03	-3.13996500907031E-05	0	5.11156634461	5495.7109375	
10.524704	-4.50494508816687E-03	-3.02983158555E-05	0	4.99567224772	5495.7109375	
10.5288	-4.50530569733062E-03	-2.97048039490125E-05	0	5.0240611707	5495.7109375	
10.532896	-4.50542145067781E-03	-2.96647866813375E-05	0	5.02556415856	5548.2109375	
10.536992	-4.50775864424875E-03	-2.87174030133375E-05	0	4.89626524101	5548.2109375	
10.541088	-4.50444157024984E-03	-3.025711974285E-05	0	4.96138962869	5548.2109375	
10.545184	-4.50190926005734E-03	-3.10784828637937E-05	0	4.98416332799	5548.2109375	
10.54928	-4.50323685768859E-03	-2.99631628252687E-05	0	4.8771574588	5548.2109375	
10.553376	-4.50177567740313E-03	-3.04168849677E-05	0	4.92430321251	5548.2109375	
10.557472	-4.50215512162969E-03	-3.02073935906531E-05	0	4.89297697823	5600.1484375	
10.561568	-4.50334831371562E-03	-2.96164557200531E-05	0	4.77916951677	5600.1484375	
10.565664	-4.49879937174937E-03	-3.15046321972594E-05	0	4.87888551337	5600.1484375	
10.56976	-4.49784189224563E-03	-3.13819907333625E-05	0	4.82570492008	5600.1484375	
10.573856	-4.49922133201578E-03	-3.03463410478594E-05	0	4.76472328574	5600.15234375	
10.577952	-4.49853238930562E-03	-3.07285707137062E-05	0	4.81799924628	5650.9296875	
10.582048	-4.50141982272125E-03	-2.96734549419E-05	0	4.7170167726	5650.9296875	
10.586144	-4.50174788197062E-03	-2.97759238298156E-05	0	4.67653528232	5650.9296875	
10.59024	-4.49724511333797E-03	-3.18142753972312E-05	0	4.77736135371	5650.9296875	
10.594336	-4.49720241443344E-03	-3.12826208808094E-05	0	4.679480223	5650.9296875	
10.598432	-4.49692180857047E-03	-3.09884468961375E-05	0	4.68511452013	5703.15234375	
10.602528	-4.49615085104797E-03	-3.12881917887E-05	0	4.69385778961	5703.15234375	
10.606624	-4.49886931749234E-03	-3.00920790425062E-05	0	4.57633482009	5703.15234375	
10.61072	-4.49633645870578E-03	-3.12446872648969E-05	0	4.61229971741	5703.15234375	
10.614816	-4.49280031281125E-03	-3.25470551932969E-05	0	4.6671587743	5703.15234375	
10.618912	-4.49484437428813E-03	-3.11430044338875E-05	0	4.55044833375	5753.3515625	
10.623008	-4.49557245004141E-03	-3.08426001669844E-05	0	4.59306605043	5753.3515625	
10.627104	-4.49675348162562E-03	-3.06599743880719E-05	0	4.57293974599	5753.3515625	
10.6312	-4.49905446798844E-03	-2.995617388995E-05	0	4.44669258044	5753.3515625	
10.635296	-4.49488405592531E-03	-3.20317823912625E-05	0	4.53329748751	5803.109375	
10.639392	-4.49335064408828E-03	-3.23884075154062E-05	0	4.53505224491	5803.109375	
10.643488	-4.49506234899563E-03	-3.11778087260063E-05	0	4.44425117884	5803.109375	
10.647584	-4.49436270870125E-03	-3.15274095783281E-05	0	4.4912634184	5803.109375	
10.65168	-4.49674150398859E-03	-3.07265721580125E-05	0	4.4308768757	5803.109375	
10.655776	-4.49857161378109E-03	-3.02371368301406E-05	0	4.35633401841	5854.58984375	
10.659872	-4.49456001969906E-03	-3.22962448671844E-05	0	4.45958241795	5854.58984375	
10.663968	-4.49494321265172E-03	-3.18374934028594E-05	0	4.39601823848	5854.58984375	
10.668064	-4.49621869384703E-03	-3.1079590074225E-05	0	4.37172629256	5854.58984375	
10.67216	-4.49550643588922E-03	-3.15539552248594E-05	0	4.4033348139	5854.58984375	
10.676256	-4.49807056453734E-03	-3.06215205803719E-05	0	4.29563085644	5907.171875	
10.680352	-4.49692491727016E-03	-3.13126203700406E-05	0	4.27633996911	5907.171875	
10.684448	-4.49325491442438E-03	-3.28902098982187E-05	0	4.37370993136	5907.171875	
10.688544	-4.49485168887563E-03	-3.16971615720375E-05	0	4.25377226307	5907.171875	
10.69264	-4.49520763498984E-03	-3.15159526186312E-05	0	4.28587287942	5907.171875	
10.696736	-4.49614033632844E-03	-3.14089818121406E-05	0	4.28504509169	5958.79296875	
10.700832	-4.50016299372406E-03	-2.99851250629219E-05	0	4.16222351776	5958.79296875	
10.704928	-4.49751950180156E-03	-3.16066441144781E-05	0	4.21689184015	5958.79296875	
10.709024	-4.49461378191719E-03	-3.28499815730625E-05	0	4.24453308389	5958.79296875	
10.71312	-4.49602010279641E-03	-3.17860569158344E-05	0	4.14798327999	5958.79296875	
10.717216	-4.49574022839219E-03	-3.18671645270344E-05	0	4.21089896216	5958.79296875	
10.721312	-4.49736315249375E-03	-3.13317713124281E-05	0	4.17549100958	6009.53125	
10.725408	-4.49947002799078E-03	-3.06176083246688E-05	0	4.04709617356	6009.53125	
10.729504	-4.49527227765687E-03	-3.27091956561562E-05	0	4.15865296792	6009.53125	
10.7336	-4.49506225756328E-03	-3.24691384442906E-05	0	4.12498832867	6009.53125	
10.737696	-4.49712305115906E-03	-3.13576450846312E-05	0	4.07043444698	6061.87109375	
10.741792	-4.49699477158078E-03	-3.17035791136969E-05	0	4.10778789146	6061.87109375	
10.745888	-4.50011718611984E-03	-3.06750157191844E-05	0	4.03180689604	6061.87109375	
10.749984	-4.50022041323594E-03	-3.10047338990812E-05	0	3.97212988568	6061.87109375	
10.75408	-4.49547790899797E-03	-3.3304914771975E-05	0	4.08333954325	6061.87109375	
10.758176	-4.49631707504891E-03	-3.24109668678469E-05	0	3.98147969087	6111.7734375	
10.762272	-0.004497818851295	-3.15397662967406E-05	0	3.99068835253	6111.7734375	
10.766368	-4.49809872569922E-03	-3.17114803077188E-05	0	4.02038189949	6111.7734375	
10.770464	-4.50144588093922E-03	-3.06074965559344E-05	0	3.89477560186	6111.7734375	
10.77456	-4.50002291937344E-03	-3.16816031741344E-05	0	3.92519012523	6111.7734375	
10.778656	-4.49775585441016E-03	-3.28057917134062E-05	0	3.9945907804	6161.65234375	
10.782752	-4.50022507628547E-03	-3.14322238562063E-05	0	3.87108637696	6161.65234375	
10.786848	-4.50025735190281E-03	-3.15812691398531E-05	0	3.91809098714	6161.65234375	
10.790944	-4.50111206145219E-03	-3.14905711536281E-05	0	3.90809268465	6161.65234375	
10.79504	-4.50357204866078E-03	-3.06389467648687E-05	0	3.77378889382	6213.39453125	
10.799136	-4.49970848354328E-03	-3.26619389726437E-05	0	3.869621536	6213.39453125	
10.803232	-4.49819061520469E-03	-3.30358513391156E-05	0	3.8682101007	6213.39453125	
10.807328	-4.50048565846516E-03	-3.16075522866469E-05	0	3.77199217483	6213.39453125	
10.811424	-4.50077869912687E-03	-3.16841911523156E-05	0	3.83766969256	6213.39453125	
10.81552	-4.50375345043078E-03	-3.08300213334094E-05	0	3.76366470656	6265.9921875	
10.819616	-4.50604181913016E-03	-3.03543549821531E-05	0	3.68974364374	6265.9921875	
10.823712	-4.50227444083828E-03	-3.25320814101937E-05	0	3.8167117857	6265.9921875	
10.827808	-4.50224765116156E-03	-3.22942172249812E-05	0	3.73932316967	6265.9921875	
10.831904	-4.50270398998922E-03	-3.18536655020719E-05	0	3.71534402833	6265.9921875	
10.836	-4.50208444442797E-03	-3.22488764049375E-05	0	3.74986697283	6317.4140625	
10.840096	-4.50542812523891E-03	-3.08829878669813E-05	0	3.64176247292	6317.4140625	
10.844192	-4.5046258064225E-03	-3.15298538066531E-05	0	3.63981698102	6317.4140625	
10.848288	-4.50058568544922E-03	-3.33872788723031E-05	0	3.72861533484	6317.4140625	
10.852384	-4.50254398338766E-03	-3.20079821746781E-05	0	3.61584546906	6317.4140625	
10.85648	-4.50437893909438E-03	-3.12285327137438E-05	0	3.64255211375	6368.21484375	
10.860576	-4.50556362797234E-03	-3.12514584119719E-05	0	3.64992590952	6368.21484375	
10.864672	-4.50868695683484E-03	-3.0363710020875E-05	0	3.5211114576	6368.21484375	
10.868768	-4.50539164373375E-03	-3.22537999577062E-05	0	3.59154207907	6368.21484375	
10.872864	-4.50278070172563E-03	-3.32211412980562E-05	0	3.63640664816	6368.21484375	
10.87696	-4.50469044908953E-03	-3.18180280377094E-05	0	3.52978224797	6420.39453125	
10.881056	-4.50426071707391E-03	-3.2083950608325E-05	0	3.57628713376	6420.39453125	
10.885152	-4.50583472487156E-03	-3.1605085702575E-05	0	3.54371349585	6420.39453125	
10.889248	-4.50820501695094E-03	-3.07949398781062E-05	0	3.44321167311	6420.39453125	
10.893344	-4.50453848853422E-03	-3.27862854829125E-05	0	3.54811564811	6420.39453125	
10.89744	-4.50464939596719E-03	-3.25049102835187E-05	0	3.51794907959	6420.39453125	
10.901536	-4.50737865142813E-03	-3.11936178448125E-05	0	3.45877560831	6470.3515625	
10.905632	-4.50747566114484E-03	-3.16153931441906E-05	0	3.51413820428	6470.3515625	
10.909728	-4.51017766976734E-03	-3.08285023445437E-05	0	3.42720141918	6470.3515625	
10.913824	-0.004510078099945	-3.12297480971438E-05	0	3.37725186832	6470.3515625	
10.91792	-4.50559892085703E-03	-3.33696957168094E-05	0	3.49126150835	6470.3515625	
10.922016	-4.5067938501575E-03	-3.22717213340156E-05	0	3.40193672731	6520.453125	
10.926112	-4.50800313433594E-03	-3.15622494473344E-05	0	3.40305061679	6520.453125	
10.930208	-4.50846148467516E-03	-3.17177144361E-05	0	3.42430988416	6520.453125	
10.934304	-4.51259276369516E-03	-3.02569396949531E-05	0	3.30846537824	6520.453125	
10.9384	-4.51139884015047E-03	-3.13833979434938E-05	0	3.34725696085	6520.453125	
10.942496	-4.50857412932266E-03	-3.28497077752594E-05	0	3.41398733302	6572.5546875	
10.946592	-4.51058646377625E-03	-3.15680504030719E-05	0	3.29593412159	6572.5546875	
10.950688	-4.51066463843016E-03	-3.16505169071437E-05	0	3.35308199248	6572.5546875	
10.954784	-4.51165155914859E-03	-3.15285987598312E-05	0	3.33656057009	6572.5546875	
10.95888	-4.51461058408937E-03	-3.04494270024656E-05	0	3.21054610063	6625.07421875	
10.962976	-4.51143303584703E-03	-3.23019864479813E-05	0	3.30254497936	6625.07421875	
10.967072	-4.51078395763875E-03	-3.24447983244E-05	0	3.30149593961	6625.07421875	
10.971168	-4.51348560053188E-03	-3.1043313187425E-05	0	3.22612910928	6625.07421875	
10.975264	-4.51384566110156E-03	-3.13397686602E-05	0	3.27990479421	6676.57421875	
10.97936	-4.51707934880297E-03	-3.03913530220781E-05	0	3.22587352505	6676.57421875	
10.983456	-4.51885240481297E-03	-3.01421467809E-05	0	3.14480754786	6676.57421875	
10.987552	-4.51422044227859E-03	-3.26806976077313E-05	0	3.26569888865	6676.57421875	
10.991648	-4.51452564344203E-03	-3.21158770187062E-05	0	3.1869064667	6676.57421875	
10.995744	-4.51626514378187E-03	-3.11348700670219E-05	0	3.17341390817	6727.4921875	
10.99984	-4.5160716729425E-03	-3.1558781902725E-05	0	3.21798093144	6727.4921875	
11.003936	-4.51904752143453E-03	-3.047410414125E-05	0	3.11831452581	6727.4921875	
11.008032	-4.51856987887078E-03	-3.10700417664656E-05	0	3.11209276642	6727.4921875	
11.012128	-4.51610230277766E-03	-3.23803971868781E-05	0	3.20383987561	6727.4921875	
11.016224	-4.51900710833859E-03	-3.08253170111906E-05	0	3.0897081655	6727.4921875	
11.02032	-4.51982122192734E-03	-3.07344582078187E-05	0	3.12286163629	6727.4921875	
11.024416	-4.52029383571219E-03	-3.09881675694937E-05	0	3.13019347047	6779.57421875	
11.028512	-4.52350402530125E-03	-2.98227579175969E-05	0	3.01327703666	6779.57421875	
11.032608	-4.52043656160078E-03	-3.16693036672031E-05	0	3.07815346949	6779.57421875	
11.036704	-4.51810183670313E-03	-3.25862618848594E-05	0	3.1060731856	6779.57421875	
11.0408	-4.52032483127672E-03	-3.10862011253062E-05	0	3.00406456031	6829.15234375	
11.044896	-4.5207061955825E-03	-3.10643742240563E-05	0	3.07199274514	6829.15234375	
11.048992	-4.52313445576781E-03	-3.03591136312406E-05	0	3.03894608567	6829.15234375	
11.053088	-4.52636210893453E-03	-2.93917698870469E-05	0	2.93023123536	6829.15234375	
11.057184	-4.52309641991281E-03	-3.1553297292825E-05	0	3.04990187535	6879.453125	
11.06128	-4.52322341943828E-03	-3.14596884922031E-05	0	3.0080737995	6879.453125	
11.065376	-4.52493091845781E-03	-3.05564509339031E-05	0	2.95957764553	6879.453125	
11.069472	-4.5245946302975E-03	-3.10103451915469E-05	0	3.00305366746	6879.453125	
11.073568	-4.52779558521984E-03	-2.98272156054469E-05	0	2.92202583717	6879.453125	
11.077664	-4.52808789442281E-03	-3.01032674928562E-05	0	2.89048979494	6931.65234375	
11.08176	-0.004523694936035	-0.00003234458304	0	2.98464778821	6931.65234375	
11.085856	-4.52514770454484E-03	-3.120680340855E-05	0	2.89662763115	6931.65234375	
11.089952	-4.52739255144859E-03	-3.02033887869656E-05	0	2.90419216142	6931.65234375	
11.094048	-4.52877784288875E-03	-3.01387898131031E-05	0	2.93429006552	6931.65234375	
11.098144	-4.53268172966984E-03	-2.89441996615406E-05	0	2.8152030731	6983.8125	
11.10224	-4.5309232114025E-03	-3.03925664824031E-05	0	2.8554480526	6983.8125	
11.106336	-4.52805699029062E-03	-3.18197383725375E-05	0	2.9306737394	6983.8125	
11.110432	-4.53003256894203E-03	-3.04689005406844E-05	0	2.82225643491	6983.8125	
11.114528	-4.52983937239969E-03	-3.06131499156656E-05	0	2.86611392584	6983.8125	
11.118624	-4.53086935775203E-03	-3.03461763845625E-05	0	2.85231237742	7035.29296875	
11.12272	-4.53368711972172E-03	-2.92622625646312E-05	0	2.73493818081	7035.29296875	
11.126816	-0.00453038046901	-3.116830344705E-05	0	2.82608256898	7035.29296875	
11.130912	-4.52992010715922E-03	-3.12078156671531E-05	0	2.83246454535	7035.29296875	
11.135008	-4.5327694132875E-03	-2.97627940352531E-05	0	2.74225475623	7035.29296875	
11.139104	-4.53269517022438E-03	-3.02345185635281E-05	0	2.816385627	7035.29296875	
11.1432	-4.53495199476516E-03	-2.95981845844781E-05	0	2.75570916786	7086.25390625	
11.147296	-4.53636883036391E-03	-2.93147319833156E-05	0	2.66715876889	7086.25390625	
11.151392	-4.53226900407016E-03	-3.15157905995625E-05	0	2.79429475721	7086.25390625	
11.155488	-4.53257676533922E-03	-3.09279842162156E-05	0	2.73959210261	7086.25390625	
11.159584	-4.53353424484297E-03	-3.02283166466531E-05	0	2.71027239527	7138.2734375	
11.16368	-4.53328134298016E-03	-3.0546798299325E-05	0	2.74974680739	7138.2734375	
11.167776	-4.53758076608031E-03	-2.88727836271875E-05	0	2.65200300552	7138.2734375	
11.171872	-4.53803646488156E-03	-2.93116108325906E-05	0	2.64200851772	7138.2734375	
11.175968	-4.53498043022406E-03	-3.11540868747281E-05	0	2.73658994158	7138.2734375	
11.180064	-4.53698865022219E-03	-2.99584077819469E-05	0	2.62642169438	7138.2734375	
11.18416	-4.53790763670922E-03	-2.96643513452344E-05	0	2.67233911791	7187.59375	
11.188256	-4.53854473728047E-03	-2.97730767172781E-05	0	2.68085732068	7187.59375	
11.192352	-4.54165764285578E-03	-2.86503405804E-05	0	2.55077639168	7187.59375	
11.196448	-4.53886273897203E-03	-3.035873502585E-05	0	2.60849646607	7187.59375	
11.200544	-4.53650954474094E-03	-3.12828610248E-05	0	2.66380565638	7238.25390625	
11.20464	-4.53854574303625E-03	-2.98649150869781E-05	0	2.557749645	7238.25390625	
11.208736	-4.53864851299063E-03	-2.99973906756562E-05	0	2.61638524499	7238.25390625	
11.212832	-0.00454146353199	-2.90614288712344E-05	0	2.59264642912	7238.25390625	
11.216928	-4.54453492728125E-03	-2.81816304721875E-05	0	2.48535827287	7238.25390625	
11.221024	-4.54036323516531E-03	-3.071378082465E-05	0	2.5861690855	7290.8125	
11.22512	-4.53973372347859E-03	-3.07169072638313E-05	0	2.56277359173	7290.8125	
11.229216	-4.54199319955734E-03	-2.93517595905187E-05	0	2.51132868239	7290.8125	
11.233312	-4.54193541431609E-03	-2.96706946081219E-05	0	2.57535825404	7290.8125	
11.237408	-4.54448418233047E-03	-2.8798815431925E-05	0	2.49317838737	7290.8125	
11.241504	-4.54484085990344E-03	-2.89891236550781E-05	0	2.42766490131	7342.87109375	
11.2456	-4.54124811738812E-03	-3.08868390650531E-05	0	2.56371963485	7342.87109375	
11.249696	-4.54317349968281E-03	-2.96070095756531E-05	0	2.46689517327	7342.87109375	
11.253792	-4.54454215043641E-03	-2.90371288955344E-05	0	2.46994692527	7342.87109375	
11.257888	-4.54466274969781E-03	-2.93917607524406E-05	0	2.50176906925	7394.15234375	
11.261984	-4.54794398221797E-03	-2.81578050152437E-05	0	2.40317077682	7394.15234375	
11.26608	-4.54598778722344E-03	-2.94680464934625E-05	0	2.42625346601	7394.15234375	
11.270176	-4.54230736109047E-03	-3.10917802062656E-05	0	2.49466611647	7394.15234375	
11.274272	-4.54388822631391E-03	-2.97709824886031E-05	0	2.38518069878	7394.15234375	
11.278368	-4.54403296371406E-03	-2.96629023082219E-05	0	2.43642342955	7394.15234375	
11.282464	-4.54528330101484E-03	-2.93211108230906E-05	0	2.43577111756	7445.15234375	
11.28656	-4.54905186792719E-03	-2.78995706580937E-05	0	2.30477847765	7445.15234375	
11.290656	-4.54671165708891E-03	-2.95982978055187E-05	0	2.40673751197	7445.15234375	
11.294752	-4.54583216937438E-03	-3.00290363170875E-05	0	2.41794507119	7445.15234375	
11.298848	-4.54779394174188E-03	-2.89168561792687E-05	0	2.33382352731	7496.9140625	
11.302944	-4.54733623142906E-03	-2.93803429753969E-05	0	2.38811419539	7496.9140625	
11.30704	-4.54989176543687E-03	-2.84573371676344E-05	0	2.33639844306	7496.9140625	
11.311136	-4.55147034485172E-03	-2.80950170972625E-05	0	2.26133678793	7496.9140625	
11.315232	-4.54678352291109E-03	-3.05908557071906E-05	0	2.37218404995	7496.9140625	
11.319328	-4.54685301149234E-03	-3.00295721338594E-05	0	2.31781708807	7546.1328125	
11.323424	-4.54911477337969E-03	-2.87188251273E-05	0	2.28589194746	7546.1328125	
11.32752	-4.54990255445344E-03	-2.88108406602844E-05	0	2.34272319908	7546.1328125	
11.331616	-4.55362449087047E-03	-2.76060149420344E-05	0	2.24443771123	7546.1328125	
11.335712	-4.55319000437297E-03	-2.84302852716094E-05	0	2.23198274838	7596.9140625	
11.339808	-4.54937517269469E-03	-3.04329387978E-05	0	2.34024365058	7596.9140625	
11.343904	-4.55089084665703E-03	-2.92116693459937E-05	0	2.23904373957	7596.9140625	
11.348	-4.55149850601359E-03	-2.88573225849562E-05	0	2.25881909253	7596.9140625	
11.352096	-0.004551970205475	-2.89119532995563E-05	0	2.27479882894	7596.9140625	
11.356192	-4.55524668351328E-03	-2.76273413630156E-05	0	2.15660828867	7649.59375	
11.360288	-4.55249996447469E-03	-2.93289276421969E-05	0	2.21552236103	7649.59375	
11.364384	-4.55013918135906E-03	-3.02826807749812E-05	0	2.26633784652	7649.59375	
11.36848	-4.55295319460266E-03	-2.85093323079469E-05	0	2.16038101708	7649.59375	
11.372576	-4.55356432838828E-03	-2.84854813702594E-05	0	2.23174242291	7649.59375	
11.376672	-4.55541711340203E-03	-2.80672695288562E-05	0	2.19751320954	7649.59375	
11.380768	-4.55785826554781E-03	-2.73565296145969E-05	0	2.0883138936	7649.59375	
11.384864	-4.55400494085281E-03	-2.95897711313531E-05	0	2.20208702285	7701.4296875	
11.38896	-4.55316348899328E-03	-2.96502232343625E-05	0	2.19545709163	7701.4296875	
11.393056	-4.55442050085516E-03	-2.86461494788219E-05	0	2.13071417295	7701.4296875	
11.397152	-4.55351751502828E-03	-2.92030402680844E-05	0	2.17947354053	7701.4296875	
11.401248	-4.55671088106609E-03	-2.78616406479469E-05	0	2.11164072295	7701.4296875	
11.405344	-0.004558213937365	-2.75997380252344E-05	0	2.05765904476	7752.83203125	
11.40944	-4.55439032818172E-03	-2.98118423035125E-05	0	2.16762892808	7752.83203125	
11.413536	-4.55553643261063E-03	-2.89244143447875E-05	0	2.08312972989	7752.83203125	
11.417632	-4.55711857788688E-03	-2.81455533448031E-05	0	2.09496671296	7752.83203125	
11.421728	-4.55738409741312E-03	-2.84165444199656E-05	0	2.12923025854	7803.8125	
11.425824	-4.56064366046781E-03	-2.72139446610281E-05	0	2.02133175189	7803.8125	
11.42992	-4.55891805784422E-03	-2.84407958380219E-05	0	2.028270673	7803.8125	
11.434016	-4.55538895224016E-03	-3.00604365260719E-05	0	2.135081993	7803.8125	
11.438112	-4.55718276339219E-03	-2.86086954297375E-05	0	2.01834866431	7855.25	
11.442208	-4.55770849936875E-03	-2.83812478206469E-05	0	2.0648535501	7855.25	
11.446304	-4.55954555801937E-03	-2.78612680521656E-05	0	2.06460178056	7855.25	
11.4504	-4.56338324778359E-03	-2.65377717795094E-05	0	1.94854746669	7855.25	
11.454496	-4.56003188665578E-03	-2.87402760673875E-05	0	2.02155300391	7855.25	
11.458592	-4.55818751341766E-03	-2.94361400349844E-05	0	2.04614631034	7904.4296875	
11.462688	-4.56047469349656E-03	-2.79293703879094E-05	0	1.96404273747	7904.4296875	
11.466784	-4.56031788702703E-03	-2.8198281417075E-05	0	2.03189844319	7904.4296875	
11.47088	-4.56197765836313E-03	-2.76868384189031E-05	0	1.98559955066	7904.4296875	
11.474976	-4.56317898792766E-03	-2.73718493108156E-05	0	1.88541434719	7955.6484375	
11.479072	-4.55890754312469E-03	-2.95736846089781E-05	0	2.02350993988	7955.6484375	
11.483168	-4.55955707849469E-03	-2.87736190628906E-05	0	1.95967873211	7955.6484375	
11.487264	-4.56176462100219E-03	-2.75602697954719E-05	0	1.93307508405	7955.6484375	
11.49136	-4.56207960542641E-03	-2.78462985959812E-05	0	1.97958759922	7955.6484375	
11.495456	-4.56576835190266E-03	-2.65572982022906E-05	0	1.90098972646	8008.328125	
11.499552	-4.56555860610609E-03	-2.72368333400625E-05	0	1.88629172589	8008.328125	
11.503648	-4.56147724914578E-03	-2.93763117294281E-05	0	1.97893910192	8008.328125	
11.507744	-4.56290606238156E-03	-2.81601550128937E-05	0	1.88100075086	8008.328125	
11.51184	-4.56356656963281E-03	-2.7746589561075E-05	0	1.9036828976	8008.328125	
11.515936	-4.56368396876219E-03	-2.79337499508375E-05	0	1.9297753772	8060.0078125	
11.520032	-4.56705270203531E-03	-2.6550767679975E-05	0	1.7993129792	8060.0078125	
11.524128	-4.56522780388641E-03	-0.000027872664435	0	1.86998392614	8060.0078125	
11.528224	-4.56328898103719E-03	-2.87995260081375E-05	0	1.92198578022	8060.0078125	
11.53232	-4.56571660119609E-03	-2.73292375745812E-05	0	1.81697117921	8060.0078125	
11.536416	-4.56577146060234E-03	-2.75420940924937E-05	0	1.87493157907	8111.41015625	
11.540512	-4.56766365295625E-03	-2.70020754017437E-05	0	1.86330440395	8111.41015625	
11.544608	-4.57014704684484E-03	-2.62076062442906E-05	0	1.75075579019	8111.41015625	
11.548704	-4.56577292351984E-03	-2.86663446509344E-05	0	1.85613278675	8111.41015625	
11.5528	-4.56479350025359E-03	-2.86924722690375E-05	0	1.84605819046	8111.41015625	
11.556896	-4.56727826562734E-03	-2.71293839282812E-05	0	1.77486463099	8162.75	
11.560992	-4.56787230156469E-03	-2.71983179939625E-05	0	1.84198791623	8162.75	
11.565088	-4.57140661881234E-03	-2.60267617135969E-05	0	1.76357314859	8162.75	
11.569184	-4.57291058943469E-03	-2.59655314863656E-05	0	1.71043451689	8162.75	
11.57328	-4.56917374954562E-03	-2.82198143282344E-05	0	1.83689149039	8162.75	
11.577376	-4.57047492322953E-03	-2.73006599589281E-05	0	1.76007889255	8213.76953125	
11.581472	-4.57153151539391E-03	-2.67835179279937E-05	0	1.74971056513	8213.76953125	
11.585568	-4.57128163079844E-03	-2.71985297725969E-05	0	1.78611033711	8213.76953125	
11.589664	-4.57440239955531E-03	-2.59389615610125E-05	0	1.68496383176	8213.76953125	
11.59376	-4.57296544884094E-03	-2.69679345705E-05	0	1.70462855871	8213.76953125	
11.597856	-4.56968238767391E-03	-2.85074402425312E-05	0	1.78591197323	8263.1484375	
11.601952	-4.57238512775516E-03	-2.67425191709156E-05	0	1.67942490188	8263.1484375	
11.606048	-4.57383433040359E-03	-2.62899802003781E-05	0	1.7353406279	8263.1484375	
11.610144	-4.57559476875016E-03	-2.60594902866375E-05	0	1.7278256886	8263.1484375	
11.61424	-4.57931871667875E-03	-2.48940397693969E-05	0	1.60803297853	8263.1484375	
11.618336	-4.57662338261734E-03	-2.68380181138781E-05	0	1.69757138221	8314.62890625	
11.622432	-0.004575096005315	-2.75135522941125E-05	0	1.72946219061	8314.62890625	
11.626528	-4.57694933892281E-03	-2.62818814104E-05	0	1.63526223575	8314.62890625	
11.630624	-4.57643850641828E-03	-2.66931225856969E-05	0	1.69134199344	8314.62890625	
11.63472	-4.57893040351484E-03	-2.57565191953781E-05	0	1.65176077	8314.62890625	
11.638816	-4.5815343052325E-03	-2.496393272835E-05	0	1.56529319177	8367.328125	
11.642912	-4.57803976105437E-03	-2.71531221256969E-05	0	1.68008865794	8367.328125	
11.647008	-4.57902238445266E-03	-2.65016691713812E-05	0	1.6367690383	8367.328125	
11.651104	-4.58188138240938E-03	-2.52011272026938E-05	0	1.60105591052	8367.328125	
11.6552	-4.58268644419609E-03	-2.54480786384344E-05	0	1.65755528411	8418.7265625	
11.659296	-4.58625331135813E-03	-2.43734734630406E-05	0	1.5684860873	8418.7265625	
11.663392	-4.58624983692906E-03	-2.50192704133969E-05	0	1.53600400195	8418.7265625	
11.667488	-4.58263313913969E-03	-2.70173895691219E-05	0	1.65552968372	8418.7265625	
11.671584	-4.58423146794078E-03	-2.58458532406594E-05	0	1.54871454903	8418.7265625	
11.67568	-4.58535965163031E-03	-2.53339220218219E-05	0	1.57830891405	8470.16796875	
11.679776	-4.58668212905031E-03	-2.51374832759531E-05	0	1.59551316595	8470.16796875	
11.683872	-4.59118261187438E-03	-2.35458843867844E-05	0	1.4818163305	8470.16796875	
11.687968	-4.58980664653328E-03	-2.49728351232937E-05	0	1.52750868732	8470.16796875	
11.692064	-4.58801512118984E-03	-2.60762244045188E-05	0	1.58696444566	8470.16796875	
11.69616	-4.59096253422297E-03	-2.44773231188062E-05	0	1.4853258453	8521.546875	
11.700256	-4.59170633633937E-03	-2.44929488243344E-05	0	1.55169000723	8521.546875	
11.704352	-4.59330064211734E-03	-2.42360000428219E-05	0	1.53419583889	8521.546875	
11.708448	-4.59571381596594E-03	-2.35175526843469E-05	0	1.41333501562	8521.546875	
11.712544	-4.59222567205188E-03	-2.55794729781937E-05	0	1.53338712461	8572.2265625	
11.71664	-4.59201044031469E-03	-2.54368430727469E-05	0	1.51403138755	8572.2265625	
11.720736	-4.59458837524672E-03	-2.404250288055E-05	0	1.44981489609	8572.2265625	
11.724832	-4.59513971227953E-03	-2.42430711895969E-05	0	1.50867937748	8572.2265625	
11.728928	-4.59881309812203E-03	-2.30613315059531E-05	0	1.45345792504	8572.2265625	
11.733024	-4.60066999759125E-03	-2.2889486725875E-05	0	1.39254495512	8621.765625	
11.73712	-4.59705832858078E-03	-2.51444157209437E-05	0	1.50217914572	8621.765625	
11.741216	-4.59813265861984E-03	-2.43431196472406E-05	0	1.41933933768	8621.765625	
11.745312	-4.59971964981031E-03	-2.35595204308406E-05	0	1.41920582353	8621.765625	
11.749408	-4.60018275463141E-03	-2.3747505098625E-05	0	1.46526439059	8621.765625	
11.753504	-4.60394629276484E-03	-2.24045766338625E-05	0	1.36141708472	8621.765625	
11.7576	-4.60367684164781E-03	-2.31492987256781E-05	0	1.37241483599	8673.4453125	
11.761696	-4.60168974252109E-03	-2.44125856835437E-05	0	1.45975216354	8673.4453125	
11.765792	-4.60468076878219E-03	-2.289591171945E-05	0	1.3506291414	8673.4453125	
11.769888	-4.60601348662469E-03	-2.27033390754844E-05	0	1.39391824352	8673.4453125	
11.773984	-4.60812996251781E-03	-2.23664812392656E-05	0	1.40458793145	8726.06640625	
11.77808	-4.61226956188109E-03	-2.10691020078E-05	0	1.27997726791	8726.06640625	
11.782176	-4.60954432944328E-03	-2.30938386849844E-05	0	1.36422851125	8726.06640625	
11.786272	-4.60798458509125E-03	-2.38414581296719E-05	0	1.38635371325	8726.06640625	
11.790368	-4.61072929261828E-03	-2.22778967124656E-05	0	1.29303495178	8726.06640625	
11.794464	-4.61163456425375E-03	-2.22415991526094E-05	0	1.35818985698	8726.06640625	
11.79856	-4.61493728337469E-03	-2.12967142801875E-05	0	1.30956781824	8777.3046875	
11.802656	-4.61804031425688E-03	-2.06014695427406E-05	0	1.22278362074	8777.3046875	
11.806752	-4.61537314135734E-03	-2.26317785701219E-05	0	1.34480029508	8777.3046875	
11.810848	-4.61675824993281E-03	-2.20529094374531E-05	0	1.3038991889	8777.3046875	
11.814944	-4.61938007238984E-03	-2.09818703642625E-05	0	1.26269290752	8828.78515625	
11.81904	-4.61979874109188E-03	-2.139465937455E-05	0	1.31125009653	8828.78515625	
11.823136	-4.6232157506425E-03	-2.03238782337937E-05	0	1.22532038959	8828.78515625	
11.827232	-4.62353439236047E-03	-2.07578338094531E-05	0	1.20557555415	8828.78515625	
11.831328	-4.62010796527844E-03	-2.2688052311925E-05	0	1.3058828277	8828.78515625	
11.835424	-4.62224345909906E-03	-2.13395962084594E-05	0	1.21294553523	8880.1640625	
11.83952	-4.62432263059594E-03	-2.05396090276781E-05	0	1.23861458424	8880.1640625	
11.843616	-4.62625980766297E-03	-2.02913352374906E-05	0	1.25177526474	8880.1640625	
11.847712	-4.6307731824475E-03	-1.89355075067813E-05	0	1.13510678578	8880.1640625	
11.851808	-4.62986644789453E-03	-2.02121946916312E-05	0	1.18313373288	8880.1640625	
11.855904	-0.00462813261636	-2.13249224250562E-05	0	1.25181722633	8930.546875	
11.86	-4.63043744288125E-03	-2.01004431206906E-05	0	1.14954920212	8930.546875	
11.864096	-4.63075489597875E-03	-2.02455045140906E-05	0	1.19772110744	8930.546875	
11.868192	-4.63309108379391E-03	-1.96079609208656E-05	0	1.18008961026	8930.546875	
11.872288	-4.63666352832891E-03	-1.85054509656844E-05	0	1.07274041897	8930.54296875	
11.876384	-4.63386249847813E-03	-2.04765410619E-05	0	1.16647116696	8980.36328125	
11.88048	-4.63410397129797E-03	-2.03839389910406E-05	0	1.16697470604	8980.36328125	
11.884576	-4.63785690327953E-03	-1.86903606365437E-05	0	1.09930973482	8980.36328125	
11.888672	-4.63965245164609E-03	-1.86192347461312E-05	0	1.15653008482	8980.36328125	
11.892768	-4.64365005657953E-03	-1.76657159881125E-05	0	1.08891088988	8980.36328125	
11.896864	-0.00464537748785	-1.77293827513687E-05	0	1.02517504936	9032.34375	
11.90096	-4.64205209350781E-03	-1.98463272690375E-05	0	1.14487620687	9032.34375	
11.905056	-4.64332483173281E-03	-0.00001909690398	0	1.06048000531	9032.34375	
11.909152	-4.64532994303125E-03	-1.82548343893781E-05	0	1.06425654841	9032.34375	
11.913248	-4.64672419484109E-03	-1.81264756235063E-05	0	1.09263784201	9032.34375	
11.917344	-4.65146898488766E-03	-1.66163643932344E-05	0	0.99470712033	9032.34375	
11.92144	-4.65177866623594E-03	-1.73416783313812E-05	0	1.00329780221	9084.8046875	
11.925536	-4.64988373091172E-03	-1.87653958980469E-05	0	1.08091148495	9084.8046875	
11.929632	-4.65330046616531E-03	-1.72312236341438E-05	0	0.98034862717	9084.8046875	
11.933728	-4.65530585176078E-03	-1.68233824554469E-05	0	1.02874178451	9084.8046875	
11.937824	-4.65722135936234E-03	-1.67252368805156E-05	0	1.02395434856	9084.8046875	
11.94192	-4.66064732928266E-03	-1.58402382462844E-05	0	0.9064847847	9136.04296875	
11.946016	-4.65864578384563E-03	-1.73904948691031E-05	0	0.9793835106	9136.04296875	
11.950112	-0.004658183867645	-1.773028611585E-05	0	1.0029201479	9136.04296875	
11.954208	-4.66115596741094E-03	-1.635573364425E-05	0	0.92187705885	9136.04296875	
11.958304	-4.66239844153016E-03	-1.62909632763281E-05	0	0.97370725188	9136.04296875	
11.9624	-4.66602007666609E-03	-1.53400661503031E-05	0	0.93496907493	9187.8046875	
11.966496	-4.66910290100031E-03	-1.47383266078125E-05	0	0.84464103042	9187.8046875	
11.970592	-4.66623988002047E-03	-1.67593385291063E-05	0	0.95555314217	9187.8046875	
11.974688	-4.66704347888969E-03	-1.64374852451906E-05	0	0.90204830023	9187.80078125	
11.978784	-4.66937326644078E-03	-1.54614429520031E-05	0	0.87172914411	9187.80078125	
11.98288	-4.67008963885406E-03	-1.56463321901906E-05	0	0.92139259322	9239.0234375	
11.986976	-4.67390620774687E-03	-1.44470360337187E-05	0	0.83815987211	9239.0234375	
11.991072	-4.67478834699937E-03	-1.47032165467687E-05	0	0.80827559065	9239.0234375	
11.995168	-4.67241293470875E-03	-1.62408159707062E-05	0	0.9075528979	9239.0234375	
11.999264	-4.67499096107313E-03	-1.50320659775344E-05	0	0.80651320387	9289.2421875	
12.00336	-4.67717482260359E-03	-1.44119550591844E-05	0	0.83122858038	9289.2421875	
12.007456	-4.67940129160625E-03	-1.41236058283031E-05	0	0.84193260052	9289.2421875	
12.011552	-4.68396678282672E-03	-1.286114483115E-05	0	0.72453170108	9289.2421875	
12.015648	-4.68242806791375E-03	-1.43528832432562E-05	0	0.77986377953	9289.2421875	
12.019744	-4.68005896445484E-03	-1.56307963884187E-05	0	0.82805094361	9339.16015625	
12.02384	-4.68256457640297E-03	-1.42464725323594E-05	0	0.72167831296	9339.16015625	
12.027936	-4.68387727056219E-03	-1.39509680201719E-05	0	0.77944416363	9339.16015625	
12.032032	-4.68663358999688E-03	-1.328335979355E-05	0	0.74934244484	9339.16015625	
12.036128	-4.68986096886656E-03	-1.24916985659812E-05	0	0.63584015858	9339.16015625	
12.040224	-4.68735032813953E-03	-1.42345672558031E-05	0	0.7468018613	9339.16015625	
12.04432	-4.68780913564047E-03	-1.41132313194469E-05	0	0.73197797596	9391.421875	
12.048416	-4.69061043978828E-03	-1.29437365754812E-05	0	0.66160838953	9391.421875	
12.052512	-4.69146322925844E-03	-1.3090211909775E-05	0	0.71102769848	9391.421875	
12.056608	-4.69466930439203E-03	-1.22526701992406E-05	0	0.64467116593	9391.421875	
12.060704	-4.69608751147594E-03	-1.21986171282937E-05	0	0.58406337121	9443.80078125	
12.0648	-4.69267498211016E-03	-1.41096250730531E-05	0	0.69401418108	9443.80078125	
12.068896	-4.69422878335984E-03	-1.32412297876031E-05	0	0.61814381167	9443.80078125	
12.072992	-4.69666188945937E-03	-1.22633971115906E-05	0	0.59868507798	9443.80078125	
12.077088	-4.69846072939031E-03	-1.20802795062469E-05	0	0.64020034925	9443.80078125	
12.081184	-4.70312825910641E-03	-1.07743822544531E-05	0	0.52866644303	9494.859375	
12.08528	-4.70349965728672E-03	-1.14417621159187E-05	0	0.53745548879	9494.859375	
12.089376	-4.70187572742937E-03	-1.26963736016906E-05	0	0.63173173745	9494.859375	
12.093472	-0.00470464320161	-1.15379687504812E-05	0	0.52109809807	9494.859375	
12.097568	-4.70596705051516E-03	-1.13463244709719E-05	0	0.5547703667	9546.69921875	
12.101664	-4.70797636770141E-03	-1.1062317783825E-05	0	0.55177202036	9546.69921875	
12.10576	-4.71186013936687E-03	-9.98505708224062E-06	0	0.43020929413	9546.69921875	
12.109856	-4.70970983350656E-03	-1.15436225909812E-05	0	0.50216197691	9546.69921875	
12.113952	-4.70885996987141E-03	-1.20684941814937E-05	0	0.53367131631	9546.69921875	
12.118048	-4.71222980033266E-03	-1.05587310277969E-05	0	0.43038095518	9597.83984375	
12.122144	-4.71389780057969E-03	-1.03531507045312E-05	0	0.49525357332	9597.83984375	
12.12624	-4.71712325937016E-03	-9.67719849586875E-06	0	0.44720373808	9597.83984375	
12.130336	-4.71936764911219E-03	-9.3826627327125E-06	0	0.34759073811	9597.83984375	
12.134432	-4.71609510266469E-03	-1.12901528925281E-05	0	0.46099765712	9597.83984375	
12.138528	-4.71642005321437E-03	-1.10649423004312E-05	0	0.41057127001	9647.80078125	
12.142624	-4.71825738616203E-03	-1.01879664947156E-05	0	0.37852787401	9647.80078125	
12.14672	-4.71889073800719E-03	-1.02467154744281E-05	0	0.41776577535	9647.80078125	
12.150816	-4.72268271159953E-03	-9.07574501078437E-06	0	0.33785946392	9647.80078125	
12.154912	-4.72355031310938E-03	-9.2400974906625E-06	0	0.30459155243	9647.80078125	
12.159008	-4.72067348584562E-03	-1.0846656461025E-05	0	0.4022590605	9647.80078125	
12.163104	-4.72273693097938E-03	-9.87839084275312E-06	0	0.29898777282	9698	
12.1672	-4.72460397943875E-03	-9.26571765735E-06	0	0.32662901656	9698	
12.171296	-0.00472580284033	-9.26338136160937E-06	0	0.34524470376	9697.99609375	
12.175392	-0.004728854486235	-8.44107497237812E-06	0	0.22830156712	9697.99609375	
12.179488	-4.72693678425719E-03	-9.62342162656875E-06	0	0.25832699211	9750.31640625	
12.183584	-4.72448027147766E-03	-1.06464965650312E-05	0	0.32673964257	9750.31640625	
12.18768	-4.72605683938094E-03	-9.61732956535312E-06	0	0.21895557662	9750.31640625	
12.191776	-4.72610987014031E-03	-9.60620313417188E-06	0	0.27009149607	9750.31640625	
12.195872	-4.72814396549172E-03	-8.99728210847812E-06	0	0.25429867947	9802.55859375	
12.199968	-4.73136146966828E-03	-8.0186467890375E-06	0	0.14042636828	9802.55859375	
12.204064	-4.72855230233891E-03	-9.59533824119062E-06	0	0.23793747406	9802.55859375	
12.20816	-4.72794363722656E-03	-9.83206156215937E-06	0	0.22573809544	9802.55859375	
12.212256	-4.73012640156891E-03	-8.7618575842875E-06	0	0.15513199823	9802.55859375	
12.216352	-4.73050639438953E-03	-8.85322528138125E-06	0	0.21694904968	9802.55859375	
12.220448	-4.73318481346734E-03	-8.13850123649062E-06	0	0.16014831558	9853.31640625	
12.224544	-4.73453179475547E-03	-7.95557065019062E-06	0	0.08623106745	9853.31640625	
12.22864	-4.73158630180156E-03	-9.48969315452812E-06	0	0.20779379368	9853.31640625	
12.232736	-4.73355237148922E-03	-8.62922358230625E-06	0	0.12746405166	9853.31640625	
12.236832	-4.73697038679563E-03	-7.46120095225312E-06	0	0.11734367909	9853.31640625	
12.240928	-4.74039525952781E-03	-6.88924767805312E-06	0	0.15085573074	9853.31640625	
12.245024	-4.74720578051672E-03	-5.26319978487187E-06	0	0.0477980657	9905.37890625	
12.24912	-4.75040865551828E-03	-5.303296619775E-06	0	0.06806551367	9905.37890625	
12.253216	-4.75139987355688E-03	-6.1949216896875E-06	0	0.14831133251	9905.37890625	
12.257312	-4.75738796061375E-03	-4.7345404577625E-06	0	0.04624930156	9956.0390625	
12.261408	-4.76209297759078E-03	-4.10900430445312E-06	0	0.08345397313	9956.0390625	
12.265504	-4.76624967480234E-03	-3.93305424001875E-06	0	0.09691601414	9956.0390625	
12.2696	-4.77129326574828E-03	-3.22721047470937E-06	0	-0.02968591758	9956.0390625	
12.273696	-4.7708358297325E-03	-4.52524859974687E-06	0	0.0563429713	9956.0390625	
12.277792	-4.77128860269875E-03	-5.02071180620625E-06	0	0.09121305259	10006.13671875	
12.281888	-4.77499673283188E-03	-3.9398575986E-06	0	0.00023269609	10006.13671875	
12.285984	-4.77703631412391E-03	-3.844471155525E-06	0	0.05717457372	10006.13671875	
12.29008	-4.78113559182359E-03	-3.11710721942813E-06	0	0.02121730578	10006.13671875	
12.294176	-4.78535802889031E-03	-2.35057240904062E-06	0	-0.05819309595	10006.13671875	
12.298272	-4.78440118941297E-03	-3.65457254734687E-06	0	0.0573347907	10056.63671875	
12.302368	-4.78713958810828E-03	-3.19776987915E-06	0	0.02458567705	10056.63671875	
12.306464	-4.79192707705938E-03	-1.97513792870625E-06	0	-0.01823803289	10056.63671875	
12.31056	-4.79556443855844E-03	-1.66980049365937E-06	0	0.05350865663	10056.63671875	
12.314656	-4.80188707656109E-03	-5.12438670253125E-07	0	-0.03602211767	10056.63671875	
12.318752	-0.00480569569084	-3.51397725525E-07	0	-0.05505360608	10056.63671875	
12.322848	-4.80604084793766E-03	-1.44730792769062E-06	0	0.06882082229	10109.13671875	
12.326944	-0.004810186847565	-6.92485845975E-07	0	-0.01713558748	10109.13671875	
12.33104	-4.81374402289859E-03	-2.17715888053125E-07	0	0.01013944602	10109.13671875	
12.335136	-4.81708761227719E-03	-4.2660293878125E-08	0	0.03132241959	10109.13671875	
12.339232	-4.82264852742406E-03	9.64532448928125E-07	0	-0.07108674815	10161.07421875	
12.343328	-4.82288826302938E-03	9.694269151875E-08	0	-0.01978298234	10161.07421875	
12.347424	-4.82180570407937E-03	-9.97367031478125E-07	0	0.05603016672	10161.07421875	
12.35152	-4.82525124052125E-03	1.203604565625E-09	0	-0.04409400171	10161.07421875	
12.355616	-4.82755990720094E-03	3.280083258375E-07	0	0.03004449844	10161.07421875	
12.359712	-4.83083391656594E-03	7.657309650375E-07	0	0.01273724991	10212.03515625	
12.363808	-4.83396840017437E-03	1.20470696836875E-06	0	-0.09209806067	10212.03515625	
12.367904	-4.83170992985141E-03	-1.67004881071875E-07	0	0.02420039336	10212.03515625	
12.372	-4.83096347619703E-03	-6.18821256178125E-07	0	0.09903316709	10212.03515625	
12.376096	-4.83225742672578E-03	-4.67412994125E-08	0	0.09666805929	10212.03515625	
12.380192	-4.83185137568719E-03	-2.91015814753125E-07	0	0.0559615023	10212.03515625	
12.384288	-4.83446058048078E-03	3.971967181875E-07	0	0.00138091778	10212.03515625	
12.388384	-4.83650016177281E-03	9.20292108553125E-07	0	0.01824566227	10212.03515625	
12.39248	-4.82958467645328E-03	-1.5247917444375E-06	0	0.00643156734	10212.03515625	
12.396576	-0.00482620579419	-2.21546965952813E-06	0	-0.0042724528	10212.03515625	
12.400672	-4.82911279412719E-03	-5.66860731215625E-07	0	-0.00397109229	10212.03515625	
12.404768	-4.83267554683375E-03	5.44208350021875E-07	0	-0.0149154379	10212.03515625	
12.408864	-4.83677729320672E-03	1.39586350798125E-06	0	-0.00489424727	10212.03515625	
12.41296	-4.83577583474562E-03	5.2563745513125E-07	0	-0.01520535434	10212.03515625	
12.417056	-4.83342949794031E-03	-5.433311874375E-07	0	-0.00176238678	10212.03515625	
12.421152	-4.83379202718328E-03	-2.925506689875E-07	0	-0.00905607406	10212.03515625	
12.425248	-4.83413453274297E-03	-6.5938635984375E-08	0	-0.0089263746	10212.03515625	
12.429344	-4.83203762337141E-03	-6.6067578163125E-07	0	-0.00907133282	10212.03515625	
12.43344	-4.83037291468875E-03	-9.8209084483125E-07	0	-0.01004407877	10212.03515625	
12.437536	-4.82966696556266E-03	-8.6871980435625E-07	0	0.0021362264	10212.03515625	
12.441632	-4.83045940968594E-03	-4.766302926E-07	0	0.00033187803	10212.03515625	
12.445728	-4.83364646689203E-03	4.9231344999375E-07	0	0.00115966576	10212.03515625	
12.449824	-4.83377474647031E-03	2.91770140921875E-07	0	0.00341796224	10212.03515625	
12.45392	-4.83268240425953E-03	-2.7860885600625E-07	0	0.00321196898	10212.03515625	
12.458016	-4.83283207900625E-03	-2.42455767159375E-07	0	-0.00026321361	10212.03515625	
12.462112	-4.83391198641828E-03	6.7780461065625E-08	0	-0.00867841975	10212.03515625	
12.466208	-4.83502096931562E-03	2.89629277678125E-07	0	-0.01016996354	10212.03515625	
12.470304	-4.83429106491547E-03	-3.408890821875E-08	0	-0.0144576751	10212.03515625	
12.4744	-4.8325182832025E-03	-5.933378682E-07	0	-0.01229474587	10212.03515625	
12.478496	-4.83341240009203E-03	-2.3603197550625E-07	0	-0.00742720143	10212.03515625	
12.482592	-4.83543232343016E-03	3.7752702631875E-07	0	-0.00767134159	10212.03515625	
12.486688	-4.83594205874656E-03	3.4787513289375E-07	0	-0.00632094133	10212.03515625	
12.490784	-4.83489616416641E-03	-7.79758835625E-08	0	-0.00568007341	10212.03515625	
12.49488	-4.83291592246547E-03	-6.10551312525E-07	0	-0.00200652694	10212.03515625	
12.498976	-4.83219068111484E-03	-6.46192382653125E-07	0	0.00096893126	10212.03515625	
12.503072	-4.83352751341281E-03	-1.00978024021875E-07	0	0.00215148516	10212.03515625	
12.507168	-4.83388940262938E-03	3.028891201875E-08	0	0.001144407	10212.03515625	
12.511264	-4.83263879103156E-03	-3.6187992658125E-07	0	0.001525876	10212.03515625	
12.51536	-4.83123457309625E-03	-6.4970367721875E-07	0	0.00080489959	10212.03515625	
12.519456	-4.83004485543938E-03	0	0	-0.00582503163	10212.03515625	
12.523552	-4.83049662264984E-03	0	0	-0.01053235909	10212.03515625	
12.527648	-4.83099438032922E-03	0	0	-0.01306912794	10212.03515625	
12.531744	-4.83008343988844E-03	0	0	-0.01499936108	10212.03515625	
12.53584	-4.82944350491453E-03	0	0	-0.00845335304	10212.03515625	
12.539936	-4.82904229979016E-03	0	0	-0.0051879784	10212.03515625	
12.544032	-4.82816555504594E-03	0	0	-0.00167464891	10212.03515625	
12.548128	-4.82653760216547E-03	0	0	-0.00203322977	10212.03515625	
12.552224	-4.82386384613719E-03	0	0	-0.00158691104	10212.03515625	
12.55632	-4.82117445517813E-03	0	0	0.00122833018	10212.03515625	
12.560416	-4.81972452107094E-03	0	0	-0.00314711925	10212.03515625	
12.564512	-4.81851971707734E-03	0	0	-0.00039672776	10212.03515625	
12.568608	-4.81637133129625E-03	0	0	-0.00467299525	10212.03515625	
12.572704	-4.81379933946656E-03	0	0	-0.00174712802	10212.03515625	
12.5768	-4.81092434084969E-03	0	0	-0.00386428097	10212.03515625	
12.580896	-4.80843198659141E-03	0	0	-0.00701521491	10212.03515625	
12.584992	-4.80600116630047E-03	0	0	-0.00730513135	10212.03515625	
12.589088	-4.80238629715797E-03	0	0	-0.01281354371	10212.03515625	
12.593184	-4.79860428969109E-03	0	0	-0.00897596557	10212.03515625	
12.59728	-4.79535908151438E-03	0	0	-0.00979612392	10212.03515625	
12.601376	-4.79297571460984E-03	0	0	-0.00462340428	10212.03515625	
12.605472	-4.79089645168062E-03	0	0	-0.00189208624	10272.75	
12.609568	-4.78791191711594E-03	0	0	0.00205611791	10272.75	
12.613664	-4.78378237531047E-03	0	0	0.00599669268	10272.75	
12.61776	-4.77940048023625E-03	0	0	0.01454159828	10272.76953125	
12.621856	-4.77526325811391E-03	0	0	0.03609078209	10272.76953125	
12.625952	-4.77106633067109E-03	0	0	0.03870765943	10272.76953125	
12.630048	-4.76694200050922E-03	0	0	0.04291144781	10272.76953125	
12.634144	-4.76302787330563E-03	0	0	0.06494509725	10272.76953125	
12.63824	-4.75918122317172E-03	0	0	0.07614502709	10272.76953125	
12.642336	-4.75519459011953E-03	-4.2000390691875E-07	0	-0.05096807309	10262.20703125	
12.646432	-4.75059243452922E-03	-5.0690333925E-07	0	0.02219768111	10262.20703125	
12.650528	-4.74649050529156E-03	-4.37823841021875E-07	0	-0.00025939892	10262.20703125	
12.654624	-4.74042598079531E-03	-4.16500785421875E-07	0	-0.03296273629	10262.20703125	
12.65872	-4.73667186019328E-03	-3.97297920009375E-07	0	0.07188020367	10262.20703125	
12.662816	-4.73566775019422E-03	-3.0924055614375E-07	0	-0.02021022762	10212.4296875	
12.666912	-4.73370954368812E-03	-2.14211564634375E-07	0	-0.05231847335	10212.4296875	
12.671008	-4.72865424940219E-03	-2.05844024925E-07	0	0.06652056422	10212.4296875	
12.675104	-4.72098874456687E-03	-2.7838289469375E-07	0	-0.04684057851	10212.4296875	
12.6792	-0.00471182905237	-4.0995199389375E-07	0	0.07493577036	10159.6875	
12.683296	-4.70300500830703E-03	-5.419686888E-07	0	0.07728943409	10159.6875	
12.687392	-4.69561754922906E-03	-6.23707308984375E-07	0	-0.05735386415	10159.6875	
12.691488	-4.68282643863547E-03	-7.61403325134375E-07	0	0.07339082091	10159.6875	
12.695584	-4.66846214313531E-03	-9.90428576878125E-07	0	0.04562750709	10107.10546875	
12.69968	-4.65383278527062E-03	-1.20642643780312E-06	0	0.03171533266	10107.10546875	
12.703776	-4.63848394629297E-03	-1.42580602611562E-06	0	0.14751024761	10107.10546875	
12.707872	-4.62676359987703E-03	-1.57444145440312E-06	0	0.07844528516	10107.10546875	
12.711968	-0.00461539353077	-1.63518466289062E-06	0	0.02789301328	10107.10546875	
12.716064	-4.59981007639828E-03	-1.78076504615625E-06	0	0.15395325902	10053.5859375	
12.72016	-4.58733468168766E-03	-1.91052813754688E-06	0	0.06816469561	10053.5859375	
12.724256	-4.57729842761125E-03	-1.95319564295625E-06	0	0.16100662083	10053.5859375	
12.728352	-4.5695559367425E-03	-1.94235334610625E-06	0	0.2020641293	10053.5859375	
12.732448	-4.56667005767672E-03	-1.82451884855625E-06	0	0.09579830997	10053.5859375	
12.736544	-4.56208618855516E-03	-1.6934127296625E-06	0	0.19709740292	10053.5859375	
12.74064	-4.55839003605906E-03	-1.61577218230312E-06	0	0.20913274987	10053.5859375	
12.744736	-4.5587683830975E-03	-1.46511632334375E-06	0	0.15518540389	10001.328125	
12.748832	-4.56021411131687E-03	-1.279739104875E-06	0	0.28463309435	10001.328125	
12.752928	-4.56547046532672E-03	-1.06318379258437E-06	0	0.25894497189	10001.328125	
12.757024	-4.57414154307859E-03	-7.54551889678125E-07	0	0.17848171572	9950.20703125	
12.76112	-4.58003956927687E-03	-5.14666793025E-07	0	0.33982402927	9950.20703125	
12.765216	-4.58848096898125E-03	-3.0416363814375E-07	0	0.26337001229	9950.20703125	
12.769312	-0.004597531308095	-7.7691989615625E-08	0	0.30329455783	9950.20703125	
12.773408	-4.60583848511875E-03	1.01520331171875E-07	0	0.39432831999	9950.20703125	
12.777504	-4.61719273643031E-03	2.9507614723125E-07	0	0.31442200856	9950.203125	
12.7816	-4.62791573884062E-03	5.04518005096875E-07	0	0.32662520187	9899.54296875	
12.785696	-4.63673484555703E-03	6.26902017328125E-07	0	0.41178815612	9899.54296875	
12.789792	-4.64689937921172E-03	7.4852184763125E-07	0	0.33542950639	9899.54296875	
12.793888	-4.65494167673563E-03	8.3552752985625E-07	0	0.4473486963	9899.54296875	
12.797984	-4.6623136837475E-03	8.670058637625E-07	0	0.4789343295	9899.54296875	
12.80208	-4.67138514373266E-03	9.334096435125E-07	0	0.35890510865	9899.54296875	
12.806176	-4.67530941992641E-03	9.34376709853125E-07	0	0.51142022954	9846.54296875	
12.810272	-4.67648862286375E-03	8.191597577625E-07	0	0.48050216709	9846.54296875	
12.814368	-4.67654851104891E-03	6.8246999060625E-07	0	0.45254048939	9846.54296875	
12.818464	-4.67408532370828E-03	5.11330017515625E-07	0	0.58838922967	9794.1640625	
12.82256	-4.67207161776953E-03	3.3646937506875E-07	0	0.53955356829	9794.1640625	
12.826656	-4.66965432946547E-03	2.149469004375E-07	0	0.47140794613	9794.1640625	
12.830752	-4.66119793485672E-03	-7.98124201875E-09	0	0.62532305825	9794.1640625	
12.834848	-4.65217493401375E-03	-2.76295637165625E-07	0	0.55512513287	9742.625	
12.838944	-4.64084454654391E-03	-5.4170859290625E-07	0	0.59746056249	9742.625	
12.84304	-4.62679020668906E-03	-8.53460925384375E-07	0	0.67953361784	9742.625	
12.847136	-4.61511329063641E-03	-1.1127594641625E-06	0	0.58968240958	9742.625	
12.851232	-4.59964138372406E-03	-1.3485688437375E-06	0	0.63827011611	9742.625	
12.855328	-4.57929092124625E-03	-1.70973891525937E-06	0	0.70868166413	9742.625	
12.859424	-4.56007467699266E-03	-2.052442178325E-06	0	0.63746140183	9690.68359375	
12.86352	-4.53875914612656E-03	-2.3782053141E-06	0	0.76468131333	9690.68359375	
12.867616	-4.51669569868859E-03	-2.71790833978125E-06	0	0.77069326477	9690.68359375	
12.871712	-4.49642926253469E-03	-2.97749966672812E-06	0	0.66186778845	9690.68359375	
12.875808	-4.47089943208047E-03	-3.283671716325E-06	0	0.77875751943	9690.68359375	
12.879904	-4.44484340848797E-03	-3.65485379706562E-06	0	0.78823702408	9638.40234375	
12.884	-4.41988219577953E-03	-3.95722368700312E-06	0	0.74393321442	9638.40234375	
12.888096	-4.39162850437266E-03	-4.28622984838125E-06	0	0.86483981397	9638.40234375	
12.892192	-4.36650454209234E-03	-4.59495285696562E-06	0	0.83473809518	9638.40234375	
12.896288	-4.34282649089609E-03	-4.77389762994375E-06	0	0.76486060376	9638.40234375	
12.900384	-4.31358222147703E-03	-5.06741199989062E-06	0	0.90208263244	9638.40234375	
12.90448	-4.28775788744359E-03	-5.34522686630625E-06	0	0.84417182355	9587.921875	
12.908576	-4.26179933072953E-03	-5.5600867476E-06	0	0.88886854628	9587.921875	
12.912672	-4.23521629110766E-03	-5.80402063828125E-06	0	0.96028335777	9587.921875	
12.916768	-4.21460707509703E-03	-5.93030873314687E-06	0	0.88987943913	9587.921875	
12.920864	-4.19214388545219E-03	-6.005622840525E-06	0	0.88943693509	9538.0234375	
12.92496	-4.16787051826578E-03	-6.19166424102187E-06	0	0.99210931644	9538.0234375	
12.929056	-4.14692583698594E-03	-6.32412492586875E-06	0	0.91900841197	9538.0234375	
12.933152	-4.12502312760828E-03	-6.4415012508E-06	0	1.01157567951	9538.0234375	
12.937248	-4.10455343735422E-03	-6.58940086251562E-06	0	1.03854172312	9485.8828125	
12.941344	-4.09051976120906E-03	-6.56434007026875E-06	0	0.93457234717	9485.8828125	
12.94544	-4.07214652316484E-03	-6.57853428684375E-06	0	1.02864641726	9485.8828125	
12.949536	-4.05533485811953E-03	-0.000006682993317	0	1.0404185506	9485.8828125	
12.953632	-4.04200585104766E-03	-6.67347529767187E-06	0	1.00249671731	9485.8828125	
12.957728	-4.02675767908047E-03	-6.707345215725E-06	0	1.12153030407	9485.8828125	
12.961824	-4.01605579754156E-03	-6.7153923230625E-06	0	1.10295276377	9433.58203125	
12.96592	-4.00767657183094E-03	-6.59130807214687E-06	0	1.00716971256	9433.58203125	
12.970016	-3.99502553558797E-03	-6.60533978888437E-06	0	1.15281076207	9433.58203125	
12.974112	-3.98526568148672E-03	-6.63597966209062E-06	0	1.09869556973	9382.3203125	
12.978208	-3.97598410997563E-03	-6.6229885693125E-06	0	1.11517884522	9382.3203125	
12.982304	-3.96511765021797E-03	-6.68882528232187E-06	0	1.20205840997	9382.3203125	
12.9864	-3.96073740092594E-03	-6.64700056453125E-06	0	1.14853449458	9382.3203125	
12.990496	-3.9548116707275E-03	-6.5340867351375E-06	0	1.10775927317	9382.3203125	
12.994592	-3.94486886050641E-03	-6.63369601052812E-06	0	1.22662882826	9382.3203125	
12.998688	-3.93862723156031E-03	-6.6837192778125E-06	0	1.15274972703	9330.5	
13.002784	-3.93009174797422E-03	-6.74588484064687E-06	0	1.23278955261	9330.5	
13.00688	-3.92120013540922E-03	-6.89411858664375E-06	0	1.27550645123	9330.5	
13.010976	-3.91724879524172E-03	-6.88923085114687E-06	0	1.18716586021	9330.5	
13.015072	-3.90821271957359E-03	-6.9600132322875E-06	0	1.24664832138	9330.5	
13.019168	-3.89922345726547E-03	-7.14668107446562E-06	0	1.28889982782	9330.5	
13.023264	-3.89204318387844E-03	-7.24973577910312E-06	0	1.22699122381	9278.51953125	
13.02736	-3.88225462002125E-03	-7.39697168955937E-06	0	1.32229362408	9278.51953125	
13.031456	-3.87447473332391E-03	-7.57259867739375E-06	0	1.34255344267	9278.51953125	
13.035552	-3.87072491004203E-03	-7.53939101829375E-06	0	1.22436671709	9228.33984375	
13.039648	-3.85976043481188E-03	-7.69502956457812E-06	0	1.36663558064	9228.33984375	
13.043744	-3.85092322449141E-03	-7.92367332631875E-06	0	1.32563910721	9228.33984375	
13.04784	-3.84239770703078E-03	-8.05422415730625E-06	0	1.30986154937	9228.33984375	
13.051936	-3.83073935174391E-03	-8.30242991871562E-06	0	1.42054477972	9228.33984375	
13.056032	-3.82429190859203E-03	-8.436462717375E-06	0	1.37112928546	9228.33984375	
13.060128	-3.81628929270531E-03	-8.47618527380625E-06	0	1.30522670102	9178.578125	
13.064224	-3.80420266832031E-03	-8.73169198945312E-06	0	1.44171249453	9178.578125	
13.06832	-3.79514867191281E-03	-8.93272039419375E-06	0	1.37486386697	9178.578125	
13.072416	-3.78547083262391E-03	-9.08075390000625E-06	0	1.40522116999	9178.578125	
13.076512	-3.77390427541016E-03	-9.33216422551875E-06	0	1.48516944301	9178.578125	
13.080608	-3.76867077948625E-03	-9.39944709092813E-06	0	1.38858149221	9126.27734375	
13.084704	-3.75919381705656E-03	-9.46888115610937E-06	0	1.42829241511	9126.27734375	
13.0888	-3.74760924767109E-03	-9.76514047523437E-06	0	1.4974947064	9126.27734375	
13.092896	-3.73987315706641E-03	-9.90587446911563E-06	0	1.41929737609	9126.27734375	
13.096992	-3.72907499726953E-03	-1.00949103377719E-05	0	1.5099687427	9126.27734375	
13.101088	-3.72031148141813E-03	-1.0315387761525E-05	0	1.53787320005	9074.359375	
13.105184	-3.71611272532844E-03	-1.02879579812625E-05	0	1.4240619239	9074.359375	
13.10928	-3.70698265721094E-03	-1.04110403101031E-05	0	1.52222534167	9074.359375	
13.113376	-3.69948182202672E-03	-1.05981963729469E-05	0	1.54197017711	9074.359375	
13.117472	-3.69358535017828E-03	-1.06710244251187E-05	0	1.48422721458	9023.27734375	
13.121568	-3.68461391717719E-03	-1.08518177539406E-05	0	1.59788971782	9023.27734375	
13.125664	-3.67991786056984E-03	-1.09767416674781E-05	0	1.57642827188	9023.27734375	
13.12976	-3.67767264793672E-03	-1.08652227886125E-05	0	1.47544198351	9023.27734375	
13.133856	-3.66899370700328E-03	-1.10539872633094E-05	0	1.61877514557	9023.27734375	
13.137952	-3.66447694922203E-03	-1.12111238850187E-05	0	1.56335151456	8971.45703125	
13.142048	-3.65983108897141E-03	-1.12619024400094E-05	0	1.57873615933	8971.45703125	
13.146144	-3.65373684896344E-03	-1.14441472096875E-05	0	1.66382663447	8971.45703125	
13.15024	-3.65409398369812E-03	-1.14045119127844E-05	0	1.59724122052	8971.45703125	
13.154336	-3.65207506611578E-03	-1.13288701615031E-05	0	1.55841912039	8919.59765625	
13.158432	-3.64720793959328E-03	-1.1519590403475E-05	0	1.68219436682	8919.59765625	
13.162528	-3.64548635999281E-03	-1.16055340675312E-05	0	1.59726410866	8919.59765625	
13.166624	-3.64197316361656E-03	-1.17012488756625E-05	0	1.66826311894	8919.59765625	
13.17072	-3.63832227013063E-03	-1.19060743919906E-05	0	1.71519143532	8919.59765625	
13.174816	-3.64119772590922E-03	-1.17982083940875E-05	0	1.60609130132	8869.6953125	
13.178912	-3.6384323546725E-03	-1.18258720683469E-05	0	1.66737429617	8869.6953125	
13.183008	-3.63571105382547E-03	-1.20466655975531E-05	0	1.71220071836	8869.6953125	
13.187104	-3.63644379262828E-03	-1.20338382065344E-05	0	1.6457717067	8869.6953125	
13.1912	-3.63411939958547E-03	-1.2137320554975E-05	0	1.75554704083	8869.6953125	
13.195296	-3.63479060442094E-03	-1.22272985899969E-05	0	1.75222063115	8869.6953125	
13.199392	-3.63775301235844E-03	-1.20916306968187E-05	0	1.63708947226	8819.67578125	
13.203488	-3.63510010290453E-03	-1.22555295713812E-05	0	1.75527619784	8819.67578125	
13.207584	-3.63492491853391E-03	-1.24296890126062E-05	0	1.73460439273	8819.67578125	
13.21168	-3.63555845324375E-03	-1.24641591704437E-05	0	1.71333749598	8819.67578125	
13.215776	-3.63303345763875E-03	-1.26711438192281E-05	0	1.81418645551	8767.4140625	
13.219872	-3.63615861514813E-03	-1.27127175757312E-05	0	1.77320524084	8767.4140625	
13.223968	-3.63938718263828E-03	-1.25504720649E-05	0	1.69778500485	8767.4140625	
13.228064	-3.63732757766297E-03	-1.27842768791719E-05	0	1.83242067371	8767.4140625	
13.23216	-3.63969759544531E-03	-1.28602167070781E-05	0	1.75736664796	8767.4140625	
13.236256	-3.63988018583578E-03	-1.29291981284812E-05	0	1.80257453915	8715.63671875	
13.240352	-3.63925808016891E-03	-1.31323034542219E-05	0	1.86799265796	8715.63671875	
13.244448	-3.64421051306813E-03	-1.30328749478812E-05	0	1.79090921713	8715.63671875	
13.248544	-3.64521050861172E-03	-1.30224511602281E-05	0	1.79692116857	8715.63671875	
13.25264	-3.64462442728828E-03	-1.32689826444656E-05	0	1.87236047801	8715.63671875	
13.256736	-3.64709099762562E-03	-1.33174688940562E-05	0	1.79819146034	8664.53515625	
13.260832	-3.64688079466734E-03	-1.34387324747156E-05	0	1.87443948406	8664.53515625	
13.264928	-3.64821360394219E-03	-1.36197072937406E-05	0	1.90983217788	8664.53515625	
13.269024	-3.65517096527516E-03	-1.33795435915969E-05	0	1.78607219021	8664.53515625	
13.27312	-3.65561349781891E-03	-1.34446521803344E-05	0	1.90248508494	8664.53515625	
13.277216	-3.65729000127391E-03	-1.36538240865469E-05	0	1.89420339295	8612.61328125	
13.281312	-3.66044021124547E-03	-1.36532700005625E-05	0	1.84634429221	8612.61328125	
13.285408	-3.66022168794391E-03	-1.38592798907062E-05	0	1.95704278132	8612.61328125	
13.289504	-3.66441468379594E-03	-1.39114964250281E-05	0	1.94366466349	8612.61328125	
13.2936	-0.00366983973048	-1.3699288223775E-05	0	1.83187135835	8561.03515625	
13.297696	-3.66984731936453E-03	-1.3899772638675E-05	0	1.97068792745	8561.03515625	
13.301792	-3.67319182306656E-03	-1.40119181996062E-05	0	1.91926590625	8561.03515625	
13.305888	-3.67672732893469E-03	-1.39781288103187E-05	0	1.91786591502	8561.03515625	
13.309984	-3.67762336590344E-03	-1.41785596195031E-05	0	2.0120582405	8561.03515625	
13.31408	-3.68495934857188E-03	-1.40513157563625E-05	0	1.92968382464	8561.03515625	
13.318176	-3.68948396953469E-03	-1.38925536555094E-05	0	1.92154327618	8511.15625	
13.322272	-3.69000687110859E-03	-1.42032249794531E-05	0	2.02478786103	8511.15625	
13.326368	-3.69492346252906E-03	-1.42279586085656E-05	0	1.94116985623	8511.15625	
13.330464	-3.69721448276641E-03	-1.42959340213594E-05	0	2.00555800874	8511.15625	
13.33456	-3.69951108037672E-03	-1.45046294857406E-05	0	2.05570210879	8460.99609375	
13.338656	-3.70722568438062E-03	-1.42841544658312E-05	0	1.94577418706	8460.99609375	
13.342752	-3.71007828207328E-03	-1.42776446165719E-05	0	2.00537490362	8460.99609375	
13.346848	-3.71335137711484E-03	-1.44438884407125E-05	0	2.06133640592	8460.99609375	
13.350944	-3.71890223470391E-03	-1.43676493342594E-05	0	1.98101429328	8460.99609375	
13.35504	-3.72083447442437E-03	-1.44978590598187E-05	0	2.08860762473	8408.47265625	
13.359136	-3.72543580712359E-03	-1.46205952351594E-05	0	2.08803923592	8408.47265625	
13.363232	-3.73398601131703E-03	-1.42881234522469E-05	0	1.97194677515	8408.47265625	
13.367328	-3.73547928435516E-03	-1.4462722075725E-05	0	2.10294322975	8408.47265625	
13.371424	-3.73969266961984E-03	-1.46369214207562E-05	0	2.06982790586	8408.47265625	
13.37552	-3.74429893966562E-03	-1.46010798700594E-05	0	2.05366124964	8356.75390625	
13.379616	-3.74636174477297E-03	-1.48075671635719E-05	0	2.15623063436	8356.75390625	
13.383712	-3.75408777781984E-03	-1.46889841090781E-05	0	2.10543803701	8356.75390625	
13.387808	-3.76087845799016E-03	-1.44108997717781E-05	0	2.02518458879	8356.75390625	
13.391904	-3.76336496057844E-03	-1.4623037300025E-05	0	2.16725127377	8356.75390625	
13.396	-3.76907564190437E-03	-1.46357283931031E-05	0	2.09814816442	8305.671875	
13.400096	-3.77327064926797E-03	-1.463859689985E-05	0	2.13314031579	8305.671875	
13.404192	-3.77584675555313E-03	-1.48766949790594E-05	0	2.20040474456	8305.671875	
13.408288	-3.78528449350734E-03	-1.46018070327937E-05	0	2.11010340288	8305.671875	
13.412384	-3.79014887705953E-03	-1.44733345651125E-05	0	2.12347389133	8305.671875	
13.41648	-3.79303210458734E-03	-1.47715744111031E-05	0	2.20372733955	8253.51171875	
13.420576	-3.79971736326531E-03	-1.46719120107656E-05	0	2.1207006117	8253.51171875	
13.424672	-3.80331495169484E-03	-1.47426446323406E-05	0	2.22085911234	8253.51171875	
13.428768	-3.80868879626641E-03	-1.48314053608875E-05	0	2.23966934873	8253.51171875	
13.432864	-3.81805037107828E-03	-1.445921246385E-05	0	2.1271855847	8253.51171875	
13.43696	-3.82140602952625E-03	-1.45402344982125E-05	0	2.21040304705	8202.4140625	
13.441056	-3.82586518493094E-03	-1.47123956241281E-05	0	2.22601657322	8202.4140625	
13.445152	-3.83145627275125E-03	-1.46574247656375E-05	0	2.18336452433	8202.4140625	
13.449248	-3.83345544094734E-03	-1.48701166202531E-05	0	2.28131813415	8202.4140625	
13.453344	-3.83964093043438E-03	-1.49035180291594E-05	0	2.26766154395	8202.4140625	
13.45744	-3.84803999696359E-03	-1.4501587421475E-05	0	2.15875595914	8152.51171875	
13.461536	-3.85016141020328E-03	-1.473841987695E-05	0	2.30616321012	8152.51171875	
13.465632	-3.85625519304953E-03	-1.47629732177812E-05	0	2.23879197003	8152.51171875	
13.469728	-3.86127802885344E-03	-1.46902309828312E-05	0	2.25238752519	8152.51171875	
13.473824	-3.86397043707984E-03	-1.49262622371844E-05	0	2.34627849016	8152.51171875	
13.47792	-3.87277930337375E-03	-1.46694461478469E-05	0	2.28308052093	8102.1328125	
13.482016	-3.87872944600797E-03	-1.44343713829219E-05	0	2.24863768492	8102.1328125	
13.486112	-3.88146656465047E-03	-1.47104545203E-05	0	2.35419015722	8102.1328125	
13.490208	-3.88691684666141E-03	-1.47085612529625E-05	0	2.27354761062	8102.1328125	
13.494304	-3.89041193943359E-03	-1.47654765806625E-05	0	2.3338654889	8102.1328125	
13.4984	-3.8936997550825E-03	-1.49735059399406E-05	0	2.39277574657	8049.55078125	
13.502496	-3.90367374373281E-03	-1.45165232238469E-05	0	2.28338569613	8049.55078125	
13.506592	-3.90761082045469E-03	-1.44546872279906E-05	0	2.35657433847	8049.55078125	
13.510688	-3.91082475876984E-03	-1.47614128828031E-05	0	2.3788025371	8049.55078125	
13.514784	-3.91688635743109E-03	-1.4629471908975E-05	0	2.31458223095	7997.953125	
13.51888	-3.91909911158219E-03	-1.48121301397781E-05	0	2.42572703879	7997.953125	
13.522976	-3.92478702625453E-03	-1.48420868405906E-05	0	2.42780223015	7997.953125	
13.527072	-3.93250428179641E-03	-1.44221889431812E-05	0	2.30519427886	7997.953125	
13.531168	-3.9346731484225E-03	-1.46335252703062E-05	0	2.43127359805	7997.953125	
13.535264	-3.93910185685672E-03	-1.47295655588812E-05	0	2.40959090009	7946.83203125	
13.53936	-3.94415513963109E-03	-1.46306485904906E-05	0	2.38033604248	7946.83203125	
13.543456	-3.94634924158406E-03	-1.48181784510375E-05	0	2.48366073582	7946.83203125	
13.547552	-3.95376531898563E-03	-1.46498408789906E-05	0	2.43254770451	7946.83203125	
13.551648	-3.96085480005531E-03	-1.42366482633375E-05	0	2.37706303846	7946.83203125	
13.555744	-3.96167778258141E-03	-1.46598790901062E-05	0	2.5098371386	7894.59375	
13.55984	-3.96711672698172E-03	-1.4643741125475E-05	0	2.42811503473	7894.59375	
13.563936	-3.97015374371172E-03	-1.46720302798781E-05	0	2.46990877837	7894.59375	
13.568032	-3.97218107306969E-03	-1.49449059685406E-05	0	2.54394809658	7894.59375	
13.572128	-3.97977626643266E-03	-1.46042469342E-05	0	2.45258627108	7894.59375	
13.576224	-3.98336617454531E-03	-1.45369561361062E-05	0	2.45886143613	7894.59375	
13.58032	-3.98619390264047E-03	-1.47478520790562E-05	0	2.55678452843	7843.890625	
13.584416	-3.99159270824188E-03	-1.45876575277125E-05	0	2.47127443739	7843.890625	
13.588512	-3.99422019950422E-03	-1.46335692606469E-05	0	2.5495099146	7843.890625	
13.592608	-3.99719933956063E-03	-1.48472219316094E-05	0	2.5883434588	7843.890625	
13.596704	-4.00643711497906E-03	-1.42602088167E-05	0	2.46601016519	7843.890625	
13.6008	-4.00856090545969E-03	-1.43533983869719E-05	0	2.57761655052	7793.953125	
13.604896	-4.01192863297703E-03	-1.45910144955094E-05	0	2.57585797843	7793.953125	
13.608992	-4.01621287830812E-03	-1.448712782055E-05	0	2.5249051641	7793.953125	
13.613088	-4.01738924684281E-03	-1.47569847622312E-05	0	2.64834471781	7793.953125	
13.617184	-4.02355096392047E-03	-1.46091132754875E-05	0	2.62040211356	7793.953125	
13.62128	-4.03056035025703E-03	-1.41323106272906E-05	0	2.51227091082	7743.53125	
13.625376	-4.03226410055047E-03	-1.43779024490062E-05	0	2.65448255402	7743.53125	
13.629472	-4.03626426558953E-03	-1.44386062344562E-05	0	2.61390951118	7743.53125	
13.633568	-4.04010232108312E-03	-1.43676808246125E-05	0	2.61664464391	7743.53125	
13.637664	-4.04133866923531E-03	-1.46393971394344E-05	0	2.70280323225	7743.53125	
13.64176	-4.04916747223656E-03	-1.42729018328531E-05	0	2.63500474688	7690.79296875	
13.645856	-4.05416982719547E-03	-1.39479817250812E-05	0	2.59900933204	7690.79296875	
13.649952	-4.05451416140203E-03	-1.4437752869925E-05	0	2.71948487162	7690.79296875	
13.654048	-4.05958829075078E-03	-1.43302546601156E-05	0	2.63362001441	7690.79296875	
13.658144	-4.06239544656859E-03	-1.43179001051625E-05	0	2.71391160953	7639.453125	
13.66224	-4.06560024164937E-03	-1.44503749726875E-05	0	2.75679635451	7639.453125	
13.666336	-4.07402454350547E-03	-1.38793587167812E-05	0	2.6542994489	7639.453125	
13.670432	-4.07689551909922E-03	-1.38928010110312E-05	0	2.69601308405	7639.453125	
13.674528	-4.07959377899563E-03	-1.41537947404219E-05	0	2.75903939223	7639.453125	
13.678624	-0.00408426085155	-1.40228078521781E-05	0	2.69483434484	7588.0703125	
13.68272	-4.08580788680625E-03	-1.41590822351344E-05	0	2.79008715414	7588.0703125	
13.686816	-4.08935930190219E-03	-1.42726374100406E-05	0	2.80221786834	7588.0703125	
13.690912	-4.09681222653828E-03	-1.36903507327125E-05	0	2.67964043457	7588.0703125	
13.695008	-4.09724881597969E-03	-1.39937540350781E-05	0	2.81978451579	7588.0703125	
13.699104	-4.10075515493016E-03	-1.41116553594844E-05	0	2.77863164007	7588.0703125	
13.7032	-4.10463307492562E-03	-1.39368278900812E-05	0	2.76352165298	7535.79296875	
13.707296	-4.10533920691641E-03	-1.42171795328062E-05	0	2.86890627892	7535.79296875	
13.711392	-4.11118557384047E-03	-1.399162831605E-05	0	2.83495935261	7535.79296875	
13.715488	-4.11593877566266E-03	-1.36480000539094E-05	0	2.74606563154	7535.79296875	
13.719584	-4.11650593049094E-03	-1.40247042445125E-05	0	2.88816664873	7485.390625	
13.72368	-4.11978652298469E-03	-1.40400342772594E-05	0	2.82203518289	7485.390625	
13.727776	-4.12194057757109E-03	-1.40390227398094E-05	0	2.85250311192	7485.390625	
13.731872	-4.12235449179125E-03	-1.43429904646875E-05	0	2.92703071045	7485.390625	
13.735968	-4.13026018939359E-03	-1.37500278364969E-05	0	2.84451133637	7485.390625	
13.740064	-4.13402034453031E-03	-1.34606175489844E-05	0	2.87008501813	7435.25	
13.74416	-4.13519826741484E-03	-1.38450246165E-05	0	2.93168844694	7435.25	
13.748256	-4.13988838091984E-03	-1.36397714563687E-05	0	2.85729436256	7435.25	
13.752352	-4.14149685871109E-03	-1.37425011613312E-05	0	2.95186815704	7435.25	
13.756448	-4.14477607971969E-03	-1.381892848875E-05	0	2.9804935908	7435.25	
13.760544	-4.15182121610266E-03	-1.32450148799719E-05	0	2.86195972843	7384.609375	
13.76464	-4.15302272853187E-03	-1.34378478602156E-05	0	2.9631367513	7384.609375	
13.768736	-4.15497919782344E-03	-1.36937540946937E-05	0	2.98011975118	7384.609375	
13.772832	-4.15886808970016E-03	-1.35279381547406E-05	0	2.92822089373	7384.609375	
13.776928	-4.15943058147891E-03	-1.37394559720687E-05	0	3.02469821852	7331.91015625	
13.781024	-4.16438868318344E-03	-1.36035986560031E-05	0	3.00974844841	7331.91015625	
13.78512	-4.17143372813406E-03	-1.29169635253312E-05	0	2.92132011952	7331.91015625	
13.789216	-4.17152726342172E-03	-1.33226979753656E-05	0	3.06171215559	7331.91015625	
13.793312	-4.17529418455188E-03	-1.33524260706375E-05	0	3.00407981907	7331.91015625	
13.797408	-4.17828146208687E-03	-1.32200468760937E-05	0	3.00958060205	7280.609375	
13.801504	-4.17880838668391E-03	-1.35197122014281E-05	0	3.10854510472	7280.609375	
13.8056	-4.18447088316469E-03	-1.31899009927781E-05	0	3.037637647	7280.609375	
13.809696	-4.18741729044203E-03	-1.29938105638687E-05	0	3.00468635478	7280.609375	
13.813792	-4.18756321646266E-03	-1.34183351393437E-05	0	3.12632156012	7280.609375	
13.817888	-4.19106946398078E-03	-1.32851665225125E-05	0	3.05166426213	7280.609375	
13.821984	-0.00419246408152	-1.33102564012687E-05	0	3.09789449024	7229.19140625	
13.82608	-4.19306195761578E-03	-1.3605434471475E-05	0	3.16612403558	7229.19140625	
13.830176	-4.20014092396594E-03	-1.29516531541031E-05	0	3.06009091234	7229.19140625	
13.834272	-4.20117685242062E-03	-1.29834307665562E-05	0	3.13061690106	7229.19140625	
13.838368	-4.20140369606547E-03	-1.342225196235E-05	0	3.16950385092	7176.87109375	
13.842464	-4.20413121431187E-03	-1.32758929740937E-05	0	3.10033589184	7176.87109375	
13.84656	-4.20311448664938E-03	-1.35904099672687E-05	0	3.21685941258	7176.87109375	
13.850656	-4.20550855113812E-03	-1.36211789268844E-05	0	3.21474607432	7176.87109375	
13.854752	-4.21108226681313E-03	-1.29766759656187E-05	0	3.10138874628	7176.87109375	
13.858848	-4.21107102063484E-03	-1.32041714112E-05	0	3.21923977914	7126.7890625	
13.862944	-4.21289701597188E-03	-1.33087927008094E-05	0	3.21829373602	7126.7890625	
13.86704	-4.21552331861375E-03	-1.31399068120031E-05	0	3.1853424438	7126.7890625	
13.871136	-4.21491794506578E-03	-1.3435046180325E-05	0	3.28924697002	7126.7890625	
13.875232	-4.21967480418172E-03	-1.3164311835675E-05	0	3.24981451949	7076.3515625	
13.879328	-4.22391123039703E-03	-1.26620541648562E-05	0	3.17979969923	7076.3515625	
13.883424	-4.22157367109672E-03	-1.33320277737281E-05	0	3.31408060192	7076.3515625	
13.88752	-4.22413231380422E-03	-1.33137907727344E-05	0	3.24062493128	7076.3515625	
13.891616	-4.22530420215406E-03	-1.32334122473437E-05	0	3.29219572539	7076.3515625	
13.895712	-4.22538127961984E-03	-1.35039302460562E-05	0	3.36152390145	7076.3515625	
13.899808	-4.23125562484109E-03	-1.29197531860031E-05	0	3.28174728948	7076.3515625	
13.903904	-4.2329620266725E-03	-1.28091960850219E-05	0	3.2796797275	7025.37109375	
13.908	-4.23330398363812E-03	-1.31714430785437E-05	0	3.38087582382	7025.37109375	
13.912096	-4.23648637779469E-03	-1.29727649118375E-05	0	3.30132046387	7025.37109375	
13.916192	-4.23683665510359E-03	-1.3084415761725E-05	0	3.38266109874	7025.37109375	
13.920288	-4.23752989513391E-03	-1.33501099671844E-05	0	3.41927449336	6972.73046875	
13.924384	-4.24395228582359E-03	-1.26134292134812E-05	0	3.3103116882	6972.73046875	
13.92848	-4.24387328827859E-03	-1.27699163166094E-05	0	3.40234108445	6972.73046875	
13.932576	-4.24496462473359E-03	-1.30565085780937E-05	0	3.41040533911	6972.73046875	
13.936672	-4.24805503795234E-03	-1.2771716074425E-05	0	3.36918761366	6972.73046875	
13.940768	-4.24760418506531E-03	-1.30445323881469E-05	0	3.48584846324	6921.65234375	
13.944864	-4.25146957882969E-03	-1.28661279992437E-05	0	3.47116572143	6921.65234375	
13.94896	-4.25643097209859E-03	-1.22785552695094E-05	0	3.37093092699	6921.65234375	
13.953056	-4.25600453164734E-03	-1.26607529642344E-05	0	3.50990771307	6921.65234375	
13.957152	-4.25765269107578E-03	-1.27932920143875E-05	0	3.46400936299	6870.0703125	
13.961248	-4.25856774597203E-03	-1.28087136335812E-05	0	3.46678264262	6870.0703125	
13.965344	-4.25669045709016E-03	-1.32850254168844E-05	0	3.5543374075	6870.0703125	
13.96944	-4.26146313400156E-03	-1.28663789605312E-05	0	3.50843905742	6870.0703125	
13.973536	-4.26458820007859E-03	-1.24055630751937E-05	0	3.47630410886	6870.0703125	
13.977632	-4.26326435117344E-03	-1.294079090535E-05	0	3.57967457848	6817.91015625	
13.981728	-4.2660122588325E-03	-1.27799744796281E-05	0	3.50626086943	6817.91015625	
13.985824	-4.26634406680797E-03	-1.28321369274656E-05	0	3.57615361961	6817.91015625	
13.98992	-4.26672396819625E-03	-1.30408107572531E-05	0	3.63355707473	6817.91015625	
13.994016	-4.27248960036078E-03	-1.23473919795187E-05	0	3.55148401938	6817.91015625	
13.998112	-4.27267091069844E-03	-1.24545180743156E-05	0	3.58322986956	6768.3125	
14.002208	-4.27214965490672E-03	-1.28912693202562E-05	0	3.64967795467	6768.3125	
14.006304	-4.27404989330687E-03	-1.27463586478594E-05	0	3.58106694033	6768.3125	
14.0104	-4.27352836321813E-03	-1.29226289042812E-05	0	3.66866748149	6768.3125	
14.014496	-4.27541086374359E-03	-1.29336743259281E-05	0	3.70055066051	6768.3125	
14.018592	-4.28187842201109E-03	-1.20473932410562E-05	0	3.5784843952	6768.3125	
14.022688	-4.28096153846797E-03	-1.24073522560969E-05	0	3.71596200811	6717.76953125	
14.026784	-4.28262487566547E-03	-1.25831383783875E-05	0	3.69095290047	6717.76953125	
14.03088	-4.28517922105281E-03	-0.000012314141532	0	3.66080922009	6717.76953125	
14.034976	-4.28431600829547E-03	-1.2680108473725E-05	0	3.77813001104	6717.76953125	
14.039072	-4.28806939743875E-03	-1.24363882847531E-05	0	3.74577381046	6717.76953125	
14.043168	-4.29129622771438E-03	-1.20119694784031E-05	0	3.66246479555	6666.51171875	
14.047264	-4.29034898863313E-03	-1.24908827014125E-05	0	3.81318701214	6666.51171875	
14.05136	-4.29268444498953E-03	-1.24151575367531E-05	0	3.74993945194	6666.51171875	
14.055456	-4.29411142957844E-03	-1.22990492394E-05	0	3.76672790263	6614.03125	
14.059552	-4.29324949687391E-03	-1.26831440476125E-05	0	3.86701610273	6614.03125	
14.063648	-4.29933367932406E-03	-1.20334805145844E-05	0	3.78139538568	6614.03125	
14.067744	-4.30173121824187E-03	-1.17273620707031E-05	0	3.78972285395	6614.03125	
14.07184	-4.30082768382094E-03	-1.22977708752937E-05	0	3.88761542873	6614.03125	
14.075936	-4.30323820613156E-03	-1.21166669698594E-05	0	3.80592002769	6562.9296875	
14.080032	-4.3021785052675E-03	-1.23917907331969E-05	0	3.90900058087	6562.9296875	
14.084128	-4.30232488844984E-03	-1.26412895221594E-05	0	3.94104779156	6562.9296875	
14.088224	-4.30742023010234E-03	-1.19221065874969E-05	0	3.82728992107	6562.9296875	
14.09232	-4.30722977653031E-03	-1.20506773723875E-05	0	3.90879458761	6562.9296875	
14.096416	-4.30734918717125E-03	-1.23620825898281E-05	0	3.9616318588	6511.109375	
14.100512	-4.30927648954516E-03	-1.21718327800781E-05	0	3.89483282221	6511.109375	
14.104608	-4.30796973848828E-03	-1.24626243162094E-05	0	4.01206587529	6511.109375	
14.108704	-4.31064184873437E-03	-1.23301480063781E-05	0	4.00945281264	6511.109375	
14.1128	-4.31585303516641E-03	-1.15389201918375E-05	0	3.8975450668	6511.109375	
14.116896	-4.31358130715359E-03	-1.21285696021875E-05	0	4.04640571467	6511.109375	
14.120992	-4.31447990422797E-03	-1.22922922750031E-05	0	4.00941848043	6459.12890625	
14.125088	-4.31542138307156E-03	-1.21787104174312E-05	0	4.01203917246	6459.12890625	
14.129184	-4.31428140460969E-03	-1.25166600794812E-05	0	4.11210230585	6459.12890625	
14.13328	-4.31873425118266E-03	-1.20120538533187E-05	0	4.05946339854	6459.12890625	
14.137376	-4.32169373328516E-03	-1.15644718489781E-05	0	3.99461366854	6459.12890625	
14.141472	-4.32089050014531E-03	-1.20428211302437E-05	0	4.14422581034	6409.671875	
14.145568	-4.32356718200859E-03	-1.18609826101594E-05	0	4.06507862222	6409.671875	
14.149664	-4.32422220331922E-03	-1.1853851607675E-05	0	4.12503410495	6409.671875	
14.15376	-4.32372947441875E-03	-1.22066846683031E-05	0	4.19749795619	6409.671875	
14.157856	-4.32945643070188E-03	-1.14995457119812E-05	0	4.10918788269	6359.171875	
14.161952	-4.32996845182687E-03	-1.15009805663156E-05	0	4.13806508599	6359.171875	
14.166048	-4.32895327851422E-03	-1.20545478012094E-05	0	4.20715675127	6359.171875	
14.170144	-4.33137522986781E-03	-1.17714769304344E-05	0	4.14270756372	6359.171875	
14.17424	-4.33071773988391E-03	-1.1944413055575E-05	0	4.2547144915	6359.171875	
14.178336	-4.33234578419672E-03	-1.19562202553062E-05	0	4.26894709989	6307.7109375	
14.182432	-4.33809870726547E-03	-1.11144333567094E-05	0	4.16568725628	6307.7109375	
14.186528	-4.33763560244438E-03	-1.14122345012156E-05	0	4.28433174466	6307.7109375	
14.190624	-4.33824938776797E-03	-1.16684472257719E-05	0	4.27809472651	6307.7109375	
14.19472	-4.33950831970906E-03	-1.1566505741175E-05	0	4.25180006834	6255.6328125	
14.198816	-4.33789353308609E-03	-1.19681445222281E-05	0	4.34913188369	6255.6328125	
14.202912	-4.34109183647047E-03	-1.17106974239062E-05	0	4.33941205357	6255.6328125	
14.207008	-4.34566802527516E-03	-1.09627106718937E-05	0	4.24737121325	6255.6328125	
14.211104	-4.34397488113359E-03	-1.15138356015375E-05	0	4.39599535034	6255.6328125	
14.2152	-4.34615261669703E-03	-1.14540587382375E-05	0	4.33397612032	6255.6328125	
14.219296	-4.34748405448672E-03	-1.13318958796312E-05	0	4.36808326361	6204.4921875	
14.223392	-4.34708851816766E-03	-1.16420669636906E-05	0	4.45383749481	6204.4921875	
14.227488	-4.35237065609844E-03	-1.10022046227844E-05	0	4.40099640893	6204.4921875	
14.231584	-4.35403445045766E-03	-1.08122461588969E-05	0	4.380408527	6204.4921875	
14.23568	-4.35270657852938E-03	-1.14090337832625E-05	0	4.49008467919	6152.453125	
14.239776	-4.35439844261813E-03	-1.13299103046937E-05	0	4.41717450922	6152.453125	
14.243872	-4.35418577098656E-03	-1.14124977221062E-05	0	4.48478607478	6152.453125	
14.247968	-4.3542203324125E-03	-1.16427345111E-05	0	4.54370396183	6152.453125	
14.252064	-4.36064052872594E-03	-1.067816239875E-05	0	4.43178858661	6152.453125	
14.25616	-4.36089407061516E-03	-1.07643606298594E-05	0	4.53143591879	6100.7109375	
14.260256	-4.36143050417594E-03	-1.11268689211969E-05	0	4.55332461001	6100.7109375	
14.264352	-4.36472005703937E-03	-1.07261044181156E-05	0	4.50553417369	6100.7109375	
14.268448	-4.36444722292562E-03	-1.09578613978969E-05	0	4.62036778676	6100.7109375	
14.272544	-0.00436708961766	-1.08709944174562E-05	0	4.62084462301	6100.7109375	
14.27664	-4.37174745554766E-03	-1.02016559041031E-05	0	4.51909921133	6051.4921875	
14.280736	-4.37083742943031E-03	-1.06384436884687E-05	0	4.65608854392	6051.4921875	
14.284832	-4.37214637486344E-03	-1.07435233910812E-05	0	4.63475298275	6051.4921875	
14.288928	-4.37358689143922E-03	-1.05975168063187E-05	0	4.62131764457	6051.4921875	
14.293024	-4.37203811896844E-03	-1.10450591472375E-05	0	4.724875034	6051.4921875	
14.29712	-4.37671643770109E-03	-1.05454709449031E-05	0	4.68122735102	6000.453125	
14.301216	-4.38090038175109E-03	-9.8696978226E-06	0	4.63955949215	6000.453125	
14.305312	-4.37947623156484E-03	-1.04897986448062E-05	0	4.76890037129	6000.453125	
14.309408	-4.38174448514859E-03	-1.03772501996625E-05	0	4.70467243576	6000.453125	
14.313504	-4.38180693343937E-03	-1.04495919542437E-05	0	4.75419855603	6000.453125	
14.3176	-4.38130551846625E-03	-1.07854089261187E-05	0	4.83090052786	5948.79296875	
14.321696	-4.38664370442375E-03	-1.00506279301312E-05	0	4.75062037681	5948.79296875	
14.325792	-4.38764598577594E-03	-9.97494699619687E-06	0	4.77147528704	5948.79296875	
14.329888	-4.38715005674344E-03	-1.042941649365E-05	0	4.8713972769	5948.79296875	
14.333984	-4.38978687410484E-03	-1.01428432225312E-05	0	4.79680864333	5948.79296875	
14.33808	-4.39016458111688E-03	-1.01853047185312E-05	0	4.89524671878	5896.83203125	
14.342176	-4.39232110437656E-03	-1.01487131685844E-05	0	4.92976584859	5896.83203125	
14.346272	-4.39909980690984E-03	-9.16391727838125E-06	0	4.81494367959	5896.83203125	
14.350368	-4.39850988542797E-03	-9.54797122125E-06	0	4.93736089638	5896.83203125	
14.354464	-4.3990675312925E-03	-9.94190472154687E-06	0	4.94188130403	5896.83203125	
14.35856	-4.40146488734562E-03	-9.66687062158125E-06	0	4.91348093698	5845.7734375	
14.362656	-4.40094536876844E-03	-9.95113379885625E-06	0	5.025472606	5845.7734375	
14.366752	-4.40473587944328E-03	-9.61815624721875E-06	0	5.00688743632	5845.7734375	
14.370848	-4.4091089970125E-03	-8.97440472750937E-06	0	4.91900079341	5845.7734375	
14.374944	-4.40877846908984E-03	-9.39312185686875E-06	0	5.06779659155	5845.7734375	
14.37904	-4.41161579758109E-03	-9.26487799472812E-06	0	5.02033421857	5793.57421875	
14.383136	-4.4138488497125E-03	-9.05585416529062E-06	0	5.05203047778	5793.57421875	
14.387232	-4.41338748210594E-03	-9.44044224224063E-06	0	5.13832258027	5793.57421875	
14.391328	-4.41884718164828E-03	-8.8395728911875E-06	0	5.08036980979	5793.57421875	
14.395424	-4.42150667423094E-03	-8.52324412097812E-06	0	5.06588924655	5742.234375	
14.39952	-4.42050859876656E-03	-9.16530309430312E-06	0	5.17287604229	5742.234375	
14.403616	-4.42330112540937E-03	-8.93066078086875E-06	0	5.11026935001	5742.234375	
14.407712	-4.42349697348969E-03	-9.03433279258125E-06	0	5.19647371463	5742.234375	
14.411808	-4.42428539458984E-03	-9.20700761990625E-06	0	5.24091866782	5742.234375	
14.415904	-4.43043440257172E-03	-8.33107700545312E-06	0	5.15135356131	5692.89453125	
14.42	-4.43167961966125E-03	-8.31778639374375E-06	0	5.21302565454	5692.89453125	
14.424096	-4.43226423806719E-03	-8.65754759244375E-06	0	5.27053973567	5692.89453125	
14.428192	-4.43470027000172E-03	-8.44226775964687E-06	0	5.22410732899	5692.89453125	
14.432288	-4.43398764631453E-03	-8.74354245837187E-06	0	5.32616173056	5692.89453125	
14.436384	-4.43653540857313E-03	-8.64111491656875E-06	0	5.34441120752	5641.671875	
14.44048	-4.44204009282859E-03	-7.78671553058437E-06	0	5.24575950943	5641.671875	
14.444576	-4.4409420818125E-03	-8.26149606541875E-06	0	5.3864185738	5641.671875	
14.448672	-4.44252075265969E-03	-8.3655579805875E-06	0	5.35020572163	5641.671875	
14.452768	-4.44480198963625E-03	-8.0959505578875E-06	0	5.35468798238	5641.671875	
14.456864	-4.44522166409406E-03	-8.26208644944375E-06	0	5.45863447019	5589.8125	
14.46096	-4.45056561028922E-03	-7.682594240475E-06	0	5.42750659979	5589.8125	
14.465056	-4.4546847288075E-03	-7.15205029986562E-06	0	5.37992215673	5589.8125	
14.469152	-4.45419263993344E-03	-7.69720552394062E-06	0	5.51339434514	5589.8125	
14.473248	-4.45671397824469E-03	-7.61803060311562E-06	0	5.45188246889	5589.8125	
14.477344	-4.45773820335937E-03	-7.61001282267187E-06	0	5.49667455887	5538.03515625	
14.48144	-4.45799567683937E-03	-7.88344187616562E-06	0	5.58121190396	5538.03515625	
14.485536	-4.46426884994406E-03	-7.05869510475937E-06	0	5.49412634595	5538.03515625	
14.489632	-4.46640242368547E-03	-6.87375057816562E-06	0	5.5514802101	5538.03515625	
14.493728	-4.4671692667525E-03	-7.2516244791375E-06	0	5.61813810316	5538.03515625	
14.497824	-4.47167112106172E-03	-6.776091300825E-06	0	5.55900277878	5486.89453125	
14.50192	-4.47336042504484E-03	-6.76580645534062E-06	0	5.66099233062	5486.89453125	
14.506016	-4.47598361898703E-03	-6.79510522411875E-06	0	5.69414580141	5486.89453125	
14.510112	-4.4821875778075E-03	-6.03827304825938E-06	0	5.59424669969	5486.89453125	
14.514208	-4.48311122734406E-03	-6.248318751675E-06	0	5.71044215709	5486.89453125	
14.518304	-4.48526884779187E-03	-6.39013423485937E-06	0	5.72777610845	5434.61328125	
14.5224	-4.48845709361844E-03	-6.10645086469687E-06	0	5.68886245576	5434.61328125	
14.526496	-4.48853060522281E-03	-6.4180041589125E-06	0	5.80052987613	5434.61328125	
14.530592	-4.49330145348734E-03	-6.04978169059687E-06	0	5.79441874275	5434.61328125	
14.534688	-4.49986849014484E-03	-5.16437223946875E-06	0	5.7241330795	5434.61328125	
14.538784	-4.50078317931172E-03	-5.5085550683625E-06	0	5.87081935407	5383.61328125	
14.54288	-4.50426144853266E-03	-5.44595176558125E-06	0	5.8208736179	5383.61328125	
14.546976	-4.50657285818266E-03	-5.35310642573437E-06	0	5.8489497363	5383.61328125	
14.551072	-0.00450719615247	-5.66262390467812E-06	0	5.94889842899	5383.61328125	
14.555168	-4.51325802542828E-03	-5.03194040074687E-06	0	5.8999902885	5383.61328125	
14.559264	-4.51706855978641E-03	-4.63938430291875E-06	0	5.87739969432	5334.234375	
14.56336	-4.51771187775703E-03	-5.0668574331375E-06	0	6.0059242298	5334.234375	
14.567456	-4.52152021773891E-03	-4.81123413106875E-06	0	5.9403497087	5334.234375	
14.571552	-4.52347229827797E-03	-4.76472215835E-06	0	6.02378079369	5334.234375	
14.575648	-4.52646195305391E-03	-4.7373750703125E-06	0	6.07884584384	5334.234375	
14.579744	-4.53498363035609E-03	-3.69979125212812E-06	0	5.98658756619	5282.8359375	
14.58384	-4.53775640761266E-03	-3.6429934723875E-06	0	6.07036578797	5282.8359375	
14.587936	-4.53964988001937E-03	-4.01091786407812E-06	0	6.11741998912	5282.8359375	
14.592032	-4.54391327877609E-03	-3.70495663157812E-06	0	6.07734667067	5282.8359375	
14.596128	-4.54576761813969E-03	-3.80046182453437E-06	0	6.19574701889	5282.8359375	
14.600224	-4.55012180921375E-03	-3.61566176895E-06	0	6.20331917854	5230.85546875	
14.60432	-4.55693132444687E-03	-2.84766974848125E-06	0	6.10890941573	5230.85546875	
14.608416	-4.55861953124188E-03	-3.07829644093125E-06	0	6.24168351587	5230.85546875	
14.612512	-4.56304485667937E-03	-2.96151170194687E-06	0	6.23969606238	5230.85546875	
14.616608	-4.56782411671953E-03	-2.57785944136875E-06	0	6.23793749029	5179.2734375	
14.620704	-4.57011001674563E-03	-2.72813597378437E-06	0	6.3404343959	5179.2734375	
14.6248	-4.57682608812344E-03	-2.22975546255E-06	0	6.31668032127	5179.2734375	
14.628896	-4.58301678925406E-03	-1.63159860878437E-06	0	6.26515148875	5179.2734375	
14.632992	-4.58464565645797E-03	-2.029399893675E-06	0	6.40915603625	5179.2734375	
14.637088	-4.58925777817375E-03	-1.86204813795E-06	0	6.3479111883	5128.09375	
14.641184	-4.59231152702266E-03	-1.78612153118437E-06	0	6.41733091692	5128.09375	
14.64528	-4.59491360009344E-03	-1.91193318421875E-06	0	6.48870758151	5128.09375	
14.649376	-4.60261714078375E-03	-1.16320268295E-06	0	6.43043819176	5128.09375	
14.653472	-4.60715044781922E-03	-8.51485927359375E-07	0	6.44349587563	5128.09375	
14.657568	-0.004609890035135	-1.10131836983437E-06	0	6.54690830684	5075.95703125	
14.661664	-4.61461599011875E-03	-8.42917666696875E-07	0	6.49569990828	5075.95703125	
14.66576	-4.61636527371938E-03	-1.00846004923125E-06	0	6.59266551339	5075.95703125	
14.669856	-4.62003984818234E-03	-9.87347810728125E-07	0	6.63962434729	5075.95703125	
14.673952	-4.62751480801328E-03	-1.9593441945E-07	0	6.54227727318	5075.95703125	
14.678048	-4.62949468398484E-03	-3.1680497165625E-07	0	6.6708246968	5025.17578125	
14.682144	-4.63208514514797E-03	-5.211177481125E-07	0	6.67075221769	5025.17578125	
14.68624	-4.63620472082797E-03	-2.5030792276875E-07	0	6.6515986592	5025.17578125	
14.690336	-4.6386202719175E-03	-2.85068224546875E-07	0	6.77475211116	5025.17578125	
14.694432	-4.64471268327859E-03	1.24996269234375E-07	0	6.77849432205	5025.17578125	
14.698528	-4.65164215774672E-03	8.138530323E-07	0	6.69618857061	4975.7578125	
14.702624	-4.65348003928844E-03	5.27126636334375E-07	0	6.84950096171	4975.7578125	
14.70672	-4.65780268620391E-03	5.88602055628125E-07	0	6.81642378472	4975.7578125	
14.710816	-4.66130801939859E-03	7.24870428975E-07	0	6.8411506053	4975.7578125	
14.714912	-4.66369632364969E-03	5.78300142853125E-07	0	6.9414006585	4975.7578125	
14.719008	-4.67079366790094E-03	1.13967626416875E-06	0	6.9051229566	4924.09765625	
14.723104	-4.67609811532359E-03	1.5627936295125E-06	0	6.89887449438	4924.09765625	
14.7272	-4.67847261329078E-03	1.29114318000937E-06	0	7.01118659736	4924.09765625	
14.731296	-4.68411965770547E-03	1.59612652887187E-06	0	6.95598803306	4924.09765625	
14.735392	-4.68829052693031E-03	1.75921506770625E-06	0	7.04289811533	4924.09765625	
14.739488	-4.69280737614391E-03	1.82583327031875E-06	0	7.10084325643	4924.09765625	
14.743584	-4.70129741785516E-03	2.5184484430875E-06	0	7.02643772798	4872.21484375	
14.74768	-4.70560653278375E-03	2.64211538672813E-06	0	7.10327702865	4872.21484375	
14.751776	-4.70975134379063E-03	2.50399437100312E-06	0	7.16663521486	4872.21484375	
14.755872	-4.71556845236469E-03	2.82311424419062E-06	0	7.12417390047	4872.21484375	
14.759968	-4.71883898730063E-03	2.73373067972813E-06	0	7.22808224138	4872.21484375	
14.764064	-4.72545503169438E-03	3.02222462200312E-06	0	7.25830984494	4820.6953125	
14.76816	-4.73525996194109E-03	3.893282645175E-06	0	7.17382590551	4820.6953125	
14.772256	-4.74049821234687E-03	3.9784354446375E-06	0	7.32169091929	4820.6953125	
14.776352	-4.74680420966297E-03	4.06348848458438E-06	0	7.30365506497	4769.19921875	
14.780448	-4.75312410469531E-03	4.308178384125E-06	0	7.31234492879	4769.19921875	
14.784544	-4.75807516610938E-03	4.29983560400625E-06	0	7.42860905061	4769.19921875	
14.78864	-4.76690743908328E-03	4.77802839504375E-06	0	7.4080135393	4769.19921875	
14.792736	-4.77543204222047E-03	5.36914679430937E-06	0	7.35954027347	4769.19921875	
14.796832	-4.77981503448281E-03	5.15492441237812E-06	0	7.51090335798	4717.0390625	
14.800928	-4.78690469841719E-03	5.37481914440625E-06	0	7.46426495804	4717.0390625	
14.805024	-4.79280766196203E-03	5.535019464975E-06	0	7.53260894408	4717.0390625	
14.80912	-4.79981485392234E-03	5.74548343720312E-06	0	7.60805969759	4717.0390625	
14.813216	-4.81082915977984E-03	6.5316963529125E-06	0	7.54475110235	4717.0390625	
14.817312	-4.81866792890656E-03	6.91560870938437E-06	0	7.59595187153	4666.66015625	
14.821408	-4.82446501379734E-03	6.76766126117812E-06	0	7.6840826546	4666.66015625	
14.825504	-4.83247814440359E-03	7.06867730631562E-06	0	7.63800882878	4666.66015625	
14.8296	-4.83911576683047E-03	7.2292668091875E-06	0	7.75027134079	4666.66015625	
14.833696	-4.84672421788328E-03	7.43017766596875E-06	0	7.79135936678	4666.66015625	
14.837792	-4.85726307555328E-03	8.122024570275E-06	0	7.7047201275	4666.66015625	
14.841888	-4.86359769119297E-03	8.2050456411E-06	0	7.81887854044	4617	
14.845984	-0.004871629382565	8.35921856385E-06	0	7.85765486429	4617	
14.85008	-4.88021222810516E-03	8.77411670664375E-06	0	7.83951219865	4617	
14.854176	-4.88739542732719E-03	8.89102788780937E-06	0	7.95286189731	4617	
14.858272	-4.89749568404422E-03	9.39434180757187E-06	0	7.96265802123	4617	
14.862368	-4.90819089102203E-03	1.00707298331062E-05	0	7.89577887615	4617	
14.866464	-4.91491720282234E-03	1.00516873040719E-05	0	8.04809181847	4565.1796875	
14.87056	-4.92303036041266E-03	1.01974828313531E-05	0	8.01700209497	4565.1796875	
14.874656	-4.93086099206078E-03	1.04418751350375E-05	0	8.06075277458	4565.1796875	
14.878752	-4.9381116683525E-03	1.05632649174937E-05	0	8.16258592413	4565.1796875	
14.882848	-4.94926330559031E-03	1.1213852247675E-05	0	8.13162971478	4513.30078125	
14.886944	-4.95973276611141E-03	1.186600736475E-05	0	8.11559275802	4513.30078125	
14.89104	-4.96779554448031E-03	1.19308327806937E-05	0	8.2583079403	4513.30078125	
14.895136	-4.97786114833906E-03	1.23823106946E-05	0	8.20929298849	4513.30078125	
14.899232	-4.98576940604703E-03	1.25386985189812E-05	0	8.29482978236	4462.1015625	
14.903328	-4.99577237875031E-03	1.29029943085312E-05	0	8.37178733842	4462.1015625	
14.907424	-5.00848522325766E-03	1.37305069425562E-05	0	8.29823248584	4462.1015625	
14.91152	-5.01821929343797E-03	1.411708972905E-05	0	8.4062034716	4462.1015625	
14.915616	-5.02662521739297E-03	1.41435149430094E-05	0	8.44256509668	4462.1015625	
14.919712	-5.03602501092453E-03	1.44175271689969E-05	0	8.41723936977	4410.4609375	
14.923808	-5.04557201052953E-03	1.47705212871562E-05	0	8.54339498276	4410.4609375	
14.927904	-5.05674614012391E-03	1.52965128284719E-05	0	8.5715321362	4410.4609375	
14.932	-5.07012177769109E-03	1.61747566617656E-05	0	8.49786284292	4410.4609375	
14.936096	-5.07896694262547E-03	1.63378281333094E-05	0	8.64453004404	4410.4609375	
14.940192	-5.08932586144297E-03	1.65941252327812E-05	0	8.65025589373	4358.51953125	
14.944288	-5.09881141851297E-03	1.69452433912781E-05	0	8.66094084042	4358.51953125	
14.948384	-5.10790564515172E-03	1.71177259111031E-05	0	8.76883553238	4358.51953125	
14.95248	-5.11978947259828E-03	1.77875685104906E-05	0	8.77497336859	4358.51953125	
14.956576	-5.13096981959203E-03	1.83990460240125E-05	0	8.74545911206	4358.51953125	
14.960672	-5.13961813069031E-03	1.85009117875312E-05	0	8.89076065416	4308.19921875	
14.964768	-0.005149267717385	1.88277160280344E-05	0	8.84728463223	4308.19921875	
14.968864	-5.15887231936656E-03	1.91843570175469E-05	0	8.91773432715	4308.19921875	
14.97296	-5.16888342954844E-03	1.95927171861094E-05	0	9.01301765397	4308.19921875	
14.977056	-5.18067728756875E-03	2.02450256684156E-05	0	8.96474656671	4258.484375	
14.981152	-5.19060071413297E-03	2.07156961112062E-05	0	9.01364707782	4258.484375	
14.985248	-5.19901358694609E-03	2.07730131211969E-05	0	9.1227166943	4258.484375	
14.989344	-5.20845644511156E-03	2.11969261588219E-05	0	9.08330713191	4258.484375	
14.99344	-5.21601899712781E-03	2.13033818215969E-05	0	9.1828743556	4258.484375	
14.997536	-5.22595622997594E-03	2.18080676149875E-05	0	9.25419761453	4206.46484375	
15.001632	-5.23766377586375E-03	2.26435122122344E-05	0	9.17329185432	4206.46484375	
15.005728	-5.24701675603531E-03	2.30537029078125E-05	0	9.3187536134	4206.46484375	
15.009824	-5.25604012260766E-03	2.33357759430469E-05	0	9.33645758969	4206.46484375	
15.01392	-0.005264955233285	2.36441172212437E-05	0	9.33456931814	4206.46484375	
15.018016	-5.27415497284844E-03	2.40447343687031E-05	0	9.47415645462	4154.58203125	
15.022112	-5.28437427447703E-03	2.45860720485187E-05	0	9.48366647679	4154.58203125	
15.026208	-5.29605091623266E-03	2.54325757693219E-05	0	9.43299594952	4154.58203125	
15.030304	-5.30383510025016E-03	2.55614278039312E-05	0	9.59340747871	4154.58203125	
15.0344	-5.31313303815078E-03	2.59464365535375E-05	0	9.57985007045	4154.58203125	
15.038496	-5.32077102185062E-03	2.61986899070531E-05	0	9.6140869132	4103.421875	
15.042592	-5.33034554259109E-03	2.66594228597812E-05	0	9.73649650061	4103.421875	
15.046688	-5.34233790022969E-03	2.75966769706031E-05	0	9.63713145549	4103.421875	
15.050784	-5.35180297645469E-03	2.81168266908375E-05	0	9.60583573873	4103.421875	
15.05488	-5.36078748428094E-03	2.84253655649906E-05	0	9.72602136187	4103.421875	
15.058976	-5.3669396009625E-03	2.84426602592344E-05	0	9.73303657678	4103.421875	
15.063072	-5.37373009826812E-03	2.86004158707094E-05	0	9.72762353167	4103.421875	
15.067168	-5.38080376154234E-03	2.89167713235844E-05	0	9.73910574857	4103.421875	
15.071264	-5.39201784707094E-03	2.99357760738094E-05	0	9.72678429987	4103.421875	
15.07536	-5.39528783341281E-03	2.98237956569437E-05	0	9.74127630718	4103.421875	
15.079456	-5.39041284370875E-03	2.81692345711219E-05	0	9.7264295337	4103.421875	
15.083552	-5.39165604928672E-03	2.80773411534E-05	0	9.73154503299	4103.421875	
15.087648	-5.39070570150578E-03	2.803421427345E-05	0	9.72050532013	4103.421875	
15.091744	-5.39123765488172E-03	2.81025120416906E-05	0	9.7224622561	4103.421875	
15.09584	-5.39003211942937E-03	2.81186697178406E-05	0	9.71326122382	4103.421875	
15.099936	-5.38597261479922E-03	2.75271392997562E-05	0	9.70997677573	4103.421875	
15.104032	-5.38415045962063E-03	2.7506232109125E-05	0	9.711819271	4103.421875	
15.108128	-5.38472739770969E-03	2.80155438594281E-05	0	9.69803298134	4103.421875	
15.112224	-5.38374184847641E-03	2.8209892943925E-05	0	9.69215835874	4103.421875	
15.11632	-5.38077806905375E-03	2.79501725305687E-05	0	9.68433061486	4103.421875	
15.120416	-5.37855452588609E-03	2.79187776100406E-05	0	9.68100420518	4103.421875	
15.124512	-5.37571180288656E-03	2.78322690427031E-05	0	9.68012682648	4103.421875	
15.128608	-5.3757112542925E-03	2.81831612398875E-05	0	9.67518680293	4103.421875	
15.132704	-5.37587766115813E-03	2.862666752715E-05	0	9.6787077618	4103.421875	
15.1368	-5.37314127397438E-03	2.84161381703719E-05	0	9.68301454681	4103.421875	
15.140896	-5.37064699963687E-03	2.82483015593625E-05	0	9.68295351177	4103.421875	
15.144992	-5.36998868676187E-03	2.85412757856187E-05	0	9.68295732646	4103.421875	
15.149088	-5.36973852786937E-03	2.88520843690406E-05	0	9.6799284626	4103.421875	
15.153184	-5.36911413639391E-03	2.90640024263531E-05	0	9.67115849029	4103.421875	
15.15728	-5.36584753304875E-03	2.87176063785187E-05	0	9.66618794922	4103.421875	
15.161376	-5.36319471502719E-03	2.85204099411E-05	0	9.66669911768	4103.421875	
15.165472	-5.36295068210172E-03	2.891678262165E-05	0	9.66183920262	4103.421875	
15.169568	-5.36291447489359E-03	2.92923625345312E-05	0	9.65450355375	4103.421875	
15.173664	-5.36206003964125E-03	2.94448138243875E-05	0	9.65198204366	4103.421875	
15.17776	-5.35954757026734E-03	2.92445505631125E-05	0	9.64621041769	4103.421875	
15.181856	-5.35691651314359E-03	2.90705935255312E-05	0	9.64844582603	4103.421875	
15.185952	-5.35581959931563E-03	2.92193984248031E-05	0	9.64491342309	4103.421875	
15.190048	-5.35606244362062E-03	2.96547335663906E-05	0	9.64576409896	4103.421875	
15.194144	-5.35487025729047E-03	2.97560938015687E-05	0	9.64973137656	4103.421875	
15.19824	-0.00535272735745	2.96175686997094E-05	0	9.65466758542	4103.421875	
15.202336	-5.34997350668859E-03	2.94734676418875E-05	0	9.65532752679	4103.421875	
15.206432	-5.34734958128766E-03	2.93305158617625E-05	0	9.65015099246	4103.421875	
15.210528	-5.34620055102375E-03	2.95759035971437E-05	0	9.64802239544	4103.421875	
15.214624	-5.34376570770969E-03	2.95521675631875E-05	0	9.63788294942	4103.421875	
15.21872	-5.34147953338656E-03	2.95043168898844E-05	0	9.63538051278	4103.421875	
15.222816	-5.34033717768375E-03	2.97569219257406E-05	0	9.63268352695	4103.421875	
15.226912	-0.00534161503612	2.80086017990625E-06	0	9.62846066512	4103.421875	
15.231008	-5.35999302864609E-03	0	0	9.62955166646	4103.421875	
15.235104	-5.39920433785734E-03	0	0	9.62372663483	4103.421875	
15.2392	-0.00545893516795	0	0	9.62752988076	4103.421875	
15.243296	-5.53881988098141E-03	0	0	9.62442853779	4103.421875	
15.247392	-5.63855336722047E-03	0	0	9.62742688413	4103.421875	
15.251488	-5.75484314796875E-03	0	0	9.62889172509	4103.421875	
15.255584	-5.88527486075719E-03	0	0	9.62607648387	4103.421875	
15.25968	-6.02844648202672E-03	0	0	9.63070751753	4103.421875	
15.263776	-6.18167182095031E-03	0	0	9.62643125004	4103.421875	
15.267872	-6.34321284010562E-03	0	0	9.62609937201	4103.421875	
15.271968	-6.50866816932922E-03	0	0	9.62000731208	4103.421875	
15.276064	-6.67443327133344E-03	0	0	9.61688689566	4103.421875	
15.28016	-6.83919444620328E-03	0	0	9.61345367466	4103.421875	
15.284256	-7.00131907800875E-03	0	0	9.60750657295	4103.421875	
15.288352	-7.15757859925969E-03	0	0	9.60716325085	4103.421875	
15.292448	-7.30568628703891E-03	0	0	9.60345537217	4103.421875	
15.296544	-7.44233375342016E-03	0	0	9.60883408507	4103.421875	
15.30064	-7.56593098994562E-03	0	0	9.61054306619	4103.421875	
15.304736	-7.67467220782625E-03	0	0	9.6123321558	4103.421875	
15.308832	-7.76652495749281E-03	0	0	9.61193924273	4103.421875	
15.312928	-7.84028379492531E-03	0	0	9.60905533709	4103.421875	
15.317024	-7.89532460294531E-03	0	0	9.60799485327	4056.11328125	
15.32112	-7.93110509632203E-03	0	0	9.60515672391	4056.11328125	
15.325216	-7.94812330703188E-03	0	0	9.60279924549	4056.11328125	
15.329312	-7.94628515119312E-03	0	0	9.57828604755	4056.11328125	
15.333408	-7.92539724939875E-03	0	0	9.52976319075	4056.11328125	
15.337504	-7.88591804342031E-03	0	0	9.5299729987	4056.11328125	
15.3416	-7.82890787414828E-03	0	0	9.47182949372	4057.03125	
15.345696	-7.75570741403906E-03	0	0	9.43409076555	4057.03125	
15.349792	-7.66906658226328E-03	-3.97212751825312E-06	0	9.3956577638	4057.03125	
15.353888	-7.57257775560688E-03	-1.19147794313625E-05	0	9.37427261166	4057.03125	
15.357984	-7.47132283516781E-03	-1.80181908760219E-05	0	9.35320407879	4091.890625	
15.36208	-0.007373001795775	-2.26593698886844E-05	0	9.23607402234	4091.890625	
15.366176	-7.28342635149422E-03	-2.4095677827375E-05	0	9.17419975054	4091.890625	
15.370272	-7.20410367307984E-03	-2.32652180809125E-05	0	9.236890366	4091.890625	
15.374368	-7.13499599897391E-03	-2.11702521470344E-05	0	9.09398826391	4091.890625	
15.378464	-7.07576905252766E-03	-1.81902553674188E-05	0	9.07702433748	4145.53515625	
15.38256	-7.02691473975047E-03	-1.43463693074625E-05	0	9.04083818814	4145.53515625	
15.386656	-6.98917302260031E-03	-8.97745664753437E-06	0	8.87618090898	4145.53515625	
15.390752	-6.94843634759828E-03	-8.71848719496562E-06	0	8.92840020039	4145.53515625	
15.394848	-6.91205861815219E-03	-7.79686744350937E-06	0	8.88315797699	4198.11328125	
15.398944	-6.87873125455828E-03	-6.67632866020312E-06	0	8.76235055938	4198.11328125	
15.40304	-6.84761527363031E-03	-5.99412982317187E-06	0	8.79135364745	4198.11328125	
15.407136	-6.82110574561281E-03	-4.3028726202E-06	0	8.66505307624	4198.11328125	
15.411232	-6.79256459091719E-03	-4.69231574037187E-06	0	8.58518491171	4198.11328125	
15.415328	-6.75927672609578E-03	-7.65346181768437E-06	0	8.6794115694	4198.11328125	
15.419424	-6.73235648399016E-03	-7.153921692225E-06	0	8.54312413977	4249.81640625	
15.42352	-6.70827219889062E-03	-6.23279160374062E-06	0	8.53683753065	4249.81640625	
15.427616	-6.68651011245766E-03	-5.56838145084375E-06	0	8.51306438257	4249.81640625	
15.431712	-6.66781228959313E-03	-4.3257658665375E-06	0	8.36448602176	4249.81640625	
15.435808	-6.64248214737766E-03	-6.90214237669687E-06	0	8.40169450802	4301.29296875	
15.439904	-6.61854150249016E-03	-8.42153028038437E-06	0	8.39532397572	4301.29296875	
15.444	-6.60249284035344E-03	-6.38506981684687E-06	0	8.25839567817	4301.29296875	
15.448096	-6.58744453948969E-03	-5.37266986770937E-06	0	8.29227775475	4301.29296875	
15.452192	-6.5727932378625E-03	-5.21376353623125E-06	0	8.19468272579	4301.29296875	
15.456288	-0.006557349217815	-5.65784746714687E-06	0	8.08939728179	4301.29296875	
15.460384	-6.53711377722562E-03	-8.33566834701562E-06	0	8.18252530876	4301.29296875	
15.46448	-6.52236601447578E-03	-8.00947035590625E-06	0	8.0797041545	4354.15625	
15.468576	-6.51085431666828E-03	-6.79208118868125E-06	0	8.03966898295	4354.15625	
15.472672	-6.49800788950672E-03	-7.18482286324687E-06	0	8.03360362585	4354.15625	
15.476768	-6.48728982444297E-03	-6.858429680025E-06	0	7.90907688549	4354.15625	
15.480864	-6.47367573132328E-03	-8.05398401331562E-06	0	7.90686817998	4407.3984375	
15.48496	-6.45918644780922E-03	-9.56101880435625E-06	0	7.95920191209	4407.3984375	
15.489056	-6.44996119862187E-03	-8.53743593370937E-06	0	7.81552161324	4407.3984375	
15.493152	-6.43990318364766E-03	-8.56501859843437E-06	0	7.84534867435	4407.3984375	
15.497248	-6.42848492969547E-03	-9.59261781121875E-06	0	7.80465737612	4407.3984375	
15.501344	-6.41935851887172E-03	-9.44067349200937E-06	0	7.65437003419	4459.578125	
15.50544	-6.40723513868453E-03	-1.08146338968937E-05	0	7.72433144879	4459.578125	
15.509536	-6.39741027618687E-03	-1.1108425430025E-05	0	7.67778460141	4459.578125	
15.513632	-6.39050567131625E-03	-1.02862226464594E-05	0	7.57628332989	4459.578125	
15.517728	-6.38205384832469E-03	-1.07934865622719E-05	0	7.61922529522	4511.296875	
15.521824	-6.37582072258656E-03	-1.05361442715375E-05	0	7.52544877095	4511.296875	
15.52592	-6.36961511798391E-03	-1.04382253790719E-05	0	7.44332230994	4511.296875	
15.530016	-6.35913185117891E-03	-1.237724531505E-05	0	7.5433205936	4511.296875	
15.534112	-6.35162900448312E-03	-1.25320244871937E-05	0	7.40747185332	4511.296875	
15.538208	-6.34511509001734E-03	-0.000012356756874	0	7.41195792876	4563.296875	
15.542304	-6.33791113565328E-03	-1.28858520179812E-05	0	7.42741886733	4563.296875	
15.5464	-6.33380893211859E-03	-1.21830998361187E-05	0	7.26898334756	4563.296875	
15.550496	-6.32680704323422E-03	-1.30060180035844E-05	0	7.29265349901	4563.296875	
15.554592	-6.31781823808781E-03	-1.46087245739531E-05	0	7.33093391316	4563.296875	
15.558688	-6.31324799238547E-03	-1.39135973844656E-05	0	7.18424763859	4615.15625	
15.562784	-6.3076891801825E-03	-1.40721087644156E-05	0	7.2313552454	4615.15625	
15.56688	-6.30326659771531E-03	-1.40573251253531E-05	0	7.17508093852	4615.15625	
15.570976	-6.30025216477422E-03	-1.35357095412E-05	0	7.04796783834	4615.15625	
15.575072	-6.29161619704234E-03	-1.55627567929969E-05	0	7.13774656749	4615.16015625	
15.579168	-6.28483475153875E-03	-1.63545050397094E-05	0	7.07137477618	4615.16015625	
15.583264	-6.28220735170875E-03	-1.52116569037125E-05	0	7.00242806912	4664.94140625	
15.58736	-6.27780698730109E-03	-1.54883946077438E-05	0	7.05021469075	4664.94140625	
15.591456	-6.27453489801531E-03	-1.54289860133063E-05	0	6.95736132146	4664.94140625	
15.595552	-6.26966905154562E-03	-1.59775477243594E-05	0	6.88572907264	4664.94140625	
15.599648	-6.26086183103391E-03	-1.8082256917725E-05	0	6.98467831655	4664.94140625	
15.603744	-6.25703813041828E-03	-1.75694990170219E-05	0	6.84964591993	4716.05859375	
15.60784	-6.25438842109641E-03	-1.68932006548594E-05	0	6.85027534378	4716.05859375	
15.611936	-6.24985438260219E-03	-1.75034486023031E-05	0	6.85359793877	4716.05859375	
15.616032	-6.24756957976422E-03	-1.71147857698125E-05	0	6.70106374443	4768.8984375	
15.620128	-6.24159630474703E-03	-1.83009091029187E-05	0	6.74285748807	4768.8984375	
15.624224	-6.23471720950031E-03	-1.97047875067312E-05	0	6.77049491712	4768.8984375	
15.62832	-6.23312582955734E-03	-1.8531948775725E-05	0	6.63175464182	4768.8984375	
15.632416	-6.23012364855031E-03	-1.85366598287062E-05	0	6.67365519678	4768.8984375	
15.636512	-6.22722442036234E-03	-1.87762516564219E-05	0	6.63290286351	4820.80078125	
15.640608	-6.2265177397775E-03	-1.80285156253125E-05	0	6.49446394872	4820.80078125	
15.644704	-6.22068124754656E-03	-1.96631502887531E-05	0	6.60893135155	4820.80078125	
15.6488	-6.21651458420953E-03	-2.02161151204031E-05	0	6.5606564496	4820.80078125	
15.652896	-6.21487776239172E-03	-1.95218674973438E-05	0	6.4778013828	4820.80078125	
15.656992	-6.21069016104797E-03	-2.02562357533594E-05	0	6.52266595189	4872.44140625	
15.661088	-6.20875380687203E-03	-2.00406725073844E-05	0	6.4393493076	4872.44140625	
15.665184	-6.20652048044359E-03	-1.99191560423625E-05	0	6.35050136281	4872.44140625	
15.66928	-6.19893872763516E-03	-2.21461857864844E-05	0	6.45226584794	4872.44140625	
15.673376	-6.19592402039703E-03	-2.18643521740875E-05	0	6.35086757305	4872.44140625	
15.677472	-6.19471281613937E-03	-2.10241157547094E-05	0	6.31368578962	4923.7421875	
15.681568	-6.19231061417203E-03	-2.12804407387688E-05	0	6.33934720925	4923.7421875	
15.685664	-6.19290199857141E-03	-2.03754091918781E-05	0	6.21799810566	4923.7421875	
15.68976	-6.18955036314656E-03	-2.12290030498219E-05	0	6.20957145545	4923.7421875	
15.693856	-6.18339705784453E-03	-2.30592625176375E-05	0	6.28807396096	4923.7421875	
15.697952	-6.18219197955391E-03	-2.22275768108625E-05	0	6.16376847262	4975.44140625	
15.702048	-6.17995911028719E-03	-2.21977922252625E-05	0	6.183993959	4975.44140625	
15.706144	-6.17787180131172E-03	-2.23956316908844E-05	0	6.17179458038	4975.44140625	
15.71024	-6.17840658909031E-03	-2.14878614448094E-05	0	6.04030221608	4975.44140625	
15.714336	-6.17328619497563E-03	-2.3124728798325E-05	0	6.09913236526	4975.44140625	
15.718432	-6.16870205155703E-03	-2.41545792107812E-05	0	6.11271647635	4975.44140625	
15.722528	-6.16912419468812E-03	-2.27850885129656E-05	0	5.99653627771	5024.80078125	
15.726624	-6.16721024143641E-03	-2.30057469461531E-05	0	6.04309075447	5024.80078125	
15.73072	-6.16669447158531E-03	-2.28106500258656E-05	0	5.98674778317	5024.80078125	
15.734816	-6.1661138762025E-03	-2.25769115576812E-05	0	5.86672237701	5024.80078125	
15.738912	-6.15994895899281E-03	-2.47060132747312E-05	0	5.97416693555	5075.9609375	
15.743008	-6.15738437318297E-03	-2.47450413607031E-05	0	5.92078416369	5075.9609375	
15.747104	-6.15710596169625E-03	-2.38223526199312E-05	0	5.85884122747	5075.9609375	
15.7512	-6.15493965517578E-03	-2.42266337060344E-05	0	5.88776420705	5075.9609375	
15.755296	-6.15536966148844E-03	-2.3583720647025E-05	0	5.79715387548	5075.9609375	
15.759392	-6.15369132938656E-03	-2.38764898254094E-05	0	5.75296069183	5128.5234375	
15.763488	-6.14781232111578E-03	-2.58761411911406E-05	0	5.84296830238	5128.5234375	
15.767584	-6.14740499002437E-03	-2.50113158540437E-05	0	5.72673088339	5128.5234375	
15.77168	-6.14650959308203E-03	-2.46523837610531E-05	0	5.73629431122	5128.5234375	
15.775776	-6.14452660841078E-03	-2.51259647778562E-05	0	5.7483945079	5128.5234375	
15.779872	-6.14509540902125E-03	-2.43925491651187E-05	0	5.61805036529	5180.18359375	
15.783968	-6.14102868123594E-03	-2.56852610935594E-05	0	5.63508295614	5180.18359375	
15.788064	-6.13632366425891E-03	-2.69229944712094E-05	0	5.68719925092	5180.18359375	
15.79216	-6.13619456178953E-03	-2.58607789468875E-05	0	5.56567848628	5180.18359375	
15.796256	-6.13463710324609E-03	-2.58991000624125E-05	0	5.60352402577	5180.18359375	
15.800352	-6.13433482791766E-03	-2.56734341823094E-05	0	5.57745061962	5231.64453125	
15.804448	-6.13565913398453E-03	-2.48109884101406E-05	0	5.45710096481	5231.64453125	
15.808544	-0.00613069518061	-2.67408816725531E-05	0	5.54707424315	5231.64453125	
15.81264	-6.12786690392078E-03	-2.72525604877969E-05	0	5.51257418679	5231.64453125	
15.816736	-6.12832616858344E-03	-2.61681466683656E-05	0	5.4371539508	5283.06640625	
15.820832	-6.12638926581344E-03	-2.66802485601094E-05	0	5.48936942752	5283.06640625	
15.824928	-6.12642236432188E-03	-2.63512402352719E-05	0	5.4203311679	5283.06640625	
15.829024	-6.12529930084359E-03	-2.64700026165094E-05	0	5.34043630054	5283.06640625	
15.83312	-6.11995946910391E-03	-2.83124671201969E-05	0	5.44231904106	5283.06640625	
15.837216	-6.11892783796938E-03	-2.78241805892531E-05	0	5.3471654137	5334.3046875	
15.841312	-6.11868161066766E-03	-2.71879192062844E-05	0	5.32848106208	5334.3046875	
15.845408	-6.11726715230984E-03	-2.74938576022687E-05	0	5.34478123245	5334.3046875	
15.849504	-6.11888843062922E-03	-2.6540971535925E-05	0	5.24956657005	5334.3046875	
15.8536	-6.11661331961969E-03	-2.73477305849344E-05	0	5.24533607884	5334.3046875	
15.857696	-6.11133511327969E-03	-2.921309001765E-05	0	5.30305615323	5383.78515625	
15.861792	-6.11138951552422E-03	-2.82762147526031E-05	0	5.18864978544	5383.78515625	
15.865888	-6.11055025804094E-03	-2.8088519988375E-05	0	5.22226483372	5383.78515625	
15.869984	-6.10995905650625E-03	-2.809959113115E-05	0	5.21871335733	5383.78515625	
15.87408	-6.11121186248031E-03	-2.73179183551312E-05	0	5.07953820737	5383.78515625	
15.878176	-6.10747803985859E-03	-2.8785088522575E-05	0	5.15920800802	5383.78515625	
15.882272	-6.10491253972531E-03	-2.93859826332187E-05	0	5.17006080107	5435.10546875	
15.886368	-6.10595889146719E-03	-2.823623714835E-05	0	5.06829631594	5435.10546875	
15.890464	-6.10465945499781E-03	-2.8638907899525E-05	0	5.10921649557	5435.10546875	
15.89456	-6.10492817465609E-03	-2.84155583632594E-05	0	5.06019772907	5435.10546875	
15.898656	-6.10502445291406E-03	-2.81601240033094E-05	0	4.96323975334	5487.7265625	
15.902752	-6.09911975215469E-03	-3.04347710075062E-05	0	5.06463802823	5487.7265625	
15.906848	-6.0973304211875E-03	-3.03133288212562E-05	0	5.00465584267	5487.7265625	
15.910944	-0.00609810723038	-2.91694941477844E-05	0	4.94642841451	5487.7265625	
15.91504	-6.09747570718172E-03	-2.92662962144437E-05	0	4.99701883329	5487.7265625	
15.919136	-6.09937292831453E-03	-2.84113626943781E-05	0	4.89478895598	5539.16796875	
15.923232	-6.09854427698312E-03	-2.88020197556437E-05	0	4.86077717994	5539.16796875	
15.927328	-6.09411849438391E-03	-3.06121333301438E-05	0	4.96288880186	5539.16796875	
15.931424	-6.09441574093344E-03	-2.98566393741E-05	0	4.86085728843	5539.16796875	
15.93552	-6.09381749910828E-03	-2.97208767694781E-05	0	4.86759403097	5590.64453125	
15.939616	-6.09245378570125E-03	-3.01465013438531E-05	0	4.87206866234	5590.64453125	
15.943712	-6.09430017045094E-03	-2.90945874919219E-05	0	4.74808360796	5590.64453125	
15.947808	-6.09145004143156E-03	-3.02238719395594E-05	0	4.78943484756	5590.64453125	
15.951904	-6.08801063095672E-03	-3.13875248624437E-05	0	4.83321985938	5590.64453125	
15.956	-6.08936163526797E-03	-3.01239480010219E-05	0	4.71363695726	5642.06640625	
15.960096	-6.08919111394688E-03	-3.00540471093844E-05	0	4.76446388682	5642.06640625	
15.964192	-6.09027193568234E-03	-2.96901366559875E-05	0	4.73410276911	5642.06640625	
15.968288	-6.09208650197641E-03	-2.90361526945875E-05	0	4.61175040205	5642.06640625	
15.972384	-6.08813671615875E-03	-3.09233231631844E-05	0	4.70679721809	5642.06640625	
15.97648	-6.08600295955266E-03	-3.14758940048437E-05	0	4.69807302206	5693.0078125	
15.980576	-6.08670067976781E-03	-3.05446658495344E-05	0	4.61894872208	5693.0078125	
15.984672	-6.08569885557734E-03	-3.08216415340969E-05	0	4.65862912746	5693.0078125	
15.988768	-6.08757267003016E-03	-2.99614553750531E-05	0	4.59138377214	5693.0078125	
15.992864	-6.08819642147922E-03	-2.97764786369531E-05	0	4.5218953791	5693.0078125	
15.99696	-6.08374247771813E-03	-3.17869244630437E-05	0	4.62383152528	5693.0078125	
16.001056	-6.08405755357469E-03	-3.11215145515312E-05	0	4.53182883186	5742.48828125	
16.005152	-6.08544119923266E-03	-3.02603579607656E-05	0	4.52469154687	5742.48828125	
16.009248	-6.08539502589906E-03	-3.05189382310312E-05	0	4.55673112818	5742.48828125	
16.013344	-6.08756078382547E-03	-2.97457512638344E-05	0	4.44732200429	5742.48828125	
16.01744	-6.08556079273828E-03	-3.0785617291275E-05	0	4.43613733321	5794.046875	
16.021536	-6.08153959826016E-03	-3.23516344752562E-05	0	4.52374931844	5794.046875	
16.025632	-6.08251307842406E-03	-3.1239055299375E-05	0	4.40331192576	5794.046875	
16.029728	-6.08232244198734E-03	-3.11381561214281E-05	0	4.43772424425	5794.046875	
16.033824	-6.08285439536328E-03	-3.09624115856344E-05	0	4.43332972137	5794.046875	
16.03792	-6.08582704372328E-03	-2.97877728564281E-05	0	4.31338823839	5846.609375	
16.042016	-6.08328101867922E-03	-3.12161721491813E-05	0	4.3916618625	5846.609375	
16.046112	-6.08110950051516E-03	-3.20756393185594E-05	0	4.39485857272	5846.609375	
16.050208	-6.08298852661156E-03	-3.08718388396688E-05	0	4.30172673106	5846.609375	
16.054304	-6.08254992565859E-03	-3.11611767714844E-05	0	4.35830239845	5897.96875	
16.0584	-6.08354452669391E-03	-3.08558590479562E-05	0	4.31488359687	5897.96875	
16.062496	-6.08419259914641E-03	-3.06177051995719E-05	0	4.19902764688	5897.96875	
16.066592	-6.07980796110187E-03	-3.25553660022937E-05	0	4.31705415548	5897.96875	
16.070688	-6.07955323059219E-03	-3.21114238981594E-05	0	4.25773572598	5897.96875	
16.074784	-6.08126100390875E-03	-3.09987358281563E-05	0	4.21306952077	5897.96875	
16.07888	-6.08144496578438E-03	-3.11939301041156E-05	0	4.25265837359	5949.3671875	
16.082976	-6.08431356413719E-03	-3.02575714250906E-05	0	4.17950024877	5949.3671875	
16.087072	-6.08433175917359E-03	-3.06152975096719E-05	0	4.13571905164	5949.3671875	
16.091168	-6.07965755489641E-03	-3.28119727168406E-05	0	4.23158221134	5949.3671875	
16.095264	-6.08001222095781E-03	-3.20309153248219E-05	0	4.12274529095	6000.66796875	
16.09936	-6.08021547505797E-03	-3.16485080149219E-05	0	4.13469671472	6000.66796875	
16.103456	-6.08022973850359E-03	-3.17187293389312E-05	0	4.1642300447	6000.66796875	
16.107552	-6.08297600038047E-03	-3.05945006554687E-05	0	4.01990506324	6000.66796875	
16.111648	-6.08115859968375E-03	-3.16855512471094E-05	0	4.07203280209	6000.66796875	
16.115744	-6.07883246942641E-03	-3.26633702212125E-05	0	4.13313269182	6051.3671875	
16.11984	-6.08104833227719E-03	-3.13475991812156E-05	0	4.01318357946	6051.3671875	
16.123936	-6.08142713647734E-03	-3.13637390689219E-05	0	4.05407705626	6051.3671875	
16.128032	-6.08269219438547E-03	-3.11436436159406E-05	0	4.03237909954	6051.3671875	
16.132128	-6.08516964517172E-03	-3.03267768847312E-05	0	3.91291063812	6051.3671875	
16.136224	-6.08097838653422E-03	-3.25056499462406E-05	0	4.01399610843	6100.94921875	
16.14032	-6.07912496149406E-03	-3.29431398933656E-05	0	3.9951629839	6100.94921875	
16.144416	-6.08118959524828E-03	-3.14739593913938E-05	0	3.91085070552	6100.94921875	
16.148512	-6.08132564657578E-03	-3.15689624213906E-05	0	3.98058705341	6100.94921875	
16.152608	-6.08351362256172E-03	-3.0913005625425E-05	0	3.89705297179	6100.94921875	
16.156704	-6.08441404828297E-03	-3.08730044635031E-05	0	3.8233111994	6152.890625	
16.1608	-6.08116527424484E-03	-3.25788529980375E-05	0	3.95361338042	6152.890625	
16.164896	-6.08192370553625E-03	-3.1948466128425E-05	0	3.86958720379	6152.890625	
16.168992	-6.08289645424141E-03	-3.14003438400094E-05	0	3.84179337245	6152.890625	
16.173088	-6.08227434857453E-03	-3.19311144630844E-05	0	3.87974190857	6205.26953125	
16.177184	-6.08475472519578E-03	-3.09336649797656E-05	0	3.7651371769	6205.26953125	
16.18128	-6.08349487893125E-03	-3.17048014682437E-05	0	3.76749465532	6205.26953125	
16.185376	-6.07985331154438E-03	-3.32969332895719E-05	0	3.85784177328	6205.26953125	
16.189472	-6.08197637056625E-03	-3.18163917412687E-05	0	3.73988011441	6205.26953125	
16.193568	-6.08303296273062E-03	-3.14582363301937E-05	0	3.77762265727	6205.26953125	
16.197664	-6.08441953422359E-03	-3.12705213736781E-05	0	3.77397199894	6256.6484375	
16.20176	-6.08730550472172E-03	-3.0384652307625E-05	0	3.64218590351	6256.6484375	
16.205856	-6.08471010621203E-03	-3.19995778561594E-05	0	3.71947915229	6256.6484375	
16.209952	-6.0822887034525E-03	-3.29516552694656E-05	0	3.75812196199	6256.6484375	
16.214048	-6.08357250499109E-03	-3.19210971654094E-05	0	3.64999838863	6256.6484375	
16.218144	-6.08301083610344E-03	-3.21804430599094E-05	0	3.70158825619	6308.12890625	
16.22224	-6.08438789863266E-03	-3.16595512731094E-05	0	3.65831441283	6308.12890625	
16.226336	-6.08626756475547E-03	-3.09646680737625E-05	0	3.56092919182	6308.12890625	
16.230432	-6.08210529017094E-03	-3.30732349555781E-05	0	3.66333835956	6308.12890625	
16.234528	-6.08205582527297E-03	-3.27012211449E-05	0	3.61088255737	6359.390625	
16.238624	-6.08471321491172E-03	-3.12519115365187E-05	0	3.57415472205	6359.390625	
16.24272	-0.006085464697345	-3.13580508534562E-05	0	3.62415386388	6359.390625	
16.246816	-6.08800551074547E-03	-3.07317368163094E-05	0	3.53717893188	6359.390625	
16.250912	-6.08736575863625E-03	-3.14577500326031E-05	0	3.49177267681	6359.390625	
16.255008	-6.08313884138469E-03	-3.34227514329844E-05	0	3.6076667737	6409.66796875	
16.259104	-6.08391528484781E-03	-3.24504197130094E-05	0	3.50134373402	6409.66796875	
16.2632	-6.08478206346656E-03	-3.18261333180656E-05	0	3.51698014833	6409.66796875	
16.267296	-0.00608504045127	-3.19483586766094E-05	0	3.53288740563	6409.66796875	
16.271392	-6.08851908622031E-03	-3.06716544244687E-05	0	3.41841618811	6409.66796875	
16.275488	-6.08711523401438E-03	-3.17835523510313E-05	0	3.45602521682	6409.66796875	
16.279584	-6.08447027917438E-03	-3.30903101788875E-05	0	3.51207445699	6459.5703125	
16.28368	-6.08684779440891E-03	-3.16135111749187E-05	0	3.40147133513	6459.5703125	
16.287776	-6.0874762089075E-03	-3.15167615120531E-05	0	3.45433530915	6459.5703125	
16.291872	-6.08863063367969E-03	-3.14178731494031E-05	0	3.44260895209	6459.5703125	
16.295968	-6.09038768902953E-03	-3.09294464743687E-05	0	3.31728875621	6459.5703125	
16.300064	-6.08656298265813E-03	-3.29268834192375E-05	0	3.42813601823	6511.91015625	
16.30416	-6.08529627896781E-03	-3.31196551014656E-05	0	3.40462226907	6511.91015625	
16.308256	-6.08757203000375E-03	-3.16453282104094E-05	0	3.33572133829	6511.91015625	
16.312352	-6.08787521965562E-03	-3.17363533597687E-05	0	3.38074993905	6511.91015625	
16.316448	-6.09085947992328E-03	-3.0761398084725E-05	0	3.32975897782	6511.91015625	
16.320544	-6.09246905490266E-03	-3.05248423116656E-05	0	3.26395176063	6511.91015625	
16.32464	-6.08835021068141E-03	-3.28472462392594E-05	0	3.3724911352	6564.25	
16.328736	-6.08872855771984E-03	-3.23506940915812E-05	0	3.28804534267	6564.25	
16.332832	-6.08987082199031E-03	-3.16395673988625E-05	0	3.27626939464	6564.25	
16.336928	-6.08941073443656E-03	-3.20417453620687E-05	0	3.31510675353	6615.4296875	
16.341024	-6.09162550009922E-03	-3.1121728493625E-05	0	3.20016251445	6615.4296875	
16.34512	-6.09041539302969E-03	-3.18740962508719E-05	0	3.21977765043	6615.4296875	
16.349216	-6.08726298868187E-03	-3.32823260926406E-05	0	3.30005398679	6615.4296875	
16.353312	-6.08978185831984E-03	-3.1727774041425E-05	0	3.18591083261	6615.4296875	
16.357408	-6.0909169908675E-03	-3.14082986397469E-05	0	3.22073895231	6667.41015625	
16.361504	-6.09207745017437E-03	-3.13627268103187E-05	0	3.21909100623	6667.41015625	
16.3656	-6.09503930951781E-03	-3.03961282576875E-05	0	3.09933644306	6667.41015625	
16.369696	-6.09220911274938E-03	-0.000032155429383	0	3.18940127396	6667.41015625	
16.373792	-6.09005789256563E-03	-3.298654009035E-05	0	3.20226440864	6667.41015625	
16.377888	-6.09230255660469E-03	-3.15663910297312E-05	0	3.10353260206	6667.41015625	
16.381984	-6.09262458131938E-03	-3.16338594718781E-05	0	3.16845099648	6718.671875	
16.38608	-0.006094493824155	-3.11341205485406E-05	0	3.11902024346	6718.671875	
16.390176	-6.09650999876703E-03	-3.05826323981062E-05	0	3.02652545503	6718.671875	
16.394272	-6.09367888767516E-03	-3.23193890748094E-05	0	3.14637920014	6718.671875	
16.398368	-6.09475148049969E-03	-3.16932897009094E-05	0	3.09600621869	6718.671875	
16.402464	-6.09671471578469E-03	-3.08180165377219E-05	0	3.04838362873	6768.7890625	
16.40656	-6.09660975145406E-03	-3.1306143693825E-05	0	3.09719640197	6768.7890625	
16.410656	-6.09924510589797E-03	-3.04055390655844E-05	0	3.0104007604	6768.7890625	
16.414752	-6.09891073781688E-03	-3.09312738763875E-05	0	2.98946955637	6768.7890625	
16.418848	-6.09451878518484E-03	-3.31070012679656E-05	0	3.08275780032	6818.76953125	
16.422944	-6.09596131327219E-03	-3.18574368925313E-05	0	2.98500636907	6818.76953125	
16.42704	-6.09742898525406E-03	-3.10929537627844E-05	0	3.00932883251	6818.76953125	
16.431136	-6.09873537058156E-03	-3.09056142866625E-05	0	3.01961705144	6818.76953125	
16.435232	-0.00610255449958	-2.96369650745437E-05	0	2.90126629419	6818.76953125	
16.439328	-6.10119654641062E-03	-3.09440957385656E-05	0	2.95535096901	6871.01171875	
16.443424	-6.09864585831703E-03	-3.22659215802E-05	0	3.0175342307	6871.01171875	
16.44752	-6.10026283931625E-03	-3.11759781989906E-05	0	2.90390605967	6871.01171875	
16.451616	-6.09997702180969E-03	-3.13908957725344E-05	0	2.95491990904	6871.01171875	
16.455712	-6.10087644177516E-03	-3.11315359357406E-05	0	2.93501104193	6871.01171875	
16.459808	-6.10297609411703E-03	-3.03011391699844E-05	0	2.82595668421	6871.01171875	
16.463904	-6.09901551928281E-03	-3.23963207286469E-05	0	2.91573541336	6923.37109375	
16.468	-6.09838884199875E-03	-3.2309331152175E-05	0	2.91340082308	6923.37109375	
16.472096	-6.10161722662422E-03	-3.05009437778719E-05	0	2.83924324948	6923.37109375	
16.476192	-6.10236642324891E-03	-3.07019392499531E-05	0	2.90007229622	6974.19140625	
16.480288	-6.10512603424797E-03	-2.999263539195E-05	0	2.83634789977	6974.19140625	
16.484384	-6.10600314472156E-03	-3.01434537507469E-05	0	2.75930260584	6974.19140625	
16.48848	-6.10249836012094E-03	-3.21328969536094E-05	0	2.8872244203	6974.19140625	
16.492576	-6.10339046549891E-03	-3.13570217679469E-05	0	2.80258789327	6974.19140625	
16.496672	-6.10436586574203E-03	-3.08054932329375E-05	0	2.79529420599	6974.19140625	
16.500768	-6.10416837187953E-03	-3.11387275150875E-05	0	2.83299097257	7026.26953125	
16.504864	-6.10733741691391E-03	-2.98608083603156E-05	0	2.73243955886	7026.26953125	
16.50896	-6.10682365857437E-03	-3.05132769386156E-05	0	2.73075346588	7026.26953125	
16.513056	-6.10392488754812E-03	-3.20416032949031E-05	0	2.8171104181	7026.26953125	
16.517152	-6.10660888399891E-03	-3.04386532151625E-05	0	2.70422611162	7077.1484375	
16.521248	-6.10748718309297E-03	-3.02740074663469E-05	0	2.75083017935	7077.1484375	
16.525344	-6.10842838763953E-03	-3.03038348403656E-05	0	2.7654213686	7077.1484375	
16.52944	-6.11122694881703E-03	-2.93666165468156E-05	0	2.63176607507	7077.1484375	
16.533536	-6.10822129338094E-03	-3.12537644192812E-05	0	2.71882874494	7077.1484375	
16.537632	-6.10601311084703E-03	-3.20666472602437E-05	0	2.73948910598	7127.23046875	
16.541728	-6.1078575755175E-03	-3.06756729300656E-05	0	2.64059326773	7127.23046875	
16.545824	-6.10796592284484E-03	-3.07384906557094E-05	0	2.69855366759	7127.23046875	
16.54992	-6.11074144307172E-03	-2.97744110909437E-05	0	2.67163721495	7127.23046875	
16.554016	-6.11387126363063E-03	-2.88622485415687E-05	0	2.56906401554	7127.23046875	
16.558112	-6.11025081711516E-03	-3.12007173569438E-05	0	2.68248237862	7177.62890625	
16.562208	-6.11002945941094E-03	-3.11065871626125E-05	0	2.63739274282	7177.62890625	
16.566304	-6.11200293511844E-03	-2.99394657335812E-05	0	2.58672221555	7177.62890625	
16.5704	-6.11154906496406E-03	-3.04994473851375E-05	0	2.65320463287	7177.62890625	
16.574496	-0.006113734115115	-2.97124190856281E-05	0	2.56870924937	7177.62890625	
16.578592	-6.11315242254406E-03	-3.0263710120875E-05	0	2.52449317758	7230.23046875	
16.582688	-6.10944749254297E-03	-3.20250064365E-05	0	2.64284012014	7230.23046875	
16.586784	-6.11111092117281E-03	-3.06978029560125E-05	0	2.54007237154	7230.23046875	
16.59088	-6.11248862372844E-03	-3.00416204391187E-05	0	2.54925051568	7230.23046875	
16.594976	-6.11331380063078E-03	-3.00619898899031E-05	0	2.57790265227	7230.23046875	
16.599072	-6.11713311249391E-03	-2.86963196209594E-05	0	2.45711430811	7282.25	
16.603168	-6.11547251826672E-03	-3.00849403477219E-05	0	2.50850962648	7282.25	
16.607264	-6.11241136339797E-03	-3.15955128756094E-05	0	2.57246671902	7282.25	
16.61136	-6.11459595638719E-03	-3.00668605581094E-05	0	2.45506200489	7282.25	
16.615456	-6.11455353177969E-03	-3.023235053685E-05	0	2.51285837308	7282.25	
16.619552	-6.11555078435297E-03	-3.0029771893275E-05	0	2.49480726	7333.0703125	
16.623648	-6.11787682317797E-03	-2.918275927875E-05	0	2.37426687069	7333.0703125	
16.627744	-6.11529477379047E-03	-3.07836040721344E-05	0	2.48376373245	7333.0703125	
16.63184	-6.11522665669437E-03	-3.0701267375625E-05	0	2.48381713811	7333.0703125	
16.635936	-6.11785332506562E-03	-2.93535131945344E-05	0	2.40186996753	7333.0703125	
16.640032	-6.11780779175844E-03	-2.98408651110281E-05	0	2.46132954056	7385.109375	
16.644128	-6.1203713718125E-03	-2.90238697741781E-05	0	2.40453262115	7385.109375	
16.648224	-6.12179552199875E-03	-2.87831594379656E-05	0	2.33630307581	7385.109375	
16.65232	-6.11710549992609E-03	-3.13171453655156E-05	0	2.45049582096	7385.109375	
16.656416	-6.11703582848016E-03	-3.07839733025344E-05	0	2.38621829446	7385.109375	
16.660512	-6.11818677882328E-03	-2.98687948907906E-05	0	2.36862875887	7435.76953125	
16.664608	-0.006118649517915	-2.9868118208775E-05	0	2.40939253621	7435.76953125	
16.668704	-6.12253584968609E-03	-2.83642240395937E-05	0	2.30462970474	7435.76953125	
16.6728	-6.12254279854422E-03	-2.89989289337344E-05	0	2.30155124991	7435.76953125	
16.676896	-6.1195784705275E-03	-3.07110377985469E-05	0	2.40780562517	7435.76953125	
16.680992	-6.12118201097219E-03	-2.9601010783575E-05	0	2.30224552349	7435.76953125	
16.685088	-6.12150613863078E-03	-2.95008767490937E-05	0	2.33618863511	7485.609375	
16.689184	-6.12189966343828E-03	-2.95493257391062E-05	0	2.34131176378	7485.609375	
16.69328	-6.12431018574891E-03	-2.8580038727625E-05	0	2.22043949644	7485.609375	
16.697376	-6.12070272262625E-03	-3.05201620278844E-05	0	2.28882162938	7485.609375	
16.701472	-6.11810110671719E-03	-3.13537861942594E-05	0	2.3337510482	7536.4296875	
16.705568	-6.12110118478031E-03	-2.937462062535E-05	0	2.22782473628	7536.4296875	
16.709664	-6.12207932799375E-03	-2.92345960057594E-05	0	2.29475347233	7536.4296875	
16.71376	-6.12444312837672E-03	-2.86577586018281E-05	0	2.2605471471	7588.88671875	
16.717856	-6.12641971278391E-03	-2.82679359147281E-05	0	2.15429277184	7588.88671875	
16.721952	-6.12286262888266E-03	-3.04191539558156E-05	0	2.27429528986	7588.88671875	
16.726048	-6.12283090185937E-03	-3.01322109735281E-05	0	2.23397401656	7588.88671875	
16.730144	-6.12439119480547E-03	-2.915329007745E-05	0	2.19199335311	7588.88671875	
16.73424	-6.12369310886094E-03	-2.969945876205E-05	0	2.24342300369	7640.98828125	
16.738336	-6.12613444387141E-03	-2.86932333259688E-05	0	2.17085234113	7640.98828125	
16.742432	-6.12668541517484E-03	-2.87335025164687E-05	0	2.12597632797	7640.98828125	
16.746528	-6.12313838883141E-03	-3.06580433803875E-05	0	2.23443940874	7640.98828125	
16.750624	-6.12521170865828E-03	-2.92825596597187E-05	0	2.14054844377	7640.98828125	
16.75472	-6.1269545005625E-03	-2.85780108450375E-05	0	2.15831726979	7691.66796875	
16.758816	-6.12747347054562E-03	-2.88646107988219E-05	0	2.19199335311	7691.66796875	
16.762912	-6.13084887837984E-03	-2.76550084026562E-05	0	2.07906708504	7691.66796875	
16.767008	-6.12913817922828E-03	-2.89936726889906E-05	0	2.12049843313	7691.66796875	
16.771104	-6.12575207380984E-03	-3.05692586134031E-05	0	2.1866947487	7691.66796875	
16.7752	-6.12677849330078E-03	-2.94539945844375E-05	0	2.07649979867	7691.66796875	
16.779296	-6.12633440640719E-03	-2.95122827473031E-05	0	2.12525916625	7743.90625	
16.783392	-6.12792953507625E-03	-2.88583242666469E-05	0	2.11840798301	7743.90625	
16.787488	-6.13153626674016E-03	-2.75173578191531E-05	0	2.00438689891	7743.90625	
16.791584	-6.12847383181859E-03	-2.95831927725469E-05	0	2.10065060106	7743.90625	
16.79568	-6.1271154214875E-03	-3.01188751695562E-05	0	2.09925060983	7743.90625	
16.799776	-6.12983196785266E-03	-2.8477615753125E-05	0	2.02064892238	7743.90625	
16.803872	-6.13001574686359E-03	-2.87756046378281E-05	0	2.09290296567	7794.2265625	
16.807968	-6.13224770180688E-03	-2.80939618098562E-05	0	2.0418509694	7794.2265625	
16.812064	-6.13279894740734E-03	-2.82020431921594E-05	0	1.95380410951	7794.2265625	
16.81616	-6.12840233172578E-03	-3.04494546466687E-05	0	2.08497985454	7794.2265625	
16.820256	-6.12904089521453E-03	-2.95613579386125E-05	0	2.01569745476	7843.94921875	
16.824352	-6.13099709020906E-03	-2.84306804635219E-05	0	1.99089434038	7843.94921875	
16.828448	-6.1316914274275E-03	-2.85222027277687E-05	0	2.0345267646	7843.94921875	
16.832544	-6.13535941876172E-03	-2.72376838199812E-05	0	1.93809903078	7843.94921875	
16.83664	-6.13459120420953E-03	-2.82099128958281E-05	0	1.94618617358	7895.10546875	
16.840736	-6.13025941405969E-03	-3.03798895720031E-05	0	2.03499978616	7895.10546875	
16.844832	-6.13188133240547E-03	-2.89535241714469E-05	0	1.92910017707	7895.10546875	
16.848928	-6.13232907659281E-03	-2.86338865103156E-05	0	1.96363456564	7895.10546875	
16.853024	-6.13234900884375E-03	-2.88232514651812E-05	0	1.97571568887	7895.10546875	
16.85712	-6.13501087866734E-03	-2.76826054904437E-05	0	1.85231428206	7895.10546875	
16.861216	-6.13304544900609E-03	-2.89757090050312E-05	0	1.92976393313	7947.6484375	
16.865312	-6.13189449866297E-03	-2.94777440799187E-05	0	1.9771919739	7947.6484375	
16.869408	-6.13467331045422E-03	-2.79178122263906E-05	0	1.8729364962	7947.6484375	
16.873504	-6.13490874873937E-03	-2.81950778145094E-05	0	1.93167890751	7947.64453125	
16.8776	-6.13693946109406E-03	-2.76586843605187E-05	0	1.90049763145	7999.46484375	
16.881696	-6.13943382686391E-03	-2.69267024001937E-05	0	1.80701102362	7999.46484375	
16.885792	-6.13535859587063E-03	-2.93270891824969E-05	0	1.91511933822	7999.46484375	
16.889888	-6.13449721176016E-03	-2.93602816973812E-05	0	1.88963339433	7999.46484375	
16.893984	-6.13648696242484E-03	-2.80107248738625E-05	0	1.82970842912	7999.46484375	
16.89808	-6.13651951233922E-03	-2.82519445845656E-05	0	1.89551564631	8050.32421875	
16.902176	-6.13969459190828E-03	-2.70566678952281E-05	0	1.81467092114	8050.32421875	
16.906272	-6.14067072361016E-03	-2.71265072484656E-05	0	1.76750227929	8050.32421875	
16.910368	-6.13739342268078E-03	-2.9084903607375E-05	0	1.89133474607	8050.32421875	
16.914464	-6.13903161598375E-03	-2.80142731876219E-05	0	1.80904425339	8102.56640625	
16.91856	-6.14053403225625E-03	-2.73829079536031E-05	0	1.81329000336	8102.56640625	
16.922656	-6.14090881343328E-03	-2.76584353223062E-05	0	1.83897812582	8102.56640625	
16.926752	-6.14387122137078E-03	-2.65726981868906E-05	0	1.7312207627	8102.56640625	
16.930848	-6.14152415310672E-03	-2.80670572694531E-05	0	1.76316879145	8102.56640625	
16.934944	-6.1376513533225E-03	-2.97241517662031E-05	0	1.84176666421	8102.56640625	
16.93904	-6.14030179410313E-03	-2.77620897859594E-05	0	1.7260709312	8152.8046875	
16.943136	-6.14145064150234E-03	-2.73631132618594E-05	0	1.78413432769	8152.8046875	
16.947232	-6.14323073780281E-03	-2.70169463003344E-05	0	1.77734417949	8152.8046875	
16.951328	-6.14620338616281E-03	-2.61067440855375E-05	0	1.65861576793	8152.8046875	
16.955424	-0.00614335819449	-2.80335919183031E-05	0	1.75289201659	8202.625	
16.95952	-0.006142319523065	-2.83930860299625E-05	0	1.76310012703	8202.625	
16.963616	-6.14455257519641E-03	-2.70365700787875E-05	0	1.68907606758	8202.625	
16.967712	-6.14380831591828E-03	-2.76485120149219E-05	0	1.74612857122	8202.625	
16.971808	-6.14548591656141E-03	-2.70302616716344E-05	0	1.70088253313	8202.625	
16.975904	-6.14721124488797E-03	-2.6455579313625E-05	0	1.6183059387	8254.14453125	
16.98	-6.14366403567984E-03	-2.84746628714625E-05	0	1.73175863399	8254.14453125	
16.984096	-6.14500937118578E-03	-2.75316121318219E-05	0	1.67059770922	8254.14453125	
16.988192	-6.14759864372844E-03	-2.63335594837219E-05	0	1.65222616218	8254.14453125	
16.992288	-6.14827606596328E-03	-2.66431411452937E-05	0	1.70869501825	8254.14453125	
16.996384	-6.15201290585234E-03	-2.54266139964375E-05	0	1.61576154047	8306.50390625	
17.00048	-6.15212024742391E-03	-2.6083252762875E-05	0	1.5924041936	8306.50390625	
17.004576	-6.14870872381391E-03	-2.80336649951531E-05	0	1.71189935785	8306.50390625	
17.008672	-6.15030485823875E-03	-2.68618048689375E-05	0	1.59747391661	8306.50390625	
17.012768	-6.15100513855953E-03	-2.65545837819281E-05	0	1.6316573537	8306.50390625	
17.016864	-6.15218799879062E-03	-2.63371270282312E-05	0	1.65144796542	8358.28515625	
17.02096	-6.15643192245813E-03	-2.47734069573375E-05	0	1.53231519672	8358.28515625	
17.025056	-6.15450379719313E-03	-2.64030892218844E-05	0	1.60321883975	8358.28515625	
17.029152	-6.1523800067125E-03	-2.7516789790875E-05	0	1.63950417103	8358.28515625	
17.033248	-6.15564587859891E-03	-2.55986657474625E-05	0	1.53736966097	8358.28515625	
17.037344	-6.15639470949422E-03	-2.56498231482281E-05	0	1.60317687816	8409.125	
17.04144	-6.15811071172172E-03	-2.53398467755125E-05	0	1.5807312422	8409.125	
17.045536	-6.15982607392281E-03	-2.49368156881594E-05	0	1.46906763652	8409.125	
17.049632	-0.006155749105715	-2.71884261769312E-05	0	1.59293062082	8409.125	
17.053728	-6.15543247550859E-03	-2.69179180339781E-05	0	1.5599411817	8409.125	
17.057824	-6.15808337345094E-03	-2.53801056294844E-05	0	1.50453280945	8461.32421875	
17.06192	-6.15861971557938E-03	-2.55617172267187E-05	0	1.55832756783	8461.32421875	
17.066016	-6.16207009793547E-03	-2.44267342270875E-05	0	1.48489860002	8461.32421875	
17.070112	-6.16359372651172E-03	-2.4370119860625E-05	0	1.448819262	8461.32421875	
17.074208	-6.16029064166141E-03	-2.64781627045031E-05	0	1.5583771588	8461.32421875	
17.078304	-6.16225159113781E-03	-2.53398220159219E-05	0	1.47277932989	8511.3046875	
17.0824	-6.16393321480406E-03	-2.47019298653531E-05	0	1.47485833594	8511.3046875	
17.086496	-6.16405088823047E-03	-2.5145334470025E-05	0	1.51804444143	8511.3046875	
17.090592	-0.006167224230585	-2.39311498669031E-05	0	1.3974735346	8511.3046875	
17.094688	-6.16618126183984E-03	-2.48767010848125E-05	0	1.43335069405	8511.3046875	
17.098784	-6.16402172131281E-03	-2.60276573857781E-05	0	1.51339814901	8561.203125	
17.10288	-6.16690037722344E-03	-2.43924700786594E-05	0	1.40180702244	8561.203125	
17.106976	-6.16787413168437E-03	-2.43018523808156E-05	0	1.44579039814	8561.203125	
17.111072	-6.16985931073187E-03	-2.39546606607E-05	0	1.44595442981	8561.203125	
17.115168	-6.17401207635266E-03	-2.25950016838219E-05	0	1.33191045757	8561.203125	
17.119264	-6.17147418878719E-03	-2.45977684310531E-05	0	1.42504229923	8613.1015625	
17.12336	-6.17017850104391E-03	-2.52469788395344E-05	0	1.4405413847	8613.1015625	
17.127456	-6.17241237606641E-03	-2.39207635792125E-05	0	1.34885149586	8613.1015625	
17.131552	-6.17243166829094E-03	-2.42117416536187E-05	0	1.42265430329	8613.1015625	
17.135648	-6.1754297348425E-03	-2.31790198498031E-05	0	1.36626555571	8665.32421875	
17.139744	-6.17795116458609E-03	-2.25755235783E-05	0	1.28365462907	8665.32421875	
17.14384	-6.17513779136891E-03	-2.45005017013969E-05	0	1.40505332363	8665.32421875	
17.147936	-6.17657785078297E-03	-2.37553255234969E-05	0	1.35469560094	8665.32421875	
17.152032	-6.17939908718172E-03	-2.258292741705E-05	0	1.32798132687	8665.32421875	
17.156128	-6.18025324813703E-03	-2.28866660556187E-05	0	1.36899687375	8716.86328125	
17.160224	-6.18397107009859E-03	-2.17513881043594E-05	0	1.27721161766	8716.86328125	
17.16432	-6.18351061681547E-03	-2.26360158255E-05	0	1.26968523429	8716.86328125	
17.168416	-6.17955589365125E-03	-2.4713119517625E-05	0	1.36909987038	8716.86328125	
17.172512	-6.18208408938828E-03	-2.30050464660844E-05	0	1.25629567239	8716.86328125	
17.176608	-6.18414424295766E-03	-2.21977773214313E-05	0	1.29702511752	8767.72265625	
17.180704	-6.18597956439375E-03	-2.2009033760175E-05	0	1.30979669964	8767.72265625	
17.1848	-6.19018106345375E-03	-2.07253230246562E-05	0	1.19564591608	8767.72265625	
17.188896	-6.18904126785656E-03	-2.21210324462531E-05	0	1.25021124184	8767.72265625	
17.192992	-6.18824352065734E-03	-2.28214959284812E-05	0	1.31355798398	8767.72265625	
17.197088	-6.19166821052484E-03	-2.11902437135813E-05	0	1.2058616559	8819.8828125	
17.201184	-6.19185290385922E-03	-2.16486564763219E-05	0	1.26109455241	8819.8828125	
17.20528	-6.19358920406703E-03	-2.13277077588094E-05	0	1.23652794881	8819.8828125	
17.209376	-6.19663481543734E-03	-2.03421359078437E-05	0	1.13594220289	8819.8828125	
17.213472	-6.19362074822563E-03	-2.23412759760094E-05	0	1.23334268266	8819.8828125	
17.217568	-6.19413478086219E-03	-2.2049449104375E-05	0	1.2080741761	8869.62109375	
17.221664	-6.19748349045203E-03	-2.05077931941094E-05	0	1.16209571753	8869.62109375	
17.22576	-6.19847534851703E-03	-2.07089932332938E-05	0	1.22074657628	8869.62109375	
17.229856	-6.20271415197328E-03	-1.94270791305937E-05	0	1.1541344595	8869.62109375	
17.233952	-6.20486226345734E-03	-1.93044593012906E-05	0	1.09114248353	8869.62109375	
17.238048	-6.20198369897906E-03	-2.13897838986562E-05	0	1.21625668615	8919.6796875	
17.242144	-6.2037927793325E-03	-2.04615761730188E-05	0	1.1281182737	8919.6796875	
17.24624	-6.20530177873375E-03	-1.99257115646531E-05	0	1.13585827971	8919.6796875	
17.250336	-6.20607465633547E-03	-2.00833722243E-05	0	1.16053169463	8919.6796875	
17.254432	-6.21071896223625E-03	-1.84432305952125E-05	0	1.06130016366	8971.94140625	
17.258528	-6.21041595544906E-03	-1.9342059504075E-05	0	1.09013159068	8971.94140625	
17.262624	-6.20799564987766E-03	-2.085021376515E-05	0	1.15021677287	8971.94140625	
17.26672	-6.21166839569375E-03	-1.90035834002437E-05	0	1.04331008562	8971.94140625	
17.270816	-6.21396508473641E-03	-1.85045052935531E-05	0	1.09879475167	8971.94140625	
17.274912	-6.21671527820406E-03	-1.81291965342469E-05	0	1.09704762365	8971.94140625	
17.279008	-6.22048887389531E-03	-1.72233700362281E-05	0	0.97130399718	9024.16015625	
17.283104	-6.21763179601781E-03	-1.93186304409656E-05	0	1.07496056855	9024.16015625	
17.2872	-6.21665429283078E-03	-1.97845061770125E-05	0	1.07595620264	9024.16015625	
17.291296	-6.21981200025453E-03	-1.81383342654937E-05	0	0.99839211087	9024.16015625	
17.295392	-6.22060846740094E-03	-1.82341733523469E-05	0	1.04779997575	9024.16015625	
17.299488	-6.22416015679391E-03	-1.72069967352937E-05	0	1.00959967009	9024.16015625	
17.303584	-6.22719031609812E-03	-1.65733651573875E-05	0	0.93160451835	9075.62109375	
17.30768	-6.22439605224078E-03	-1.86282652659469E-05	0	1.03368562275	9075.62109375	
17.311776	-0.00622655138688	-1.77134257961719E-05	0	0.97714810226	9075.62109375	
17.315872	-6.22991189124219E-03	-1.64931327856969E-05	0	0.94927416243	9126.55859375	
17.319968	-6.23052293359547E-03	-1.70330077265906E-05	0	0.99981880493	9126.55859375	
17.324064	-6.23394222895469E-03	-1.60813993032E-05	0	0.89591046402	9126.55859375	
17.32816	-6.23397121300766E-03	-1.66594460809219E-05	0	0.89514371133	9126.55859375	
17.332256	-6.23144109719141E-03	-1.816640106435E-05	0	0.99152566887	9126.55859375	
17.336352	-6.23454714534094E-03	-1.65856841354531E-05	0	0.88741514939	9178.80078125	
17.340448	-6.23657109170219E-03	-1.60331277168563E-05	0	0.91179101849	9178.80078125	
17.344544	-6.23864477725844E-03	-1.58446380015E-05	0	0.92394843552	9178.80078125	
17.34864	-6.24363652606547E-03	-1.43132412155906E-05	0	0.81014097406	9178.80078125	
17.352736	-6.24231496296891E-03	-1.58341045985719E-05	0	0.87314820879	9178.80078125	
17.356832	-6.24063151065578E-03	-1.69483611766219E-05	0	0.91310708654	9178.80078125	
17.360928	-6.24365307531969E-03	-1.54517528174625E-05	0	0.81025922945	9228.37890625	
17.365024	-6.24415110729609E-03	-1.56137476073906E-05	0	0.87344193992	9228.37890625	
17.36912	-6.24674431142953E-03	-1.49554785541219E-05	0	0.83406289505	9228.37890625	
17.373216	-6.25031410442656E-03	-1.39197271860281E-05	0	0.72883848609	9228.37890625	
17.377312	-6.24781032112531E-03	-1.57535931406219E-05	0	0.8420928175	9228.37890625	
17.381408	-6.24867700831172E-03	-1.54814126435719E-05	0	0.81854092144	9278.65625	
17.385504	-6.25202407211937E-03	-1.40930318204156E-05	0	0.7637390849	9278.65625	
17.3896	-6.25307536120781E-03	-1.43349746073187E-05	0	0.80787886289	9278.65625	
17.393696	-6.25735494348937E-03	-1.31249883173062E-05	0	0.73338559657	9278.65625	
17.397792	-6.25897466745891E-03	-1.31749423538906E-05	0	0.68610632871	9278.65625	
17.401888	-6.25502890466437E-03	-1.55251075518E-05	0	0.79564896675	9278.65625	
17.405984	-6.25679583470734E-03	-1.45063419840281E-05	0	0.71461732177	9330.87890625	
17.41008	-6.25898691939297E-03	-1.35787659885281E-05	0	0.71595627796	9330.87890625	
17.414176	-6.26009535369625E-03	-1.36628163852469E-05	0	0.73754742336	9330.87890625	
17.418272	-6.26435911818234E-03	-1.23133215808969E-05	0	0.62377047942	9330.87890625	
17.422368	-6.26375731049578E-03	-1.32693720671531E-05	0	0.64357253521	9383.0390625	
17.426464	-6.26197666560125E-03	-1.44122197223812E-05	0	0.73208860197	9383.0390625	
17.43056	-6.26544807739641E-03	-1.27966751840812E-05	0	0.61002996604	9383.0390625	
17.434656	-6.26647230251109E-03	-1.27877977891125E-05	0	0.65742748929	9383.0390625	
17.438752	-6.26806624255969E-03	-1.26741390085406E-05	0	0.65199918542	9383.0390625	
17.442848	-6.27162926956328E-03	-1.158076149615E-05	0	0.53078741067	9434.49609375	
17.446944	-6.26867280472812E-03	-1.34300195026594E-05	0	0.61494328676	9434.49609375	
17.45104	-6.26803168113375E-03	-1.37117427786281E-05	0	0.62000919508	9434.49609375	
17.455136	-6.27172554782125E-03	-1.19418866157937E-05	0	0.5353154477	9434.49609375	
17.459232	-6.27291041956391E-03	-1.19919158926875E-05	0	0.59908562043	9434.49609375	
17.463328	-6.27697797024031E-03	-1.09549900065375E-05	0	0.55053987549	9485.59765625	
17.467424	-6.28045541657016E-03	-1.02649507927312E-05	0	0.45211324411	9485.59765625	
17.47152	-6.27775029924797E-03	-1.22952802527844E-05	0	0.58258708618	9485.59765625	
17.475616	-6.27932549566609E-03	-1.17628795832625E-05	0	0.51341149772	9485.59765625	
17.479712	-6.28188944144953E-03	-1.08342307522969E-05	0	0.48528578835	9537.4140625	
17.483808	-6.28241938331391E-03	-1.11961815922687E-05	0	0.52385230425	9537.4140625	
17.487904	-6.28678984934516E-03	-9.8575353347625E-06	0	0.43915092749	9537.4140625	
17.492	-6.28747230035891E-03	-1.02336962566781E-05	0	0.42480769309	9537.4140625	
17.496096	-6.28474350205969E-03	-1.19181236587875E-05	0	0.51235864328	9586.95703125	
17.500192	-6.28842502538078E-03	-1.02929880243094E-05	0	0.40205306724	9586.95703125	
17.504288	-6.29137883867797E-03	-9.49686958965937E-06	0	0.42888178201	9586.95703125	
17.508384	-6.29349357735656E-03	-9.47861023291875E-06	0	0.44880590788	9586.95703125	
17.51248	-6.29795172700547E-03	-8.3601695244375E-06	0	0.32998975845	9586.95703125	
17.516576	-6.29614794972797E-03	-9.8936977986E-06	0	0.38600466641	9637.45703125	
17.520672	-6.29438175114375E-03	-1.08887782939031E-05	0	0.43130411016	9637.45703125	
17.524768	-6.29743065407844E-03	-9.41751678439687E-06	0	0.32285247346	9637.45703125	
17.528864	-6.29786312906437E-03	-9.54837723045937E-06	0	0.37118078107	9637.45703125	
17.53296	-6.30025554777094E-03	-9.01732391535937E-06	0	0.35469369089	9637.45703125	
17.537056	-6.30377194427922E-03	-8.00320425640313E-06	0	0.24462081094	9637.45703125	
17.541152	-6.30083038291609E-03	-9.8324718982875E-06	0	0.34505015457	9689.89453125	
17.545248	-6.30126450368422E-03	-9.72062729859375E-06	0	0.31724487916	9689.89453125	
17.549344	-6.30431258372781E-03	-8.4212060018625E-06	0	0.25445508176	9689.89453125	
17.55344	-6.30413675933078E-03	-8.95398094985625E-06	0	0.31573807661	9689.89453125	
17.557536	-6.30653905273047E-03	-8.32143542855625E-06	0	0.23602631437	9741.734375	
17.561632	-6.30694373228391E-03	-8.41291250054063E-06	0	0.18789255595	9741.734375	
17.565728	-6.30280925313188E-03	-1.02990613355437E-05	0	0.30500735364	9741.734375	
17.569824	-6.30402521187141E-03	-9.384007923675E-06	0	0.21487385832	9741.734375	
17.57392	-0.00630535582677	-8.68088002103437E-06	0	0.21116216495	9741.734375	
17.578016	-6.30596997782297E-03	-8.72580233188125E-06	0	0.24133254816	9741.734375	
17.582112	-6.31046671192094E-03	-7.24901246251875E-06	0	0.13358281442	9793.11328125	
17.586208	-6.31013142951641E-03	-7.93201923143438E-06	0	0.15738266533	9793.11328125	
17.590304	-6.30759774783875E-03	-9.33733633573125E-06	0	0.23607209065	9793.11328125	
17.5944	-6.31076816435828E-03	-7.91672357365312E-06	0	0.12335563053	9793.11328125	
17.598496	-6.31249367554953E-03	-7.51841123158125E-06	0	0.1668926875	9793.11328125	
17.602592	-6.31545315765203E-03	-7.00365838095E-06	0	0.16428343954	9793.11328125	
17.606688	-6.32106874934047E-03	-5.50036228809375E-06	0	0.04476538715	9844.29296875	
17.610784	-6.32114884407359E-03	-6.515910791775E-06	0	0.13455556037	9844.29296875	
17.61488	-6.32371553282734E-03	-6.33886048805625E-06	0	0.15872162152	9895.93359375	
17.618976	-6.33091628705938E-03	-4.26567914777812E-06	0	0.06425845305	9895.93359375	
17.623072	-6.33577436177984E-03	-3.83373150280312E-06	0	0.12271476261	9895.93359375	
17.627168	-6.34303317555016E-03	-2.69409995012813E-06	0	0.0841139145	9895.93359375	
17.631264	-6.34924088309672E-03	-1.94680454357812E-06	0	0.00267791238	9895.93359375	
17.63536	-6.34842009494687E-03	-3.91851651417188E-06	0	0.11262872225	9895.93359375	
17.639456	-6.35139722349172E-03	-3.65784321715312E-06	0	0.07125459451	9895.93359375	
17.643552	-6.35558637918531E-03	-2.7199290108375E-06	0	0.03736107386	9945.171875	
17.647648	-6.35701071223625E-03	-3.16665885256875E-06	0	0.08686430599	9945.171875	
17.651744	-6.36169652842109E-03	-2.20652447616562E-06	0	-0.00115203638	9945.171875	
17.65584	-6.3631513084425E-03	-2.42424829690313E-06	0	-0.02189250591	9945.171875	
17.659936	-6.36138136113219E-03	-3.83209929289687E-06	0	0.09557705795	9996.11328125	
17.664032	-6.36552873224469E-03	-2.48943525094687E-06	0	-0.00812147501	9996.11328125	
17.668128	-6.36847385946922E-03	-1.90354665414375E-06	0	0.02851862244	9996.11328125	
17.672224	-6.37069904841906E-03	-1.9619797687875E-06	0	0.04918661286	9996.11328125	
17.67632	-6.37611988921531E-03	-6.91631760290625E-07	0	-0.05948246117	9996.11328125	
17.680416	-6.37564453246016E-03	-1.71509395798125E-06	0	-0.00153350538	10048.69140625	
17.684512	-6.3747697992275E-03	-2.63919591849375E-06	0	0.05488957441	10048.69140625	
17.688608	-6.37875890095297E-03	-1.30601912667188E-06	0	-0.04191962841	10048.69140625	
17.692704	-6.38009728760078E-03	-1.32892439222812E-06	0	0.03230279492	10048.69140625	
17.6968	-6.38328763637125E-03	-8.70176774053125E-07	0	0.01738735702	10100.3125	
17.700896	-6.38822672014828E-03	2.86314857915625E-07	0	-0.09045011459	10100.3125	
17.704992	-6.38672814403422E-03	-1.11048975489375E-06	0	0.02714151935	10100.3125	
17.709088	-6.38809679478781E-03	-1.11468902954062E-06	0	0.01851269057	10100.3125	
17.713184	-6.39172153862344E-03	-7.5914106778125E-08	0	-0.02620310561	10100.3125	
17.71728	-6.3924301392875E-03	-4.63177181053125E-07	0	0.03577416282	10151.609375	
17.721376	-6.39675031752969E-03	4.47295466165625E-07	0	-0.02042003557	10151.609375	
17.725472	-6.39902981729172E-03	6.85948112128125E-07	0	-0.07294831687	10151.609375	
17.729568	-6.39580234698969E-03	-1.09821813255E-06	0	0.05682743693	10151.609375	
17.733664	-6.39820299460719E-03	-3.688909772625E-07	0	-0.02104945942	10151.609375	
17.73776	-6.40126149793797E-03	5.37982154325E-07	0	-0.00765226814	10202.97265625	
17.741856	-6.40226752801625E-03	2.6982424940625E-07	0	0.04149238313	10202.97265625	
17.745952	-6.40646198678578E-03	1.20820432064062E-06	0	-0.05962741939	10202.97265625	
17.750048	-6.40530811060766E-03	3.70059966478125E-07	0	-0.0243758691	10202.97265625	
17.754144	-6.40206326816031E-03	-1.0365056942625E-06	0	0.06696688295	10254.4296875	
17.75824	-6.40381072311406E-03	-1.90055579175E-07	0	-0.03645699233	10254.4296875	
17.762336	-6.40302349063438E-03	-3.5184435969375E-07	0	0.02259440887	10254.4296875	
17.766432	-6.40313631814656E-03	-4.12657520034375E-07	0	0.108337196	10254.4296875	
17.770528	-6.40649234232391E-03	7.23824516559375E-07	0	0.05986011548	10254.4296875	
17.774624	-6.40377149863859E-03	-0.000000373153473	0	0.0329589216	10254.4296875	
17.77872	-0.00640341811263	-6.09356842565625E-07	0	0.0088882277	10254.4296875	
17.782816	-6.40651254887187E-03	5.827580710875E-07	0	0.01162336043	10254.4296875	
17.786912	-6.40276464566922E-03	-6.9766324464375E-07	0	-0.00160598449	10254.4296875	
17.791008	-6.39977407656984E-03	-1.54968715223437E-06	0	-0.00544737732	10254.4296875	
17.795104	-6.40284126597328E-03	-1.599690708E-07	0	-0.00676344537	10254.4296875	
17.7992	-6.40515294992031E-03	5.2634178135E-07	0	-0.01250836851	10254.4296875	
17.803296	-6.40691174248469E-03	6.725060582625E-07	0	-0.00989530586	10254.4296875	
17.807392	-6.40713456310641E-03	4.72512748640625E-07	0	-0.01648709018	10254.4296875	
17.811488	-6.40375732662531E-03	-7.4231127691875E-07	0	-0.01066968793	10254.4296875	
17.815584	-6.40379463102156E-03	-5.92038109884375E-07	0	-0.01026914548	10254.4296875	
17.81968	-6.40534651219203E-03	1.07176094746875E-07	0	-0.01097104844	10254.4296875	
17.823776	-6.40405119017813E-03	-3.190948732125E-07	0	-0.00884626611	10254.4296875	
17.827872	-6.40283129984781E-03	-6.3606234470625E-07	0	-0.00670241033	10254.4296875	
17.831968	-6.40169753878531E-03	-7.499155962375E-07	0	0.00305556669	10254.4296875	
17.836064	-6.40111118316484E-03	-7.58795635434375E-07	0	0.00591658419	10254.4296875	
17.84016	-6.40347461781844E-03	4.229611155E-08	0	0.00242614284	10254.4296875	
17.844256	-6.40480184972031E-03	3.611409850125E-07	0	0.00274276211	10254.4296875	
17.848352	-6.40359494278281E-03	-2.1921949231875E-07	0	-0.00294875537	10254.4296875	
17.852448	-0.00640334204092	-3.39706150678125E-07	0	-0.00592802826	10254.4296875	
17.856544	-6.40414838275953E-03	-8.2842946003125E-08	0	-0.01282498778	10254.4296875	
17.86064	-6.40578813041234E-03	2.93843696540625E-07	0	-0.01226041366	10254.4296875	
17.864736	-6.4068223216525E-03	4.32135385171875E-07	0	-0.01470944464	10254.4296875	
17.868832	-6.40551776497188E-03	-1.12817435259375E-07	0	-0.01171491299	10254.4296875	
17.872928	-6.40452352966594E-03	-4.1604189165E-07	0	-0.00542830387	10254.4296875	
17.877024	-6.40444178915062E-03	-3.00082392225E-07	0	-0.00699614146	10254.4296875	
17.88112	-6.40347306346859E-03	-4.6226155696875E-07	0	-0.00616835373	10254.4296875	
17.885216	-6.40278302357031E-03	-5.40803545734375E-07	0	-0.00585554915	10254.4296875	
17.889312	-6.40230602103297E-03	-5.1616823383125E-07	0	-0.00334166844	10254.4296875	
17.893408	-6.40239023022156E-03	-4.15069536853125E-07	0	0.00207900605	10254.4296875	
17.897504	-6.40411464422469E-03	8.0861697984375E-08	0	0.00345610914	10254.4296875	
17.9016	-0.006404825439265	1.96842832003125E-07	0	0.00252913947	10254.4296875	
17.905696	-6.4036741231925E-03	-2.46489416971875E-07	0	0.00058364757	10254.4296875	
17.909792	-6.40242223154187E-03	-5.5733550035625E-07	0	-0.00383376345	10254.4296875	
17.913888	-6.40152820608469E-03	-6.5456424928125E-07	0	-0.01102063941	10254.4296875	
17.917984	-6.40216027787703E-03	-3.79141688165625E-07	0	-0.01433941971	10254.4296875	
17.92208	-6.40368299212984E-03	6.81970471875E-08	0	-0.01494595542	10254.4296875	
17.926176	-6.40376244683656E-03	3.2469438684375E-08	0	-0.01466366836	10254.4296875	
17.930272	-6.40375659516656E-03	0	0	-0.00884245142	10254.4296875	
17.934368	-6.40450899192328E-03	0	0	-0.0063323854	10254.4296875	
17.938464	-6.40472669233375E-03	0	0	-0.00147628503	10254.4296875	
17.94256	-6.40462547672922E-03	0	0	-0.0013732884	10254.4296875	
17.946656	-6.40373803440078E-03	0	0	0.00074004986	10254.4296875	
17.950752	-6.40208969210766E-03	0	0	0.00275420618	10254.4296875	
17.954848	-0.006401168145515	0	0	-0.00102233692	10295.24609375	
17.958944	-6.40052693048828E-03	0	0	-0.00180816306	10295.265625	
17.96304	-6.39930795448141E-03	0	0	-0.00023651078	10295.265625	
17.967136	-6.39803704490328E-03	0	0	0.0295257006	10295.265625	
17.971232	-6.39696317202594E-03	0	0	0.04073707451	10295.265625	
17.975328	-6.39630650493312E-03	0	0	0.02682871477	10295.265625	
17.979424	-6.39601373856844E-03	0	0	0.04964056097	10291.765625	
17.98352	-6.39466886022422E-03	0	0	0.01805874246	10291.765625	
17.987616	-6.39192616420875E-03	0	0	0.0223922303	10291.765625	
17.991712	-6.38920815492609E-03	0	0	0.06613909522	10291.765625	
17.995808	-6.38756081838875E-03	0	0	-0.03114694385	10253.46484375	
17.999904	-6.38623102638125E-03	0	0	-0.03845970458	10253.46484375	
18.004	-6.38459950763938E-03	0	0	0.04480734874	10253.46484375	
18.008096	-6.38162640211766E-03	0	0	-0.05982959796	10253.46484375	
18.012192	-6.37743422915672E-03	0	0	0.04887762297	10253.46484375	
18.016288	-6.37629105056281E-03	0	0	0.03327935556	10200.1640625	
18.020384	-6.37676896742359E-03	0	0	-0.10989358952	10200.1640625	
18.02448	-6.37267398704406E-03	0	0	0.05555714516	10200.1640625	
18.028576	-6.36771469671906E-03	0	0	-0.03660195055	10200.1640625	
18.032672	-6.36073941464672E-03	0	0	-0.00490950603	10200.1640625	
18.036768	-6.35292030347391E-03	0	0	0.08845503172	10200.1640625	
18.040864	-6.34761923904797E-03	0	0	-0.02087398368	10146.78515625	
18.04496	-6.33896818497938E-03	0	0	-0.01453778359	10146.78515625	
18.049056	-6.32511005893422E-03	0	0	0.06850038833	10146.78515625	
18.053152	-6.31140873935859E-03	0	0	-0.01087949588	10146.78515625	
18.057248	-6.29521040247516E-03	0	0	0.10473612864	10093.14453125	
18.061344	-6.27942204822109E-03	0	0	0.09473401146	10093.14453125	
18.06544	-6.26450906722609E-03	0	0	-0.02829355573	10093.14453125	
18.069536	-6.24288321498531E-03	0	0	0.1281354371	10093.14453125	
18.073632	-6.21994613150281E-03	0	0	0.0611876276	10093.14453125	
18.077728	-6.19809398421125E-03	0	0	0.06498324415	10040.9609375	
18.081824	-6.17577443477844E-03	0	0	0.1730343384	10040.9609375	
18.08592	-6.15497503949281E-03	0	0	0.10234050332	10040.9609375	
18.090016	-6.13459358145047E-03	0	0	0.08232863958	10040.9609375	
18.094112	-6.11150261733344E-03	0	0	0.19845924725	10040.9609375	
18.098208	-6.09152199868609E-03	0	0	0.11256768721	10040.9609375	
18.102304	-6.07222145381156E-03	0	0	0.21159703961	9988.4609375	
18.1064	-6.05398408423016E-03	0	0	0.25495099146	9988.4609375	
18.110496	-6.03825525243188E-03	0	0	0.13990757044	9988.4609375	
18.114592	-6.02152185347281E-03	0	0	0.27019067801	9988.4609375	
18.118688	-6.00490256207875E-03	0	0	0.24727202049	9988.4609375	
18.122784	-5.99084282771562E-03	0	0	0.20276221757	9935.32421875	
18.12688	-5.97926054413875E-03	0	0	0.33964855353	9935.32421875	
18.130976	-5.96906218051687E-03	0	0	0.30472888127	9935.32421875	
18.135072	-5.96229051827406E-03	0	0	0.22124820531	9935.32421875	
18.139168	-5.95314472379344E-03	0	0	0.37606358427	9883.94140625	
18.143264	-5.94575333312469E-03	0	0	0.30441989138	9883.94140625	
18.14736	-5.93838370335375E-03	-5.4489320510625E-07	0	0.3451150043	9883.94140625	
18.151456	-5.93235712328016E-03	-6.27391920684375E-07	0	0.43898689582	9883.94140625	
18.155552	-5.92934442755359E-03	-5.6893741183125E-07	0	0.34214336079	9883.94140625	
18.159648	-5.92746704723938E-03	-4.95924263690625E-07	0	0.40036697426	9833.30078125	
18.163744	-5.92413598409188E-03	-4.31585385721875E-07	0	0.46873766313	9833.30078125	
18.16784	-5.92144567880938E-03	-3.78176304515625E-07	0	0.3894417021	9833.30078125	
18.171936	-5.92003826074203E-03	-3.23671551328125E-07	0	0.51079843507	9833.30078125	
18.176032	-5.91817496100875E-03	-2.7399251446875E-07	0	0.51935478474	9782.359375	
18.180128	-5.91931621952344E-03	-2.1917622313125E-07	0	0.41022794791	9782.359375	
18.184224	-0.005916936601345	-1.67757284165625E-07	0	0.5419148614	9782.359375	
18.18832	-5.91267539696453E-03	-1.503767727E-07	0	0.52820105085	9782.359375	
18.192416	-5.90759962183359E-03	-1.4758014088125E-07	0	0.49626828086	9782.359375	
18.196512	-5.90063019143125E-03	-1.66005603225E-07	0	0.61967350236	9729.19921875	
18.200608	-5.89455798661812E-03	-1.91830817784375E-07	0	0.57833370683	9729.19921875	
18.204704	-5.88841821330297E-03	-2.1252526824375E-07	0	0.52552313847	9729.19921875	
18.2088	-5.87740153020453E-03	-2.55146619853125E-07	0	0.66731135108	9729.19921875	
18.212896	-5.86421826628859E-03	-3.302314005375E-07	0	0.60102729764	9729.19921875	
18.216992	-5.85059429847578E-03	-4.1688467926875E-07	0	0.64654799341	9729.19921875	
18.221088	-5.83433269041047E-03	-5.15642513203125E-07	0	0.72994856088	9729.19921875	
18.225184	-5.81799199336781E-03	-6.24733269496875E-07	0	0.65394849201	9677.421875	
18.22928	-5.79860778789875E-03	-7.35475466446875E-07	0	0.66572062535	9677.421875	
18.233376	-5.77441076671938E-03	-8.8505728801875E-07	0	0.76021431134	9677.421875	
18.237472	-5.74983384415172E-03	-1.04909270090625E-06	0	0.68387092037	9626.12109375	
18.241568	-5.72221359602234E-03	-1.22693987882812E-06	0	0.7804474271	9626.12109375	
18.245664	-5.69449076080328E-03	-1.40905315825312E-06	0	0.80481948151	9626.12109375	
18.24976	-5.66632054712625E-03	-1.58571932774062E-06	0	0.69755039871	9626.12109375	
18.253856	-0.00563477785145	-1.768561692975E-06	0	0.81306684129	9626.12109375	
18.257952	-5.59977599591266E-03	-1.9767624463125E-06	0	0.8159240441	9573.6796875	
18.262048	-5.56428022285438E-03	-2.1975026101875E-06	0	0.78648608137	9573.6796875	
18.266144	-5.52721720799187E-03	-2.41884421576875E-06	0	0.91030328939	9573.6796875	
18.27024	-5.48911149868125E-03	-2.64644591124375E-06	0	0.87808441765	9573.6796875	
18.274336	-0.00545166154214	-2.86221660893437E-06	0	0.80134048423	9522.37890625	
18.278432	-5.41007692358203E-03	-3.08935772794687E-06	0	0.93554509312	9522.37890625	
18.282528	-5.36951003844234E-03	-3.32407311823125E-06	0	0.88123535159	9522.37890625	
18.286624	-5.32761701858891E-03	-3.5515502946E-06	0	0.91261499153	9522.37890625	
18.29072	-5.28656087897781E-03	-3.77746593406875E-06	0	0.9898739081	9522.37890625	
18.294816	-5.24783864137328E-03	-3.97746789752812E-06	0	0.9234601552	9522.37890625	
18.298912	-5.20933254982938E-03	-4.15250858787188E-06	0	0.91346948209	9472.21875	
18.303008	-5.16896105560828E-03	-4.33720936470938E-06	0	1.00917242481	9472.21875	
18.307104	-5.12998015590328E-03	-4.51950774010312E-06	0	0.93737995901	9472.21875	
18.3112	-5.09176966512672E-03	-4.69047103067812E-06	0	1.03350633232	9472.21875	
18.315296	-5.05529492596391E-03	-4.8467105379E-06	0	1.06504618924	9472.21875	
18.319392	-5.02320244760469E-03	-4.96536811155E-06	0	0.97336774447	9421.7578125	
18.323488	-4.99004752541109E-03	-5.06071176620625E-06	0	1.03902237406	9421.7578125	
18.327584	-4.95788601563234E-03	-5.169350599875E-06	0	1.08048042498	9421.7578125	
18.33168	-4.92861724234516E-03	-5.25179811358125E-06	0	1.03224748462	9421.7578125	
18.335776	-4.89962322325094E-03	-5.32322039792812E-06	0	1.13726590032	9421.7578125	
18.339872	-4.87486078445781E-03	-5.37290736747187E-06	0	1.13694928105	9421.7578125	
18.343968	-4.85367901911063E-03	-5.371750397475E-06	0	1.03150743476	9369.1171875	
18.348064	-4.82932747727031E-03	-5.38721937239062E-06	0	1.17255559751	9369.1171875	
18.35216	-4.80768663012516E-03	-5.42222366430937E-06	0	1.11838699951	9369.1171875	
18.356256	-4.78822425000219E-03	-5.43411740241562E-06	0	1.12336516996	9369.1171875	
18.360352	-4.76939467313031E-03	-5.4463637844E-06	0	1.21624142739	9317.41796875	
18.364448	-4.75616231004578E-03	-5.42744240909062E-06	0	1.17543568846	9317.41796875	
18.368544	-4.74411619018906E-03	-5.36190617655E-06	0	1.13240217057	9317.41796875	
18.37264	-4.72942694413922E-03	-5.34261893622187E-06	0	1.2506461165	9317.41796875	
18.376736	-4.71890408712938E-03	-5.32043578532812E-06	0	1.17872395124	9317.41796875	
18.380832	-4.70773443771984E-03	-5.2914975931125E-06	0	1.23357156406	9266.35546875	
18.384928	-4.69749044935844E-03	-5.28622163685E-06	0	1.30016842208	9266.35546875	
18.389024	-4.69253307911266E-03	-5.23709933020312E-06	0	1.19439469776	9266.35546875	
18.39312	-0.004684452014275	-5.18591236215937E-06	0	1.2654852606	9266.35546875	
18.397216	-4.67540642964312E-03	-5.20230681691875E-06	0	1.3047384207	9266.35546875	
18.401312	-4.66942977162922E-03	-5.20158277918125E-06	0	1.23472741513	9214.078125	
18.405408	-4.66170264139422E-03	-5.21030512622812E-06	0	1.34032566371	9214.078125	
18.409504	-4.65555171333313E-03	-5.2404745672125E-06	0	1.34546023645	9214.078125	
18.4136	-4.65251149647109E-03	-5.22262482544687E-06	0	1.23511269882	9214.078125	
18.417696	-4.64439010996984E-03	-5.24800364622187E-06	0	1.35796860496	9214.078125	
18.421792	-4.63762877958188E-03	-5.32199852415E-06	0	1.34669619601	9214.078125	
18.425888	-4.63107381199375E-03	-5.37574149925312E-06	0	1.3151906713	9163.05859375	
18.429984	-4.62114892251203E-03	-5.48156254727812E-06	0	1.41829411262	9163.05859375	
18.43408	-4.61492932876078E-03	-5.58571965465937E-06	0	1.38693736082	9163.05859375	
18.438176	-4.60896702562484E-03	-5.6348645574375E-06	0	1.31995521911	9163.05859375	
18.442272	-4.59774699699391E-03	-5.76529808085E-06	0	1.45436582126	9112.9765625	
18.446368	-4.58907491348625E-03	-5.90961380191875E-06	0	1.38210414859	9112.9765625	
18.450464	-4.57902430453187E-03	-6.03741199142812E-06	0	1.40831488358	9112.9765625	
18.45456	-4.56730404954828E-03	-6.20312672955937E-06	0	1.49599553323	9112.9765625	
18.458656	-4.56018686447844E-03	-6.32001795882187E-06	0	1.41220205269	9062.578125	
18.462752	-4.54953115627312E-03	-6.42372506665312E-06	0	1.40887564301	9062.578125	
18.466848	-4.53597375120656E-03	-6.62180058973125E-06	0	1.50662707426	9062.578125	
18.470944	-4.52487423040469E-03	-6.79848166305E-06	0	1.42886080392	9062.578125	
18.47504	-4.51069462823891E-03	-6.99012065410312E-06	0	1.50908373462	9009.875	
18.479136	-4.49736333535844E-03	-7.21370744974687E-06	0	1.54318324853	9009.875	
18.483232	-4.48907545055922E-03	-7.33470684797812E-06	0	1.42914690567	9009.875	
18.487328	-4.4754259731225E-03	-7.4787050212875E-06	0	1.52662367924	9009.875	
18.491424	-4.46223960050687E-03	-7.69435312294687E-06	0	1.54377071079	9009.875	
18.49552	-4.45147764791813E-03	-7.8457027312125E-06	0	1.49112798879	8958.5546875	
18.499616	-4.43788760150484E-03	-8.02614125269687E-06	0	1.60772017395	8958.5546875	
18.503712	-4.42799517050516E-03	-8.19549805449375E-06	0	1.58894426977	8958.5546875	
18.507808	-4.41980758698703E-03	-8.27126744987812E-06	0	1.47928337634	8958.5546875	
18.511904	-4.40684513218125E-03	-8.43414853699687E-06	0	1.60988691787	8958.5546875	
18.516	-4.39718996811359E-03	-8.60503875072187E-06	0	1.56686484405	8907.296875	
18.520096	-4.38820811182531E-03	-8.71843959885937E-06	0	1.56559455228	8907.296875	
18.524192	-4.37743180435859E-03	-8.87969640875625E-06	0	1.65806263788	8907.296875	
18.528288	-4.37345212016453E-03	-8.95996676117812E-06	0	1.60073547656	8907.296875	
18.532384	-4.36853589447344E-03	-8.95755017705625E-06	0	1.55387963929	8907.296875	
18.53648	-4.35981032304469E-03	-9.09266807078437E-06	0	1.67926849959	8907.296875	
18.540576	-4.35587086908187E-03	-9.17099780014687E-06	0	1.59461289911	8855.09765625	
18.544672	-4.35025372304359E-03	-9.23054509636875E-06	0	1.66646639995	8855.09765625	
18.548768	-4.34493245206969E-03	-9.34699473953437E-06	0	1.71728570013	8855.09765625	
18.552864	-4.34538796800625E-03	-9.3459723847875E-06	0	1.62397075335	8855.09765625	
18.55696	-4.34178516793312E-03	-9.36648510465937E-06	0	1.64872427676	8855.09765625	
18.561056	-4.33824746768875E-03	-9.4863982059E-06	0	1.7178312008	8804.4375	
18.565152	-4.33796658752875E-03	-9.5302183543875E-06	0	1.64217826872	8804.4375	
18.569248	-4.3352960316325E-03	-9.60015939021562E-06	0	1.73768284756	8804.4375	
18.573344	-4.33515879168453E-03	-9.69501073767187E-06	0	1.75320100648	8804.4375	
18.57744	-4.33958338566328E-03	-9.63392762567812E-06	0	1.63541100866	8754.43359375	
18.581536	-4.33784562253797E-03	-9.687638389275E-06	0	1.76425216341	8754.43359375	
18.585632	-4.33874760260906E-03	-9.80114356423125E-06	0	1.72842459493	8754.43359375	
18.589728	-4.34035653756203E-03	-9.83993559274687E-06	0	1.70493373391	8754.43359375	
18.593824	-4.33899611571937E-03	-9.97085397144375E-06	0	1.81245458625	8754.43359375	
18.59792	-4.34246853327031E-03	-1.00519288903687E-05	0	1.78382152311	8754.43359375	
18.602016	-4.34626105545672E-03	-1.0027334203425E-05	0	1.69492017266	8703.67578125	
18.606112	-0.004346014828155	-1.015147831005E-05	0	1.83113893787	8703.67578125	
18.610208	-4.34940523089359E-03	-1.022823977175E-05	0	1.76465652055	8703.67578125	
18.614304	-4.35173200117734E-03	-1.02688969426312E-05	0	1.78457301704	8703.67578125	
18.6184	-4.35234999238875E-03	-1.04082124283156E-05	0	1.86631037967	8651.07421875	
18.622496	-4.35930022199891E-03	-1.04130186735094E-05	0	1.77060743695	8651.07421875	
18.626592	-0.00436272427184	-1.03943463364125E-05	0	1.79265253046	8651.07421875	
18.630688	-4.36326463699156E-03	-1.05764694715969E-05	0	1.86797358451	8651.07421875	
18.634784	-4.36763684023734E-03	-1.06617424632469E-05	0	1.78627055409	8651.07421875	
18.63888	-4.36929085133578E-03	-1.07687627889187E-05	0	1.86781718222	8651.07421875	
18.642976	-4.3723722127525E-03	-1.09166342756625E-05	0	1.90785616846	8599.953125	
18.647072	-4.38027882467828E-03	-1.087103912895E-05	0	1.7854656545	8599.953125	
18.651168	-4.38292999691766E-03	-1.0923160230675E-05	0	1.87759804738	8599.953125	
18.655264	-4.38633950901609E-03	-1.10786014213875E-05	0	1.90381641175	8548.57421875	
18.65936	-4.39188853795828E-03	-1.11215886380156E-05	0	1.84122116354	8548.57421875	
18.663456	-4.39385652772516E-03	-1.12544005244344E-05	0	1.94305431309	8548.57421875	
18.667552	-4.39955962016656E-03	-1.13702864662406E-05	0	1.92976011844	8548.57421875	
18.671648	-4.40744245968297E-03	-1.12938012061875E-05	0	1.82965502346	8548.57421875	
18.675744	-4.40908659608828E-03	-1.14216888186844E-05	0	1.96855933043	8496.25390625	
18.67984	-4.41437723722703E-03	-1.15486050379219E-05	0	1.91271989821	8496.25390625	
18.683936	-0.004419833645205	-1.15712023710937E-05	0	1.90144748926	8496.25390625	
18.688032	-4.42310792886703E-03	-1.17088404546094E-05	0	2.00666426884	8496.25390625	
18.692128	-4.43200009002609E-03	-1.17073957445156E-05	0	1.93997204357	8496.25390625	
18.696224	-4.43923375990187E-03	-1.16361417292312E-05	0	1.89530965305	8496.25390625	
18.70032	-4.44303771113125E-03	-1.17847069652812E-05	0	2.02023693586	8445.953125	
18.704416	-4.45026498074297E-03	-1.1846247769125E-05	0	1.94117748561	8445.953125	
18.708512	-4.45534633324688E-03	-1.19113933770562E-05	0	2.00162887804	8445.953125	
18.712608	-4.45994647732562E-03	-1.20784816715062E-05	0	2.05298604951	8445.953125	
18.716704	-4.47050755305516E-03	-1.20145125047062E-05	0	1.94732676589	8395.734375	
18.7208	-4.47692564642469E-03	-1.19883812808375E-05	0	2.00031280999	8395.734375	
18.724896	-4.48241881020484E-03	-1.21462842479344E-05	0	2.05118170114	8395.734375	
18.728992	-4.49082985437109E-03	-1.21508318395406E-05	0	1.97288518889	8395.734375	
18.733088	-4.49637403739906E-03	-1.22138014881094E-05	0	2.08646758364	8395.734375	
18.737184	-4.50407190928406E-03	-1.22897004506719E-05	0	2.08607085588	8344.7734375	
18.74128	-4.51487957804469E-03	-1.21596159653719E-05	0	1.96967321991	8344.7734375	
18.745376	-4.52012843460234E-03	-1.22353642069312E-05	0	2.08006653382	8344.7734375	
18.749472	-4.52710417383641E-03	-1.23727479637781E-05	0	2.07841095836	8344.7734375	
18.753568	-0.004534532228875	-1.24001897632594E-05	0	2.03998940068	8344.7734375	
18.757664	-4.53913630454453E-03	-1.25649117139219E-05	0	2.13986561426	8292.015625	
18.76176	-4.54871832273719E-03	-1.25948859627937E-05	0	2.10538463135	8292.015625	
18.765856	-4.55914206708641E-03	-1.24363132848281E-05	0	2.02182003221	8292.015625	
18.769952	-4.56441981626469E-03	-1.25661157992562E-05	0	2.16002625091	8292.015625	
18.774048	-4.57308723672281E-03	-1.26319224642187E-05	0	2.08244690038	8292.01171875	
18.778144	-4.58070675108922E-03	-1.2644973893475E-05	0	2.12670493376	8241.01171875	
18.78224	-4.58727973084906E-03	-1.27669920406875E-05	0	2.19662438677	8241.01171875	
18.786336	-4.59863782231906E-03	-1.26686012736937E-05	0	2.12025429297	8241.01171875	
18.790432	-4.60690038035906E-03	-1.25860241928094E-05	0	2.09877377358	8241.01171875	
18.794528	-4.61267067557313E-03	-1.27670725694531E-05	0	2.20247612123	8241.01171875	
18.798624	-4.62171406582875E-03	-1.27805444309812E-05	0	2.11676766631	8189.57421875	
18.80272	-4.62833020165484E-03	-1.28404361980125E-05	0	2.19521676616	8189.57421875	
18.806816	-4.63637396209625E-03	-1.2929508224325E-05	0	2.23532823151	8189.57421875	
18.810912	-4.64891747390297E-03	-1.27346742845437E-05	0	2.12124611237	8189.57421875	
18.815008	-4.65644400157578E-03	-1.27130194985062E-05	0	2.22526507929	8189.57421875	
18.819104	-4.6641481822925E-03	-1.28481571037531E-05	0	2.21979862852	8137.29296875	
18.8232	-4.67330549724844E-03	-1.28303624100094E-05	0	2.17115370164	8137.29296875	
18.827296	-4.67953597144859E-03	-1.29467459474719E-05	0	2.28544562873	8137.29296875	
18.831392	-4.68836102126734E-03	-1.30202167874625E-05	0	2.27140756953	8137.29296875	
18.835488	-4.69926579117703E-03	-1.28628688678875E-05	0	2.15691346387	8087.3515625	
18.839584	-4.70542851401047E-03	-1.2950888972175E-05	0	2.29518071761	8087.3515625	
18.84368	-4.71416880604656E-03	-1.3000446614925E-05	0	2.24485351244	8087.3515625	
18.847776	-4.7221382319925E-03	-1.29770110614375E-05	0	2.23885681976	8087.3515625	
18.851872	-4.72821692850203E-03	-1.31209510617281E-05	0	2.33751614723	8087.3515625	
18.855968	-4.73912974445797E-03	-1.30404059499656E-05	0	2.28436607146	8037.07421875	
18.860064	-4.74849013064938E-03	-1.28901796578844E-05	0	2.2439532456	8037.07421875	
18.86416	-4.75358382651969E-03	-1.30934852238094E-05	0	2.35105829673	8037.07421875	
18.868256	-4.76100557272656E-03	-1.31896774353094E-05	0	2.26584193682	8037.07421875	
18.872352	-4.76678656552484E-03	-1.32860951273531E-05	0	2.33052000577	8037.07421875	
18.876448	-4.77246222826313E-03	-1.34502348670594E-05	0	2.3889877594	7985.83203125	
18.880544	-4.78274882409672E-03	-1.33209032656219E-05	0	2.28283638077	7985.83203125	
18.88464	-4.78942859683406E-03	-1.32714862477312E-05	0	2.32588134273	7985.83203125	
18.888736	-4.79496263087187E-03	-1.34599764438562E-05	0	2.39402696489	7985.83203125	
18.892832	-4.8027332829025E-03	-1.34166582179437E-05	0	2.31554734752	7985.83203125	
18.896928	-4.80757270542484E-03	-1.35272001747094E-05	0	2.40723342167	7933.25390625	
18.901024	-4.81491216252234E-03	-1.35740994066562E-05	0	2.42209163922	7933.25390625	
18.90512	-4.82473684215531E-03	-1.3369384707525E-05	0	2.30151310301	7933.25390625	
18.909216	-4.82977311851375E-03	-1.34380452157875E-05	0	2.43687737766	7933.25390625	
18.913312	-4.83555548279719E-03	-1.35977876041219E-05	0	2.40079422495	7933.25390625	
18.917408	-4.84246081912656E-03	-1.35974260660219E-05	0	2.37100149605	7882.29296875	
18.921504	-4.84827372181281E-03	-1.36590514851656E-05	0	2.49023344669	7882.29296875	
18.9256	-4.85723354290625E-03	-1.35836352144281E-05	0	2.44591056358	7882.29296875	
18.929696	-4.86701570649938E-03	-1.33316950817531E-05	0	2.36216285932	7882.29296875	
18.933792	-4.87224755664109E-03	-1.34610543273937E-05	0	2.50603389267	7830.671875	
18.937888	-4.88047674187563E-03	-1.34584466376937E-05	0	2.43949044031	7830.671875	
18.941984	-0.004886340480945	-1.34940187175062E-05	0	2.4577666201	7830.671875	
18.94608	-4.8920268412675E-03	-1.36212274845281E-05	0	2.54037373205	7830.671875	
18.950176	-4.90164735247688E-03	-1.34613516828656E-05	0	2.45434102848	7830.671875	
18.954272	-4.90938271162281E-03	-1.33178845186406E-05	0	2.45817860662	7830.671875	
18.958368	-4.91477420263672E-03	-1.34656636977844E-05	0	2.55103960529	7778.65234375	
18.962464	-4.92215827871797E-03	-1.34625526432031E-05	0	2.4656248815	7778.65234375	
18.96656	-4.92864339199547E-03	-1.34675067247875E-05	0	2.56531798996	7778.65234375	
18.970656	-4.93564756668844E-03	-1.34954776102781E-05	0	2.58982737321	7778.65234375	
18.974752	-4.94602440624531E-03	-1.32518699211937E-05	0	2.47693925204	7778.65234375	
18.978848	-0.004951896739955	-1.32472742527125E-05	0	2.55051317807	7778.65234375	
18.982944	-4.9578054637375E-03	-1.34134416346219E-05	0	2.59603005915	7729.01171875	
18.98704	-4.96391424148813E-03	-1.34290070036719E-05	0	2.53240102995	7729.01171875	
18.991136	-4.96815258778266E-03	-1.36141649915906E-05	0	2.63321947196	7729.01171875	
18.995232	-4.97547275265563E-03	-1.35702006124781E-05	0	2.62941622603	7729.01171875	
18.999328	-4.98416504271125E-03	-1.33227422060906E-05	0	2.51293466688	7678.390625	
19.003424	-4.98887536276422E-03	-1.34002435708969E-05	0	2.6588007831	7678.390625	
19.00752	-4.99443728366687E-03	-1.34947720821375E-05	0	2.59865075118	7678.390625	
19.011616	-5.00008249943469E-03	-1.35147857640469E-05	0	2.61122778411	7678.390625	
19.015712	-5.00488489185781E-03	-1.35927426572437E-05	0	2.70780810553	7678.390625	
19.019808	-5.01227737971469E-03	-1.35189251829844E-05	0	2.65055723801	7627.05078125	
19.023904	-5.01902042363391E-03	-1.33606551489469E-05	0	2.58738597161	7627.05078125	
19.028	-5.02226800905156E-03	-1.35916676583187E-05	0	2.7222390778	7627.05078125	
19.032096	-5.02818953336219E-03	-1.36004342360906E-05	0	2.63960907771	7627.05078125	
19.036192	-5.03231742938547E-03	-0.000013668370947	0	2.69954548699	7627.05078125	
19.040288	-5.03806870667203E-03	-1.36891223685562E-05	0	2.76167152833	7627.05078125	
19.044384	-0.00504710048502	-1.338675969015E-05	0	2.65854901356	7574.51171875	
19.04848	-0.005053756759645	-1.32104545779937E-05	0	2.69939289939	7574.51171875	
19.052576	-5.05897160337078E-03	-1.32999338154375E-05	0	2.75711678847	7574.51171875	
19.056672	-5.06512664588734E-03	-1.32797345567906E-05	0	2.69028723436	7523.61328125	
19.060768	-5.06987107020453E-03	-1.33359244044469E-05	0	2.79523317095	7523.61328125	
19.064864	-5.07540592713344E-03	-1.33871515166812E-05	0	2.80761565469	7523.61328125	
19.06896	-5.08350610133094E-03	-1.31583094378312E-05	0	2.69230520537	7523.61328125	
19.073056	-5.08772433250984E-03	-1.321112909655E-05	0	2.81053389254	7523.61328125	
19.077152	-5.09335053035016E-03	-1.32827052268969E-05	0	2.7962059169	7471.7734375	
19.081248	-5.09826940757922E-03	-1.32663434644125E-05	0	2.76093147847	7471.7734375	
19.085344	-5.10265532567656E-03	-1.33822056081656E-05	0	2.86454227356	7471.7734375	
19.08944	-5.1101975797125E-03	-1.32085745317969E-05	0	2.84122307359	7471.7734375	
19.093536	-5.11806652151266E-03	-1.29152767481719E-05	0	2.76040505125	7471.7734375	
19.097632	-5.12216488488891E-03	-1.30026184877531E-05	0	2.89338514465	7471.7734375	
19.101728	-5.12676832053203E-03	-1.31084568434531E-05	0	2.82493816198	7419.91015625	
19.105824	-5.13121476684094E-03	-1.31558010268781E-05	0	2.85521535651	7419.91015625	
19.10992	-5.13559007878641E-03	-1.32119555380312E-05	0	2.93440069153	7419.91015625	
19.114016	-5.14267050805406E-03	-1.30469220492187E-05	0	2.8500311928	7419.91015625	
19.118112	-5.14807571391953E-03	-0.000012902064021	0	2.84896689429	7419.91015625	
19.122208	-5.15159302475125E-03	-1.30927866668156E-05	0	2.9484501948	7370.4921875	
19.126304	-5.1568880546425E-03	-1.30347665325281E-05	0	2.86943270614	7370.4921875	
19.1304	-5.16017550456203E-03	-1.31463217094344E-05	0	2.9373494469	7370.4921875	
19.134496	-5.16542061239359E-03	-1.31168993830875E-05	0	2.98482326395	7370.4921875	
19.138592	-5.17220726954078E-03	-1.28866936036781E-05	0	2.87365938266	7319.59375	
19.142688	-5.17574524408219E-03	-1.29221817893437E-05	0	2.97447400998	7319.59375	
19.146784	-5.17845868174766E-03	-1.31238116357906E-05	0	2.98089413325	7319.59375	
19.15088	-5.18203478357641E-03	-1.31634873172687E-05	0	2.92680564374	7319.59375	
19.154976	-5.18542363196516E-03	-1.31902283962969E-05	0	3.0389727885	7319.59375	
19.159072	-5.19002651901422E-03	-1.31419270022906E-05	0	3.02656741662	7267.97265625	
19.163168	-5.19652278703766E-03	-1.28571804120375E-05	0	2.92358604538	7267.97265625	
19.167264	-5.19942356957547E-03	-1.29384906672656E-05	0	3.05916012798	7267.97265625	
19.17136	-5.20426646652688E-03	-1.29244002967406E-05	0	3.02593036339	7267.97265625	
19.175456	-5.20708614857578E-03	-1.29760141874344E-05	0	3.00834845718	7215.8125	
19.179552	-5.20985462851219E-03	-1.31315859068625E-05	0	3.10997561347	7215.8125	
19.183648	-5.21521905555234E-03	-1.29814959127219E-05	0	3.05255689959	7215.8125	
19.187744	-5.22008791928937E-03	-1.28095201231594E-05	0	3.01756474822	7215.8125	
19.19184	-5.22254260342203E-03	-1.29545644492687E-05	0	3.13366483837	7215.8125	
19.195936	-5.22545490643516E-03	-1.3050804256875E-05	0	3.05469312599	7215.8125	
19.200032	-5.22862056847281E-03	-1.3077123461325E-05	0	3.12581420635	7164.7734375	
19.204128	-5.23186522805547E-03	-1.30922583019594E-05	0	3.17776646946	7164.7734375	
19.208224	-5.23819252910766E-03	-1.28265592888125E-05	0	3.08593925178	7164.7734375	
19.21232	-5.24215996136766E-03	-1.26611159446406E-05	0	3.11457612961	7164.7734375	
19.216416	-5.24464829260281E-03	-1.28625174259312E-05	0	3.19415056301	7164.7734375	
19.220512	-5.24765970827656E-03	-1.28626957911375E-05	0	3.1172883742	7112.8515625	
19.224608	-5.24850801756187E-03	-1.31311722053531E-05	0	3.20833358043	7112.8515625	
19.228704	-5.25268016683953E-03	-1.30494299794031E-05	0	3.23167948323	7112.8515625	
19.2328	-5.25811399102859E-03	-1.27505103264E-05	0	3.11241320038	7112.8515625	
19.236896	-5.26091858674078E-03	-1.27605867586312E-05	0	3.23240045964	7061.01171875	
19.240992	-5.26341450686047E-03	-1.28748727020375E-05	0	3.21282728525	7061.01171875	
19.245088	-5.26640635601266E-03	-1.29051185852531E-05	0	3.19268572205	7061.01171875	
19.249184	-5.26962550597141E-03	-1.28741683758187E-05	0	3.30653133041	7061.01171875	
19.25328	-5.27388479027266E-03	-1.2783177601425E-05	0	3.27332445396	7061.01171875	
19.257376	-5.27885395529078E-03	-1.25359343390531E-05	0	3.18729937977	7011.671875	
19.261472	-5.27984325325016E-03	-1.27646139180656E-05	0	3.32518134982	7011.671875	
19.265568	-5.28297298237672E-03	-1.278963721035E-05	0	3.26357792101	7011.671875	
19.269664	-5.28400561926703E-03	-1.29243947679E-05	0	3.29136793766	7011.671875	
19.27376	-5.28641092993406E-03	-1.29995338754531E-05	0	3.37250639396	7011.671875	
19.277856	-5.29110945521469E-03	-1.27559495036531E-05	0	3.29708234328	6960.57421875	
19.281952	-5.29504561761312E-03	-1.25724263698687E-05	0	3.28782027596	6960.57421875	
19.286048	-5.29755305820812E-03	-1.26466342283531E-05	0	3.38346599833	6960.57421875	
19.290144	-5.30037063731312E-03	-1.26646342103531E-05	0	3.31071223065	6960.57421875	
19.29424	-5.3028433336175E-03	-1.26993473967937E-05	0	3.40106697799	6960.57421875	
19.298336	-5.30534739121578E-03	-1.27383382231875E-05	0	3.43884766775	6960.57421875	
19.302432	-5.31028866936906E-03	-1.25246583887906E-05	0	3.339379626	6908.8515625	
19.306528	-5.31251138964562E-03	-1.2502893266325E-05	0	3.41605870969	6908.8515625	
19.310624	-5.31477818031187E-03	-1.26621594532125E-05	0	3.44022095615	6908.8515625	
19.31472	-5.31711564817984E-03	-1.26321152524875E-05	0	3.38689158995	6908.8515625	
19.318816	-5.31855305605594E-03	-1.2807023731425E-05	0	3.48776343762	6908.8515625	
19.322912	-5.32316398915125E-03	-1.25698472859094E-05	0	3.49360372801	6856.75390625	
19.327008	-5.32848352291062E-03	-1.22085505318219E-05	0	3.38964579613	6856.75390625	
19.331104	-5.33079602974875E-03	-1.22597874998156E-05	0	3.52555175676	6856.75390625	
19.3352	-5.33272561793125E-03	-1.24059633151781E-05	0	3.47727304012	6856.75390625	
19.339296	-5.33442150504313E-03	-1.25186910870656E-05	0	3.47591119579	6856.75390625	
19.343392	-5.33634734449953E-03	-1.25814407839312E-05	0	3.57666097338	6805.83203125	
19.347488	-5.34013209493672E-03	-1.24436058256125E-05	0	3.53948681933	6805.83203125	
19.351584	-5.34411772223312E-03	-1.21884793980469E-05	0	3.47603326587	6805.83203125	
19.35568	-5.34490861200656E-03	-1.24266827656125E-05	0	3.60500412008	6805.83203125	
19.359776	-5.34804647861172E-03	-1.23719210415281E-05	0	3.53405851546	6753.7734375	
19.363872	-5.34923875637422E-03	-1.24737334397156E-05	0	3.57689748416	6753.7734375	
19.367968	-5.35266984650578E-03	-1.239418375965E-05	0	3.65350790343	6753.7734375	
19.372064	-5.35756147689641E-03	-1.20759595586437E-05	0	3.55271997894	6753.7734375	
19.37616	-5.36026357695125E-03	-1.20176850976875E-05	0	3.60982970293	6753.7734375	
19.380256	-5.36167282366547E-03	-1.22217918647344E-05	0	3.66692798285	6702.47265625	
19.384352	-5.36309203650516E-03	-1.23289667575594E-05	0	3.59415132703	6702.47265625	
19.388448	-5.36457122896234E-03	-1.23864448250812E-05	0	3.69348966932	6702.47265625	
19.392544	-5.36646058691359E-03	-1.24056628347094E-05	0	3.71678216646	6702.47265625	
19.39664	-0.005371163043785	-1.20790331132625E-05	0	3.60466079798	6702.47265625	
19.400736	-5.37258106800422E-03	-1.20931006472719E-05	0	3.71323831945	6653.2109375	
19.404832	-5.37535622250172E-03	-1.21295669569594E-05	0	3.72989325599	6653.2109375	
19.408928	-5.37685351856297E-03	-1.21174905267281E-05	0	3.67873826309	6653.2109375	
19.413024	-5.37752307761625E-03	-1.23650556637781E-05	0	3.79808846912	6653.2109375	
19.41712	-5.38119692062047E-03	-1.21493227064344E-05	0	3.77579542076	6653.2109375	
19.421216	-5.38494409236437E-03	-1.18944352209375E-05	0	3.68697799349	6601.89453125	
19.425312	-5.38617888616672E-03	-1.20136387075031E-05	0	3.83314928491	6601.89453125	
19.429408	-5.38705773385484E-03	-1.21806469539562E-05	0	3.7728428507	6601.89453125	
19.433504	-5.38833220929438E-03	-1.22652831673969E-05	0	3.80447044549	6601.89453125	
19.4376	-5.38998512320469E-03	-1.22619156226875E-05	0	3.89160559447	6549.89453125	
19.441696	-5.39451358432594E-03	-1.19626897199906E-05	0	3.81739461521	6549.89453125	
19.445792	-5.39818697016844E-03	-1.16651193444844E-05	0	3.78707545909	6549.89453125	
19.449888	-5.39916739919047E-03	-1.19015385792187E-05	0	3.92397705381	6549.89453125	
19.453984	-5.40128945245656E-03	-1.18911020511937E-05	0	3.83749803151	6549.89453125	
19.45808	-5.40094027233578E-03	-1.21886863689937E-05	0	3.91543977759	6498.07421875	
19.462176	-5.40330928436234E-03	-1.21195203323906E-05	0	3.97184759862	6498.07421875	
19.466272	-5.40720384504437E-03	-1.17976406061937E-05	0	3.86197689724	6498.07421875	
19.470368	-5.40900999956281E-03	-1.17498995481656E-05	0	3.93495954632	6498.07421875	
19.474464	-5.40961903040453E-03	-1.19669156773031E-05	0	3.98297886404	6498.07421875	
19.47856	-5.41121397620891E-03	-1.19767880232E-05	0	3.91738526949	6446.953125	
19.482656	-0.00541299370678	-1.19568548700562E-05	0	4.04368965539	6446.953125	
19.486752	-5.41607387957625E-03	-1.1790532440225E-05	0	4.03975289531	6446.953125	
19.490848	-5.42070895081031E-03	-1.14175176690094E-05	0	3.92822280378	6446.953125	
19.494944	-5.42150505222734E-03	-1.1570328814275E-05	0	4.06028737158	6446.953125	
19.49904	-5.42348803689859E-03	-1.16585953125469E-05	0	4.03767388926	6394.79296875	
19.503136	-5.42413894375375E-03	-1.1763820928475E-05	0	4.0264815888	6394.79296875	
19.507232	-5.42536550864516E-03	-1.18826895596062E-05	0	4.13142752539	6394.79296875	
19.511328	-5.42876926050594E-03	-1.16331684148969E-05	0	4.0994947554	6394.79296875	
19.515424	-5.43236611747672E-03	-1.13539372037437E-05	0	4.02283474516	6394.79296875	
19.51952	-5.43361179172797E-03	-1.14808560672094E-05	0	4.17004363226	6394.79296875	
19.523616	-5.43589074289594E-03	-1.14569219565281E-05	0	4.09379942323	6344.0546875	
19.527712	-5.43735649479859E-03	-1.15088021931094E-05	0	4.15518541471	6344.0546875	
19.531808	-5.43921293710609E-03	-1.15220985740437E-05	0	4.22516971745	6344.0546875	
19.535904	-5.44306324453375E-03	-1.12817065067437E-05	0	4.15832108989	6344.0546875	
19.54	-5.44572484006031E-03	-1.10806079097656E-05	0	4.17230955812	6294.8125	
19.544096	-5.44624344431406E-03	-0.000011348296344	0	4.2513957112	6294.8125	
19.548192	-5.44767344617031E-03	-1.13658417591469E-05	0	4.17985501494	6294.8125	
19.552288	-5.4476750919525E-03	-1.15930881665156E-05	0	4.26707790179	6294.8125	
19.556384	-5.45089424191125E-03	-1.13698677166594E-05	0	4.30511417578	6294.8125	
19.56048	-5.45619439201375E-03	-1.0865402596125E-05	0	4.19980584364	6243.29296875	
19.564576	-5.45858790790844E-03	-1.07788512403687E-05	0	4.31203783813	6243.29296875	
19.568672	-5.45994083229891E-03	-1.09489234260656E-05	0	4.30413761514	6243.29296875	
19.572768	-5.46103390596844E-03	-1.10888545361344E-05	0	4.27949471774	6243.29296875	
19.576864	-0.005462495909145	-1.11368580939E-05	0	4.38723300741	6191.3125	
19.58096	-5.46473627586391E-03	-1.10720939759719E-05	0	4.38233113076	6191.3125	
19.585056	-5.46863659678359E-03	-1.07204871160406E-05	0	4.2870630627	6191.3125	
19.589152	-5.46834867633312E-03	-1.10090978851219E-05	0	4.42705074163	6191.3125	
19.593248	-0.005470214261875	-1.10323743041531E-05	0	4.3844520984	6191.3125	
19.597344	-5.47059480328969E-03	-1.11102191782312E-05	0	4.38956759769	6139.79296875	
19.60144	-5.47293894571875E-03	-1.10422404000562E-05	0	4.48608688407	6139.79296875	
19.605536	-5.47735723086578E-03	-1.06247513944687E-05	0	4.42016522618	6139.79296875	
19.609632	-0.00548060975363	-1.0391841531225E-05	0	4.41730420868	6139.79296875	
19.613728	-5.48174488617766E-03	-1.05565817511E-05	0	4.51927087238	6139.79296875	
19.617824	-5.48278438049375E-03	-1.07189690887125E-05	0	4.44914542611	6088.35546875	
19.62192	-5.48454235016703E-03	-1.07059561209562E-05	0	4.52599617085	6088.35546875	
19.626016	-5.48608234513281E-03	-1.06935003641813E-05	0	4.57700620553	6088.35546875	
19.630112	-5.49025111141375E-03	-1.03733240016656E-05	0	4.48448089958	6088.35546875	
19.634208	-5.49248434640984E-03	-1.02067546970812E-05	0	4.54659931154	6088.35546875	
19.638304	-5.49438988788594E-03	-1.03208276599313E-05	0	4.6083744014	6036.171875	
19.6424	-5.49667149059188E-03	-1.0203853257675E-05	0	4.54847613902	6036.171875	
19.646496	-5.49719210635719E-03	-1.04397561467719E-05	0	4.65198012279	6036.171875	
19.650592	-5.50052874687766E-03	-1.02102938762344E-05	0	4.66516369143	6036.171875	
19.654688	-5.50457453665625E-03	-9.86138989821562E-06	0	4.56447876357	6036.171875	
19.658784	-5.50617176826922E-03	-9.91501628689687E-06	0	4.69690954161	5985.6328125	
19.66288	-5.50703626107938E-03	-1.01101855628812E-05	0	4.67349878908	5985.6328125	
19.666976	-5.50803790240516E-03	-1.02060527747062E-05	0	4.65226622454	5985.6328125	
19.671072	-5.50977657985391E-03	-1.0159814840175E-05	0	4.76929709905	5985.6328125	
19.675168	-0.00551355465573	-9.87272906956875E-06	0	4.73586515589	5936.25390625	
19.679264	-5.51835375658875E-03	-9.3971675259E-06	0	4.66540020221	5936.25390625	
19.68336	-5.51964304406797E-03	-9.56969211299062E-06	0	4.81197585077	5936.25390625	
19.687456	-5.52265903135891E-03	-9.4779376374375E-06	0	4.75766610924	5936.25390625	
19.691552	-5.52344214938312E-03	-9.62951513009062E-06	0	4.80180207254	5936.25390625	
19.695648	-5.52625021952438E-03	-9.5543289072E-06	0	4.87981248304	5936.25390625	
19.699744	-5.53062415998469E-03	-9.20377469044687E-06	0	4.79804460289	5884.47265625	
19.70384	-5.53339163416531E-03	-9.07057915056562E-06	0	4.81987607376	5884.47265625	
19.707936	-5.53435478247438E-03	-9.29843757655312E-06	0	4.910650437	5884.47265625	
19.712032	-5.53623947737609E-03	-9.31418804157187E-06	0	4.84079583372	5884.47265625	
19.716128	-5.53860355205609E-03	-9.21054535675312E-06	0	4.94146168813	5832.39453125	
19.720224	-5.54130135479078E-03	-9.1011130142625E-06	0	4.9743939069	5832.39453125	
19.72432	-5.54665508424672E-03	-8.64620986339688E-06	0	4.87447191704	5832.39453125	
19.728416	-5.54813308808344E-03	-8.69223962505937E-06	0	4.96111115632	5832.39453125	
19.732512	-5.55018565276828E-03	-8.83338107045625E-06	0	4.99554636295	5832.39453125	
19.736608	-5.55155384636016E-03	-8.83004189110313E-06	0	4.95855149933	5781.03515625	
19.740704	-5.55239749259594E-03	-9.02318088065625E-06	0	5.06456173443	5781.03515625	
19.7448	-5.55575534542016E-03	-8.74635543632812E-06	0	5.06703365355	5781.03515625	
19.748896	-0.00555970677702	-8.38971829296562E-06	0	4.97228438333	5781.03515625	
19.752992	-5.56127950476484E-03	-8.43246151945312E-06	0	5.12166764373	5781.03515625	
19.757088	-5.56297712909125E-03	-8.50154125806562E-06	0	5.0734995531	5729.57421875	
19.761184	-5.56527144089297E-03	-8.40985192667812E-06	0	5.09602529755	5729.57421875	
19.76528	-5.56695717901469E-03	-8.40621707454375E-06	0	5.18627704826	5729.57421875	
19.769376	-5.57095999559172E-03	-8.15472021065625E-06	0	5.14622280326	5729.57421875	
19.773472	-5.57477208429969E-03	-7.80181166933438E-06	0	5.10350208995	5677.4140625	
19.777568	-5.57561125035063E-03	-8.07417245466562E-06	0	5.23338465507	5677.4140625	
19.781664	-5.57776695071922E-03	-8.02566072433125E-06	0	5.16778343114	5677.4140625	
19.78576	-5.57777271095687E-03	-8.27664773295937E-06	0	5.23272852839	5677.4140625	
19.789856	-5.58043814664187E-03	-8.12808970844062E-06	0	5.29884473547	5677.4140625	
19.793952	-5.58543437563375E-03	-7.6221010317375E-06	0	5.21299132233	5677.4140625	
19.798048	-5.58903882148906E-03	-7.33252896554062E-06	0	5.28935760144	5627.09375	
19.802144	-5.59083354696453E-03	-7.45391201723437E-06	0	5.31822717536	5627.09375	
19.80624	-5.59334565060906E-03	-7.43530001661562E-06	0	5.27732988387	5627.09375	
19.810336	-5.59597515338297E-03	-7.34392943490937E-06	0	5.38530468432	5627.09375	
19.814432	-5.59949731012891E-03	-7.1738937876375E-06	0	5.40139504674	5627.09375	
19.818528	-5.60491357930797E-03	-6.69540532381875E-06	0	5.30263272264	5577.39453125	
19.822624	-5.60610640566453E-03	-6.85797367086562E-06	0	5.43268694881	5577.39453125	
19.82672	-5.60872511942188E-03	-6.91868154285E-06	0	5.42264668473	5577.39453125	
19.830816	-5.6109074266025E-03	-6.85167992715937E-06	0	5.40468712421	5577.39453125	
19.834912	-5.61371961119922E-03	-6.804245118825E-06	0	5.50695133373	5525.49609375	
19.839008	-5.61877216251484E-03	-6.37861333291875E-06	0	5.48180108256	5525.49609375	
19.843104	-5.62357071477953E-03	-6.01201201682812E-06	0	5.43889726413	5525.49609375	
19.8472	-5.62562903970203E-03	-6.13758016049062E-06	0	5.57190787505	5525.49609375	
19.851296	-5.62839633101797E-03	-6.15542196957187E-06	0	5.51109790176	5525.49609375	
19.855392	-5.63076854317656E-03	-6.13569049891875E-06	0	5.55541315549	5473.4765625	
19.859488	-5.63282942820469E-03	-6.175607285925E-06	0	5.6443297647	5473.4765625	
19.863584	-5.63729132657969E-03	-5.88276214607812E-06	0	5.57382284943	5473.4765625	
19.86768	-5.6411547088325E-03	-5.56816798951875E-06	0	5.59027179271	5473.4765625	
19.871776	-5.64351137749266E-03	-5.67461283499687E-06	0	5.69341338093	5473.4765625	
19.875872	-5.64723587401531E-03	-5.4569070430875E-06	0	5.62377240029	5473.4765625	
19.879968	-5.64900024395266E-03	-5.57076414076875E-06	0	5.7110868397	5422.21484375	
19.884064	-5.65328915233328E-03	-5.32460308885312E-06	0	5.76428650644	5422.21484375	
19.88816	-5.65940186167469E-03	-4.8089326910625E-06	0	5.66433781375	5422.21484375	
19.892256	-5.66313614145812E-03	-4.64303429926875E-06	0	5.77846570917	5422.21484375	
19.896352	-5.66546940343828E-03	-4.80904663325625E-06	0	5.79019206623	5370.53515625	
19.900448	-5.66795042008594E-03	-4.83653674999687E-06	0	5.75512362106	5370.53515625	
19.904544	-5.67040729859484E-03	-4.83138603399375E-06	0	5.8822138331	5370.53515625	
19.90864	-5.67481808628969E-03	-4.58023989090937E-06	0	5.87452723275	5370.53515625	
19.912736	-5.68173101150359E-03	-3.91541747880937E-06	0	5.79026836003	5318.71484375	
19.916832	-5.68441473365734E-03	-3.96516454444688E-06	0	5.93140807534	5318.71484375	
19.920928	-5.68891997096328E-03	-3.85506850069687E-06	0	5.90722294074	5318.71484375	
19.925024	-5.69184278869594E-03	-3.82303079235E-06	0	5.92525116568	5318.71484375	
19.92912	-5.69582229002531E-03	-3.76245633369375E-06	0	6.0194282324	5318.71484375	
19.933216	-5.70262156483594E-03	-3.22522009208437E-06	0	5.97570807031	5318.71484375	
19.937312	-5.70816099338203E-03	-2.85338681007187E-06	0	5.95249186697	5268.55859375	
19.941408	-5.71111124081781E-03	-3.0078210306375E-06	0	6.07518755613	5268.55859375	
19.945504	-5.71530286518469E-03	-2.94062326129687E-06	0	6.01073455389	5268.55859375	
19.9496	-5.71979886782391E-03	-2.75335277549062E-06	0	6.10076123789	5268.55859375	
19.953696	-5.72462612984453E-03	-2.55996018042187E-06	0	6.15373965261	5268.55859375	
19.957792	-5.73217322979469E-03	-2.03097128633437E-06	0	6.08074555946	5218.7578125	
19.961888	-5.73733549992281E-03	-1.75876675084687E-06	0	6.12423302546	5218.7578125	
19.965984	-5.74139354163547E-03	-1.87584788376562E-06	0	6.21168479371	5218.7578125	
19.97008	-5.74666525627906E-03	-1.62617217190312E-06	0	6.15603609599	5218.7578125	
19.974176	-5.74935281859125E-03	-1.7895030181875E-06	0	6.25903272599	5218.7578125	
19.978272	-5.75468222704375E-03	-1.58097702479062E-06	0	6.29242270756	5218.7578125	
19.982368	-5.76127651053969E-03	-1.10767701732188E-06	0	6.19233668603	5166.59765625	
19.986464	-5.76500365860031E-03	-1.08089747679375E-06	0	6.32133424307	5166.59765625	
19.99056	-5.76902009859656E-03	-1.09146020661562E-06	0	6.30951251876	5166.59765625	
19.994656	-5.77328422881203E-03	-9.68621387146875E-07	0	6.31277026402	5166.59765625	
19.998752	-5.77728165088078E-03	-8.815750799625E-07	0	6.42642132319	5166.59765625	
20.002848	-5.78321935871625E-03	-5.89447487475E-07	0	6.41474074241	5114.8984375	
20.006944	-5.79028022146234E-03	-4.4496349734375E-08	0	6.34451992889	5114.8984375	
20.01104	-5.79284736737781E-03	-2.4086514375E-07	0	6.49603941569	5114.8984375	
20.015136	-5.79766164600562E-03	-1.43151779925E-07	0	6.44672691806	5114.8984375	
20.019232	-5.79988162331188E-03	-2.39012020603125E-07	0	6.49221328162	5063.6796875	
20.023328	-5.80358006161656E-03	-2.46243263371875E-07	0	6.57975660243	5063.6796875	
20.027424	-5.81040457175406E-03	2.66451416240625E-07	0	6.52408120188	5063.6796875	
20.03152	-5.81586161975844E-03	6.00844831846875E-07	0	6.55399981555	5063.6796875	
20.035616	-5.81949111807594E-03	5.55955453659375E-07	0	6.63664888909	5063.6796875	
20.039712	-5.82373293879953E-03	6.20532312159375E-07	0	6.58059201954	5063.6796875	
20.043808	-5.82774453288156E-03	7.068175624125E-07	0	6.68660988402	5011.7578125	
20.047904	-5.83243226914563E-03	8.39371516396875E-07	0	6.73311095512	5011.7578125	
20.052	-5.84014230153234E-03	1.36996762041562E-06	0	6.64131425496	5011.7578125	
20.056096	-5.84366674408687E-03	1.42745386100625E-06	0	6.74436810531	5011.7578125	
20.060192	-5.84756523635969E-03	1.30065518972812E-06	0	6.787477917	4960.05859375	
20.064288	-5.85226376164031E-03	1.51852131801562E-06	0	6.74844219423	4960.05859375	
20.068384	-5.85615932807813E-03	1.50549416758125E-06	0	6.86202840367	4960.05859375	
20.07248	-5.86358656022563E-03	1.97046365453438E-06	0	6.88221192846	4960.05859375	
20.076576	-5.87152252193375E-03	2.50860662600625E-06	0	6.79827730439	4960.05859375	
20.080672	-5.87653200861547E-03	2.5795926127125E-06	0	6.94981204995	4910.12109375	
20.084768	-5.88200898887078E-03	2.62612742194687E-06	0	6.91638010679	4910.12109375	
20.088864	-5.88791332390078E-03	2.8263673659375E-06	0	6.93940939032	4910.12109375	
20.09296	-5.89260983766984E-03	2.85551469255938E-06	0	7.03849596307	4910.12109375	
20.097056	-5.90006952829937E-03	3.17101293475312E-06	0	7.00998115532	4910.12109375	
20.101152	-5.90746768496156E-03	3.6244934908875E-06	0	6.98792461774	4860.1015625	
20.105248	-5.91191541132328E-03	3.50862485675625E-06	0	7.11882951978	4860.1015625	
20.109344	-5.91940948051406E-03	3.83339280121875E-06	0	7.06702221489	4860.1015625	
20.11344	-5.92452941746703E-03	3.9110912812125E-06	0	7.13422179393	4860.1015625	
20.117536	-5.93181767245203E-03	4.1460343155E-06	0	7.21212157842	4860.1015625	
20.121632	-5.94211862316359E-03	4.80128726601562E-06	0	7.13758253582	4807.78125	
20.125728	-5.94997083284484E-03	5.162642914275E-06	0	7.21449813029	4807.78125	
20.129824	-5.95602886564469E-03	5.1168823831125E-06	0	7.27099368919	4807.78125	
20.13392	-5.96324900353359E-03	5.29441177289062E-06	0	7.23180537882	4807.78125	
20.138016	-5.96960867163547E-03	5.39836022663437E-06	0	7.35310489144	4756	
20.142112	-5.97759327535047E-03	5.63385133729687E-06	0	7.37532927538	4756	
20.146208	-5.98879355459516E-03	6.33560063554687E-06	0	7.28948349162	4756	
20.150304	-5.99550926024359E-03	6.46212214364062E-06	0	7.41894262615	4756	
20.1544	-6.00410920363203E-03	6.64388422149375E-06	0	7.43320956675	4756	
20.158496	-6.01242872402219E-03	6.98616657151875E-06	0	7.43689837198	4756	
20.162592	-6.01947166602891E-03	7.03209465059062E-06	0	7.53736204782	4704.87890625	
20.166688	-6.03003420467594E-03	7.51784007830625E-06	0	7.53395934434	4704.87890625	
20.170784	-6.04024619171703E-03	8.06519794440937E-06	0	7.48684410815	4704.87890625	
20.17488	-6.04611111940687E-03	7.93733316842812E-06	0	7.62985302156	4652.921875	
20.178976	-6.05385754186641E-03	8.02301553466875E-06	0	7.59121784124	4652.921875	
20.183072	-6.06159619257672E-03	8.26942658633438E-06	0	7.64862129636	4652.921875	
20.187168	-6.06884833178594E-03	8.37841205427187E-06	0	7.73525672095	4652.921875	
20.191264	-6.08061796023516E-03	9.05291017785E-06	0	7.68884720241	4652.921875	
20.19536	-6.09030896578156E-03	9.56876134469062E-06	0	7.69785750019	4601.40234375	
20.199456	-6.09808501232047E-03	9.57779595104062E-06	0	7.82332646898	4601.40234375	
20.203552	-6.10840013504531E-03	1.00135813325625E-05	0	7.76983307111	4601.40234375	
20.207648	-6.11589319848031E-03	1.01205115140937E-05	0	7.86811474427	4601.40234375	
20.211744	-6.12489800428687E-03	1.02983574900937E-05	0	7.92625061987	4601.40234375	
20.21584	-6.13725709705625E-03	1.10269007519344E-05	0	7.84423859956	4551.4609375	
20.219936	-6.14565131767125E-03	1.1267594501625E-05	0	7.95139705635	4551.4609375	
20.224032	-6.15423727191109E-03	1.1321117525025E-05	0	7.97931295777	4551.4609375	
20.228128	-6.16480136490797E-03	1.1807632423125E-05	0	7.97158439583	4551.4609375	
20.232224	-6.17284192521734E-03	1.19611923657187E-05	0	8.08890900147	4551.4609375	
20.23632	-6.18401184892391E-03	1.23732193575375E-05	0	8.10386258627	4551.4609375	
20.240416	-6.19723607452984E-03	1.32249120154594E-05	0	8.03412242369	4501.30078125	
20.244512	-6.20533579156562E-03	1.32835506587437E-05	0	8.18881573257	4501.30078125	
20.248608	-6.21582189277328E-03	1.3537461462525E-05	0	8.16828888568	4501.30078125	
20.252704	-6.22561118808922E-03	1.39251709305844E-05	0	8.194335589	4501.30078125	
20.2568	-6.2336421480025E-03	1.39452435066656E-05	0	8.30574742514	4501.30078125	
20.260896	-6.24705646145109E-03	1.46791437343031E-05	0	8.28482385049	4448.98046875	
20.264992	-6.2593924218375E-03	1.54268444289094E-05	0	8.26116132842	4448.98046875	
20.269088	-6.26784872501391E-03	1.54145151143156E-05	0	8.40255662796	4448.98046875	
20.273184	-6.27988149574844E-03	1.58985470822062E-05	0	8.36064844362	4448.98046875	
20.27728	-6.29033925292953E-03	1.62937565427656E-05	0	8.44650567145	4448.98046875	
20.281376	-6.30059869335703E-03	1.65090657024563E-05	0	8.52334115743	4397.4453125	
20.285472	-6.31546202658937E-03	1.74108645602719E-05	0	8.4734183094	4397.4453125	
20.289568	-6.32556082038891E-03	1.77727266984094E-05	0	8.54225057576	4397.4453125	
20.293664	-6.33378003949797E-03	1.76377890929625E-05	0	8.61691168844	4397.4453125	
20.29776	-6.34466030553953E-03	1.80873429703312E-05	0	8.57934462132	4346.28515625	
20.301856	-6.3526797449775E-03	1.82174918786437E-05	0	8.68928017243	4346.28515625	
20.305952	-6.36368243892734E-03	1.8616387152825E-05	0	8.73786406427	4346.28515625	
20.310048	-6.37807553561578E-03	1.96817478663094E-05	0	8.66306180806	4346.28515625	
20.314144	-6.38638198118078E-03	1.98105924490031E-05	0	8.81213989326	4346.28515625	
20.31824	-6.39633804909172E-03	1.99881559733625E-05	0	8.81150284003	4294.125	
20.322336	-6.40736085815719E-03	2.05454549352937E-05	0	8.82119978201	4294.125	
20.326432	-6.41527579042625E-03	2.06176719303844E-05	0	8.94645131347	4294.125	
20.330528	-6.42728378299562E-03	2.11967850531937E-05	0	8.95039570293	4294.125	
20.334624	-6.43917986237625E-03	2.19841371504563E-05	0	8.90957470524	4294.125	
20.33872	-6.44651346780375E-03	2.19281422545281E-05	0	9.06577863136	4294.125	
20.342816	-6.45734024592422E-03	2.23977941887219E-05	0	9.03652758844	4243.0625	
20.346912	-6.46713356426328E-03	2.29130657888344E-05	0	9.08741173835	4243.0625	
20.351008	-6.47528347765578E-03	2.30050101680437E-05	0	9.19758380024	4243.0625	
20.355104	-6.48963597838359E-03	2.40213569882344E-05	0	9.15004131877	4243.0625	
20.3592	-6.50051112421391E-03	2.46862077656906E-05	0	9.20375596866	4243.0625	
20.363296	-6.50823843731359E-03	2.45887270939406E-05	0	9.30212919438	4243.0625	
20.367392	-6.51924625147469E-03	2.51725825197E-05	0	9.26775883748	4192.984375	
20.371488	-6.52736663222016E-03	2.54424219133219E-05	0	9.37743117498	4192.984375	
20.375584	-6.53651699831797E-03	2.570725506195E-05	0	9.44394792451	4192.984375	
20.37968	-6.54989108153531E-03	2.68023229572656E-05	0	9.38032652469	4142.546875	
20.383776	-6.55811715807016E-03	2.70602277474375E-05	0	9.49167732579	4142.546875	
20.387872	-6.56699368429844E-03	2.72313035379E-05	0	9.5496567991	4142.546875	
20.391968	-6.57774311065609E-03	2.79138391534406E-05	0	9.43528094883	4142.546875	
20.396064	-6.58539023759031E-03	2.81510473296937E-05	0	9.51012516663	4142.546875	
20.40016	-6.59533798515797E-03	2.8584684876825E-05	0	9.56296625251	4142.546875	
20.404256	-6.60604571836688E-03	2.94825375847406E-05	0	9.54388135844	4142.546875	
20.408352	-6.60884583389422E-03	2.89366799575219E-05	0	9.57191170056	4142.546875	
20.412448	-6.61833989417219E-03	2.9479930135425E-05	0	9.55420390958	4142.546875	
20.416544	-6.62597668925156E-03	3.00920713502062E-05	0	9.57079399639	4142.546875	
20.42064	-6.62668629567141E-03	2.94914709892687E-05	0	9.55422298303	4142.546875	
20.424736	-6.62413240744578E-03	2.85806495443219E-05	0	9.56195917435	4142.546875	
20.428832	-6.62346376271594E-03	2.83192957191375E-05	0	9.55467693114	4142.546875	
20.432928	-6.62173358847516E-03	2.81586480432469E-05	0	9.5518693193	4142.546875	
20.437024	-6.62214174245766E-03	2.83416327160312E-05	0	9.55103771688	4142.546875	
20.44112	-6.62049833751109E-03	2.83857432488437E-05	0	9.54332059901	4142.546875	
20.445216	-6.61506661626594E-03	2.76836925085875E-05	0	9.54525846153	4142.546875	
20.449312	-6.61330562932531E-03	2.77790397690094E-05	0	9.53791899797	4142.546875	
20.453408	-6.61180540742906E-03	2.80530293988656E-05	0	9.53289123655	4142.546875	
20.457504	-6.61003125423094E-03	2.81857427276906E-05	0	9.52004336063	4142.546875	
20.4616	-6.60807560783047E-03	2.82954149737875E-05	0	9.51183033306	4142.546875	
20.465696	-6.60417711555766E-03	2.80665435680437E-05	0	9.51406955609	4142.546875	
20.469792	-6.60058784747141E-03	2.78651242983094E-05	0	9.51120853859	4142.546875	
20.473888	-6.60053664535891E-03	2.83642064915344E-05	0	9.50936985801	4142.546875	
20.477984	-6.60017457327766E-03	2.87976185581219E-05	0	9.51469135056	4142.546875	
20.48208	-6.59814056935859E-03	2.87972075008406E-05	0	9.517270081	4142.546875	
20.486176	-6.59552295278937E-03	2.87155659959437E-05	0	9.51723574879	4142.546875	
20.490272	-6.59292270836547E-03	2.8651561733025E-05	0	9.5157060581	4142.546875	
20.494368	-6.59175109431266E-03	2.88493636986844E-05	0	9.51449298668	4142.546875	
20.498464	-6.59055415350062E-03	2.90740122721125E-05	0	9.50629140318	4142.546875	
20.50256	-6.5879607665025E-03	2.90028012856312E-05	0	9.50232794027	4142.546875	
20.506656	-6.58761570083719E-03	5.4349589881125E-06	0	9.50262548609	4142.546875	
20.510752	-6.60299654113516E-03	0	0	9.49792197332	4142.546875	
20.514848	-6.63952184238406E-03	0	0	9.49346260071	4142.546875	
20.518944	-6.69684397881297E-03	0	0	9.48814492285	4142.546875	
20.52304	-6.77258982393984E-03	0	0	9.48155313853	4142.546875	
20.527136	-6.86703586917219E-03	0	0	9.48270517491	4142.546875	
20.531232	-6.98018421745391E-03	0	0	9.48263651049	4142.546875	
20.535328	-7.10821683697469E-03	0	0	9.48496728608	4142.546875	
20.539424	-7.24821694453656E-03	0	0	9.49009041475	4142.546875	
20.54352	-7.39753967673188E-03	0	0	9.49150947943	4142.546875	
20.547616	-7.55373098945438E-03	0	0	9.49246696662	4142.546875	
20.551712	-7.71591523514797E-03	0	0	9.48916344508	4142.546875	
20.555808	-7.88077241397875E-03	0	0	9.48482232786	4142.546875	
20.559904	-8.04418020729641E-03	0	0	9.47629268102	4142.546875	
20.564	-8.20446348313109E-03	0	0	9.47625834881	4142.546875	
20.568096	-8.35941972775422E-03	0	0	9.47032269117	4142.546875	
20.572192	-8.50685419918641E-03	0	0	9.46899899374	4142.546875	
20.576288	-8.64472210449203E-03	0	0	9.46708020467	4142.546875	
20.580384	-8.76949580098453E-03	0	0	9.46585187449	4142.546875	
20.58448	-8.87958793174406E-03	0	0	9.46616467907	4142.546875	
20.588576	-8.9744678234475E-03	0	0	9.46459302679	4085.29296875	
20.592672	-9.05299312039203E-03	0	0	9.46746167367	4085.29296875	
20.596768	-9.11344370589469E-03	0	0	9.46457013865	4085.29296875	
20.600864	-9.15564457844953E-03	0	0	9.45795928088	4085.29296875	
20.60496	-9.17849425261141E-03	0	0	9.41890448466	4085.29296875	
20.609056	-9.18240819695031E-03	0	0	9.39642833118	4085.29296875	
20.613152	-9.16818306147734E-03	0	0	9.38646054621	4085.29296875	
20.617248	-9.13416318931187E-03	0	0	9.32684838558	4085.29296875	
20.621344	-9.08293986450812E-03	0	0	9.2854895166	4092.73046875	
20.62544	-9.01616289227672E-03	0	0	9.23927073256	4092.73046875	
20.629536	-8.93412897057312E-03	-6.46580819764687E-06	0	9.18178716895	4092.73046875	
20.633632	-8.84241163220766E-03	-1.04374265817937E-05	0	9.1983238501	4092.73046875	
20.637728	-8.74404140221391E-03	-1.66318251950813E-05	0	9.07626902886	4092.73046875	
20.641824	-8.64869026821078E-03	-2.12615409980531E-05	0	9.0840738846	4138.8125	
20.64592	-8.55951922918641E-03	-2.34729873442969E-05	0	9.03081699751	4138.8125	
20.650016	-8.47581072410703E-03	-2.52798002009437E-05	0	8.87656619267	4138.8125	
20.654112	-8.40454826395594E-03	-2.35513927947375E-05	0	8.96527299393	4138.8125	
20.658208	-8.34398713674969E-03	-2.06087041508906E-05	0	8.85141212681	4138.8125	
20.662304	-8.29444122972437E-03	-1.66276129396781E-05	0	8.79159778761	4190.75	
20.6664	-8.25537721801891E-03	-1.17222572681156E-05	0	8.80422059682	4190.75	
20.670496	-8.21923273248172E-03	-9.23183716238437E-06	0	8.63064075775	4190.75	
20.674592	-8.18405870984109E-03	-8.42365551864375E-06	0	8.63041187635	4190.75	
20.678688	-8.14894850697641E-03	-8.82375391662187E-06	0	8.66311902841	4190.75	
20.682784	-8.11685794869641E-03	-8.44735285071562E-06	0	8.50604916766	4242.81640625	
20.68688	-8.08808473871234E-03	-7.56419844540937E-06	0	8.5260610314	4242.81640625	
20.690976	-8.06063537763344E-03	-7.15402313443125E-06	0	8.47453219888	4242.81640625	
20.695072	-8.03380025903984E-03	-7.27712589594375E-06	0	8.33327422818	4242.81640625	
20.699168	-8.00435300981766E-03	-8.98479245750625E-06	0	8.41694945333	4242.81640625	
20.703264	-7.97825885893781E-03	-9.23059798093125E-06	0	8.33820280766	4295.85546875	
20.70736	-7.95713433023781E-03	-7.83794047935937E-06	0	8.27173183441	4295.85546875	
20.711456	-7.93751057202812E-03	-7.07698859608125E-06	0	8.29545920621	4295.85546875	
20.715552	-7.91858206536031E-03	-6.91955149390312E-06	0	8.14873859943	4295.85546875	
20.719648	-7.89813889048594E-03	-7.80035878617187E-06	0	8.12737633543	4349.57421875	
20.723744	-7.87609546673125E-03	-9.50890347185625E-06	0	8.18642773663	4349.57421875	
20.72784	-7.85864030085063E-03	-9.01899650984062E-06	0	8.03707117906	4349.57421875	
20.731936	-7.84390250422625E-03	-8.08776450838125E-06	0	8.04333871473	4349.57421875	
20.736032	-7.82945738253422E-03	-7.94597450594063E-06	0	8.00283433631	4349.57421875	
20.740128	-7.81594331639859E-03	-7.85149936003125E-06	0	7.85972242627	4349.57421875	
20.744224	-7.79916639564391E-03	-9.43261051930312E-06	0	7.9256669723	4402.53515625	
20.74832	-7.78414104429844E-03	-1.00906165920656E-05	0	7.89572928518	4402.53515625	
20.752416	-7.77343129957797E-03	-8.99316192029063E-06	0	7.79079097797	4402.53515625	
20.756512	-7.76237392908656E-03	-8.88802909273125E-06	0	7.82733570817	4402.53515625	
20.760608	-7.75153691054359E-03	-9.13485745167187E-06	0	7.73646216299	4402.53515625	
20.764704	-7.73984819971859E-03	-9.76234336264687E-06	0	7.6588675537	4454.29296875	
20.7688	-7.72492342395125E-03	-1.17870418187156E-05	0	7.75634051258	4454.29296875	
20.772896	-7.71352181068562E-03	-1.18477215657281E-05	0	7.63739847838	4454.29296875	
20.776992	-7.70389398488875E-03	-1.14594584924531E-05	0	7.61177520565	4454.296875	
20.781088	-7.69436316880859E-03	-1.16245799619469E-05	0	7.60022813902	4506.95703125	
20.785184	-7.68744201468375E-03	-1.09836618528656E-05	0	7.45462523641	4506.95703125	
20.78928	-7.67857755752484E-03	-1.157331534975E-05	0	7.47294719248	4506.95703125	
20.793376	-7.66920043921453E-03	-1.24943185152844E-05	0	7.50763416865	4506.95703125	
20.797472	-7.66332389961703E-03	-1.17902567193469E-05	0	7.37060287447	4558.69921875	
20.801568	-7.65653111650281E-03	-1.19285190810844E-05	0	7.40686150292	4558.69921875	
20.805664	-7.64901693219641E-03	-1.26201078125719E-05	0	7.35864000663	4558.69921875	
20.80976	-7.64266375579094E-03	-1.26119198399906E-05	0	7.22808224138	4558.69921875	
20.813856	-7.63193069582281E-03	-1.45514443427719E-05	0	7.31647242337	4558.69921875	
20.817952	-7.62384003058906E-03	-1.49594244636375E-05	0	7.27718493106	4609.49609375	
20.822048	-7.61912084159875E-03	-1.39967828782031E-05	0	7.19120563315	4609.49609375	
20.826144	-7.61330345872766E-03	-1.41944879689594E-05	0	7.21951826233	4609.49609375	
20.83024	-7.60962230113594E-03	-1.37377465987781E-05	0	7.11508730889	4609.49609375	
20.834336	-7.60443708148953E-03	-1.40549308969781E-05	0	7.07019222228	4660.0390625	
20.838432	-7.59470566284719E-03	-1.62900839502844E-05	0	7.1499116139	4660.0390625	
20.842528	-7.58919156106031E-03	-1.61012992833E-05	0	6.99738123425	4660.0390625	
20.846624	-7.58453253455219E-03	-1.57720440837094E-05	0	7.01630591134	4660.0390625	
20.85072	-7.57920833774328E-03	-1.61876035239188E-05	0	7.00906181503	4660.0390625	
20.854816	-7.57631578411641E-03	-1.56024365610094E-05	0	6.86085729384	4660.0390625	
20.858912	-7.57006592625937E-03	-1.66373912952844E-05	0	6.90074369248	4712.17578125	
20.863008	-7.56353820550969E-03	-1.76866671690844E-05	0	6.92527596387	4712.17578125	
20.867104	-7.56155842097047E-03	-1.65614606019844E-05	0	6.80184403954	4712.17578125	
20.8712	-7.55755459863766E-03	-1.68317403797812E-05	0	6.85171348191	4712.17578125	
20.875296	-7.55377396265594E-03	-1.71786145521375E-05	0	6.80180207795	4764.9609375	
20.879392	-7.55049282156813E-03	-1.71302650812562E-05	0	6.67396418667	4764.9609375	
20.883488	-7.54178215361141E-03	-1.9335524895225E-05	0	6.78317876137	4764.9609375	
20.887584	-7.53601167553266E-03	-1.97708641233469E-05	0	6.69694387923	4764.9609375	
20.89168	-7.53364257207375E-03	-1.87587230681813E-05	0	6.63365817213	4764.9609375	
20.895776	-7.52954914604406E-03	-1.91097967555687E-05	0	6.67616144811	4816.28125	
20.899872	-7.52790747831203E-03	-1.86117960516469E-05	0	6.57119262338	4816.28125	
20.903968	-7.52463804056422E-03	-1.8874563817725E-05	0	6.49195006801	4816.28125	
20.908064	-7.51791291738437E-03	-2.06483050728281E-05	0	6.6031139493	4816.28125	
20.91216	-7.51641278692047E-03	-1.97310146439656E-05	0	6.47423464765	4816.28125	
20.916256	-7.51456667646781E-03	-1.93691669288906E-05	0	6.47420413013	4868.16015625	
20.920352	-7.51093992112062E-03	-2.01296161684406E-05	0	6.48456101348	4868.16015625	
20.924448	-7.51042963721016E-03	-1.93832111456156E-05	0	6.36222390518	4868.16015625	
20.928544	-7.50486524763422E-03	-2.08741606162031E-05	0	6.39860460371	4868.16015625	
20.93264	-7.49883373021406E-03	-2.21859463236469E-05	0	6.41648787043	4868.16015625	
20.936736	-7.49765544160016E-03	-2.10764205100969E-05	0	6.29743902491	4868.16015625	
20.940832	-7.49488815028422E-03	-2.11527564914531E-05	0	6.33511290335	4868.16015625	
20.944928	-7.49245422129359E-03	-2.14143391625625E-05	0	6.31027164207	4919.73828125	
20.949024	-7.49258286660125E-03	-2.04705191929219E-05	0	6.1568333662	4919.73828125	
20.95312	-7.48642188098234E-03	-2.24569287449719E-05	0	6.26600216462	4919.73828125	
20.957216	-7.48261436389156E-03	-2.29114203577875E-05	0	6.21905858948	4919.73828125	
20.961312	-7.48139849658437E-03	-2.21357521430719E-05	0	6.13094687986	4919.73828125	
20.965408	-7.47729080710906E-03	-2.29845998519156E-05	0	6.16960113363	4970.37890625	
20.969504	-7.47697262255281E-03	-2.22835933413844E-05	0	6.0931280432	4970.37890625	
20.9736	-7.47586354822313E-03	-2.20005546821156E-05	0	6.01490782475	4970.3828125	
20.977696	-7.46927776793516E-03	-2.42248575058875E-05	0	6.10672359836	4970.3828125	
20.981792	-0.00746818798583	-2.34792022419281E-05	0	6.02822109285	5020.1640625	
20.985888	-7.46878357611719E-03	-2.23568326912219E-05	0	5.99115756481	5020.1640625	
20.989984	-7.46717765843156E-03	-2.27581089726375E-05	0	6.02917095066	5020.1640625	
20.99408	-7.46843156159375E-03	-2.1966026110875E-05	0	5.90597553711	5020.1640625	
20.998176	-7.46482071547437E-03	-2.31689261098969E-05	0	5.89883062274	5020.1640625	
21.002272	-7.45770810202172E-03	-2.5494680274525E-05	0	5.97878271045	5072.36328125	
21.006368	-7.45676424593719E-03	-2.44687810600406E-05	0	5.84827453617	5072.36328125	
21.010464	-7.45454106849891E-03	-2.43845811442406E-05	0	5.86118344713	5072.36328125	
21.01456	-7.45263616704922E-03	-2.45615607749531E-05	0	5.84411652407	5072.36328125	
21.018656	-7.45395050699062E-03	-2.33480778538219E-05	0	5.71609552767	5124.80078125	
21.022752	-7.44889036679047E-03	-2.51244051640312E-05	0	5.77801176106	5124.80078125	
21.026848	-7.44533977458563E-03	-2.5851306840975E-05	0	5.79534571242	5124.80078125	
21.030944	-7.44619027824719E-03	-2.45030276604094E-05	0	5.67955461216	5124.80078125	
21.03504	-7.44421936264531E-03	-2.48920657329094E-05	0	5.73215918726	5124.80078125	
21.039136	-7.44319532039531E-03	-2.49778305509906E-05	0	5.68333878464	5175.72265625	
21.043232	-7.44307764696891E-03	-2.450892549105E-05	0	5.57083594716	5175.72265625	
21.047328	-7.43654050868781E-03	-2.68844805674156E-05	0	5.6776320084	5175.72265625	
21.051424	-7.43474843475031E-03	-2.6638006054275E-05	0	5.62813640565	5175.72265625	
21.05552	-7.43504650419094E-03	-2.55818876392406E-05	0	5.56419075718	5175.72265625	
21.059616	-7.43257865380078E-03	-2.62932191394469E-05	0	5.58959659258	5227.72265625	
21.063712	-7.43445411403578E-03	-2.5122372954525E-05	0	5.50262547527	5227.72265625	
21.067808	-7.43330517520422E-03	-2.54215344342094E-05	0	5.45765790955	5227.72265625	
21.071904	-7.42778750755594E-03	-2.75113583059219E-05	0	5.54279416097	5227.72265625	
21.076	-7.42719932328859E-03	-2.68264003370344E-05	0	5.42697635788	5227.72265625	
21.080096	-7.42651248352234E-03	-2.64368257266094E-05	0	5.43942369135	5227.72265625	
21.084192	-7.42400284855109E-03	-2.71594014463406E-05	0	5.45055495677	5278.984375	
21.088288	-7.42552958582703E-03	-2.60109963447469E-05	0	5.32548271574	5278.984375	
21.092384	-0.007421477030055	-2.73912884740687E-05	0	5.35231905989	5278.984375	
21.09648	-7.41715255449266E-03	-2.86057007211937E-05	0	5.41423910797	5329.265625	
21.100576	-7.41805096870234E-03	-2.72421004021031E-05	0	5.29164641544	5329.265625	
21.104672	-7.41645401138641E-03	-2.75355933778406E-05	0	5.33006797312	5329.265625	
21.108768	-7.41630433663969E-03	-2.7377405314875E-05	0	5.30712642746	5329.265625	
21.112864	-7.41763412864719E-03	-2.65519056596063E-05	0	5.18963016077	5329.265625	
21.11696	-7.41186639353875E-03	-2.88473252391844E-05	0	5.26819370132	5379.36328125	
21.121056	-0.007408884236215	-2.93055605982562E-05	0	5.23571543066	5379.36328125	
21.125152	-7.40958104210672E-03	-2.80381702791094E-05	0	5.16375130381	5379.36328125	
21.129248	-7.40766434588469E-03	-2.847572152425E-05	0	5.21213301708	5379.36328125	
21.133344	-7.40852307845719E-03	-2.78957797965E-05	0	5.14295361393	5379.36328125	
21.13744	-7.40813988550453E-03	-2.78449046069906E-05	0	5.05426207143	5431.5234375	
21.141536	-0.00740291845865	-2.9918375850825E-05	0	5.17123572559	5431.5234375	
21.145632	-7.40336473991984E-03	-2.89453496603906E-05	0	5.08234200452	5431.5234375	
21.149728	-7.40368164442328E-03	-2.83483113151219E-05	0	5.06409634225	5431.5234375	
21.153824	-7.40145380393547E-03	-2.92027893067969E-05	0	5.091085274	5431.5234375	
21.15792	-7.40279968803547E-03	-2.83078779420937E-05	0	4.99174693171	5483.90234375	
21.162016	-7.39953427331078E-03	-2.94156179401219E-05	0	4.99274638049	5483.90234375	
21.166112	-7.39396796365562E-03	-3.12362593887094E-05	0	5.05332365769	5483.90234375	
21.170208	-7.39448803082688E-03	-2.99116941267375E-05	0	4.93031897864	5483.90234375	
21.174304	-7.39378976201766E-03	-2.96853828145875E-05	0	4.96094330996	5483.90625	
21.1784	-7.39314068380937E-03	-2.98451646259594E-05	0	4.96250351817	5534.90625	
21.182496	-7.39593412477562E-03	-2.84597681748187E-05	0	4.81525266948	5534.90625	
21.186592	-7.39244634659094E-03	-3.0085379529975E-05	0	4.896917553	5534.90625	
21.190688	-7.39034605422266E-03	-3.06822017696906E-05	0	4.90760249969	5534.90625	
21.194784	-7.39139030302062E-03	-2.96643251433375E-05	0	4.80390778142	5586.6640625	
21.19888	-7.38916474834141E-03	-3.05004305572312E-05	0	4.85120612273	5586.6640625	
21.202976	-7.38990909905188E-03	-2.99973798583594E-05	0	4.81876218428	5586.6640625	
21.207072	-7.39108702193641E-03	-2.93012274295125E-05	0	4.71047076456	5586.6640625	
21.211168	-7.3855989783675E-03	-3.16396546583906E-05	0	4.81278075036	5586.6640625	
21.215264	-7.38462238950391E-03	-3.13521837920156E-05	0	4.75971459777	5586.6640625	
21.21936	-7.38635283804172E-03	-3.00881439502875E-05	0	4.70353947283	5637.9453125	
21.223456	-7.38570878861234E-03	-3.04872757626937E-05	0	4.75110102775	5637.9453125	
21.227552	-7.38855900906406E-03	-2.93823198964969E-05	0	4.64898559114	5637.9453125	
21.231648	-7.38749619950031E-03	-3.00268461750469E-05	0	4.61728551724	5637.9453125	
21.235744	-7.38201656770703E-03	-3.23398299197531E-05	0	4.71615846735	5687.984375	
21.23984	-7.38255327556484E-03	-3.12604088837906E-05	0	4.60910682188	5687.984375	
21.243936	-7.38241905288422E-03	-3.08537503962187E-05	0	4.61084250583	5687.984375	
21.248032	-7.38125319906906E-03	-3.13166227698844E-05	0	4.62272526518	5687.984375	
21.252128	-7.38407534979125E-03	-2.99879017428375E-05	0	4.50347424109	5687.984375	
21.256224	-7.38116551545141E-03	-3.13695075727687E-05	0	4.54576389443	5738.265625	
21.26032	-7.37820292464922E-03	-3.2424773344425E-05	0	4.59710199245	5738.265625	
21.264416	-7.38053472371187E-03	-3.08130059658094E-05	0	4.47904115164	5738.265625	
21.268512	-7.38021233326781E-03	-3.09861920907E-05	0	4.5312795165	5738.265625	
21.272608	-7.38036511671422E-03	-3.11432320778906E-05	0	4.50506115213	5738.265625	
21.276704	-7.38241731566969E-03	-3.02571360889875E-05	0	4.38349079652	5790.52734375	
21.2808	-7.37774320282484E-03	-3.24327545864437E-05	0	4.47688585179	5790.52734375	
21.284896	-7.37638031230891E-03	-3.25186237313438E-05	0	4.47005755669	5790.52734375	
21.288992	-7.37787632831734E-03	-3.13206597850781E-05	0	4.3832695445	5790.52734375	
21.293088	-7.37635644846719E-03	-3.20249323981125E-05	0	4.42500606779	5790.52734375	
21.297184	-7.37880646955031E-03	-3.09684889834031E-05	0	4.35910348335	5842.6875	
21.30128	-7.38026033524828E-03	-3.05101601148094E-05	0	4.28884452293	5842.6875	
21.305376	-7.37589489799594E-03	-3.27181713683344E-05	0	4.39129183757	5842.6875	
21.309472	-7.37672428078609E-03	-3.192834884085E-05	0	4.31929337851	5842.6875	
21.313568	-7.3779391423375E-03	-3.11876652065344E-05	0	4.30017415223	5893.6484375	
21.317664	-7.37685438901125E-03	-3.18930685876687E-05	0	4.33103499433	5893.6484375	
21.32176	-7.37964865286859E-03	-3.07546966491187E-05	0	4.22633701259	5893.6484375	
21.325856	-7.37770699561672E-03	-3.17701653451875E-05	0	4.21703679837	5893.6484375	
21.329952	-0.00737343774519	-3.35236681589906E-05	0	4.30613269801	5893.6484375	
21.334048	-7.37525999180094E-03	-3.20268523481156E-05	0	4.18690456206	5893.6484375	
21.338144	-7.37576762417344E-03	-3.17427706610437E-05	0	4.22020299107	5945.56640625	
21.34224	-7.37662653961063E-03	-3.16768476500438E-05	0	4.2177882923	5945.56640625	
21.346336	-7.38035176759203E-03	-3.02775680397094E-05	0	4.08955748795	5945.56640625	
21.350432	-7.37664564897047E-03	-3.2381988771825E-05	0	4.15579576511	5945.56640625	
21.354528	-7.37422589199313E-03	-3.32252843227594E-05	0	4.1738049166	5996.42578125	
21.358624	-7.37633057311391E-03	-3.18245633677125E-05	0	4.07418428725	5996.42578125	
21.36272	-7.37580483713734E-03	-3.21255385475062E-05	0	4.13561224032	5996.42578125	
21.366816	-7.37688511027875E-03	-3.18277669702781E-05	0	4.09603864626	5996.42578125	
21.370912	-7.37862113618953E-03	-3.11361503542031E-05	0	3.97491842407	5996.42578125	
21.375008	-7.37413866553719E-03	-3.33364382981437E-05	0	4.10658244942	6046.328125	
21.379104	-7.37489892547547E-03	-3.25684662295781E-05	0	4.04593269311	6046.328125	
21.3832	-7.37727726360109E-03	-3.13343523194625E-05	0	3.99967194748	6046.328125	
21.387296	-7.37635635703484E-03	-3.21918579523406E-05	0	4.04134743573	6046.328125	
21.391392	-7.37926372270141E-03	-3.11409916955156E-05	0	3.96144875368	6046.328125	
21.395488	-7.37866255504125E-03	-3.16822055773781E-05	0	3.92458740421	6096.90625	
21.399584	-7.37380740615578E-03	-3.3887529573975E-05	0	4.01650998914	6096.90625	
21.40368	-7.37464721223313E-03	-3.2815219107825E-05	0	3.90412159236	6096.90625	
21.407776	-7.37558549094469E-03	-3.21741644604187E-05	0	3.91568010306	6096.90625	
21.411872	-7.37538369976203E-03	-3.24866054941312E-05	0	3.94394314127	6096.90625	
21.415968	-7.37936530403531E-03	-3.08896270430344E-05	0	3.81758534971	6149.46875	
21.420064	-7.37755457789969E-03	-3.21708449925844E-05	0	3.85548810955	6149.46875	
21.42416	-7.37499227789844E-03	-3.34231559998875E-05	0	3.91929261449	6149.46875	
21.428256	-7.37713380625375E-03	-3.20983448247E-05	0	3.7981723923	6149.46875	
21.432352	-7.37615282863766E-03	-3.26074169117813E-05	0	3.8434146157	6149.46875	
21.436448	-7.37708498138219E-03	-3.23153768192062E-05	0	3.8337253031	6201.38671875	
21.440544	-7.37998201519391E-03	-3.11084412472969E-05	0	3.70625362206	6201.38671875	
21.44464	-7.37542521004609E-03	-3.35436796774406E-05	0	3.80612983564	6201.38671875	
21.448736	-7.37396530981344E-03	-3.38274212206219E-05	0	3.78953593414	6201.38671875	
21.452832	-7.37679002064125E-03	-3.20952679047E-05	0	3.70416698663	6252.328125	
21.456928	-7.37726583455812E-03	-3.21806098866656E-05	0	3.76866576515	6252.328125	
21.461024	-7.38045865200187E-03	-3.12089404256437E-05	0	3.68755019699	6252.328125	
21.46512	-7.38170194901219E-03	-3.1140778474575E-05	0	3.62363506604	6252.328125	
21.469216	-7.37674649884562E-03	-3.37634186403937E-05	0	3.7443471164	6252.328125	
21.473312	-7.37746936295531E-03	-3.2935899756375E-05	0	3.66359394379	6252.328125	
21.477408	-7.37868367591266E-03	-3.21881798310187E-05	0	3.6402060794	6304.40625	
21.481504	-7.37770525840219E-03	-3.28624878105563E-05	0	3.66957156302	6304.40625	
21.4856	-7.38051424286687E-03	-3.16194114094031E-05	0	3.56698691954	6304.40625	
21.489696	-7.37880217223016E-03	-3.25946525014688E-05	0	3.57753835208	6304.40625	
21.493792	-7.37530753661969E-03	-3.41340889428E-05	0	3.66179341011	6304.40625	
21.497888	-7.37812950447719E-03	-3.23955909216844E-05	0	3.54677669192	6355.06640625	
21.501984	-7.37961811446578E-03	-3.19038515095781E-05	0	3.5820702038	6355.06640625	
21.50608	-7.37995540838187E-03	-3.22818996892219E-05	0	3.58100971998	6355.06640625	
21.510176	-7.38334681687625E-03	-3.10367792997281E-05	0	3.45387373166	6355.06640625	
21.514272	-7.37978196122578E-03	-3.31083587185312E-05	0	3.5287789845	6404.7265625	
21.518368	-7.37784615564391E-03	-3.38258575202625E-05	0	3.560250177	6404.7265625	
21.522464	-7.3797677892125E-03	-3.24514454331375E-05	0	3.4590083044	6404.7265625	
21.52656	-7.37853948710656E-03	-3.30791053824E-05	0	3.50621509315	6404.7265625	
21.530656	-7.38060878391031E-03	-3.22301451736687E-05	0	3.47100550445	6404.7265625	
21.534752	-7.38339152729234E-03	-3.12105324913594E-05	0	3.37475706106	6404.7265625	
21.538848	-7.37924415617984E-03	-3.35617746112688E-05	0	3.48260216205	6404.7265625	
21.542944	-7.37902142699047E-03	-3.33187315850812E-05	0	3.44452774116	6455.70703125	
21.54704	-7.38134051695734E-03	-3.20484770861062E-05	0	3.39310953465	6455.70703125	
21.551136	-7.38049476777766E-03	-3.27889741821469E-05	0	3.44681655516	6455.70703125	
21.555232	-7.38322768053234E-03	-3.17536107944344E-05	0	3.35649614003	6455.70703125	
21.559328	-7.38252054278578E-03	-3.231987152625E-05	0	3.31435144491	6508.40625	
21.563424	-7.37760075123328E-03	-3.45970860759562E-05	0	3.42758670287	6508.40625	
21.56752	-7.37945536489391E-03	-3.3064341935625E-05	0	3.31890237008	6508.40625	
21.571616	-7.38100779465844E-03	-3.23013789966656E-05	0	3.33252081338	6508.40625	
21.575712	-7.38182446835281E-03	-3.24034296157687E-05	0	3.35319643318	6508.40625	
21.579808	-7.38629880152656E-03	-3.07867074344156E-05	0	3.23578408967	6560.25	
21.583904	-7.38418817730344E-03	-3.24415781353125E-05	0	3.27933259071	6560.25	
21.588	-7.38117593873859E-03	-3.39258223241437E-05	0	3.3335431503	6560.25	
21.592096	-7.38392073769797E-03	-3.22748802250875E-05	0	3.22470241522	6560.25	
21.596192	-7.38415151293359E-03	-3.2347731113775E-05	0	3.28096909272	6611.2265625	
21.600288	-7.38466517984078E-03	-3.24484302919219E-05	0	3.26477191898	6611.2265625	
21.604384	-7.38696964063266E-03	-3.15184341065344E-05	0	3.14111111325	6611.2265625	
21.60848	-7.38290766732922E-03	-3.36836631913031E-05	0	3.23957970622	6611.2265625	
21.612576	-7.38297496153422E-03	-3.33019734287625E-05	0	3.23316339764	6611.2265625	
21.616672	-7.38608484984219E-03	-3.16625166547594E-05	0	3.15924614951	6611.2265625	
21.620768	-7.38537039750813E-03	-3.24626586430781E-05	0	3.20903929808	6663.52734375	
21.624864	-7.38791102804391E-03	-3.16583332454812E-05	0	3.15656823713	6663.52734375	
21.62896	-7.38912598102766E-03	-3.14721387201375E-05	0	3.08304771676	6663.52734375	
21.633056	-7.38460072003844E-03	-3.38935002410812E-05	0	3.19737397606	6663.52734375	
21.637152	-7.38571409168828E-03	-3.2880142119825E-05	0	3.11245516197	6663.52734375	
21.641248	-7.38747928451672E-03	-3.19412120491406E-05	0	3.10238819506	6714.046875	
21.645344	-0.00738695510289	-3.25707340157719E-05	0	3.14721080256	6714.046875	
21.64944	-7.39041691428906E-03	-3.1261012969725E-05	0	3.04112427366	6714.046875	
21.653536	-7.38992107668891E-03	-3.19501377613688E-05	0	3.0480517507	6714.046875	
21.657632	-7.38710358901625E-03	-3.34982290017375E-05	0	3.13535093135	6714.046875	
21.661728	-7.38987243468203E-03	-3.18781272564563E-05	0	3.01702687693	6763.80859375	
21.665824	-7.39015980653844E-03	-3.19757721107344E-05	0	3.05242338544	6763.80859375	
21.66992	-7.39083247429141E-03	-3.207877176735E-05	0	3.06084622096	6763.80859375	
21.674016	-7.39415969728047E-03	-3.0829640324175E-05	0	2.93663228518	6763.80859375	
21.678112	-7.39005977955438E-03	-3.317993989695E-05	0	3.01829335401	6814.9296875	
21.682208	-7.38767970421422E-03	-3.39238105473094E-05	0	3.03364748126	6814.9296875	
21.686304	-7.39030207526531E-03	-3.21018907346156E-05	0	2.93770039838	6814.9296875	
21.6904	-7.39082442824516E-03	-3.20566652990719E-05	0	2.99831200779	6814.9296875	
21.694496	-7.39344131335563E-03	-3.1314209070375E-05	0	2.9494420142	6814.9296875	
21.698592	-7.39630927168203E-03	-3.04983697419844E-05	0	2.85919789287	6867.3671875	
21.702688	-7.39224848699906E-03	-3.30120191514094E-05	0	2.98554424036	6867.3671875	
21.706784	-7.39277212003172E-03	-3.24900999617906E-05	0	2.93416799544	6867.3671875	
21.71088	-7.39482239890797E-03	-3.14230993461E-05	0	2.88930342635	6867.3671875	
21.714976	-7.39379085920578E-03	-3.23187724888875E-05	0	2.93283666863	6867.3671875	
21.719072	-7.39676359899813E-03	-3.10995256312125E-05	0	2.85174017392	6919.2890625	
21.723168	-7.39611205211656E-03	-3.17219067396E-05	0	2.82818446317	6919.2890625	
21.727264	-7.39205346180984E-03	-3.37071475428188E-05	0	2.920908133	6919.2890625	
21.73136	-7.39451344901844E-03	-3.19907973360937E-05	0	2.8276771094	6919.2890625	
21.735456	-7.39668880734094E-03	-3.11013304371E-05	0	2.83461221582	6919.2890625	
21.739552	-7.39663915957828E-03	-3.17607321815437E-05	0	2.86399677289	6919.2890625	
21.743648	-7.40008734755813E-03	-3.05245156293E-05	0	2.74458934651	6969.98828125	
21.747744	-7.39803834873469E-03	-3.19765055234625E-05	0	2.79353944859	6969.98828125	
21.75184	-7.39533515149172E-03	-3.32411410376719E-05	0	2.86046055526	6969.98828125	
21.755936	-7.39737180694875E-03	-3.1768808615775E-05	0	2.74732066455	7022.3671875	
21.760032	-7.39642767656719E-03	-3.22592576445562E-05	0	2.79264299644	7022.3671875	
21.764128	-7.39797004877391E-03	-3.16529517604781E-05	0	2.78028340084	7022.3671875	
21.768224	-7.40170405426031E-03	-3.02126911815094E-05	0	2.66351573994	7022.3671875	
21.77232	-7.39861053234187E-03	-3.23570258160187E-05	0	2.76027535179	7022.3671875	
21.776416	-7.39834921870344E-03	-3.2413769509275E-05	0	2.76220558493	7072.44921875	
21.780512	-7.40133101029781E-03	-3.09054753444938E-05	0	2.67797341504	7072.44921875	
21.784608	-7.40123235479891E-03	-3.14285426098875E-05	0	2.75046396911	7072.44921875	
21.788704	-7.40385518301172E-03	-3.06207217830938E-05	0	2.68323005786	7072.44921875	
21.7928	-7.40487163637719E-03	-3.0550340603475E-05	0	2.59869652746	7072.44921875	
21.796896	-7.39988573924016E-03	-3.31818206643E-05	0	2.72798781563	7122.4296875	
21.800992	-7.40087064844703E-03	-3.209638713435E-05	0	2.64752837415	7122.4296875	
21.805088	-7.40242655264063E-03	-3.11566597086937E-05	0	2.63567231763	7122.4296875	
21.809184	-7.40223152745141E-03	-3.15899537465531E-05	0	2.67575326546	7122.4296875	
21.81328	-7.40639947084125E-03	-2.99123883568125E-05	0	2.57749829513	7122.4296875	
21.817376	-7.40570120203203E-03	-3.08534965503188E-05	0	2.57265363883	7122.4296875	
21.821472	-7.40225109397297E-03	-3.27784405388344E-05	0	2.66871134772	7174.046875	
21.825568	-7.40497248625234E-03	-3.10646944160438E-05	0	2.55037203454	7174.046875	
21.829664	-7.40608549217281E-03	-3.07575502520344E-05	0	2.60000115144	7174.046875	
21.83376	-7.40647051377234E-03	-3.10728013790906E-05	0	2.61239507925	7174.046875	
21.837856	-7.40966964004781E-03	-2.98360194427969E-05	0	2.47914414286	7226.5078125	
21.841952	-7.40645323305938E-03	-3.18124653028875E-05	0	2.54583255344	7226.5078125	
21.846048	-7.40493719336766E-03	-3.23271765670219E-05	0	2.59020502752	7226.5078125	
21.850144	-7.40791807063859E-03	-3.05165372718937E-05	0	2.48850157743	7226.5078125	
21.85424	-7.40757757659047E-03	-3.10222603238625E-05	0	2.54366962421	7226.5078125	
21.858336	-7.40999678497375E-03	-3.03023454187781E-05	0	2.51853844649	7278.0078125	
21.862432	-7.41270135370187E-03	-2.95112899598344E-05	0	2.41437452135	7278.0078125	
21.866528	-7.40813860545172E-03	-3.22232495074875E-05	0	2.53298849221	7278.0078125	
21.870624	-7.40781831795156E-03	-3.19335120568406E-05	0	2.48377136183	7278.0078125	
21.87472	-7.40965107928203E-03	-3.07072262638969E-05	0	2.43673241944	7278.0078125	
21.878816	-7.40854392503156E-03	-3.14307406846125E-05	0	2.49891949582	7328.88671875	
21.882912	-7.41134970936422E-03	-3.02144620932E-05	0	2.42200771604	7328.88671875	
21.887008	-7.41211243797578E-03	-3.01808041941656E-05	0	2.37724995827	7328.88671875	
21.891104	-7.40863215724328E-03	-3.21598921189219E-05	0	2.49448301135	7328.88671875	
21.8952	-7.4108547860875E-03	-3.07407810380344E-05	0	2.39511796623	7328.88671875	
21.899296	-7.41211262084047E-03	-3.0329960054625E-05	0	2.40336151132	7381.20703125	
21.903392	-7.41229713131016E-03	-3.07478334348281E-05	0	2.4338103669	7381.20703125	
21.907488	-7.41621573869859E-03	-2.92022424323437E-05	0	2.31381929295	7381.20703125	
21.911584	-7.41390039745781E-03	-3.08676549496219E-05	0	2.3596146464	7381.20703125	
21.91568	-7.41033426175453E-03	-3.24958081291594E-05	0	2.42370906778	7381.20703125	
21.919776	-7.41259108629531E-03	-3.07696774033687E-05	0	2.3140291009	7430.98828125	
21.923872	-7.41309140408031E-03	-3.0592979022375E-05	0	2.36522987008	7430.98828125	
21.927968	-7.41437767429219E-03	-3.03495585927187E-05	0	2.36173179935	7430.98828125	
21.932064	-7.41787605862875E-03	-2.90166565602375E-05	0	2.23221162978	7430.98828125	
21.93616	-7.41414936772984E-03	-3.13650962791031E-05	0	2.34256679679	7480.90625	
21.940256	-7.41338517620078E-03	-3.14928966320719E-05	0	2.3428300104	7480.90625	
21.944352	-7.41584498054469E-03	-2.99939012560687E-05	0	2.26209972593	7480.90625	
21.948448	-7.4149070675625E-03	-3.07565920799156E-05	0	2.31923615275	7480.90625	
21.952544	-7.41706176217531E-03	-2.99147236910156E-05	0	2.26294658711	7480.90625	
21.95664	-7.41801110420047E-03	-2.96972231873625E-05	0	2.1982532594	7480.90625	
21.960736	-7.41310639898469E-03	-3.22329422862563E-05	0	2.30863894393	7480.90625	
21.964832	-7.41411873789469E-03	-3.11013388505531E-05	0	2.24652434666	7532.90625	
21.968928	-7.41643051327406E-03	-2.98363237694156E-05	0	2.21953160022	7532.90625	
21.973024	-7.41654599232422E-03	-3.02971704239531E-05	0	2.26942774542	7532.90625	
21.97712	-7.42055173473625E-03	-2.88629175312844E-05	0	2.16523330276	7532.90625	
21.981216	-7.42033842307828E-03	-2.96399215619719E-05	0	2.16672103186	7585.1875	
21.985312	-0.0074168746916	-3.16039929152062E-05	0	2.27250620025	7585.1875	
21.989408	-7.41891683299766E-03	-3.01692407441906E-05	0	2.16579787688	7585.1875	
21.993504	-7.41876267806609E-03	-3.02786098655906E-05	0	2.19618188273	7585.1875	
21.9976	-7.41868715495016E-03	-3.051161179605E-05	0	2.20495948442	7585.1875	
22.001696	-7.42232140774953E-03	-2.88673478153156E-05	0	2.08729537137	7636.8671875	
22.005792	-7.41921956548781E-03	-3.08104379395312E-05	0	2.15473146119	7636.8671875	
22.009888	-7.41736696333875E-03	-3.14958105714656E-05	0	2.19473611522	7636.8671875	
22.013984	-7.42037645893328E-03	-2.96343254137219E-05	0	2.09323102901	7636.8671875	
22.01808	-7.42100478199953E-03	-2.96755313821312E-05	0	2.16205948068	7687.66796875	
22.022176	-7.42298849812953E-03	-2.92429859012156E-05	0	2.12500739671	7687.66796875	
22.026272	-7.42532322302719E-03	-2.85681305664562E-05	0	2.01813504167	7687.66796875	
22.030368	-7.42041211754734E-03	-3.13526595126937E-05	0	2.13915989661	7687.66796875	
22.034464	-0.00741970104821	-3.1139009245575E-05	0	2.12012459351	7687.66796875	
22.03856	-7.42159068045828E-03	-2.97593543752312E-05	0	2.05831898613	7739.90625	
22.042656	-7.42071997024875E-03	-3.04373969664187E-05	0	2.1078832533	7739.90625	
22.046752	-7.42421296007703E-03	-2.89533400370156E-05	0	2.03800576188	7739.90625	
22.050848	-7.42465055527422E-03	-2.92179176570531E-05	0	1.99140169415	7739.90625	
22.054944	-7.42062771501391E-03	-3.14593017137437E-05	0	2.10229473245	7739.90625	
22.05904	-7.42275333414141E-03	-2.99674481575219E-05	0	2.01080320749	7739.90625	
22.063136	-7.42469535712266E-03	-2.91334617318937E-05	0	2.02559276062	7789.40625	
22.067232	-7.42433090780047E-03	-2.98384271326969E-05	0	2.06029499555	7789.40625	
22.071328	-7.42759339669016E-03	-2.85260536854562E-05	0	1.95137415198	7789.40625	
22.075424	-7.42547097769469E-03	-2.99399267908125E-05	0	1.96961599956	7789.40625	
22.07952	-7.42235112326125E-03	-3.1356389797425E-05	0	2.05782689112	7839.46484375	
22.083616	-7.42492540089953E-03	-2.95313892185812E-05	0	1.94554530566	7839.46484375	
22.087712	-7.42505340618078E-03	-2.96391629088844E-05	0	1.99243166045	7839.46484375	
22.091808	-7.42668830791937E-03	-2.92129186235906E-05	0	1.98782351493	7839.46484375	
22.095904	-7.43074845257594E-03	-2.76933941815781E-05	0	1.87738442474	7839.46484375	
22.1	-7.42706052899078E-03	-3.01521035017125E-05	0	1.97180944631	7891.60546875	
22.104096	-7.42562321254703E-03	-3.06223917333469E-05	0	1.97034842004	7891.60546875	
22.108192	-7.42790664389984E-03	-2.91046418087906E-05	0	1.89354726627	7891.60546875	
22.112288	-7.42722839877391E-03	-2.96539931825156E-05	0	1.95942314788	7891.60546875	
22.116384	-7.42907140052688E-03	-2.89663698316781E-05	0	1.91436021491	7943.74609375	
22.12048	-7.43057738266078E-03	-2.84872674261656E-05	0	1.82863268654	7943.74609375	
22.124576	-7.42630081764656E-03	-3.08393636317594E-05	0	1.95772179614	7943.74609375	
22.128672	-7.42745432809531E-03	-2.97897932871E-05	0	1.8891489287	7943.74609375	
22.132768	-7.42947900591531E-03	-2.87186746466812E-05	0	1.86239269304	7943.74609375	
22.136864	-7.42920214877844E-03	-2.93528855509312E-05	0	1.9086801415	7995.28515625	
22.14096	-7.43319765076797E-03	-2.78130183408E-05	0	1.82869753627	7995.28515625	
22.145056	-7.43245101424891E-03	-2.87773868475844E-05	0	1.8210948591	7995.28515625	
22.149152	-7.42826002990844E-03	-3.09668353792875E-05	0	1.90662402359	7995.28515625	
22.153248	-7.43019775556953E-03	-2.93973544968469E-05	0	1.80529059843	7995.28515625	
22.157344	-7.43157893255422E-03	-2.87491159623937E-05	0	1.83269533139	7995.28515625	
22.16144	-7.43220707275578E-03	-2.88998742250969E-05	0	1.85693005696	8046.4453125	
22.165536	-7.43605472864547E-03	-2.74239490183312E-05	0	1.7272534851	8046.4453125	
22.169632	-7.43363753177375E-03	-2.92244498620594E-05	0	1.80494727633	8046.4453125	
22.173728	-7.43214837319109E-03	-2.99441395269844E-05	0	1.85045652803	8046.4453125	
22.177824	-7.43563615137578E-03	-2.80038443518969E-05	0	1.75116014733	8098.42578125	
22.18192	-7.43552323243125E-03	-2.85235289283656E-05	0	1.80302467257	8098.42578125	
22.186016	-7.43723402301516E-03	-2.811879880425E-05	0	1.7771114834	8098.42578125	
22.190112	-7.43940645550266E-03	-2.74113331655625E-05	0	1.68383468352	8098.42578125	
22.194208	-7.43476397824875E-03	-3.00368274150656E-05	0	1.78979914234	8098.42578125	
22.198304	-7.43436323028609E-03	-2.9701710682875E-05	0	1.76767775503	8147.88671875	
22.2024	-7.43707063341688E-03	-2.80678870763156E-05	0	1.70102367666	8147.88671875	
22.206496	-7.43710821211016E-03	-2.84439364598812E-05	0	1.7695583972	8147.88671875	
22.210592	-7.44037563834641E-03	-2.72886388171031E-05	0	1.6908613425	8147.88671875	
22.214688	-7.44157175626734E-03	-2.72708229695344E-05	0	1.64425727477	8147.88671875	
22.218784	-7.43739092091703E-03	-2.97241996026937E-05	0	1.76905867281	8198.36328125	
22.22288	-7.43899281557953E-03	-2.84921688635719E-05	0	1.68507445777	8198.36328125	
22.226976	-7.43992697983563E-03	-2.80081287226125E-05	0	1.68022598678	8198.36328125	
22.231072	-7.43952952343734E-03	-2.85195262881375E-05	0	1.71800286185	8198.36328125	
22.235168	-7.44323564205891E-03	-2.6895313489275E-05	0	1.60598067531	8250.68359375	
22.239264	-7.44158784835984E-03	-2.81759598047812E-05	0	1.63940880378	8250.68359375	
22.24336	-7.43903917177781E-03	-2.94449140646719E-05	0	1.71830422236	8250.68359375	
22.247456	-7.44232753602078E-03	-2.74836467951719E-05	0	1.60639647652	8250.68359375	
22.251552	-7.44362066365844E-03	-2.72674926844031E-05	0	1.66073673557	8250.68359375	
22.255648	-7.44502899604922E-03	-2.72394879047156E-05	0	1.65556020124	8302.5859375	
22.259744	-7.44870384480922E-03	-2.5978672098225E-05	0	1.53366941167	8302.5859375	
22.26384	-7.44518123090156E-03	-2.8336565894175E-05	0	1.63026499185	8302.5859375	
22.267936	-7.44393034500672E-03	-2.8729911654675E-05	0	1.65553349841	8302.5859375	
22.272032	-7.44634553036687E-03	-2.71503798207469E-05	0	1.56239784206	8302.5859375	
22.276128	-7.44555354340531E-03	-2.77569570987844E-05	0	1.61986614691	8354.04296875	
22.280224	-7.44839992369859E-03	-2.66199596780906E-05	0	1.57643971595	8354.04296875	
22.28432	-7.45082635523703E-03	-2.59194171094031E-05	0	1.49426747866	8354.04296875	
22.288416	-7.44699460857516E-03	-2.83389805552219E-05	0	1.60990980601	8354.04296875	
22.292512	-7.44837779707141E-03	-2.73866509787062E-05	0	1.54648677007	8354.04296875	
22.296608	-7.45110686966766E-03	-2.613940847595E-05	0	1.53363126477	8405.28515625	
22.300704	-7.45085479069594E-03	-2.68619260226625E-05	0	1.58364948005	8405.28515625	
22.3048	-7.4541395890775E-03	-2.567880124425E-05	0	1.48908712964	8405.28515625	
22.308896	-7.45367410701547E-03	-2.64085000337812E-05	0	1.46739298761	8405.28515625	
22.312992	-7.45003016238766E-03	-2.83518137154656E-05	0	1.58594592343	8405.28515625	
22.317088	-7.45245961119344E-03	-2.66774723609625E-05	0	1.47074991481	8457.08203125	
22.321184	-7.45365115749719E-03	-2.62622456127281E-05	0	1.50359439571	8457.08203125	
22.32528	-7.45486830485719E-03	-2.61954980833219E-05	0	1.52330108425	8457.08203125	
22.329376	-7.45968011481172E-03	-2.44122205396781E-05	0	1.40753668682	8457.08203125	
22.333472	-7.45763084169125E-03	-2.62645821488531E-05	0	1.4608736824	8457.08203125	
22.337568	-0.00745592288551	-2.725446889935E-05	0	1.51471803175	8506.3828125	
22.341664	-7.45911186279531E-03	-2.54905961439938E-05	0	1.41420095025	8506.3828125	
22.34576	-7.45951800526625E-03	-2.57198875012406E-05	0	1.47753624832	8506.3828125	
22.349856	-7.46110079056891E-03	-2.54007950318719E-05	0	1.45965679629	8506.3828125	
22.353952	-7.46377244365328E-03	-2.44761861007125E-05	0	1.34459811651	8506.3828125	
22.358048	-7.45976807272641E-03	-2.68771264882312E-05	0	1.46577174436	8557.125	
22.362144	-7.46027259639922E-03	-2.63383710173719E-05	0	1.43664658621	8557.125	
22.36624	-7.46358135005484E-03	-2.46642832683844E-05	0	1.37662243906	8557.125	
22.370336	-7.46374601970594E-03	-2.52309685190062E-05	0	1.43338502626	8557.125	
22.374432	-7.46759431562203E-03	-2.3942697211125E-05	0	1.37494016077	8557.12109375	
22.378528	-7.46911629841609E-03	-2.39340751043625E-05	0	1.32396827299	8609.640625	
22.382624	-7.46511841918563E-03	-2.64008644644937E-05	0	1.43376649526	8609.640625	
22.38672	-7.46660995500922E-03	-2.53194095363344E-05	0	1.34511309966	8609.640625	
22.390816	-7.46825226276766E-03	-2.45108625083437E-05	0	1.34530764885	8609.640625	
22.394912	-7.46825372568516E-03	-2.49386416478719E-05	0	1.39070627454	8661.28125	
22.399008	-0.007472889802675	-2.30806603327781E-05	0	1.27053972485	8661.28125	
22.403104	-7.47229860114031E-03	-2.41112011291594E-05	0	1.30734003928	8661.28125	
22.4072	-7.47023396738609E-03	-2.54547286317844E-05	0	1.38691065799	8661.28125	
22.411296	-7.47370547061359E-03	-2.36496011099906E-05	0	1.27692551591	8661.28125	
22.415392	-7.47477440614438E-03	-2.36351078552531E-05	0	1.32212959241	8712.640625	
22.419488	-7.47639449584328E-03	-2.35297115664187E-05	0	1.31667077102	8712.640625	
22.423584	-7.48027662172656E-03	-2.22349145439094E-05	0	1.20680006964	8712.640625	
22.42768	-7.4769757312525E-03	-2.4525704320425E-05	0	1.29679623612	8712.640625	
22.431776	-7.47601514304906E-03	-2.48810710323656E-05	0	1.30979669964	8712.640625	
22.435872	-7.47947722874516E-03	-2.29649777561531E-05	0	1.21913296241	8763.84375	
22.439968	-7.48023383138969E-03	-2.31166994794312E-05	0	1.28320831034	8763.84375	
22.444064	-7.48359479291359E-03	-2.21721754239562E-05	0	1.23657372509	8763.84375	
22.44816	-7.48657036710859E-03	-2.15046205626656E-05	0	1.15473336583	8763.84375	
22.452256	-7.48334061099797E-03	-2.38512634083281E-05	0	1.27605958128	8763.84375	
22.456352	-7.48512893620937E-03	-2.29459426790344E-05	0	1.22514872854	8815.421875	
22.460448	-7.48762540492312E-03	-2.19130420292437E-05	0	1.19164049158	8815.421875	
22.464544	-7.48746302108062E-03	-2.25966509610187E-05	0	1.23707726417	8815.421875	
22.46864	-7.4914907986875E-03	-2.11156954708219E-05	0	1.15048380117	8815.421875	
22.472736	-7.49161880396875E-03	-2.16965756591719E-05	0	1.14301082346	8815.421875	
22.476832	-7.48824229894641E-03	-2.36965162073062E-05	0	1.23490670556	8864.8203125	
22.480928	-7.49127913281172E-03	-2.19131386637625E-05	0	1.13665554992	8864.8203125	
22.485024	-7.49376846980266E-03	-2.10694267670906E-05	0	1.16566626737	8864.8203125	
22.48912	-7.49555578925828E-03	-2.10375051643969E-05	0	1.17757191486	8864.8203125	
22.493216	-7.50033952948328E-03	-1.95422922365344E-05	0	1.05914486381	8864.8203125	
22.497312	-7.49897343883531E-03	-2.11516363002656E-05	0	1.1157586781	8915.72265625	
22.501408	-7.49780648783203E-03	-2.20547902048031E-05	0	1.17722477807	8915.72265625	
22.505504	-7.50126848209578E-03	-2.03725740985594E-05	0	1.07498345669	8915.72265625	
22.5096	-7.50152650416984E-03	-2.07653970230437E-05	0	1.12487197251	8915.72265625	
22.513696	-7.50409593589391E-03	-2.00921111578687E-05	0	1.10207157038	8915.72265625	
22.517792	-7.50810094684719E-03	-1.88261499238312E-05	0	1.00345801919	8968.3828125	
22.521888	-7.50530549436937E-03	-2.09946044861438E-05	0	1.10148792281	8968.3828125	
22.525984	-7.5062516362625E-03	-2.06036899732125E-05	0	1.07002435969	8968.3828125	
22.53008	-7.51017838112953E-03	-1.89464103804937E-05	0	1.02647585865	8968.3828125	
22.534176	-7.51140951763813E-03	-1.92179355897375E-05	0	1.08566458869	8968.3828125	
22.538272	-7.51553659077031E-03	-1.81180883722781E-05	0	1.01523396722	9020.1015625	
22.542368	-7.5169923765475E-03	-1.82523468918656E-05	0	0.95565232411	9020.1015625	
22.546464	-7.51316959025531E-03	-2.06426019535312E-05	0	1.0702494264	9020.1015625	
22.55056	-7.51536360077594E-03	-1.93448234436187E-05	0	0.98711970192	9020.1015625	
22.554656	-7.51760981916484E-03	-1.84890779051344E-05	0	0.99193765539	9071.5	
22.558752	-7.51880118260391E-03	-1.86159157590656E-05	0	1.01716038567	9071.5	
22.562848	-7.52407362870625E-03	-1.68011175738656E-05	0	0.91748253597	9071.5	
22.566944	-7.52394160040188E-03	-1.78147050218156E-05	0	0.93615162883	9071.5	
22.57104	-7.52185548004687E-03	-1.93314059089594E-05	0	1.00775717482	9071.5	
22.575136	-7.52570048439859E-03	-1.746430945875E-05	0	0.90319270723	9071.5	
22.579232	-7.52759285961719E-03	-1.71594799558875E-05	0	0.95331773383	9122.71875	
22.583328	-7.5293891394425E-03	-1.714647900735E-05	0	0.95246705796	9122.71875	
22.587424	-7.53307102849297E-03	-1.60543983686625E-05	0	0.83296044964	9122.71875	
22.59152	-7.5301410790375E-03	-1.81114391000813E-05	0	0.92724432768	9122.71875	
22.595616	-7.52985297572234E-03	-1.82604896721844E-05	0	0.92697348469	9122.71875	
22.599712	-7.53358085524172E-03	-1.64640780070594E-05	0	0.84612113014	9174.1796875	
22.603808	-7.53440411206484E-03	-1.67065575722719E-05	0	0.89916439459	9174.1796875	
22.607904	-7.53845218765203E-03	-1.55547914163469E-05	0	0.85976627627	9174.1796875	
22.612	-7.54176084987531E-03	-1.4890490878725E-05	0	0.77776188534	9174.1796875	
22.616096	-7.53865151016141E-03	-1.71732530190375E-05	0	0.88466094321	9174.1796875	
22.620192	-7.54021939199203E-03	-1.64932029779344E-05	0	0.82647929133	9223.5	
22.624288	-7.54294910461469E-03	-1.53999153693E-05	0	0.7960113623	9223.5	
22.628384	-7.54315034720328E-03	-1.59315424819031E-05	0	0.84641867596	9223.5	
22.63248	-7.54720409159578E-03	-1.45931176184062E-05	0	0.75948189086	9223.5	
22.636576	-7.54786761611437E-03	-1.49532199025344E-05	0	0.73686459385	9274.859375	
22.640672	-7.54539034819281E-03	-1.65851588955937E-05	0	0.83851082359	9274.859375	
22.644768	-7.54875807571016E-03	-1.49742749295562E-05	0	0.72758345308	9274.859375	
22.648864	-7.55076785005812E-03	-1.44989525683406E-05	0	0.75658272646	9274.859375	
22.65296	-7.55266735699953E-03	-1.44029130009187E-05	0	0.76899954241	9274.859375	
22.657056	-7.55746225197047E-03	-1.29349776900094E-05	0	0.64709730877	9274.859375	
22.661152	-7.55538719492906E-03	-1.46998348193812E-05	0	0.70943697275	9327.3203125	
22.665248	-7.55352508381625E-03	-1.57428712763437E-05	0	0.75171518202	9327.3203125	
22.669344	-0.007556533573655	-1.41527572414594E-05	0	0.64542265986	9327.3203125	
22.67344	-7.55752991190484E-03	-1.40649679061719E-05	0	0.70154819383	9327.3203125	
22.677536	-7.56016197478437E-03	-1.34653322077312E-05	0	0.66843286994	9327.3203125	
22.681632	-7.5638232915575E-03	-1.24230041635219E-05	0	0.55814636735	9378.859375	
22.685728	-7.56092561771938E-03	-1.4460856692975E-05	0	0.67597069738	9378.859375	
22.689824	-7.56206321894031E-03	-1.40185124237812E-05	0	0.65587491046	9378.859375	
22.69392	-7.56552557893344E-03	-1.25999525442656E-05	0	0.58664973103	9378.859375	
22.698016	-7.56595896824281E-03	-1.30919595041812E-05	0	0.63597748742	9378.859375	
22.702112	-7.56979985813906E-03	-1.19880183004312E-05	0	0.56668745826	9430.41796875	
22.706208	-7.5711144723775E-03	-1.20669405772781E-05	0	0.51597115471	9430.41796875	
22.710304	-7.56743806926766E-03	-1.41962910921562E-05	0	0.62467074626	9430.41796875	
22.7144	-0.007569857826245	-1.29176106400687E-05	0	0.5398549288	9430.41796875	
22.718496	-7.57316813425047E-03	-1.16728803944156E-05	0	0.53415578194	9481.796875	
22.722592	-7.57483165431266E-03	-1.175796901125E-05	0	0.5623997467	9481.796875	
22.726688	-7.58021116768953E-03	-1.01978429271469E-05	0	0.45054159183	9481.796875	
22.730784	-7.58040564428469E-03	-1.10939271272156E-05	0	0.46966844749	9481.796875	
22.73488	-7.57899630613812E-03	-1.23687501312375E-05	0	0.5587757912	9481.796875	
22.738976	-7.58260413499016E-03	-1.08703119662156E-05	0	0.44340049215	9532.71875	
22.743072	-7.58380509882531E-03	-1.08663001913812E-05	0	0.47866348651	9532.71875	
22.747168	-7.58565212360141E-03	-1.07199046647E-05	0	0.47909454648	9532.71875	
22.751264	-7.58963098490438E-03	-9.5355221952375E-06	0	0.35903480811	9532.71875	
22.75536	-7.58709465168875E-03	-1.13224393987031E-05	0	0.44071876508	9532.71875	
22.759456	-7.58712217282422E-03	-1.14746164099875E-05	0	0.46018894284	9582.19921875	
22.763552	-7.59168126378063E-03	-9.55074982424062E-06	0	0.36477973125	9582.19921875	
22.767648	-7.59320544095094E-03	-9.64123627221562E-06	0	0.42746653202	9582.19921875	
22.771744	-7.59684929414641E-03	-8.92307016345937E-06	0	0.37706684774	9582.19921875	
22.77584	-7.59968077096766E-03	-8.46137230785E-06	0	0.28372519813	9633.81640625	
22.779936	-7.59647551872516E-03	-1.05811543226812E-05	0	0.39783783479	9633.81640625	
22.784032	-7.59784499236984E-03	-9.99487077435E-06	0	0.33908016472	9633.81640625	
22.788128	-7.60017889437641E-03	-9.08008466990625E-06	0	0.31300294388	9633.81640625	
22.792224	-7.60057278491328E-03	-9.41442063364687E-06	0	0.34804850091	9633.81640625	
22.79632	-7.60496025736047E-03	-8.022013131825E-06	0	0.26892420093	9686.296875	
22.800416	-0.007605798783385	-8.29757655818437E-06	0	0.24422789787	9686.296875	
22.804512	-0.007602925613415	-1.00447678398375E-05	0	0.34059841134	9686.296875	
22.808608	-7.60580372073156E-03	-8.72316868066875E-06	0	0.23337129013	9686.296875	
22.812704	-7.60772123984469E-03	-8.18449157511562E-06	0	0.26472422724	9686.296875	
22.8168	-7.60860932219953E-03	-8.40462116267812E-06	0	0.2809900654	9686.296875	
22.820896	-7.6121551599225E-03	-7.34180299472812E-06	0	0.16615263764	9737.5546875	
22.824992	-7.60991662185047E-03	-8.7360883792875E-06	0	0.22477679356	9737.5546875	
22.829088	-7.60814438873156E-03	-9.54898299908437E-06	0	0.26703592938	9737.5546875	
22.833184	-7.61112032865594E-03	-8.05059267055312E-06	0	0.15667694768	9737.5546875	
22.83728	-7.6118186888975E-03	-8.0401333060125E-06	0	0.21184880915	9737.5546875	
22.841376	-7.61484500804328E-03	-7.31475542562187E-06	0	0.19542275401	9788.9765625	
22.845472	-7.61958284923172E-03	-5.97982935670312E-06	0	0.08581526624	9788.9765625	
22.849568	-7.61806306081391E-03	-7.50822374176875E-06	0	0.18978464219	9788.9765625	
22.853664	-7.62001175835625E-03	-7.17524979589687E-06	0	0.1673504503	9788.9765625	
22.85776	-7.62464792677844E-03	-5.71044068378437E-06	0	0.10340480183	9788.9765625	
22.861856	-7.62692194059984E-03	-5.76686947350937E-06	0	0.16772047523	9840.41796875	
22.865952	-7.63303446707656E-03	-4.3868119593375E-06	0	0.10773828967	9840.41796875	
22.870048	-7.6380546513425E-03	-3.61000480345312E-06	0	0.04232780024	9840.41796875	
22.874144	-7.63819234845219E-03	-4.98645679238437E-06	0	0.16274993416	9840.41796875	
22.87824	-7.64378032757281E-03	-0.000003673304019	0	0.07668289838	9891.07421875	
22.882336	-7.64953690793531E-03	-2.54480851288125E-06	0	0.07622513558	9891.07421875	
22.886432	-7.65400612089781E-03	-2.382653386575E-06	0	0.10792139479	9891.07421875	
22.890528	-7.66129885606766E-03	-1.02951699932812E-06	0	0.00197982411	9891.07421875	
22.894624	-7.66238872960516E-03	-2.07302268659062E-06	0	0.03580849503	9891.07421875	
22.89872	-7.66060095298781E-03	-3.80807936499375E-06	0	0.11186196956	9940.65234375	
22.902816	-7.66419387836781E-03	-2.66639276629687E-06	0	0.00561522368	9940.65234375	
22.906912	-7.66637033387844E-03	-2.33559261632812E-06	0	0.04734411759	9940.65234375	
22.911008	-7.66833183194891E-03	-2.32083590031562E-06	0	0.05468739584	9940.65234375	
22.915104	-7.67225555954859E-03	-1.39854163030312E-06	0	-0.06048953933	9940.65234375	
22.9192	-7.67033676038266E-03	-2.7879866350875E-06	0	0.03684609071	9992.49609375	
22.923296	-7.67100595370656E-03	-2.85881877579375E-06	0	0.06495654132	9992.49609375	
22.927392	-7.67558113675547E-03	-1.290931401375E-06	0	-0.02294917504	9992.49609375	
22.931488	-7.67693936422187E-03	-1.47416270852812E-06	0	0.04447165602	9992.49609375	
22.935584	-7.6803973354625E-03	-9.33682479778125E-07	0	0.00297164351	9992.49609375	
22.93968	-7.68346196476031E-03	-4.1394237451875E-07	0	-0.07011018751	9992.49609375	
22.943776	-7.68052716939063E-03	-2.20279731643125E-06	0	0.05199803939	10044.97265625	
22.947872	-7.68200407603922E-03	-1.79427921533437E-06	0	0.00851438808	10044.97265625	
22.951968	-7.68482284376469E-03	-8.62117166728125E-07	0	-0.02927011637	10044.97265625	
22.956064	-7.68558694386141E-03	-1.10980201519687E-06	0	0.04507819173	10044.97265625	
22.96016	-7.69034874032391E-03	8.01143429625E-08	0	-0.04635611288	10095.99609375	
22.964256	-7.69239773914734E-03	1.95089949140625E-07	0	-0.05543888977	10095.99609375	
22.968352	-7.69090894629406E-03	-1.1010681297E-06	0	0.06758104804	10095.99609375	
22.972448	-7.69439672447875E-03	-9.602923089375E-08	0	-0.02262874108	10095.99609375	
22.976544	-7.69605978737922E-03	9.7676585015625E-08	0	0.00972364481	10095.99609375	
22.98064	-7.69719565138562E-03	-1.2643448895E-07	0	0.03340142564	10147.6328125	
22.984736	-7.70162810854594E-03	1.00344082348125E-06	0	-0.07449326632	10147.6328125	
22.988832	-7.69994264472125E-03	-1.10173687903125E-07	0	-0.01437375192	10147.6328125	
22.992928	-7.69784308381172E-03	-1.13935679333437E-06	0	0.0546263608	10147.6328125	
22.997024	-7.70075812979516E-03	3.01317006375E-08	0	-0.04681769037	10147.6328125	
23.00112	-7.70170683179391E-03	1.66598631478125E-07	0	0.02739328889	10198.9921875	
23.005216	-7.70404183098859E-03	5.14615591153125E-07	0	0.01430127281	10198.9921875	
23.009312	-7.7070897281675E-03	1.22452257355312E-06	0	-0.09296018061	10198.9921875	
23.013408	-7.70283044386625E-03	-6.21423657421875E-07	0	0.02595896545	10198.9921875	
23.017504	-7.70134768554766E-03	-1.06410927242812E-06	0	0.02065654635	10249.390625	
23.0216	-7.70255139235313E-03	-2.46250474903125E-07	0	-0.02515788055	10249.390625	
23.025696	-7.70135820026719E-03	-6.15352028878125E-07	0	0.04505911828	10249.390625	
23.029792	-7.70377448281547E-03	1.682834855625E-07	0	0.07356629665	10249.390625	
23.033888	-7.70459298515672E-03	4.11259444509375E-07	0	0.07755646239	10249.390625	
23.037984	-7.70104522735453E-03	-9.90241077065625E-07	0	0.04166785887	10249.390625	
23.04208	-7.70387652131109E-03	4.246678445625E-08	0	0.00634001478	10249.390625	
23.046176	-7.70568212723547E-03	6.45972190565625E-07	0	0.01741405985	10249.390625	
23.050272	-7.70157096333109E-03	-8.6845249693125E-07	0	-0.00383757814	10249.390625	
23.054368	-7.69949270615766E-03	-1.32362824367812E-06	0	-0.00129317991	10249.390625	
23.058464	-7.70099951118266E-03	-4.64951458125E-07	0	-0.00671766909	10249.390625	
23.06256	-7.70389773361484E-03	4.36212784940625E-07	0	-0.00765608283	10249.390625	
23.066656	-7.70701996528922E-03	1.06326263865937E-06	0	-0.01139066434	10249.390625	
23.070752	-7.70570471102437E-03	3.0412806125625E-07	0	-0.01778408478	10249.390625	
23.074848	-7.70245255398953E-03	-9.06423853190625E-07	0	-0.00711439685	10249.390625	
23.078944	-7.70367509585781E-03	-2.848333690125E-07	0	-0.01161191636	10249.390625	
23.08304	-0.007704592527995	1.0466191456875E-07	0	-0.00776289415	10249.390625	
23.087136	-7.70392808915297E-03	-1.69503917034375E-07	0	-0.00872801072	10249.390625	
23.091232	-7.70253328874906E-03	-5.2840091390625E-07	0	-0.00485991506	10249.390625	
23.095328	-7.70007275294641E-03	-1.07548426105312E-06	0	0.0072097641	10249.390625	
23.099424	-7.70033287796437E-03	-7.47903338634375E-07	0	0.00502013204	10249.390625	
23.10352	-7.70336285440391E-03	2.848622151375E-07	0	0.004577628	10249.390625	
23.107616	-7.70410080485031E-03	3.47561431284375E-07	0	0.00165176077	10249.390625	
23.111712	-7.70293833403187E-03	-2.18951463740625E-07	0	-0.00237273718	10249.390625	
23.115808	-7.70215375309016E-03	-4.59597617325E-07	0	-0.0054550067	10249.390625	
23.119904	-7.70318574995406E-03	-1.29888091265625E-07	0	-0.01116178294	10249.390625	
23.124	-7.70576405061547E-03	5.43047293490625E-07	0	-0.01181409493	10249.390625	
23.128096	-7.70629527253266E-03	4.86486051975E-07	0	-0.01620480312	10249.390625	
23.132192	-7.70426666312187E-03	-2.9426557111875E-07	0	-0.00862882878	10249.390625	
23.136288	-7.70333478467438E-03	-5.078235306375E-07	0	-0.0054168598	10249.390625	
23.140384	-7.70334429363813E-03	-3.28976834484375E-07	0	-0.00542067449	10249.390625	
23.14448	-7.70307895697656E-03	-3.1221651470625E-07	0	-0.00546263608	10249.390625	
23.148576	-7.70262810408953E-03	-3.45766240771875E-07	0	-0.00582503163	10249.390625	
23.152672	-7.70127591115781E-03	-6.23832068475E-07	0	0.00115585107	10249.390625	
23.156768	-7.70156072290859E-03	-4.51382240925E-07	0	0.0025939892	10249.390625	
23.160864	-7.70351454066219E-03	1.450642780125E-07	0	0.00439070819	10249.390625	
23.16496	-7.70383693110625E-03	1.4017293675E-07	0	0.00144576751	10249.390625	
23.169056	-7.70247285196984E-03	-3.29597026171875E-07	0	-0.00006866442	10249.390625	
23.173152	-7.70055222415703E-03	-7.6336894816875E-07	0	-0.00443648447	10249.390625	
23.177248	-7.69952671898953E-03	-8.542606842E-07	0	-0.01166532202	10249.390625	
23.181344	-7.70078848533328E-03	-3.47408546821875E-07	0	-0.01310727484	10249.390625	
23.18544	-7.70219389188906E-03	6.8114595346875E-08	0	-0.01797481928	10249.390625	
23.189536	-7.70214735282609E-03	-7.0911227165625E-08	0	-0.01227185773	10249.390625	
23.193632	-7.70264264183219E-03	-5.438071485E-08	0	-0.00746916302	10249.390625	
23.197728	-7.70366494686766E-03	0	0	-0.00441359633	10249.390625	
23.201824	-7.70454480031156E-03	0	0	0.00086211994	10249.390625	
23.20592	-7.70479459347469E-03	0	0	-0.00109481603	10249.390625	
23.210016	-7.70364940336922E-03	0	0	0.00341033286	10249.390625	
23.214112	-7.70240894076156E-03	0	0	0.00138854716	10249.390625	
23.218208	-7.70220248652938E-03	0	0	-0.00125121832	10249.390625	
23.222304	-7.70202967939969E-03	0	0	-0.0018691981	10249.390625	
23.2264	-7.70137246371281E-03	0	0	-0.00769422973	10249.390625	
23.230496	-7.70037795410984E-03	0	0	-0.00647352893	10249.390625	
23.234592	-7.69935263180703E-03	0	0	-0.00848005587	10249.390625	
23.238688	-0.00769883741055	0	0	-0.01014326071	10249.390625	
23.242784	-7.69808638527844E-03	0	0	-0.01135633213	10249.390625	
23.24688	-7.69619519868031E-03	0	0	-0.01150510504	10249.390625	
23.250976	-7.6940785399225E-03	0	0	-0.00929258484	10249.390625	
23.255072	-7.69244436964266E-03	0	0	-0.00497054107	10249.390625	
23.259168	-7.69117748308766E-03	0	0	-0.00064086792	10249.390625	
23.263264	-7.68985262842672E-03	0	0	0.00123977425	10298.7890625	
23.26736	-7.68745545523828E-03	0	0	0.00315093394	10298.7890625	
23.271456	-7.68443261052156E-03	0	0	0.00333022437	10298.7890625	
23.275552	-7.68172374447328E-03	0	0	0.02088542775	10298.7890625	
23.279648	-7.67927335766078E-03	0	0	0.05306996728	10298.78515625	
23.283744	-7.67677058011531E-03	0	0	0.02820581786	10298.78515625	
23.28784	-7.67416375256266E-03	0	0	0.04029838516	10298.78515625	
23.291936	-7.67131270921984E-03	0	0	0.05232610273	10298.78515625	
23.296032	-7.66808779902344E-03	0	0	0.00386428097	10280.78515625	
23.300128	-7.66387359086766E-03	0	0	0.03346627537	10280.78515625	
23.304224	-7.65961741526609E-03	0	0	0.05170812295	10280.78515625	
23.30832	-7.65583677928437E-03	0	0	-0.07677826563	10280.78515625	
23.312416	-7.65241419236078E-03	0	0	0.00355529108	10280.78515625	
23.316512	-7.64952675894516E-03	0	0	0.00506209363	10228.96484375	
23.320608	-7.64632772410203E-03	0	0	-0.05746449016	10228.96484375	
23.324704	-7.64047221394359E-03	0	0	0.07601151294	10228.96484375	
23.3288	-7.63857599856656E-03	0	0	-0.00961683349	10228.96484375	
23.332896	-7.63600839548938E-03	0	0	-0.0757978903	10228.96484375	
23.336992	-7.6296575048925E-03	0	0	0.05246343157	10228.96484375	
23.341088	-7.62412996255109E-03	0	0	-0.05912388031	10174.984375	
23.345184	-7.61569487167844E-03	0	0	0.04211799229	10174.984375	
23.34928	-7.60850545505703E-03	0	0	0.06460940453	10174.984375	
23.353376	-7.60476870660031E-03	0	0	-0.06356417947	10174.984375	
23.357472	-7.59568206884609E-03	0	0	0.03412240205	10174.984375	
23.361568	-7.58366237293672E-03	0	0	0.03074258671	10122.88671875	
23.365664	-7.57061022300172E-03	-4.4468945915625E-07	0	-0.00836561517	10122.88671875	
23.36976	-7.55468435450266E-03	-1.51142541165E-06	0	0.10947397362	10122.88671875	
23.373856	-7.54167664068672E-03	-1.40003850380625E-06	0	0.04920568631	10122.8828125	
23.377952	-7.52918798828625E-03	-1.27294415974687E-06	0	-0.03198617565	10071.2421875	
23.382048	-7.50964953645328E-03	-1.215181477125E-06	0	0.11043146081	10071.2421875	
23.386144	-7.49243410617797E-03	-1.20404879595E-06	0	0.02270122019	10071.2421875	
23.39024	-7.47583886149031E-03	-1.18937933946562E-06	0	0.09752636454	10071.2421875	
23.394336	-7.45985502488531E-03	-1.18363896059062E-06	0	0.15146989583	10071.2421875	
23.398432	-7.44807396739313E-03	-1.15038178230937E-06	0	0.0502394673	10071.2421875	
23.402528	-7.43331843289406E-03	-1.11762051699375E-06	0	0.12239814334	10019.90234375	
23.406624	-7.41867636593359E-03	-1.1189536887375E-06	0	0.15784424282	10019.90234375	
23.41072	-7.40824576415859E-03	-1.09602606743437E-06	0	0.09129316108	10019.90234375	
23.414816	-7.39893191703016E-03	-1.04732539498125E-06	0	0.21677357394	10019.90234375	
23.418912	-7.39259272977328E-03	-9.86595407634375E-07	0	0.2066799042	9966.421875	
23.423008	-7.39035391740422E-03	-8.757462396375E-07	0	0.11120965757	9966.421875	
23.427104	-7.38456817012406E-03	-7.81677824090625E-07	0	0.26822229797	9966.421875	
23.4312	-7.38326169336422E-03	-6.94187046196875E-07	0	0.19396172774	9966.421875	
23.435296	-7.3838844390575E-03	-5.7354894568125E-07	0	0.21491581991	9966.421875	
23.439392	-7.38474198300953E-03	-4.5731444653125E-07	0	0.31459366961	9966.421875	
23.443488	-7.39052718169562E-03	-3.17440307559375E-07	0	0.2304454229	9913.78515625	
23.447584	-7.39610501182609E-03	-1.56303449465625E-07	0	0.24101974358	9913.78515625	
23.45168	-7.40065303946891E-03	-2.6140358475E-08	0	0.34611445308	9913.78515625	
23.455776	-0.00740717847441	9.9198698878125E-08	0	0.26631876766	9913.78515625	
23.459872	-7.41216492014109E-03	2.12195220496875E-07	0	0.36263969016	9913.78515625	
23.463968	-7.41658411961156E-03	2.88645144046875E-07	0	0.40409774108	9862.00390625	
23.468064	-7.42578440776906E-03	3.9209912713125E-07	0	0.28523200068	9862.00390625	
23.47216	-7.43045404042906E-03	4.8590191794375E-07	0	0.42006221873	9862.00390625	
23.476256	-7.43418777161844E-03	5.261985122625E-07	0	0.40903776463	9862	
23.480352	-7.43810610470984E-03	5.62699196915625E-07	0	0.36413504864	9862	
23.484448	-7.4385156301775E-03	5.64965060034375E-07	0	0.50416087447	9809.9609375	
23.488544	-7.44044274968672E-03	5.48332865128125E-07	0	0.46738344818	9809.9609375	
23.49264	-7.44135478731562E-03	5.45698252378125E-07	0	0.38827059227	9809.9609375	
23.496736	-7.43563944294016E-03	4.82832930628125E-07	0	0.54017917745	9809.9609375	
23.500832	-7.42894202376047E-03	3.7232655075E-07	0	0.47436814557	9757.3828125	
23.504928	-7.41993593790109E-03	2.4724206045E-07	0	0.50065135967	9757.3828125	
23.509024	-7.40689622276484E-03	8.1883331578125E-08	0	0.59338647357	9757.3828125	
23.51312	-7.39690979931578E-03	-7.55855013375E-08	0	0.51533791617	9706.703125	
23.517216	-7.38253681774297E-03	-2.1823680099375E-07	0	0.5413808048	9706.703125	
23.521312	-7.36198401548844E-03	-4.342486042125E-07	0	0.62915300701	9706.703125	
23.525408	-7.34178414208078E-03	-6.64127941640625E-07	0	0.55403031684	9706.703125	
23.529504	-7.31733641341484E-03	-9.06673372171875E-07	0	0.67336144942	9706.703125	
23.5336	-7.29082953693531E-03	-1.1799680508E-06	0	0.68725073571	9656.78125	
23.537696	-7.26555535131422E-03	-1.42636708324687E-06	0	0.58110317177	9656.78125	
23.541792	-7.23384643163703E-03	-1.69344950847187E-06	0	0.68274558682	9656.78125	
23.545888	-7.20054338904656E-03	-2.00289943940625E-06	0	0.70755251589	9656.78125	
23.549984	-7.16739523284641E-03	-2.2965332803875E-06	0	0.6607806018	9656.78125	
23.55408	-7.13049259031484E-03	-2.59484788591875E-06	0	0.77409596825	9656.78125	
23.558176	-7.09494753522328E-03	-2.90111849310937E-06	0	0.75197458094	9656.78125	
23.562272	-7.06070877402688E-03	-3.14845310154375E-06	0	0.67012277761	9604.66015625	
23.566368	-7.01953203515438E-03	-3.43855160952187E-06	0	0.81385266743	9604.66015625	
23.570464	-6.98104953315516E-03	-3.73865659787812E-06	0	0.76261375135	9604.66015625	
23.57456	-6.94138188511625E-03	-4.00924671190312E-06	0	0.78955690682	9552.2578125	
23.578656	-6.89976069362078E-03	-4.29984521938125E-06	0	0.87982391629	9552.2578125	
23.582752	-6.86261164092281E-03	-4.55271996650625E-06	0	0.81563794235	9552.2578125	
23.586848	-6.82428375101688E-03	-4.763185621425E-06	0	0.79361192229	9552.2578125	
23.590944	-6.78410572763516E-03	-5.00476254330937E-06	0	0.90750712162	9552.2578125	
23.59504	-6.74749704008875E-03	-5.21741713834687E-06	0	0.82782969159	9552.2578125	
23.599136	-6.71019218667703E-03	-5.40430276876875E-06	0	0.91387765392	9500.73828125	
23.603232	-6.67404504960187E-03	-5.5993328622E-06	0	0.95382890229	9500.73828125	
23.607328	-6.64488380075094E-03	-0.000005708378907	0	0.85775211995	9500.73828125	
23.611424	-6.61210905424266E-03	-5.799492277425E-06	0	0.93050970232	9500.73828125	
23.61552	-6.57992075478719E-03	-5.94006401185312E-06	0	0.95925720616	9500.73828125	
23.619616	-6.55187616915047E-03	-6.03107041123125E-06	0	0.91059320583	9500.73828125	
23.623712	-6.52291341991781E-03	-6.11726912310937E-06	0	1.02694125083	9500.73828125	
23.627808	-6.49867461415734E-03	-6.18570535275E-06	0	1.02197833914	9449.2578125	
23.631904	-6.47920647379672E-03	-6.16022581092187E-06	0	0.91979042342	9449.2578125	
23.636	-6.45609896042547E-03	-6.1645236431625E-06	0	1.05786312797	9449.2578125	
23.640096	-6.43691782619187E-03	-6.18681232279687E-06	0	1.02091785532	9449.2578125	
23.644192	-6.42002149479625E-03	-6.15705297755625E-06	0	1.01991459185	9397	
23.648288	-6.40162969598625E-03	-6.16281451025625E-06	0	1.11577012217	9397	
23.652384	-6.38954517454516E-03	-6.13499001885E-06	0	1.07530770534	9397	
23.65648	-6.37803045947031E-03	-6.04231439037187E-06	0	1.03066057358	9397	
23.660576	-6.36247672061031E-03	-6.03989444086875E-06	0	1.14271709233	9346.55859375	
23.664672	-6.35168368102469E-03	-6.034280504175E-06	0	1.06371104774	9346.55859375	
23.668768	-6.34073328637547E-03	-6.0026391896625E-06	0	1.12882780604	9346.55859375	
23.672864	-6.32972053486781E-03	-6.01182355547812E-06	0	1.18512118637	9346.55859375	
23.67696	-6.32469916198141E-03	-5.956834427775E-06	0	1.11063554943	9296.91796875	
23.681056	-6.31680160185766E-03	-5.89172463711562E-06	0	1.14362117386	9296.91796875	
23.685152	-6.30737474435234E-03	-5.92377508583438E-06	0	1.20863493553	9296.91796875	
23.689248	-6.30102659672578E-03	-5.9283940716E-06	0	1.13840267794	9296.91796875	
23.693344	-6.29099134840516E-03	-5.97339234390937E-06	0	1.22852854388	9296.91796875	
23.69744	-6.28277825526313E-03	-6.06075812192812E-06	0	1.26055668112	9244.95703125	
23.701536	-6.27889558078578E-03	-6.05411582087812E-06	0	1.1391808747	9244.95703125	
23.705632	-6.2692817441375E-03	-6.10250399364375E-06	0	1.26614138728	9244.95703125	
23.709728	-6.26050433056984E-03	-6.22631180252812E-06	0	1.24346305523	9244.95703125	
23.713824	-6.25313735233687E-03	-6.30403095557812E-06	0	1.21250303119	9244.95703125	
23.71792	-6.24275840983609E-03	-6.42930655145625E-06	0	1.32512412406	9244.95703125	
23.722016	-6.23581723202797E-03	-6.54558792555937E-06	0	1.29299299019	9192.796875	
23.726112	-6.22940919621625E-03	-6.5904386018625E-06	0	1.21145399144	9192.796875	
23.730208	-6.21675687992047E-03	-6.75623483029687E-06	0	1.35019426674	9192.796875	
23.734304	-6.20661730729562E-03	-6.9517747789875E-06	0	1.29032270719	9192.796875	
23.7384	-6.19503794955375E-03	-7.12002797611875E-06	0	1.30643214306	9192.796875	
23.742496	-6.18182058137359E-03	-7.35101644705312E-06	0	1.39742012894	9141.4765625	
23.746592	-6.17356186349203E-03	-7.50050187449062E-06	0	1.31157053049	9141.4765625	
23.750688	-6.16277412698234E-03	-7.6149991157625E-06	0	1.32425437474	9141.4765625	
23.754784	-6.14870689516703E-03	-7.84067917854375E-06	0	1.41222112614	9141.4765625	
23.75888	-6.13764367300563E-03	-8.0261535123E-06	0	1.33173879652	9089.9765625	
23.762976	-6.12454498400766E-03	-8.20498746808125E-06	0	1.42994417588	9089.9765625	
23.767072	-6.1114475750625E-03	-8.4287790712125E-06	0	1.45317563798	9089.9765625	
23.771168	-6.10229300307687E-03	-8.5585193260875E-06	0	1.34299594671	9089.9765625	
23.775264	-6.08863950261703E-03	-8.72088142334062E-06	0	1.41979328579	9089.9765625	
23.77936	-6.07515195186109E-03	-8.97033790465312E-06	0	1.45705517771	9037.91796875	
23.783456	-6.06382759892594E-03	-9.13912812047812E-06	0	1.38939020649	9037.91796875	
23.787552	-6.04977609347375E-03	-9.3589550641125E-06	0	1.49822331219	9037.91796875	
23.791648	-6.03983995781375E-03	-9.5383452693375E-06	0	1.49213125226	9037.91796875	
23.795744	-6.03228152025297E-03	-9.59556227942812E-06	0	1.38556407242	8987.67578125	
23.79984	-6.02080273808922E-03	-9.73689434963437E-06	0	1.5262193221	8987.67578125	
23.803936	-6.01132394701266E-03	-9.90675547785E-06	0	1.48415092078	8987.67578125	
23.808032	-6.00260971319453E-03	-1.00259825220844E-05	0	1.4833803534	8987.67578125	
23.812128	-5.99288524341031E-03	-1.01856828431531E-05	0	1.57932743628	8987.67578125	
23.816224	-5.98707846669109E-03	-1.02895113450937E-05	0	1.52322097576	8987.67578125	
23.82032	-5.98201028044469E-03	-1.03097259883406E-05	0	1.4580508118	8937.9765625	
23.824416	-5.97390672325047E-03	-1.04515945964719E-05	0	1.59261018686	8937.9765625	
23.828512	-5.96984977872594E-03	-1.05251916382594E-05	0	1.50865267465	8937.9765625	
23.832608	-5.96403687603969E-03	-1.05958437310688E-05	0	1.56351936092	8937.9765625	
23.836704	-5.96036230157672E-03	-1.06883595039375E-05	0	1.62821268863	8937.9765625	
23.8408	-0.005961292259945	-1.06401035425781E-05	0	1.52860350335	8885.85546875	
23.844896	-5.95966677573781E-03	-1.06120732821469E-05	0	1.56705557855	8885.85546875	
23.848992	-5.95638490319125E-03	-1.07259510528844E-05	0	1.62366939284	8885.85546875	
23.853088	-5.95527555456453E-03	-1.08065240492344E-05	0	1.55459298632	8885.85546875	
23.857184	-5.95341399204578E-03	-1.08901311771656E-05	0	1.66466968096	8833.875	
23.86128	-5.95300062641969E-03	-1.09826479115719E-05	0	1.67120043024	8833.875	
23.865376	-5.95610822891906E-03	-1.09516200579844E-05	0	1.55820549775	8833.875	
23.869472	-5.95487398371078E-03	-1.10104861048875E-05	0	1.65685338115	8833.875	
23.873568	-5.95573088763641E-03	-1.11324068964281E-05	0	1.65860813855	8833.875	
23.877664	-5.95727124833156E-03	-1.11631996540969E-05	0	1.62157512803	8782.7734375	
23.88176	-5.95692023956391E-03	-1.12947427917844E-05	0	1.72152763541	8782.7734375	
23.885856	-5.95987707012844E-03	-1.13570345564156E-05	0	1.69819317668	8782.7734375	
23.889952	-5.96297479793469E-03	-1.134707711445E-05	0	1.60482863893	8782.7734375	
23.894048	-5.9623909109875E-03	-1.14776301088969E-05	0	1.74543811233	8782.7734375	
23.898144	-5.96368906740406E-03	-1.16150559330094E-05	0	1.67271104748	8731.0546875	
23.90224	-5.96464060380547E-03	-1.17153563134781E-05	0	1.70383510319	8731.0546875	
23.906336	-5.96451442717109E-03	-1.18845051827906E-05	0	1.78013653257	8731.0546875	
23.910432	-5.96854284480438E-03	-1.19435255564625E-05	0	1.71727425606	8731.0546875	
23.914528	-5.97142799241141E-03	-1.1939443829775E-05	0	1.69900189096	8731.0546875	
23.918624	-5.97165300740937E-03	-1.21197881205844E-05	0	1.79334298935	8679.25390625	
23.92272	-5.9744863128775E-03	-1.22132748059437E-05	0	1.71179636122	8679.25390625	
23.926816	-5.97424227995203E-03	-1.23825308866875E-05	0	1.78380626435	8679.25390625	
23.930912	-5.97597912875391E-03	-1.25542874457E-05	0	1.83001741901	8679.25390625	
23.935008	-5.98092662430656E-03	-1.25576982595969E-05	0	1.70620402568	8629.234375	
23.939104	-5.98236083205062E-03	-1.2635031595725E-05	0	1.80764044747	8629.234375	
23.9432	-5.98313681835203E-03	-1.28434405219312E-05	0	1.81257665633	8629.234375	
23.947296	-5.98581039151562E-03	-1.29456098909156E-05	0	1.75226640743	8629.234375	
23.951392	-5.98727596055359E-03	-1.30612643425687E-05	0	1.86253002188	8629.234375	
23.955488	-5.99134186544781E-03	-1.31362705175625E-05	0	1.85000257992	8579.296875	
23.959584	-5.99792115403937E-03	-1.30417189294219E-05	0	1.74648333739	8579.296875	
23.96368	-5.99936203634453E-03	-1.31534697792094E-05	0	1.88027214507	8579.296875	
23.967776	-6.00312045426672E-03	-1.32966470398781E-05	0	1.84244949372	8579.296875	
23.971872	-6.00628063036375E-03	-1.33724469640781E-05	0	1.82322727081	8579.29296875	
23.975968	-6.00850325920797E-03	-1.35520645729219E-05	0	1.92206588871	8526.99609375	
23.980064	-6.01504871783234E-03	-1.35625318701469E-05	0	1.86112621596	8526.99609375	
23.98416	-6.02102720449312E-03	-1.34986848186094E-05	0	1.82263980855	8526.99609375	
23.988256	-6.02394444485281E-03	-1.36497522156187E-05	0	1.93775570868	8526.99609375	
23.992352	-6.02992146859609E-03	-1.37158672937344E-05	0	1.85604123419	8526.99609375	
23.996448	-0.00603532466295	-1.3729642039575E-05	0	1.90415210447	8526.99609375	
24.000544	-6.04003041138578E-03	-1.38219993991406E-05	0	1.97121435467	8475.07421875	
24.00464	-6.04872087279453E-03	-1.37488636549687E-05	0	1.87306619566	8475.07421875	
24.008736	-6.05432521830469E-03	-1.37255059860187E-05	0	1.90609378168	8475.07421875	
24.012832	-6.05867291768234E-03	-1.39107507526969E-05	0	1.97869496176	8475.07421875	
24.016928	-6.06572207708844E-03	-1.39229596347187E-05	0	1.8944132009	8424.07421875	
24.021024	-6.06929013287094E-03	-1.40702758335562E-05	0	1.99294282891	8424.07421875	
24.02512	-6.07556641467531E-03	-1.41886139363719E-05	0	2.0046958888	8424.07421875	
24.029216	-6.08547758930547E-03	-1.40357982238031E-05	0	1.88759634987	8424.07421875	
24.033312	-6.09098730233984E-03	-1.40623806491437E-05	0	2.00986860844	8424.07421875	
24.037408	-6.09716776304797E-03	-1.41998398866844E-05	0	1.9889030722	8372.11328125	
24.041504	-6.10433468731281E-03	-1.4213045402325E-05	0	1.95746621191	8372.11328125	
24.0456	-6.10902214927984E-03	-1.43612623214156E-05	0	2.07081972526	8372.11328125	
24.049696	-6.11727638697656E-03	-1.43884719095906E-05	0	2.02855296006	8372.11328125	
24.053792	-6.1264483311075E-03	-1.42234124592656E-05	0	1.93625272082	8372.11328125	
24.057888	-6.13046056521594E-03	-1.43948584416656E-05	0	2.07506547523	8320.47265625	
24.061984	-6.13804972404422E-03	-1.44710557212375E-05	0	2.00244140701	8320.47265625	
24.06608	-6.14406990385375E-03	-1.44997203560344E-05	0	2.03623956041	8320.47265625	
24.070176	-6.14932314916391E-03	-1.46769182557594E-05	0	2.11217477955	8320.47265625	
24.074272	-6.15983924018031E-03	-1.45544517916875E-05	0	2.03258508739	8320.47265625	
24.078368	-6.16818838464984E-03	-1.44180276492656E-05	0	2.02787013055	8270.53515625	
24.082464	-6.17315590388578E-03	-1.46190048521344E-05	0	2.12305809012	8270.53515625	
24.08656	-6.18103499467609E-03	-1.46613096175219E-05	0	2.03426355099	8270.53515625	
24.090656	-6.18647046464734E-03	-1.47553188985125E-05	0	2.12853217027	8270.53515625	
24.094752	-6.19246486053594E-03	-1.49225930100844E-05	0	2.15866440658	8220.53515625	
24.098848	-6.20304074830516E-03	-1.473183526815E-05	0	2.04958334603	8220.53515625	
24.102944	-6.20860879517484E-03	-1.47424215556406E-05	0	2.10880259359	8220.53515625	
24.10704	-6.21443513841563E-03	-1.49390453974781E-05	0	2.1446568649	8220.53515625	
24.111136	-6.22272046310922E-03	-1.48704541199156E-05	0	2.08490737543	8220.53515625	
24.115232	-6.22776588270203E-03	-1.49931631318219E-05	0	2.19011271094	8167.9921875	
24.119328	-6.23631855556875E-03	-1.50094777789687E-05	0	2.19124185918	8167.9921875	
24.123424	-6.24681882878969E-03	-1.475765062695E-05	0	2.07116304736	8167.9921875	
24.12752	-6.25130449957406E-03	-1.49212220979937E-05	0	2.2198825517	8167.9921875	
24.131616	-6.25837898573937E-03	-1.50618036881812E-05	0	2.15919464849	8167.9921875	
24.135712	-6.26550814844625E-03	-1.50375758277937E-05	0	2.15723008314	8116.234375	
24.139808	-6.26971485914984E-03	-1.52571768101156E-05	0	2.25804471046	8116.234375	
24.143904	-6.27930236328312E-03	-1.51899934638375E-05	0	2.20730170408	8116.234375	
24.148	-6.28845336940734E-03	-1.493632737135E-05	0	2.14921160476	8116.234375	
24.152096	-6.29350857226094E-03	-1.51054264810969E-05	0	2.27173563287	8116.234375	
24.156192	-6.30232228446906E-03	-1.506235801455E-05	0	2.1904331449	8065.1953125	
24.160288	-6.30829354797469E-03	-1.50841890023344E-05	0	2.23833039254	8065.1953125	
24.164384	-6.31367772440109E-03	-1.52941315808531E-05	0	2.30891360161	8065.1953125	
24.16848	-6.32506589711219E-03	-1.50387876054281E-05	0	2.1929508403	8065.1953125	
24.172576	-6.33178544291906E-03	-1.49527271145656E-05	0	2.25521039579	8013.11328125	
24.176672	-6.33629186884547E-03	-1.5252675131925E-05	0	2.29783192716	8013.11328125	
24.180768	-6.34422645906844E-03	-1.52247922271156E-05	0	2.22460513792	8013.11328125	
24.184864	-6.34931101170438E-03	-1.53169279522875E-05	0	2.33095488043	8013.11328125	
24.18896	-6.35675241586516E-03	-1.53738740491875E-05	0	2.34768992546	8013.11328125	
24.193056	-6.36808892930203E-03	-1.49867143401937E-05	0	2.22338825181	7961.8515625	
24.197152	-6.37324159903406E-03	-1.50415472180531E-05	0	2.34131939316	7961.8515625	
24.201248	-6.37979437224594E-03	-1.51997665309875E-05	0	2.33708127257	7961.8515625	
24.205344	-6.38731779121906E-03	-1.51166310372E-05	0	2.29107611117	7961.8515625	
24.20944	-6.39067930133703E-03	-1.53694185247969E-05	0	2.39350435236	7961.8515625	
24.213536	-6.39883936371969E-03	-1.53746668368563E-05	0	2.35625008982	7961.8515625	
24.217632	-6.40795964857641E-03	-1.50691616135156E-05	0	2.28243965301	7911.8515625	
24.221728	-6.41105783354437E-03	-1.53413421105656E-05	0	2.41815869383	7911.8515625	
24.225824	-6.41809684396031E-03	-1.54013838774469E-05	0	2.34168941809	7911.8515625	
24.22992	-6.42432018643766E-03	-1.53363137502094E-05	0	2.36947943474	7911.8515625	
24.234016	-6.42880393714281E-03	-1.55243428891031E-05	0	2.4562407441	7911.8515625	
24.238112	-6.43896572782719E-03	-1.5250202057475E-05	0	2.37620473321	7861.79296875	
24.242208	-6.44575064775984E-03	-1.50689178637594E-05	0	2.35981301028	7861.79296875	
24.246304	-6.44957699991344E-03	-1.53538356076875E-05	0	2.47379976217	7861.79296875	
24.2504	-6.45689716478641E-03	-1.52964568189125E-05	0	2.38795397841	7861.79296875	
24.254496	-6.46079766857078E-03	-1.53989973413719E-05	0	2.46481235253	7809.19140625	
24.258592	-6.46522793135484E-03	-1.56296252357437E-05	0	2.50287151466	7809.19140625	
24.262688	-6.47573259332828E-03	-1.5231748229775E-05	0	2.38653491373	7809.19140625	
24.266784	-6.48037461342047E-03	-1.52132030560125E-05	0	2.4767256294	7809.19140625	
24.27088	-6.48521970474812E-03	-1.54462972940719E-05	0	2.49626447158	7809.19140625	
24.274976	-6.49248181008281E-03	-1.52986599417094E-05	0	2.43151010883	7809.19140625	
24.279072	-0.00649581598193	-1.54588828584094E-05	0	2.55201998062	7757.69140625	
24.283168	-6.50237542970297E-03	-1.54775306763E-05	0	2.54087345644	7757.69140625	
24.287264	-6.5110581193625E-03	-1.51102293609094E-05	0	2.42792811492	7757.69140625	
24.29136	-6.51370700579328E-03	-1.53446483572594E-05	0	2.55816544621	7757.69140625	
24.295456	-6.51898009192203E-03	-1.54773431764875E-05	0	2.53027624762	7757.69140625	
24.299552	-6.52443997432906E-03	-1.53980740249875E-05	0	2.51614282117	7706.55078125	
24.303648	-6.52714033716937E-03	-1.56377201795719E-05	0	2.61057547212	7706.55078125	
24.307744	-6.53616379517406E-03	-1.53947439802406E-05	0	2.56033600482	7706.55078125	
24.31184	-6.54430090803844E-03	-1.4986102321575E-05	0	2.50128078893	7706.55078125	
24.315936	-6.54724941825969E-03	-1.52830392842531E-05	0	2.63521455483	7706.55078125	
24.320032	-6.55419928214047E-03	-1.52349383708156E-05	0	2.55002489775	7654.37109375	
24.324128	-6.55875480723547E-03	-1.52182737240187E-05	0	2.6119563899	7654.37109375	
24.328224	-6.56225090576344E-03	-1.54527816625875E-05	0	2.67398706399	7654.37109375	
24.33232	-6.57127043217734E-03	-1.51050534045469E-05	0	2.57832989755	7654.37109375	
24.336416	-6.57565680743641E-03	-1.50574270098656E-05	0	2.5918911205	7654.37109375	
24.340512	-6.57918499871703E-03	-1.53308252941594E-05	0	2.67331567855	7603.37109375	
24.344608	-6.58591259057016E-03	-1.51717574243812E-05	0	2.59770089337	7603.37109375	
24.348704	-6.58955790668312E-03	-1.52318607296625E-05	0	2.69396078083	7603.37109375	
24.3528	-6.59521354573812E-03	-1.52987015282062E-05	0	2.71917969642	7603.37109375	
24.356896	-6.60548267799406E-03	-1.47261650815125E-05	0	2.59750634418	7553.3515625	
24.360992	-6.60820653894672E-03	-1.48954507295344E-05	0	2.72820143827	7553.3515625	
24.365088	-6.61259081126188E-03	-1.51434031258125E-05	0	2.69674550453	7553.3515625	
24.369184	-6.61831758468031E-03	-1.50037109578125E-05	0	2.66611735852	7553.3515625	
24.37328	-6.62030843253312E-03	-1.52796563549437E-05	0	2.78252643856	7553.3515625	
24.377376	-6.62721303740375E-03	-1.51522600881094E-05	0	2.75197458635	7502.9140625	
24.381472	-6.63448712037547E-03	-1.47400458368625E-05	0	2.65003462548	7502.9140625	
24.385568	-6.63698075468656E-03	-1.49880342907969E-05	0	2.79901352874	7502.9140625	
24.389664	-6.64278094827703E-03	-1.49582963397656E-05	0	2.73502591868	7502.9140625	
24.39376	-6.6476682813475E-03	-1.48460474135531E-05	0	2.75490426827	7502.9140625	
24.397856	-6.64979636914828E-03	-1.51381168330219E-05	0	2.83836205609	7450.23046875	
24.401952	-6.65844303446437E-03	-1.479427366725E-05	0	2.77212759362	7450.23046875	
24.406048	-6.66380892442203E-03	-1.45378849813312E-05	0	2.77154394605	7450.23046875	
24.410144	-6.66546970151391E-03	-1.49693879152125E-05	0	2.85071402231	7450.23046875	
24.41424	-6.67097438576938E-03	-1.48749000289312E-05	0	2.77344366167	7450.23046875	
24.418336	-6.67361321464234E-03	-1.49628864794062E-05	0	2.85442571568	7398.97265625	
24.422432	-6.67732216766656E-03	-1.50750834825937E-05	0	2.89582273156	7398.97265625	
24.426528	-6.68586222286984E-03	-1.45523626110844E-05	0	2.78340381726	7398.97265625	
24.430624	-6.68902742774578E-03	-1.45650981752719E-05	0	2.86044148181	7398.97265625	
24.43472	-6.69226202977063E-03	-1.47999861615375E-05	0	2.89881344852	7398.97265625	
24.438816	-6.69747294190563E-03	-1.46514394350844E-05	0	2.83814461876	7398.97265625	
24.442912	-6.69873379392594E-03	-1.48858161237844E-05	0	2.9301396828	7347.75390625	
24.447008	-6.70320282402375E-03	-1.49522900957719E-05	0	2.93301214437	7347.75390625	
24.451104	-6.71049583349063E-03	-1.44323100869062E-05	0	2.83254465384	7347.75390625	
24.4552	-6.71091843378344E-03	-1.47886301632781E-05	0	2.96930510503	7347.75390625	
24.459296	-6.71476014657078E-03	-1.48948802974125E-05	0	2.91905800835	7347.75390625	
24.463392	-6.71878929566281E-03	-1.47434052085031E-05	0	2.91182154142	7295.4140625	
24.467488	-6.72015154615234E-03	-1.49908552014375E-05	0	3.01789281156	7295.4140625	
24.471584	-6.72693427170875E-03	-1.46879175236062E-05	0	2.96481902959	7295.4140625	
24.47568	-6.73210166204812E-03	-1.43305327848375E-05	0	2.90943736017	7295.4140625	
24.479776	-6.73339515541516E-03	-1.46724247506375E-05	0	3.03912156141	7244.83203125	
24.483872	-6.73757608219781E-03	-1.46343375291094E-05	0	2.97171598911	7244.83203125	
24.487968	-6.73975692646094E-03	-1.468775838915E-05	0	3.0042209626	7244.83203125	
24.492064	-6.74064153438672E-03	-1.50175412324437E-05	0	3.07686791896	7244.83203125	
24.49616	-6.74813953516828E-03	-1.45299568642594E-05	0	2.98022274781	7194.671875	
24.500256	-6.75107771353469E-03	-1.43958670945031E-05	0	3.02612872727	7194.671875	
24.504352	-6.75243310659844E-03	-1.47677905206562E-05	0	3.08110222486	7194.671875	
24.508448	-6.75757133002016E-03	-1.45222852373156E-05	0	3.01336858922	7194.671875	
24.512544	-6.75943334970062E-03	-1.45990690547625E-05	0	3.12228180341	7194.671875	
24.51664	-6.76327871978172E-03	-1.46533324620375E-05	0	3.13271116587	7144.01171875	
24.520736	-6.77034406271266E-03	-1.41056017597687E-05	0	3.02219578188	7144.01171875	
24.524832	-6.77166974026469E-03	-1.42952301759094E-05	0	3.12702727777	7144.01171875	
24.528928	-6.77437970350109E-03	-1.44801965774812E-05	0	3.13897107216	7144.01171875	
24.533024	-6.77795635392391E-03	-1.43587546316156E-05	0	3.09097082789	7144.01171875	
24.53712	-6.77818758632125E-03	-1.46597995228781E-05	0	3.19544755761	7091.25390625	
24.541216	-6.78321737098328E-03	-1.45198813935656E-05	0	3.17085425118	7091.25390625	
24.545312	-6.78966335121766E-03	-1.39279776585469E-05	0	3.08580192294	7091.25390625	
24.549408	-6.78993161371422E-03	-1.43188575561281E-05	0	3.22220760796	7091.25390625	
24.553504	-6.79423880856359E-03	-1.42691816442656E-05	0	3.15644235236	7091.25390625	
24.5576	-6.79647432936828E-03	-1.42431160453312E-05	0	3.19513475303	7091.25390625	
24.561696	-6.79683813866406E-03	-1.46187839388937E-05	0	3.27388902808	7040.05078125	
24.565792	-6.80268944293469E-03	-1.42493071449094E-05	0	3.20647201171	7040.05078125	
24.569888	-6.80530413366891E-03	-1.41237017416687E-05	0	3.17642369858	7040.05078125	
24.573984	-6.80578442777063E-03	-1.44949393512E-05	0	3.29262297067	7040.05078125	
24.57808	-0.006809205094615	-1.43939697406312E-05	0	3.2113967765	6988.6328125	
24.582176	-6.81046996965844E-03	-1.44258526414406E-05	0	3.29048292958	6988.6328125	
24.586272	-6.81177452633906E-03	-1.46389363225875E-05	0	3.33536275743	6988.6328125	
24.590368	-6.81969759608672E-03	-1.38972356219812E-05	0	3.22992091114	6988.6328125	
24.594464	-6.82101531902484E-03	-1.39325627501156E-05	0	3.30415477854	6988.6328125	
24.59856	-6.82267234739063E-03	-1.42628391025312E-05	0	3.32925925343	6988.6328125	
24.602656	-6.82630678305469E-03	-1.40509902759187E-05	0	3.27924103815	6936.3125	
24.606752	-6.82637197431578E-03	-1.43393647471594E-05	0	3.39234278196	6936.3125	
24.610848	-6.82982180807781E-03	-1.43055284829187E-05	0	3.38848613037	6936.3125	
24.614944	-6.83525864953422E-03	-1.37853246762E-05	0	3.28591674565	6936.3125	
24.61904	-6.83535410490109E-03	-1.41089181026062E-05	0	3.41461294218	6886.15234375	
24.623136	-6.83830672957781E-03	-1.41478122944812E-05	0	3.38031887908	6886.15234375	
24.627232	-6.84169640085766E-03	-1.39363829386031E-05	0	3.37162901526	6886.15234375	
24.631328	-6.84192900474016E-03	-1.42243679871562E-05	0	3.46665294316	6886.15234375	
24.635424	-6.84774977060797E-03	-1.38921159155625E-05	0	3.43095888883	6886.15234375	
24.63952	-6.85257355819953E-03	-1.33980454961719E-05	0	3.38335155763	6835.83203125	
24.643616	-6.85231306745219E-03	-1.38873005357625E-05	0	3.4960489443	6835.83203125	
24.647712	-6.85593314823828E-03	-1.37926386111937E-05	0	3.42371097783	6835.83203125	
24.651808	-6.85696157924078E-03	-1.38707738695969E-05	0	3.47581964323	6835.83203125	
24.655904	-6.85761367471641E-03	-1.41726853465312E-05	0	3.54035275396	6835.83203125	
24.66	-6.86417805983594E-03	-1.35662895586969E-05	0	3.45627698636	6835.83203125	
24.664096	-6.86668486040453E-03	-1.34335716625687E-05	0	3.4845667274	6784.9921875	
24.668192	-6.86804738519109E-03	-1.37179927723781E-05	0	3.56188286432	6784.9921875	
24.672288	-6.87149365309172E-03	-1.35574434136969E-05	0	3.48958685944	6784.9921875	
24.676384	-6.87202560646766E-03	-1.374064395165E-05	0	3.57261740198	6784.9921875	
24.68048	-6.87379025070203E-03	-1.39180180531219E-05	0	3.60858611399	6784.9921875	
24.684576	-6.88044588530063E-03	-1.32174201960281E-05	0	3.49823476167	6732.3125	
24.688672	-6.87977852062359E-03	-1.35439895809969E-05	0	3.61700132013	6732.3125	
24.692768	-6.88082980971203E-03	-1.38619399842E-05	0	3.60417633235	6732.3125	
24.696864	-6.88323914340219E-03	-1.36824041060437E-05	0	3.56725013315	6732.3125	
24.70096	-6.88259911699594E-03	-1.3987614858525E-05	0	3.68153443086	6681.2109375	
24.705056	-6.88677995234625E-03	-1.37095596077344E-05	0	3.66178196604	6681.2109375	
24.709152	-6.89134891799578E-03	-1.31747918732719E-05	0	3.56897437303	6681.2109375	
24.713248	-6.89127824079406E-03	-1.35259186856062E-05	0	3.71305521433	6681.2109375	
24.717344	-6.89346877688563E-03	-1.35575400482156E-05	0	3.66809909268	6681.2109375	
24.72144	-6.89495766117125E-03	-1.35346016096156E-05	0	3.66596286628	6629.65234375	
24.725536	-6.89360098805469E-03	-1.3970134106775E-05	0	3.77166411149	6629.65234375	
24.729632	-6.89894822581422E-03	-1.35171290309344E-05	0	3.69993268073	6629.65234375	
24.733728	-6.90162719348609E-03	-1.31673625537781E-05	0	3.68775619025	6629.65234375	
24.737824	-6.90063204385672E-03	-1.37216547879469E-05	0	3.79732934581	6629.65234375	
24.74192	-6.90403296131484E-03	-1.3478853828825E-05	0	3.71398599869	6577.53125	
24.746016	-0.006904803827405	-1.35176600400187E-05	0	3.80749930935	6577.53125	
24.750112	-6.90598312177469E-03	-1.36833149224406E-05	0	3.85094481376	6577.53125	
24.754208	-6.91187904502906E-03	-1.30400129215125E-05	0	3.74690677339	6527.73046875	
24.758304	-6.91261781836656E-03	-1.31296534568719E-05	0	3.80132714093	6527.73046875	
24.7624	-6.91334927711656E-03	-1.34179327359E-05	0	3.87598443892	6527.73046875	
24.766496	-6.91583660259594E-03	-1.32619225553719E-05	0	3.79785195834	6527.73046875	
24.770592	-6.91487729444531E-03	-1.3569361430625E-05	0	3.90634174194	6527.734375	
24.774688	-6.91701013672797E-03	-1.36058561056687E-05	0	3.91962449252	6477.2109375	
24.778784	-0.006923406286335	-1.27516783540781E-05	0	3.80635108766	6477.2109375	
24.78288	-6.92294208432578E-03	-1.30850224918875E-05	0	3.94067013725	6477.2109375	
24.786976	-6.92547128581859E-03	-1.31337385489406E-05	0	3.9072343794	6477.2109375	
24.791072	-6.92796629161484E-03	-1.29478959463219E-05	0	3.90329761932	6477.2109375	
24.795168	-6.92751251289281E-03	-1.33021948708687E-05	0	4.01959607335	6477.2109375	
24.799264	-6.93221314111734E-03	-1.29561372842344E-05	0	3.97809987553	6425.93359375	
24.80336	-6.93604936796406E-03	-1.25134389288562E-05	0	3.9003297905	6425.93359375	
24.807456	-6.93528901659344E-03	-1.30214307285562E-05	0	4.04746619849	6425.93359375	
24.811552	-6.93773483178875E-03	-1.29662670817969E-05	0	3.97530370776	6425.93359375	
24.815648	-6.93883458001938E-03	-1.29644341509375E-05	0	4.02584835026	6425.93359375	
24.819744	-6.93871626656656E-03	-1.32846564268687E-05	0	4.10364132343	6373.55078125	
24.82384	-6.94562836888937E-03	-1.25012584121906E-05	0	4.02230831794	6373.55078125	
24.827936	-6.94799180354297E-03	-1.22868468477562E-05	0	4.02843852477	6373.55078125	
24.832032	-6.94789223372063E-03	-1.28020511402437E-05	0	4.12210060834	6373.55078125	
24.836128	-6.95127230460438E-03	-1.25356271278219E-05	0	4.05094519577	6373.55078125	
24.840224	-6.95128693377938E-03	-1.27085827240969E-05	0	4.15718812696	6322.6328125	
24.84432	-6.95251761312625E-03	-1.28899594657969E-05	0	4.18437542259	6322.6328125	
24.848416	-6.95802641183719E-03	-1.21980029462156E-05	0	4.08442291521	6322.6328125	
24.852512	-0.006957626852495	-1.24825610751187E-05	0	4.17831388018	6322.6328125	
24.856608	-6.95869487370234E-03	-1.2690127694475E-05	0	4.1924587507	6271.09375	
24.860704	-6.96142211765172E-03	-1.24505680782656E-05	0	4.15011950639	6271.09375	
24.8648	-6.96136881259531E-03	-1.26401207733281E-05	0	4.25345945849	6271.09375	
24.868896	-6.96507081676141E-03	-1.24379289082125E-05	0	4.2589869443	6271.09375	
24.872992	-6.97094891070875E-03	-1.16563174302094E-05	0	4.16033524621	6271.09375	
24.877088	-6.96978013105859E-03	-1.22133534116344E-05	0	4.30432453495	6271.09375	
24.881184	-6.97227422253141E-03	-1.22368968977062E-05	0	4.25390196253	6271.09375	
24.88528	-6.97363885026187E-03	-1.21534873657312E-05	0	4.26995036336	6218.97265625	
24.889376	-6.97250691784625E-03	-1.26286736693906E-05	0	4.35877160532	6218.97265625	
24.893472	-6.97765638744625E-03	-1.20877465660875E-05	0	4.31856095803	6169.51171875	
24.897568	-6.98067731208375E-03	-1.16969630626406E-05	0	4.2773737501	6169.51171875	
24.901664	-6.98103965846203E-03	-1.20533663120062E-05	0	4.39740297095	6169.51171875	
24.90576	-6.98416664461828E-03	-1.18703347642687E-05	0	4.32956252399	6169.51171875	
24.909856	-6.98566348351781E-03	-1.18237888973531E-05	0	4.38382267455	6169.51171875	
24.913952	-6.98593293463484E-03	-1.21398804081844E-05	0	4.45492086677	6118.75390625	
24.918048	-6.99310662489312E-03	-1.12849673207906E-05	0	4.35499887691	6118.75390625	
24.922144	-6.99403530320859E-03	-1.13227278599531E-05	0	4.42948451385	6118.75390625	
24.92624	-6.99398144955812E-03	-1.18516179560625E-05	0	4.46808917665	6118.75390625	
24.930336	-6.9970042028425E-03	-1.155896151795E-05	0	4.41197890144	6118.75390625	
24.934432	-6.99676519869594E-03	-1.17784346157844E-05	0	4.52028557992	6118.75390625	
24.938528	-6.99956750859953E-03	-1.16832640378781E-05	0	4.53240866474	6067.33203125	
24.942624	-7.00524609717281E-03	-1.09026549627187E-05	0	4.43210139119	6067.33203125	
24.94672	-7.00536925653984E-03	-1.12220231529656E-05	0	4.55304232295	6067.33203125	
24.950816	-7.00697736860172E-03	-1.13625975316219E-05	0	4.55286684721	6067.33203125	
24.954912	-7.00911414247516E-03	-1.12197748379062E-05	0	4.52354713987	6014.953125	
24.959008	-7.00805928752531E-03	-1.15882840847812E-05	0	4.63113284194	6014.953125	
24.963104	-7.01181532820656E-03	-1.13417158217344E-05	0	4.60093957059	6014.953125	
24.9672	-7.01610231650797E-03	-1.0697975840475E-05	0	4.54109852856	6014.953125	
24.971296	-7.01425821756687E-03	-1.13558634037406E-05	0	4.67403666037	6014.953125	
24.975392	-7.01734725930047E-03	-1.11508378876125E-05	0	4.61472586025	6014.953125	
24.979488	-7.01895354271547E-03	-1.09881772329656E-05	0	4.66571300679	5964.0546875	
24.983584	-7.01938940069812E-03	-1.12551625429031E-05	0	4.73742917879	5964.0546875	
24.98768	-7.02553365419813E-03	-1.05220111125937E-05	0	4.66931788884	5964.0546875	
24.991776	-7.02761940882375E-03	-1.03814836088906E-05	0	4.6717745492	5964.0546875	
24.995872	-7.02794271359125E-03	-1.07799882584625E-05	0	4.7814850336	5912.1328125	
24.999968	-7.03067708926344E-03	-1.06032139160062E-05	0	4.70536289465	5912.1328125	
25.004064	-7.03099701103422E-03	-1.07234844688125E-05	0	4.79421083944	5912.1328125	
25.00816	-7.03159461283297E-03	-1.10037137558906E-05	0	4.83654626906	5912.1328125	
25.012256	-7.03864688093875E-03	-1.00282308371437E-05	0	4.73106627587	5912.1328125	
25.016352	-7.03915094744984E-03	-1.01543872013719E-05	0	4.83302531019	5860.39453125	
25.020448	-7.04110302798891E-03	-1.03441093674187E-05	0	4.85257559644	5860.39453125	
25.024544	-7.04465179154687E-03	-9.95622634184062E-06	0	4.81418074159	5860.39453125	
25.02864	-7.04463963104516E-03	-1.02669058388531E-05	0	4.92927756827	5860.39453125	
25.032736	-7.04868020918016E-03	-1.00324721790562E-05	0	4.9254895811	5860.39453125	
25.036832	-7.0538824352425E-03	-9.36974399563125E-06	0	4.82914958515	5810.85546875	
25.040928	-0.007053834158965	-9.78507531106875E-06	0	4.96849639616	5810.85546875	
25.045024	-7.05561608391234E-03	-9.898634332125E-06	0	4.93411459519	5810.85546875	
25.04912	-7.05771025031359E-03	-9.74872486665E-06	0	4.94675647785	5810.85546875	
25.053216	-7.05721605849562E-03	-1.00942218769219E-05	0	5.04160493001	5810.85546875	
25.057312	-7.06363826632063E-03	-9.38109518620312E-06	0	5.00014687909	5759.97265625	
25.061408	-7.06781370716266E-03	-8.80578999227812E-06	0	4.9614621078	5759.97265625	
25.065504	-7.06737464904797E-03	-9.41130212715E-06	0	5.08422264669	5759.97265625	
25.0696	-7.07106193260672E-03	-9.14159446416562E-06	0	5.02275273203	5759.97265625	
25.073696	-7.07227642842875E-03	-9.16349059611562E-06	0	5.09575445456	5759.97265625	
25.077792	-7.07305232329781E-03	-9.41569202660625E-06	0	5.15107508894	5708.39453125	
25.081888	-7.07877123353469E-03	-8.70577566921562E-06	0	5.07851205576	5708.39453125	
25.085984	-7.07955846601438E-03	-8.80004672879062E-06	0	5.13131118005	5708.39453125	
25.09008	-7.08002851969359E-03	-9.16973001295312E-06	0	5.18566288317	5708.39453125	
25.094176	-0.00708338216663	-8.84894331450937E-06	0	5.13141417668	5656.1953125	
25.098272	-7.08403663934656E-03	-8.91670959289687E-06	0	5.22322995029	5656.1953125	
25.102368	-7.08655112023203E-03	-8.9199074262375E-06	0	5.25719213536	5656.1953125	
25.106464	-7.09375973764563E-03	-7.90397887485937E-06	0	5.15995568726	5656.1953125	
25.11056	-7.09381651713109E-03	-8.24972684641875E-06	0	5.28798431304	5656.1953125	
25.114656	-7.09656991073078E-03	-8.31331860975E-06	0	5.26799152275	5656.1953125	
25.118752	-7.09926049031031E-03	-8.08280369603437E-06	0	5.25631475666	5605.25390625	
25.122848	-7.09884319309344E-03	-8.4845309385375E-06	0	5.36309555914	5605.25390625	
25.126944	-7.10337997455797E-03	-8.10753780591562E-06	0	5.34939319266	5605.25390625	
25.13104	-7.10810666100047E-03	-7.49098866285E-06	0	5.28183884745	5605.25390625	
25.135136	-7.10895972476766E-03	-7.7858075988E-06	0	5.4130069631	5553.1953125	
25.139232	-7.11269537603625E-03	-7.591902023475E-06	0	5.36358765415	5553.1953125	
25.143328	-7.11579218951906E-03	-7.34535779886562E-06	0	5.39811822803	5553.1953125	
25.147424	-7.11645735981984E-03	-7.67849688880313E-06	0	5.48767189047	5553.1953125	
25.15152	-7.12399504223859E-03	-6.84883497808125E-06	0	5.41328543547	5553.1953125	
25.155616	-7.12700618361531E-03	-6.6055693559625E-06	0	5.44662964076	5501.8359375	
25.159712	-7.12730324730016E-03	-7.18009233913125E-06	0	5.52892776282	5501.8359375	
25.163808	-7.13119744225281E-03	-6.87326860749375E-06	0	5.46432598767	5501.8359375	
25.167904	-7.13231501979047E-03	-6.97044062570625E-06	0	5.5558671036	5501.8359375	
25.172	-7.13488582299969E-03	-6.9965958880125E-06	0	5.60220414303	5501.8359375	
25.176096	-7.14220964516641E-03	-6.06023360322187E-06	0	5.50843524814	5501.8359375	
25.180192	-7.14410979213422E-03	-6.13059843670312E-06	0	5.60088426029	5452.296875	
25.184288	-7.14675346692141E-03	-6.26353580376562E-06	0	5.64209435636	5452.296875	
25.188384	-7.15117431217406E-03	-5.88625949835E-06	0	5.59225543151	5452.296875	
25.19248	-7.15221481224594E-03	-6.07951531470937E-06	0	5.71186503646	5452.296875	
25.196576	-7.15695347632547E-03	-5.85777034414687E-06	0	5.71192988619	5401.13671875	
25.200672	-7.16409260515781E-03	-4.95637749554062E-06	0	5.62976909297	5401.13671875	
25.204768	-7.16441060684938E-03	-5.44096258787813E-06	0	5.77235839048	5401.13671875	
25.208864	-7.16864337577094E-03	-5.32912423817812E-06	0	5.73505835166	5401.13671875	
25.21296	-7.17244513262406E-03	-5.0371940012625E-06	0	5.74411442572	5401.13671875	
25.217056	-7.17414568278547E-03	-5.25598873439062E-06	0	5.8508570813	5349.296875	
25.221152	-7.18178485510578E-03	-4.52341158235312E-06	0	5.80907096704	5349.296875	
25.225248	-0.007187252234965	-4.00214455554375E-06	0	5.7760891573	5349.296875	
25.229344	-7.18969164989625E-03	-4.28946037399688E-06	0	5.91516894001	5349.296875	
25.23344	-7.19462561346203E-03	-4.04576278115625E-06	0	5.84973937713	5349.296875	
25.237536	-7.19761380532047E-03	-3.99725874312188E-06	0	5.92247788605	5297.4765625	
25.241632	-7.19925812459047E-03	-4.31347116729375E-06	0	5.98821262413	5297.4765625	
25.245728	-7.20767273461813E-03	-3.4097167825875E-06	0	5.90499134709	5297.4765625	
25.249824	-7.21093942939562E-03	-3.25334025627187E-06	0	5.96302041137	5297.4765625	
25.25392	-7.21374868815734E-03	-3.5232589767375E-06	0	6.02766033342	5297.4765625	
25.258016	-7.21921597658422E-03	-3.06423659922187E-06	0	5.98022847796	5246.39453125	
25.262112	-7.22145177168594E-03	-3.17171245328437E-06	0	6.09304793471	5246.39453125	
25.266208	-7.22623798058422E-03	-3.02833663512187E-06	0	6.11701181729	5246.39453125	
25.270304	-7.23418089115047E-03	-2.15737140031875E-06	0	6.02349850663	5246.39453125	
25.2744	-7.23636722135422E-03	-2.36367888631875E-06	0	6.13774465744	5246.39453125	
25.278496	-7.23971913107609E-03	-2.48714294554687E-06	0	6.14555332787	5246.3984375	
25.282592	-7.24405092122594E-03	-2.22214994130937E-06	0	6.13630270462	5194.3359375	
25.286688	-0.007245394428085	-2.45877302199375E-06	0	6.24119905024	5194.3359375	
25.290784	-7.25223274450641E-03	-1.97397542986875E-06	0	6.23137622349	5194.3359375	
25.29488	-7.25959579114859E-03	-1.1300229084375E-06	0	6.16429489984	5194.3359375	
25.298976	-0.00726105057117	-1.56109579467187E-06	0	6.31287707534	5194.3359375	
25.303072	-7.26650304755719E-03	-1.32426381996562E-06	0	6.26037168218	5143.3359375	
25.307168	-7.27039888829203E-03	-1.13973467757187E-06	0	6.31586397761	5143.3359375	
25.311264	-7.27276972896547E-03	-1.346735191725E-06	0	6.39789888606	5143.3359375	
25.31536	-7.28026644969422E-03	-7.00243290140625E-07	0	6.35234767277	5094.015625	
25.319456	-7.28403684525344E-03	-5.098600670625E-07	0	6.33966001383	5094.015625	
25.323552	-7.28588825878203E-03	-8.6446211630625E-07	0	6.46221837415	5094.015625	
25.327648	-7.29066011280234E-03	-5.956532505E-07	0	6.40290375934	5094.015625	
25.331744	-7.29366448818562E-03	-4.987620012375E-07	0	6.48692612128	5094.015625	
25.33584	-7.29688976411141E-03	-5.709407752125E-07	0	6.54704182099	5094.015625	
25.339936	-7.30616210095578E-03	4.09736849878125E-07	0	6.45927724816	5094.015625	
25.344032	-7.30932721439938E-03	4.4765003311875E-07	0	6.56780899335	5042.4765625	
25.348128	-7.31333313967609E-03	3.1151555386875E-07	0	6.58521923851	5042.4765625	
25.352224	-7.31894781704109E-03	7.0441131481875E-07	0	6.55457201905	5042.4765625	
25.35632	-7.32082730029922E-03	4.76887263496875E-07	0	6.67545573046	5042.4765625	
25.360416	-7.32654602767141E-03	6.94898103178125E-07	0	6.69000877281	4990.49609375	
25.364512	-7.33392425208266E-03	1.39864715904375E-06	0	6.60370522625	4990.49609375	
25.368608	-7.33682466889109E-03	1.2412170280125E-06	0	6.74693920637	4990.49609375	
25.372704	-7.34204490712516E-03	1.37205800294062E-06	0	6.72977310137	4990.49609375	
25.3768	-7.34742606628422E-03	1.67361130715625E-06	0	6.73539976912	4938.77734375	
25.380896	-7.35040346912609E-03	1.54581263687812E-06	0	6.84672386739	4938.77734375	
25.384992	-7.35953225719078E-03	2.18372473935E-06	0	6.80730286093	4938.77734375	
25.389088	-7.36707067106828E-03	2.84354956029375E-06	0	6.79974977473	4938.77734375	
25.393184	-7.36964540586828E-03	2.42154878037187E-06	0	6.92112939584	4938.77734375	
25.39728	-7.37624974692203E-03	2.70749104250625E-06	0	6.86439351147	4887.6796875	
25.401376	-7.38033485260844E-03	2.75734676188125E-06	0	6.9410191895	4887.6796875	
25.405472	-7.38503237213328E-03	2.7422501423625E-06	0	7.01049613847	4887.6796875	
25.409568	-7.39459281229281E-03	3.52221258355312E-06	0	6.94373524878	4887.6796875	
25.413664	-7.40012273187516E-03	3.74227342118437E-06	0	6.99825479826	4887.6796875	
25.41776	-7.40506538151359E-03	3.6454665468375E-06	0	7.08225427206	4887.6796875	
25.421856	-7.41267374113406E-03	4.06370987859375E-06	0	7.03301425354	4835.48046875	
25.425952	-7.41746086435578E-03	4.12857255411563E-06	0	7.1301896666	4835.48046875	
25.430048	-7.42418891337062E-03	4.2543005533875E-06	0	7.17377631454	4835.48046875	
25.434144	-7.43486583387969E-03	5.15636671862813E-06	0	7.08913978751	4835.48046875	
25.43824	-7.43883856921562E-03	5.00856037605E-06	0	7.22331006419	4835.48046875	
25.442336	-7.44521634092156E-03	5.0206074793875E-06	0	7.21962507365	4784.640625	
25.446432	-7.45245119941781E-03	5.40551238294375E-06	0	7.2127777051	4784.640625	
25.450528	-7.4573199717225E-03	5.3610946389E-06	0	7.33258185924	4784.640625	
25.454624	-7.46678952813234E-03	5.86465519303125E-06	0	7.3267987892	4784.640625	
25.45872	-7.47638855274094E-03	6.573564580275E-06	0	7.26448582805	4735.23828125	
25.462816	-7.48209036512953E-03	6.49421826539062E-06	0	7.41290015719	4735.23828125	
25.466912	-7.49060527643828E-03	6.80092637214375E-06	0	7.38420605901	4735.23828125	
25.471008	-7.49783346037344E-03	7.07373403202812E-06	0	7.43118778105	4735.23828125	
25.475104	-7.50311175814578E-03	6.93834931164375E-06	0	7.52109620966	4735.23828125	
25.4792	-7.51459236895641E-03	7.674582710025E-06	0	7.47104366217	4683.640625	
25.483296	-7.52312712108375E-03	8.18089302102187E-06	0	7.49548819569	4683.640625	
25.487392	-7.52918497101891E-03	8.0124948721125E-06	0	7.59690172934	4683.640625	
25.491488	-7.53862782918437E-03	8.48341507426875E-06	0	7.54729931527	4683.640625	
25.495584	-7.54582849198406E-03	8.69146102006875E-06	0	7.65255805644	4683.640625	
25.49968	-7.55448082610547E-03	8.92215381822187E-06	0	7.70473538626	4631.640625	
25.503776	-7.5676415062325E-03	9.89808024614063E-06	0	7.62553097779	4631.640625	
25.507872	-7.57603124666266E-03	1.01491677354375E-05	0	7.71499690236	4631.640625	
25.511968	-7.58443973072328E-03	1.01913196163625E-05	0	7.7760166836	4631.640625	
25.516064	-7.59410632383391E-03	1.06006752166219E-05	0	7.74707463057	4580.0625	
25.52016	-7.60098953353609E-03	1.06287552366187E-05	0	7.86298398622	4580.0625	
25.524256	-7.61170174692984E-03	1.1051502410025E-05	0	7.88431954739	4580.0625	
25.528352	-7.62451114399219E-03	1.19929151705344E-05	0	7.80618325212	4580.0625	
25.532448	-7.63148231160906E-03	1.19184428892375E-05	0	7.95143901794	4580.0625	
25.536544	-7.64143417363219E-03	1.21925161728562E-05	0	7.93570342169	4528.703125	
25.54064	-7.65143202612422E-03	1.26722399719781E-05	0	7.96933372873	4528.703125	
25.544736	-7.65941845848609E-03	1.27499848461562E-05	0	8.0704344578	4528.703125	
25.548832	-7.67170166241016E-03	1.34239399414312E-05	0	8.05535880292	4528.703125	
25.552928	-7.68210958896391E-03	1.39798506835969E-05	0	8.02648541431	4528.703125	
25.557024	-7.68913753606625E-03	1.38260792027531E-05	0	8.17062347596	4476.8203125	
25.56112	-7.69933681401156E-03	1.42414884027281E-05	0	8.12431695405	4476.8203125	
25.565216	-7.70781725532672E-03	1.45256474935687E-05	0	8.19440425342	4476.8203125	
25.569312	-7.71625700924891E-03	1.46412817529344E-05	0	8.28041788354	4476.8203125	
25.573408	-7.72995677447469E-03	1.56119372726625E-05	0	8.22301061373	4476.8203125	
25.577504	-7.74011335351547E-03	1.61154730672031E-05	0	8.30065862868	4426.203125	
25.5816	-7.7490783862525E-03	1.61736977685937E-05	0	8.36263208242	4426.203125	
25.585696	-7.76024282401844E-03	1.67306056251469E-05	0	8.33311019651	4426.203125	
25.589792	-7.76863658747172E-03	1.69011761276531E-05	0	8.45001137156	4426.203125	
25.593888	-7.77873163254516E-03	1.72065681299531E-05	0	8.49255660913	4426.203125	
25.597984	-7.79181468661234E-03	1.81263696139969E-05	0	8.41764372691	4376.72265625	
25.60208	-7.80003454574781E-03	1.82590165967344E-05	0	8.55126850292	4376.72265625	
25.606176	-7.80941541278422E-03	1.84398536755125E-05	0	8.568556678	4376.72265625	
25.610272	-7.81940366488016E-03	1.89244801139625E-05	0	8.56932724538	4376.72265625	
25.614368	-7.82754141777094E-03	1.90708381406813E-05	0	8.67993036724	4376.72265625	
25.618464	-7.83999221718109E-03	1.97928698705719E-05	0	8.69726813329	4324.9453125	
25.62256	-7.85280545440187E-03	2.07166278410437E-05	0	8.65463134316	4324.9453125	
25.626656	-7.86095161906828E-03	2.07270045133594E-05	0	8.80209962918	4324.9453125	
25.630752	-0.007870908692735	2.10355912240031E-05	0	8.76915215165	4324.9453125	
25.634848	-7.88017243493906E-03	2.14026819626812E-05	0	8.82751309396	4324.9453125	
25.638944	-7.88881754590531E-03	2.16088709391844E-05	0	8.92741601037	4273.00390625	
25.64304	-7.90142606610844E-03	2.24587191277969E-05	0	8.89318298231	4273.00390625	
25.647136	-7.91176669845719E-03	2.30655240498375E-05	0	8.92124384195	4273.00390625	
25.651232	-7.91993745842406E-03	2.30951047894875E-05	0	9.04227632627	4273.00390625	
25.655328	-7.93066046083438E-03	2.37018681250312E-05	0	9.00370981037	4273.00390625	
25.659424	-7.9391845153775E-03	2.39664236297062E-05	0	9.0935343158	4221.6640625	
25.66352	-7.94912257111672E-03	2.43696710629969E-05	0	9.17621772155	4221.6640625	
25.667616	-7.96188670916891E-03	2.53380448542375E-05	0	9.10130102464	4221.6640625	
25.671712	-7.97019854924219E-03	2.55841169639344E-05	0	9.22602231419	4221.6640625	
25.675808	-7.97817291253469E-03	2.56507546376812E-05	0	9.26263570881	4221.6640625	
25.679904	-7.98720167361531E-03	2.61154635479719E-05	0	9.2469611476	4170.02734375	
25.684	-7.99501694462969E-03	2.64018993192281E-05	0	9.38544965336	4170.02734375	
25.688096	-8.00488788902859E-03	2.69382985424437E-05	0	9.40943642408	4170.02734375	
25.692192	-8.01677482517484E-03	2.7918504773775E-05	0	9.3534291455	4170.02734375	
25.696288	-8.02453880264437E-03	2.80993091602781E-05	0	9.50415136209	4170.02734375	
25.700384	-8.03443105077938E-03	2.8591042562775E-05	0	9.51065922323	4118.20703125	
25.70448	-8.04288589103828E-03	2.90327142364875E-05	0	9.54898922835	4118.20703125	
25.708576	-8.05040336690906E-03	2.92074638213531E-05	0	9.64223169602	4118.20703125	
25.712672	-8.06125931194719E-03	3.00345875134594E-05	0	9.5149049732	4118.20703125	
25.716768	-8.07052488279813E-03	3.06234258669281E-05	0	9.53635116038	4118.20703125	
25.720864	-8.07717155702703E-03	3.06986370897937E-05	0	9.66491002807	4118.20703125	
25.72496	-8.08235476516187E-03	3.06307371576937E-05	0	9.61615828987	4118.20703125	
25.729056	-8.08934979662047E-03	3.10215776322375E-05	0	9.63382793395	4118.20703125	
25.733152	-8.09697699130375E-03	3.15665292507469E-05	0	9.63343502088	4118.20703125	
25.737248	-8.10752444361406E-03	3.26328507805781E-05	0	9.63141323518	4118.20703125	
25.741344	-8.10792372865922E-03	3.20588030373187E-05	0	9.638577223	4118.20703125	
25.74544	-8.10249310460219E-03	3.03673806902812E-05	0	9.62655713481	4118.20703125	
25.749536	-8.10288534935688E-03	3.03618191573812E-05	0	9.63742137193	4118.20703125	
25.753632	-8.10148844600906E-03	3.03489117183656E-05	0	9.62215879724	4118.20703125	
25.757728	-8.10037342857703E-03	3.03189040560656E-05	0	9.62580564088	4118.20703125	
25.761824	-8.09754213462047E-03	3.01985767725469E-05	0	9.61518172923	4118.20703125	
25.76592	-8.09308087627188E-03	2.9742199103925E-05	0	9.61376266455	4118.20703125	
25.770016	-8.09175108426437E-03	2.99234342592281E-05	0	9.61384658773	4118.20703125	
25.774112	-8.09337071680156E-03	3.07071303505312E-05	0	9.59811099148	4118.20703125	
25.778208	-8.09221839497328E-03	3.08775837858469E-05	0	9.59427341334	4118.20703125	
25.782304	-8.08876901837297E-03	3.0506298339825E-05	0	9.58751759735	4118.20703125	
25.7864	-8.08575760269922E-03	3.03666905467406E-05	0	9.58668980962	4118.20703125	
25.790496	-8.08273750095281E-03	3.03044199359344E-05	0	9.58551869979	4118.20703125	
25.794592	-8.08256880827859E-03	3.0732609651975E-05	0	9.58108221532	4118.20703125	
25.798688	-0.00808152492521	3.10484071727156E-05	0	9.58556066138	4118.20703125	
25.802784	-8.07686370432563E-03	3.05524761782625E-05	0	9.58651814857	4118.20703125	
25.80688	-8.07397425939844E-03	3.04456671504562E-05	0	9.58835301446	4118.20703125	
25.810976	-8.07394637253359E-03	3.10119999975844E-05	0	9.58783803131	4118.20703125	
25.815072	-8.07447850877422E-03	3.15558763767844E-05	0	9.58484349966	4118.20703125	
25.819168	-8.07388767296891E-03	3.17790312017062E-05	0	9.57845007922	4118.20703125	
25.823264	-0.00807060570899	1.91733202497375E-05	0	9.57534110687	4118.20703125	
25.82736	-8.07676395163859E-03	0	0	9.57887350981	4118.20703125	
25.831456	-8.10703025179609E-03	0	0	9.57099617496	4118.20703125	
25.835552	-8.15953097787438E-03	0	0	9.56243982529	4118.20703125	
25.839648	-8.23235446243031E-03	0	0	9.55728236441	4118.20703125	
25.843744	-8.32490136645062E-03	0	0	9.55235759962	4118.20703125	
25.84784	-8.43706014247594E-03	0	0	9.55494395944	4118.20703125	
25.851936	-8.56835991393594E-03	0	0	9.55365840891	4118.20703125	
25.856032	-8.71490886311891E-03	0	0	9.55665675525	4118.20703125	
25.860128	-8.87096677605187E-03	0	0	9.5615967788	4118.20703125	
25.864224	-9.03556264124422E-03	0	0	9.5670899324	4118.20703125	
25.86832	-9.20670341646688E-03	0	0	9.56837929762	4118.20703125	
25.872416	-9.38132200374875E-03	0	0	9.56192102745	4118.20703125	
25.876512	-9.55626618160672E-03	0	0	9.55828562788	4118.20703125	
25.880608	-9.72745825037422E-03	0	0	9.54663556462	4118.20703125	
25.884704	-9.89349810657141E-03	0	0	9.54520887056	4118.20703125	
25.8888	-1.00540778974969E-02	0	0	9.54100889687	4118.20703125	
25.892896	-1.02048702217533E-02	0	0	9.53691954919	4118.20703125	
25.896992	-1.03425655942262E-02	0	0	9.53815550875	4118.20703125	
25.901088	-1.04649748503094E-02	0	0	9.535962062	4118.20703125	
25.905184	-1.05698218732373E-02	0	0	9.54189009026	4118.20703125	
25.90928	-1.06576430965709E-02	0	0	9.53774352223	4118.20703125	
25.913376	-0.010727032473728	0	0	9.53976912262	4118.20703125	
25.917472	-1.07757756962075E-02	0	0	9.53969664351	4118.20703125	
25.921568	-1.08042995701902E-02	0	0	9.53851027492	4061.8515625	
25.925664	-1.08133726759575E-02	0	0	9.5424851819	4061.8515625	
25.92976	-0.010803610353183	0	0	9.53992552491	4061.8515625	
25.933856	-1.07757203796395E-02	0	0	9.53621764623	4061.8515625	
25.937952	-1.07288246390978E-02	0	0	9.49770453599	4061.8515625	
25.942048	-1.06634425587027E-02	0	0	9.44384492788	4061.87109375	
25.946144	-1.05822210133733E-02	0	0	9.45079147837	4061.87109375	
25.95024	-1.04871575255236E-02	0	0	9.39297985142	4061.87109375	
25.954336	-1.03803995666112E-02	0	0	9.34400304651	4061.87109375	
25.958432	-1.02640858305889E-02	-1.091708523675E-06	0	9.31025448408	4061.87109375	
25.962528	-1.01407159863023E-02	-1.33040890997437E-05	0	9.31367626101	4079.91015625	
25.966624	-1.00175250751125E-02	-1.7129280947625E-05	0	9.21568450429	4079.91015625	
25.97072	-9.90354615542016E-03	-1.83391431993E-05	0	9.12231996654	4079.91015625	
25.974816	-9.79877620995797E-03	-1.82012224237594E-05	0	9.20780716944	4079.91015625	
25.978912	-9.70566507694438E-03	-1.613999539845E-05	0	9.06682004173	4131.4140625	
25.983008	-0.009621271926475	-1.41428219148562E-05	0	9.03808779665	4131.4140625	
25.987104	-9.54980447500922E-03	-1.008315530145E-05	0	9.01916693425	4131.4140625	
25.9912	-9.49080464650484E-03	-4.476935907675E-06	0	8.85281593273	4131.4140625	
25.995296	-9.43307207028484E-03	-2.85000748652812E-06	0	8.88078142512	4131.4140625	
25.999392	-9.37891943605203E-03	-2.0093297214375E-06	0	8.87225177828	4183.09375	
26.003488	-9.33056653824797E-03	-1.5993782083125E-07	0	8.71824129891	4183.09375	
26.007584	-9.28616653496125E-03	1.34798278663125E-06	0	8.75252010325	4183.09375	
26.01168	-9.24617951374562E-03	3.07712384595E-06	0	8.6499621626	4183.09375	
26.015776	-0.00920585309567	3.04762820236875E-06	0	8.53427405897	4183.09375	
26.019872	-9.16174430439812E-03	4.26026256665625E-07	0	8.63223911286	4183.09375	
26.023968	-9.12218335790438E-03	1.2117295575E-07	0	8.51580714468	4236.1953125	
26.028064	-9.08779739063453E-03	1.3037573500875E-06	0	8.49058822909	4236.1953125	
26.03216	-9.05670015333703E-03	2.42905093633125E-06	0	8.47734362541	4236.1953125	
26.036256	-9.02741501366031E-03	2.95533093889687E-06	0	8.33479628949	4236.1953125	
26.040352	-8.99623576155047E-03	1.79520060864375E-06	0	8.35137111754	4289.93359375	
26.044448	-8.96492237819234E-03	2.15115890653125E-07	0	8.37295463356	4289.93359375	
26.048544	-8.94108587474438E-03	1.86698683493437E-06	0	8.21787985568	4289.93359375	
26.05264	-8.92145352189437E-03	3.86068219700625E-06	0	8.25284911891	4289.93359375	
26.056736	-8.90020802820359E-03	3.66810282227812E-06	0	8.17800108642	4289.93359375	
26.060832	-8.87701694567016E-03	2.2200948952875E-06	0	8.04794686025	4342.7734375	
26.064928	-8.85284186825328E-03	5.4351051418125E-07	0	8.13428092433	4342.7734375	
26.069024	-8.83153008611328E-03	2.1478391983125E-07	0	8.03178020403	4342.7734375	
26.07312	-8.81448572575312E-03	1.23526655319375E-06	0	7.98554234654	4342.7734375	
26.077216	-8.79911430298656E-03	1.98642926356875E-06	0	7.99192432291	4342.77734375	
26.081312	-8.78289319944953E-03	1.47011223180937E-06	0	7.88110757841	4342.77734375	
26.085408	-8.76751674790406E-03	1.1955055352625E-06	0	7.85172302134	4395.078125	
26.089504	-8.75156509548406E-03	3.51035466271875E-07	0	7.91741579783	4395.078125	
26.0936	-8.73782491716234E-03	4.0404190365E-07	0	7.77827116539	4395.078125	
26.097696	-0.008724790230805	3.18842229234375E-07	0	7.7980274449	4446.9765625	
26.101792	-8.71101155946656E-03	-3.5322416600625E-07	0	7.77544829479	4446.9765625	
26.105888	-8.69647537116016E-03	-1.46085382760625E-06	0	7.62251737269	4446.9765625	
26.109984	-8.68275457649531E-03	-2.09176569669375E-06	0	7.68196550165	4446.9765625	
26.11408	-8.67057853127813E-03	-2.242318911525E-06	0	7.64588616363	4446.9765625	
26.118176	-8.66006298885578E-03	-2.078103691125E-06	0	7.53018280124	4499.59765625	
26.122272	-8.65222385399969E-03	-1.29226673657812E-06	0	7.56898582792	4499.59765625	
26.126368	-8.64373591523234E-03	-1.39866398595E-06	0	7.49798300295	4499.59765625	
26.130464	-8.63530823037953E-03	-1.68810167728125E-06	0	7.39133952931	4499.59765625	
26.13456	-8.62438901415953E-03	-3.00467848570312E-06	0	7.49501135944	4499.59765625	
26.138656	-8.61349430180766E-03	-4.048690182075E-06	0	7.38255048355	4549.796875	
26.142752	-8.60410529729266E-03	-4.29339113929687E-06	0	7.35480624318	4549.796875	
26.146848	-8.59642534614703E-03	-4.09146658160625E-06	0	7.38885998081	4549.796875	
26.150944	-8.58836375639859E-03	-4.36336462701562E-06	0	7.23914865707	4549.796875	
26.15504	-8.58007916316375E-03	-4.91067754124062E-06	0	7.25243522234	4549.796875	
26.159136	-8.57079082565922E-03	-5.7933797835375E-06	0	7.30085508251	4600.578125	
26.163232	-8.56256529771844E-03	-6.23335867048125E-06	0	7.14291165775	4600.578125	
26.167328	-8.55778768346047E-03	-5.38718643973125E-06	0	7.18486943306	4600.578125	
26.171424	-8.55172507904344E-03	-5.6174741902125E-06	0	7.14367841044	4600.578125	
26.17552	-8.54608233194891E-03	-5.82100139053125E-06	0	6.99748423088	4652.73828125	
26.179616	-8.5369677158975E-03	-7.32027849702187E-06	0	7.08568749306	4652.73828125	
26.183712	-8.52871823268266E-03	-8.205789871125E-06	0	7.03899187277	4652.73828125	
26.187808	-8.52305957636031E-03	-7.8572565658125E-06	0	6.94553578246	4652.73828125	
26.191904	-8.51918540509094E-03	-7.28177973744375E-06	0	7.0017872012	4652.73828125	
26.196	-8.51407113694328E-03	-7.56817199912812E-06	0	6.90334149637	4705.37890625	
26.200096	-8.50786544090828E-03	-8.32134696710625E-06	0	6.82496106094	4705.37890625	
26.204192	-8.50043436860234E-03	-9.37848797727187E-06	0	6.93939413156	4705.37890625	
26.208288	-8.49508694797813E-03	-9.407454054075E-06	0	6.82169187161	4705.37890625	
26.212384	-8.49125428699281E-03	-9.06088589102812E-06	0	6.79131549514	4705.37890625	
26.21648	-8.48687376340375E-03	-9.19063455935625E-06	0	6.80830993909	4757.21875	
26.220576	-8.48205957620828E-03	-9.64436872100625E-06	0	6.67282359436	4757.21875	
26.224672	-8.47543045698937E-03	-1.058830864245E-05	0	6.68545784764	4757.21875	
26.228768	-8.46802297422813E-03	-1.17260043797531E-05	0	6.72700363643	4757.21875	
26.232864	-8.46372848847453E-03	-1.13705556967406E-05	0	6.58812984698	4757.21875	
26.23696	-8.46089655449156E-03	-1.08480663153844E-05	0	6.61639669988	4808.12109375	
26.241056	-8.45805812881219E-03	-1.07176443304219E-05	0	6.5950649534	4808.12109375	
26.245152	-8.45577268594781E-03	-1.05674665959844E-05	0	6.4478560663	4808.12109375	
26.249248	-8.45088462141859E-03	-1.14762630429562E-05	0	6.54882328122	4808.12109375	
26.253344	-8.44631199847531E-03	-1.2068828315775E-05	0	6.5294904323	4808.12109375	
26.25744	-8.44234785777969E-03	-1.22371918493344E-05	0	6.42957225713	4860.8203125	
26.261536	-8.43817406271984E-03	-1.25488386530719E-05	0	6.47467715169	4860.8203125	
26.265632	-0.008434120226895	-1.28558135864812E-05	0	6.40614243115	4860.8203125	
26.269728	-8.43038969583766E-03	-1.29378106198687E-05	0	6.29995290562	4860.8203125	
26.273824	-8.42325129846406E-03	-1.44065286223031E-05	0	6.40695496012	4860.8203125	
26.27792	-8.41887644368031E-03	-1.44972525700406E-05	0	6.3120912492	4860.8203125	
26.282016	-8.41667850156891E-03	-1.38708464656781E-05	0	6.26584194764	4910.9609375	
26.286112	-8.41468765371609E-03	-1.35926025131531E-05	0	6.29523413409	4910.9609375	
26.290208	-8.41313458392516E-03	-1.34198649455062E-05	0	6.18432965172	4910.9609375	
26.294304	-8.40892165582219E-03	-1.42332795167062E-05	0	6.14585087369	4910.9609375	
26.2984	-0.00840261776145	-1.56496872349125E-05	0	6.24288514322	4960.8828125	
26.302496	-8.39886665811531E-03	-1.56306048020719E-05	0	6.11313990694	4960.8828125	
26.306592	-8.39557628236078E-03	-1.56031437718406E-05	0	6.12798286573	4960.8828125	
26.310688	-8.39303071447844E-03	-1.54694237132531E-05	0	6.12827278217	4960.8828125	
26.314784	-8.39146210118906E-03	-1.51546843645312E-05	0	5.99859239562	4960.8828125	
26.31888	-8.38678177094484E-03	-1.61133812423719E-05	0	6.04164498696	5012.921875	
26.322976	-8.38226245305797E-03	-1.68726528388688E-05	0	6.06285084867	5012.921875	
26.327072	-8.38115996185703E-03	-1.61298682451156E-05	0	5.94857799503	5012.921875	
26.331168	-8.37951838555734E-03	-1.59967092436594E-05	0	5.99248507693	5012.921875	
26.335264	-8.37799109968734E-03	-1.59999686154E-05	0	5.95162593234	5012.921875	
26.33936	-8.37549828826734E-03	-1.63117596497625E-05	0	5.81945073853	5012.921875	
26.343456	-8.36983954051266E-03	-1.77332334686719E-05	0	5.91419619406	5065.3203125	
26.347552	-8.36623984913922E-03	-1.797970125105E-05	0	5.86537579144	5065.3203125	
26.351648	-8.36418701015734E-03	-1.7629618908825E-05	0	5.79968682964	5065.3203125	
26.355744	-8.36268569107297E-03	-1.73615809557094E-05	0	5.83618578356	5065.3203125	
26.35984	-8.36191948803234E-03	-1.70606985642844E-05	0	5.76139497142	5065.3203125	
26.363936	-8.35995350977703E-03	-1.72667904255E-05	0	5.69443571785	5116.94140625	
26.368032	-8.35452590298734E-03	-1.87734499765313E-05	0	5.79456751566	5116.94140625	
26.372128	-8.35252993492328E-03	-1.85607799968937E-05	0	5.68906081964	5116.9453125	
26.376224	-8.35103419321188E-03	-1.82502800670094E-05	0	5.68114533789	5116.9453125	
26.38032	-8.3493953598825E-03	-1.82910418050937E-05	0	5.7040678101	5167.8046875	
26.384416	-8.34817318374359E-03	-1.81621402513031E-05	0	5.58215794708	5167.8046875	
26.388512	-8.34384980536937E-03	-1.91800611083813E-05	0	5.59521944564	5167.8046875	
26.392608	-8.33922652890766E-03	-2.009114529345E-05	0	5.64529869596	5167.8046875	
26.396704	-8.33753951073313E-03	-1.96373789202937E-05	0	5.51749513689	5167.8046875	
26.4008	-8.33619801538562E-03	-1.93606703027719E-05	0	5.54707805784	5220.10546875	
26.404896	-8.33534348870094E-03	-1.91678553513563E-05	0	5.53186507412	5220.10546875	
26.408992	-8.33518512788156E-03	-1.88137912823438E-05	0	5.40385552179	5220.10546875	
26.413088	-8.33075477366516E-03	-2.0107208738925E-05	0	5.48792366001	5220.10546875	
26.417184	-8.32702451690484E-03	-2.08341897427125E-05	0	5.4770174613	5269.92578125	
26.42128	-8.32538961516625E-03	-2.04655326594469E-05	0	5.38392758123	5269.92578125	
26.425376	-8.32335094819766E-03	-2.05577917018031E-05	0	5.43655504447	5269.92578125	
26.429472	-8.32233038037672E-03	-2.03473522487812E-05	0	5.36519745333	5269.92578125	
26.433568	-8.32020668132844E-03	-2.05907676303656E-05	0	5.28588241885	5320.10546875	
26.437664	-8.31534760085219E-03	-2.182817432565E-05	0	5.38791011759	5320.10546875	
26.44176	-8.31346775186469E-03	-2.16403531192406E-05	0	5.31096782029	5320.10546875	
26.445856	-8.31262822008438E-03	-2.11664086412625E-05	0	5.27458712176	5320.10546875	
26.449952	-8.31125618633406E-03	-2.12263280524969E-05	0	5.29606382646	5320.10546875	
26.454048	-8.31081493384312E-03	-2.10174785017312E-05	0	5.19399035144	5372.14453125	
26.458144	-8.30776886531109E-03	-2.17087881469594E-05	0	5.18695224839	5372.14453125	
26.46224	-8.30241358150531E-03	-2.31460910365781E-05	0	5.25875997295	5372.14453125	
26.466336	-8.30075079290188E-03	-2.27129198351344E-05	0	5.14420864694	5372.14453125	
26.470432	-8.29912293145375E-03	-2.25216820456031E-05	0	5.15807504509	5372.14453125	
26.474528	-8.29826886193078E-03	-2.23020983709562E-05	0	5.16864173639	5372.14453125	
26.478624	-8.29830634919172E-03	-2.18900922925781E-05	0	5.03956788555	5424.32421875	
26.48272	-8.29506781557609E-03	-2.28013257563437E-05	0	5.09731847746	5424.32421875	
26.486816	-8.29232493669594E-03	-2.33403675249937E-05	0	5.13283324136	5424.32421875	
26.490912	-8.29162502210453E-03	-2.28896617257E-05	0	5.01787755821	5424.32421875	
26.495008	-8.29026140012984E-03	-2.29578893017031E-05	0	5.05902280455	5475.8671875	
26.499104	-8.28967961612656E-03	-2.28251930401687E-05	0	5.02609821516	5475.8671875	
26.5032	-8.28883907859047E-03	-2.27690842020469E-05	0	4.90891475305	5475.8671875	
26.507296	-8.28358501038922E-03	-2.43801253794656E-05	0	5.00552940668	5475.8671875	
26.511392	-8.28087596147625E-03	-2.45851201263937E-05	0	4.96623809968	5475.8671875	
26.515488	-8.2805621656725E-03	-2.38422937057594E-05	0	4.89603254492	5527.02734375	
26.519584	-8.28018848168359E-03	-2.3565678357375E-05	0	4.94415485927	5527.02734375	
26.52368	-8.28060404168594E-03	-2.3199001800975E-05	0	4.85688238145	5527.02734375	
26.527776	-8.27901631903672E-03	-2.36013968312719E-05	0	4.80200043642	5527.02734375	
26.531872	-8.27465563626625E-03	-2.49663183028875E-05	0	4.91300791542	5527.02734375	
26.535968	-8.27346180415391E-03	-2.47077087057281E-05	0	4.81842649156	5579.02734375	
26.540064	-8.27232978030594E-03	-2.4571219659525E-05	0	4.8071197504	5579.02734375	
26.54416	-8.27117069248422E-03	-2.46440150194219E-05	0	4.82548366806	5579.02734375	
26.548256	-0.008271461355905	-2.41934101815656E-05	0	4.7073656069	5579.02734375	
26.552352	-8.26866444050969E-03	-2.49645425835094E-05	0	4.72954421456	5579.02734375	
26.556448	-8.26538055645156E-03	-2.57924746882687E-05	0	4.78923648368	5628.70703125	
26.560544	-8.2656550363475E-03	-2.50071204255469E-05	0	4.66169613822	5628.70703125	
26.56464	-8.26572287914656E-03	-2.46757678722844E-05	0	4.70723972213	5628.70703125	
26.568736	-0.00826608659701	-2.44820382583219E-05	0	4.69027961039	5628.70703125	
26.572832	-8.26627860493188E-03	-2.4376427546625E-05	0	4.5621403586	5628.70703125	
26.576928	-8.26247831099625E-03	-2.57590119813469E-05	0	4.6453768944	5678.92578125	
26.581024	-8.25989489012359E-03	-2.62675956073781E-05	0	4.64206192879	5678.92578125	
26.58512	-8.25919058677969E-03	-2.58286073444437E-05	0	4.5611103923	5678.92578125	
26.589216	-8.25799044583563E-03	-2.58840363755531E-05	0	4.60549049576	5678.92578125	
26.593312	-8.25848152895391E-03	-2.54095080039281E-05	0	4.55589189638	5731.28515625	
26.597408	-8.25841542336937E-03	-2.52430949491875E-05	0	4.46678836736	5731.28515625	
26.601504	-8.25472896270172E-03	-2.65350770706656E-05	0	4.57392393601	5731.28515625	
26.6056	-8.25417661991312E-03	-2.6318402527725E-05	0	4.49222090559	5731.28515625	
26.609696	-0.008254550029605	-2.5801129968075E-05	0	4.46529682357	5731.28515625	
26.613792	-8.25456676172391E-03	-2.57429136801375E-05	0	4.50867747825	5731.28515625	
26.617888	-8.25538462403875E-03	-2.54210529443063E-05	0	4.40935058003	5783.16796875	
26.621984	-8.25338243857531E-03	-2.61414990988594E-05	0	4.38881228907	5783.16796875	
26.62608	-8.24975586609281E-03	-2.72922510731062E-05	0	4.47498613617	5783.16796875	
26.630176	-8.24953697706187E-03	-2.67220530856125E-05	0	4.35684900156	5783.16796875	
26.634272	-8.24928782392516E-03	-2.64309788574562E-05	0	4.37904286798	5834.56640625	
26.638368	-8.24974983155813E-03	-2.61359375659594E-05	0	4.38704990229	5834.56640625	
26.642464	-8.25133243399609E-03	-2.55435722929406E-05	0	4.25978421451	5834.56640625	
26.64656	-8.24877671712359E-03	-2.66513026755937E-05	0	4.33022628005	5834.56640625	
26.650656	-8.24604371293656E-03	-2.75292616534031E-05	0	4.35376291735	5834.56640625	
26.654752	-8.24625711602688E-03	-2.68925178189937E-05	0	4.2462077328	5885.84765625	
26.658848	-8.24604499298938E-03	-2.67404249422406E-05	0	4.29917851814	5885.84765625	
26.662944	-8.24657694636531E-03	-2.64559882074469E-05	0	4.27442118004	5885.84765625	
26.66704	-8.24664414913797E-03	-2.63897906774906E-05	0	4.14789935681	5885.84765625	
26.671136	-8.24335523630094E-03	-2.76639629610094E-05	0	4.26068829604	5885.84765625	
26.675232	-8.24267296815187E-03	-2.75615457557344E-05	0	4.21845967774	5937.66796875	
26.679328	-8.24342975366109E-03	-2.69249319692719E-05	0	4.15362139181	5937.66796875	
26.683424	-8.24415728082031E-03	-2.66558851229344E-05	0	4.19902764688	5937.66796875	
26.68752	-8.2460519418475E-03	-2.61013029852094E-05	0	4.11690881525	5937.66796875	
26.691616	-8.24600183692313E-03	-2.63271765574125E-05	0	4.07288347796	5937.66796875	
26.695712	-8.24227724896812E-03	-2.79473905621969E-05	0	4.1787640136	5987.06640625	
26.699808	-8.24227304308031E-03	-2.75545524934969E-05	0	4.0807264806	5987.06640625	
26.703904	-0.00824280865375	-2.70740185990312E-05	0	4.0733641289	5987.06640625	
26.708	-8.24311339775172E-03	-2.69786708578406E-05	0	4.10896281598	5987.06640625	
26.712096	-8.24428601756031E-03	-2.65868474515875E-05	0	3.97506719698	5987.06640625	
26.716192	-8.24258418734609E-03	-2.73137818208062E-05	0	4.00844573448	6037.52734375	
26.720288	-8.24059736251641E-03	-2.79622340569687E-05	0	4.08703216317	6037.52734375	
26.724384	-8.24119917020297E-03	-2.73510512546906E-05	0	3.95966729345	6037.52734375	
26.72848	-8.24144238023734E-03	-2.71938706426406E-05	0	4.00041199734	6037.52734375	
26.732576	-8.24222001232094E-03	-2.70261698488031E-05	0	3.98624042399	6037.52734375	
26.736672	-8.24356553069156E-03	-2.66151577598156E-05	0	3.85860089659	6090.0078125	
26.740768	-0.008240242696455	-2.80174794344156E-05	0	3.94971095255	6090.0078125	
26.744864	-8.23786426689703E-03	-2.86284144004031E-05	0	3.95445642691	6090.0078125	
26.74896	-8.23842054127641E-03	-2.78399935542094E-05	0	3.85120421268	6090.0078125	
26.753056	-8.23888977206453E-03	-2.75736741089906E-05	0	3.9205095006	6090.0078125	
26.757152	-8.24088244856422E-03	-2.69345011904719E-05	0	3.85572462033	6142.0078125	
26.761248	-8.24130157442797E-03	-2.701019222055E-05	0	3.76396606707	6142.0078125	
26.765344	-8.23851809958719E-03	-2.82729327847312E-05	0	3.88863013627	6142.0078125	
26.76944	-8.23841441530937E-03	-2.80528303606031E-05	0	3.82962451135	6142.0078125	
26.773536	-8.23916937217172E-03	-2.75552137909125E-05	0	3.79237024881	6142.0078125	
26.777632	-8.23920347643594E-03	-2.76489324471937E-05	0	3.82390629104	6193.328125	
26.781728	-8.24033504312219E-03	-2.73313265148E-05	0	3.7226796772	6193.328125	
26.785824	-8.23903615524687E-03	-2.78732490498E-05	0	3.7092138215	6193.328125	
26.78992	-8.23566321608594E-03	-2.91134627134312E-05	0	3.80443229859	6193.328125	
26.794016	-8.23677951357078E-03	-2.81673384191719E-05	0	3.68086686011	6193.328125	
26.798112	-8.23796584823094E-03	-2.76392423126531E-05	0	3.71277292727	6244.56640625	
26.802208	-8.23966639839234E-03	-2.72524604878969E-05	0	3.72494560306	6244.56640625	
26.806304	-8.24144969482484E-03	-2.68987281493219E-05	0	3.60044175084	6244.56640625	
26.8104	-8.23945701832516E-03	-2.79998780097094E-05	0	3.65543432188	6244.56640625	
26.814496	-8.23743718641938E-03	-2.87433339970219E-05	0	3.6997152434	6296.30859375	
26.818592	-8.2379532305675E-03	-2.81602528493344E-05	0	3.59341127717	6296.30859375	
26.822688	-0.00823811561441	-2.79939265733531E-05	0	3.64017937657	6296.30859375	
26.826784	-8.23916854928062E-03	-2.76316545798562E-05	0	3.6156394758	6296.30859375	
26.83088	-8.24026811464656E-03	-2.73252118574531E-05	0	3.50755786403	6296.30859375	
26.834976	-8.23692068510953E-03	-2.88430764453562E-05	0	3.61756970894	6296.30859375	
26.839072	-8.23624207425422E-03	-2.88447552898312E-05	0	3.57283483931	6345.46875	
26.843168	-8.23749113150219E-03	-2.80297885567219E-05	0	3.51685426356	6345.46875	
26.847264	-8.23827644390266E-03	-2.78272322688937E-05	0	3.56966864661	6345.46875	
26.85136	-8.23982055332391E-03	-2.74235362783594E-05	0	3.49750615588	6345.46875	
26.855456	-8.23910710674563E-03	-2.79483314266406E-05	0	3.43306078302	6345.46875	
26.859552	-8.2357442251425E-03	-2.93246615406937E-05	0	3.55413141424	6396.2265625	
26.863648	-8.23553676515453E-03	-2.89475232159094E-05	0	3.45603666089	6396.2265625	
26.867744	-8.23596165125594E-03	-2.84835727183219E-05	0	3.45690641021	6396.2265625	
26.87184	-8.23659847753016E-03	-2.82463260805687E-05	0	3.48221306367	6396.2265625	
26.875936	-8.23911012401297E-03	-2.7446816783925E-05	0	3.3791668427	6396.2265625	
26.880032	-8.23795451062031E-03	-2.82194566362844E-05	0	3.40820044829	6448.7265625	
26.884128	-8.23557251520094E-03	-2.92793712013687E-05	0	3.46533687511	6448.7265625	
26.888224	-8.23699593392844E-03	-2.83808192153062E-05	0	3.3505948146	6448.7265625	
26.89232	-8.23813307798766E-03	-2.79881551848937E-05	0	3.39958306358	6448.7265625	
26.896416	-8.23946415004797E-03	-2.77241965546219E-05	0	3.40146370575	6448.7265625	
26.900512	-8.23991564296141E-03	-2.7797547202425E-05	0	3.26040791362	6500.70703125	
26.904608	-8.23646937506078E-03	-2.92576375692562E-05	0	3.36739470936	6500.70703125	
26.908704	-8.23478784282687E-03	-2.95476687696094E-05	0	3.36726882459	6500.70703125	
26.9128	-8.23588493951953E-03	-2.86899157812094E-05	0	3.27782960285	6500.70703125	
26.916896	-8.23678856537281E-03	-2.83408517071969E-05	0	3.32126747788	6500.70703125	
26.920992	-8.23908214571578E-03	-2.7694420382475E-05	0	3.273766958	6500.70703125	
26.925088	-8.24032498556438E-03	-2.75349258304312E-05	0	3.20542297196	6552.20703125	
26.929184	-0.008237164718035	-2.91503047438969E-05	0	3.31543863156	6552.20703125	
26.93328	-8.23720961131578E-03	-2.89245871811531E-05	0	3.24331428773	6552.20703125	
26.937376	-8.23826684350656E-03	-2.83696182649687E-05	0	3.21479566529	6552.20703125	
26.941472	-0.008238820740645	-2.82926007939094E-05	0	3.26384113462	6603.546875	
26.945568	-8.24011990281734E-03	-2.79695523188813E-05	0	3.15494699388	6603.546875	
26.949664	-8.23941962249656E-03	-2.84192182153687E-05	0	3.1516205842	6603.546875	
26.95376	-8.23739567613531E-03	-2.92837043701125E-05	0	3.25834416633	6603.546875	
26.957856	-8.23892799078422E-03	-2.84635458152719E-05	0	3.14171764896	6603.546875	
26.961952	-8.23982466777938E-03	-2.82206818754437E-05	0	3.15709084966	6603.546875	
26.966048	-8.24141083607875E-03	-2.78817182721E-05	0	3.17527547689	6655.25	
26.970144	-8.2436527571475E-03	-2.73313786782094E-05	0	3.05303373584	6655.25	
26.97424	-8.24160778134719E-03	-2.85352147339875E-05	0	3.12499023331	6655.25	
26.978336	-8.23937783791547E-03	-2.94012655506281E-05	0	3.15815133348	6704.6875	
26.982432	-8.24050318720234E-03	-2.85517659193594E-05	0	3.04815474733	6704.6875	
26.986528	-8.24147127285797E-03	-2.81567780931937E-05	0	3.11562135467	6704.6875	
26.990624	-8.24282657448937E-03	-0.000027853895223	0	3.07574258541	6704.6875	
26.99472	-8.24388307522141E-03	-2.77204155487875E-05	0	2.96814162458	6704.6875	
26.998816	-8.24151287457437E-03	-2.89494585505125E-05	0	3.08572562914	6755.66796875	
27.002912	-8.24182328738141E-03	-2.86998857231625E-05	0	3.05866803297	6755.66796875	
27.007008	-8.24312418676828E-03	-2.80880610946031E-05	0	2.99733163246	6755.66796875	
27.011104	-8.24411622769797E-03	-2.79183091008937E-05	0	3.04291336327	6755.66796875	
27.0152	-8.24582738401125E-03	-2.75396919314344E-05	0	2.97080809289	6755.66796875	
27.019296	-8.24541237260297E-03	-2.79925270555219E-05	0	2.9278508688	6755.66796875	
27.023392	-8.24168248157203E-03	-2.96278088337E-05	0	3.02824206553	6808.1484375	
27.027488	-8.24243012384688E-03	-2.88715831476187E-05	0	2.92684760533	6808.1484375	
27.031584	-8.24375424704906E-03	-2.81693129364281E-05	0	2.94618045425	6808.1484375	
27.03568	-8.24509629099062E-03	-2.78849151439031E-05	0	2.97357374314	6808.1484375	
27.039776	-8.24731745691734E-03	-2.73164068181812E-05	0	2.85686711728	6859.66796875	
27.043872	-8.24645954723594E-03	-2.80731409172156E-05	0	2.88525985495	6859.66796875	
27.047968	-8.24489879712812E-03	-2.88937119716437E-05	0	2.96085938137	6859.66796875	
27.052064	-8.24566948035359E-03	-2.83841533465875E-05	0	2.8493064017	6859.66796875	
27.05616	-8.24590263283016E-03	-2.83031993410031E-05	0	2.8976003771	6911.20703125	
27.060256	-8.24671153477531E-03	-2.81009185336687E-05	0	2.89174101326	6911.20703125	
27.064352	-8.24844024609859E-03	-2.75478008175562E-05	0	2.77537008012	6911.20703125	
27.068448	-8.24557475644547E-03	-2.89295566473375E-05	0	2.85593633292	6911.20703125	
27.072544	-8.24465915295516E-03	-2.91538557018844E-05	0	2.85729436256	6911.20703125	
27.07664	-8.24678029189781E-03	-2.8041746958225E-05	0	2.77898640624	6911.20703125	
27.080736	-8.24821897982672E-03	-2.77371823589437E-05	0	2.84069283168	6962.46875	
27.084832	-8.25083257337281E-03	-2.71168505273531E-05	0	2.79536287041	6962.46875	
27.088928	-8.2519006860125E-03	-2.71898778581719E-05	0	2.69865666422	6962.46875	
27.093024	-8.24942488100844E-03	-2.86039507229437E-05	0	2.83473810059	6962.46875	
27.09712	-8.24940522305453E-03	-2.84548049586281E-05	0	2.759165277	7013.7890625	
27.101216	-8.24978585590156E-03	-2.81463764209031E-05	0	2.73432020103	7013.7890625	
27.105312	-0.008250313420525	-2.79872292242812E-05	0	2.77595372769	7013.7890625	
27.109408	-8.25262208720469E-03	-2.72181917721656E-05	0	2.68972647493	7013.7890625	
27.113504	-8.25246509787047E-03	-2.75675291632125E-05	0	2.68085350599	7013.7890625	
27.1176	-8.24998042392906E-03	-2.8842315388425E-05	0	2.76967856264	7063.046875	
27.121696	-8.25148284020156E-03	-2.79987575781375E-05	0	2.65730160993	7063.046875	
27.125792	-8.25262894463047E-03	-2.76242678083969E-05	0	2.68712867104	7063.046875	
27.129888	-8.25415184174797E-03	-2.73221020047937E-05	0	2.71616609132	7063.046875	
27.133984	-8.25583501976406E-03	-2.69726242292719E-05	0	2.5728558174	7063.046875	
27.13808	-8.25329155482562E-03	-2.83193642286844E-05	0	2.65058775553	7063.046875	
27.142176	-8.25160481094813E-03	-2.88535062426187E-05	0	2.69644032933	7114.6484375	
27.146272	-8.25265088839297E-03	-2.80452565701E-05	0	2.58306011315	7114.6484375	
27.150368	-8.25343866946672E-03	-2.78006688339187E-05	0	2.63559602383	7114.6484375	
27.154464	-8.25536350316734E-03	-2.728926886455E-05	0	2.62403751313	7114.6484375	
27.15856	-8.25730854341594E-03	-2.68359909524437E-05	0	2.51016520194	7114.6484375	
27.162656	-8.25480375435891E-03	-2.82714094689469E-05	0	2.62037541073	7167.109375	
27.166752	-8.25483246411484E-03	-2.81975499274219E-05	0	2.59409982601	7167.109375	
27.170848	-0.008256527894065	-2.73597281690906E-05	0	2.52496619914	7167.109375	
27.174944	-8.25690898407375E-03	-2.74814073743344E-05	0	2.59561425794	7167.10546875	
27.17904	-8.25813436034469E-03	-2.72053963522687E-05	0	2.51162622821	7218.48828125	
27.183136	-8.25748793367437E-03	-2.76744586235906E-05	0	2.46060093477	7218.48828125	
27.187232	-8.25497235560078E-03	-2.87805414117375E-05	0	2.58552440289	7218.48828125	
27.191328	-8.25590816563906E-03	-2.80473370968656E-05	0	2.49503995609	7218.48828125	
27.195424	-8.25683565533406E-03	-2.76146872891312E-05	0	2.48013977695	7218.48828125	
27.19952	-8.25834812916437E-03	-2.72450378991656E-05	0	2.52145286965	7269.96875	
27.203616	-8.26158675421234E-03	-2.63109876312937E-05	0	2.41457288523	7269.96875	
27.207712	-8.26079330433328E-03	-2.71623367799437E-05	0	2.44003975567	7269.96875	
27.211808	-8.25806706613969E-03	-2.85058537056562E-05	0	2.5195264512	7269.96875	
27.215904	-8.25877676399188E-03	-2.78360341831687E-05	0	2.40375442439	7321.40625	
27.22	-8.25899419010531E-03	-2.7651247348725E-05	0	2.45586690448	7321.40625	
27.224096	-8.26030240407969E-03	-2.72133521135437E-05	0	2.4488402455	7321.40625	
27.228192	-8.26214138280953E-03	-2.66703851084344E-05	0	2.32563720257	7321.40625	
27.232288	-8.26012749400609E-03	-2.78215428515063E-05	0	2.41990582185	7321.40625	
27.236384	-8.25937610300516E-03	-2.80764558177469E-05	0	2.44148933787	7321.40625	
27.24048	-8.26090622327781E-03	-2.72931556395094E-05	0	2.34802180349	7372.30859375	
27.244576	-8.26192121372578E-03	-2.7103109435325E-05	0	2.40143127818	7372.30859375	
27.248672	-8.26391197014625E-03	-2.66285954867625E-05	0	2.36429527103	7372.30859375	
27.252768	-8.26466838992609E-03	-2.66470151798812E-05	0	2.27460427975	7372.30859375	
27.256864	-8.26086004994422E-03	-2.84934332853844E-05	0	2.38576434635	7372.30859375	
27.26096	-8.26075590850469E-03	-2.81352915762187E-05	0	2.34308559463	7421.74609375	
27.265056	-8.2620445559575E-03	-2.73226813311375E-05	0	2.30279865354	7421.74609375	
27.269152	-8.26334262094172E-03	-2.69665432257375E-05	0	2.35459832905	7421.74609375	
27.273248	-8.26559048511281E-03	-2.63601685917281E-05	0	2.26300762215	7421.74609375	
27.277344	-8.26553114552172E-03	-2.67871587897375E-05	0	2.23686555158	7473.38671875	
27.28144	-8.26373239702313E-03	-2.78167183371E-05	0	2.35485772797	7473.38671875	
27.285536	-8.26483808835609E-03	-2.72339737275375E-05	0	2.24354507377	7473.38671875	
27.289632	-8.26536135565937E-03	-2.70929233878187E-05	0	2.27100321239	7473.38671875	
27.293728	-8.26600092490391E-03	-2.70336421971E-05	0	2.29132025133	7473.38671875	
27.297824	-8.26793956488844E-03	-2.64068322469875E-05	0	2.17581143813	7473.38671875	
27.30192	-8.26565988226172E-03	-2.75902418808844E-05	0	2.2259860557	7525.9453125	
27.306016	-8.26359908866594E-03	-2.83166974044281E-05	0	2.27289148394	7525.9453125	
27.310112	-8.26498282575625E-03	-2.73142810991531E-05	0	2.17055479531	7525.9453125	
27.314208	-8.26612280421813E-03	-2.68964041131844E-05	0	2.23416475106	7525.9453125	
27.318304	-8.26817280879734E-03	-2.63589238814344E-05	0	2.21609456453	7577.10546875	
27.3224	-8.26977132046313E-03	-2.60984537092125E-05	0	2.09706860715	7577.10546875	
27.326496	-8.26723023276562E-03	-2.75349404938781E-05	0	2.22284275114	7577.10546875	
27.330592	-8.26632733837109E-03	-2.77951921567031E-05	0	2.19255411254	7577.10546875	
27.334688	-8.26658316606891E-03	-2.74205843582344E-05	0	2.13146566688	7628.90625	
27.338784	-8.26694715822937E-03	-2.72548811585531E-05	0	2.18876994006	7628.90625	
27.34288	-8.26910496154188E-03	-2.64784026081094E-05	0	2.12980246204	7628.90625	
27.346976	-8.26964048077922E-03	-2.65415458141969E-05	0	2.0761068856	7628.90625	
27.351072	-8.26684859416281E-03	-2.79511850295562E-05	0	2.17887844889	7628.90625	
27.355168	-8.26790299195094E-03	-2.72561398111406E-05	0	2.0955999515	7628.90625	
27.359264	-8.26989868571797E-03	-2.64145401719719E-05	0	2.09341794882	7680.10546875	
27.36336	-8.27143374333719E-03	-2.61989668298531E-05	0	2.1379430105	7680.10546875	
27.367456	-8.27354546474844E-03	-2.57602153455281E-05	0	2.03413766622	7680.10546875	
27.371552	-8.27188441335953E-03	-2.68626976565062E-05	0	2.05052175977	7680.10546875	
27.375648	-8.26938767034875E-03	-2.78968821992437E-05	0	2.13651250175	7680.10546875	
27.379744	-8.26986595293891E-03	-2.72473133776594E-05	0	2.02323909689	7730.625	
27.38384	-8.27027675845938E-03	-2.6940086521425E-05	0	2.06432330819	7730.625	
27.387936	-8.27158963548328E-03	-2.64867691862812E-05	0	2.07120500895	7730.625	
27.392032	-8.27358926084109E-03	-2.58916632910031E-05	0	1.94927607248	7730.625	
27.396128	-0.008271631054335	-2.70481150191656E-05	0	2.03846352468	7730.625	
27.400224	-8.27109334072141E-03	-2.72791102208625E-05	0	2.05607213372	7780.36328125	
27.40432	-8.27348676518375E-03	-2.61147404717719E-05	0	1.96363456564	7780.36328125	
27.408416	-8.27440895180281E-03	-2.60839325698875E-05	0	2.02920908674	7780.36328125	
27.412512	-8.27599164567312E-03	-2.58462347306625E-05	0	1.98281864165	7780.36328125	
27.416608	-8.27614881787203E-03	-2.61215282053687E-05	0	1.89552327569	7832.2265625	
27.420704	-8.27295344032266E-03	-2.76152245482094E-05	0	2.02097698572	7832.2265625	
27.4248	-8.27275073481656E-03	-2.73270885382687E-05	0	1.97080618284	7832.2265625	
27.428896	-8.27354921347453E-03	-2.67242184680625E-05	0	1.92768111239	7832.2265625	
27.432992	-8.27473691961984E-03	-2.63406443324062E-05	0	1.97647099749	7832.2265625	
27.437088	-8.27775281547844E-03	-2.53940116251937E-05	0	1.89384862678	7832.2265625	
27.441184	-8.27829802654422E-03	-2.56485911783062E-05	0	1.87941765451	7884.56640625	
27.44528	-8.27539184949812E-03	-2.72307754134281E-05	0	1.97991947725	7884.56640625	
27.449376	-8.27591703688062E-03	-2.6721263663325E-05	0	1.88716147521	7884.56640625	
27.453472	-8.27651701592031E-03	-2.63699402165719E-05	0	1.90969484904	7884.56640625	
27.457568	-8.27754498976109E-03	-2.60949046743E-05	0	1.92812361643	7935.484375	
27.461664	-8.27953126599672E-03	-2.54841103331719E-05	0	1.80508079048	7935.484375	
27.46576	-8.27754626981391E-03	-2.66129959831312E-05	0	1.86236599021	7935.484375	
27.469856	-8.27593861491375E-03	-2.72114098077937E-05	0	1.92834105376	7935.484375	
27.473952	-8.27737163403734E-03	-2.62834573703625E-05	0	1.81660115428	7987.421875	
27.478048	-8.27907483573672E-03	-2.57055637174875E-05	0	1.86986948544	7987.421875	
27.482144	-8.28130112187469E-03	-2.51958704771812E-05	0	1.85684994847	7987.421875	
27.48624	-8.28280006371812E-03	-2.50490619701437E-05	0	1.74733019857	7987.421875	
27.490336	-8.27927251246391E-03	-2.68950553164562E-05	0	1.8519175543	7987.421875	
27.494432	-8.27805710231844E-03	-2.71188079773187E-05	0	1.84951048491	8038.7421875	
27.498528	-8.27957945084187E-03	-2.61134659538156E-05	0	1.77475781967	8038.7421875	
27.502624	-8.28024251819875E-03	-2.59860175235719E-05	0	1.83895523768	8038.7421875	
27.50672	-8.28245399229703E-03	-2.53218143416219E-05	0	1.77487226037	8038.7421875	
27.510816	-8.28304885112547E-03	-2.54479108501406E-05	0	1.70654734778	8038.7421875	
27.514912	-8.28149203260844E-03	-2.64326411154094E-05	0	1.8331874264	8038.7421875	
27.519008	-8.28296555626031E-03	-2.57475220889906E-05	0	1.7496075685	8088.9453125	
27.523104	-8.28446970974734E-03	-2.52819602949375E-05	0	1.74746752741	8088.9453125	
27.5272	-8.28556543495484E-03	-2.52192329538187E-05	0	1.78662913495	8088.9453125	
27.531296	-8.28772799274922E-03	-2.47025676051E-05	0	1.68804610128	8088.9453125	
27.535392	-8.28660995804984E-03	-2.5534518696225E-05	0	1.69523679193	8138.96484375	
27.539488	-8.28389002868797E-03	-2.67614006424187E-05	0	1.78462260801	8138.96484375	
27.543584	-8.28523454130281E-03	-2.57800025853562E-05	0	1.66994539723	8138.96484375	
27.54768	-8.28619010072734E-03	-2.53956851812125E-05	0	1.71865898853	8138.96484375	
27.551776	-8.28842104991484E-03	-2.47569634641656E-05	0	1.73018316702	8138.96484375	
27.555872	-8.29101114534859E-03	-2.41236845301375E-05	0	1.60702590037	8191.3046875	
27.559968	-8.28975824794219E-03	-2.52193562710031E-05	0	1.70684870829	8191.3046875	
27.564064	-8.28906656226172E-03	-2.56580063131219E-05	0	1.71862084163	8191.3046875	
27.56816	-8.29013211479578E-03	-2.50982804305406E-05	0	1.62863993391	8191.3046875	
27.572256	-8.29055700089719E-03	-2.506857877755E-05	0	1.68765318821	8191.3046875	
27.576352	-0.008292111899335	-2.46387489189187E-05	0	1.65756672818	8243.4609375	
27.580448	-8.29326568408078E-03	-2.43858066237844E-05	0	1.55863274303	8243.4609375	
27.584544	-8.29006171189109E-03	-2.60031626987344E-05	0	1.67727341672	8243.4609375	
27.58864	-8.29051448485734E-03	-2.55471292605375E-05	0	1.62444377491	8243.4609375	
27.592736	-8.29299184421125E-03	-2.44002606958687E-05	0	1.58636935402	8243.4609375	
27.596832	-8.29513840134547E-03	-2.39676671380781E-05	0	1.65017385896	8294.30078125	
27.600928	-8.29797993572453E-03	-2.33860290177937E-05	0	1.57304464185	8294.30078125	
27.605024	-8.29759143969594E-03	-2.41359203352094E-05	0	1.5417451104	8294.30078125	
27.60912	-8.29474990531687E-03	-2.55841883580937E-05	0	1.65536183736	8294.30078125	
27.613216	-8.29538325716203E-03	-2.49677719072031E-05	0	1.5518921858	8294.30078125	
27.617312	-8.29623805814375E-03	-2.45225223524531E-05	0	1.56825339121	8346.30078125	
27.621408	-8.29739998036813E-03	-2.42305433175094E-05	0	1.59425431825	8346.30078125	
27.625504	-8.29993439350453E-03	-2.34809560863281E-05	0	1.47425561492	8346.30078125	
27.6296	-8.29873608120734E-03	-2.43948354609094E-05	0	1.53548138942	8346.30078125	
27.633696	-8.29764538477875E-03	-2.49961050519469E-05	0	1.59053881019	8397.5	
27.637792	-8.30023968610031E-03	-2.37621043628719E-05	0	1.47778801786	8397.5	
27.641888	-8.30178132684828E-03	-2.34770243594906E-05	0	1.53824703967	8397.5	
27.645984	-8.30351259827719E-03	-2.32717873051125E-05	0	1.52136703642	8397.5	
27.65008	-8.30489276950609E-03	-2.31454513737562E-05	0	1.40803641121	8397.5	
27.654176	-8.30286982890062E-03	-2.43708612060375E-05	0	1.52509017386	8397.5	
27.658272	-8.30281341514453E-03	-2.43328756671E-05	0	1.51758667863	8447.44140625	
27.662368	-8.30427029810984E-03	-2.35763997408844E-05	0	1.43875992447	8447.44140625	
27.666464	-8.30548762833453E-03	-2.32880673369094E-05	0	1.50247287685	8447.44140625	
27.67056	-8.30862924366578E-03	-2.23868204016187E-05	0	1.44403564074	8447.44140625	
27.674656	-8.31052536761047E-03	-2.217458936385E-05	0	1.38567469843	8447.44140625	
27.678752	-8.30840468582953E-03	-2.36785258406812E-05	0	1.49807453928	8497.78125	
27.682848	-8.30937094283828E-03	-2.32717774493531E-05	0	1.42818941848	8497.78125	
27.686944	-8.31083733476734E-03	-2.27320758255937E-05	0	1.40791815582	8497.78125	
27.69104	-8.31207761451031E-03	-2.25800298237937E-05	0	1.45903500182	8497.78125	
27.695136	-8.31438728694578E-03	-2.20024900167187E-05	0	1.35095339005	8550.140625	
27.699232	-8.31377377591922E-03	-2.26793708302219E-05	0	1.36000564942	8550.140625	
27.703328	-8.31215103468234E-03	-2.35660432608563E-05	0	1.45701321612	8550.140625	
27.707424	-8.31416940367062E-03	-2.25592606137937E-05	0	1.35056047698	8550.140625	
27.71152	-8.31647194438328E-03	-2.18794786012687E-05	0	1.38779948076	8550.140625	
27.715616	-8.31941844309297E-03	-2.12681138280187E-05	0	1.39581795914	8602.28125	
27.719712	-8.32255091518984E-03	-2.06541226150875E-05	0	1.27825684272	8602.28125	
27.723808	-8.32067262055219E-03	-2.21163519220875E-05	0	1.3558171198	8602.28125	
27.727904	-8.31947705122531E-03	-2.27498202790031E-05	0	1.39723702382	8602.28125	
27.732	-8.32105745928703E-03	-2.18764533639094E-05	0	1.2940191418	8602.28125	
27.736096	-8.32191719761531E-03	-2.17191208289344E-05	0	1.36115387111	8653.01953125	
27.740192	-8.3237884519625E-03	-2.12542722553219E-05	0	1.31945549472	8653.01953125	
27.744288	-8.32513122736281E-03	-2.10647092237312E-05	0	1.22263484783	8653.01953125	
27.748384	-8.32362890252266E-03	-2.20703074969781E-05	0	1.33959705792	8653.01953125	
27.75248	-8.32483388938094E-03	-2.16067752682031E-05	0	1.29206220583	8653.01953125	
27.756576	-8.32703658597422E-03	-2.08411568030531E-05	0	1.26071308341	8704.9609375	
27.760672	-8.32848597148734E-03	-2.0751908094225E-05	0	1.31024683306	8704.9609375	
27.764768	-8.33138273100203E-03	-2.0097874132875E-05	0	1.23535683898	8704.9609375	
27.768864	-8.33174891753875E-03	-2.04887783092781E-05	0	1.20214996253	8704.9609375	
27.77296	-8.32924522566984E-03	-2.18621153974781E-05	0	1.30802286879	8704.9609375	
27.777056	-8.33039462166313E-03	-2.1142765395675E-05	0	1.20889433445	8755.796875	
27.781152	-8.33189895801484E-03	-2.0574146733525E-05	0	1.23307183967	8755.796875	
27.785248	-8.33443428547469E-03	-1.99257853626562E-05	0	1.25959156455	8755.796875	
27.789344	-8.33817249684891E-03	-1.89967718685937E-05	0	1.14863749121	8755.796875	
27.79344	-8.33838910007125E-03	-1.97010004912875E-05	0	1.17929996943	8755.796875	
27.797536	-8.33804101713859E-03	-2.03561825284125E-05	0	1.25414800192	8805.71875	
27.801632	-8.34020211201547E-03	-1.95393566625469E-05	0	1.14571162398	8805.71875	
27.805728	-8.34166000073656E-03	-1.93583457858656E-05	0	1.19839630757	8805.71875	
27.809824	-8.34402297822844E-03	-1.88923025019094E-05	0	1.1910988056	8805.71875	
27.81392	-8.34622942354781E-03	-1.85318550258187E-05	0	1.0784891568	8856.45703125	
27.818016	-8.34407893482281E-03	-1.99591723485E-05	0	1.18258823221	8856.45703125	
27.822112	-8.34432113910141E-03	-1.98724907044125E-05	0	1.16354148504	8856.45703125	
27.826208	-8.34759167403734E-03	-1.85183824431375E-05	0	1.09705906772	8856.45703125	
27.830304	-8.35060034674078E-03	-1.78932799432406E-05	0	1.16274802952	8856.45703125	
27.8344	-8.35462711859187E-03	-1.70968086243281E-05	0	1.10956362154	8856.45703125	
27.838496	-8.35648182368484E-03	-1.72652353789781E-05	0	1.03864853444	8908.91796875	
27.842592	-8.35502658650172E-03	-1.86259847393813E-05	0	1.15916603561	8908.91796875	
27.846688	-8.35668023187078E-03	-1.81096227557437E-05	0	1.08134254492	8908.91796875	
27.850784	-8.35866687383578E-03	-1.75532449467375E-05	0	1.07115732262	8908.91796875	
27.85488	-8.36078161251438E-03	-1.72051628428969E-05	0	1.1038568453	8908.91796875	
27.858976	-8.36426481908188E-03	-1.64158323822281E-05	0	0.99795723621	8960.91796875	
27.863072	-8.36514275244656E-03	-1.67631995829375E-05	0	1.0220317448	8960.91796875	
27.867168	-8.36443607186172E-03	-1.761512469255E-05	0	1.09778004413	8960.91796875	
27.871264	-8.36754989176047E-03	-1.65046981587469E-05	0	0.99262811428	8960.91796875	
27.87536	-8.37011895775516E-03	-1.60268565692812E-05	0	1.03113740983	8960.91796875	
27.879456	-8.37291523312406E-03	-1.56399329177437E-05	0	1.04666701282	9011.77734375	
27.883552	-8.37556000509937E-03	-1.527739626105E-05	0	0.92029777719	9011.77734375	
27.887648	-8.37406490341438E-03	-1.65424452363844E-05	0	1.00423240126	9011.77734375	
27.891744	-8.37349262837484E-03	-1.694636382285E-05	0	1.03226274338	9011.77734375	
27.89584	-0.00837512076412	-1.62184198392562E-05	0	0.93895542598	9011.77734375	
27.899936	-8.37685807008359E-03	-1.57769137903781E-05	0	0.98306850114	9011.77734375	
27.904032	-8.38045117832828E-03	-1.48370430956344E-05	0	0.9506588949	9063.9765625	
27.908128	-8.38403002312734E-03	-1.41111077638781E-05	0	0.86679293525	9063.9765625	
27.912224	-8.38278764044047E-03	-1.54666751583094E-05	0	0.97251325391	9063.9765625	
27.91632	-0.008384100151735	-1.52541373900781E-05	0	0.93013967739	9063.9765625	
27.920416	-8.38673056883234E-03	-1.44627199122656E-05	0	0.88500808	9063.9765625	
27.924512	-8.38905925919531E-03	-1.412602048935E-05	0	0.94460116718	9114.5390625	
27.928608	-8.39204534810984E-03	-1.35874337683219E-05	0	0.85163717188	9114.5390625	
27.932704	-8.39215387830188E-03	-1.41973757064562E-05	0	0.82686076033	9114.5390625	
27.9368	-8.39040642334813E-03	-1.524389629455E-05	0	0.93544591118	9114.5390625	
27.940896	-8.39227484329266E-03	-1.44325122501656E-05	0	0.84020836064	9164.4375	
27.944992	-8.39497529756531E-03	-1.35943830402187E-05	0	0.85531071835	9164.4375	
27.949088	-8.39784005575969E-03	-1.3085923452525E-05	0	0.87031770881	9164.4375	
27.953184	-8.40164940149734E-03	-1.23069744718594E-05	0	0.7567582022	9164.4375	
27.95728	-8.40124426478219E-03	-1.32548179951687E-05	0	0.80246581778	9164.4375	
27.961376	-8.40055413345156E-03	-1.39762408314375E-05	0	0.86238315361	9215.4375	
27.965472	-8.40330469264859E-03	-1.29181880433375E-05	0	0.74745417329	9215.4375	
27.969568	-8.40501740331172E-03	-1.26758303530031E-05	0	0.80769575777	9215.4375	
27.973664	-8.40748625945766E-03	-1.22383329539625E-05	0	0.78670733339	9215.4375	
27.97776	-8.40957448275656E-03	-1.19659524571125E-05	0	0.67067209297	9215.43359375	
27.981856	-8.40857851023609E-03	-1.29218402031469E-05	0	0.77544255382	9267.99609375	
27.985952	-8.40996901331984E-03	-1.25990186509687E-05	0	0.77425618523	9267.99609375	
27.990048	-8.41271097787656E-03	-1.17562043495531E-05	0	0.69382726127	9267.99609375	
27.994144	-8.41495911634469E-03	-1.14676342054312E-05	0	0.74809122652	9267.99609375	
27.99824	-8.41830718590813E-03	-1.08313814763E-05	0	0.69054281318	9267.99609375	
28.002336	-8.42036679088344E-03	-1.07140022667562E-05	0	0.61780430426	9319.77734375	
28.006432	-8.41826604135344E-03	-1.21603056281437E-05	0	0.73405698201	9319.77734375	
28.010528	-8.41923056114766E-03	-1.18464660381375E-05	0	0.64853163221	9319.77734375	
28.014624	-8.42051207687766E-03	-1.14205489159781E-05	0	0.64176055746	9319.77734375	
28.01872	-8.42242758447922E-03	-1.10137190343469E-05	0	0.68354667172	9319.77734375	
28.022816	-8.42601657826844E-03	-1.00718656492781E-05	0	0.57898220413	9370.53515625	
28.026912	-8.42655045172359E-03	-1.04790635593875E-05	0	0.56862150609	9370.53515625	
28.031008	-8.42586818357453E-03	-1.12290940593562E-05	0	0.67299523918	9370.53515625	
28.035104	-8.42807307454406E-03	-1.04791303862437E-05	0	0.55548371373	9370.53515625	
28.0392	-8.43043861214156E-03	-9.95155591381875E-06	0	0.59279138193	9422.89453125	
28.043296	-8.4336652595525E-03	-9.327165672825E-06	0	0.60055809077	9422.89453125	
28.047392	-8.4372845174475E-03	-8.67159445339687E-06	0	0.47994140766	9422.89453125	
28.051488	-8.43561999162953E-03	-1.00315517472844E-05	0	0.55925644214	9422.89453125	
28.055584	-8.43493086605469E-03	-1.05721314951656E-05	0	0.57231412601	9422.89453125	
28.05968	-8.43786602715375E-03	-9.40411439395313E-06	0	0.47511582481	9473.31640625	
28.063776	-8.44099584771266E-03	-8.6698297917E-06	0	0.53859989579	9473.31640625	
28.067872	-8.44489296850031E-03	-7.93502547842812E-06	0	0.50048351331	9473.31640625	
28.071968	-8.44740854657391E-03	-7.8201354490875E-06	0	0.39864273438	9473.31640625	
28.076064	-8.44652832740063E-03	-8.91361440368438E-06	0	0.5228414114	9473.31640625	
28.08016	-8.44835349984656E-03	-8.55135539094375E-06	0	0.46615893269	9523.0546875	
28.084256	-8.45123691023906E-03	-7.78750351056562E-06	0	0.42178645861	9523.0546875	
28.088352	-8.45344024685875E-03	-7.59643254779062E-06	0	0.46525103647	9523.0546875	
28.092448	-8.45707385963172E-03	-6.9173613518625E-06	0	0.39693756795	9523.0546875	
28.096544	-8.45839834856328E-03	-7.10983303439062E-06	0	0.36086585931	9574.29296875	
28.10064	-8.45767438726547E-03	-8.01222419930625E-06	0	0.4560080426	9574.29296875	
28.104736	-8.46099072980563E-03	-7.0156439458875E-06	0	0.35531930005	9574.29296875	
28.108832	-8.46440618500641E-03	-6.27705165563437E-06	0	0.36984182488	9574.29296875	
28.112928	-8.46780051933578E-03	-5.84399151177187E-06	0	0.39823837724	9574.29296875	
28.117024	-8.47138521580484E-03	-5.38061072515312E-06	0	0.27088876628	9626.83203125	
28.12112	-8.47153278760766E-03	-6.1241121451125E-06	0	0.32313857521	9626.83203125	
28.125216	-8.47123636394922E-03	-6.75275117993437E-06	0	0.38509677019	9626.83203125	
28.129312	-8.47312069312156E-03	-6.1872399666E-06	0	0.27255578581	9626.83203125	
28.133408	-8.47397905996469E-03	-6.18842866733437E-06	0	0.31383836099	9626.83203125	
28.137504	-8.47644160727891E-03	-5.659430879025E-06	0	0.29874744735	9626.83203125	
28.1416	-8.47946765212766E-03	-4.98753010861875E-06	0	0.19552956533	9678.53515625	
28.145696	-8.47811911648969E-03	-6.03117449766562E-06	0	0.28977148178	9678.53515625	
28.149792	-8.47814654619281E-03	-6.24775288685625E-06	0	0.2795404832	9678.53515625	
28.153888	-8.48015796632297E-03	-5.54022883476562E-06	0	0.20234641636	9678.53515625	
28.157984	-8.48191237013484E-03	-5.23656832111875E-06	0	0.27047677976	9678.53515625	
28.16208	-8.48486115465313E-03	-4.62542109572812E-06	0	0.20168647499	9729.33203125	
28.166176	-8.48594727946453E-03	-4.7118154804875E-06	0	0.13289998491	9729.33203125	
28.170272	-8.48375509759078E-03	-5.90252342439375E-06	0	0.25378751101	9729.33203125	
28.174368	-8.48489763615828E-03	-5.48828225209687E-06	0	0.18505824128	9729.33203125	
28.178464	-8.48715811799281E-03	-4.76646374314688E-06	0	0.15826385872	9781.47265625	
28.18256	-8.49041292656563E-03	-4.06614617423437E-06	0	0.2006908409	9781.47265625	
28.186656	-8.49519035795891E-03	-3.07976759330625E-06	0	0.10060481937	9781.47265625	
28.190752	-8.49703582838516E-03	-3.26797726086562E-06	0	0.10352687191	9781.47265625	
28.194848	-8.49760490329266E-03	-3.88452832700625E-06	0	0.20004615829	9781.47265625	
28.198944	-8.50274413247016E-03	-2.60484907784062E-06	0	0.09226209234	9781.47265625	
28.20304	-8.50745975559906E-03	-1.8501673806E-06	0	0.12581229089	9831.61328125	
28.207136	-8.51270422340422E-03	-1.22310670958437E-06	0	0.13629505901	9831.61328125	
28.211232	-8.51844617459172E-03	-4.744716409125E-07	0	0.01573559625	9831.61328125	
28.215328	-8.52070711358797E-03	-9.753576784875E-07	0	0.08627684373	9881.53125	
28.219424	-8.52371331761813E-03	-1.0312403149125E-06	0	0.13406728005	9881.53125	
28.22352	-8.52805022797922E-03	-3.7283760793125E-07	0	0.03426736027	9881.53125	
28.227616	-8.53070012016578E-03	-4.31666154871875E-07	0	0.08908445557	9881.53125	
28.231712	-8.53379089911391E-03	-2.71163911528125E-07	0	0.06083286143	9881.53125	
28.235808	-8.53613751021625E-03	-1.59776042146875E-07	0	-0.02973550855	9881.53125	
28.239904	-8.53332294837859E-03	-1.65711156404062E-06	0	0.07813629527	9933.15234375	
28.244	-8.53262943405125E-03	-1.95522809284687E-06	0	0.03992454554	9933.15234375	
28.248096	-8.53318689705109E-03	-1.57768760500312E-06	0	0.00593184295	9933.15234375	
28.252192	-8.53345726249156E-03	-1.52254871783437E-06	0	0.06482684186	9933.15234375	
28.256288	-8.53540010836391E-03	-9.76705032909375E-07	0	-0.00730131666	9933.15234375	
28.260384	-8.53516887596656E-03	-1.17198897224062E-06	0	-0.04732504414	9985.390625	
28.26448	-8.53295603038312E-03	-2.02688619426563E-06	0	0.08324035049	9985.390625	
28.268576	-8.53417427493125E-03	-1.48196053726875E-06	0	-0.01446148979	9985.390625	
28.272672	-8.53544536737406E-03	-1.06204172641875E-06	0	0.01160810167	9985.390625	
28.276768	-8.53658031705703E-03	-9.1780148604375E-07	0	0.0420760307	10037.109375	
28.280864	-8.53874150336625E-03	-4.7281058488125E-07	0	-0.05845249487	10037.109375	
28.28496	-8.53707277166047E-03	-1.19206347139687E-06	0	-0.01997753153	10037.109375	
28.289056	-8.53461379020766E-03	-2.05648712620312E-06	0	0.05646885607	10037.109375	
28.293152	-8.53599085273687E-03	-1.34848110344062E-06	0	-0.04574576248	10037.109375	
28.297248	-8.53754575117469E-03	-8.7088422526875E-07	0	0.01726528694	10037.109375	
28.301344	-8.54057243604984E-03	-0.000000208845945	0	0.02400965886	10087.87109375	
28.30544	-8.5435391413075E-03	3.0977901714375E-07	0	-0.09127790232	10087.87109375	
28.309536	-8.54271926748109E-03	-4.53378633159375E-07	0	0.03313821203	10087.87109375	
28.313632	-8.54378482001516E-03	-4.60427183803125E-07	0	0.03151696878	10087.87109375	
28.317728	-8.54630908416141E-03	1.29807802884375E-07	0	-0.03155893037	10140.171875	
28.321824	-8.54766411149578E-03	1.56863545059375E-07	0	0.03173440611	10140.171875	
28.32592	-8.54986031639266E-03	3.9570296968125E-07	0	-0.00733946356	10140.171875	
28.330016	-8.55080426390953E-03	3.846996153E-07	0	-0.06447589038	10140.171875	
28.334112	-0.008547923505055	-7.56586983796875E-07	0	0.05294026782	10140.171875	
28.338208	-8.54834235662172E-03	-5.99457333234375E-07	0	-0.01066587324	10189.9296875	
28.342304	-8.54950089584938E-03	-1.45066441471875E-07	0	-0.02176280645	10189.9296875	
28.3464	-8.55046075259406E-03	-2.3053101946875E-08	0	0.04005043031	10189.9296875	
28.350496	-8.55302670988906E-03	5.40382392309375E-07	0	-0.06005847936	10189.9296875	
28.354592	-8.55243706270422E-03	1.58036140040625E-07	0	-0.03590767697	10189.9296875	
28.358688	-8.54999325902047E-03	-7.21947354975E-07	0	0.06721102311	10240.0703125	
28.362784	-8.55036703444172E-03	-4.51652192578125E-07	0	-0.03157800382	10240.0703125	
28.36688	-8.55013086469781E-03	-3.99168110446875E-07	0	0.00726698445	10240.0703125	
28.370976	-8.55051094895078E-03	-2.9115307423125E-07	0	0.04489127192	10240.0703125	
28.375072	-8.55264333407172E-03	2.8728384733125E-07	0	0.03200143441	10240.0703125	
28.379168	-8.55130421596516E-03	-1.684892545875E-07	0	0.13004659679	10240.0703125	
28.383264	-8.55001008257172E-03	-6.42461617153125E-07	0	0.01168439547	10240.0703125	
28.38736	-8.55327577159344E-03	2.9476941676875E-07	0	0.01071164952	10240.0703125	
28.391456	-8.5540867764825E-03	5.15431455721875E-07	0	0.0173186926	10240.0703125	
28.395552	-8.54991069561406E-03	-8.84871470896875E-07	0	-0.00909422096	10240.0703125	
28.399648	-8.54908899314078E-03	-8.40113342578125E-07	0	0.00548933891	10240.0703125	
28.403744	-8.54776230983297E-03	-9.775682532E-07	0	-0.01715084624	10240.0703125	
28.40784	-8.55259734360281E-03	3.93896961871875E-07	0	-0.00344847976	10240.0703125	
28.411936	-8.55518414747219E-03	1.00824658790625E-06	0	-0.01751705648	10240.0703125	
28.416032	-8.55241841050609E-03	-1.81885635421875E-07	0	-0.01214978765	10240.0703125	
28.420128	-8.55205999571859E-03	-3.1813958570625E-07	0	-0.00666426343	10240.0703125	
28.424224	-8.55213021575859E-03	-2.51568738815625E-07	0	-0.0134658557	10240.0703125	
28.42832	-8.55332825375875E-03	1.1351142495E-07	0	-0.00374984027	10240.0703125	
28.432416	-8.55262257892969E-03	-1.331892898875E-07	0	-0.01123044736	10240.0703125	
28.436512	-8.55123756178656E-03	-4.33629133678125E-07	0	-0.00059890633	10240.0703125	
28.440608	-8.54850144889984E-03	-1.01733864612187E-06	0	0.00556181802	10240.0703125	
28.444704	-8.54975398057688E-03	-5.080850688375E-07	0	0.00318145146	10240.0703125	
28.4488	-8.55219266404937E-03	2.5257618973125E-07	0	0.00431822908	10240.0703125	
28.452896	-8.55253526104141E-03	1.62775077609375E-07	0	-0.00056457412	10240.0703125	
28.456992	-8.55244593164156E-03	2.418891811875E-08	0	-0.00137710309	10240.0703125	
28.461088	-8.55100102631328E-03	-4.05526277165625E-07	0	-0.00879667514	10240.0703125	
28.465184	-8.55221195627391E-03	-1.18846275384375E-07	0	-0.00954816907	10240.0703125	
28.46928	-8.55476986752266E-03	5.066302626E-07	0	-0.01058576475	10240.0703125	
28.473376	-8.55425428053625E-03	2.27630781984375E-07	0	-0.01614758277	10240.0703125	
28.477472	-8.55229781124469E-03	-3.755236629375E-07	0	-0.00550841236	10240.0703125	
28.481568	-8.55083489374469E-03	-6.16821258178125E-07	0	-0.00695036518	10240.0703125	
28.485664	-8.55035002802578E-03	-5.66463616228125E-07	0	-0.00197219473	10240.0703125	
28.48976	-8.55063849707031E-03	-3.43520089171875E-07	0	-0.0052642722	10240.0703125	
28.493856	-8.55006558200437E-03	-3.7674337325625E-07	0	-0.00700377084	10240.0703125	
28.497952	-8.54876660269672E-03	-6.232041844875E-07	0	0.00028610175	10240.0703125	
28.502048	-8.54927341217812E-03	-4.306120693875E-07	0	0.00303649324	10240.0703125	
28.506144	-8.55104290232672E-03	4.830716323125E-08	0	0.00418090024	10240.0703125	
28.51024	-8.55152593939875E-03	8.0823717253125E-08	0	0.00194167721	10240.0703125	
28.514336	-8.55090072503219E-03	-1.4993110006875E-07	0	0.00047302156	10240.0703125	
28.518432	-8.54861016195656E-03	-4.996793080125E-07	0	-0.00507735239	10240.0703125	
28.522528	-8.54742428445813E-03	0	0	-0.01012418726	10240.0703125	
28.526624	-8.54829206883266E-03	0	0	-0.01336667376	10240.0703125	
28.53072	-8.54825577019219E-03	0	0	-0.01760097966	10240.0703125	
28.534816	-8.54786800562234E-03	0	0	-0.01173780113	10240.0703125	
28.538912	-8.54726985522953E-03	0	0	-0.00777815291	10240.0703125	
28.543008	-8.54686106122063E-03	0	0	-0.00174331333	10240.0703125	
28.547104	-0.0085468906853	0	0	-0.00070190296	10240.0703125	
28.5512	-8.54592159388859E-03	0	0	0.00082015835	10240.0703125	
28.555296	-8.54359070914937E-03	0	0	0.00302886386	10240.0703125	
28.559392	-8.5411809182975E-03	0	0	-0.00041580121	10240.0703125	
28.563488	-8.53976673423672E-03	0	0	-0.00091934029	10240.0703125	
28.567584	-8.53851612263891E-03	0	0	-0.00434111722	10240.0703125	
28.57168	-8.53748659444828E-03	0	0	-0.00669859564	10240.0703125	
28.575776	-8.53580314213516E-03	0	0	-0.00685118324	10240.0703125	
28.579872	-8.53375908065828E-03	0	0	-0.00879667514	10240.0703125	
28.583968	-8.53256341989906E-03	0	0	-0.00669096626	10240.0703125	
28.588064	-8.53091352325609E-03	0	0	-0.01006696691	10240.0703125	
28.59216	-8.52849221192891E-03	0	0	-0.00933454643	10240.0703125	
28.596256	-8.52535388816203E-03	0	0	-0.00807569873	10240.0703125	
28.600352	-8.52215211034859E-03	0	0	-0.00455473986	10240.0703125	
28.604448	-8.51976124599188E-03	0	0	-0.00058746226	10240.0703125	
28.608544	-8.51735419811031E-03	0	0	0.00032043396	10240.0703125	
28.61264	-8.51416823809234E-03	0	0	0.00207519136	10240.0703125	
28.616736	-8.51018489660453E-03	0	0	-0.00140762061	10240.0703125	
28.620832	-8.50636009880078E-03	0	0	-0.00144576751	10240.0703125	
28.624928	-8.50266540922219E-03	0	0	-0.00464629242	10240.0703125	
28.629024	-8.49913136627156E-03	0	0	-0.00693892111	10240.0703125	
28.63312	-8.49492913575281E-03	0	0	-0.00865171692	10240.0703125	
28.637216	-8.49004884297281E-03	0	0	-0.00784300264	10240.0703125	
28.641312	-8.48535827230609E-03	0	0	-0.00683210979	10240.0703125	
28.645408	-8.48074843639891E-03	0	0	-0.00803373714	10240.0703125	
28.649504	-8.47615240677562E-03	0	0	-0.00726698445	10240.0703125	
28.6536	-8.47120152822625E-03	0	0	-0.00704954712	10240.0703125	
28.657696	-8.46603889236875E-03	0	0	-0.0038909838	10240.0703125	
28.661792	-8.46096247721141E-03	0	0	-0.00231170214	10240.0703125	
28.665888	-8.4561854115475E-03	0	0	-0.00134277088	10240.0703125	
28.669984	-8.45094798403281E-03	0	0	0.00135421495	10303.6640625	
28.67408	-8.44488528818344E-03	0	0	-0.00017547574	10303.6640625	
28.678176	-8.43844497675438E-03	0	0	-0.00086593463	10303.6640625	
28.682272	-8.43185727638719E-03	0	0	-0.00324630119	10303.6640625	
28.686368	-8.42549349382984E-03	0	0	-0.00654982273	10303.6640625	
28.690464	-8.41914543763563E-03	0	0	-0.00936506395	10303.6640625	
28.69456	-0.0084125363421	0	0	-0.0107574258	10303.6640625	
28.698656	-8.40603934261781E-03	0	0	-0.00986097365	10303.66015625	
28.702752	-8.39987936275469E-03	0	0	-0.00683210979	10303.66015625	
28.706848	-8.39388917275391E-03	0	0	-0.00274276211	10303.66015625	
28.710944	-8.38723234953484E-03	0	0	0.01766964408	10303.66015625	
28.71504	-8.37988475495875E-03	0	0	0.05794132641	10303.66015625	
28.719136	-8.37231104819656E-03	0	0	0.02931589265	10303.22265625	
28.723232	-8.36551177338594E-03	0	0	0.05515278802	10303.22265625	
28.727328	-8.35942539655953E-03	0	0	0.05115880759	10303.22265625	
28.731424	-0.00835166727076	0	0	0.02833933201	10303.22265625	
28.73552	-8.34319478405875E-03	0	0	0.00564955589	10303.22265625	
28.739616	-8.33545238462234E-03	-8.069174623125E-08	0	0.06406008917	10303.22265625	
28.743712	-8.32816175239641E-03	-4.72478133290625E-07	0	-0.0185775403	10273.86328125	
28.747808	-8.31939695649219E-03	-5.252908208625E-07	0	-0.06711184117	10273.86328125	
28.751904	-8.31377688461891E-03	-5.51418919734375E-07	0	0.043868935	10273.86328125	
28.756	-8.30569682553703E-03	-5.6764029774375E-07	0	-0.07973846507	10273.86328125	
28.760096	-8.29730790799797E-03	-6.44607288084375E-07	0	0.03525155029	10273.86328125	
28.764192	-8.29237915607578E-03	-6.46205363409375E-07	0	0.03819649097	10220.8828125	
28.768288	-8.28684786500828E-03	-6.42651280425E-07	0	-0.10921076001	10220.8828125	
28.772384	-8.28153610299812E-03	-6.2928158225625E-07	0	0.05100621999	10220.8828125	
28.77648	-8.27354765912469E-03	-6.6681904471875E-07	0	-0.02161784823	10220.8828125	
28.780576	-8.26556241538328E-03	-7.36041331265625E-07	0	-0.01816173909	10167.73828125	
28.784672	-8.25897060056062E-03	-7.79874460509375E-07	0	0.09257108223	10167.73828125	
28.788768	-8.25384408047891E-03	-7.93939350290625E-07	0	-0.01012800195	10167.73828125	
28.792864	-8.24871765182953E-03	-7.735386495375E-07	0	-0.03480904625	10167.73828125	
28.79696	-8.23853016865656E-03	-8.4843136310625E-07	0	0.06125629202	10167.73828125	
28.801056	-8.22741711586781E-03	-9.771307536375E-07	0	-0.0321196898	10114.140625	
28.805152	-8.21441479656016E-03	-1.14333419320312E-06	0	0.06777941192	10114.140625	
28.809248	-8.20190941204078E-03	-1.304800618275E-06	0	0.07021699883	10114.140625	
28.813344	-8.19039625131578E-03	-1.42901131137187E-06	0	-0.05490483317	10114.140625	
28.81744	-8.17466476797953E-03	-1.58249000404687E-06	0	0.07064042942	10114.140625	
28.821536	-8.15633148586953E-03	-1.8141106858875E-06	0	0.03932563921	10061.44140625	
28.825632	-8.13831547399234E-03	-2.05185299622187E-06	0	0.02455515953	10061.44140625	
28.829728	-8.12260337431297E-03	-2.22748839750937E-06	0	0.15065355217	10061.44140625	
28.833824	-8.10759393219531E-03	-2.35988586126562E-06	0	0.09034711796	10061.44140625	
28.83792	-8.09429208052953E-03	-2.43464299804687E-06	0	0.02474207934	10061.44140625	
28.842016	-8.07902498206719E-03	-2.53218040050937E-06	0	0.1755901807	10010.859375	
28.846112	-8.06661743015562E-03	-2.60551494255937E-06	0	0.08643706071	10010.859375	
28.850208	-8.05661628609922E-03	-2.6125848874125E-06	0	0.15770691398	10010.859375	
28.854304	-8.04929584692922E-03	-2.56287892750312E-06	0	0.21113927681	10010.859375	
28.8584	-8.04573867159562E-03	-2.44397327717812E-06	0	0.10358027757	10010.859375	
28.862496	-8.04239956240188E-03	-2.29392462915E-06	0	0.20033607473	9958.98046875	
28.866592	-8.03967204415547E-03	-2.17377042238125E-06	0	0.20430335233	9958.98046875	
28.870688	-8.03931216645047E-03	-2.03308811114062E-06	0	0.14712114923	9958.98046875	
28.874784	-8.04087895109297E-03	-1.86192433999687E-06	0	0.28504126618	9958.9765625	
28.87888	-8.04372368560406E-03	-1.68438749830312E-06	0	0.26400706552	9906.6796875	
28.882976	-8.04953558253453E-03	-1.46811079150312E-06	0	0.17060819556	9906.6796875	
28.887072	-8.05377310593797E-03	-1.27953405700312E-06	0	0.32834181237	9906.6796875	
28.891168	-8.05925996088641E-03	-1.12304767502813E-06	0	0.27554650277	9906.6796875	
28.895264	-8.06438620667109E-03	-9.76990609546875E-07	0	0.29215947772	9853.55859375	
28.89936	-8.06931002124672E-03	-8.66749373634375E-07	0	0.39584656661	9853.55859375	
28.903456	-8.07592460272297E-03	-7.502752112625E-07	0	0.32862791412	9853.55859375	
28.907552	-8.08251276025188E-03	-6.16493854659375E-07	0	0.32942518433	9853.55859375	
28.911648	-8.0861609107675E-03	-5.59174440825E-07	0	0.42066493975	9853.55859375	
28.915744	-8.08880312263719E-03	-5.53916513390625E-07	0	0.33156522542	9802.15625	
28.91984	-8.09055450918172E-03	-5.76184279584375E-07	0	0.43931495916	9802.15625	
28.923936	-8.09072009315625E-03	-6.305984078625E-07	0	0.46834093537	9802.15625	
28.928032	-8.09196640743391E-03	-6.78718311665625E-07	0	0.36119010796	9802.15625	
28.932128	-8.08927134766953E-03	-7.5123242184375E-07	0	0.47014146905	9802.15625	
28.936224	-8.08337240714781E-03	-9.32858922909375E-07	0	0.48547652285	9750.13671875	
28.94032	-8.07625979369516E-03	-1.13191257000937E-06	0	0.43901359865	9750.13671875	
28.944416	-8.06665391166078E-03	-1.36698469070625E-06	0	0.56172454657	9750.13671875	
28.948512	-8.05728749093469E-03	-1.59700537414687E-06	0	0.54655352444	9750.13671875	
28.952608	-8.04767063701906E-03	-1.7806626424125E-06	0	0.46988969951	9750.13671875	
28.956704	-0.00803239430389	-2.04155709305625E-06	0	0.61711766006	9750.13671875	
28.9608	-8.01538295060594E-03	-2.366603402625E-06	0	0.55483903112	9697.83984375	
28.964896	-7.99733777181109E-03	-2.690280002025E-06	0	0.57594952558	9697.83984375	
28.968992	-7.97723701106406E-03	-3.02495586927187E-06	0	0.67358270144	9697.83984375	
28.973088	-7.95806959168203E-03	-3.3364889712E-06	0	0.60239295666	9697.83984375	
28.977184	-7.93724157807281E-03	-3.60371827127812E-06	0	0.58518870476	9697.8359375	
28.98128	-7.91222504879641E-03	-3.9589566179625E-06	0	0.70328387778	9647.4765625	
28.985376	-0.007888352521005	-4.29984017130937E-06	0	0.62298083859	9647.4765625	
28.989472	-7.86223907790063E-03	-4.63212349287187E-06	0	0.71821075975	9647.4765625	
28.993568	-7.83558033229812E-03	-4.98884236692187E-06	0	0.75864265906	9647.4765625	
28.997664	-7.8120686879675E-03	-5.25366469825312E-06	0	0.65466946842	9647.4765625	
29.00176	-7.78400069565078E-03	-5.5366560018E-06	0	0.75010538284	9596.81640625	
29.005856	-7.75451157041516E-03	-5.91109553120625E-06	0	0.77440495814	9596.81640625	
29.009952	-7.72708963903937E-03	-6.22114546154062E-06	0	0.71606308928	9596.81640625	
29.014048	-7.69762584056297E-03	-6.53097087286875E-06	0	0.84972601219	9596.81640625	
29.018144	-7.67047354316891E-03	-6.82912706509687E-06	0	0.82977899818	9545.375	
29.02224	-7.64599079591531E-03	-7.004937225825E-06	0	0.74068309854	9545.375	
29.026336	-7.61741361687625E-03	-7.2494687120625E-06	0	0.86687685843	9545.375	
29.030432	-7.59144079671656E-03	-7.5061309554E-06	0	0.84126502977	9545.375	
29.034528	-7.56650363071453E-03	-7.68524471859375E-06	0	0.83929283504	9492.59765625	
29.038624	-7.53976524754062E-03	-7.91964857072812E-06	0	0.9284573991	9492.59765625	
29.04272	-7.51945848972312E-03	-8.05981910363438E-06	0	0.87732910903	9492.59765625	
29.046816	-7.50010244541594E-03	-8.07340779196875E-06	0	0.84097892802	9492.59765625	
29.050912	-7.47766924557984E-03	-8.21753072476875E-06	0	0.9613781738	9492.59765625	
29.055008	-7.46044558639359E-03	-8.2964224728E-06	0	0.8840544075	9492.59765625	
29.059104	-7.44264306903906E-03	-8.33621834646562E-06	0	0.96875196957	9441.515625	
29.0632	-7.42599689653594E-03	-8.422293500775E-06	0	1.0196284901	9441.515625	
29.067296	-7.41595067633406E-03	-8.34869573783437E-06	0	0.9351712535	9441.515625	
29.071392	-7.40274025701203E-03	-8.28388955264062E-06	0	0.96811110165	9441.515625	
29.075488	-7.38934477862625E-03	-8.3475993447E-06	0	1.03269380335	9389.85546875	
29.079584	-7.37918417656234E-03	-8.33837844045938E-06	0	0.96830946553	9389.85546875	
29.08368	-7.36713074211813E-03	-8.36905701555E-06	0	1.0662821488	9389.85546875	
29.087776	-7.35790476147203E-03	-8.42580864149062E-06	0	1.07923302135	9389.85546875	
29.091872	-7.35362408200234E-03	-8.2957465119375E-06	0	0.97048765352	9389.85546875	
29.095968	-0.00734330164469	-8.31217317820312E-06	0	1.10615710337	9389.85546875	
29.100064	-7.33570133111578E-03	-8.40281082795E-06	0	1.06768595472	9389.85546875	
29.10416	-7.32933059970031E-03	-8.40062212821562E-06	0	1.05611981464	9337.57421875	
29.108256	-0.007319991517245	-8.50836024163125E-06	0	1.16349570876	9337.57421875	
29.112352	-7.31540280220922E-03	-8.5659039340875E-06	0	1.13446973255	9337.57421875	
29.116448	-7.31047478174578E-03	-8.52802849119375E-06	0	1.05655087461	9337.57421875	
29.120544	-7.30125684714594E-03	-8.68636871746875E-06	0	1.19742737631	9287.81640625	
29.12464	-7.29473525236328E-03	-8.82562843397812E-06	0	1.12874388286	9287.81640625	
29.128736	-7.28708675394391E-03	-8.9427497110875E-06	0	1.16391532466	9287.81640625	
29.132832	-7.27730907053563E-03	-9.1711398673125E-06	0	1.24064399932	9287.81640625	
29.136928	-7.27393924007437E-03	-9.240965759025E-06	0	1.16697852073	9237.31640625	
29.141024	-7.26705539034578E-03	-9.27919961502187E-06	0	1.1831261035	9237.31640625	
29.14512	-0.007257366944905	-9.53118037265625E-06	0	1.24731970682	9237.31640625	
29.149216	-7.25114817404484E-03	-9.66028144547812E-06	0	1.17491307593	9237.31640625	
29.153312	-7.24143421898016E-03	-9.84586202912812E-06	0	1.26634738054	9237.31640625	
29.157408	-7.23269996147875E-03	-1.00987370166375E-05	0	1.301190759	9185.85546875	
29.161504	-7.22808994270688E-03	-1.01482749478687E-05	0	1.1844993919	9185.85546875	
29.1656	-7.21810735941625E-03	-1.03301016891187E-05	0	1.28689711557	9185.85546875	
29.169696	-7.20913501209172E-03	-1.05953117604469E-05	0	1.3010000245	9185.85546875	
29.173792	-7.20185535174703E-03	-1.07460043982156E-05	0	1.25189352013	9133.25390625	
29.177888	-0.007191652690805	-1.09753587361687E-05	0	1.35347108545	9133.25390625	
29.181984	-7.18541014753547E-03	-1.11662251318406E-05	0	1.3418935013	9133.25390625	
29.18608	-7.18141885143375E-03	-1.11388165054031E-05	0	1.25303411244	9133.25390625	
29.190176	-7.17077018351891E-03	-1.13883544770187E-05	0	1.39226648275	9133.25390625	
29.194272	-7.16394165035828E-03	-1.16178369398437E-05	0	1.32972082551	9133.25390625	
29.198368	-7.15644099803875E-03	-1.17642416011312E-05	0	1.33408101618	9082.29296875	
29.202464	-7.14715750644844E-03	-1.20335684952656E-05	0	1.43293870753	9082.29296875	
29.20656	-7.14364741877188E-03	-1.21178751417281E-05	0	1.36468627405	9082.29296875	
29.210656	-7.13806510845656E-03	-1.21372734396375E-05	0	1.33344777764	9082.29296875	
29.214752	-7.13021417882813E-03	-1.2367397247975E-05	0	1.45101652344	9082.29296875	
29.218848	-7.12566468826781E-03	-1.24892959241531E-05	0	1.37419248153	9030.671875	
29.222944	-7.11963015358031E-03	-1.26093145541344E-05	0	1.42662921027	9030.671875	
29.22704	-7.11285483404375E-03	-1.2853823684625E-05	0	1.49219991668	9030.671875	
29.231136	-7.11254478696609E-03	-1.28272085670094E-05	0	1.38626597538	9030.671875	
29.235232	-7.10699667234734E-03	-1.28995642638844E-05	0	1.45210752478	8978.59375	
29.239328	-7.10121165652594E-03	-1.31782447544344E-05	0	1.4943666606	8978.59375	
29.243424	-7.09840386068172E-03	-1.32650153407406E-05	0	1.42046085654	8978.59375	
29.24752	-7.09260842157312E-03	-1.34600603380031E-05	0	1.53818981932	8978.59375	
29.251616	-7.09015712043719E-03	-1.36275188243906E-05	0	1.53123563945	8978.59375	
29.255712	-7.09106175204625E-03	-1.3529126855475E-05	0	1.41707341182	8978.59375	
29.259808	-7.08706451284219E-03	-1.36586091779156E-05	0	1.53545468659	8928.9140625	
29.263904	-7.08557571998891E-03	-1.37927532745406E-05	0	1.52787871225	8928.9140625	
29.268	-7.08459693674906E-03	-1.38299517950344E-05	0	1.49595738633	8928.9140625	
29.272096	-7.08069817017922E-03	-1.40352563974219E-05	0	1.5990417542	8928.9140625	
29.276192	-7.08226879498016E-03	-1.410465897225E-05	0	1.5587967747	8878.390625	
29.280288	-7.08435829833187E-03	-1.39688016561844E-05	0	1.48632147939	8878.390625	
29.284384	-7.08096643267578E-03	-1.42167860235844E-05	0	1.62310100403	8878.390625	
29.28848	-0.00708236397605	-1.43179854416156E-05	0	1.54091732267	8878.390625	
29.292576	-7.08209141623328E-03	-1.43840745582187E-05	0	1.59433442674	8878.390625	
29.296672	-7.08131158977344E-03	-1.45858056064875E-05	0	1.65852040068	8826.87109375	
29.300768	-7.08636185528047E-03	-1.44937371889406E-05	0	1.58160480621	8826.87109375	
29.304864	-0.007087522223155	-1.44838146027094E-05	0	1.56647193098	8826.87109375	
29.30896	-7.08724015437453E-03	-1.47203314335E-05	0	1.67487397671	8826.87109375	
29.313056	-7.08939256317875E-03	-1.47890635763062E-05	0	1.57986149288	8826.87109375	
29.317152	-7.08949771037406E-03	-1.49037264424125E-05	0	1.66876284333	8774.41015625	
29.321248	-7.08990120130703E-03	-1.51269918441469E-05	0	1.70152340105	8774.41015625	
29.325344	-7.09612948113094E-03	-1.49695379150625E-05	0	1.58218845378	8774.41015625	
29.32944	-7.09565348434938E-03	-1.50927909168094E-05	0	1.67554536215	8774.41015625	
29.333536	-7.09736445779797E-03	-1.53259676067094E-05	0	1.67969955956	8774.41015625	
29.337632	-7.10070630996203E-03	-0.000015311907765	0	1.64060661644	8723.5703125	
29.341728	-7.10052454246266E-03	-1.55277375972469E-05	0	1.74975252672	8723.5703125	
29.345824	-7.10406544283906E-03	-1.56404581576031E-05	0	1.7358365376	8723.5703125	
29.34992	-7.10853547869266E-03	-1.55423637845438E-05	0	1.63007044266	8723.5703125	
29.354016	-7.10829482876391E-03	-1.57910209878094E-05	0	1.77113004948	8723.5703125	
29.358112	-7.11066566943734E-03	-1.59508292414625E-05	0	1.7124524879	8671.83203125	
29.362208	-7.11272765165359E-03	-1.60140200436562E-05	0	1.71451623519	8671.83203125	
29.366304	-7.11181826556266E-03	-1.63089228737531E-05	0	1.80039635116	8671.83203125	
29.3704	-7.11765219768797E-03	-1.62848284266937E-05	0	1.74360706113	8671.83203125	
29.374496	-7.12170667353922E-03	-1.61426574150187E-05	0	1.7144742736	8671.83203125	
29.378592	-7.12220580270375E-03	-1.64259667470937E-05	0	1.81215704043	8620.03125	
29.382688	-7.12644533761875E-03	-1.64700746356781E-05	0	1.73287252347	8620.03125	
29.386784	-7.12798834985187E-03	-1.65978420559875E-05	0	1.79701272113	8620.03125	
29.39088	-7.12953163638203E-03	-1.68548439624469E-05	0	1.85514859673	8620.03125	
29.394976	-7.1366309007125E-03	-1.66939412387344E-05	0	1.74359180237	8620.03125	
29.399072	-7.13883286584703E-03	-1.67495200293094E-05	0	1.80614890368	8570.55078125	
29.403168	-7.14088817350219E-03	-1.69938380542219E-05	0	1.85557584201	8570.55078125	
29.407264	-7.14554207979906E-03	-1.69830089785125E-05	0	1.78068203324	8570.55078125	
29.41136	-7.14769403144156E-03	-1.70990622278437E-05	0	1.87166620443	8570.55078125	
29.415456	-7.15268038574031E-03	-1.71886780036125E-05	0	1.88256858845	8570.55078125	
29.419552	-7.16181859133641E-03	-1.68388550361281E-05	0	1.77125593425	8519.65234375	
29.423648	-7.16400547013422E-03	-1.69925056036312E-05	0	1.89971180531	8519.65234375	
29.427744	-7.16890798097375E-03	-1.71634395673125E-05	0	1.8637049464	8519.65234375	
29.43184	-7.17440992225891E-03	-1.71209090809969E-05	0	1.8342555396	8519.65234375	
29.435936	-7.17698346843844E-03	-1.73461290480844E-05	0	1.94489299367	8467.91015625	
29.440032	-7.18470428984172E-03	-1.7298146163375E-05	0	1.90038700544	8467.91015625	
29.444128	-7.19170261286469E-03	-1.70760834046687E-05	0	1.82440219533	8467.91015625	
29.448224	-7.19507253475828E-03	-1.72903526615531E-05	0	1.96006020111	8467.91015625	
29.45232	-7.20207049205187E-03	-1.72714937861813E-05	0	1.89221975415	8467.91015625	
29.456416	-7.20775191502781E-03	-1.72343870925187E-05	0	1.91317384632	8415.76953125	
29.460512	-7.21100718076234E-03	-1.74933714489187E-05	0	1.99830628305	8415.76953125	
29.464608	-7.22073037049375E-03	-1.72968084243281E-05	0	1.90524310581	8415.76953125	
29.468704	-7.2263165209675E-03	-1.72008253472344E-05	0	1.92701354164	8415.76953125	
29.4728	-7.22933799419906E-03	-1.75691783442656E-05	0	2.00207519677	8415.76953125	
29.476896	-7.23604720815109E-03	-1.75407663534469E-05	0	1.91507737663	8364.73046875	
29.480992	-7.23895137368562E-03	-1.77323156811281E-05	0	2.01504895746	8364.73046875	
29.485088	-7.24348522931516E-03	-1.79227712599031E-05	0	2.03253549642	8364.73046875	
29.489184	-7.25270078667406E-03	-1.75880249600344E-05	0	1.91896454574	8364.73046875	
29.49328	-7.25671192359437E-03	-1.76521241747813E-05	0	2.00367355188	8364.73046875	
29.497376	-7.26154330007047E-03	-1.78358352891469E-05	0	2.02996439536	8312.69140625	
29.501472	-7.26754327333203E-03	-1.779828604785E-05	0	1.97312932905	8312.69140625	
29.505568	-7.26980256654609E-03	-1.80524668032844E-05	0	2.07834992332	8312.69140625	
29.509664	-7.27610975248266E-03	-1.813303955925E-05	0	2.06295001979	8312.69140625	
29.51376	-7.28460509726984E-03	-1.77717218917219E-05	0	1.95770653738	8312.69140625	
29.517856	-7.28619528859234E-03	-1.81065633838031E-05	0	2.09934216239	8261.23046875	
29.521952	-7.29143363043047E-03	-1.82364130135687E-05	0	2.04248039325	8261.23046875	
29.526048	-7.29618738084672E-03	-1.82027885279625E-05	0	2.04886236962	8261.23046875	
29.530144	-7.29926883369578E-03	-1.84243395083344E-05	0	2.13798497209	8261.23046875	
29.53424	-0.00730847835652	-1.815107031045E-05	0	2.07674393883	8261.23046875	
29.538336	-7.31507556585094E-03	-1.79136335286562E-05	0	2.02398677613	8211.94921875	
29.542432	-7.31833750614656E-03	-1.82180546184656E-05	0	2.15001650435	8211.94921875	
29.546528	-7.32487290721312E-03	-1.81980361288687E-05	0	2.06150425228	8211.94921875	
29.550624	-7.32940877435422E-03	-1.82377341660937E-05	0	2.12813544251	8211.94921875	
29.55472	-7.33312312188672E-03	-1.85009514509531E-05	0	2.18143810588	8160.828125	
29.558816	-7.34326022583828E-03	-1.80938129157844E-05	0	2.07616029126	8160.828125	
29.562912	-7.34795088793734E-03	-1.80381266733937E-05	0	2.12543845668	8160.828125	
29.567008	-7.35255148917781E-03	-1.82954386756969E-05	0	2.16938368548	8160.828125	
29.571104	-7.36062578802203E-03	-1.80529100720719E-05	0	2.10522822906	8160.828125	
29.5752	-7.36479492003234E-03	-1.81621650108938E-05	0	2.2162585962	8160.828125	
29.579296	-7.37124839771891E-03	-1.82412889702312E-05	0	2.22116810223	8108.890625	
29.583392	-7.38080161472328E-03	-1.78248451559062E-05	0	2.10468272839	8108.890625	
29.587488	-7.38451907095547E-03	-1.802815504875E-05	0	2.2285037511	8108.890625	
29.591584	-7.39045549873813E-03	-1.81550354507156E-05	0	2.19803582207	8108.890625	
29.59568	-0.00739636458825	-1.80952484912719E-05	0	2.16892973737	8108.890625	
29.599776	-7.3984989848825E-03	-1.84488690511125E-05	0	2.27176615039	8056.890625	
29.603872	-7.40637898999625E-03	-1.83328506575156E-05	0	2.23920395655	8056.890625	
29.607968	-7.41519343366313E-03	-1.78296768818437E-05	0	2.16706435396	8056.890625	
29.612064	-7.41819689472297E-03	-1.81285309099125E-05	0	2.29155294742	8056.890625	
29.61616	-7.4249339041075E-03	-1.81061794899562E-05	0	2.21292837183	8005.94921875	
29.620256	-0.007429604999685	-1.81119297245906E-05	0	2.25382947801	8005.94921875	
29.624352	-7.43303032957891E-03	-1.84009496278781E-05	0	2.33462079752	8005.94921875	
29.628448	-7.44247190769156E-03	-1.80084271838625E-05	0	2.25706052044	8005.94921875	
29.632544	-7.44744591862391E-03	-1.79194431382312E-05	0	2.25149107304	8005.94921875	
29.63664	-7.44999925825547E-03	-1.83364530577594E-05	0	2.34052212295	8005.94921875	
29.640736	-7.45555541892047E-03	-1.82866357998844E-05	0	2.2557024908	7953.7890625	
29.644832	-7.45851965550484E-03	-1.84035582791156E-05	0	2.3342469579	7953.7890625	
29.648928	-7.46274419551547E-03	-1.85625723027937E-05	0	2.37267233027	7953.7890625	
29.653024	-7.47264869558453E-03	-1.79506642608563E-05	0	2.24969816874	7953.7890625	
29.65712	-7.47556054143594E-03	-1.80622249666031E-05	0	2.36047295165	7902.5078125	
29.661216	-7.47946278243484E-03	-1.83571934216344E-05	0	2.35301904739	7902.5078125	
29.665312	-7.48525767294937E-03	-1.81888947918563E-05	0	2.30809725795	7902.5078125	
29.669408	-7.48728125358125E-03	-1.84636606228594E-05	0	2.42248836698	7902.5078125	
29.673504	-7.49301031280828E-03	-1.84513738563E-05	0	2.39695283212	7902.5078125	
29.6776	-7.49993009544797E-03	-1.80687119793469E-05	0	2.29694691908	7853.328125	
29.681696	-7.50179961258063E-03	-1.83691083135656E-05	0	2.43484414789	7853.328125	
29.685792	-7.50698757519734E-03	-1.83736525397906E-05	0	2.3877289117	7853.328125	
29.689888	-7.51220836202547E-03	-1.81914046451156E-05	0	2.3816635546	7853.328125	
29.693984	-0.00751455076724	-1.84512815487E-05	0	2.47950272372	7853.328125	
29.69808	-7.52288555683156E-03	-1.81101614571281E-05	0	2.41120832865	7802.08984375	
29.702176	-7.52899287166469E-03	-1.7773057226925E-05	0	2.38534473045	7802.08984375	
29.706272	-7.53081886700172E-03	-1.82341228716281E-05	0	2.49605847832	7802.08984375	
29.710368	-7.53660580290234E-03	-1.81304498983781E-05	0	2.40973585831	7802.08984375	
29.714464	-7.53940024962437E-03	-1.82482170883031E-05	0	2.49058058348	7802.08984375	
29.71856	-7.54219826220781E-03	-1.85035899098531E-05	0	2.53077215732	7750.25	
29.722656	-7.5505721848425E-03	-1.79762656775625E-05	0	2.42646708865	7750.25	
29.726752	-7.55473400226531E-03	-1.78746677022375E-05	0	2.46931750142	7750.25	
29.730848	-7.55828258295859E-03	-1.8108668429775E-05	0	2.54009144499	7750.25	
29.734944	-7.56403806613297E-03	-1.7916837852375E-05	0	2.46124561738	7750.25	
29.73904	-7.56628327876609E-03	-1.81179208243687E-05	0	2.56118668069	7750.25	
29.743136	-7.57135987678812E-03	-1.816299337545E-05	0	2.5780437958	7698.34765625	
29.747232	-7.58053639253625E-03	-1.74656846977594E-05	0	2.45552358238	7698.34765625	
29.751328	-7.58251297694344E-03	-1.77423094211344E-05	0	2.58635982	7698.34765625	
29.755424	-7.58625722285234E-03	-1.79936074871437E-05	0	2.56119812476	7698.34765625	
29.75952	-7.59081795959094E-03	-1.78717874166562E-05	0	2.53610127925	7647.2890625	
29.763616	-7.59269378555531E-03	-1.81454575756781E-05	0	2.64396926838	7647.2890625	
29.767712	-7.59972868151578E-03	-1.78315641395719E-05	0	2.60003548365	7647.2890625	
29.771808	-7.60656443783156E-03	-1.73280240181125E-05	0	2.51443765474	7647.2890625	
29.775904	-7.60860776784969E-03	-1.76836094798344E-05	0	2.65742368001	7647.2890625	
29.78	-7.61369286907969E-03	-1.76463258632719E-05	0	2.58497127284	7595.046875	
29.784096	-7.61715330899359E-03	-1.76374864490344E-05	0	2.6238963696	7595.046875	
29.788192	-7.6186944011475E-03	-1.80092644426406E-05	0	2.70042286569	7595.046875	
29.792288	-7.62631693278125E-03	-1.75444396670812E-05	0	2.61583211494	7595.046875	
29.796384	-7.6300466409475E-03	-1.74003217823531E-05	0	2.61839940131	7544.046875	
29.80048	-7.63122465526437E-03	-1.78929162416812E-05	0	2.70292148764	7544.046875	
29.804576	-7.63655945822516E-03	-1.76629119043781E-05	0	2.62800479073	7544.046875	
29.808672	-7.63921684786391E-03	-1.767687847695E-05	0	2.72247558858	7544.046875	
29.812768	-7.64276945158031E-03	-1.77651353598469E-05	0	2.75094080536	7544.046875	
29.816864	-7.65036190197297E-03	-1.71612628867969E-05	0	2.64458724816	7494.66796875	
29.82096	-7.65260327444766E-03	-1.73082218744531E-05	0	2.73373655346	7494.66796875	
29.825056	-7.65553779552031E-03	-1.75517860539656E-05	0	2.74626781011	7494.66796875	
29.829152	-7.65999621946625E-03	-1.73611977830156E-05	0	2.69233953758	7494.66796875	
29.833248	-7.66038937854437E-03	-1.77405608651906E-05	0	2.79468385559	7494.66796875	
29.837344	-7.66481177814687E-03	-1.77008582606625E-05	0	2.78926699579	7443.1875	
29.84144	-7.67201152662312E-03	-1.7023134899925E-05	0	2.68237938199	7443.1875	
29.845536	-7.67351028560188E-03	-1.73017860635813E-05	0	2.8275245218	7443.1875	
29.849632	-7.67772970540125E-03	-1.73191776327281E-05	0	2.76877448111	7443.1875	
29.853728	-7.68128870938172E-03	-1.71884210327156E-05	0	2.77475972972	7443.1875	
29.857824	-7.68293165716656E-03	-1.7458049849625E-05	0	2.87476182807	7391.26953125	
29.86192	-7.68975945886844E-03	-1.70150748118312E-05	0	2.82403026576	7391.26953125	
29.866016	-7.69448641960797E-03	-1.66941200847094E-05	0	2.77570958753	7391.26953125	
29.870112	-7.69495885052812E-03	-1.72225200370781E-05	0	2.89248487781	7391.26953125	
29.874208	-0.007698541901215	-1.72080832726687E-05	0	2.81495893294	7391.26953125	
29.878304	-7.70018292892063E-03	-1.7297796163725E-05	0	2.86442401817	7339.70703125	
29.8824	-7.70229483319656E-03	-1.748890943415E-05	0	2.92844214575	7339.70703125	
29.886496	-7.71009922376203E-03	-1.67477839733531E-05	0	2.81868588507	7339.70703125	
29.890592	-7.71294962707844E-03	-1.66816138472156E-05	0	2.89411756513	7339.70703125	
29.894688	-7.71456322508094E-03	-1.70655870209344E-05	0	2.9273549591	7339.70703125	
29.898784	-7.71890324414172E-03	-1.68289247575969E-05	0	2.86227253301	7339.70703125	
29.90288	-7.72018768570672E-03	-1.70102264993719E-05	0	2.96812255113	7288.38671875	
29.906976	-7.72319041530781E-03	-1.70846394057281E-05	0	2.97592359218	7288.38671875	
29.911072	-7.72870040263922E-03	-1.65827382249375E-05	0	2.86671664686	7288.38671875	
29.915168	-7.72882548208547E-03	-1.69656972169781E-05	0	2.98380855641	7288.38671875	
29.919264	-7.73116761300297E-03	-1.71160542781594E-05	0	2.97536283275	7236.109375	
29.92336	-7.73424101980578E-03	-0.000016923521538	0	2.93798268544	7236.109375	
29.927456	-7.73427731844625E-03	-1.72615834595531E-05	0	3.03585237208	7236.109375	
29.931552	-7.73923670020359E-03	-1.69647890448094E-05	0	3.00615882512	7236.109375	
29.935648	-7.74442173698531E-03	-1.63947468263906E-05	0	2.94284641519	7236.109375	
29.939744	-7.74423686078625E-03	-1.69182782740125E-05	0	3.07224832937	7185.38671875	
29.94384	-7.74736393837484E-03	-1.68855975374625E-05	0	3.00367164724	7185.38671875	
29.947936	-7.74899362846984E-03	-1.68644617412906E-05	0	3.03204531146	7185.38671875	
29.952032	-7.74903276151297E-03	-1.72442474191969E-05	0	3.11308077113	7185.38671875	
29.956128	-7.75444052748406E-03	-1.67458346964563E-05	0	3.03584092801	7185.38671875	
29.960224	-7.75756093051156E-03	-1.64837702950594E-05	0	3.0353869799	7136.046875	
29.96432	-7.75863297474203E-03	-1.68098175651656E-05	0	3.13529752569	7136.046875	
29.968416	-7.76252177518641E-03	-1.65740146759687E-05	0	3.05509366844	7136.046875	
29.972512	-7.76324482216078E-03	-1.67572349254406E-05	0	3.13755200748	7136.046875	
29.976608	-7.76520229720813E-03	-1.69293412437187E-05	0	3.17529073565	7136.046875	
29.980704	-7.77202817883078E-03	-1.6156762689375E-05	0	3.06298626205	7136.046875	
29.9848	-7.77303192310047E-03	-1.63256057897625E-05	0	3.15945595746	7084.16796875	
29.988896	-7.77366033759906E-03	-1.67662837144688E-05	0	3.17048422625	7084.16796875	
29.992992	-7.77596909571109E-03	-1.66725523178156E-05	0	3.12170197053	7084.16796875	
29.997088	-7.77594413468125E-03	-1.69532455467375E-05	0	3.23836282011	7084.16796875	
30.001184	-7.77960417140156E-03	-1.67245623619594E-05	0	3.21861798467	7032.25	
30.00528	-7.78502135490406E-03	-1.604841856695E-05	0	3.11859681287	7032.25	
30.009376	-7.78514286848891E-03	-1.64245465562062E-05	0	3.24514533893	7032.25	
30.013472	-7.78785996344812E-03	-1.64473833122156E-05	0	3.21096571653	7032.25	
30.017568	-7.79011633082719E-03	-1.63306829481469E-05	0	3.21803052241	6980.828125	
30.021664	-7.79020026571875E-03	-1.66897883582719E-05	0	3.30597438567	6980.828125	
30.02576	-7.79520792375359E-03	-1.62583618666219E-05	0	3.25590657942	6980.828125	
30.029856	-7.79841098161984E-03	-1.59366352652719E-05	0	3.21505506421	6980.828125	
30.033952	-7.79763938407094E-03	-1.6546173838425E-05	0	3.33181509573	6980.828125	
30.038048	-7.80069871029281E-03	-1.63801780909594E-05	0	3.25111914347	6929.3671875	
30.042144	-7.80223587085594E-03	-1.63415365430625E-05	0	3.32654700884	6929.3671875	
30.04624	-7.80361531062609E-03	-1.65008303741531E-05	0	3.37651944784	6929.3671875	
30.050336	-7.80956527039563E-03	-1.58189781713906E-05	0	3.28943388983	6929.3671875	
30.054432	-7.81152137395781E-03	-1.57584465011531E-05	0	3.31435907429	6929.3671875	
30.058528	-7.81260173853156E-03	-1.61257382011687E-05	0	3.38799022067	6877.1484375	
30.062624	-7.8154948407525E-03	-1.59210528289312E-05	0	3.32131706885	6877.1484375	
30.06672	-7.81455034464156E-03	-1.63614963788719E-05	0	3.41519277506	6877.1484375	
30.070816	-7.81598875827344E-03	-1.6486543128825E-05	0	3.43441881266	6877.1484375	
30.074912	-7.82121996838875E-03	-1.57637118805031E-05	0	3.3281644374	6877.1484375	
30.079008	-7.82146363558484E-03	-1.60008383260688E-05	0	3.45459852276	6826.6875	
30.083104	-7.82324181180609E-03	-1.61233682516156E-05	0	3.4245235068	6826.6875	
30.0872	-7.82556218182578E-03	-1.5948666743625E-05	0	3.4043819436	6826.6875	
30.091296	-7.82551472843938E-03	-1.62473046661406E-05	0	3.51035784649	6826.6875	
30.095392	-7.82946808011844E-03	-1.59362633906437E-05	0	3.49103644164	6826.6875	
30.099488	-7.83392184101484E-03	-1.53724920794156E-05	0	3.40752524816	6826.6875	
30.103584	-7.83326334527516E-03	-1.58938196830875E-05	0	3.5395745572	6777.2265625	
30.10768	-7.83507114557578E-03	-1.59280191681188E-05	0	3.48072533457	6777.2265625	
30.111776	-7.83529579484438E-03	-1.60548087047906E-05	0	3.50233936811	6777.2265625	
30.115872	-7.83536619774906E-03	-1.6330477900275E-05	0	3.5849693682	6777.2265625	
30.119968	-7.84091705533812E-03	-1.55923872922125E-05	0	3.50368213899	6725.25	
30.124064	-7.84351867124719E-03	-1.53228277060031E-05	0	3.5232095371	6725.25	
30.12816	-7.84319481788563E-03	-1.58453346354187E-05	0	3.60499267601	6725.25	
30.132256	-7.84600023648891E-03	-1.56498367539938E-05	0	3.53205198852	6725.25	
30.136352	-7.84670088253906E-03	-1.57492652603344E-05	0	3.61731031002	6725.25	
30.140448	-7.84770928985828E-03	-1.59112429829719E-05	0	3.66217487911	6673.1875	
30.144544	-7.85226426635922E-03	-1.53461478749906E-05	0	3.5558251366	6673.1875	
30.14864	-7.85215052452359E-03	-1.55880029215969E-05	0	3.63621209897	6673.1875	
30.152736	-7.85270231871812E-03	-1.588951103355E-05	0	3.67696824693	6673.1875	
30.156832	-7.85483479527141E-03	-1.56537934808062E-05	0	3.61068419349	6673.1875	
30.160928	-7.85398484020391E-03	-1.60065683684156E-05	0	3.70927104185	6621.98828125	
30.165024	-7.85699058707234E-03	-1.57540700632219E-05	0	3.71907860984	6621.98828125	
30.16912	-7.86232337852156E-03	-1.49321684812781E-05	0	3.61932446634	6621.98828125	
30.173216	-7.86228013102297E-03	-1.53028010433375E-05	0	3.75778626927	6621.98828125	
30.177312	-7.8636833432025E-03	-1.54605924720844E-05	0	3.71536691647	6570.3671875	
30.181408	-0.007864781994245	-1.54434071527312E-05	0	3.70531139363	6570.3671875	
30.185504	-7.86385980762594E-03	-1.58616242825906E-05	0	3.82554660774	6570.3671875	
30.1896	-0.00786724262148	-1.55022890650031E-05	0	3.76958892013	6570.3671875	
30.193696	-7.87023044760906E-03	-1.5054275330325E-05	0	3.70974024872	6570.3671875	
30.197792	-7.86971239194937E-03	-1.55306008155375E-05	0	3.85598401925	6518.44921875	
30.201888	-7.87222650710547E-03	-1.5325436597625E-05	0	3.78196758918	6518.44921875	
30.205984	-7.87228200653813E-03	-1.54683624162375E-05	0	3.8333438341	6518.44921875	
30.21008	-7.87293446774313E-03	-1.56692451480469E-05	0	3.90688724261	6518.44921875	
30.214176	-7.87870960887141E-03	-1.48279589701031E-05	0	3.81085242186	6518.44921875	
30.218272	-7.88067302702109E-03	-1.4689387233675E-05	0	3.85053664193	6468.328125	
30.222368	-7.88039470696672E-03	-1.52438107177125E-05	0	3.92408386513	6468.328125	
30.226464	-7.88233151830437E-03	-1.51324466463844E-05	0	3.84470779561	6468.328125	
30.23056	-7.8821336587125E-03	-1.53500836883625E-05	0	3.96598823478	6468.328125	
30.234656	-7.8838657530325E-03	-1.53437156658844E-05	0	3.97837071852	6468.328125	
30.238752	-7.88921244219797E-03	-1.45296037396125E-05	0	3.86699321459	6418.46875	
30.242848	-7.88960029820016E-03	-1.47321828639562E-05	0	3.97317511074	6418.46875	
30.246944	-7.89110993762781E-03	-1.48928288571562E-05	0	3.99446108094	6418.46875	
30.25104	-7.89339574622156E-03	-1.46632894232344E-05	0	3.95477686087	6418.46875	
30.255136	-7.8934537143275E-03	-1.49727078638156E-05	0	4.06230915728	6418.46875	
30.259232	-7.89732889135266E-03	-1.45926558400219E-05	0	4.04655830227	6366.41015625	
30.263328	-7.90146254761359E-03	-1.4011553296125E-05	0	3.95589837973	6366.41015625	
30.267424	-7.90020901018078E-03	-1.46775535916625E-05	0	4.10114651617	6366.41015625	
30.27152	-7.90162063413594E-03	-1.47616931709844E-05	0	4.03515619386	6366.41015625	
30.275616	-7.90271416496719E-03	-1.46824384425469E-05	0	4.07160174212	6314.52734375	
30.279712	-7.90282973544969E-03	-1.49048879797125E-05	0	4.15647477993	6314.52734375	
30.283808	-7.90749790519219E-03	-1.43038061288719E-05	0	4.10243969608	6314.52734375	
30.287904	-7.91063686898547E-03	-1.38908132726344E-05	0	4.06668079202	6314.52734375	
30.292	-7.91075280519734E-03	-1.43382613828781E-05	0	4.19104350071	6314.52734375	
30.296096	-7.91346670002453E-03	-1.4129568562725E-05	0	4.11761834759	6263.62890625	
30.300192	-7.91321270097359E-03	-1.44173620249312E-05	0	4.19220316647	6263.62890625	
30.304288	-7.91397716679969E-03	-1.45966406918062E-05	0	4.24840880893	6263.62890625	
30.308384	-7.91918451307328E-03	-1.3792238130825E-05	0	4.14958544979	6263.62890625	
30.31248	-7.92033756636031E-03	-1.38274674225187E-05	0	4.23327974839	6211.62890625	
30.316576	-7.92112644462219E-03	-1.41457291234875E-05	0	4.24986220582	6211.62890625	
30.320672	-7.92372559185797E-03	-1.38743882890594E-05	0	4.20804938873	6211.62890625	
30.324768	-7.92439862534031E-03	-1.39962170133844E-05	0	4.31581438123	6211.62890625	
30.328864	-7.92739413178625E-03	-1.37903941422844E-05	0	4.32350479627	6211.62890625	
30.33296	-7.93290082755328E-03	-1.29777461568562E-05	0	4.21956593784	6211.62890625	
30.337056	-7.93284450522953E-03	-1.34036909232187E-05	0	4.35227518825	6160.0703125	
30.341152	-7.93411541480766E-03	-1.36348719420375E-05	0	4.32691894382	6160.0703125	
30.345248	-7.93481066634953E-03	-1.36780127642812E-05	0	4.31556642638	6160.0703125	
30.349344	-7.93411971212781E-03	-1.40505794590219E-05	0	4.41285246545	6160.0703125	
30.35344	-7.9382833581975E-03	-1.34725971043125E-05	0	4.39046404984	6160.0703125	
30.357536	-7.94190618195391E-03	-1.2917446697925E-05	0	4.33681424968	6110.02734375	
30.361632	-7.94123250844516E-03	-1.34795079147094E-05	0	4.45624837889	6110.02734375	
30.365728	-7.94323158520891E-03	-1.33967551128469E-05	0	4.39338610238	6110.02734375	
30.369824	-7.94457134334188E-03	-1.33078797209531E-05	0	4.44676124486	6110.02734375	
30.37392	-7.94529091588719E-03	-1.34503634727E-05	0	4.51790521336	6060.08984375	
30.378016	-7.94992991871203E-03	-1.28355169721625E-05	0	4.43477930357	6060.08984375	
30.382112	-7.95137601266078E-03	-1.27750831383656E-05	0	4.46672733232	6060.08984375	
30.386208	-7.95108406918719E-03	-1.32795670088812E-05	0	4.55135622997	6060.08984375	
30.390304	-7.95321553998469E-03	-1.30422972942281E-05	0	4.48043351349	6060.08984375	
30.3944	-7.95268450093219E-03	-1.33079626535625E-05	0	4.56144608502	6007.51171875	
30.398496	-7.95458656797922E-03	-1.322515985175E-05	0	4.60350304227	6007.51171875	
30.402592	-7.96017683290844E-03	-1.23093860079094E-05	0	4.49997998505	6007.51171875	
30.406688	-7.96127621540969E-03	-1.24196238784406E-05	0	4.61571767965	6007.51171875	
30.410784	-7.96258360649297E-03	-1.26372462569719E-05	0	4.61780812977	6007.51171875	
30.41488	-7.96470712267656E-03	-1.24650065253656E-05	0	4.58292278972	6007.51171875	
30.418976	-7.96465756634625E-03	-1.27454060045812E-05	0	4.70404301191	5955.9296875	
30.423072	-7.96755990323391E-03	-1.25159153686875E-05	0	4.68457664884	5955.9296875	
30.427168	-7.97169712535625E-03	-1.18968551704406E-05	0	4.60071068919	5955.9296875	
30.431264	-7.97117340089125E-03	-1.23892284761437E-05	0	4.73697904537	5955.9296875	
30.43536	-7.9732997514775E-03	-1.23222881584687E-05	0	4.70331822081	5904.91015625	
30.439456	-7.97473441638328E-03	-1.22075385136031E-05	0	4.71986634603	5904.91015625	
30.443552	-7.97592961998078E-03	-1.23022074093187E-05	0	4.80598297278	5904.91015625	
30.447648	-7.98151138170203E-03	-1.15142166107719E-05	0	4.74554302442	5904.91015625	
30.451744	-0.00798509525528	-1.11082170167719E-05	0	4.73746732569	5904.91015625	
30.45584	-7.98520287114859E-03	-1.16399265812156E-05	0	4.84883338555	5904.91015625	
30.459936	-7.98742522569578E-03	-1.15611531022969E-05	0	4.77806325667	5852.828125	
30.464032	-7.98815000988469E-03	-1.16581227168656E-05	0	4.86466053436	5852.828125	
30.468128	-7.98895982615328E-03	-1.18134795326625E-05	0	4.90980357582	5852.828125	
30.472224	-7.99401667478906E-03	-1.10744951754937E-05	0	4.82127606499	5852.828125	
30.47632	-7.99548919268516E-03	-1.10536627444031E-05	0	4.87940431121	5801.37109375	
30.480416	-7.99667470445422E-03	-1.132732328805E-05	0	4.94892703646	5801.37109375	
30.484512	-7.99944857889891E-03	-1.101120052725E-05	0	4.88683532733	5801.37109375	
30.488608	-7.99990409483547E-03	-1.12415861141719E-05	0	4.99151042093	5801.37109375	
30.492704	-8.00309444360594E-03	-1.09693190787469E-05	0	5.01050376244	5801.37109375	
30.4968	-8.00793368326359E-03	-1.02681923760281E-05	0	4.90630550509	5751.4296875	
30.500896	-8.00780074063578E-03	-1.06984652630625E-05	0	5.03903764364	5751.4296875	
30.504992	-8.00858669306266E-03	-1.09473248699719E-05	0	5.01272009733	5751.4296875	
30.509088	-8.01007073143406E-03	-1.08275300378437E-05	0	5.01732824285	5751.4296875	
30.513184	-8.01014415160609E-03	-1.10201675855906E-05	0	5.11628130145	5751.4296875	
30.51728	-8.01363037544094E-03	-1.05987278628E-05	0	5.0930689128	5701.23046875	
30.521376	-8.01764398103453E-03	-9.96191239384687E-06	0	5.02656360734	5701.23046875	
30.525472	-8.01797158312219E-03	-1.03392153819281E-05	0	5.16601722967	5701.23046875	
30.529568	-8.02077215581125E-03	-1.01248939616344E-05	0	5.11042193761	5701.23046875	
30.533664	-8.02150132875266E-03	-1.02267909751219E-05	0	5.15632791707	5701.23046875	
30.53776	-8.02254173739219E-03	-1.03644547797656E-05	0	5.23490290169	5648.75	
30.541856	-8.02757792231828E-03	-9.63817161181875E-06	0	5.16567009288	5648.75	
30.545952	-8.03004650416719E-03	-9.41730909229687E-06	0	5.20824966266	5648.75	
30.550048	-8.0305261582425E-03	-9.81223177429688E-06	0	5.26180028088	5648.75	
30.554144	-8.03290403920641E-03	-9.64914587969062E-06	0	5.20844802654	5648.75	
30.55824	-8.03443013645594E-03	-9.61894446758437E-06	0	5.30267849892	5597.109375	
30.562336	-8.03753691606422E-03	-9.39571824850312E-06	0	5.3391927116	5597.109375	
30.566432	-8.04401151462219E-03	-8.46548552489062E-06	0	5.24924995078	5597.109375	
30.570528	-8.0456644285325E-03	-8.60259356085938E-06	0	5.35256320005	5597.109375	
30.574624	-8.04754217457609E-03	-8.84101808205E-06	0	5.36707046612	5597.11328125	
30.57872	-8.04981463404766E-03	-8.71659585070312E-06	0	5.33407339762	5546.01171875	
30.582816	-8.05055276735875E-03	-8.9641381512375E-06	0	5.43809617923	5546.01171875	
30.586912	-8.05452202826563E-03	-8.56145441930625E-06	0	5.43881715564	5546.01171875	
30.591008	-8.05966930348937E-03	-7.86197338801875E-06	0	5.36605957327	5546.01171875	
30.595104	-8.06108458473828E-03	-8.0902851789375E-06	0	5.49949742947	5546.01171875	
30.5992	-8.06405860458344E-03	-8.02482010017187E-06	0	5.45166121687	5493.93359375	
30.603296	-8.06722865537359E-03	-7.78458019618125E-06	0	5.47546106778	5493.93359375	
30.607392	-8.06956767759141E-03	-7.80097417017187E-06	0	5.57578360009	5493.93359375	
30.611488	-8.07504200630875E-03	-7.23509012067187E-06	0	5.51991365035	5493.93359375	
30.615584	-8.07902397631141E-03	-6.86199842645625E-06	0	5.51189898666	5442.8515625	
30.61968	-8.0801775781925E-03	-7.28272781341875E-06	0	5.63136744808	5442.8515625	
30.623776	-8.08358142148563E-03	-7.04188550618437E-06	0	5.56287850382	5442.8515625	
30.627872	-8.08455956469906E-03	-7.23590430255E-06	0	5.6272781004	5442.8515625	
30.631968	-8.08735263993594E-03	-7.13795488126875E-06	0	5.6994901821	5442.8515625	
30.636064	-8.09370234191234E-03	-6.28049996949375E-06	0	5.60499649611	5442.8515625	
30.64016	-8.09750611027703E-03	-6.0178122514125E-06	0	5.69289458309	5392.75390625	
30.644256	-8.10056955095437E-03	-6.10134245634375E-06	0	5.73170905384	5392.75390625	
30.648352	-8.10458141933344E-03	-5.85099535092187E-06	0	5.68288102184	5392.75390625	
30.652448	-8.10708273396141E-03	-5.886638344125E-06	0	5.8014949927	5392.75390625	
30.656544	-0.00811090616028	-5.71932192490312E-06	0	5.81421316916	5342.33203125	
30.66064	-8.11735314627016E-03	-4.95281259525937E-06	0	5.72468620955	5342.33203125	
30.664736	-0.008119247715865	-5.17149170350312E-06	0	5.8529551608	5342.33203125	
30.668832	-8.12269855538281E-03	-0.000005159917917	0	5.84845764129	5342.33203125	
30.672928	-8.12569269034359E-03	-5.00329259285625E-06	0	5.83158526742	5342.33203125	
30.677024	-8.12823140080016E-03	-5.063981474475E-06	0	5.94559490745	5342.33203125	
30.68112	-8.13453090641984E-03	-4.37326533826875E-06	0	5.92115037393	5342.33203125	
30.685216	-8.14039382259812E-03	-3.7401183752625E-06	0	5.87649942748	5289.7734375	
30.689312	-8.14250737265625E-03	-4.05847935497812E-06	0	6.00659180055	5289.7734375	
30.693408	-8.14576967868125E-03	-4.0476392215875E-06	0	5.95681772543	5289.7734375	
30.697504	-8.14851712917859E-03	-4.00203998834062E-06	0	6.01858518591	5289.7734375	
30.7016	-8.15099147126516E-03	-4.0351651956E-06	0	6.08673462276	5289.7734375	
30.705696	-8.1568607877075E-03	-3.42247494290625E-06	0	6.02865215282	5238.39453125	
30.709792	-8.16098749511031E-03	-3.06428539725E-06	0	6.03942102269	5238.39453125	
30.713888	-8.16391488446016E-03	-3.21997586655937E-06	0	6.14564869512	5238.39453125	
30.717984	-8.16861176395859E-03	-2.83294308051563E-06	0	6.08682236063	5187.29296875	
30.72208	-8.17127710821125E-03	-2.895041335725E-06	0	6.17957273329	5187.29296875	
30.726176	-8.17635900930922E-03	-2.55190297694062E-06	0	6.22929340275	5187.29296875	
30.730272	-8.18352757935625E-03	-1.76752563631875E-06	0	6.13525366487	5187.29296875	
30.734368	-8.18689430111781E-03	-1.7868357131625E-06	0	6.23840288247	5187.29296875	
30.738464	-8.18968042749656E-03	-1.99874295317813E-06	0	6.25282241067	5135.11328125	
30.74256	-0.008193025571225	-1.91754039015E-06	0	6.23968461831	5135.11328125	
30.746656	-8.19592580516875E-03	-1.88578537382812E-06	0	6.35314875767	5135.11328125	
30.750752	-8.20077391376375E-03	-1.55015397869062E-06	0	6.35518580213	5135.11328125	
30.754848	-8.20724677510719E-03	-8.43880165734375E-07	0	6.27519175283	5135.11328125	
30.758944	-8.20980953227016E-03	-1.01331581360625E-06	0	6.40946502614	5084.59375	
30.76304	-8.21439568720031E-03	-8.36819115103125E-07	0	6.38819812939	5084.59375	
30.767136	-8.21735745511141E-03	-7.86901376559375E-07	0	6.41284865617	5084.59375	
30.771232	-8.22050949372984E-03	-8.25615760921875E-07	0	6.51066875184	5084.59375	
30.775328	-8.22663847802844E-03	-2.4543196610625E-07	0	6.47212893877	5084.59375	
30.779424	-8.23156412125094E-03	1.24953000046875E-07	0	6.4501448803	5084.59375	
30.78352	-8.23440940435609E-03	-3.3672802865625E-08	0	6.57488905799	5034.3359375	
30.787616	-8.23789882832297E-03	2.061921015E-08	0	6.51482294925	5034.3359375	
30.791712	-8.24136420558344E-03	1.2164747450625E-07	0	6.60380822288	5034.3359375	
30.795808	-8.24575122086891E-03	3.5201551336875E-07	0	6.66322201963	4983.53515625	
30.799904	-8.25327893716219E-03	1.0816989183E-06	0	6.59629328358	4983.53515625	
30.804	-8.25794472966375E-03	1.33851572879062E-06	0	6.66106671978	4983.53515625	
30.808096	-8.26185035365938E-03	1.21394662259062E-06	0	6.7276254309	4983.53515625	
30.812192	-8.26638164918328E-03	1.43294592282187E-06	0	6.6766230256	4983.53515625	
30.816288	-8.26907552032719E-03	1.25886412575E-06	0	6.78814167306	4930.9140625	
30.820384	-8.27453329979031E-03	1.59849575727187E-06	0	6.81946790734	4930.9140625	
30.82448	-8.28113828087047E-03	2.17447114283437E-06	0	6.73138671524	4930.9140625	
30.828576	-8.28513542864219E-03	2.21985090514687E-06	0	6.87322451882	4930.9140625	
30.832672	-8.28954329050203E-03	2.26522201362187E-06	0	6.85326606074	4930.9140625	
30.836768	-8.29457042362609E-03	2.5096282596E-06	0	6.8594611173	4930.9140625	
30.840864	-8.29929528142172E-03	2.66904709056563E-06	0	6.97157104171	4879.6953125	
30.84496	-8.30637955084781E-03	3.14029902315937E-06	0	6.95620547039	4879.6953125	
30.849056	-8.31375649520625E-03	3.74842173234375E-06	0	6.90798015941	4879.6953125	
30.853152	-8.31767949134719E-03	3.56504859840937E-06	0	7.05430022374	4879.6953125	
30.857248	-8.32368330476719E-03	3.82249761980625E-06	0	7.00832557986	4828.45703125	
30.861344	-8.32731490602859E-03	3.73741549335E-06	0	7.05776777695	4828.45703125	
30.86544	-8.3332769348675E-03	3.9931950452625E-06	0	7.14121793539	4828.45703125	
30.869536	-8.34170608263781E-03	4.6863597367125E-06	0	7.08306298634	4828.45703125	
30.873632	-8.34914264088438E-03	5.16980853210937E-06	0	7.130800017	4828.45703125	
30.877728	-8.35487115151734E-03	5.20028830932187E-06	0	7.20918426712	4828.45703125	
30.881824	-8.36132170336891E-03	5.41176694399687E-06	0	7.16713493925	4776.17578125	
30.88592	-8.36774564840844E-03	5.646673199475E-06	0	7.26328038601	4776.17578125	
30.890016	-8.37487161098328E-03	5.94962650229062E-06	0	7.31401194832	4776.17578125	
30.894112	-0.008384410290245	6.6545231531625E-06	0	7.2341018222	4776.17578125	
30.898208	-8.39020847232391E-03	6.73229951769375E-06	0	7.3401120573	4776.17578125	
30.902304	-0.00839707622996	6.84295830126562E-06	0	7.38038755432	4725.9375	
30.9064	-8.40325815358563E-03	7.05213741900937E-06	0	7.34795124525	4725.9375	
30.910496	-8.40962861070406E-03	7.16373923048437E-06	0	7.46696194387	4725.9375	
30.914592	-8.41894291499422E-03	7.82157655341562E-06	0	7.4767924	4725.9375	
30.918688	-8.42880901347891E-03	8.52828233709375E-06	0	7.40977211139	4725.9375	
30.922784	-8.4362809560425E-03	8.71206556677187E-06	0	7.55722132396	4675.6171875	
30.92688	-8.44397398201328E-03	8.898654562875E-06	0	7.53094192455	4675.6171875	
30.930976	-8.45180753949641E-03	9.17369875898438E-06	0	7.57293403207	4675.6171875	
30.935072	-8.4590995432075E-03	9.36612957616875E-06	0	7.6677176345	4675.6171875	
30.939168	-8.46867360678625E-03	9.87384613575937E-06	0	7.6384208153	4675.6171875	
30.943264	-8.47756723086281E-03	1.03970617183125E-05	0	7.62154844143	4624.67578125	
30.94736	-8.48452450076344E-03	1.03820576467781E-05	0	7.75136234213	4624.67578125	
30.951456	-0.008493280610595	1.08104552953031E-05	0	7.70520840782	4624.67578125	
30.955552	-8.50022828009953E-03	1.09073201022844E-05	0	7.79070705479	4624.67578125	
30.959648	-8.50968046436406E-03	1.13953890853687E-05	0	7.86002378678	4572.13671875	
30.963744	-8.52074569803703E-03	1.2146670545625E-05	0	7.79205364036	4572.13671875	
30.96784	-8.53006658545594E-03	1.25671424809219E-05	0	7.86856487769	4572.13671875	
30.971936	-8.53801297045125E-03	1.26670897367437E-05	0	7.92981735502	4572.13671875	
30.976032	-8.54605206784313E-03	1.28774010648937E-05	0	7.90123769754	4572.140625	
30.980128	-8.55399570986812E-03	1.31008835337187E-05	0	8.01704405656	4572.140625	
30.984224	-8.56323942838891E-03	1.3521319170975E-05	0	8.04659645999	4520.91796875	
30.98832	-8.57445543399672E-03	1.43196443341875E-05	0	7.97607047127	4520.91796875	
30.992416	-8.58236378313703E-03	1.4503218189075E-05	0	8.09439452569	4520.91796875	
30.996512	-8.59171255742078E-03	1.48155789344062E-05	0	8.11524562123	4520.91796875	
31.000608	-8.60016529473578E-03	1.51674973324875E-05	0	8.12144449248	4469.578125	
31.004704	-8.60876313518031E-03	1.54087910815781E-05	0	8.2350764782	4469.578125	
31.0088	-8.61994933384406E-03	1.61355682394156E-05	0	8.23458438319	4469.578125	
31.012896	-8.63057944099313E-03	1.67865156653906E-05	0	8.19010891248	4469.578125	
31.016992	-8.63886778295406E-03	1.69120727513719E-05	0	8.34106763985	4417.55859375	
31.021088	-8.64722707641375E-03	1.71109441871156E-05	0	8.29984609971	4417.55859375	
31.025184	-8.65576210283812E-03	1.74180859472812E-05	0	8.36763314101	4417.55859375	
31.02928	-8.66474907933766E-03	1.77948040801781E-05	0	8.45255576979	4417.55859375	
31.033376	-8.67653434271766E-03	1.85822381485125E-05	0	8.42196958537	4417.55859375	
31.037472	-8.68690112471672E-03	1.92342531214969E-05	0	8.45215522734	4417.55859375	
31.041568	-8.69539043496922E-03	1.92995102677781E-05	0	8.55892077106	4367.59765625	
31.045664	-8.70505117640984E-03	1.97880342984844E-05	0	8.51818369655	4367.59765625	
31.04976	-8.71262241449875E-03	1.98628880697844E-05	0	8.6171939755	4367.59765625	
31.053856	-8.72288825519031E-03	2.04591675215812E-05	0	8.68378320414	4367.59765625	
31.057952	-8.73436127711641E-03	2.12834159761781E-05	0	8.60553246817	4367.59765625	
31.062048	-8.74346345836906E-03	2.16513718582219E-05	0	8.73882155146	4317.140625	
31.066144	-8.75198550140062E-03	2.18429848877625E-05	0	8.7579941834	4317.140625	
31.07024	-8.76095272851391E-03	2.22087100028062E-05	0	8.75057461135	4317.140625	
31.074336	-8.77026273548391E-03	2.26450162972687E-05	0	8.87792422231	4317.140625	
31.078432	-8.78082344548406E-03	2.32765589349563E-05	0	8.90086195328	4317.140625	
31.082528	-8.79261428623703E-03	2.41695171766125E-05	0	8.83921656288	4266.00390625	
31.086624	-8.80031051233984E-03	2.42347620632906E-05	0	8.99623301797	4266.00390625	
31.09072	-8.80956968292672E-03	2.45898165159281E-05	0	8.98186308074	4266.00390625	
31.094816	-8.81694927882313E-03	2.48104220645531E-05	0	9.01460075032	4266.00390625	
31.098912	-8.82493214532359E-03	2.50602564301031E-05	0	9.12524964846	4213.5234375	
31.103008	-8.83562936381297E-03	2.59085877933094E-05	0	9.10125524836	4213.5234375	
31.107104	-8.84525609242172E-03	2.65818589950375E-05	0	9.1255777118	4213.5234375	
31.1112	-8.85267957584313E-03	2.66762911121437E-05	0	9.24732735784	4213.5234375	
31.115296	-8.86085591318297E-03	2.70185311545187E-05	0	9.21057281969	4213.5234375	
31.119392	-8.86935244659062E-03	2.75048441297437E-05	0	9.30281583858	4162.4609375	
31.123488	-8.87765770353516E-03	2.79213057325125E-05	0	9.38623166481	4162.4609375	
31.127584	-8.88899961148031E-03	2.88900869752687E-05	0	9.33358512812	4162.4609375	
31.13168	-8.89718801788953E-03	2.93394910931719E-05	0	9.41539496986	4162.4609375	
31.135776	-8.90474800980016E-03	2.94649912080562E-05	0	9.49901678935	4162.4609375	
31.139872	-8.91324774333984E-03	3.00200940183375E-05	0	9.47074993645	4162.4609375	
31.143968	-8.91993711647328E-03	3.0147598698525E-05	0	9.59468921455	4110.921875	
31.148064	-8.92955067882453E-03	3.08899703119219E-05	0	9.64143442581	4110.921875	
31.15216	-8.94057120208141E-03	3.19377377737688E-05	0	9.57505881981	4110.921875	
31.156256	-8.94895344505938E-03	3.23508008222438E-05	0	9.68585649086	4110.921875	
31.160352	-0.008956703616245	3.26316125606625E-05	0	9.59599383853	4110.921875	
31.164448	-8.96493755596141E-03	3.3090614986275E-05	0	9.67357318906	4110.921875	
31.168544	-8.97035894535172E-03	3.31561894399313E-05	0	9.72622354044	4110.921875	
31.17264	-8.97591044296719E-03	3.31441130097E-05	0	9.68778290931	4110.921875	
31.176736	-8.98541474366766E-03	3.42631804002469E-05	0	9.71664103916	4110.921875	
31.180832	-8.98964422102484E-03	3.42331878821625E-05	0	9.69678557771	4110.921875	
31.184928	-8.99426521167797E-03	3.42852604262437E-05	0	9.71062145834	4110.921875	
31.189024	-8.99294712301047E-03	3.35846281941844E-05	0	9.70128309722	4110.921875	
31.19312	-8.98857080530922E-03	3.22823874291187E-05	0	9.69903243012	4110.921875	
31.197216	-8.9901795573975E-03	3.28285861617656E-05	0	9.70236265449	4110.921875	
31.201312	-8.98853898685359E-03	3.27505953743719E-05	0	9.68800797602	4110.921875	
31.205408	-8.98699250019141E-03	3.26722485777187E-05	0	9.69448913433	4110.921875	
31.209504	-8.98436766046703E-03	3.24774812244094E-05	0	9.68154589116	4110.921875	
31.2136	-8.98258134676719E-03	3.24884783287969E-05	0	9.68665376107	4110.921875	
31.217696	-8.98095257099562E-03	3.25978803828563E-05	0	9.67921893026	4110.921875	
31.221792	-8.98093666176781E-03	3.30054578598938E-05	0	9.6663863131	4110.921875	
31.225888	-8.97908259670125E-03	3.30678714994031E-05	0	9.66477269923	4110.921875	
31.229984	-8.97575546514453E-03	3.26886747632156E-05	0	9.65590354498	4110.921875	
31.23408	-8.97466467728359E-03	3.2977849714425E-05	0	9.65518638326	4110.921875	
31.238176	-8.97261010108719E-03	3.29901869617031E-05	0	9.65369483947	4110.921875	
31.242272	-8.97156512083047E-03	3.31820055198844E-05	0	9.65282509015	4110.921875	
31.246368	-0.00897011271805	3.33433195412625E-05	0	9.66040869387	4110.921875	
31.250464	-8.96713723528734E-03	3.31234000496437E-05	0	9.65859671612	4110.921875	
31.25456	-8.96587684042875E-03	3.33060318381656E-05	0	9.66067953686	4110.921875	
31.258656	-8.96485828411937E-03	3.36081142283906E-05	0	9.65300438058	4110.921875	
31.262752	-8.96242097213203E-03	3.34857379084594E-05	0	9.64959404772	4110.921875	
31.266848	-8.96025274553234E-03	3.34385523787219E-05	0	9.64714501674	4110.921875	
31.270944	-8.95835095278234E-03	3.35075426943469E-05	0	9.64238046893	4110.921875	
31.27504	-8.95748435702828E-03	3.37864291943062E-05	0	9.64336847364	4110.921875	
31.279136	-8.95703322984422E-03	3.41418617715656E-05	0	9.63562846763	4110.921875	
31.283232	-8.95500251748953E-03	3.40797719298094E-05	0	9.63367916104	4110.921875	
31.287328	-8.95230361756672E-03	1.477469676375E-05	0	9.62917019746	4110.921875	
31.291424	-0.008963509108455	0	0	9.62541272781	4110.921875	
31.29552	-8.99979759993359E-03	0	0	9.62308576691	4110.921875	
31.299616	-9.06138807246578E-03	0	0	9.6237762258	4110.921875	
31.303712	-9.14671685010875E-03	0	0	9.62839963008	4110.921875	
31.307808	-9.2521617491325E-03	0	0	9.63048626551	4110.921875	
31.311904	-9.37738867575297E-03	0	0	9.6341140357	4110.921875	
31.316	-9.51991240743469E-03	0	0	9.62925030595	4110.921875	
31.320096	-0.00967659068882	0	0	9.62646939694	4110.921875	
31.324192	-9.84589367393328E-03	0	0	9.6212966773	4110.921875	
31.328288	-1.00244249255012E-02	0	0	9.61426238894	4110.921875	
31.332384	-1.02089704137764E-02	0	0	9.61510543543	4110.921875	
31.33648	-1.03977338589334E-02	0	0	9.60770112214	4110.921875	
31.340576	-1.05857249750828E-02	0	0	9.60941391795	4110.921875	
31.344672	-1.07693891469966E-02	0	0	9.60782700691	4110.921875	
31.348768	-1.09463540710838E-02	0	0	9.60642320099	4110.921875	
31.352864	-1.11139256019034E-02	0	0	9.61155395904	4110.921875	
31.35696	-0.011269529370385	0	0	9.60628205746	4110.921875	
31.361056	-1.14112128388277E-02	0	0	9.60895234046	4110.921875	
31.365152	-1.15356157771663E-02	0	0	9.60727006217	4110.921875	
31.369248	-1.16423268312862E-02	0	0	9.60681992875	4110.921875	
31.373344	-0.01173013479693	0	0	9.60835724882	4110.921875	
31.37744	-1.17969479763695E-02	0	0	9.60399705815	4110.921875	
31.381536	-1.18425206908972E-02	0	0	9.60385972931	4110.921875	
31.385632	-1.18654352820231E-02	0	0	9.59837801978	4110.921875	
31.389728	-1.18667805260967E-02	0	0	9.59558948139	4110.921875	
31.393824	-1.18469869780247E-02	0	0	9.58909306432	4110.921875	
31.39792	-0.011807280288375	0	0	9.58869252187	4110.921875	
31.402016	-1.17482405039364E-02	0	0	9.58791051042	4110.921875	
31.406112	-1.16716336404284E-02	0	0	9.59191593492	4110.921875	
31.410208	-1.15791895063625E-02	0	0	9.59344181092	4110.921875	
31.414304	-1.14723942430539E-02	0	0	9.59241565931	4110.921875	
31.4184	-1.13542741696484E-02	0	0	9.59293445715	4110.921875	
31.422496	-1.12263215534284E-02	0	0	9.58947834801	4110.921875	
31.426592	-1.10921492520248E-02	0	0	9.59060749625	4110.921875	
31.430688	-1.09542994503233E-02	0	0	9.58744130355	4110.921875	
31.434784	-1.08150098635047E-02	0	0	9.5871933487	4110.921875	
31.43888	-1.06766197880839E-02	0	0	9.58610234736	4110.921875	
31.442976	-1.05414286560739E-02	0	0	9.58370290735	4110.921875	
31.447072	-1.04122941853786E-02	0	0	9.58297811625	4110.921875	
31.451168	-1.02923747234481E-02	0	0	9.5773895954	4110.921875	
31.455264	-0.010183547193435	0	0	9.57665717492	4039.37109375	
31.45936	-1.00877785793503E-02	0	0	9.57511604016	4039.37109375	
31.463456	-0.010006745110352	0	0	9.5764359229	4039.37109375	
31.467552	-9.94194225385453E-03	0	0	9.5759781601	4039.37109375	
31.471648	-9.89443044218062E-03	0	0	9.57666861899	4039.37109375	
31.475744	-9.86453426015062E-03	0	0	9.57776343502	4039.375	
31.47984	-9.85275942005781E-03	0	0	9.57022560758	4039.375	
31.483936	-9.85899519733391E-03	0	0	9.53411956673	4039.375	
31.488032	-9.88367461555891E-03	0	0	9.50184728933	4039.375	
31.492128	-9.92441046766984E-03	0	0	9.49563697401	4039.375	
31.496224	-9.98133203900078E-03	0	0	9.44741166303	4047.67578125	
31.50032	-1.00527946445523E-02	0	0	9.33574805735	4047.67578125	
31.504416	-1.01386808851952E-02	8.19474949755E-06	0	9.39189266477	4047.67578125	
31.508512	-1.02289269857173E-02	1.11818289623906E-05	0	9.3279851632	4047.67578125	
31.512608	-1.03200302644622E-02	1.53944283555562E-05	0	9.22572858306	4047.67578125	
31.516704	-1.04044195747731E-02	1.70474980967156E-05	0	9.26361226945	4047.67578125	
31.5208	-1.04837369501116E-02	1.81814849434969E-05	0	9.14363263957	4047.67578125	
31.524896	-1.05498602725175E-02	1.54042776245531E-05	0	9.04667847853	4094.99609375	
31.528992	-1.06015951612845E-02	9.38266153079062E-06	0	9.13272644086	4094.99609375	
31.533088	-1.06489072847197E-02	6.39663134374687E-06	0	8.96390733491	4094.99609375	
31.537184	-1.06888109196378E-02	2.8626663681E-06	0	8.96996124794	4094.99609375	
31.54128	-1.07255135996336E-02	7.05421169578125E-07	0	8.94030584788	4094.99609375	
31.545376	-1.07590372684695E-02	-8.7644479663125E-07	0	8.77135704247	4148.85546875	
31.549472	-0.010783958068082	-4.98004862571562E-06	0	8.82393491474	4148.85546875	
31.553568	-1.08069469022711E-02	-7.54856817257812E-06	0	8.76318979118	4148.85546875	
31.557664	-1.08326071152475E-02	-7.14561256591875E-06	0	8.65464278723	4201.93359375	
31.56176	-1.08573956122586E-02	-7.06772129765625E-06	0	8.68366494875	4201.93359375	
31.565856	-1.08807046425155E-02	-7.37582171070937E-06	0	8.57223022447	4201.93359375	
31.569952	-1.08996741108733E-02	-9.0403169212125E-06	0	8.49771407001	4201.93359375	
31.574048	-1.09127322039106E-02	-1.23739236837562E-05	0	8.57614028172	4201.93359375	
31.578144	-1.09287122917895E-02	-1.25377098180469E-05	0	8.42938915742	4254.55859375	
31.58224	-0.010947143589372	-1.12739834375437E-05	0	8.43100658598	4254.55859375	
31.586336	-1.09630434910855E-02	-1.16164847777344E-05	0	8.4149772586	4254.55859375	
31.590432	-1.09764691421447E-02	-1.26587808508219E-05	0	8.26278638636	4254.55859375	
31.594528	-1.09854085738255E-02	-1.49224107987281E-05	0	8.30276052287	4254.55859375	
31.598624	-1.09929532051023E-02	-1.66643554510125E-05	0	8.2869944091	4254.55859375	
31.60272	-1.10038967423258E-02	-1.59212384056687E-05	0	8.15780230287	4305.4765625	
31.606816	-1.10146581463205E-02	-1.5545528685225E-05	0	8.18827404659	4305.4765625	
31.610912	-1.10220898586528E-02	-1.67955303198375E-05	0	8.11290721626	4305.4765625	
31.615008	-1.10276656772717E-02	-1.81497542059969E-05	0	7.99651720967	4357.49609375	
31.619104	-1.10307645022661E-02	-1.99267541116875E-05	0	8.08414063897	4357.49609375	
31.6232	-1.10361131115108E-02	-1.99075719193312E-05	0	7.96407708591	4357.49609375	
31.627296	-1.10433172487395E-02	-1.90704725160469E-05	0	7.93267455783	4357.49609375	
31.631392	-1.10493050614994E-02	-1.91835344222156E-05	0	7.94194425453	4357.49609375	
31.635488	-1.10536379488373E-02	-2.00383162597406E-05	0	7.80585137409	4357.49609375	
31.639584	-1.10562174381192E-02	-2.11250618076094E-05	0	7.82320821359	4410.67578125	
31.64368	-1.10568081824922E-02	-2.26537710962063E-05	0	7.85980253476	4410.67578125	
31.647776	-1.10588453865433E-02	-2.28388670649562E-05	0	7.71839960584	4410.67578125	
31.651872	-0.011060967348377	-2.29925813343188E-05	0	7.74004797159	4410.67578125	
31.655968	-1.10627070315816E-02	-2.33368129612406E-05	0	7.69249786074	4410.67578125	
31.660064	-1.10655067813795E-02	-2.31316643683125E-05	0	7.55133525729	4463.17578125	
31.66416	-1.10667774166606E-02	-2.37553909080469E-05	0	7.63324046628	4463.17578125	
31.668256	-0.011067798898805	-2.42884422980719E-05	0	7.58953174826	4463.17578125	
31.672352	-1.10695581485311E-02	-2.42234505361406E-05	0	7.47628886092	4463.17578125	
31.676448	-1.10708082115348E-02	-2.44926577188562E-05	0	7.5291299468	4463.17578125	
31.680544	-1.10714750276178E-02	-2.4959757732525E-05	0	7.42082708301	4514.87890625	
31.68464	-1.10710882688037E-02	-2.56629168851344E-05	0	7.3565152243	4514.87890625	
31.688736	-1.10675017436878E-02	-2.75687529600656E-05	0	7.45139419398	4514.87890625	
31.692832	-1.10656506044563E-02	-2.80052638216312E-05	0	7.31758631285	4514.87890625	
31.696928	-1.10660423920492E-02	-2.73699685434656E-05	0	7.31257762488	4514.87890625	
31.701024	-1.10669620185627E-02	-2.69924405556094E-05	0	7.32646691117	4566.5625	
31.70512	-1.10678026475311E-02	-2.69343564790781E-05	0	7.16480034897	4566.5625	
31.709216	-1.10667670848058E-02	-2.77215095380781E-05	0	7.21059188773	4566.5625	
31.713312	-1.10632045149639E-02	-2.93360922984937E-05	0	7.24638893869	4566.5625	
31.717408	-1.10623341704838E-02	-2.91329290401187E-05	0	7.09045204087	4566.5625	
31.721504	-1.10625137436069E-02	-2.866530595005E-05	0	7.13876508972	4619.3203125	
31.7256	-1.10617906052002E-02	-2.89934635545844E-05	0	7.07367503425	4619.3203125	
31.729696	-1.10615302058852E-02	-2.89903943268844E-05	0	6.95706377564	4619.3203125	
31.733792	-1.10570150024538E-02	-3.09429281916562E-05	0	7.04094117936	4619.3203125	
31.737888	-1.10548273921972E-02	-3.11807741076562E-05	0	6.99055293915	4669.44140625	
31.741984	-0.011055864692137	-2.99243147871937E-05	0	6.90997905697	4669.44140625	
31.74608	-0.011056010435293	-2.98378420371281E-05	0	6.95514880126	4669.44140625	
31.750176	-1.10550265318419E-02	-3.03716491956281E-05	0	6.85267859848	4669.44140625	
31.754272	-1.10523580788895E-02	-3.13848491439656E-05	0	6.77926488943	4669.44140625	
31.758368	-1.10477641522102E-02	-3.29403129731156E-05	0	6.89527342702	4669.44140625	
31.762464	-1.10465604454047E-02	-3.23693094575812E-05	0	6.74892284517	4719.7421875	
31.76656	-1.10460133142597E-02	-3.19396021949812E-05	0	6.75141002305	4719.7421875	
31.770656	-1.10439423716738E-02	-3.25959272598094E-05	0	6.75762033837	4719.7421875	
31.774752	-1.10433508044097E-02	-3.24467245243969E-05	0	6.61872366078	4719.7421875	
31.778848	-1.10409354361848E-02	-3.31338231161437E-05	0	6.6397349733	4719.7421875	
31.782944	-1.10378994252106E-02	-3.40428750917062E-05	0	6.67965188946	4772.08203125	
31.78704	-1.10385002271414E-02	-3.2934661296075E-05	0	6.53661245853	4772.08203125	
31.791136	-1.10384602712072E-02	-3.27309867401344E-05	0	6.58370480658	4772.08203125	
31.795232	-1.10378516975272E-02	-3.30053162734969E-05	0	6.55331698604	4772.08203125	
31.799328	-1.10378457544248E-02	-3.28242635699344E-05	0	6.4076873806	4824.421875	
31.803424	-0.011033279623178	-3.48077204807062E-05	0	6.51238154765	4824.421875	
31.80752	-1.10298504531256E-02	-3.55184277026906E-05	0	6.46213826566	4824.421875	
31.811616	-1.10285933498314E-02	-3.498159963375E-05	0	6.38756489085	4824.421875	
31.815712	-1.10268990170694E-02	-3.50635146960656E-05	0	6.42613903613	4824.421875	
31.819808	-1.10267196268109E-02	-3.46217033590312E-05	0	6.35113460135	4876.125	
31.823904	-1.10264386552186E-02	-3.4441717481325E-05	0	6.2528872604	4876.125	
31.828	-1.10217129745319E-02	-3.65242610718563E-05	0	6.36804130743	4876.125	
31.832096	-1.10207814618137E-02	-3.60427687648875E-05	0	6.2495303332	4876.125	
31.836192	-1.10212330461595E-02	-3.51834181819312E-05	0	6.2278247471	4876.125	
31.840288	-1.10203225628805E-02	-3.55060226670187E-05	0	6.25549269367	4927.125	
31.844384	-1.10207180077672E-02	-3.51095307558187E-05	0	6.13914083398	4927.125	
31.84848	-1.10176284174395E-02	-3.64506512896969E-05	0	6.12992835763	4927.125	
31.852576	-1.10129428755517E-02	-3.81063109321125E-05	0	6.19201243738	4927.125	
31.856672	-1.10130856014403E-02	-3.68537742038812E-05	0	6.06866443623	4979.5625	
31.860768	-1.10129511044627E-02	-3.64370895244125E-05	0	6.0896566753	4979.5625	
31.864864	-1.10130036780603E-02	-3.63094802770219E-05	0	6.08640655942	4979.5625	
31.86896	-1.10143872322859E-02	-3.56277845644875E-05	0	5.94464504964	4979.5625	
31.873056	-1.10103137385072E-02	-3.771993535695E-05	0	6.02151486783	5029.32421875	
31.877152	-1.10068039251277E-02	-3.87310636727437E-05	0	6.01609800803	5029.32421875	
31.881248	-1.10072231424237E-02	-3.74766786290531E-05	0	5.90481968604	5029.32421875	
31.885344	-0.011006066431843	-3.76692688210781E-05	0	5.95249568166	5029.32421875	
31.88944	-1.10058600690431E-02	-3.75011879795437E-05	0	5.90295048794	5029.32421875	
31.893536	-1.10059202315253E-02	-3.72069553410844E-05	0	5.78448528999	5029.32421875	
31.897632	-1.10020217392525E-02	-3.90011631622594E-05	0	5.89350913019	5079.625	
31.901728	-1.10015131925566E-02	-3.854876529735E-05	0	5.81994283354	5079.625	
31.905824	-1.10023009736303E-02	-3.76895591854031E-05	0	5.76544998689	5079.625	
31.90992	-1.10015068837248E-02	-3.80963921920312E-05	0	5.80053750551	5079.625	
31.914016	-1.10026729204047E-02	-3.74878072236937E-05	0	5.69846784518	5131.765625	
31.918112	-1.10016152310522E-02	-3.81003229573312E-05	0	5.67414538174	5131.765625	
31.922208	-0.010996622385057	-4.03497531598219E-05	0	5.75501680974	5131.765625	
31.926304	-1.09962220942561E-02	-3.94783266274031E-05	0	5.64429543249	5131.765625	
31.9304	-1.09961119182819E-02	-3.89474466294375E-05	0	5.64367745271	5131.765625	
31.934496	-0.010995878674373	-3.89823562099125E-05	0	5.65512152271	5131.765625	
31.938592	-1.09973030074239E-02	-3.82081540995E-05	0	5.52169511058	5131.765625	
31.942688	-1.09944143853878E-02	-3.97318504123406E-05	0	5.56007470667	5183.84375	
31.946784	-1.09914643208167E-02	-4.07140479878344E-05	0	5.60592346578	5183.84375	
31.95088	-1.09924903745783E-02	-3.93806156674219E-05	0	5.48053842017	5183.84375	
31.954976	-1.09922153460883E-02	-3.94011858391594E-05	0	5.51474093071	5183.84375	
31.959072	-1.09922818174022E-02	-3.94162632279281E-05	0	5.48227410412	5183.84375	
31.963168	-1.09927946614183E-02	-3.909276475335E-05	0	5.37031295262	5235.38671875	
31.967264	-1.09879181173644E-02	-4.14339217871906E-05	0	5.46002301735	5235.38671875	
31.97136	-1.09860451258027E-02	-4.14904231729969E-05	0	5.43196215771	5235.38671875	
31.975456	-1.09876199564914E-02	-3.99800480006813E-05	0	5.35146456933	5235.38671875	
31.979552	-1.09876931937987E-02	-4.001787152055E-05	0	5.40061303529	5235.38671875	
31.983648	-1.09890438323806E-02	-3.94906975284937E-05	0	5.32283150619	5286.42578125	
31.987744	-1.09888620648813E-02	-3.98381378060531E-05	0	5.25279761248	5286.42578125	
31.99184	-1.09849732644369E-02	-4.18305110540625E-05	0	5.35641222226	5286.42578125	
31.995936	-1.09848776262053E-02	-4.11408256860562E-05	0	5.27082202273	5286.42578125	
32.000032	-1.09846548055836E-02	-4.08343904155687E-05	0	5.25088645279	5338.609375	
32.004128	-1.09829939370594E-02	-4.14925955265937E-05	0	5.26028966364	5338.609375	
32.008224	-1.09838202111498E-02	-4.07464277631469E-05	0	5.15380640698	5338.609375	
32.01232	-1.09817407653559E-02	-4.16746818829687E-05	0	5.1569649703	5338.609375	
32.016416	-1.09782461297455E-02	-4.3009258913775E-05	0	5.22142178723	5388.1484375	
32.020512	-1.09798027653978E-02	-4.13866999594125E-05	0	5.09710866951	5388.1484375	
32.024608	-1.09803256669717E-02	-4.11655441709531E-05	0	5.13415693879	5388.1484375	
32.028704	-1.09808756325194E-02	-4.11471961123781E-05	0	5.1313684004	5388.1484375	
32.0328	-1.09822941139003E-02	-4.06002822362156E-05	0	5.00321007516	5388.1484375	
32.036896	-1.09785868066583E-02	-4.26479441308594E-05	0	5.06999385299	5438.6484375	
32.040992	-1.09758739175869E-02	-4.33652837981344E-05	0	5.07538782465	5438.6484375	
32.045088	-1.09759701044125E-02	-4.24896474141562E-05	0	4.98142438057	5438.6484375	
32.049184	-1.09750203052256E-02	-4.26820594813594E-05	0	5.02354237286	5438.6484375	
32.05328	-1.09761225221295E-02	-4.19520558844406E-05	0	4.98182110833	5438.6484375	
32.057376	-1.09773443325391E-02	-4.14693998767125E-05	0	4.87501360302	5490.96875	
32.061472	-1.09731999786939E-02	-4.38215633899312E-05	0	4.98418621613	5490.96875	
32.065568	-1.09727653093317E-02	-4.33617102440156E-05	0	4.90596599768	5490.96875	
32.069664	-1.09744162117305E-02	-4.21545782780719E-05	0	4.86372975	5490.96875	
32.07376	-1.09743843932748E-02	-4.24739745932906E-05	0	4.91216868362	5490.96875	
32.077856	-1.09756349134403E-02	-4.20157822630219E-05	0	4.81651151718	5542.94921875	
32.081952	-1.09739111394636E-02	-4.30351865320781E-05	0	4.78751987318	5542.94921875	
32.086048	-1.09699032941077E-02	-4.47725739773812E-05	0	4.87857270879	5542.94921875	
32.090144	-1.09706612682373E-02	-4.35197973455437E-05	0	4.76098107485	5542.94921875	
32.09424	-1.09712113252173E-02	-4.30368718669312E-05	0	4.77179190631	5542.94921875	
32.098336	-1.09712573156862E-02	-4.31529799239E-05	0	4.78890842034	5594.25	
32.102432	-1.09736286135214E-02	-4.21085199106687E-05	0	4.66820399936	5594.25	
32.106528	-1.09712727677523E-02	-4.37379521754656E-05	0	4.71413668165	5594.25	
32.110624	-1.09687779448208E-02	-4.47682287894187E-05	0	4.74262860126	5594.25	
32.11472	-1.09704731919062E-02	-4.33162148568187E-05	0	4.62860370247	5645.55078125	
32.118816	-1.09704599342164E-02	-4.34849839188187E-05	0	4.677572878	5645.55078125	
32.122912	-1.09710072482261E-02	-4.33541652996375E-05	0	4.65540189972	5645.55078125	
32.127008	-1.09718909418284E-02	-4.29886579728375E-05	0	4.52596565333	5645.55078125	
32.131104	-1.09682270649497E-02	-4.49772829072875E-05	0	4.62959552187	5645.55078125	
32.1352	-1.09673310279809E-02	-4.48825193001281E-05	0	4.60098916156	5645.55078125	
32.139296	-1.09690462073173E-02	-4.35748871943E-05	0	4.52730460952	5697.390625	
32.143392	-1.09689013784848E-02	-4.39000397537625E-05	0	4.57190977969	5697.390625	
32.147488	-1.09709791784966E-02	-4.31044850204719E-05	0	4.49735929302	5697.390625	
32.151584	-1.09716631838602E-02	-4.31792503303219E-05	0	4.44866096048	5697.390625	
32.15568	-0.010967720986927	-4.54714821727031E-05	0	4.54566471249	5746.828125	
32.159776	-1.09678981828092E-02	-4.47593624521312E-05	0	4.45430670168	5746.828125	
32.163872	-1.09686156524106E-02	-4.4161600069125E-05	0	4.43654550504	5746.828125	
32.167968	-1.09687382631836E-02	-4.42693054902656E-05	0	4.47145373323	5746.828125	
32.172064	-1.09713734347628E-02	-4.30672449134812E-05	0	4.35193949553	5746.828125	
32.17616	-1.09702604288423E-02	-4.4136965478375E-05	0	4.3594658789	5797.30859375	
32.180256	-1.09675804554147E-02	-4.56016623309844E-05	0	4.44051659733	5797.30859375	
32.184352	-1.09693832269364E-02	-4.41352556243156E-05	0	4.32354675786	5797.30859375	
32.188448	-1.09701678993105E-02	-4.39206709831312E-05	0	4.35364084727	5797.30859375	
32.192544	-1.09710629305234E-02	-4.39018972038281E-05	0	4.34709865392	5797.30859375	
32.19664	-1.09728774053852E-02	-4.33099881803531E-05	0	4.22549015141	5849.8515625	
32.200736	-1.09690414528355E-02	-4.56488771876156E-05	0	4.30385151339	5849.8515625	
32.204832	-1.09668206526381E-02	-4.62700756048781E-05	0	4.31574190212	5849.8515625	
32.208928	-1.09690965865387E-02	-4.43903003211937E-05	0	4.21344717508	5849.8515625	
32.213024	-1.09698636124705E-02	-4.42608718448531E-05	0	4.27121684044	5849.8515625	
32.21712	-1.09718439456038E-02	-4.36488854376094E-05	0	4.22306400857	5901.7109375	
32.221216	-1.09733427045825E-02	-4.33990068413344E-05	0	4.11640909086	5901.7109375	
32.225312	-1.09702434224264E-02	-4.55998022366906E-05	0	4.2359462167	5901.7109375	
32.229408	-1.09707030528184E-02	-4.49700999817781E-05	0	4.18400539766	5901.7109375	
32.233504	-1.09719671964031E-02	-4.41955634967E-05	0	4.13195395261	5901.7109375	
32.2376	-1.09715710200577E-02	-4.47724715736375E-05	0	4.17153899074	5953.01171875	
32.241696	-1.09736177330725E-02	-4.38613991674031E-05	0	4.07999406012	5953.01171875	
32.245792	-1.09734213363981E-02	-4.43279412489375E-05	0	4.04301064057	5953.01171875	
32.249888	-1.09698309711237E-02	-4.63971697085531E-05	0	4.14752551719	5953.01171875	
32.253984	-1.09714682501033E-02	-4.4920137772125E-05	0	4.02798839135	6004.2109375	
32.25808	-1.09733406930709E-02	-4.40453460988406E-05	0	4.05003729955	6004.2109375	
32.262176	-0.010974838994888	-4.38580102284844E-05	0	4.07491670773	6004.2109375	
32.266272	-0.01097771536499	-4.29146356910906E-05	0	3.93901837648	6004.2109375	
32.270368	-1.09754802099147E-02	-4.48894310720625E-05	0	3.98141102645	6004.2109375	
32.274464	-1.09730495724884E-02	-4.60555145213625E-05	0	4.04438392897	6055.97265625	
32.27856	-1.09744221548328E-02	-4.47190069636406E-05	0	3.92341247969	6055.97265625	
32.282656	-1.09746160828339E-02	-4.47343314675469E-05	0	3.96886451104	6055.97265625	
32.286752	-1.09759724816534E-02	-4.43100540072094E-05	0	3.95029460012	6055.97265625	
32.290848	-1.09782192486364E-02	-4.34678772051562E-05	0	3.82573352755	6055.97265625	
32.294944	-1.09745907560747E-02	-4.59037903942406E-05	0	3.93482603217	6055.97265625	
32.29904	-1.09736767069342E-02	-4.58694067747781E-05	0	3.8985750331	6105.2890625	
32.303136	-1.09762209947638E-02	-4.41415486468687E-05	0	3.82658801811	6105.2890625	
32.307232	-1.09770928021614E-02	-4.42546490145375E-05	0	3.89054129596	6105.2890625	
32.311328	-1.09792700805631E-02	-4.36208186387531E-05	0	3.81925618393	6105.2890625	
32.315424	-1.09793269514809E-02	-4.41489517644656E-05	0	3.7380528779	6156.19140625	
32.31952	-1.09755463154992E-02	-4.64202809835187E-05	0	3.86996867279	6156.19140625	
32.323616	-1.09762179774964E-02	-4.536616617225E-05	0	3.77474256632	6156.19140625	
32.327712	-1.09776152465736E-02	-4.44719985568031E-05	0	3.76168106776	6156.19140625	
32.331808	-1.09778874406609E-02	-4.47618420169594E-05	0	3.79066889707	6156.19140625	
32.335904	-1.09806242850064E-02	-4.36559592286125E-05	0	3.68781722529	6208.55078125	
32.34	-1.09800640790362E-02	-4.45714287458344E-05	0	3.69941388289	6208.55078125	
32.344096	-1.09777291712739E-02	-4.59824376713625E-05	0	3.77079436217	6208.55078125	
32.348192	-1.09801887927531E-02	-4.42221754893187E-05	0	3.64715262989	6208.55078125	
32.352288	-1.09813235595714E-02	-4.40358703871625E-05	0	3.68606628258	6208.55078125	
32.356384	-1.09822473005403E-02	-4.41407911957031E-05	0	3.69389402646	6260.37109375	
32.36048	-1.09839480335664E-02	-4.36432508278594E-05	0	3.55830087041	6260.37109375	
32.364576	-1.09810842811278E-02	-4.56001712267062E-05	0	3.64954825521	6260.37109375	
32.368672	-1.09795576352842E-02	-4.60508664490875E-05	0	3.66131657386	6260.37109375	
32.372768	-1.09816691738308E-02	-4.44554428041281E-05	0	3.56525505028	6260.37109375	
32.376864	-1.09824879504691E-02	-4.43662303933406E-05	0	3.61178282421	6311.69140625	
32.38096	-1.09847941484755E-02	-4.36105977355125E-05	0	3.56615913181	6311.69140625	
32.385056	-1.09868257751536E-02	-4.32415622872406E-05	0	3.48517326311	6311.69140625	
32.389152	-1.09830495279244E-02	-4.59476677542094E-05	0	3.59132464174	6311.69140625	
32.393248	-0.010983125508202	-4.53673861229531E-05	0	3.53818219535	6311.69140625	
32.397344	-1.09849581781002E-02	-4.41476048908125E-05	0	3.49015906294	6311.69140625	
32.40144	-1.09854040022083E-02	-4.43090975177813E-05	0	3.54108898913	6363.01171875	
32.405536	-1.09873664146022E-02	-4.36201008510094E-05	0	3.44369995343	6363.01171875	
32.409632	-1.09864911327755E-02	-4.45979417000906E-05	0	3.42192188822	6363.01171875	
32.413728	-0.010983048887898	-4.64481009076219E-05	0	3.52463241647	6363.01171875	
32.417824	-1.09844723066255E-02	-4.49295889645969E-05	0	3.42104832421	6363.01171875	
32.42192	-1.09861430498428E-02	-4.41483157074094E-05	0	3.43013491579	6363.01171875	
32.426016	-1.09872578844102E-02	-4.41379517754656E-05	0	3.44957457603	6414.29296875	
32.430112	-0.010990287403688	-4.3005874301775E-05	0	3.33366140569	6414.29296875	
32.434208	-1.09877677111589E-02	-4.50811955437594E-05	0	3.38642619777	6414.29296875	
32.438304	-1.09848888723836E-02	-4.637981131245E-05	0	3.43845856937	6414.29296875	
32.4424	-1.09869611864547E-02	-4.44845033519906E-05	0	3.32416282759	6463.73046875	
32.446496	-1.09877292181422E-02	-4.43838570584062E-05	0	3.37753797007	6463.73046875	
32.450592	-1.09891019833513E-02	-4.4070184775925E-05	0	3.35363130784	6463.73046875	
32.454688	-1.09907840641792E-02	-4.35814648319531E-05	0	3.23429636057	6463.73046875	
32.458784	-1.09878405827369E-02	-4.56513718966594E-05	0	3.34123738003	6515.08984375	
32.46288	-1.09876944738516E-02	-4.53787317846844E-05	0	3.32961020491	6515.08984375	
32.466976	-1.09900611086372E-02	-4.39205825216812E-05	0	3.25453710571	6515.08984375	
32.471072	-1.09902986498663E-02	-4.43472715180687E-05	0	3.29901639111	6515.08984375	
32.475168	-1.09925370965059E-02	-4.35310033439531E-05	0	3.24020913007	6515.08984375	
32.479264	-1.09933986634811E-02	-4.36900118387906E-05	0	3.18094410623	6515.08984375	
32.48336	-1.09896172960406E-02	-4.61729615193E-05	0	3.28901427393	6567.609375	
32.487456	-1.09906099769967E-02	-4.49446918341094E-05	0	3.19207918634	6567.609375	
32.491552	-1.09926657418136E-02	-4.37788288172812E-05	0	3.19760667215	6567.609375	
32.495648	-1.09937663129353E-02	-4.37692891633594E-05	0	3.23953011525	6567.609375	
32.499744	-1.09965870921723E-02	-4.27864540885031E-05	0	3.11757066126	6619.3515625	
32.50384	-1.09957423487484E-02	-4.40629653119906E-05	0	3.13246702571	6619.3515625	
32.507936	-1.09933994863722E-02	-4.55380248946219E-05	0	3.22864298999	6619.3515625	
32.512032	-1.09953115195447E-02	-4.39907399034469E-05	0	3.09925633457	6619.3515625	
32.516128	-1.09956924266887E-02	-4.40207442003656E-05	0	3.14046261595	6619.3515625	
32.520224	-1.09963596999334E-02	-4.39798211643656E-05	0	3.1434571476	6670.8125	
32.52432	-1.09985042455561E-02	-4.31314998973031E-05	0	3.02192875358	6670.8125	
32.528416	-1.09953353833864E-02	-4.538408153895E-05	0	3.09958058322	6670.8125	
32.532512	-1.09942175315517E-02	-4.55381556637219E-05	0	3.11058977856	6670.8125	
32.536608	-1.09975570064748E-02	-4.32824254675312E-05	0	3.02021977246	6722.37109375	
32.540704	-1.09990180038956E-02	-4.32660807723375E-05	0	3.08813269853	6722.37109375	
32.5448	-1.10013012523837E-02	-4.27841524081125E-05	0	3.04494277835	6722.37109375	
32.548896	-1.10026209868334E-02	-4.28019201788062E-05	0	2.94581042932	6722.37109375	
32.552992	-1.09993230221944E-02	-4.51489127837344E-05	0	3.07659326128	6722.37109375	
32.557088	-1.09996206344733E-02	-4.44620742878812E-05	0	3.01009177051	6773.4921875	
32.561184	-1.10009517065336E-02	-4.35494439505125E-05	0	2.9732075329	6773.4921875	
32.56528	-0.011000908459035	-4.39025505685594E-05	0	3.01212881497	6773.4921875	
32.569376	-1.10033669833261E-02	-4.28057454153656E-05	0	2.93545354597	6773.4921875	
32.573472	-0.011003102835285	-4.35315124780594E-05	0	2.91398065596	6773.4921875	
32.577568	-1.09998550670027E-02	-4.54937557081219E-05	0	3.00236702326	6822.75	
32.581664	-1.10022063411545E-02	-4.35419807368219E-05	0	2.89626905029	6822.75	
32.58576	-1.10041203858386E-02	-4.28290194305531E-05	0	2.92093102114	6822.75	
32.589856	-1.10049968562858E-02	-4.31259378836344E-05	0	2.94833193941	6822.75	
32.593952	-1.10070271114788E-02	-4.25076711942094E-05	0	2.81328428403	6822.75	
32.598048	-0.011004673734383	-4.43390563820531E-05	0	2.88502715886	6822.75	
32.602144	-1.10025818537903E-02	-4.51647557967375E-05	0	2.93257726971	6822.75	
32.60624	-1.10045562438213E-02	-4.343879886885E-05	0	2.82192455688	6874.19140625	
32.610336	-1.10053332358784E-02	-4.33849808938219E-05	0	2.86869265628	6874.19140625	
32.614432	-1.10074765928806E-02	-4.27024892686219E-05	0	2.86087635647	6874.19140625	
32.618528	-1.10105556684888E-02	-4.16644590566531E-05	0	2.74456645837	6926.83203125	
32.622624	-0.011007611272723	-4.4210069251425E-05	0	2.84741050077	6926.83203125	
32.62672	-1.10073509648403E-02	-4.40366057229656E-05	0	2.82372509056	6926.83203125	
32.630816	-1.10096996788866E-02	-4.25159271955687E-05	0	2.75232553783	6926.83203125	
32.634912	-1.10099337456866E-02	-4.29437714792625E-05	0	2.81607663711	6926.83203125	
32.639008	-1.10117593752942E-02	-4.22770776748031E-05	0	2.74358608304	6977.97265625	
32.643104	-1.10118934151102E-02	-4.271630728365E-05	0	2.68398918117	6977.97265625	
32.6472	-1.10085029209392E-02	-4.48536775020469E-05	0	2.80961836694	6977.97265625	
32.651296	-1.10097136680352E-02	-4.34915899218281E-05	0	2.72589355082	6977.97265625	
32.655392	-1.10116391417622E-02	-4.24419544330031E-05	0	2.70800265472	7029.69140625	
32.659488	-1.10126043015828E-02	-4.2501136344975E-05	0	2.74923563893	7029.69140625	
32.663584	-1.10158159540894E-02	-4.12423349595469E-05	0	2.64094040452	7029.69140625	
32.66768	-1.10147760026116E-02	-4.27346858710406E-05	0	2.66294353644	7029.69140625	
32.671776	-0.011011505833405	-4.46998978481344E-05	0	2.7419228782	7029.69140625	
32.675872	-1.10131260145363E-02	-4.30322733138375E-05	0	2.62560535072	7029.69140625	
32.679968	-1.10138199860253E-02	-4.27516774405875E-05	0	2.67114130525	7080.9921875	
32.684064	-1.10148827955891E-02	-4.24766659367531E-05	0	2.674479159	7080.9921875	
32.68816	-1.10169948827297E-02	-4.16543629129031E-05	0	2.54232303864	7080.9921875	
32.692256	-1.10146083156931E-02	-4.35570881736375E-05	0	2.62760424828	7080.9921875	
32.696352	-1.10142070191364E-02	-4.35030997660875E-05	0	2.66477840233	7131.87109375	
32.700448	-1.10168440193625E-02	-4.181551587675E-05	0	2.5571011477	7131.87109375	
32.704544	-1.10171446489087E-02	-4.22880817503375E-05	0	2.61682011965	7131.87109375	
32.70864	-1.10186727576698E-02	-4.19070165064031E-05	0	2.5801418753	7131.87109375	
32.712736	-1.10199186147858E-02	-4.16438033080781E-05	0	2.48879149387	7131.87109375	
32.716832	-1.10158318633172E-02	-4.4318130681825E-05	0	2.5995586474	7181.4296875	
32.720928	-0.01101568099995	-4.36050501449062E-05	0	2.56268585386	7181.4296875	
32.725024	-0.011017667641915	-4.21428088186875E-05	0	2.50543498634	7181.4296875	
32.72912	-1.10183308007042E-02	-4.22479447712437E-05	0	2.56895720422	7181.4296875	
32.733216	-1.10214077733684E-02	-4.10177409533719E-05	0	2.47708802495	7181.4296875	
32.737312	-1.10217277865716E-02	-4.17027732010312E-05	0	2.43518746999	7181.4296875	
32.741408	-0.011019133210953	-4.35576696634406E-05	0	2.5580166733	7233.26953125	
32.745504	-1.10207757015761E-02	-4.21683551873719E-05	0	2.44871817542	7233.26953125	
32.7496	-1.10218984907573E-02	-4.17665983775906E-05	0	2.46841723458	7233.26953125	
32.753696	-1.10225634781934E-02	-4.18630016465719E-05	0	2.49389554909	7233.26953125	
32.757792	-1.10252849619052E-02	-4.06942953633562E-05	0	2.38396762736	7233.26953125	
32.761888	-1.10230091194369E-02	-4.26359078448187E-05	0	2.41854016283	7285.671875	
32.765984	-1.10202196100614E-02	-4.40004567206531E-05	0	2.48219208017	7285.671875	
32.77008	-1.10227342738116E-02	-4.18280810084156E-05	0	2.36939551156	7285.671875	
32.774176	-1.10240867410403E-02	-4.14674522825062E-05	0	2.43150247945	7285.66796875	
32.778272	-1.10260078260148E-02	-4.10045041877625E-05	0	2.41768948696	7336.87109375	
32.782368	-1.10278858463555E-02	-4.06012238218125E-05	0	2.29809514077	7336.87109375	
32.786464	-1.10249555311706E-02	-4.28744126543906E-05	0	2.41522519722	7336.87109375	
32.79056	-1.10241987456614E-02	-4.28320939467094E-05	0	2.39165041302	7336.87109375	
32.794656	-1.10256042436495E-02	-4.16265261618937E-05	0	2.32117782996	7336.87109375	
32.798752	-1.10253323238592E-02	-4.20212793729094E-05	0	2.37703252094	7388.58984375	
32.802848	-1.10273595617848E-02	-4.101110898885E-05	0	2.33154615738	7388.58984375	
32.806944	-1.10283164926945E-02	-4.09382458405594E-05	0	2.25071287628	7388.58984375	
32.81104	-1.10247315219284E-02	-4.33552595293125E-05	0	2.37009359983	7388.58984375	
32.815136	-1.10262001996661E-02	-4.19160246704719E-05	0	2.29296819741	7388.58984375	
32.819232	-1.10282831198891E-02	-4.08832689724594E-05	0	2.28184837606	7439.80859375	
32.823328	-1.10290809585206E-02	-4.11008848606125E-05	0	2.3317292625	7439.80859375	
32.827424	-1.10314112032334E-02	-4.02621780070125E-05	0	2.23493150375	7439.80859375	
32.83152	-1.10299955562552E-02	-4.16823107214937E-05	0	2.23906281302	7439.80859375	
32.835616	-1.10267616856891E-02	-4.33872256031156E-05	0	2.32839903813	7439.80859375	
32.839712	-1.10280641394258E-02	-4.18047949740094E-05	0	2.21348150188	7439.80859375	
32.843808	-1.10286635698714E-02	-4.14848669285531E-05	0	2.24463226042	7490.2109375	
32.847904	-1.10297848961352E-02	-4.11461458730437E-05	0	2.26173351569	7490.2109375	
32.852	-1.10330176695131E-02	-3.97816222375687E-05	0	2.13471578276	7490.2109375	
32.856096	-1.10308885759566E-02	-4.18826667711375E-05	0	2.21757847894	7490.2109375	
32.860192	-1.10295005415461E-02	-4.25251281479062E-05	0	2.2434573359	7540.08984375	
32.864288	-1.10319799124116E-02	-4.07153975057156E-05	0	2.14550372608	7540.08984375	
32.868384	-1.10327408123763E-02	-4.08086002971281E-05	0	2.21208914003	7540.08984375	
32.87248	-1.10345067366634E-02	-4.02839974563469E-05	0	2.17357602979	7540.08984375	
32.876576	-1.10355470538706E-02	-4.02147297371531E-05	0	2.07574067536	7592.12890625	
32.880672	-0.011031893325982	-4.26538222499812E-05	0	2.20206032002	7592.12890625	
32.884768	-1.10316230519739E-02	-4.20661391838187E-05	0	2.15951508245	7592.12890625	
32.888864	-1.10333253393498E-02	-4.07606989027219E-05	0	2.10766963066	7592.12890625	
32.89296	-1.10340823991561E-02	-4.07252559093187E-05	0	2.16296356221	7592.12890625	
32.897056	-1.10368755658253E-02	-3.95824301290688E-05	0	2.07813630068	7644.5703125	
32.901152	-0.011036870171317	-4.03123875721875E-05	0	2.05193700976	7644.5703125	
32.905248	-1.10329040191098E-02	-4.27858769256187E-05	0	2.15501374825	7644.5703125	
32.909344	-1.10340236081591E-02	-4.12524604301906E-05	0	2.0634802617	7644.5703125	
32.91344	-1.10352511788063E-02	-4.05017246424656E-05	0	2.06880556894	7644.5703125	
32.917536	-1.10358427460703E-02	-4.06533951638719E-05	0	2.11069849452	7695.41015625	
32.921632	-1.10379071055275E-02	-3.98335385318062E-05	0	1.98717120294	7695.41015625	
32.925728	-1.10356730476403E-02	-4.16301470717344E-05	0	2.030178018	7695.41015625	
32.929824	-1.10338251999731E-02	-4.23425586189375E-05	0	2.11193063939	7695.41015625	
32.93392	-1.10362632434192E-02	-4.03857322103812E-05	0	1.99703217659	7695.41015625	
32.938016	-1.10373277901975E-02	-4.02144871893187E-05	0	2.04682913985	7695.41015625	
32.942112	-1.10388026853345E-02	-3.99219232991906E-05	0	2.0362433751	7747.34765625	
32.946208	-1.10408092595505E-02	-3.93107650161187E-05	0	1.92421355918	7747.34765625	
32.950304	-1.10370403269087E-02	-4.20323904194906E-05	0	2.02136989879	7747.34765625	
32.9544	-1.10356142566433E-02	-4.21474095352406E-05	0	2.02631373703	7747.34765625	
32.958496	-1.10375789548458E-02	-4.03768370269687E-05	0	1.94127666755	7747.34765625	
32.962592	-1.10376008986083E-02	-4.06699557242344E-05	0	2.0059928834	7798.46875	
32.966688	-1.10395491389889E-02	-3.98000849594906E-05	0	1.94951258326	7798.46875	
32.970784	-1.10405023211725E-02	-3.98369217015E-05	0	1.87044550363	7798.46875	
32.97488	-1.10377175662789E-02	-4.18710881769469E-05	0	2.00058746767	7798.46875	
32.978976	-0.011038915055685	-4.06924549805812E-05	0	1.92599501941	7848.546875	
32.983072	-1.10404337469147E-02	-3.99390429936094E-05	0	1.91639344468	7848.546875	
32.987168	-1.10408301975572E-02	-4.02047600355844E-05	0	1.95594033591	7848.546875	
32.991264	-1.10433908517763E-02	-3.90700106895656E-05	0	1.86464336014	7848.546875	
32.99536	-1.10422782115852E-02	-4.0337542354725E-05	0	1.85931042352	7848.546875	
32.999456	-1.10386499933205E-02	-4.23538254345938E-05	0	1.95242700642	7848.546875	
33.003552	-1.10404118945845E-02	-4.04431033068562E-05	0	1.84390289061	7848.546875	
33.007648	-1.10420479849436E-02	-3.96615375018844E-05	0	1.88427756957	7898.52734375	
33.011744	-1.10438294527292E-02	-3.92536016117437E-05	0	1.89850636327	7898.52734375	
33.01584	-0.011046563462672	-3.83538325595906E-05	0	1.77461286145	7898.52734375	
33.019936	-1.10443039865933E-02	-4.04666703505969E-05	0	1.84287292431	7950.7890625	
33.024032	-1.10427222984788E-02	-4.11186745062844E-05	0	1.89035437074	7950.7890625	
33.028128	-1.10441960049953E-02	-3.97597739421094E-05	0	1.793667238	7950.7890625	
33.032224	-1.10443410166925E-02	-3.99113216271E-05	0	1.84790068573	7950.7890625	
33.03632	-1.10459243505892E-02	-3.92560335804656E-05	0	1.82963213532	8003.109375	
33.040416	-1.10474483448948E-02	-3.88679325262594E-05	0	1.72554450398	8003.109375	
33.044512	-1.10435666761733E-02	-4.15666291064062E-05	0	1.84096176462	8003.109375	
33.048608	-1.10435721621139E-02	-4.08085387587281E-05	0	1.80237617527	8003.109375	
33.052704	-1.10463998902091E-02	-3.89376074565844E-05	0	1.74974871203	8003.109375	
33.0568	-1.10478130685141E-02	-3.88687029581812E-05	0	1.81298482816	8053.96875	
33.060896	-1.10504170616641E-02	-3.80955087794531E-05	0	1.74217655238	8053.96875	
33.064992	-1.10499117151002E-02	-3.91739377491E-05	0	1.69716702507	8053.96875	
33.069088	-1.10464251255359E-02	-4.1279449105125E-05	0	1.81616627962	8053.96875	
33.073184	-1.10472292729992E-02	-3.99811165092281E-05	0	1.72050529849	8053.96875	
33.07728	-1.10483207008866E-02	-3.92432052279094E-05	0	1.72544913673	8106.0078125	
33.081376	-1.10486165759509E-02	-3.94046358357094E-05	0	1.76091049497	8106.0078125	
33.085472	-1.10509510265516E-02	-3.83096852479687E-05	0	1.64523383541	8106.0078125	
33.089568	-1.10492306355716E-02	-3.98549702411437E-05	0	1.69767819353	8106.0078125	
33.093664	-0.011047139303573	-4.08693081691125E-05	0	1.75742005362	8106.0078125	
33.09776	-1.10499650201566E-02	-3.86595909076781E-05	0	1.64549704902	8157.125	
33.101856	-1.10510238981295E-02	-3.86016085137375E-05	0	1.69902859379	8157.125	
33.105952	-1.10523894401834E-02	-3.83765385465E-05	0	1.69338666728	8157.125	
33.110048	-1.10538817074658E-02	-3.80325686981625E-05	0	1.5778320778	8157.125	
33.114144	-1.10508465193827E-02	-4.02358277929781E-05	0	1.68713820506	8157.125	
33.11824	-0.01104975527436	-4.02986185955719E-05	0	1.688381794	8207.2265625	
33.122336	-1.10514287605477E-02	-3.88379409697125E-05	0	1.60061340648	8207.2265625	
33.126432	-0.011052028922452	-3.88000491806813E-05	0	1.66070240336	8207.2265625	
33.130528	-1.10547073415298E-02	-3.76491686007937E-05	0	1.61062696773	8207.2265625	
33.134624	-0.01105654906323	-3.73591864388531E-05	0	1.54392329839	8207.2265625	
33.13872	-1.10535541968105E-02	-3.97879078082062E-05	0	1.66184299567	8257.52734375	
33.142816	-1.10545551066775E-02	-3.87722501700187E-05	0	1.59868698803	8257.52734375	
33.146912	-1.10563821077703E-02	-3.7799210277675E-05	0	1.56926046937	8257.52734375	
33.151008	-0.011057092994243	-3.79763951966437E-05	0	1.62682795616	8257.52734375	
33.155104	-1.10592098358655E-02	-3.71873068030406E-05	0	1.52412505729	8309.8046875	
33.1592	-1.10581981369819E-02	-3.83221708124062E-05	0	1.52279373048	8309.8046875	
33.163296	-1.10555421188283E-02	-3.9805146733275E-05	0	1.62787699591	8309.8046875	
33.167392	-1.10575596649255E-02	-3.80049781007531E-05	0	1.51886459978	8309.8046875	
33.171488	-0.011059372219708	-3.72954768871781E-05	0	1.55023279565	8309.8046875	
33.175584	-1.10610681982522E-02	-3.70250622537469E-05	0	1.56159294247	8361.84375	
33.17968	-0.011063878279905	-3.61071422582062E-05	0	1.44565688399	8361.84375	
33.183776	-1.10614344762213E-02	-3.83270277787031E-05	0	1.51588532689	8361.84375	
33.187872	-1.10595054366328E-02	-3.91447788840281E-05	0	1.5637177248	8361.84375	
33.191968	-1.10616007916545E-02	-3.73410547262156E-05	0	1.45580395939	8361.84375	
33.196064	-1.10623815324378E-02	-3.72660855704156E-05	0	1.52492995688	8412.84375	
33.20016	-1.10640578530281E-02	-3.67458118118437E-05	0	1.49452687758	8412.84375	
33.204256	-1.10654208349764E-02	-3.64990180682531E-05	0	1.38682673481	8412.84375	
33.208352	-1.10630196387648E-02	-3.83651183656125E-05	0	1.50685595566	8412.84375	
33.212448	-1.10636423844581E-02	-3.7617471997875E-05	0	1.46645838856	8412.84375	
33.216544	-1.10657368251564E-02	-3.64374734182594E-05	0	1.42344012943	8464.86328125	
33.22064	-1.10663871834175E-02	-3.66723231834094E-05	0	1.47718911153	8464.86328125	
33.224736	-1.10687089249223E-02	-3.58201761990187E-05	0	1.41024893141	8464.86328125	
33.228832	-0.011068638887747	-3.65098380093562E-05	0	1.36629988792	8464.86328125	
33.232928	-1.10649470325711E-02	-3.88013607178312E-05	0	1.47291665873	8464.86328125	
33.237024	-1.10660593984652E-02	-3.73195523438719E-05	0	1.38016628607	8515.625	
33.24112	-1.10677691832933E-02	-3.63221131970812E-05	0	1.39578744162	8515.625	
33.245216	-1.10692343866019E-02	-3.60335865625312E-05	0	1.43386949189	8515.625	
33.249312	-1.10725055615642E-02	-3.48060868284937E-05	0	1.32183204659	8515.625	
33.253408	-1.10719784541025E-02	-3.60948413089688E-05	0	1.34591418456	8565.5234375	
33.257504	-1.10706985841547E-02	-3.70947357417656E-05	0	1.43047823248	8565.5234375	
33.2616	-1.10728465127741E-02	-3.56406578689219E-05	0	1.3199208869	8565.5234375	
33.265696	-1.10737147543103E-02	-3.55742456757188E-05	0	1.36853148157	8565.5234375	
33.269792	-1.10750717931562E-02	-3.5220643625475E-05	0	1.37188840877	8565.5234375	
33.273888	-1.10770688584084E-02	-3.4553771215425E-05	0	1.25232839479	8565.5234375	
33.277984	-1.10739986517377E-02	-3.68727345214594E-05	0	1.35024004302	8616.34375	
33.28208	-1.10730257201678E-02	-3.69279262931906E-05	0	1.34581500262	8616.34375	
33.286176	-1.10758144980845E-02	-3.49266189195E-05	0	1.2670111366	8616.34375	
33.290272	-1.10776296129727E-02	-3.45537522250594E-05	0	1.33497365364	8616.34375	
33.294368	-1.10806938765411E-02	-3.36063815378156E-05	0	1.28774397675	8616.34375	
33.298464	-1.10820775221991E-02	-3.38203885353469E-05	0	1.20866545305	8668.625	
33.30256	-1.10792912129556E-02	-3.60719838799031E-05	0	1.33521397911	8668.625	
33.306656	-1.10800362036925E-02	-3.52265630907094E-05	0	1.26724383269	8668.625	
33.310752	-1.10817623549102E-02	-3.42739082741344E-05	0	1.24268485847	8668.625	
33.314848	-1.10827658248828E-02	-3.42250150537969E-05	0	1.28916685612	8720.484375	
33.318944	-1.10854347349969E-02	-3.31501029075562E-05	0	1.18874514187	8720.484375	
33.32304	-0.011085052273503	-3.40908036495469E-05	0	1.19812546458	8720.484375	
33.327136	-1.10828616459791E-02	-3.55278397125094E-05	0	1.28557341814	8720.484375	
33.331232	-1.10856013247272E-02	-3.35376294431062E-05	0	1.17777790812	8720.484375	
33.335328	-1.10875870523687E-02	-3.29896896064313E-05	0	1.21053083646	8771.22265625	
33.339424	-1.10892377719028E-02	-3.28829599054687E-05	0	1.23381570422	8771.22265625	
33.34352	-1.10917209829267E-02	-3.21862456983375E-05	0	1.11043718555	8771.22265625	
33.347616	-0.0110898509172	-3.40092558945562E-05	0	1.18145908397	8771.22265625	
33.351712	-1.10883632215348E-02	-3.46136050498219E-05	0	1.22599558972	8771.22265625	
33.355808	-1.10901023561453E-02	-3.31508173299187E-05	0	1.12183547927	8823.6015625	
33.359904	-1.10908266831725E-02	-3.30698628435656E-05	0	1.17589726595	8823.6015625	
33.364	-1.10934194301442E-02	-3.20396770949062E-05	0	1.149747566	8823.6015625	
33.368096	-1.10964684245112E-02	-3.11157263361656E-05	0	1.05854214279	8823.6015625	
33.372192	-1.10944346948892E-02	-3.32796239318812E-05	0	1.16493384689	8823.6015625	
33.376288	-1.10949048400008E-02	-3.29335745183156E-05	0	1.13698742795	8874.22265625	
33.380384	-1.10974075261139E-02	-3.15893400452437E-05	0	1.07665047622	8874.22265625	
33.38448	-1.10988709007756E-02	-3.15130252177125E-05	0	1.14058086593	8874.22265625	
33.388576	-1.11016919543097E-02	-3.06285256214437E-05	0	1.06240260907	8874.22265625	
33.392672	-1.11019829834598E-02	-3.12793990090313E-05	0	1.01692387489	8874.22265625	
33.396768	-1.10993334570027E-02	-3.31391966684625E-05	0	1.13331769617	8923.8828125	
33.400864	-0.011101100478478	-3.16485553706437E-05	0	1.05035581805	8923.8828125	
33.40496	-1.11032933918105E-02	-3.07071551101219E-05	0	1.05382337126	8923.8828125	
33.409056	-1.11053577512677E-02	-3.03011584007344E-05	0	1.0765818118	8923.8828125	
33.413152	-1.11089097149577E-02	-2.91330011554312E-05	0	0.97190290351	8923.8828125	
33.417248	-1.11081600611712E-02	-3.0591505946925E-05	0	1.00676154073	8923.8828125	
33.421344	-1.11061508354173E-02	-3.1966419956625E-05	0	1.07882484952	8975.04296875	
33.42544	-0.011108696494732	-3.01344150578625E-05	0	0.96982389746	8975.04296875	
33.429536	-1.11102366725625E-02	-2.97988959222281E-05	0	1.0210399254	8975.04296875	
33.433632	-1.11121842729167E-02	-2.93795509088812E-05	0	1.01084325903	8975.04296875	
33.437728	-1.11143052289947E-02	-2.8886826882375E-05	0	0.89251538992	8975.04296875	
33.441824	-1.11125794435064E-02	-3.05568653565656E-05	0	0.98607829155	9027.68359375	
33.44592	-1.11132095037872E-02	-3.00809576593969E-05	0	0.99941444779	9027.68359375	
33.450016	-1.11163710513694E-02	-2.84550347660906E-05	0	0.91737190996	9027.68359375	
33.454112	-1.11181576393662E-02	-2.83766663348437E-05	0	0.96586424924	9027.68359375	
33.458208	-1.11210402268677E-02	-2.76202185336E-05	0	0.92009559862	9079.3828125	
33.462304	-1.11229501570963E-02	-2.7462016768725E-05	0	0.84715109644	9079.3828125	
33.4664	-1.11198794018314E-02	-2.99251582959656E-05	0	0.95362672372	9079.3828125	
33.470496	-1.11206186323306E-02	-2.90819646680062E-05	0	0.88625166894	9079.3828125	
33.474592	-1.11225708957344E-02	-2.79739203433594E-05	0	0.87213350125	9130.1015625	
33.478688	-1.11243735758237E-02	-2.75450486568469E-05	0	0.91881004809	9130.1015625	
33.482784	-0.011127886497903	-2.63179825762219E-05	0	0.82429728865	9130.1015625	
33.48688	-1.11281105985775E-02	-2.72459946289781E-05	0	0.80637206034	9130.1015625	
33.490976	-1.11265913587538E-02	-2.85550053391969E-05	0	0.90876596932	9130.1015625	
33.495072	-1.11286946683894E-02	-2.71875098316937E-05	0	0.80011978343	9130.1015625	
33.499168	-0.011130578814697	-2.65731914556281E-05	0	0.83238824614	9182.51953125	
33.503264	-1.11324312339814E-02	-2.62759903105219E-05	0	0.84567481141	9182.51953125	
33.50736	-1.11353463713972E-02	-2.53974738813469E-05	0	0.73068479605	9182.51953125	
33.511456	-1.11331436748039E-02	-2.74171879674E-05	0	0.79818955029	9182.51953125	
33.515552	-1.11313849736719E-02	-2.81962227652875E-05	0	0.8234771303	9182.51953125	
33.519648	-1.11340760104131E-02	-2.62115326826719E-05	0	0.72369246928	9232.8984375	
33.523744	-1.11362012638112E-02	-2.55958758464063E-05	0	0.78603976264	9232.8984375	
33.52784	-1.11394841421136E-02	-2.46294169570969E-05	0	0.75913475407	9232.8984375	
33.531936	-1.11417712307602E-02	-2.44009323298125E-05	0	0.64606734247	9232.8984375	
33.536032	-1.11395634139556E-02	-2.65108960852312E-05	0	0.77120443323	9232.8984375	
33.540128	-1.11399417609941E-02	-2.61214637823562E-05	0	0.72787718421	9282.8203125	
33.544224	-1.11419348032231E-02	-2.4978500021475E-05	0	0.67538704981	9282.8203125	
33.54832	-1.11430379344505E-02	-2.491450970085E-05	0	0.72281127589	9282.8203125	
33.552416	-1.11452441969052E-02	-2.42128527102E-05	0	0.65888851556	9282.8203125	
33.556512	-0.011145570793237	-2.46272556611812E-05	0	0.61057546671	9282.8203125	
33.560608	-1.11431402472431E-02	-2.62806458347125E-05	0	0.71585709602	9334	
33.564704	-0.011145877457318	-2.44073703041437E-05	0	0.61696507246	9334	
33.5688	-1.11487636106808E-02	-2.33556153462844E-05	0	0.6189334525	9334	
33.572896	-1.11511686470508E-02	-2.30249490904125E-05	0	0.65759533565	9334	
33.576992	-1.11545200081786E-02	-2.21585401010531E-05	0	0.53359502251	9386.4375	
33.581088	-1.11539981123605E-02	-2.34875705027906E-05	0	0.57157407615	9386.4375	
33.585184	-1.11529769045131E-02	-2.43337177335656E-05	0	0.64761229192	9386.4375	
33.58928	-1.11551005121291E-02	-2.30411764780313E-05	0	0.53044790326	9386.4375	
33.593376	-1.11564255496547E-02	-2.27758353972187E-05	0	0.57032667252	9386.4375	
33.597472	-1.11589485337481E-02	-2.20116234210469E-05	0	0.56363952095	9438.2578125	
33.601568	-1.11627316384031E-02	-2.08004186226375E-05	0	0.44657049954	9438.2578125	
33.605664	-1.11613179115041E-02	-2.26726619427E-05	0	0.54098026235	9438.2578125	
33.60976	-1.11616104950041E-02	-2.2678002321975E-05	0	0.54147998674	9438.2578125	
33.613856	-1.11648764583228E-02	-2.10305707963312E-05	0	0.4538718162	9438.2578125	
33.617952	-1.11675560660211E-02	-2.04803427407906E-05	0	0.52083869915	9489.05859375	
33.622048	-1.11710105628327E-02	-1.9685339930025E-05	0	0.45679386874	9489.05859375	
33.626144	-1.11726931008223E-02	-1.98773991129656E-05	0	0.3800194178	9489.05859375	
33.63024	-0.011170577630685	-2.17964257997062E-05	0	0.50244044928	9489.05859375	
33.634336	-1.11721716621659E-02	-2.08040724651375E-05	0	0.43682396659	9541.33984375	
33.638432	-0.01117526774419	-1.94466211783594E-05	0	0.40024490418	9541.33984375	
33.642528	-1.11781341481666E-02	-1.88827602037594E-05	0	0.44217597666	9541.33984375	
33.646624	-1.11826471572217E-02	-1.75719634376344E-05	0	0.34795313366	9541.33984375	
33.65072	-1.11835951277617E-02	-1.844295463395E-05	0	0.34154063977	9541.33984375	
33.654816	-1.11825712683764E-02	-1.97880600196125E-05	0	0.43450844976	9541.33984375	
33.658912	-1.11857669202228E-02	-1.81413494067094E-05	0	0.32965788042	9541.33984375	
33.663008	-1.11884958099544E-02	-1.74706955100562E-05	0	0.35933616862	9591.3984375	
33.667104	-1.11907712866933E-02	-1.72647202352625E-05	0	0.37007452097	9591.3984375	
33.6712	-1.11933397126616E-02	-1.67906356131937E-05	0	0.2482600252	9591.3984375	
33.675296	-1.11921478920608E-02	-1.82415586815E-05	0	0.30613268719	9591.39453125	
33.679392	-1.11921745903052E-02	-1.83707669657531E-05	0	0.36076667737	9591.39453125	
33.683488	-1.11956620941928E-02	-0.000016559598825	0	0.24678755486	9641.27734375	
33.687584	-1.11978542760666E-02	-1.627496449425E-05	0	0.29616871691	9641.27734375	
33.69168	-1.12013128873336E-02	-1.53958552772063E-05	0	0.27645821368	9641.27734375	
33.695776	-1.12042664263338E-02	-1.49159158533E-05	0	0.1746365082	9641.27734375	
33.699872	-1.12023610677223E-02	-1.69454900256469E-05	0	0.27674813012	9693.03515625	
33.703968	-1.12027301800941E-02	-1.67726565446344E-05	0	0.23988678065	9693.03515625	
33.708064	-1.12048921892944E-02	-1.56681600529781E-05	0	0.19043313949	9693.03515625	
33.71216	-1.12064447104913E-02	-1.54229028463125E-05	0	0.24871015862	9693.03515625	
33.716256	-1.12098591599362E-02	-1.43086638163219E-05	0	0.17607846102	9745.234375	
33.720352	-0.011212004802747	-1.41429906646875E-05	0	0.1163098981	9745.234375	
33.724448	-1.12116839666528E-02	-1.52032826332406E-05	0	0.24214126244	9745.234375	
33.728544	-1.12154094689313E-02	-1.3636803670875E-05	0	0.14559527323	9745.234375	
33.73264	-1.12195818010736E-02	-1.24780956949687E-05	0	0.15035600635	9745.234375	
33.736736	-1.12242904753444E-02	-1.15348454362969E-05	0	0.18334163078	9745.234375	
33.740832	-1.12301909702159E-02	-1.01872011108656E-05	0	0.08078750482	9796.7578125	
33.744928	-1.12321609714944E-02	-1.10521584189844E-05	0	0.09300977158	9796.7578125	
33.749024	-1.12333988739964E-02	-1.16935147487812E-05	0	0.17593731749	9796.7578125	
33.75312	-1.12392822710197E-02	-9.53258325586875E-06	0	0.06292712624	9796.7578125	
33.757216	-1.12451207747622E-02	-8.28994050812812E-06	0	0.112151886	9847.6953125	
33.761312	-1.12523027853638E-02	-6.80176098669375E-06	0	0.11616493988	9847.6953125	
33.765408	-1.12595416668831E-02	-5.57241510065625E-06	0	-0.0025939892	9847.6953125	
33.769504	-1.12627775489608E-02	-6.48145722045937E-06	0	0.09845333421	9847.6953125	
33.7736	-1.12671366773814E-02	-6.12100589821875E-06	0	0.10264186383	9847.6953125	
33.777696	-1.12731565828939E-02	-4.76831710667813E-06	0	0.02212901669	9900.015625	
33.781792	-1.12777960428805E-02	-4.46676308130937E-06	0	0.08003601089	9900.015625	
33.785888	-1.12825681711978E-02	-3.97991260662187E-06	0	0.04602042016	9900.015625	
33.789984	-1.12860498234155E-02	-3.9152528155125E-06	0	-0.03077691892	9900.015625	
33.79408	-1.12850346501028E-02	-5.78779541412187E-06	0	0.08379348054	9900.015625	
33.798176	-0.011288055483308	-4.75618514765625E-06	0	0.0228499931	9900.015625	
33.802272	-1.12926623933802E-02	-3.28859743255313E-06	0	-0.00372313744	9900.015625	
33.806368	-1.12969510274637E-02	-2.60818705527187E-06	0	0.05545414853	9949.71484375	
33.810464	-1.13022390170645E-02	-0.000001574459964	0	-0.03680412912	9949.71484375	
33.81456	-1.13044478396248E-02	-2.11837432393125E-06	0	-0.03367608332	9949.71484375	
33.818656	-1.13050672937537E-02	-3.01595539750312E-06	0	0.07894500955	9949.71484375	
33.822752	-0.011308738759517	-1.87236495455625E-06	0	-0.02185435901	9999.71484375	
33.826848	-0.011311775227653	-1.42956323389687E-06	0	0.0075530862	9999.71484375	
33.830944	-1.13148168160002E-02	-1.08792944091562E-06	0	0.0319671022	9999.71484375	
33.83504	-1.13191644239455E-02	-1.26685209853125E-07	0	-0.077819676	9999.71484375	
33.839136	-1.13195819954594E-02	-1.13094358059375E-06	0	-0.00009536725	9999.71484375	
33.843232	-1.13200121846367E-02	-1.64435773064062E-06	0	0.05074300638	10051.7734375	
33.847328	-1.13239054652659E-02	-1.96862062753125E-07	0	-0.04904546933	10051.7734375	
33.851424	-1.13271410730466E-02	3.3778571990625E-07	0	0.0205611791	10051.7734375	
33.85552	-1.13311992976239E-02	1.0841364158625E-06	0	0.00907133282	10051.7734375	
33.859616	-1.13335161932145E-02	9.98620876378125E-07	0	-0.09074766041	10103.93359375	
33.863712	-1.13314675601205E-02	-8.2856022913125E-07	0	0.0376128434	10103.93359375	
33.867808	-1.13315294598172E-02	-8.45247472059375E-07	0	0.02482218783	10103.93359375	
33.871904	-1.13331842938067E-02	-6.70662790875E-08	0	-0.03436654221	10103.93359375	
33.876	-1.13343763887045E-02	1.2543977840625E-07	0	0.03077310423	10155.29296875	
33.880096	-1.13367195253778E-02	7.24056727865625E-07	0	-0.03113168509	10155.29296875	
33.884192	-1.13376904454361E-02	6.66801256275E-07	0	-0.06328189241	10155.29296875	
33.888288	-0.011335197085422	-8.72248406596875E-07	0	0.0552367112	10155.29296875	
33.892384	-1.13364685435942E-02	-9.76162485375E-08	0	-0.01495739949	10155.29296875	
33.89648	-1.13374607673886E-02	3.0138960245625E-07	0	-0.0074004986	10206.29296875	
33.900576	-1.13378370114831E-02	1.64585652721875E-07	0	0.03901283463	10206.29296875	
33.904672	-1.13390234375756E-02	5.1903650019375E-07	0	-0.06323993082	10206.29296875	
33.908768	-1.13369755359403E-02	-5.234994765E-07	0	0.02874750384	10206.29296875	
33.912864	-1.13351777931975E-02	-1.11377076122812E-06	0	0.16632811338	10206.29296875	
33.91696	-1.13358681073928E-02	-3.87838314084375E-07	0	0.02872843039	10206.29296875	
33.921056	-1.13377763004069E-02	4.40477203753125E-07	0	0.00556563271	10206.29296875	
33.925152	-1.13396667555463E-02	8.71043600109375E-07	0	0.01919933477	10206.29296875	
33.929248	-1.13400984076411E-02	6.901070022E-07	0	-0.00460814552	10206.29296875	
33.933344	-1.13335303652278E-02	-2.11138394630625E-06	0	0.00376128434	10206.29296875	
33.93744	-1.13306608525516E-02	-2.54358639871875E-06	0	-0.01130674116	10206.29296875	
33.941536	-1.13385532010317E-02	1.550315757375E-06	0	-0.0065231199	10206.29296875	
33.945632	-1.13405684613203E-02	1.64082600340312E-06	0	-0.01593014544	10206.29296875	
33.949728	-1.13389277993441E-02	7.9429968646875E-08	0	-0.01204679102	10206.29296875	
33.953824	-1.13372992978695E-02	-5.31862929675E-07	0	-0.01136396151	10206.29296875	
33.95792	-1.13349312001664E-02	-1.25622590723437E-06	0	-0.01173398644	10206.29296875	
33.962016	-1.13365776223803E-02	-1.45978940559375E-07	0	-0.00744246019	10206.29296875	
33.966112	-1.13372218546744E-02	1.80909194090625E-07	0	-0.01658627212	10206.29296875	
33.970208	-1.13339311131905E-02	-1.20261057623437E-06	0	-0.00702665898	10206.29296875	
33.974304	-1.13317667267492E-02	-1.6420060503E-06	0	-0.00234984904	10206.29296875	
33.9784	-1.13332557024672E-02	-5.2091149831875E-07	0	-0.00011825539	10206.29296875	
33.982496	-1.13347338891686E-02	8.1177563053125E-08	0	0.00121307142	10206.29296875	
33.986592	-1.13365338262877E-02	4.79872356665625E-07	0	-0.00127029177	10206.29296875	
33.990688	-1.13361457874208E-02	4.58768772E-08	0	0.00186538341	10206.29296875	
33.994784	-1.13337452312356E-02	-1.02425161997812E-06	0	-0.00220107613	10206.29296875	
33.99888	-1.13352581622277E-02	-2.366757248625E-07	0	-0.00876997231	10206.29296875	
34.002976	-1.13380257278406E-02	7.83608110621875E-07	0	-0.01322171554	10206.29296875	
34.007072	-1.13383992289648E-02	4.83969467953125E-07	0	-0.01442715758	10206.29296875	
34.011168	-0.011337098878172	-2.5105022971875E-07	0	-0.01459118925	10206.29296875	
34.015264	-1.13354333465983E-02	-8.0429198416875E-07	0	-0.0117873921	10206.29296875	
34.01936	-1.13361849204639E-02	-2.968997031E-07	0	-0.00490187665	10206.29296875	
34.023456	-1.13379226835892E-02	4.05567623278125E-07	0	-0.00841902083	10206.29296875	
34.027552	-1.13370950380136E-02	-8.84701038375E-08	0	-0.00968549791	10206.29296875	
34.031648	-1.13353648637728E-02	-7.34826428634375E-07	0	-0.0046157749	10206.29296875	
34.035744	-1.13349134622917E-02	-6.70720483125E-07	0	-0.00302504917	10206.29296875	
34.03984	-1.13361925093484E-02	-4.9482883209375E-08	0	0.00074386455	10206.29296875	
34.043936	-0.011338292070258	5.94542915071875E-07	0	-0.00030898989	10206.29296875	
34.048032	-1.13385865738372E-02	4.1730390961875E-07	0	-0.00181960713	10206.29296875	
34.052128	-1.13364115812441E-02	-5.42560755515625E-07	0	-0.00261687734	10206.29296875	
34.056224	-1.13353189647362E-02	-7.69965816571875E-07	0	-0.00464247773	10206.29296875	
34.06032	-1.13359372302447E-02	-2.9180691973125E-07	0	-0.01231000463	10206.29296875	
34.064416	-1.13370439273334E-02	1.1829170863125E-07	0	-0.01546093857	10206.29296875	
34.068512	-1.13379630052528E-02	3.2121746724375E-07	0	-0.01451108076	10206.29296875	
34.072608	-1.13373700665036E-02	-6.5402578828125E-08	0	-0.01463696553	10206.29296875	
34.076704	-1.13374776823722E-02	-9.4710241828125E-08	0	-0.00801847838	10206.29296875	
34.0808	-1.13384923070908E-02	2.5253868976875E-07	0	-0.00614546559	10206.29296875	
34.084896	-1.13381348980591E-02	2.753026093125E-08	0	-0.00465010711	10206.29296875	
34.088992	-1.13367564640447E-02	-4.461457077E-07	0	-0.00108718665	10206.29296875	
34.093088	-1.13350274784244E-02	-8.3349195496875E-07	0	-0.00196075066	10206.29296875	
34.097184	-1.13339552513292E-02	-8.97966169340625E-07	0	-0.00028228706	10206.29296875	
34.10128	-1.13343905607178E-02	-4.802139428625E-07	0	-0.00288772033	10206.29296875	
34.105376	-1.13349993172625E-02	-1.750661710875E-07	0	-0.00499342921	10206.29296875	
34.109472	-1.13343794059719E-02	-3.90802734196875E-07	0	-0.00545119201	10206.29296875	
34.113568	-1.13337935075131E-02	-5.65359290409375E-07	0	-0.00883482204	10206.29296875	
34.117664	-1.13341629856142E-02	-3.5080493765625E-07	0	-0.00819013943	10206.29296875	
34.12176	-1.13349032218692E-02	-1.16462143153125E-07	0	-0.01213452889	10206.29296875	
34.125856	-1.13357984359469E-02	8.9381881771875E-08	0	-0.012588477	10206.29296875	
34.129952	-1.13353160389013E-02	-1.7570607429375E-07	0	-0.01272580584	10206.29296875	
34.134048	-1.13342999512652E-02	-5.47093924059375E-07	0	-0.00986860303	10206.29296875	
34.138144	-0.011334702619307	-3.3443380018125E-07	0	-0.00670622502	10206.29296875	
34.14224	-1.13358409519867E-02	4.074995925E-08	0	-0.00386046628	10206.29296875	
34.146336	-1.13364771382345E-02	1.32032319890625E-07	0	-0.00162505794	10206.29296875	
34.150432	-1.13359074233006E-02	-1.663921413E-07	0	-0.00097274595	10206.29296875	
34.154528	-1.13349265371169E-02	-4.8218076781875E-07	0	0.00049209501	10206.29296875	
34.158624	-0.011334775490885	-4.40134415634375E-07	0	-0.00254439823	10206.29296875	
34.16272	-1.13355333735823E-02	-1.274604494625E-07	0	-0.00584791977	10206.29296875	
34.166816	-1.13358309858613E-02	-6.22893607875E-08	0	-0.00962064818	10206.29296875	
34.170912	-1.13356716192861E-02	-1.8091953061875E-07	0	-0.00914381193	10206.29296875	
34.175008	-1.13357197126989E-02	-1.8830606169375E-07	0	-0.00746153364	10206.29296875	
34.179104	-1.13363056111577E-02	-3.9332652975E-08	0	-0.00966642446	10206.29296875	
34.1832	-0.011337071997063	1.33346741653125E-07	0	-0.01072309359	10206.29296875	
34.187296	-1.13369894336566E-02	8.85047191875E-09	0	-0.00920866166	10206.29296875	
34.191392	-1.13363883574287E-02	-2.3392332376875E-07	0	-0.00819013943	10206.29296875	
34.195488	-1.13364759496141E-02	-1.860642370125E-07	0	-0.00863645816	10206.29296875	
34.199584	-1.13372810114008E-02	5.405619594375E-08	0	-0.00571059093	10206.29296875	
34.20368	-1.13379886063091E-02	1.92005817609375E-07	0	-0.00269317114	10206.29296875	
34.207776	-1.13379400557345E-02	7.9207853484375E-08	0	-0.00180053368	10259.50390625	
34.211872	-0.01133713663973	-1.96464466996875E-07	0	-0.00130080929	10259.50390625	
34.215968	-1.13362869589595E-02	-3.93694077459375E-07	0	-0.00262450672	10259.50390625	
34.220064	-1.13359681343769E-02	-3.6241357989375E-07	0	-0.00504683487	10259.50390625	
34.22416	-1.13356443724477E-02	-3.40763841928125E-07	0	-0.00845716773	10259.50390625	
34.228256	-1.13349737162063E-02	-4.35598843246875E-07	0	-0.00951765155	10259.50390625	
34.232352	-1.13343203406778E-02	-5.086196836875E-07	0	-0.01162717512	10259.50390625	
34.236448	-1.13341796263008E-02	-4.41185856890625E-07	0	-0.01115415356	10259.50390625	
34.240544	-1.13347021621453E-02	-2.2683679239375E-07	0	-0.00951765155	10259.50390625	
34.24464	-1.13351849249203E-02	-9.3086445375E-08	0	-0.0080871428	10259.50390625	
34.248736	-1.13350624055797E-02	-1.698536763E-07	0	-0.00769422973	10259.50390625	
34.252832	-1.13346443769041E-02	-3.05505223340625E-07	0	-0.00540160104	10259.50390625	
34.256928	-1.13344108586981E-02	-3.47977296253125E-07	0	-0.00264739486	10259.50390625	
34.261024	-1.13346852471617E-02	-2.351507263875E-07	0	-0.0023651078	10259.50390625	
34.26512	-0.011334839859255	-1.85910631396875E-07	0	-0.00365447302	10259.50390625	
34.269216	-1.13345337437681E-02	-2.735103034125E-07	0	-0.00318908084	10259.50390625	
34.273312	-1.13342826705522E-02	-3.38036440809375E-07	0	-0.00417327086	10259.50390625	
34.277408	-1.13345946377091E-02	-2.301988082625E-07	0	-0.00447844606	10259.50390625	
34.281504	-1.13349919112427E-02	-1.231046845875E-07	0	-0.00768278566	10259.50390625	
34.2856	-1.13348690261727E-02	-1.8467241148125E-07	0	-0.00910566503	10259.50390625	
34.289696	-1.13343162262223E-02	-3.35649423965625E-07	0	-0.01153180787	10259.50390625	
34.293792	-1.13338654647677E-02	-4.174543902375E-07	0	-0.00935361988	10259.50390625	
34.297888	-1.13340562840691E-02	-3.1119584265E-07	0	-0.00888059832	10259.50390625	
34.301984	-1.13345851287453E-02	-1.58933735296875E-07	0	-0.00712584092	10259.50390625	
34.30608	-1.13347916744098E-02	-1.25437614946875E-07	0	-0.00569533217	10259.50390625	
34.310176	-1.13346048781316E-02	-2.17635118903125E-07	0	-0.00397490698	10259.50390625	
34.314272	-1.13346323078347E-02	-2.24184631584375E-07	0	-0.00232314621	10259.50390625	
34.318368	-1.13350609426622E-02	-1.32987126628125E-07	0	-0.00335311251	10259.50390625	
34.322464	-1.13357094722764E-02	-6.697829840625E-09	0	-0.00482558285	10259.50390625	
34.32656	-1.13360890079353E-02	1.841488543125E-08	0	-0.00505827894	10259.50390625	
34.330656	-1.13362080528469E-02	-2.6804059734375E-08	0	-0.00502013204	10259.50390625	
34.334752	-1.13362395055731E-02	-7.409079129375E-08	0	-0.00600813675	10259.50390625	
34.338848	-1.13363661393692E-02	-7.2744158025E-08	0	-0.00688170076	10259.50390625	
34.342944	-1.13363045139695E-02	-1.0318306989375E-07	0	-0.00920103228	10259.50390625	
34.34704	-1.13358470779538E-02	-2.1132911559375E-07	0	-0.00955579845	10259.50390625	
34.351136	-1.13352238750988E-02	-3.27275874646875E-07	0	-0.00885389549	10259.50390625	
34.355232	-1.13350331472297E-02	-3.2024535283125E-07	0	-0.00937269333	10259.50390625	
34.359328	-0.011335345754413	-1.90781780371875E-07	0	-0.00832365358	10259.50390625	
34.363424	-0.011335702706283	-9.28374071625E-08	0	-0.00627135036	10259.50390625	
34.36752	-1.13356070680514E-02	-1.309777536375E-07	0	-0.00556181802	10259.50390625	
34.371616	-1.13353590121028E-02	-2.00121194109375E-07	0	-0.00367736116	10259.50390625	
34.375712	-1.13352738885908E-02	-2.1337815200625E-07	0	-0.00224685241	10259.50390625	
34.379808	-1.13354936005128E-02	-1.461796615125E-07	0	-0.00224303772	10259.50390625	
34.383904	-1.13352730656997E-02	-1.83926498765625E-07	0	-0.00357436453	10259.50390625	
34.388	-1.13346128327455E-02	-3.19703766834375E-07	0	-0.00523375468	10259.50390625	
34.392096	-1.13340688103002E-02	-3.94623884221875E-07	0	-0.00630186788	10259.50390625	
34.396192	-1.13340067277388E-02	-3.42226821234375E-07	0	-0.00773237663	10259.50390625	
34.400288	-0.011334342193008	-2.170536291E-07	0	-0.00978849454	10259.50390625	
34.404384	-1.13344042755694E-02	-1.900238484375E-07	0	-0.01065061448	10259.50390625	
34.40848	-1.13341933411523E-02	-2.39708654521875E-07	0	-0.00794981396	10259.5390625	
34.412576	-1.13339840525175E-02	-2.802987581625E-07	0	-0.00759504779	10259.5390625	
34.416672	-1.13341782548156E-02	-2.21567807278125E-07	0	-0.00562285306	10259.5390625	
34.420768	-1.13339635716725E-02	-2.48818741565625E-07	0	-0.00627135036	10259.5390625	
34.424864	-1.13334180863097E-02	-3.496140734625E-07	0	-0.00570296155	10259.5390625	
34.42896	-1.13328998477853E-02	-4.2166352064375E-07	0	-0.00286864688	10259.5390625	
34.433056	-1.13328845785839E-02	-3.691332847125E-07	0	-0.00344466507	10259.5390625	
34.437152	-1.13332340330017E-02	-2.54827870171875E-07	0	-0.00397872167	10259.5390625	
34.441248	-1.13335110730033E-02	-1.91344279809375E-07	0	-0.00440978164	10259.5390625	
34.445344	-1.13336599248589E-02	-1.8132433790625E-07	0	-0.00491332072	10259.5390625	
34.44944	-1.13337853700345E-02	-1.831950091125E-07	0	-0.00654600804	10259.5390625	
34.453536	-1.13341595111852E-02	-1.29250111134375E-07	0	-0.00834272703	10259.5390625	
34.457632	-1.13343643196352E-02	-1.1692728691875E-07	0	-0.00884245142	10259.5390625	
34.461728	-1.13343463988958E-02	-1.52496722503125E-07	0	-0.00920103228	10259.5390625	
34.465824	-1.13342289997664E-02	-1.98322638215625E-07	0	-0.00731276073	10259.5390625	
34.46992	-1.13341615226967E-02	-2.14699544915625E-07	0	-0.00839994738	10259.5390625	
34.474016	-1.13343391757406E-02	-1.82257750434375E-07	0	-0.00755690089	10259.5390625	
34.478112	-1.13346367880195E-02	-1.29102995896875E-07	0	-0.00555800333	10259.5390625	
34.482208	-1.13350121177906E-02	-7.8470354221875E-08	0	-0.00500868797	10259.5390625	
34.486304	-1.13352557849867E-02	-6.2291524246875E-08	0	-0.00401305388	10259.5390625	
34.4904	-1.13354447756412E-02	-6.7835268703125E-08	0	-0.00391387194	10259.5390625	
34.494496	-1.13355133498991E-02	-8.1696312534375E-08	0	-0.00315856332	10259.5390625	
34.498592	-1.13354262148755E-02	-1.19204448103125E-07	0	-0.00407027423	10259.5390625	
34.502688	-1.13351504549267E-02	-1.7807049500625E-07	0	-0.00645827017	10259.5390625	
34.506784	-1.13347917658422E-02	-2.356391874375E-07	0	-0.00742720143	10259.5390625	
34.51088	-1.13345304522037E-02	-2.60220653240625E-07	0	-0.00809095749	10259.5390625	
34.514976	-1.13345328294447E-02	-2.28456742696875E-07	0	-0.00835035641	10259.5390625	
34.519072	-1.13347126768648E-02	-1.72295260396875E-07	0	-0.00899503902	10259.5390625	
34.523168	-1.13348109666344E-02	-1.45023653053125E-07	0	-0.00912855317	10259.5390625	
34.527264	-1.13347551929047E-02	-1.57665948103125E-07	0	-0.00796125803	10259.5390625	
34.53136	-1.13346958533136E-02	-1.73994777928125E-07	0	-0.0048446563	10259.5390625	
34.535456	-1.13346522400856E-02	-1.7529453624375E-07	0	-0.00414275334	10259.5390625	
34.539552	-1.13343040657206E-02	-2.2736467648125E-07	0	-0.00377272841	10259.5390625	
34.543648	-0.011333651695948	-3.19419632503125E-07	0	-0.00323104243	10259.5390625	
34.547744	-1.13329257231386E-02	-4.058794018125E-07	0	-0.0053787129	10259.5390625	
34.55184	-1.13325543249583E-02	-4.1048805105E-07	0	-0.00419997369	10259.5390625	
34.555936	-1.13325905321664E-02	-3.38909516859375E-07	0	-0.00682066572	10259.5390625	
34.560032	-1.13328046667155E-02	-2.5823772253125E-07	0	-0.00887678363	10259.5390625	
34.564128	-0.011332972902228	-2.142911318625E-07	0	-0.00741957205	10259.5390625	
34.568224	-1.13331783507044E-02	-1.84847892075E-07	0	-0.00638197637	10259.5390625	
34.57232	-1.13332618284342E-02	-1.78884196115625E-07	0	-0.00697325332	10259.5390625	
34.576416	-1.13331675616878E-02	-2.0505796801875E-07	0	-0.00753782744	10259.5390625	
34.580512	-1.13326909248798E-02	-2.84823513253125E-07	0	-0.0070953234	10259.5390625	
34.584608	-1.13320993576158E-02	-3.68694102459375E-07	0	-0.00563811182	10259.5390625	
34.588704	-1.13317452401484E-02	-3.9014143678125E-07	0	-0.0075912331	10259.5390625	
34.5928	-1.13318714167828E-02	-3.3003188150625E-07	0	-0.00596236047	10259.5390625	
34.596896	-1.13323337901452E-02	-2.22478623675E-07	0	-0.00465010711	10259.5390625	
34.600992	-1.13327070169723E-02	-1.59539023153125E-07	0	-0.00405883016	10259.5390625	
34.605088	-1.13329750966042E-02	-1.41251060671875E-07	0	-0.00393294539	10259.5390625	
34.609184	-1.13332497593648E-02	-1.277219876625E-07	0	-0.0028991644	10259.5390625	
34.61328	-1.13334961695313E-02	-1.14532577775E-07	0	-0.00459288676	10259.55859375	
34.617376	-1.13334230236562E-02	-1.52423645653125E-07	0	-0.00618361249	10259.55859375	
34.621472	-1.13331503724072E-02	-2.15513005640625E-07	0	-0.00747297771	10259.55859375	
34.625568	-1.13329567187031E-02	-2.49857682834375E-07	0	-0.0086593463	10259.55859375	
34.629664	-1.13331409548758E-02	-2.1339161353125E-07	0	-0.00848005587	10259.55859375	
34.63376	-1.13336533417302E-02	-1.30509725259375E-07	0	-0.00708006464	10259.55859375	
34.637856	-0.011334231285575	-5.0806920346875E-08	0	-0.00756071558	10259.55859375	
34.641952	-1.13345730596759E-02	-3.7993952390625E-08	0	-0.00693892111	10259.55859375	
34.646048	-1.13346804012475E-02	-6.114224655E-08	0	-0.00624083284	10259.55859375	
34.650144	-1.13348325446675E-02	-7.4440550559375E-08	0	-0.00317763677	10259.55859375	
34.65424	-1.13349201368528E-02	-8.28797248125E-08	0	-0.00382231938	10259.55859375	
34.658336	-1.13347093853005E-02	-1.294989089625E-07	0	-0.00391387194	10259.55859375	
34.662432	-1.13341606998056E-02	-2.13381277003125E-07	0	-0.00374602558	10259.55859375	
34.666528	-1.13336266434858E-02	-2.8268817885E-07	0	-0.00535201007	10259.55859375	
34.670624	-1.13334699284486E-02	-2.74552850446875E-07	0	-0.00586699322	10259.55859375	
34.67472	-1.13335413371091E-02	-2.2565602434375E-07	0	-0.00767134159	10259.55859375	
34.678816	-1.13336866231033E-02	-1.82277461953125E-07	0	-0.00817106598	10259.55859375	
34.682912	-1.13337432197241E-02	-1.65686132390625E-07	0	-0.00916670007	10259.55859375	
34.687008	-1.13338557729392E-02	-1.52253453515625E-07	0	-0.00643538203	10259.55859375	
34.691104	-1.13338910658239E-02	-1.466411995125E-07	0	-0.00569151748	10259.55859375	
34.6952	-1.13336702567137E-02	-1.76659438725E-07	0	-0.00537108352	10259.55859375	
34.699296	-1.13329547986239E-02	-2.713314594375E-07	0	-0.0052261253	10259.55859375	
34.703392	-1.13320861913583E-02	-3.748736635875E-07	0	-0.00505827894	10259.55859375	
34.707488	-1.13314499136781E-02	-4.1658035265E-07	0	-0.006103504	10259.55859375	
34.711584	-1.13311917087394E-02	-3.93341673965625E-07	0	-0.00674437192	10259.55859375	
34.71568	-1.13312387049641E-02	-3.30759284625E-07	0	-0.00643156734	10259.55859375	
34.719776	-1.13314521994867E-02	-2.678930013375E-07	0	-0.0058364757	10259.55859375	
34.723872	-1.13316450302997E-02	-2.187315120375E-07	0	-0.00520705185	10259.55859375	
34.727968	-1.13315700557778E-02	-2.266141964625E-07	0	-0.00470732746	10259.55859375	
34.732064	-1.13313134051889E-02	-2.6466944686875E-07	0	-0.00577162597	10259.55859375	
34.73616	-1.13310707437486E-02	-2.8969538338125E-07	0	-0.00584791977	10259.55859375	
34.740256	-1.13307177234694E-02	-3.1962035345625E-07	0	-0.00728224321	10259.55859375	
34.744352	-1.13303561999822E-02	-3.4901455483125E-07	0	-0.00793836989	10259.55859375	
34.748448	-1.13303111238367E-02	-3.32262888890625E-07	0	-0.00814817784	10259.55859375	
34.752544	-1.13306801447761E-02	-2.60992767853125E-07	0	-0.00716780251	10259.55859375	
34.75664	-1.13313194397236E-02	-1.6929934993125E-07	0	-0.0077056738	10259.55859375	
34.760736	-1.13320743051536E-02	-8.61989522625E-08	0	-0.0055694474	10259.55859375	
34.764832	-1.13326963193881E-02	-3.6805732425E-08	0	-0.00444411385	10259.55859375	
34.768928	-0.01133301706405	-4.4599715015625E-08	0	-0.00368499054	10259.55859375	
34.773024	-1.13332242497409E-02	-6.5875655278125E-08	0	-0.00365065833	10259.55859375	
34.77712	-1.13333037044477E-02	-9.05970247875E-08	0	-0.0046539218	10259.55859375	
34.781216	-1.13330124924328E-02	-1.52154415153125E-07	0	-0.00571059093	10259.55859375	
34.785312	-1.13326167732491E-02	-2.187392043375E-07	0	-0.00697706801	10259.55859375	
34.789408	-1.13326293909125E-02	-2.173526672625E-07	0	-0.00738905453	10259.55859375	
34.793504	-1.13330409278917E-02	-1.51960184578125E-07	0	-0.00831220951	10259.55859375	
34.7976	-1.13334723056895E-02	-9.616576921875E-08	0	-0.008392318	10259.55859375	
34.801696	-1.13337739409916E-02	-7.3821080025E-08	0	-0.00757597434	10259.55859375	
34.805792	-1.13340746619702E-02	-6.0608352853125E-08	0	-0.006484973	10259.55859375	
34.809888	-1.13341559453238E-02	-7.292252323125E-08	0	-0.00521849592	10259.55859375	
34.813984	-1.13340939541947E-02	-1.0000422691875E-07	0	-0.00509642584	10259.57421875	
34.81808	-1.13336715367666E-02	-1.60197916725E-07	0	-0.00642393796	10259.57421875	
34.822176	-1.13330444937531E-02	-2.3680505165625E-07	0	-0.00349807073	10259.57421875	
34.826272	-1.13324809047863E-02	-2.87295145396875E-07	0	-0.00552367112	10259.57421875	
34.830368	-1.13322772849567E-02	-2.818929873375E-07	0	-0.00578688473	10259.57421875	
34.834464	-1.13322350432139E-02	-2.4907427015625E-07	0	-0.00673292785	10259.57421875	
34.83856	-1.13321330047183E-02	-2.34667313409375E-07	0	-0.00659559901	10259.57421875	
34.842656	-1.13320967975102E-02	-2.2095218289375E-07	0	-0.00687788607	10259.57421875	
34.846752	-1.13319409967964E-02	-2.23518766865625E-07	0	-0.0058364757	10259.57421875	
34.850848	-1.13316345155802E-02	-2.43374516240625E-07	0	-0.00523375468	10259.57421875	
34.854944	-1.13310562060059E-02	-2.962612422E-07	0	-0.00711439685	10259.57421875	
34.85904	-1.13303328847345E-02	-3.53373925471875E-07	0	-0.00728224321	10259.57421875	
34.863136	-1.13295898140769E-02	-4.0375680778125E-07	0	-0.00593184295	10259.57421875	
34.867232	-1.13290859304305E-02	-4.16089247371875E-07	0	-0.00680922165	10259.57421875	
34.871328	-1.13289912979547E-02	-3.8051740794375E-07	0	-0.00624083284	10259.57421875	
34.875424	-1.13291914433552E-02	-3.14587906565625E-07	0	-0.0061416509	10259.57421875	
34.87952	-1.13294489168352E-02	-2.6040358575E-07	0	-0.00615309497	10259.57421875	
34.883616	-1.13298001998998E-02	-2.1239738375625E-07	0	-0.00554274457	10259.57421875	
34.887712	-1.13300881203503E-02	-1.85653900884375E-07	0	-0.00493239417	10259.57421875	
34.891808	-1.13302544357836E-02	-1.75634680134375E-07	0	-0.00430678501	10259.57421875	
34.895904	-1.13301197559413E-02	-2.03743786640625E-07	0	-0.00463484835	10259.57421875	
34.9	-1.13298024857084E-02	-2.49483163978125E-07	0	-0.00719069065	10259.57421875	
34.904096	-1.13295632072648E-02	-2.79556210828125E-07	0	-0.00685499793	10259.57421875	
34.908192	-1.13296375417603E-02	-2.63712476671875E-07	0	-0.00815580722	10259.57421875	
34.912288	-1.13300934234263E-02	-2.06726475965625E-07	0	-0.00768278566	10259.57421875	
34.916384	-1.13307745943872E-02	-1.3310130920625E-07	0	-0.00783155857	10259.57421875	
34.92048	-1.13314271470245E-02	-7.745040331875E-08	0	-0.00699232677	10259.57421875	
34.924576	-1.13319191444662E-02	-5.4740089490625E-08	0	-0.00688933014	10259.57421875	
34.928672	-1.13322952056961E-02	-5.201773644375E-08	0	-0.00351714418	10259.57421875	
34.932768	-1.13325481989913E-02	-5.85624414375E-08	0	-0.0048828032	10259.57421875	
34.936864	-1.13324791675717E-02	-9.3923223384375E-08	0	-0.00621031532	10259.57421875	
34.94096	-1.13322982229634E-02	-1.40749138096875E-07	0	-0.0056075943	10259.57421875	
34.945056	-1.13322838680855E-02	-1.54759220240625E-07	0	-0.00708769402	10259.57421875	
34.949152	-1.13324898651559E-02	-1.39518850865625E-07	0	-0.00556563271	10259.57421875	
34.953248	-1.13329404437459E-02	-9.6490047740625E-08	0	-0.00656889618	10259.57421875	
34.957344	-1.13333280254511E-02	-6.238839915E-08	0	-0.00686262731	10259.57421875	
34.96144	-0.011333342106032	-7.5698001225E-08	0	-0.00565337058	10259.57421875	
34.965536	-1.13331669216614E-02	-1.13689069003125E-07	0	-0.00580214349	10259.57421875	
34.969632	-1.13328799155344E-02	-1.5203494411875E-07	0	-0.00566862934	10259.57421875	
34.973728	-1.13324768817631E-02	-1.90483703746875E-07	0	-0.0057983288	10259.57421875	
34.977824	-1.13317936078583E-02	-2.43487977665625E-07	0	-0.00676726006	10259.57421875	
34.98192	-1.13309459385994E-02	-3.1071940081875E-07	0	-0.00608443055	10259.57421875	
34.986016	-1.13303208156652E-02	-3.4180783126875E-07	0	-0.00516890495	10259.57421875	
34.990112	-1.13300234776833E-02	-3.318535143E-07	0	-0.00607298648	10259.57421875	
34.994208	-1.13299402742505E-02	-2.97543212071875E-07	0	-0.00695036518	10259.57421875	
34.998304	-0.011329739854553	-2.81793227821875E-07	0	-0.00574110845	10259.57421875	
35.0024	-1.13294868612578E-02	-2.8340885120625E-07	0	-0.0055313005	10259.57421875	
35.006496	-1.13292537087812E-02	-2.8672038635625E-07	0	-0.00523756937	10259.57421875	
35.010592	-1.13292647720948E-02	-2.65347571190625E-07	0	-0.00558852085	10259.57421875	
35.014688	-1.13289125747067E-02	-2.7307328461875E-07	0	-0.00504302018	10259.58984375	
35.018784	-1.13281875162208E-02	-3.29171065059375E-07	0	-0.00515746088	10259.58984375	
35.02288	-1.13275612960984E-02	-3.7182703201875E-07	0	-0.00637434699	10259.58984375	
35.026976	-0.011327302633998	-3.6567896124375E-07	0	-0.00722502286	10259.58984375	
35.031072	-1.13273680995561E-02	-3.28721546278125E-07	0	-0.00708769402	10259.58984375	
35.035168	-1.13275850685078E-02	-2.80582411725E-07	0	-0.00750730992	10259.58984375	
35.039264	-1.13278376960736E-02	-2.43134131865625E-07	0	-0.0061797978	10259.58984375	
35.04336	-1.13281032155998E-02	-2.16033197428125E-07	0	-0.00324630119	10259.58984375	
35.047456	-1.13286005161175E-02	-1.75949583665625E-07	0	-0.00550078298	10259.58984375	
35.051552	-1.13288481149044E-02	-1.5763109236875E-07	0	-0.00476073312	10259.58984375	
35.055648	-0.0113287746033	-1.81701741375E-07	0	-0.0063323854	10259.58984375	
35.059744	-1.13286359004345E-02	-2.08919743003125E-07	0	-0.00636671761	10259.58984375	
35.06384	-1.13287526595375E-02	-2.09848588228125E-07	0	-0.00713728499	10259.58984375	
35.067936	-1.13293160656397E-02	-1.64202480028125E-07	0	-0.00767134159	10259.58984375	
35.072032	-1.13300375582642E-02	-1.05448692628125E-07	0	-0.00789259361	10259.58984375	
35.076128	-1.13307142490403E-02	-6.2680946934375E-08	0	-0.00695036518	10259.58984375	
35.080224	-1.13312087151553E-02	-4.50951472125E-08	0	-0.00457381331	10259.58984375	
35.08432	-1.13316734657586E-02	-3.7110780196875E-08	0	-0.00574110845	10259.58984375	
35.088416	-1.13318539532052E-02	-5.01912959625E-08	0	-0.00548933891	10259.58984375	
35.092512	-1.13317050099172E-02	-8.95181797125E-08	0	-0.00666426343	10259.58984375	
35.096608	-1.13312563514064E-02	-1.513604255625E-07	0	-0.00605391303	10259.58984375	
35.100704	-1.13310025352202E-02	-1.85072651465625E-07	0	-0.00807188404	10259.58984375	
35.1048	-1.13309295722098E-02	-1.8844933078125E-07	0	-0.00664518998	10259.58984375	
35.108896	-1.13310573946264E-02	-1.6918204235625E-07	0	-0.00735090763	10259.58984375	
35.112992	-0.011331249585413	-1.4783879446875E-07	0	-0.0070571765	10259.58984375	
35.117088	-1.13313800593675E-02	-1.33776548915625E-07	0	-0.00489043258	10259.58984375	
35.121184	-1.13313426635389E-02	-1.39630389215625E-07	0	-0.00539397166	10259.58984375	
35.12528	-0.01133110941963	-1.60391906915625E-07	0	-0.00509261115	10259.58984375	
35.129376	-1.13307304325652E-02	-1.89806781346875E-07	0	-0.00640486451	10259.58984375	
35.133472	-1.13299848018019E-02	-2.44927399303125E-07	0	-0.00624464753	10259.58984375	
35.137568	-1.13290862047275E-02	-3.04722051046875E-07	0	-0.00680922165	10259.58984375	
35.141664	-1.13283729410139E-02	-3.42850859071875E-07	0	-0.00696943863	10259.58984375	
35.14576	-1.13279201680477E-02	-3.43202781796875E-07	0	-0.0077438207	10259.58984375	
35.149856	-1.13274691322959E-02	-3.4231359999375E-07	0	-0.00575255252	10259.58984375	
35.153952	-1.13271166606108E-02	-3.37163845528125E-07	0	-0.00683210979	10259.58984375	
35.158048	-1.13269531795802E-02	-3.196852572375E-07	0	-0.00701140022	10259.58984375	
35.162144	-1.13268381576917E-02	-3.0077037230625E-07	0	-0.00543593325	10259.58984375	
35.16624	-1.13267310904172E-02	-2.88298990546875E-07	0	-0.00604628365	10259.58984375	
35.170336	-1.13265901931755E-02	-2.8140596859375E-07	0	-0.00522993999	10259.58984375	
35.174432	-1.13262107489489E-02	-2.94161003915625E-07	0	-0.00530623379	10259.58984375	
35.178528	-1.13257736109134E-02	-3.18942709903125E-07	0	-0.00653456397	10259.58984375	
35.182624	-1.13255483216184E-02	-3.204391026375E-07	0	-0.00741957205	10259.58984375	
35.18672	-1.13257045794939E-02	-2.953275892875E-07	0	-0.00759504779	10259.58984375	
35.190816	-1.13261722559322E-02	-2.4134831634375E-07	0	-0.00856016436	10259.58984375	
35.194912	-1.13268751877909E-02	-1.82298135009375E-07	0	-0.00775526477	10259.58984375	
35.199008	-1.13276277674123E-02	-1.271912189625E-07	0	-0.00609968931	10259.58984375	
35.203104	-1.13283548374098E-02	-8.693500921875E-08	0	-0.00519179309	10259.58984375	
35.2072	-1.13288305598944E-02	-7.1770360921875E-08	0	-0.00474547436	10259.58984375	
35.211296	-1.13289378100336E-02	-9.108837045E-08	0	-0.0059127695	10259.58984375	
35.215392	-1.13287258698608E-02	-1.3416573121875E-07	0	-0.00471495684	10259.58984375	
35.219488	-1.13285689719589E-02	-1.6781088988125E-07	0	-0.00738142515	10259.5859375	
35.223584	-1.13287832893727E-02	-1.67630361215625E-07	0	-0.00772474725	10259.5859375	
35.22768	-1.13293326148939E-02	-1.2783400678125E-07	0	-0.00681303634	10259.5859375	
35.231776	-1.13298591737616E-02	-9.4272742265625E-08	0	-0.00619124187	10259.5859375	
35.235872	-1.13303254787147E-02	-7.36162725375E-08	0	-0.00678251882	10259.5859375	
35.239968	-1.13306229995613E-02	-6.8629017909375E-08	0	-0.0058364757	10259.5859375	
35.244064	-1.13307564907831E-02	-7.85229984E-08	0	-0.00518034902	10259.5859375	
35.24816	-1.13306757560236E-02	-9.888692034375E-08	0	-0.00662611653	10259.5859375	
35.252256	-1.13301238703967E-02	-1.5055706098125E-07	0	-0.00662993122	10259.5859375	
35.256352	-1.13293783310658E-02	-2.12573585503125E-07	0	-0.00658796963	10259.5859375	
35.260448	-1.13288145592342E-02	-2.52311526534375E-07	0	-0.00730894604	10259.5859375	
35.264544	-1.13286203569361E-02	-2.50771143459375E-07	0	-0.00776670884	10259.5859375	
35.26864	-0.01132847616813	-2.3814543493125E-07	0	-0.00685499793	10259.5859375	
35.272736	-1.13282666051981E-02	-2.3515024561875E-07	0	-0.00683973917	10259.5859375	
35.276832	-1.13279918510052E-02	-2.39843269771875E-07	0	-0.0054550067	10259.5859375	
35.280928	-1.13278462907139E-02	-2.374834163625E-07	0	-0.00526808689	10259.5859375	
35.285024	-1.13276583972475E-02	-2.3377620853125E-07	0	-0.00539015697	10259.5859375	
35.28912	-1.13270612526105E-02	-2.58867289209375E-07	0	-0.0059509164	10259.5859375	
35.293216	-1.13261364144534E-02	-3.095150751E-07	0	-0.00656508149	10259.5859375	
35.297312	-0.011325301362858	-3.531429160875E-07	0	-0.00720213472	10259.5859375	
35.301408	-1.13248318577728E-02	-3.6165877295625E-07	0	-0.00890348646	10259.5859375	
35.305504	-1.13247554203334E-02	-3.3477033830625E-07	0	-0.00813291908	10259.5859375	
35.3096	-1.13248677906839E-02	-2.97634558134375E-07	0	-0.00888059832	10259.5859375	
35.313696	-1.13251129207975E-02	-2.608699314375E-07	0	-0.00704573243	10259.5859375	
35.317792	-1.13254958394531E-02	-2.2107285585E-07	0	-0.00597380454	10259.5859375	
35.321888	-1.13259156967756E-02	-1.866661594875E-07	0	-0.00563811182	10259.5859375	
35.325984	-1.13260900582552E-02	-1.73967133725E-07	0	-0.00368880523	10259.5859375	
35.33008	-1.13258995132508E-02	-1.920844233E-07	0	-0.00481413878	10259.5859375	
35.334176	-1.13254881591362E-02	-2.2664640796875E-07	0	-0.00510405522	10259.5859375	
35.338272	-1.13252411089434E-02	-2.50836528009375E-07	0	-0.00604628365	10259.5859375	
35.342368	-1.13254067843503E-02	-2.35170678290625E-07	0	-0.00685881262	10259.5859375	
35.346464	-1.13257406038373E-02	-2.071642159125E-07	0	-0.00889585708	10259.5859375	
35.35056	-1.13261292827306E-02	-1.77252466978125E-07	0	-0.00660704308	10259.5859375	
35.354656	-1.13265798613206E-02	-1.51746242484375E-07	0	-0.00629042381	10259.5859375	
35.358752	-1.13270479034883E-02	-1.28706842446875E-07	0	-0.00630949726	10259.5859375	
35.362848	-1.13273586820247E-02	-1.1652824885625E-07	0	-0.00636290292	10259.5859375	
35.366944	-1.13273860202955E-02	-1.28949149896875E-07	0	-0.00679777758	10259.5859375	
35.37104	-1.13271108089408E-02	-1.58492389584375E-07	0	-0.00662993122	10259.5859375	
35.375136	-1.13267937215727E-02	-1.9231182691875E-07	0	-0.00619887125	10259.5859375	
35.379232	-1.13266702879086E-02	-2.03951478740625E-07	0	-0.00731276073	10259.5859375	
35.383328	-1.13267607144966E-02	-1.9734211035E-07	0	-0.00658034025	10259.5859375	
35.387424	-1.13269325158705E-02	-1.81907750784375E-07	0	-0.00555418864	10259.5859375	
35.39152	-1.13271264438716E-02	-1.68449110396875E-07	0	-0.0065612668	10259.5859375	
35.395616	-1.13273294236747E-02	-1.5732340036875E-07	0	-0.00477217719	10259.5859375	
35.399712	-1.13275512385406E-02	-1.4439552868125E-07	0	-0.00586699322	10259.5859375	
35.403808	-0.01132750479091	-1.4986475398125E-07	0	-0.00478362126	10259.5859375	
35.407904	-1.13270255939964E-02	-1.81769770153125E-07	0	-0.00496291169	10259.5859375	
35.412	-1.13262982497019E-02	-2.31521162709375E-07	0	-0.0075530862	10259.5859375	
35.416096	-0.011325641308312	-2.69607182315625E-07	0	-0.00829313606	10259.5859375	
35.420192	-0.01132531626633	-2.8045789261875E-07	0	-0.00814054846	10259.58203125	
35.424288	-1.13254806616841E-02	-2.525987858625E-07	0	-0.00875471355	10259.58203125	
35.428384	-1.13255835230708E-02	-2.27523089784375E-07	0	-0.00874326948	10259.58203125	
35.43248	-1.13258527913231E-02	-2.0111374119375E-07	0	-0.00547408015	10259.58203125	
35.436576	-1.13261206880903E-02	-1.7822434100625E-07	0	-0.005340566	10259.58203125	
35.440672	-1.13263500918408E-02	-1.62009212990625E-07	0	-0.00523375468	10259.58203125	
35.444768	-1.13261643927506E-02	-1.7121954031875E-07	0	-0.00365447302	10259.58203125	
35.448864	-1.13256682808534E-02	-2.05234650534375E-07	0	-0.00588606667	10259.58203125	
35.45296	-1.13249720235558E-02	-2.47851434840625E-07	0	-0.00638579106	10259.58203125	
35.457056	-1.13246139744977E-02	-2.67561030515625E-07	0	-0.00657652556	10259.58203125	
35.461152	-1.13246279636462E-02	-2.56131715021875E-07	0	-0.00733946356	10259.58203125	
35.465248	-1.13247631006503E-02	-2.308689999E-07	0	-0.00753782744	10259.58203125	
35.469344	-1.13247676722675E-02	-2.1840603159375E-07	0	-0.00807951342	10259.58203125	
35.47344	-1.13247862330333E-02	-2.130661330875E-07	0	-0.00579451411	10259.58203125	
35.477536	-1.13250757078336E-02	-1.93963027190625E-07	0	-0.00639723513	10259.58203125	
35.481632	-1.13251763748441E-02	-1.81891885415625E-07	0	-0.00685499793	10259.58203125	
35.485728	-1.13248397209544E-02	-1.97303889234375E-07	0	-0.00568007341	10259.58203125	
35.489824	-1.13241199655444E-02	-2.41928604225E-07	0	-0.00605772772	10259.58203125	
35.49392	-1.13235821604984E-02	-2.72366794940625E-07	0	-0.006103504	10259.58203125	
35.498016	-1.13234249882995E-02	-2.74531215853125E-07	0	-0.00660704308	10259.58203125	
35.502112	-1.13234972198511E-02	-2.56005513225E-07	0	-0.00712202623	10259.58203125	
35.506208	-1.13235632340033E-02	-2.3808197345625E-07	0	-0.00660704308	10259.58203125	
35.510304	-1.13236689297927E-02	-2.2462814075625E-07	0	-0.00702665898	10259.58203125	
35.5144	-1.13240507512602E-02	-2.00216867090625E-07	0	-0.00597761923	10259.58203125	
35.518496	-1.13245432058636E-02	-1.6798829355E-07	0	-0.00575255252	10259.58203125	
35.522592	-1.13245528062597E-02	-1.6237531839375E-07	0	-0.00611494807	10259.58203125	
35.526688	-1.13240969245937E-02	-1.93943315671875E-07	0	-0.00611113338	10259.58203125	
35.530784	-1.13236093159045E-02	-2.2816371414375E-07	0	-0.00568007341	10259.58203125	
35.53488	-1.13234337658045E-02	-2.42022594515625E-07	0	-0.00635145885	10259.58203125	
35.538976	-1.13234869794286E-02	-2.31182220740625E-07	0	-0.00629805319	10259.58203125	
35.543072	-0.011323528855442	-2.20763000390625E-07	0	-0.00741957205	10259.58203125	
35.547168	-1.13236717641953E-02	-2.092795984125E-07	0	-0.00573729376	10259.58203125	
35.551264	-1.13240278017419E-02	-1.88312552071875E-07	0	-0.00616453904	10259.58203125	
35.55536	-1.13246440557388E-02	-1.5498061425E-07	0	-0.0056075943	10259.58203125	
35.559456	-1.13250565070414E-02	-1.3072679235E-07	0	-0.00582503163	10259.58203125	
35.563552	-1.13250085964933E-02	-1.38336159740625E-07	0	-0.00596236047	10259.58203125	
35.567648	-1.13247492943664E-02	-1.6367531709375E-07	0	-0.00566481465	10259.58203125	
35.571744	-1.13245255594212E-02	-1.85598131709375E-07	0	-0.00632094133	10259.58203125	
35.57584	-1.13245277537975E-02	-1.88979378328125E-07	0	-0.00691984766	10259.58203125	
35.579936	-1.13245372627612E-02	-1.87659187340625E-07	0	-0.00815199253	10259.58203125	
35.584032	-1.13245870933886E-02	-1.8391904685E-07	0	-0.00706480588	10259.58203125	
35.588128	-1.13248021422611E-02	-1.74086364375E-07	0	-0.00601958082	10259.58203125	
35.592224	-1.13251590941311E-02	-1.55107296815625E-07	0	-0.00771330318	10259.58203125	
35.59632	-1.13253960867661E-02	-1.41973175334375E-07	0	-0.00435256129	10259.58203125	
35.600416	-1.13252453148312E-02	-1.50542878303125E-07	0	-0.00422667652	10259.58203125	
35.604512	-1.13247436255611E-02	-1.80489963740625E-07	0	-0.0056838881	10259.58203125	
35.608608	-1.13239276833255E-02	-2.25659630109375E-07	0	-0.0055313005	10259.58203125	
35.612704	-1.13233069491437E-02	-2.592507022875E-07	0	-0.00558470616	10259.58203125	
35.6168	-1.13228587477947E-02	-2.71036507809375E-07	0	-0.00660704308	10259.58203125	
35.620896	-1.13224190496536E-02	-2.7850308688125E-07	0	-0.00766371221	10259.58203125	
35.624992	-1.13220830357903E-02	-2.809987574625E-07	0	-0.00683592448	10259.6015625	
35.629088	-1.13219666424167E-02	-2.72667275409375E-07	0	-0.00662993122	10259.6015625	
35.633184	-1.13221455755134E-02	-2.4908773168125E-07	0	-0.00497435576	10259.6015625	
35.63728	-1.13222110410716E-02	-2.2821371409375E-07	0	-0.0054550067	10259.6015625	
35.641376	-1.13218836218486E-02	-2.33339430121875E-07	0	-0.00576399659	10259.6015625	
35.645472	-1.13212362808548E-02	-2.58213443709375E-07	0	-0.00498961452	10259.6015625	
35.649568	-1.13206388619208E-02	-2.8604250241875E-07	0	-0.00604246896	10259.6015625	
35.653664	-1.13203358551336E-02	-2.917641313125E-07	0	-0.00561903837	10259.6015625	
35.65776	-1.13202237590802E-02	-2.8341846658125E-07	0	-0.00739668391	10259.6015625	
35.661856	-1.13200952052048E-02	-2.7344203425E-07	0	-0.00701521491	10259.6015625	
35.665952	-1.13200022185112E-02	-2.676256939125E-07	0	-0.00624083284	10259.6015625	
35.670048	-1.13203198544734E-02	-2.4705311833125E-07	0	-0.00628660912	10259.6015625	
35.674144	-1.13208941410245E-02	-2.0819258026875E-07	0	-0.00574110845	10259.6015625	
35.67824	-1.13211424712702E-02	-1.876546200375E-07	0	-0.00604246896	10259.6015625	
35.682336	-1.13211596605508E-02	-1.87860148678125E-07	0	-0.00657271087	10259.6015625	
35.686432	-1.13210912691577E-02	-1.973526872625E-07	0	-0.00532149255	10259.6015625	
35.690528	-1.13212515500562E-02	-1.95731294653125E-07	0	-0.00550841236	10259.6015625	
35.694624	-1.13215424877741E-02	-1.84423613653125E-07	0	-0.00627516505	10259.6015625	
35.69872	-1.13218536320398E-02	-1.7066088703125E-07	0	-0.00630568257	10259.6015625	
35.702816	-1.13221302148797E-02	-1.62635654671875E-07	0	-0.0075530862	10259.6015625	
35.706912	-0.011322673963028	-1.45046729953125E-07	0	-0.00664518998	10259.6015625	
35.711008	-1.13235147748611E-02	-1.1378402083125E-07	0	-0.00677107475	10259.6015625	
35.715104	-1.13243096876577E-02	-8.2482609825E-08	0	-0.00506209363	10259.6015625	
35.7192	-1.13245817903127E-02	-7.764174928125E-08	0	-0.00570296155	10259.6015625	
35.723296	-1.13242436735055E-02	-1.09041958265625E-07	0	-0.00558470616	10259.6015625	
35.727392	-1.13237861460573E-02	-1.48173169134375E-07	0	-0.00536726883	10259.6015625	
35.731488	-1.13233518424245E-02	-1.79609676159375E-07	0	-0.00665281936	10259.6015625	
35.735584	-1.13230891573009E-02	-1.97565908203125E-07	0	-0.00708769402	10259.6015625	
35.73968	-0.011322796848098	-2.0655027421875E-07	0	-0.00837705924	10259.6015625	
35.743776	-1.13223907970594E-02	-2.21413480509375E-07	0	-0.00784300264	10259.6015625	
35.747872	-0.011322305307818	-2.2293775783125E-07	0	-0.00576399659	10259.6015625	
35.751968	-1.13224878067761E-02	-2.0705988909375E-07	0	-0.00518416371	10259.6015625	
35.756064	-1.13224567197792E-02	-1.951690356E-07	0	-0.00588225198	10259.6015625	
35.76016	-1.13217755488183E-02	-2.1695410996875E-07	0	-0.00627135036	10259.6015625	
35.764256	-1.13209548521008E-02	-2.53408160053125E-07	0	-0.00574492314	10259.6015625	
35.768352	-1.13203997663419E-02	-2.75234099765625E-07	0	-0.00547408015	10259.6015625	
35.772448	-1.13200512262475E-02	-2.77764866465625E-07	0	-0.00659559901	10259.6015625	
35.776544	-1.13195185414128E-02	-2.82294669628125E-07	0	-0.00755690089	10259.6015625	
35.78064	-1.13187409093292E-02	-3.03458590771875E-07	0	-0.00761793593	10259.6015625	
35.784736	-1.13184397311889E-02	-3.0769440384375E-07	0	-0.00696180925	10259.6015625	
35.788832	-1.13187485896461E-02	-2.80027364203125E-07	0	-0.00588988136	10259.6015625	
35.792928	-1.13191774987706E-02	-2.40183654046875E-07	0	-0.00731276073	10259.6015625	
35.797024	-1.13192176375695E-02	-2.22303864234375E-07	0	-0.00482558285	10259.6015625	
35.80112	-1.13187237200486E-02	-2.35115870653125E-07	0	-0.00486372975	10259.6015625	
35.805216	-1.13182919765214E-02	-2.57441329096875E-07	0	-0.00578688473	10259.6015625	
35.809312	-1.13182095045473E-02	-2.57266329271875E-07	0	-0.0069427358	10259.6015625	
35.813408	-1.13181174321772E-02	-2.5154157538125E-07	0	-0.00739286922	10259.6015625	
35.817504	-1.13180134736023E-02	-2.48924029921875E-07	0	-0.00732039011	10259.6015625	
35.8216	-1.13181709200983E-02	-2.4022235593125E-07	0	-0.00695799456	10259.6015625	
35.825696	-1.13188141466366E-02	-2.09029358278125E-07	0	-0.00557707678	10259.59765625	
35.829792	-1.13195371936109E-02	-1.72059202940625E-07	0	-0.00693510642	10259.59765625	
35.833888	-1.13200764615744E-02	-1.4715033361875E-07	0	-0.0072860579	10259.59765625	
35.837984	-1.13202944362819E-02	-1.4217630013125E-07	0	-0.00605391303	10259.59765625	
35.84208	-0.011320350850038	-1.49844802078125E-07	0	-0.00608824524	10259.59765625	
35.846176	-1.13204172299195E-02	-1.57157294765625E-07	0	-0.00728987259	10259.59765625	
35.850272	-1.13205478867388E-02	-1.6057916634375E-07	0	-0.00646589955	10259.59765625	
35.854368	-1.13205196341445E-02	-1.661507953875E-07	0	-0.00586317853	10259.59765625	
35.858464	-1.13205511783031E-02	-1.71319299834375E-07	0	-0.0067138544	10259.59765625	
35.86256	-1.13205417607717E-02	-1.76026987434375E-07	0	-0.00691984766	10259.59765625	
35.866656	-1.13208766774469E-02	-1.68052476178125E-07	0	-0.00635145885	10259.59765625	
35.870752	-1.13212017194289E-02	-1.54401768675E-07	0	-0.0054550067	10259.59765625	
35.874848	-1.13214316717734E-02	-1.46103459665625E-07	0	-0.00596617516	10259.59765625	
35.878944	-1.13211805985575E-02	-1.560161901375E-07	0	-0.00619124187	10259.59765625	
35.88304	-1.13206652858681E-02	-1.8401375829375E-07	0	-0.00563048244	10259.59765625	
35.887136	-1.13201742027498E-02	-2.08776473915625E-07	0	-0.00654219335	10259.59765625	
35.891232	-1.13198151479359E-02	-2.23667324409375E-07	0	-0.00723265224	10259.59765625	
35.895328	-1.13195328962908E-02	-2.29714914515625E-07	0	-0.00840376207	10259.59765625	
35.899424	-1.13191597608959E-02	-2.3774158918125E-07	0	-0.00727079914	10259.59765625	
35.90352	-1.13190760088691E-02	-2.3680889780625E-07	0	-0.00726698445	10259.59765625	
35.907616	-1.13191977967509E-02	-2.24460592846875E-07	0	-0.00592039888	10259.59765625	
35.911712	-1.13193075155634E-02	-2.0925892535625E-07	0	-0.00651167583	10259.59765625	
35.915808	-1.13189887824131E-02	-2.12670941175E-07	0	-0.00578307004	10259.59765625	
35.919904	-1.13184118443241E-02	-2.32267075425E-07	0	-0.00557707678	10259.59765625	
35.924	-1.13179352075161E-02	-2.50057682634375E-07	0	-0.00451277827	10259.59765625	
35.928096	-1.13175409512498E-02	-2.59037000578125E-07	0	-0.00649260238	10259.59765625	
35.932192	-1.13171442263103E-02	-2.6413675509375E-07	0	-0.0074386455	10259.59765625	
35.936288	-1.13165659167361E-02	-2.76870155821875E-07	0	-0.00690077421	10259.59765625	
35.940384	-1.13163987784117E-02	-2.7772520304375E-07	0	-0.0082778773	10259.59765625	
35.94448	-1.13166719782548E-02	-2.5813483801875E-07	0	-0.00777052353	10259.59765625	
35.948576	-1.13171980799608E-02	-2.24389919840625E-07	0	-0.00735090763	10259.59765625	
35.952672	-1.13175663694414E-02	-1.9925124305625E-07	0	-0.00648878769	10259.59765625	
35.956768	-1.13176491157125E-02	-1.90469761453125E-07	0	-0.00513075805	10259.59765625	
35.960864	-1.13176310121084E-02	-1.93228893309375E-07	0	-0.00419997369	10259.59765625	
35.96496	-1.13175079441738E-02	-1.989613395E-07	0	-0.00529860441	10259.59765625	
35.969056	-1.13174174261534E-02	-2.03982488325E-07	0	-0.00643538203	10259.59765625	
35.973152	-1.13172762546147E-02	-2.1029594355E-07	0	-0.00675963068	10259.59765625	
35.977248	-1.13174469588005E-02	-2.06432485875E-07	0	-0.00759504779	10259.59765625	
35.981344	-1.13178424951195E-02	-1.9056086713125E-07	0	-0.00720594941	10259.59765625	
35.98544	-1.13184145872944E-02	-1.6793396668125E-07	0	-0.00679777758	10259.59765625	
35.989536	-1.13189096934358E-02	-1.482613902E-07	0	-0.00567625872	10259.59765625	
35.993632	-1.13189748846969E-02	-1.4622629608125E-07	0	-0.00735472232	10259.59765625	
35.997728	-0.011318838741937	-1.5837820700625E-07	0	-0.00659178432	10259.59765625	
36.001824	-1.13185361923116E-02	-1.76355352490625E-07	0	-0.00815199253	10259.59765625	
36.00592	-1.13183461959013E-02	-1.9012673295E-07	0	-0.00663374591	10259.59765625	
36.010016	-1.13180980485203E-02	-1.98898118409375E-07	0	-0.00686262731	10259.59765625	
36.014112	-1.13176588075409E-02	-2.1408584360625E-07	0	-0.00800321962	10259.59765625	
36.018208	-1.13173626581795E-02	-2.26108668121875E-07	0	-0.00785063202	10259.59765625	
36.022304	-1.13174174261534E-02	-2.2247141214375E-07	0	-0.00706099119	10259.59765625	
36.0264	-1.13178018077266E-02	-2.03143306471875E-07	0	-0.00630568257	10259.59765625	
36.030496	-1.13179467279914E-02	-1.880738503875E-07	0	-0.00547408015	10259.59765625	
36.034592	-1.13177809611522E-02	-1.9013779063125E-07	0	-0.00620650063	10259.59765625	
36.038688	-1.13173813103777E-02	-2.03861094215625E-07	0	-0.0060653571	10259.59765625	
36.042784	-1.13170321302569E-02	-2.176843977E-07	0	-0.00445555792	10259.59765625	
36.04688	-1.13166642065056E-02	-2.27925493228125E-07	0	-0.00704954712	10259.59765625	
36.050976	-1.13160026934986E-02	-2.44677399553125E-07	0	-0.00910947972	10259.59765625	
36.055072	-1.13153963141948E-02	-2.65074734925E-07	0	-0.00756834496	10259.59765625	
36.059168	-0.011315471105852	-2.60012480371875E-07	0	-0.00785444671	10259.59765625	
36.063264	-1.13159525885742E-02	-2.3199255646875E-07	0	-0.00788877892	10259.59765625	
36.06736	-1.13162635499753E-02	-2.06205563025E-07	0	-0.00662611653	10259.59765625	
36.071456	-0.011316181535163	-2.01601961859375E-07	0	-0.00625227691	10259.59765625	
36.075552	-1.13160067165217E-02	-2.077238307375E-07	0	-0.00487898851	10259.59765625	
36.079648	-1.13159542343564E-02	-2.09720944125E-07	0	-0.00533293662	10259.59765625	
36.083744	-1.13158885859336E-02	-2.0896373334375E-07	0	-0.00596236047	10259.59765625	
36.08784	-1.13155189249678E-02	-2.16898100409375E-07	0	-0.0073242048	10259.59765625	
36.091936	-1.13150969647014E-02	-2.3316851683125E-07	0	-0.00729750197	10259.59765625	
36.096032	-1.13152736119895E-02	-2.2953390508125E-07	0	-0.00839613269	10259.59765625	
36.100128	-1.13158585961248E-02	-2.0421758424375E-07	0	-0.00768660035	10259.59765625	
36.104224	-1.13163897266097E-02	-1.77976504715625E-07	0	-0.00869367851	10259.59765625	
36.10832	-1.13165917920894E-02	-1.66699112146875E-07	0	-0.00708006464	10259.59765625	
36.112416	-1.13166792928423E-02	-1.66540939228125E-07	0	-0.00673674254	10259.59765625	
36.116512	-1.13166463771986E-02	-1.71168819215625E-07	0	-0.0054550067	10259.59765625	
36.120608	-1.13163887208539E-02	-1.82440442559375E-07	0	-0.00669478095	10259.59765625	
36.124704	-0.011315924610277	-2.0085797221875E-07	0	-0.0059890633	10259.59765625	
36.1288	-1.13153528838316E-02	-2.219738164875E-07	0	-0.00523375468	10259.59765625	
36.132896	-1.13149017566475E-02	-2.3834928088125E-07	0	-0.00745390426	10259.59765625	
36.136992	-1.13147331554056E-02	-2.4228196925625E-07	0	-0.0082397304	10259.59765625	
36.141088	-1.13148491830498E-02	-2.327853441375E-07	0	-0.00647734362	10259.59765625	
36.145184	-1.13149978520408E-02	-2.19784155215625E-07	0	-0.006866442	10259.59765625	
36.14928	-1.13150469512094E-02	-2.10563972128125E-07	0	-0.00735090763	10259.59765625	
36.153376	-0.011314917574443	-2.10467337609375E-07	0	-0.00688170076	10259.59765625	
36.157472	-0.011314792312132	-2.12875027509375E-07	0	-0.00651549052	10259.59765625	
36.161568	-1.13146686956033E-02	-2.14966852340625E-07	0	-0.00619887125	10259.59765625	
36.165664	-1.13144010731331E-02	-2.19863241675E-07	0	-0.00657271087	10259.59765625	
36.16976	-1.13139745412495E-02	-2.31753854784375E-07	0	-0.00856397905	10259.59765625	
36.173856	-1.13136452019473E-02	-2.412834125625E-07	0	-0.00844190897	10259.59765625	
36.177952	-1.13138611651433E-02	-2.33924766075E-07	0	-0.00747297771	10259.59765625	
36.182048	-1.13144547439189E-02	-2.0836950316875E-07	0	-0.00732801949	10259.59765625	
36.186144	-1.13148913333603E-02	-1.849315458375E-07	0	-0.00639723513	10259.59765625	
36.19024	-1.13149119056377E-02	-1.7988010858125E-07	0	-0.00589751074	10259.59765625	
36.194336	-1.13147564706533E-02	-1.869219284625E-07	0	-0.00572584969	10259.59765625	
36.198432	-1.13146733586528E-02	-1.93054855021875E-07	0	-0.00422286183	10259.59765625	
36.202528	-1.13144791563547E-02	-1.99195233496875E-07	0	-0.00718306127	10259.59765625	
36.206624	-1.13139675009591E-02	-2.137911323625E-07	0	-0.00885771018	10259.59765625	
36.21072	-1.13134788865141E-02	-2.32710584596875E-07	0	-0.00671766909	10259.59765625	
36.214816	-1.13135651072142E-02	-2.3264976735E-07	0	-0.00784300264	10259.59765625	
36.218912	-1.13140659735933E-02	-2.11855557375E-07	0	-0.00723646693	10259.59765625	
36.223008	-1.13144624242358E-02	-1.893392337375E-07	0	-0.00736998108	10259.59765625	
36.227104	-1.13144425834172E-02	-1.84626978834375E-07	0	-0.00796125803	10259.6171875	
36.2312	-1.13143116523009E-02	-1.904776941375E-07	0	-0.00470351277	10259.6171875	
36.235296	-1.13143223498852E-02	-1.93182739509375E-07	0	-0.00643919672	10259.6171875	
36.239392	-1.13142092480759E-02	-1.94961583884375E-07	0	-0.00765226814	10259.6171875	
36.243488	-1.13137694585025E-02	-2.0677815860625E-07	0	-0.00708006464	10259.6171875	
36.247584	-1.13131254090731E-02	-2.27357705334375E-07	0	-0.00637434699	10259.6171875	
36.25168	-1.13127189008728E-02	-2.4186273890625E-07	0	-0.00817869536	10259.6171875	
36.255776	-1.13126879053083E-02	-2.41671633328125E-07	0	-0.0063323854	10259.6171875	
36.259872	-0.011312942635818	-2.26458187003125E-07	0	-0.00725172569	10259.6171875	
36.263968	-1.13130198047161E-02	-2.14865890903125E-07	0	-0.00640486451	10259.6171875	
36.268064	-1.13128971025108E-02	-2.12891373646875E-07	0	-0.00660322839	10259.6171875	
36.27216	-1.13127791547873E-02	-2.15036563809375E-07	0	-0.00646589955	10259.6171875	
36.276256	-0.011312623719803	-2.1660603339375E-07	0	-0.00671766909	10259.6171875	
36.280352	-1.13123519828773E-02	-2.2253102746875E-07	0	-0.00555418864	10259.6171875	
36.284448	-1.13119530635616E-02	-2.312468841375E-07	0	-0.00753401275	10259.6171875	
36.288544	-1.13115175713083E-02	-2.42084132915625E-07	0	-0.00782392919	10259.6171875	
36.29264	-0.011311328123492	-2.46860570446875E-07	0	-0.00796125803	10259.6171875	
36.296736	-1.13116098265431E-02	-2.35081736071875E-07	0	-0.00755690089	10259.6171875	
36.300832	-1.13119883564462E-02	-2.15519736403125E-07	0	-0.00569151748	10259.6171875	
36.304928	-1.13121571405528E-02	-2.02305566925E-07	0	-0.00640104982	10259.6171875	
36.309024	-1.13120352612386E-02	-2.02953883584375E-07	0	-0.00551604174	10259.6171875	
36.31312	-1.13119637611458E-02	-2.06105563125E-07	0	-0.00560377961	10259.6171875	
36.317216	-1.13119758302152E-02	-2.0585700568125E-07	0	-0.00510024053	10259.6171875	
36.321312	-1.13116838867416E-02	-2.10105318740625E-07	0	-0.00520323716	10259.6171875	
36.325408	-1.13111392242698E-02	-2.2606563931875E-07	0	-0.00807188404	10259.6171875	
36.329504	-1.13106840740627E-02	-2.41289902940625E-07	0	-0.00706862057	10259.6171875	
36.3336	-1.13106952288086E-02	-2.4161754684375E-07	0	-0.00788496423	10259.6171875	
36.337696	-1.13110459632792E-02	-2.2713102286875E-07	0	-0.00810621625	10259.6171875	
36.341792	-1.13113583875978E-02	-2.091161370375E-07	0	-0.00851820277	10259.6171875	
36.345888	-1.13114044694991E-02	-2.02124557490625E-07	0	-0.00751875399	10259.6171875	
36.349984	-1.13115108053148E-02	-1.99445714015625E-07	0	-0.00573347907	10259.6171875	
36.35408	-1.13116365247875E-02	-1.95054372253125E-07	0	-0.00549696829	10259.6171875	
36.358176	-1.13115307375658E-02	-1.96219274934375E-07	0	-0.00634382947	10259.6171875	
36.362272	-0.011311172505643	-2.0684162008125E-07	0	-0.00585554915	10259.6171875	
36.366368	-1.13108040332977E-02	-2.19741847565625E-07	0	-0.00745008957	10259.6171875	
36.370464	-1.13106871827623E-02	-2.2447525629375E-07	0	-0.0071334703	10259.6171875	
36.37456	-0.011310798547357	-2.20239923990625E-07	0	-0.00864790223	10259.6171875	
36.378656	-1.13111188348572E-02	-2.07756282628125E-07	0	-0.00781248512	10259.6171875	
36.382752	-1.13114982790838E-02	-1.93653412115625E-07	0	-0.00642012327	10259.6171875	
36.386848	-1.13118285327094E-02	-1.81136116940625E-07	0	-0.00596236047	10259.6171875	
36.390944	-1.13119073473897E-02	-1.772603996625E-07	0	-0.00636671761	10259.6171875	
36.39504	-1.13116896469792E-02	-1.83685152853125E-07	0	-0.00716017313	10259.6171875	
36.399136	-1.13113341580267E-02	-1.96895716565625E-07	0	-0.00596998985	10259.6171875	
36.403232	-1.13109165865128E-02	-2.1125748105E-07	0	-0.00783918795	10259.6171875	
36.407328	-1.13106206200161E-02	-2.21665403334375E-07	0	-0.00884245142	10259.6171875	
36.411424	-1.13104754254542E-02	-2.24745207946875E-07	0	-0.00772474725	10259.6171875	
36.41552	-1.13105606403986E-02	-2.21686316775E-07	0	-0.00778578229	10259.6171875	
36.419616	-1.13109959497872E-02	-2.0632815905625E-07	0	-0.00537489821	10259.6171875	
36.423712	-1.13112834130759E-02	-1.9190221194375E-07	0	-0.00485610037	10259.6171875	
36.427808	-1.13112205076234E-02	-1.8940029136875E-07	0	-0.00555037395	10259.61328125	
36.431904	-1.13110014357278E-02	-1.96940908828125E-07	0	-0.00556563271	10259.61328125	
36.436	-1.13108355774562E-02	-2.03385613921875E-07	0	-0.00500868797	10259.61328125	
36.440096	-1.13105532343788E-02	-2.09513252025E-07	0	-0.00579069942	10259.61328125	
36.444192	-0.011310055385267	-2.220642010125E-07	0	-0.00662230184	10259.61328125	
36.448288	-0.011309625287522	-2.3456659235625E-07	0	-0.00632857071	10259.61328125	
36.452384	-1.13094366625969E-02	-2.394007221375E-07	0	-0.00558089147	10259.61328125	
36.45648	-1.13094576920359E-02	-2.34635582671875E-07	0	-0.00785444671	10259.61328125	
36.460576	-1.13095221518383E-02	-2.2632525444375E-07	0	-0.00814817784	10259.61328125	
36.464672	-1.13095089855808E-02	-2.21014923215625E-07	0	-0.0065994137	10259.61328125	
36.468768	-1.13095415354952E-02	-2.1719834049375E-07	0	-0.00608824524	10259.61328125	
36.472864	-1.13096704550998E-02	-2.10508683721875E-07	0	-0.004959097	10259.61328125	
36.47696	-1.13094945392705E-02	-2.0925796381875E-07	0	-0.00632857071	10259.61328125	
36.481056	-1.13089280244686E-02	-2.2236468148125E-07	0	-0.00563811182	10259.61328125	
36.485152	-1.13084771715816E-02	-2.3719351280625E-07	0	-0.00594328702	10259.61328125	
36.489248	-1.13083431317656E-02	-2.40627403603125E-07	0	-0.00733564887	10259.61328125	
36.493344	-1.13083775103269E-02	-2.3556370674375E-07	0	-0.00628279443	10259.61328125	
36.49744	-0.01130855123178	-2.25765399234375E-07	0	-0.00759504779	10259.61328125	
36.501536	-1.13087671035436E-02	-2.14929833146875E-07	0	-0.00554274457	10259.61328125	
36.505632	-1.13089421050495E-02	-2.05794746128125E-07	0	-0.00543974794	10259.61328125	
36.509728	-1.13090157995186E-02	-2.0125508720625E-07	0	-0.00682448041	10259.61328125	
36.513824	-1.13089016005213E-02	-2.02396191834375E-07	0	-0.00592421357	10259.61328125	
36.51792	-0.011308592467767	-2.1020507825625E-07	0	-0.00688933014	10259.61328125	
36.522016	-1.13082132064052E-02	-2.216488168125E-07	0	-0.00653456397	10259.61328125	
36.526112	-0.011308109156398	-2.2592910099375E-07	0	-0.00874326948	10259.61328125	
36.530208	-0.011308141340583	-2.23262036353125E-07	0	-0.00683210979	10259.61328125	
36.534304	-1.13082970498644E-02	-2.15728390040625E-07	0	-0.00672911316	10259.61328125	
36.5384	-1.13086164230411E-02	-2.06070226621875E-07	0	-0.00552367112	10259.61328125	
36.542496	-1.13090452407333E-02	-1.9146182776875E-07	0	-0.00547789484	10259.61328125	
36.546592	-1.13092807704508E-02	-1.8261087508125E-07	0	-0.00564955589	10259.61328125	
36.550688	-1.13093843632962E-02	-1.804228965E-07	0	-0.00505446425	10259.61328125	
36.554784	-1.13093749457648E-02	-1.816536645E-07	0	-0.00580977287	10259.61328125	
36.55888	-1.13090416748719E-02	-1.907776938375E-07	0	-0.00574492314	10259.61328125	
36.562976	-0.011308682620058	-2.0358825795E-07	0	-0.00799940493	10259.61328125	
36.567072	-0.011308402014195	-2.13714930515625E-07	0	-0.00782392919	10259.61328125	
36.571168	-1.13083263996467E-02	-2.1649593735E-07	0	-0.0077056738	10259.61328125	
36.575264	-1.13082988785112E-02	-2.1546276530625E-07	0	-0.00787733485	10259.61328125	
36.57936	-1.13083904022873E-02	-2.11136567709375E-07	0	-0.00969694198	10259.61328125	
36.583456	-1.13085457458394E-02	-2.05097150671875E-07	0	-0.00677870413	10259.61328125	
36.587552	-1.13086908489689E-02	-1.97740908028125E-07	0	-0.0057983288	10259.61328125	
36.591648	-1.13085971308166E-02	-1.9690220694375E-07	0	-0.00623701815	10259.61328125	
36.595744	-1.13083303312375E-02	-2.02447634090625E-07	0	-0.00388716911	10259.61328125	
36.59984	-1.13079207143375E-02	-2.1292430630625E-07	0	-0.00554274457	10259.61328125	
36.603936	-1.13074586152722E-02	-2.2528775548125E-07	0	-0.00535201007	10259.61328125	
36.608032	-1.13071753578712E-02	-2.3299640161875E-07	0	-0.0071334703	10259.61328125	
36.612128	-1.13070055680089E-02	-2.345795731125E-07	0	-0.00741575736	10259.61328125	
36.616224	-1.13070088595733E-02	-2.31209624559375E-07	0	-0.00779722636	10259.61328125	
36.62032	-1.13072954085386E-02	-2.20916365621875E-07	0	-0.00760267717	10259.61328125	
36.624416	-0.011307667355313	-2.04965900803125E-07	0	-0.00647734362	10259.61328125	
36.628512	-1.13075065258203E-02	-2.01474798525E-07	0	-0.00588606667	10259.61328125	
36.632608	-1.13071472881417E-02	-2.09624790375E-07	0	-0.00567625872	10259.61328125	
36.636704	-1.13067294423308E-02	-2.2071901005E-07	0	-0.00541304511	10259.61328125	
36.6408	-1.13062433879914E-02	-2.31850008534375E-07	0	-0.00634382947	10259.61328125	
36.644896	-1.13057933579955E-02	-2.42426440265625E-07	0	-0.00665663405	10259.61328125	
36.648992	-0.011305487882535	-2.48209367175E-07	0	-0.00657271087	10259.61328125	
36.653088	-1.13055616684364E-02	-2.43600958321875E-07	0	-0.00579069942	10259.61328125	
36.657184	-1.13058291994742E-02	-2.31506739646875E-07	0	-0.00531767786	10259.61328125	
36.66128	-1.13061269946178E-02	-2.1689064849375E-07	0	-0.00543593325	10259.61328125	
36.665376	-1.13061809397006E-02	-2.09600511553125E-07	0	-0.00504683487	10259.61328125	
36.669472	-1.13061251659709E-02	-2.08560127978125E-07	0	-0.00551604174	10259.61328125	
36.673568	-1.13060517457989E-02	-2.100642130125E-07	0	-0.00662230184	10259.61328125	
36.677664	-1.13060236760694E-02	-2.106372893625E-07	0	-0.00727461383	10259.61328125	
36.68176	-1.13058157589197E-02	-2.13356757796875E-07	0	-0.00784681733	10259.61328125	
36.685856	-0.011305540821862	-2.21010596296875E-07	0	-0.00795744334	10259.61328125	
36.689952	-1.13057080516188E-02	-2.1959593425E-07	0	-0.00646971424	10259.61328125	
36.694048	-1.13060946275681E-02	-2.07367821478125E-07	0	-0.00758741841	10259.61328125	
36.698144	-1.13064787348442E-02	-1.94330334515625E-07	0	-0.00656889618	10259.61328125	
36.70224	-1.13068375153611E-02	-1.84014479446875E-07	0	-0.0050353908	10259.61328125	
36.706336	-1.13070916058444E-02	-1.765604003625E-07	0	-0.00463866304	10259.61328125	
36.710432	-1.13071386935014E-02	-1.761257854125E-07	0	-0.00346755321	10259.61328125	
36.714528	-1.13070252259628E-02	-1.8099837669375E-07	0	-0.00464247773	10259.61328125	
36.718624	-1.13066515419739E-02	-1.9201567336875E-07	0	-0.00508879646	10259.61328125	
36.72272	-1.13061269031855E-02	-2.07467340609375E-07	0	-0.00568007341	10259.61328125	
36.726816	-0.0113058360569	-2.1865603134375E-07	0	-0.00719832003	10259.61328125	
36.730912	-1.13058420914347E-02	-2.192988191625E-07	0	-0.00875852824	10259.61328125	
36.735008	-1.13060490942609E-02	-2.12142335934375E-07	0	-0.00740431329	10259.61328125	
36.739104	-1.13062984302623E-02	-2.023103746125E-07	0	-0.00620650063	10259.61328125	
36.7432	-1.13064796491677E-02	-1.947142283625E-07	0	-0.00721739348	10259.61328125	
36.747296	-1.13064311900255E-02	-1.93125528028125E-07	0	-0.0043487466	10259.61328125	
36.751392	-1.13061194057333E-02	-1.9954931968125E-07	0	-0.0040817183	10259.61328125	
36.755488	-0.011305642677493	-2.11605557625E-07	0	-0.00491332072	10259.61328125	
36.759584	-1.13050008224398E-02	-2.26332465975E-07	0	-0.00502776142	10259.61328125	
36.76368	-1.13043656419478E-02	-2.41482450825E-07	0	-0.00604246896	10259.61328125	
36.767776	-1.13039112231994E-02	-2.5080311458125E-07	0	-0.00712202623	10259.61328125	
36.771872	-1.13038749245589E-02	-2.50293740090625E-07	0	-0.00742338674	10259.61328125	
36.775968	-1.13041067055503E-02	-2.380074543E-07	0	-0.00657271087	10259.61328125	
36.780064	-0.011304250528627	-2.2640794666875E-07	0	-0.00719450534	10259.61328125	
36.78416	-1.13042839014325E-02	-2.19663241875E-07	0	-0.005340566	10259.61328125	
36.788256	-1.13041520559928E-02	-2.183459355E-07	0	-0.00529860441	10259.61328125	
36.792352	-1.13038694386183E-02	-2.220757394625E-07	0	-0.00534438069	10259.61328125	
36.796448	-1.13033788126617E-02	-2.3139832629375E-07	0	-0.00536726883	10259.61328125	
36.800544	-1.13028496022561E-02	-2.42517786328125E-07	0	-0.00687788607	10259.61328125	
36.80464	-1.13023997551248E-02	-2.51968257646875E-07	0	-0.00679777758	10259.61328125	
36.808736	-1.13024685122473E-02	-2.49997586540625E-07	0	-0.00593565764	10259.61328125	
36.812832	-1.13029880308245E-02	-2.3365120865625E-07	0	-0.00687788607	10259.61328125	
36.816928	-1.13035550027881E-02	-2.1220603779375E-07	0	-0.00575255252	10259.61328125	
36.821024	-1.13038804104995E-02	-1.98315426684375E-07	0	-0.00562666775	10259.61328125	
36.82512	-1.13040505660912E-02	-1.92405817209375E-07	0	-0.00496672638	10259.61328125	
36.829216	-1.13042084697489E-02	-1.89700050684375E-07	0	-0.00470351277	10259.61328125	
36.833312	-1.13042842671619E-02	-1.8861279215625E-07	0	-0.00604628365	10259.61328125	
36.837408	-1.13040822931145E-02	-1.93430335415625E-07	0	-0.0069808827	10259.61328125	
36.841504	-1.13037093405844E-02	-2.044853724375E-07	0	-0.00673674254	10259.61328125	
36.8456	-1.13035306817847E-02	-2.1248584520625E-07	0	-0.0063323854	10259.61328125	
36.849696	-1.13036644473036E-02	-2.1148007698125E-07	0	-0.00804518121	10259.61328125	
36.853792	-1.13040902477284E-02	-2.01763259775E-07	0	-0.00672529847	10259.61328125	
36.857888	-1.13044246158095E-02	-1.90019761903125E-07	0	-0.00691221828	10259.61328125	
36.861984	-1.13045398205627E-02	-1.853815453875E-07	0	-0.00534438069	10259.61328125	
36.86608	-1.13046374703058E-02	-1.84541882765625E-07	0	-0.00419234431	10259.61328125	
36.870176	-1.13047519436002E-02	-1.834152012E-07	0	-0.00485228568	10259.61328125	
36.874272	-1.13045325974075E-02	-1.8805125425625E-07	0	-0.00463484835	10259.61328125	
36.878368	-1.13040174675828E-02	-2.00781289603125E-07	0	-0.00563429713	10259.61328125	
36.882464	-1.13034984975997E-02	-2.1607141854375E-07	0	-0.00695799456	10259.61328125	
36.88656	-1.13032315151559E-02	-2.2534160158125E-07	0	-0.00749968054	10259.61328125	
36.890656	-1.13034510442133E-02	-2.219661241875E-07	0	-0.00822447164	10259.61328125	
36.894752	-1.13036988258648E-02	-2.115392115375E-07	0	-0.00813291908	10259.61328125	
36.898848	-1.13036685617591E-02	-2.06844023925E-07	0	-0.00712202623	10259.61328125	
36.902944	-1.13034681420616E-02	-2.09397627140625E-07	0	-0.00471495684	10259.61328125	
36.90704	-1.13032620535587E-02	-2.1359834409375E-07	0	-0.00560377961	10259.61328125	
36.911136	-1.13029391145206E-02	-2.19047857875E-07	0	-0.00382613407	10259.61328125	
36.915232	-1.13022365483912E-02	-2.30412029203125E-07	0	-0.00635527354	10259.61328125	
36.919328	-1.13014009482017E-02	-2.486795590125E-07	0	-0.00673292785	10259.61328125	
36.923424	-1.13008874641592E-02	-2.607737776875E-07	0	-0.00542830387	10259.61328125	
36.92752	-1.13008676233406E-02	-2.59536519309375E-07	0	-0.00586317853	10259.61328125	
36.931616	-1.13009982801598E-02	-2.4939638521875E-07	0	-0.00668715157	10259.61328125	
36.935712	-0.01130104353917	-2.40578365190625E-07	0	-0.0070953234	10259.61328125	
36.939808	-1.13010538710248E-02	-2.34557698134375E-07	0	-0.00498579983	10259.61328125	
36.943904	-1.13011933053491E-02	-2.280968872875E-07	0	-0.00580214349	10259.61328125	
36.948	-1.13013601693764E-02	-2.20459635309375E-07	0	-0.00559233554	10259.61328125	
36.952096	-1.13012187235406E-02	-2.18391368146875E-07	0	-0.0052642722	10259.61328125	
36.956192	-1.13007423610297E-02	-2.26132706559375E-07	0	-0.00631331195	10259.61328125	
36.960288	-1.13003285382419E-02	-2.36300965621875E-07	0	-0.00656889618	10259.61328125	
36.964384	-1.13003449046314E-02	-2.37736300725E-07	0	-0.00669859564	10259.61328125	
36.96848	-1.13006900617291E-02	-2.28116358421875E-07	0	-0.00614928028	10259.61328125	
36.972576	-1.13010887067478E-02	-2.1438968945625E-07	0	-0.00625990629	10259.61328125	
36.976672	-1.13014627564661E-02	-2.03234652534375E-07	0	-0.00529860441	10259.61328125	
36.980768	-1.13019649943303E-02	-1.91188510734375E-07	0	-0.00402068326	10259.61328125	
36.984864	-1.13023357524842E-02	-1.82140202475E-07	0	-0.00402449795	10259.61328125	
36.98896	-1.13025085596139E-02	-1.77920975925E-07	0	-0.00474547436	10259.61328125	
36.993056	-1.13022819902661E-02	-1.83683229778125E-07	0	-0.00439070819	10259.61328125	
36.997152	-1.13019371074655E-02	-1.9529740085625E-07	0	-0.00654219335	10259.61328125	
37.001248	-1.13016346492723E-02	-2.06669264484375E-07	0	-0.00637816168	10259.61328125	
37.005344	-1.13017194984873E-02	-2.09492819353125E-07	0	-0.0063323854	10259.61328125	
37.00944	-0.011302073158793	-2.0171662520625E-07	0	-0.00669859564	10259.61328125	
37.013536	-1.13023006424642E-02	-1.94070238621875E-07	0	-0.00500105859	10259.61328125	
37.017632	-0.011302421607455	-1.90256300128125E-07	0	-0.0050735377	10259.61328125	
37.021728	-1.13023788171181E-02	-1.91200049184375E-07	0	-0.00382994876	10259.61328125	
37.025824	-1.13023815600884E-02	-1.927151919E-07	0	-0.00399016574	10259.61328125	
37.02992	-1.13021299382784E-02	-1.974411487125E-07	0	-0.00390624256	10259.61328125	
37.034016	-1.13015902131533E-02	-2.08858685371875E-07	0	-0.00494765293	10259.61328125	
37.038112	-0.01130092650577	-2.24452900546875E-07	0	-0.00497054107	10259.61328125	
37.042208	-1.13004010440905E-02	-2.3807620423125E-07	0	-0.00582121694	10259.61328125	
37.046304	-1.13002955311658E-02	-2.41554325753125E-07	0	-0.00562285306	10259.61328125	
37.0504	-1.13002744102944E-02	-2.37341349196875E-07	0	-0.00679396289	10259.61328125	
37.054496	-1.13001604855941E-02	-2.33479814596875E-07	0	-0.00655745211	10259.61328125	
37.058592	-0.011299925595903	-2.33540391459375E-07	0	-0.00660322839	10259.61328125	
37.062688	-1.12999151726158E-02	-2.32271161959375E-07	0	-0.00532912193	10259.61328125	
37.066784	-0.01129989076018	-2.2784207985E-07	0	-0.0046920687	10259.61328125	
37.07088	-1.12996015596767E-02	-2.28615877153125E-07	0	-0.00504302018	10259.61328125	
37.074976	-1.12990719835417E-02	-2.36005533225E-07	0	-0.00672911316	10259.61328125	
37.079072	-1.12984645984822E-02	-2.47830761784375E-07	0	-0.0057601819	10259.61328125	
37.083168	-1.12982979173195E-02	-2.5230215154375E-07	0	-0.0064468261	10259.61328125	
37.087264	-1.12984752960664E-02	-2.4625600374375E-07	0	-0.00627516505	10259.61328125	
37.09136	-1.12989082282141E-02	-2.3164255681875E-07	0	-0.00528334565	10259.61328125	
37.095456	-1.12990886242283E-02	-2.208045868875E-07	0	-0.00555418864	10259.61328125	
37.099552	-1.12993713330352E-02	-2.13051950409375E-07	0	-0.00319289553	10259.61328125	
37.103648	-1.12998153284964E-02	-2.02625999296875E-07	0	-0.00328444809	10259.61328125	
37.107744	-1.13001218097127E-02	-0.000000193230576	0	-0.00445937261	10259.61328125	
37.11184	-1.13000850539105E-02	-1.91959183040625E-07	0	-0.00526045751	10259.61328125	
37.115936	-1.12997253590702E-02	-1.9957287735E-07	0	-0.00607680117	10259.61328125	
37.120032	-1.12996018339738E-02	-2.07321186909375E-07	0	-0.00730513135	10259.61328125	
37.124128	-1.12998432153613E-02	-2.05900996021875E-07	0	-0.0058364757	10259.61328125	
37.128224	-1.13003637396942E-02	-1.95726967734375E-07	0	-0.00707624995	10259.61328125	
37.13232	-1.13006776269303E-02	-1.8628683294375E-07	0	-0.00564955589	10259.61328125	
37.136416	-1.13008052664822E-02	-1.8313298994375E-07	0	-0.00485991506	10259.61328125	
37.140512	-1.13010121778761E-02	-1.8184356815625E-07	0	-0.0034713679	10259.61328125	
37.144608	-1.13011904709464E-02	-1.79323137984375E-07	0	-0.00432585846	10259.61328125	
37.148704	-1.13010271727805E-02	-1.8265606734375E-07	0	-0.00433348784	10259.61328125	
37.1528	-1.13003892493181E-02	-1.968315339375E-07	0	-0.00535963945	10259.61328125	
37.156896	-1.12997505029647E-02	-2.15093294521875E-07	0	-0.0060653571	10259.61328125	
37.160992	-1.12994804118212E-02	-2.2452044855625E-07	0	-0.00613783621	10259.61328125	
37.165088	-1.12994400901577E-02	-2.24979823096875E-07	0	-0.00625990629	10259.61328125	
37.169184	-0.011299357983913	-2.228382387E-07	0	-0.00696943863	10259.61328125	
37.17328	-1.12991600328887E-02	-2.23367324709375E-07	0	-0.00635145885	10259.61328125	
37.177376	-1.12990652175483E-02	-2.23958670271875E-07	0	-0.00479506533	10259.61328125	
37.181472	-1.12991035277003E-02	-2.21216365321875E-07	0	-0.0055313005	10259.61328125	
37.185568	-1.12989323663528E-02	-2.1952814585625E-07	0	-0.00491713541	10259.61328125	
37.189664	-0.011298418790878	-2.259353509875E-07	0	-0.0051498315	10259.61328125	
37.19376	-1.12977852561681E-02	-2.38443751940625E-07	0	-0.00510024053	10259.61328125	
37.197856	-1.12975158050511E-02	-2.45205283640625E-07	0	-0.00474928905	10259.61328125	
37.201952	-1.12974222697634E-02	-2.44313457609375E-07	0	-0.00653074928	10259.61328125	
37.206048	-1.12973585414198E-02	-2.40859614909375E-07	0	-0.0054168598	10259.61328125	
37.210144	-1.12973604614991E-02	-2.37063945628125E-07	0	-0.00629805319	10259.61328125	
37.21424	-1.12974835294337E-02	-2.31352893646875E-07	0	-0.00541304511	10259.61328125	
37.218336	-1.12977005898178E-02	-2.23647853275E-07	0	-0.00484847099	10259.61328125	
37.222432	-1.12979003694889E-02	-2.15812524571875E-07	0	-0.00510786991	10259.61328125	
37.226528	-1.12978285036667E-02	-2.1242911449375E-07	0	-0.00531004848	10259.61328125	
37.230624	-1.12974214468723E-02	-2.18157233765625E-07	0	-0.00524519875	10259.62890625	
37.23472	-1.12971420296298E-02	-2.249584288875E-07	0	-0.00685118324	10259.62890625	
37.238816	-1.12970408140253E-02	-2.27920685540625E-07	0	-0.0067138544	10259.62890625	
37.242912	-1.12971744881119E-02	-2.245074678E-07	0	-0.0055694474	10259.62890625	
37.247008	-0.011297415778067	-2.1794978205E-07	0	-0.0067138544	10259.62890625	
37.251104	-1.12977988795873E-02	-2.083084455375E-07	0	-0.00579069942	10259.62890625	
37.2552	-1.12981737521967E-02	-1.98789945440625E-07	0	-0.00556563271	10259.62890625	
37.259296	-1.12985862034994E-02	-1.90359184640625E-07	0	-0.00477980657	10259.62890625	
37.263392	-1.12989567787886E-02	-1.82164000528125E-07	0	-0.00317763677	10259.62890625	
37.267488	-1.12989162742603E-02	-1.8154212615E-07	0	-0.00479506533	10259.62890625	
37.271584	-1.12984229053334E-02	-1.91981298403125E-07	0	-0.00616453904	10259.62890625	
37.27568	-1.12978375554688E-02	-2.08850993071875E-07	0	-0.00704191774	10259.62890625	
37.279776	-1.12976310098042E-02	-2.18771175459375E-07	0	-0.00734709294	10259.62890625	
37.283872	-1.12977015041412E-02	-2.1854353145625E-07	0	-0.00716398782	10259.62890625	
37.287968	-1.12977530719831E-02	-2.14922140846875E-07	0	-0.00766371221	10259.62890625	
37.292064	-1.12977291167091E-02	-2.1276661415625E-07	0	-0.00623701815	10259.62890625	
37.29616	-1.12977641352967E-02	-2.1138969245625E-07	0	-0.00403975671	10259.62890625	
37.300256	-1.12979075012117E-02	-2.07685128853125E-07	0	-0.00413512396	10259.62890625	
37.304352	-1.12978887575813E-02	-2.05154842921875E-07	0	-0.00475310374	10259.62890625	
37.308448	-0.011297430407242	-2.105997894E-07	0	-0.00548933891	10259.62890625	
37.312544	-1.12968430458658E-02	-2.23657228265625E-07	0	-0.00508879646	10259.62890625	
37.31664	-1.12966631070133E-02	-2.305776540375E-07	0	-0.00507735239	10259.62890625	
37.320736	-1.12966932796867E-02	-2.2885602114375E-07	0	-0.00639342044	10259.62890625	
37.324832	-1.12966804791586E-02	-2.254382361E-07	0	-0.00795744334	10259.62890625	
37.328928	-1.12965866695739E-02	-2.244122755875E-07	0	-0.00687407138	10259.62890625	
37.333024	-1.12967080917264E-02	-2.21675499478125E-07	0	-0.00622175939	10259.62890625	
37.33712	-1.12969570619984E-02	-2.145776700375E-07	0	-0.00602339551	10259.62890625	
37.341216	-1.12970221618272E-02	-2.09493300121875E-07	0	-0.00653837866	10259.62890625	
37.345312	-1.12967682542086E-02	-2.11505557725E-07	0	-0.00437926412	10259.62890625	
37.349408	-1.12961860130436E-02	-2.210911250625E-07	0	-0.004959097	10259.62890625	
37.353504	-1.12957080961828E-02	-2.3248582520625E-07	0	-0.0055694474	10259.62890625	
37.3576	-0.011295507585053	-2.36864426596875E-07	0	-0.00562666775	10259.62890625	
37.361696	-1.12954619603134E-02	-2.359411102125E-07	0	-0.00683973917	10259.62890625	
37.365792	-1.12954590344784E-02	-2.32339911890625E-07	0	-0.00733564887	10259.62890625	
37.369888	-1.12956917297933E-02	-2.26251456440625E-07	0	-0.00703810305	10259.62890625	
37.373984	-1.12962014651097E-02	-2.14282237640625E-07	0	-0.00547789484	10259.62890625	
37.37808	-1.12966285455873E-02	-2.01385615921875E-07	0	-0.00629805319	10259.62890625	
37.382176	-1.12966900795547E-02	-1.96159419225E-07	0	-0.005340566	10259.62890625	
37.386272	-1.12963611059819E-02	-2.00501722575E-07	0	-0.00510024053	10259.62890625	
37.390368	-1.12958364671934E-02	-2.12517816328125E-07	0	-0.00702665898	10259.62890625	
37.394464	-1.12954931387427E-02	-2.2280795026875E-07	0	-0.00566099996	10259.62890625	
37.39856	-1.12954359935278E-02	-2.259757355625E-07	0	-0.00759504779	10259.62890625	
37.402656	-1.12954055465573E-02	-2.2510121720625E-07	0	-0.00717543189	10259.62890625	
37.406752	-1.12954254788083E-02	-2.23309392075E-07	0	-0.00608061586	10259.62890625	
37.410848	-1.12956285500438E-02	-2.18619733303125E-07	0	-0.00603102489	10259.62890625	
37.414944	-1.12959375913656E-02	-2.11130317715625E-07	0	-0.0051116846	10259.62890625	
37.41904	-0.011296119358865	-2.0430796876875E-07	0	-0.00503157611	10259.62890625	
37.423136	-1.12958425931605E-02	-2.056757558625E-07	0	-0.00632094133	10259.62890625	
37.427232	-0.011295288147428	-2.16155793459375E-07	0	-0.00612257745	10259.62890625	
37.431328	-1.12949597224492E-02	-2.25482466825E-07	0	-0.00553892988	10259.62890625	
37.435424	-1.12948808163366E-02	-2.2772813765625E-07	0	-0.0079727021	10259.62890625	
37.43952	-1.12947834408905E-02	-2.27100974821875E-07	0	-0.00679777758	10259.62890625	
37.443616	-1.12945384936416E-02	-2.287315020375E-07	0	-0.00753401275	10259.62890625	
37.447712	-1.12945709521236E-02	-2.29181741971875E-07	0	-0.00623701815	10259.62890625	
37.451808	-1.12950266509248E-02	-2.1990362625E-07	0	-0.00563048244	10259.62890625	
37.455904	-1.12954290446697E-02	-2.07710128828125E-07	0	-0.00508879646	10259.62890625	
37.46	-1.12953685164581E-02	-2.03270950575E-07	0	-0.00519942247	10259.62890625	
37.464096	-1.12950154961789E-02	-2.09075031309375E-07	0	-0.00413130927	10259.62890625	
37.468192	-1.12946276401767E-02	-2.18047137721875E-07	0	-0.0044250404	10259.62890625	
37.472288	-1.12944195401623E-02	-2.24176939284375E-07	0	-0.00630568257	10259.62890625	
37.476384	-1.12942630079898E-02	-2.2687717696875E-07	0	-0.00741575736	10259.62890625	
37.48048	-1.12940725544178E-02	-2.29110107428125E-07	0	-0.00883863673	10259.62890625	
37.484576	-1.12940556394342E-02	-2.297372702625E-07	0	-0.00686262731	10259.62890625	
37.488672	-1.12943887274625E-02	-2.23086315375E-07	0	-0.00764082407	10259.62890625	
37.492768	-1.12947684459861E-02	-2.1279161413125E-07	0	-0.00745771895	10259.62890625	
37.496864	-0.011294902211505	-2.0625027451875E-07	0	-0.0059509164	10259.62890625	
37.50096	-1.12947258385139E-02	-2.06869264284375E-07	0	-0.00590132543	10259.62890625	
37.505056	-1.12943868988156E-02	-2.132997867E-07	0	-0.00527190158	10259.62890625	
37.509152	-1.12939676815195E-02	-2.21148096159375E-07	0	-0.00611113338	10259.62890625	
37.513248	-1.12936523313659E-02	-2.28963232575E-07	0	-0.0060272102	10259.62890625	
37.517344	-1.12935629105337E-02	-2.30559625209375E-07	0	-0.00635145885	10259.62890625	
37.52144	-1.12935991177419E-02	-2.289026557125E-07	0	-0.00645064079	10259.62890625	
37.525536	-1.12937697304953E-02	-2.2336371894375E-07	0	-0.00712202623	10259.62890625	
37.529632	-1.12940401873681E-02	-2.165603603625E-07	0	-0.00716017313	10259.62890625	
37.533728	-1.12943655036472E-02	-2.083276762875E-07	0	-0.00498198514	10259.62890625	
37.537824	-1.12944500785652E-02	-2.03182729509375E-07	0	-0.00608824524	10259.62890625	
37.54192	-1.12941451516987E-02	-2.064776781375E-07	0	-0.00716017313	10259.62890625	
37.546016	-1.12936141126463E-02	-2.16931754221875E-07	0	-0.00600813675	10259.62890625	
37.550112	-1.12931990098056E-02	-2.27598089709375E-07	0	-0.00704191774	10259.62890625	
37.554208	-1.12930473235473E-02	-0.000000232230537	0	-0.00813673377	10259.62890625	
37.558304	-1.12928922542923E-02	-2.33075488078125E-07	0	-0.00857160843	10259.62890625	
37.5624	-1.12926830570898E-02	-2.34862986290625E-07	0	-0.00799940493	10259.62890625	
37.566496	-1.12927838155327E-02	-2.3352813185625E-07	0	-0.00636290292	10259.62890625	
37.570592	-1.12932865105586E-02	-2.23560593746875E-07	0	-0.00451659296	10259.62890625	
37.574688	-1.12937444951684E-02	-2.10151953309375E-07	0	-0.00412367989	10259.62890625	
37.578784	-1.12936694292142E-02	-2.05744025025E-07	0	-0.00541304511	10259.62890625	
37.58288	-1.12932097073898E-02	-2.1300122930625E-07	0	-0.00450896358	10259.62890625	
37.586976	-1.12928347433481E-02	-2.2285987329375E-07	0	-0.00454711048	10259.62890625	
37.591072	-1.12926825999281E-02	-2.27236311225E-07	0	-0.00608061586	10259.62890625	
37.595168	-1.12925453599802E-02	-2.283161178375E-07	0	-0.00853346153	10259.62890625	
37.599264	-1.12922257125064E-02	-2.31300489853125E-07	0	-0.0093459905	10259.62890625	
37.60336	-1.12920935013373E-02	-2.3449159243125E-07	0	-0.00770948849	10259.62890625	
37.607456	-1.12924911406003E-02	-2.280488104125E-07	0	-0.00786970547	10259.62890625	
37.611552	-1.12929835037714E-02	-2.1520795786875E-07	0	-0.00769041504	10259.62890625	
37.615648	-1.12930337915605E-02	-2.0792911899375E-07	0	-0.00762556531	10259.62890625	
37.619744	-1.12926340493536E-02	-2.12609402775E-07	0	-0.00620268594	10259.62890625	
37.62384	-1.12923924851014E-02	-2.2003102996875E-07	0	-0.00430297032	10259.62890625	
37.627936	-1.12922598167706E-02	-2.23115401884375E-07	0	-0.00453566641	10259.62890625	
37.632032	-1.12920935927697E-02	-2.2543583225625E-07	0	-0.00722502286	10259.62890625	
37.636128	-1.12917338979294E-02	-2.30066837240625E-07	0	-0.00573347907	10259.62890625	
37.640224	-1.12916215275789E-02	-2.3376274700625E-07	0	-0.00710676747	10259.62890625	
37.64432	-1.12918849441612E-02	-2.2972428950625E-07	0	-0.00685881262	10259.62890625	
37.648416	-1.12924350011413E-02	-2.18155791459375E-07	0	-0.00771711787	10259.62890625	
37.652512	-1.12928182855262E-02	-2.06420226271875E-07	0	-0.00745390426	10259.62890625	
37.656608	-1.12927781467273E-02	-2.02850037534375E-07	0	-0.00661085777	10259.62890625	
37.660704	-1.12925209475444E-02	-2.08246666753125E-07	0	-0.00585173446	10259.62890625	
37.6648	-1.12923052586455E-02	-2.1429834339375E-07	0	-0.00576399659	10259.62890625	
37.668896	-1.12920836266442E-02	-2.193872806125E-07	0	-0.00773237663	10259.62890625	
37.672992	-1.12917581275005E-02	-2.253488131125E-07	0	-0.00565337058	10259.62890625	
37.677088	-0.011291428971063	-2.31759624009375E-07	0	-0.00721739348	10259.62890625	
37.681184	-1.12912965770292E-02	-2.35070197621875E-07	0	-0.00640486451	10259.62890625	
37.68528	-1.12917054624705E-02	-2.286141944625E-07	0	-0.0046920687	10259.62890625	
37.689376	-1.12922170264337E-02	-2.1583584185625E-07	0	-0.00407027423	10259.62890625	
37.693472	-1.12924440529433E-02	-2.05888976803125E-07	0	-0.00644301141	10259.62890625	
37.697568	-1.12921818249814E-02	-2.07289936940625E-07	0	-0.00577162597	10259.62890625	
37.701664	-1.12920134980366E-02	-2.12178393590625E-07	0	-0.00486372975	10259.62890625	
37.70576	-1.12920028918847E-02	-2.144295932625E-07	0	-0.00675963068	10259.62890625	
37.709856	-1.12919254486895E-02	-2.1491084278125E-07	0	-0.0077438207	10259.62890625	
37.713952	-1.12915712397898E-02	-2.19640886128125E-07	0	-0.00918577352	10259.62890625	
37.718048	-0.011291335344343	-2.25445688015625E-07	0	-0.00784681733	10259.62890625	
37.722144	-1.12914810874989E-02	-2.25329822746875E-07	0	-0.00683210979	10259.62890625	
37.72624	-1.12919752793169E-02	-2.16179831896875E-07	0	-0.00590132543	10259.62890625	
37.730336	-1.12922068774436E-02	-2.06959168040625E-07	0	-0.00565337058	10259.62890625	
37.734432	-1.12919438265906E-02	-2.08086089990625E-07	0	-0.00414275334	10259.62890625	
37.738528	-1.12915535019152E-02	-2.15919736003125E-07	0	-0.0030898989	10259.62890625	
37.742624	-1.12913501563827E-02	-2.2218054705E-07	0	-0.0027084299	10259.62890625	
37.74672	-1.12911886868636E-02	-2.24745207946875E-07	0	-0.00413893865	10259.62890625	
37.750816	-1.12906393613423E-02	-2.31584624184375E-07	0	-0.00558852085	10259.62890625	
37.754912	-1.12900675434645E-02	-2.4224062314375E-07	0	-0.00679777758	10259.62890625	
37.759008	-1.12897952579448E-02	-2.48740376259375E-07	0	-0.00574873783	10259.62890625	
37.763104	-0.01129014187796	-2.43677400553125E-07	0	-0.00769041504	10259.62890625	
37.7672	-1.12905235165628E-02	-2.314026532125E-07	0	-0.0078964083	10259.62890625	
37.771296	-1.12905829475862E-02	-2.24008670221875E-07	0	-0.00756071558	10259.62890625	
37.775392	-1.12904252267933E-02	-2.24001939459375E-07	0	-0.00590895481	10259.62890625	
37.779488	-1.12902569912808E-02	-2.2665602334375E-07	0	-0.00565718527	10259.62890625	
37.783584	-1.12901984745808E-02	-2.27759147240625E-07	0	-0.00362014081	10259.62890625	
37.78768	-1.12899204288234E-02	-2.298920778E-07	0	-0.00447844606	10259.62890625	
37.791776	-1.12895554309072E-02	-2.34923082384375E-07	0	-0.00532149255	10259.62890625	
37.795872	-1.12892211542584E-02	-2.40212500171875E-07	0	-0.00462721897	10259.62890625	
37.799968	-1.12892717163445E-02	-2.4027235588125E-07	0	-0.00520323716	10259.62890625	
37.804064	-1.12896773102214E-02	-2.322814984875E-07	0	-0.00485228568	10259.62890625	
37.80816	-0.011290171410607	-2.19432232490625E-07	0	-0.00544737732	10259.62890625	
37.812256	-1.12902779292875E-02	-2.1200315338125E-07	0	-0.00682448041	10259.62890625	
37.816352	-1.12900882986066E-02	-2.131738252875E-07	0	-0.00639723513	10259.62890625	
37.820448	-1.12900156098933E-02	-2.16567091125E-07	0	-0.00662611653	10259.62890625	
37.824544	-1.12901087794516E-02	-2.16497620040625E-07	0	-0.00707624995	10259.62890625	
37.82864	-1.12901485525211E-02	-2.14879833196875E-07	0	-0.00854109091	10259.62890625	
37.832736	-1.12898752612456E-02	-2.17639926590625E-07	0	-0.00794599927	10259.62890625	
37.836832	-1.12896683498517E-02	-2.233238151375E-07	0	-0.00711439685	10259.62890625	
37.840928	-0.011290045051108	-2.21299057546875E-07	0	-0.00599287799	10259.62890625	
37.845024	-1.12907992765116E-02	-2.077122922875E-07	0	-0.00496291169	10259.62890625	
37.84912	-1.12912389746527E-02	-1.9523874706875E-07	0	-0.00505064956	10259.62890625	
37.853216	-1.12911898754841E-02	-1.9356855643125E-07	0	-0.00407027423	10259.62890625	
37.857312	-0.011291145713662	-1.97216870090625E-07	0	-0.0036621024	10259.62890625	
37.861408	-1.12911957271541E-02	-1.99698598378125E-07	0	-0.00373458151	10259.62890625	
37.865504	-1.12910793337805E-02	-2.01934653834375E-07	0	-0.00636290292	10259.62890625	
37.8696	-1.12905641125234E-02	-2.1069257776875E-07	0	-0.00712965561	10259.62890625	
37.873696	-1.12898368596612E-02	-2.25218765165625E-07	0	-0.00774763539	10259.62890625	
37.877792	-1.12896111132045E-02	-2.3528870701875E-07	0	-0.00748823647	10259.62890625	
37.881888	-1.12898960163877E-02	-2.3230794076875E-07	0	-0.00858686719	10259.62890625	
37.885984	-1.12901169169302E-02	-2.24054343253125E-07	0	-0.00841139145	10259.62890625	
37.89008	-1.12899176858531E-02	-2.22527902471875E-07	0	-0.0057983288	10259.62890625	
37.894176	-1.12896457660628E-02	-2.26567802278125E-07	0	-0.00375365496	10259.62890625	
37.898272	-1.12894531181145E-02	-2.29720202971875E-07	0	-0.00458144269	10259.62890625	
37.902368	-1.12892388007008E-02	-2.3154159538125E-07	0	-0.00373076682	10259.62890625	
37.906464	-1.12888290009361E-02	-2.35486302975E-07	0	-0.00575255252	10259.62890625	
37.91056	-1.12882336849459E-02	-2.43501439190625E-07	0	-0.00536726883	10259.62890625	
37.914656	-1.12878316569305E-02	-2.51044700878125E-07	0	-0.00637434699	10259.62890625	
37.918752	-1.12879064485877E-02	-2.50236047840625E-07	0	-0.00767134159	10259.62890625	
37.922848	-1.12882511485236E-02	-2.406737977875E-07	0	-0.00729750197	10259.62890625	
37.926944	-1.12883128653556E-02	-2.328795748125E-07	0	-0.0069045889	10259.62890625	
37.93104	-1.12882130212363E-02	-2.3084063454375E-07	0	-0.00650023176	10259.62890625	
37.935136	-1.12881688594142E-02	-2.30156740996875E-07	0	-0.0078201145	10259.62890625	
37.939232	-1.12880342710042E-02	-2.3025794281875E-07	0	-0.00734709294	10259.62890625	
37.943328	-0.011287800935663	-2.32743998025E-07	0	-0.00559996492	10259.62890625	
37.947424	-1.12874227714892E-02	-2.37530291315625E-07	0	-0.00608443055	10259.62890625	
37.95152	-1.12870606079756E-02	-2.43488939203125E-07	0	-0.00624083284	10259.62890625	
37.955616	-1.12869795989191E-02	-2.457680234625E-07	0	-0.00578688473	10259.62890625	
37.959712	-1.12874565100241E-02	-2.385584152875E-07	0	-0.00457381331	10259.62890625	
37.963808	-1.12880445114267E-02	-2.242968910875E-07	0	-0.00534438069	10259.62890625	
37.967904	-1.12883079280091E-02	-2.14224785775E-07	0	-0.00477980657	10259.62890625	
37.972	-1.12883453238377E-02	-2.11712047903125E-07	0	-0.00485991506	10259.62890625	
37.976096	-1.12885359602744E-02	-2.10170222521875E-07	0	-0.00467680994	10259.62890625	
37.980192	-0.011288681611998	-2.07665417334375E-07	0	-0.00567625872	10259.62890625	
37.984288	-1.12885865223605E-02	-2.08733685496875E-07	0	-0.00764845345	10259.62890625	
37.988384	-0.011288231307705	-2.15455794159375E-07	0	-0.00859449657	10259.62890625	
37.99248	-1.12880601463575E-02	-2.22139441321875E-07	0	-0.0082397304	10259.62890625	
37.996576	-1.12883028992302E-02	-2.21598095709375E-07	0	-0.00724028162	10259.62890625	
38.000672	-0.011288688012262	-2.14782717909375E-07	0	-0.00858686719	10259.62890625	
38.004768	-1.12889989736631E-02	-2.078238306375E-07	0	-0.00657652556	10259.62890625	
38.008864	-1.12890674564886E-02	-2.0483585285625E-07	0	-0.00672529847	10259.62890625	
38.01296	-0.011289191255882	-2.052103717125E-07	0	-0.00369643461	10259.62890625	
38.017056	-1.12893071006616E-02	-2.03430325415625E-07	0	-0.0036621024	10259.62890625	
38.021152	-1.12890358208977E-02	-2.07357725334375E-07	0	-0.00579069942	10259.62890625	
38.025248	-1.12884871354028E-02	-2.1757237858125E-07	0	-0.00490569134	10259.62890625	
38.029344	-1.12879396385284E-02	-2.3021563516875E-07	0	-0.00574873783	10259.62890625	
38.03344	-1.12877576881644E-02	-2.36820195871875E-07	0	-0.00709150871	10259.62890625	
38.037536	-1.12877151721245E-02	-2.3723005123125E-07	0	-0.00838087393	10259.62890625	
38.041632	-1.12878573494191E-02	-2.342372657625E-07	0	-0.00809477218	10259.62890625	
38.045728	-1.12879595707794E-02	-2.29206261178125E-07	0	-0.00689314483	10259.62890625	
38.049824	-0.011287900414053	-2.27367801478125E-07	0	-0.00666807812	10259.62890625	
38.05392	-1.12877625340786E-02	-2.28559146440625E-07	0	-0.00533675131	10259.62890625	
38.058016	-1.12875899098136E-02	-2.306026540125E-07	0	-0.00586317853	10259.62890625	
38.062112	-1.12871138215997E-02	-2.36034619734375E-07	0	-0.0050353908	10259.62890625	
38.066208	-1.12864370393913E-02	-2.4667619563125E-07	0	-0.00551222705	10259.62890625	
38.070304	-1.12858759190977E-02	-2.5756272320625E-07	0	-0.00654600804	10259.62890625	
38.0744	-1.12858642157577E-02	-2.594305098E-07	0	-0.00625227691	10259.62890625	
38.078496	-1.12861031284719E-02	-2.53092294984375E-07	0	-0.00588225198	10259.62890625	
38.082592	-1.12865173169891E-02	-2.4182139279375E-07	0	-0.0054550067	10259.62890625	
38.086688	-1.12866040862833E-02	-2.338103431125E-07	0	-0.00569533217	10259.62890625	
38.090784	-1.12865465753391E-02	-2.31945200746875E-07	0	-0.00596617516	10259.62890625	
38.09488	-1.12866108522767E-02	-2.31225009159375E-07	0	-0.00442122571	10259.62890625	
38.098976	-0.011286665711683	-2.29025492128125E-07	0	-0.00612257745	10259.62890625	
38.103072	-1.12863395725128E-02	-2.31205778409375E-07	0	-0.0079345552	10259.62890625	
38.107168	-1.12857038434267E-02	-2.41456248928125E-07	0	-0.00702665898	10259.62890625	
38.111264	-1.12855557230298E-02	-2.485199437875E-07	0	-0.0058364757	10259.62890625	
38.11536	-1.12859414760881E-02	-2.43430285415625E-07	0	-0.00512312867	10259.62890625	
38.119456	-1.12865200599594E-02	-2.303718850125E-07	0	-0.00573729376	10259.62890625	
38.123552	-1.12867356574259E-02	-2.206507408875E-07	0	-0.00539778635	10259.62890625	
38.127648	-1.12866724776764E-02	-2.19044252109375E-07	0	-0.00414656803	10259.62890625	
38.131744	-1.12868214209644E-02	-2.18738002415625E-07	0	-0.00315093394	10259.62890625	
38.13584	-0.011287149023052	-2.1400363215E-07	0	-0.00545882139	10259.62890625	
38.139936	-1.12871965678708E-02	-2.10507722184375E-07	0	-0.00619887125	10259.62890625	
38.144032	-1.12867718646341E-02	-2.16070697390625E-07	0	-0.00768278566	10259.62890625	
38.148128	-0.011286359047602	-2.2616275460625E-07	0	-0.00758741841	10259.62890625	
38.152224	-1.12865244487119E-02	-2.2873102126875E-07	0	-0.00745008957	10259.62890625	
38.15632	-1.12869859077508E-02	-2.21488480434375E-07	0	-0.00957868659	10259.62890625	
38.160416	-1.12873015322014E-02	-2.1340219044375E-07	0	-0.00806425466	10259.62890625	
38.164512	-1.12873875700369E-02	-2.098930593375E-07	0	-0.00698469739	10259.62890625	
38.168608	-1.12875238956614E-02	-2.0915315623125E-07	0	-0.0046157749	10259.62890625	
38.172704	-1.12877812777091E-02	-2.0651373579375E-07	0	-0.0047302156	10259.62890625	
38.1768	-1.12878403430031E-02	-2.04549074296875E-07	0	-0.00489424727	10259.62890625	
38.180896	-1.12874536756214E-02	-2.09724069121875E-07	0	-0.00356673515	10259.62890625	
38.184992	-1.12868092604627E-02	-2.2245314293125E-07	0	-0.0050735377	10259.62890625	
38.189088	-1.12864880586391E-02	-2.329930362375E-07	0	-0.0070190296	10259.62890625	
38.193184	-1.12866408420855E-02	-2.3388197765625E-07	0	-0.00701140022	10259.62890625	
38.19728	-1.12870589621934E-02	-2.26225975696875E-07	0	-0.00774000601	10259.62890625	
38.201376	-1.12872531644916E-02	-2.19036079040625E-07	0	-0.00691603297	10259.62890625	
38.205472	-1.12872349694552E-02	-2.1715795591875E-07	0	-0.00760267717	10259.62890625	
38.209568	-1.12872013223527E-02	-2.18035599271875E-07	0	-0.00675963068	10259.62890625	
38.213664	-1.12871686810059E-02	-2.1868776208125E-07	0	-0.00571059093	10259.62890625	
38.21776	-1.12868466562913E-02	-2.2238391223125E-07	0	-0.00634382947	10259.62890625	
38.221856	-1.12861471988616E-02	-2.3266515195E-07	0	-0.00682448041	10259.62890625	
38.225952	-1.12853413141837E-02	-2.47798550278125E-07	0	-0.00556563271	10259.62890625	
38.230048	-1.12849735732972E-02	-2.57465848303125E-07	0	-0.00561903837	10259.62890625	
38.234144	-1.12849574812047E-02	-2.57759117240625E-07	0	-0.00652693459	10259.62890625	
38.23824	-1.12851201393442E-02	-2.51611046465625E-07	0	-0.00472258622	10259.62890625	
38.242336	-1.12851382429483E-02	-2.4600985014375E-07	0	-0.00598524861	10259.62890625	
38.246432	-1.12850185580103E-02	-2.44167303909375E-07	0	-0.00502013204	10259.62890625	
38.250528	-1.12850816463275E-02	-2.4230985384375E-07	0	-0.00443266978	10259.62890625	
38.254624	-1.12850693943934E-02	-2.39200001184375E-07	0	-0.00512312867	10259.62890625	
38.25872	-1.12846946132164E-02	-2.415468738375E-07	0	-0.00619124187	10259.62890625	
38.262816	-1.12840831137014E-02	-2.501680190625E-07	0	-0.00903700061	10259.62890625	
38.266912	-1.12837243331845E-02	-2.5755983859375E-07	0	-0.00793074051	10259.62890625	
38.271008	-1.12838059822675E-02	-2.57558636671875E-07	0	-0.00823591571	10259.62890625	
38.275104	-1.12841967641047E-02	-2.49013212525E-07	0	-0.0086974932	10259.62890625	
38.2792	-1.12846217416384E-02	-2.3831274245625E-07	0	-0.0078201145	10259.62890625	
38.283296	-1.12849977114359E-02	-2.28216839090625E-07	0	-0.00519942247	10259.62890625	
38.287392	-1.12854092484152E-02	-2.19914924315625E-07	0	-0.00532530724	10259.62890625	
38.291488	-1.12857455365755E-02	-2.1320026756875E-07	0	-0.00523756937	10259.62890625	
38.295584	-1.12859524479694E-02	-2.08859166140625E-07	0	-0.00437926412	10259.62890625	
38.29968	-1.12858210596914E-02	-2.10089934140625E-07	0	-0.0054168598	10259.62890625	
38.303776	-1.12856231086672E-02	-2.15106756046875E-07	0	-0.0065612668	10259.62890625	
38.307872	-1.12854689537356E-02	-2.20786077290625E-07	0	-0.00631331195	10259.62890625	
38.311968	-1.12857626344237E-02	-2.1989833779375E-07	0	-0.00802229307	10259.62890625	
38.316064	-1.12862272935947E-02	-2.125584412875E-07	0	-0.00898359495	10259.62890625	
38.32016	-1.12867051190231E-02	-2.0388104611875E-07	0	-0.00693510642	10259.62890625	
38.324256	-1.12870687454542E-02	-1.97190427809375E-07	0	-0.00704954712	10259.62890625	
38.328352	-0.011287236523805	-1.94801728275E-07	0	-0.00610731869	10259.62890625	
38.332448	-1.12873560258783E-02	-1.94851968609375E-07	0	-0.00535963945	10259.62890625	
38.336544	-1.12872421926103E-02	-1.97836340625E-07	0	-0.00439070819	10259.62890625	
38.34064	-1.12868031344956E-02	-2.06100034284375E-07	0	-0.00535201007	10259.62890625	
38.344736	-1.12862305851591E-02	-2.18710117828125E-07	0	-0.00507735239	10259.62890625	
38.348832	-1.12859599454216E-02	-2.28297608240625E-07	0	-0.00661085777	10259.62890625	
38.352928	-1.12861464674028E-02	-2.2848823305E-07	0	-0.00600050737	10259.62890625	
38.357024	-1.12862930334498E-02	-2.23967083725E-07	0	-0.00570677624	10259.62890625	
38.36112	-1.12863432298066E-02	-2.21342326734375E-07	0	-0.00767897097	10259.62890625	
38.365216	-0.011286274198387	-2.20897856025E-07	0	-0.00513838743	10259.62890625	
38.369312	-1.12861784687231E-02	-2.22440402559375E-07	0	-0.00465773649	10259.62890625	
38.373408	-1.12859006058305E-02	-2.25322130446875E-07	0	-0.00598524861	10259.62890625	
38.377504	-1.12852531734044E-02	-2.341103428125E-07	0	-0.00776289415	10259.62890625	
38.3816	-1.12844002010695E-02	-2.479218674625E-07	0	-0.00735853701	10259.62890625	
38.385696	-1.12837440825708E-02	-2.607526238625E-07	0	-0.00765226814	10259.62890625	
38.389792	-1.12835663380945E-02	-2.64818244796875E-07	0	-0.0078964083	10259.62890625	
38.393888	-1.12834610994669E-02	-2.62787477596875E-07	0	-0.00598143392	10259.62890625	
38.397984	-1.12834767343977E-02	-2.59031712121875E-07	0	-0.00526045751	10259.62890625	
38.40208	-1.12835037983714E-02	-2.53675467478125E-07	0	-0.00402068326	10259.62890625	
38.406176	-1.12835489659492E-02	-2.49293981475E-07	0	-0.00453566641	10259.62890625	
38.410272	-1.12835755727613E-02	-2.4528100471875E-07	0	-0.00453566641	10259.62890625	
38.414368	-1.12834102630837E-02	-2.44207688484375E-07	0	-0.00433730253	10259.62890625	
38.418464	-1.12831961285347E-02	-2.45762013853125E-07	0	-0.00569914686	10259.62890625	
38.42256	-1.12829964402959E-02	-2.48257684434375E-07	0	-0.00653074928	10259.62890625	
38.426656	-1.12831277371416E-02	-2.466795610125E-07	0	-0.00718306127	10259.62890625	
38.430752	-1.12833354714266E-02	-2.41018749365625E-07	0	-0.00736998108	10259.62890625	
38.434848	-1.12836366495669E-02	-2.34633178828125E-07	0	-0.007247911	10259.62890625	
38.438944	-1.12840629071534E-02	-2.26299052546875E-07	0	-0.00744246019	10259.62890625	
38.44304	-1.12844417113536E-02	-2.18118291496875E-07	0	-0.00604246896	10259.62890625	
38.447136	-0.011284714728332	-2.12763008390625E-07	0	-0.00666044874	10259.62890625	
38.451232	-1.12848593742998E-02	-2.101949821125E-07	0	-0.00506209363	10259.62890625	
38.455328	-1.12848744606366E-02	-2.105719048125E-07	0	-0.00503157611	10259.62890625	
38.459424	-1.12847213114608E-02	-2.1465315073125E-07	0	-0.00429534094	10259.62890625	
38.46352	-1.12846309763052E-02	-2.1877814660625E-07	0	-0.00563429713	10259.62890625	
38.467616	-1.12846200044239E-02	-2.217680474625E-07	0	-0.00495528231	10259.62890625	
38.471712	-1.12847768108934E-02	-2.2122237493125E-07	0	-0.00529860441	10259.62890625	
38.475808	-1.12850611654825E-02	-2.17819734103125E-07	0	-0.00684355386	10259.62890625	
38.479904	-1.12854205860258E-02	-2.1218584550625E-07	0	-0.00554655926	10259.62890625	
38.484	-1.12856538299347E-02	-2.07513013640625E-07	0	-0.00696562394	10259.62890625	
38.488096	-1.12856693734331E-02	-2.0724738890625E-07	0	-0.00535582476	10259.62890625	
38.492192	-1.12855806840597E-02	-2.09941857365625E-07	0	-0.00636290292	10259.62890625	
38.496288	-1.12853143416423E-02	-2.157622842375E-07	0	-0.00596998985	10259.62890625	
38.500384	-1.12848170411247E-02	-2.238968914875E-07	0	-0.00664900467	10259.62890625	
38.50448	-1.12843532048448E-02	-2.3389159303125E-07	0	-0.00672148378	10259.62890625	
38.508576	-1.12840571469158E-02	-2.40319230834375E-07	0	-0.00684736855	10259.62890625	
38.512672	-1.12840275228364E-02	-2.412891817875E-07	0	-0.00604628365	10259.62890625	
38.516768	-1.12840469064933E-02	-2.3905024171875E-07	0	-0.00667189281	10259.62890625	
38.520864	-1.12840942684473E-02	-2.35765870003125E-07	0	-0.00470732746	10259.62890625	
38.52496	-1.12840610785066E-02	-2.338007277375E-07	0	-0.00398253636	10259.62890625	
38.529056	-1.12839795208559E-02	-2.3323005523125E-07	0	-0.00574873783	10259.62890625	
38.533152	-0.011283766209198	-2.34520919325E-07	0	-0.00608824524	10259.62890625	
38.537248	-1.12834784716122E-02	-2.3804543503125E-07	0	-0.00663374591	10259.62890625	
38.541344	-1.12831358746202E-02	-2.42566343971875E-07	0	-0.00653456397	10259.62890625	
38.54544	-1.12828515200311E-02	-2.46940137675E-07	0	-0.00829313606	10259.62890625	
38.549536	-1.12829002534703E-02	-2.47037493346875E-07	0	-0.00743483081	10259.62890625	
38.553632	-1.12832261183434E-02	-2.4039735575625E-07	0	-0.00624846222	10259.62890625	
38.557728	-1.12835195247345E-02	-2.32133181328125E-07	0	-0.00613402152	10259.62890625	
38.561824	-1.12837864157459E-02	-2.25313957378125E-07	0	-0.0043487466	10259.62890625	
38.56592	-1.12839643430869E-02	-2.20310596996875E-07	0	-0.00396346291	10259.62890625	
38.570016	-1.12839451422947E-02	-2.19320694140625E-07	0	-0.00455855455	10259.62890625	
38.574112	-1.12838508755483E-02	-2.207449715625E-07	0	-0.00485610037	10259.62890625	
38.578208	-1.12836219289595E-02	-2.2512525564375E-07	0	-0.0046539218	10259.62890625	
38.582304	-1.12834581736319E-02	-2.28804819271875E-07	0	-0.00587080791	10259.62890625	
38.5864	-1.12833181907136E-02	-2.324997675E-07	0	-0.00749586585	10259.62890625	
38.590496	-1.12835008725364E-02	-2.30921163309375E-07	0	-0.00689314483	10259.62890625	
38.594592	-1.12836666393756E-02	-2.27232224690625E-07	0	-0.00642012327	10259.62890625	
38.598688	-1.12838783966837E-02	-2.2294256551875E-07	0	-0.00669096626	10259.62890625	
38.602784	-1.12839628801694E-02	-2.200545876375E-07	0	-0.00551222705	10259.62890625	
38.60688	-1.12839648002486E-02	-2.197305495E-07	0	-0.00592039888	10259.62890625	
38.610976	-1.12837789182937E-02	-2.2202333566875E-07	0	-0.00387191035	10259.62890625	
38.615072	-1.12834220578561E-02	-2.28360588946875E-07	0	-0.0050353908	10259.62890625	
38.619168	-1.12830377677153E-02	-2.3529351470625E-07	0	-0.00654600804	10259.62890625	
38.623264	-1.12827322922548E-02	-2.41874517740625E-07	0	-0.00499342921	10259.62890625	
38.62736	-1.12826055670264E-02	-2.4427812110625E-07	0	-0.00627897974	10259.62890625	
38.631456	-1.12826418656669E-02	-2.43533169928125E-07	0	-0.00649641707	10259.62890625	
38.635552	-1.12828487770608E-02	-2.3900360715E-07	0	-0.00542830387	10259.62890625	
38.639648	-1.12829696506192E-02	-2.34430775184375E-07	0	-0.00539397166	10259.62890625	
38.643744	-1.12830986616562E-02	-2.304045772875E-07	0	-0.00485991506	10259.6484375	
38.64784	-1.12829671819459E-02	-2.298218855625E-07	0	-0.00502394673	10259.6484375	
38.651936	-1.12827623734959E-02	-2.326988057625E-07	0	-0.00420760307	10259.6484375	
38.656032	-1.12823223096255E-02	-2.3847716536875E-07	0	-0.00748442178	10259.6484375	
38.660128	-1.12818919375834E-02	-2.461487923125E-07	0	-0.00642775265	10259.6484375	
38.664224	-1.12815230080764E-02	-2.52509122490625E-07	0	-0.00685881262	10259.6484375	
38.66832	-1.12814335872442E-02	-2.54958639271875E-07	0	-0.00774763539	10259.6484375	
38.672416	-1.12817407999192E-02	-2.49955278890625E-07	0	-0.00593947233	10259.6484375	
38.676512	-1.12821596514859E-02	-2.4028197125625E-07	0	-0.00679777758	10259.6484375	
38.680608	-1.12826034640825E-02	-2.29879337428125E-07	0	-0.00433348784	10259.6484375	
38.684704	-1.12828231760045E-02	-2.22907229015625E-07	0	-0.00405883016	10259.6484375	
38.6888	-1.12829477068567E-02	-2.19989924240625E-07	0	-0.00405501547	10259.6484375	
38.692896	-0.011282900162038	-2.20390164225E-07	0	-0.0046157749	10259.6484375	
38.696992	-1.12828354279386E-02	-2.2270891190625E-07	0	-0.00646208486	10259.6484375	
38.701088	-1.12826222991453E-02	-2.264699658375E-07	0	-0.00722883755	10259.6484375	
38.705184	-1.12824517778242E-02	-2.31437028178125E-07	0	-0.00832746827	10259.6484375	
38.70928	-1.12827221432647E-02	-2.3055698098125E-07	0	-0.00762556531	10259.6484375	
38.713376	-1.12831191425012E-02	-2.238141992625E-07	0	-0.00775907946	10259.6484375	
38.717472	-1.12833170020931E-02	-2.18536079540625E-07	0	-0.00701140022	10259.6484375	
38.721568	-1.12832596740136E-02	-2.1828680094375E-07	0	-0.00706862057	10259.6484375	
38.725664	-1.12832043574456E-02	-2.2078487536875E-07	0	-0.0064086792	10259.6484375	
38.72976	-1.12831378861317E-02	-2.22734633034375E-07	0	-0.00656889618	10259.6484375	
38.733856	-1.12829120482427E-02	-2.26598090709375E-07	0	-0.00515746088	10259.6484375	
38.737952	-1.12823511108138E-02	-2.34640871128125E-07	0	-0.00609587462	10259.6484375	
38.742048	-1.12817881618733E-02	-2.45921629078125E-07	0	-0.00590132543	10259.6484375	
38.746144	-1.12816302582156E-02	-2.51775950146875E-07	0	-0.00603102489	10259.6484375	
38.75024	-1.12818544503225E-02	-2.48767299309375E-07	0	-0.00725172569	10259.6484375	
38.754336	-1.12819867529239E-02	-2.42824997559375E-07	0	-0.00678251882	10259.6484375	
38.758432	-1.12819315277883E-02	-2.40300000084375E-07	0	-0.0073623517	10259.6484375	
38.762528	-1.12818921204481E-02	-2.4013485601875E-07	0	-0.00590132543	10259.6484375	
38.766624	-1.12819872100856E-02	-2.379689928E-07	0	-0.00481795347	10259.6484375	
38.77072	-1.12818598448308E-02	-2.37241830065625E-07	0	-0.0055694474	10259.6484375	
38.774816	-1.12813869567489E-02	-2.423007192375E-07	0	-0.00777433822	10259.6484375	
38.778912	-0.011280863780878	-2.51438450484375E-07	0	-0.00684355386	10259.6484375	
38.783008	-1.12806775331938E-02	-2.5669830099375E-07	0	-0.00580595818	10259.6484375	
38.787104	-1.12808692668186E-02	-2.54401428290625E-07	0	-0.00669859564	10259.6484375	
38.7912	-1.12812083893816E-02	-2.46411532434375E-07	0	-0.00638960575	10259.6484375	
38.795296	-1.12814572682212E-02	-2.38598078709375E-07	0	-0.0057983288	10259.6484375	
38.799392	-0.011281548974862	-2.3464543843125E-07	0	-0.00578307004	10259.6484375	
38.803488	-1.12817835902561E-02	-2.30888471034375E-07	0	-0.00402831264	10259.6484375	
38.807584	-1.12819475284484E-02	-2.2714208055E-07	0	-0.00626372098	10259.6484375	
38.81168	-0.011281975872475	-2.25312515071875E-07	0	-0.00512694336	10259.6484375	
38.815776	-1.12816511962223E-02	-2.2859352140625E-07	0	-0.00478362126	10259.6484375	
38.819872	-1.12813655615805E-02	-2.34764909465625E-07	0	-0.00529097503	10259.6484375	
38.823968	-1.12813375832833E-02	-2.3767620463125E-07	0	-0.00792692582	10259.6484375	
38.828064	-1.12816099602353E-02	-2.3432620798125E-07	0	-0.00735090763	10259.6484375	
38.83216	-1.12818686223358E-02	-2.2862044445625E-07	0	-0.00686262731	10259.6484375	
38.836256	-0.011282180680925	-2.22717084975E-07	0	-0.00689314483	10259.6484375	
38.840352	-1.12825893835016E-02	-2.16364447096875E-07	0	-0.00562666775	10259.6484375	
38.844448	-1.12829520956092E-02	-2.09944020825E-07	0	-0.00407790361	10259.6484375	
38.848544	-0.011283031824613	-2.07261090815625E-07	0	-0.0044250404	10259.6484375	
38.85264	-0.011282698828017	-2.12001951459375E-07	0	-0.00346373852	10259.6484375	
38.856736	-1.12822500780739E-02	-2.2153679769375E-07	0	-0.00538252759	10259.6484375	
38.860832	-1.12819313449236E-02	-2.3060313478125E-07	0	-0.00698851208	10259.6484375	
38.864928	-1.12819350022173E-02	-2.33750487403125E-07	0	-0.00749586585	10259.6484375	
38.869024	-1.12821882698095E-02	-2.30868278746875E-07	0	-0.00784300264	10259.6484375	
38.87312	-1.12824505892037E-02	-2.25288476634375E-07	0	-0.00678633351	10259.6484375	
38.877216	-1.12826959936144E-02	-2.201853567375E-07	0	-0.00634001478	10259.6484375	
38.881312	-1.12827623734959E-02	-2.178122821875E-07	0	-0.00535963945	10259.6484375	
38.885408	-1.12827667622484E-02	-2.17549061296875E-07	0	-0.00441359633	10259.6484375	
38.889504	-1.12825253808609E-02	-2.21018769365625E-07	0	-0.00574873783	10259.6484375	
38.8936	-1.12821175926078E-02	-2.2806563731875E-07	0	-0.00557707678	10259.6484375	
38.897696	-1.12816957237738E-02	-2.36428369340625E-07	0	-0.00621413001	10259.6484375	
38.901792	-1.12814235296864E-02	-2.4231898845E-07	0	-0.00502394673	10259.6484375	
38.905888	-1.12813312744516E-02	-2.44547111221875E-07	0	-0.00555418864	10259.6484375	
38.909984	-1.12813556868873E-02	-2.431641799125E-07	0	-0.00627516505	10259.6484375	
38.91408	-1.12814061575411E-02	-2.40317307759375E-07	0	-0.0066375606	10259.6484375	
38.918176	-1.12813361203658E-02	-2.39282453025E-07	0	-0.00558470616	10259.6484375	
38.922272	-1.12815081046044E-02	-2.36547599990625E-07	0	-0.00348662666	10259.6484375	
38.926368	-1.12814264555214E-02	-2.3441274635625E-07	0	-0.00567244403	10259.6484375	
38.930464	-1.12811462153878E-02	-2.3684639776875E-07	0	-0.00558470616	10259.6484375	
38.93456	-1.12805543738267E-02	-2.44570668890625E-07	0	-0.00583266101	10259.6484375	
38.938656	-1.12800746283191E-02	-2.53897101871875E-07	0	-0.00558470616	10259.6484375	
38.942752	-1.12800933719495E-02	-2.55990849778125E-07	0	-0.00661848715	10259.6484375	
38.946848	-1.12804061619975E-02	-2.49857682834375E-07	0	-0.00736998108	10259.6484375	
38.950944	-1.12806801847317E-02	-2.41663941028125E-07	0	-0.00735090763	10259.6484375	
38.95504	-1.12808785929177E-02	-2.357795719125E-07	0	-0.00541304511	10259.6484375	
38.959136	-1.12812487110452E-02	-2.29103857434375E-07	0	-0.00403975671	10259.6484375	
38.963232	-1.12816177319845E-02	-2.22056749096875E-07	0	-0.00589751074	10259.6484375	
38.967328	-1.12816469903345E-02	-2.18310598996875E-07	0	-0.00640486451	10259.6484375	
38.971424	-1.12812048235202E-02	-2.23759391625E-07	0	-0.00540541573	10259.6484375	
38.97552	-1.12807360498938E-02	-2.338238046375E-07	0	-0.00515746088	10259.6484375	
38.979616	-1.12805649799786E-02	-2.40659134340625E-07	0	-0.00618742718	10259.6484375	
38.983712	-1.12806228566522E-02	-2.40906249478125E-07	0	-0.0071716172	10259.6484375	
38.987808	-1.12806340113981E-02	-2.394064913625E-07	0	-0.00672529847	10259.6484375	
38.991904	-1.12807338555175E-02	-2.37678368090625E-07	0	-0.00550078298	10259.6484375	
38.996	-1.12810082439811E-02	-2.334007281375E-07	0	-0.00530623379	10259.6484375	
39.000096	-1.12814113691847E-02	-2.2650890810625E-07	0	-0.00444411385	10259.6484375	
39.004192	-1.12816399500441E-02	-2.20179347128125E-07	0	-0.00469969808	10259.6484375	
39.008288	-1.12813777220822E-02	-2.21525980396875E-07	0	-0.00535201007	10259.6484375	
39.012384	-1.12809061140531E-02	-2.29937510446875E-07	0	-0.00579069942	10259.6484375	
39.01648	-1.12806195650878E-02	-2.37987021628125E-07	0	-0.00568770279	10259.6484375	
39.020576	-1.12806322741836E-02	-2.4032524044375E-07	0	-0.00642393796	10259.6484375	
39.024672	-1.12807142889959E-02	-2.38748078559375E-07	0	-0.00722502286	10259.6484375	
39.028768	-1.12807649425144E-02	-2.3662716721875E-07	0	-0.0068282951	10259.6484375	
39.032864	-1.12808723755183E-02	-2.34502890496875E-07	0	-0.00546645077	10259.6484375	
39.03696	-1.12811357006683E-02	-2.30766836540625E-07	0	-0.00477599188	10259.6484375	
39.041056	-1.12815038072842E-02	-2.2428871801875E-07	0	-0.00486754444	10259.6484375	
39.045152	-1.12814393474819E-02	-2.217536244E-07	0	-0.00616835373	10259.6484375	
39.049248	-1.12810722466217E-02	-2.268920808E-07	0	-0.00533293662	10259.6484375	
39.053344	-1.12806834762961E-02	-2.35206255178125E-07	0	-0.0059127695	10259.6484375	
39.05744	-1.12806114276092E-02	-2.398314909375E-07	0	-0.00601576613	10259.6484375	
39.061536	-1.12807086201906E-02	-2.38919232234375E-07	0	-0.00676344537	10259.6484375	
39.065632	-1.12807304725208E-02	-2.369353399875E-07	0	-0.00775526477	10259.6484375	
39.069728	-1.12807141975636E-02	-2.364430327875E-07	0	-0.0070571765	10259.6484375	
39.073824	-1.12809033710828E-02	-2.34183179278125E-07	0	-0.00617598311	10259.6484375	
39.07792	-1.12813408748477E-02	-2.27975493178125E-07	0	-0.00535963945	10259.6484375	
39.082016	-1.12816113317205E-02	-2.20787519596875E-07	0	-0.0048828032	10259.6484375	
39.086112	-1.12813131708475E-02	-2.21847614690625E-07	0	-0.00556181802	10259.6484375	
39.090208	-1.12805938725992E-02	-2.32936065140625E-07	0	-0.00445937261	10259.6484375	
39.094304	-1.12800653936523E-02	-2.4560504285625E-07	0	-0.00392150132	10259.6484375	
39.0984	-1.12798565621792E-02	-2.51789892440625E-07	0	-0.00585173446	10259.6484375	
39.102496	-1.12797277340069E-02	-2.5315311223125E-07	0	-0.00618742718	10259.6484375	
39.106592	-1.12795514524481E-02	-2.5384926538125E-07	0	-0.00650023176	10259.6484375	
39.110688	-1.12795140566195E-02	-2.5363580405625E-07	0	-0.00523375468	10259.6484375	
39.114784	-1.12797075274589E-02	-2.4978965405625E-07	0	-0.00556181802	10259.6484375	
39.11888	-1.12799992880678E-02	-2.429584108875E-07	0	-0.00653837866	10259.6484375	
39.122976	-1.12799332739156E-02	-2.39035097503125E-07	0	-0.00658796963	10259.6484375	
39.127072	-1.12794805009494E-02	-2.4338389123125E-07	0	-0.00719450534	10259.6484375	
39.131168	-1.12791817914823E-02	-2.5013388448125E-07	0	-0.00721739348	10259.6484375	
39.135264	-1.12791365324722E-02	-2.51819219334375E-07	0	-0.0062942385	10259.6484375	
39.13936	-1.12792069353769E-02	-2.499276346875E-07	0	-0.00668715157	10259.6484375	
39.143456	-1.12791253777263E-02	-2.4820696333125E-07	0	-0.00712202623	10259.6484375	
39.147552	-1.12790814902012E-02	-2.4829157863125E-07	0	-0.00613402152	10259.6484375	
39.151648	-1.12792943446975E-02	-2.452526393625E-07	0	-0.00585554915	10259.6484375	
39.155744	-1.12796649199867E-02	-2.38743992025E-07	0	-0.00552367112	10259.6484375	
39.15984	-1.12800675880286E-02	-2.30728375040625E-07	0	-0.0050735377	10259.6484375	
39.163936	-1.12801304934811E-02	-2.26340158275E-07	0	-0.00405501547	10259.6484375	
39.168032	-1.12799458001467E-02	-2.285776560375E-07	0	-0.00526045751	10259.6484375	
39.172128	-1.12796782691089E-02	-2.3419640041875E-07	0	-0.00619887125	10259.6484375	
39.176224	-1.12797386144558E-02	-2.371930320375E-07	0	-0.00617216842	10259.6484375	
39.18032	-1.12799814587608E-02	-2.3429736185625E-07	0	-0.00749968054	10259.6484375	
39.184416	-1.12801797755144E-02	-2.30502413728125E-07	0	-0.00828932137	10259.6484375	
39.188512	-1.12804766563345E-02	-2.2655121575625E-07	0	-0.00656508149	10259.6484375	
39.192608	-1.12809886774595E-02	-2.19866366671875E-07	0	-0.00579069942	10259.6484375	
39.196704	-1.12816621681036E-02	-2.1006565531875E-07	0	-0.00573347907	10259.6484375	
39.2008	-1.12821362448059E-02	-2.01282491025E-07	0	-0.00504302018	10259.6484375	
39.204896	-1.12821422793406E-02	-1.99860136678125E-07	0	-0.00429152625	10259.6484375	
39.208992	-1.12816932551005E-02	-2.0840508005625E-07	0	-0.0044250404	10259.6484375	
39.213088	-1.12814332215148E-02	-2.1875314663125E-07	0	-0.0051498315	10259.6484375	
39.217184	-1.12815038987166E-02	-2.22670931175E-07	0	-0.00617598311	10259.6484375	
39.22128	-1.12815177050005E-02	-2.23068767315625E-07	0	-0.00757597434	10259.6484375	
39.225376	-1.12813450807355E-02	-2.25279822796875E-07	0	-0.00769041504	10259.6484375	
39.229472	-1.12812379220286E-02	-2.28311069765625E-07	0	-0.00677107475	10259.6484375	
39.233568	-1.12814070718645E-02	-2.27513955178125E-07	0	-0.00639723513	10259.6484375	
39.237664	-1.12816203835225E-02	-2.23197613340625E-07	0	-0.00676344537	10259.6484375	
39.24176	-1.12812492596392E-02	-2.24598573478125E-07	0	-0.00672148378	10259.6484375	
39.245856	-0.011280536361655	-2.34954813121875E-07	0	-0.00455092517	10259.6484375	
39.249952	-1.12798118517631E-02	-2.482507132875E-07	0	-0.00440596695	10259.6484375	
39.254048	-1.12793914458466E-02	-2.57206713946875E-07	0	-0.00637816168	10259.6484375	
39.258144	-1.12789980124714E-02	-2.6164204605E-07	0	-0.00742338674	10259.6484375	
39.26224	-0.01127853801635	-2.66243724140625E-07	0	-0.00533675131	10259.6484375	
39.266336	-1.12781536347769E-02	-2.69919201234375E-07	0	-0.00577544066	10259.6484375	
39.270432	-1.12782952634773E-02	-2.67945645515625E-07	0	-0.00599669268	10259.6484375	
39.274528	-0.011278748402173	-2.57236281225E-07	0	-0.00555037395	10259.6484375	
39.278624	-1.12788903051705E-02	-2.47928838609375E-07	0	-0.00529860441	10259.6484375	
39.28272	-1.12786498381064E-02	-2.46177398053125E-07	0	-0.00457381331	10259.6484375	
39.286816	-1.12783056867645E-02	-2.49993980775E-07	0	-0.00530623379	10259.6484375	
39.290912	-1.12781297709352E-02	-2.5290215094375E-07	0	-0.00647734362	10259.6484375	
39.295008	-1.12781054499317E-02	-2.5288868941875E-07	0	-0.0082778773	10259.6484375	
39.299104	-1.12780995982617E-02	-2.51092777753125E-07	0	-0.00790785237	10259.6484375	
39.3032	-1.12782351009952E-02	-2.4805984809375E-07	0	-0.00793836989	10259.6484375	
39.307296	-1.12786171053273E-02	-2.41976440715625E-07	0	-0.00644301141	10259.6484375	
39.311392	-1.12793191228627E-02	-2.30489432971875E-07	0	-0.00620268594	10259.6484375	
39.315488	-0.011280056250418	-2.1674064864375E-07	0	-0.00507735239	10259.6484375	
39.319584	-1.12804771134962E-02	-2.06946668053125E-07	0	-0.00490187665	10259.6484375	
39.32368	-1.12805353558992E-02	-2.0517287175E-07	0	-0.00352477356	10259.6484375	
39.327776	-1.12804874453511E-02	-2.08483685746875E-07	0	-0.00487517382	10259.6484375	
39.331872	-1.12805990842428E-02	-2.1127430795625E-07	0	-0.00545882139	10259.6484375	
39.335968	-1.12807215121511E-02	-2.1177286515E-07	0	-0.00703428836	10259.6484375	
39.340064	-1.12807432730489E-02	-2.132545944375E-07	0	-0.00825117447	10259.6484375	
39.34416	-1.12808613122047E-02	-2.1451084318125E-07	0	-0.0070571765	10259.6484375	
39.348256	-1.12812765064777E-02	-2.11675028709375E-07	0	-0.00703810305	10259.6484375	
39.352352	-1.12818567361311E-02	-2.046161415375E-07	0	-0.00440215226	10259.6484375	
39.356448	-1.12821515140073E-02	-1.98334176665625E-07	0	-0.00555418864	10259.6484375	
39.360544	-1.12818640507186E-02	-2.0170797136875E-07	0	-0.00538634228	10259.6484375	
39.36464	-1.12812494425039E-02	-0.000000213461325	0	-0.00523756937	10259.6484375	
39.368736	-1.12807841433066E-02	-2.26312514071875E-07	0	-0.00391387194	10259.6484375	
39.372832	-1.12804697989087E-02	-2.34236304225E-07	0	-0.0062179447	10259.6484375	
39.376928	-0.011279936839777	-2.422199500875E-07	0	-0.00746153364	10259.6484375	
39.381024	-1.12793890686056E-02	-2.51074027771875E-07	0	-0.00559233554	10259.6484375	
39.38512	-1.12791103828219E-02	-2.56873541203125E-07	0	-0.00646971424	10259.6484375	
39.389216	-1.12792999220705E-02	-2.5487426435625E-07	0	-0.00424956466	10259.6484375	
39.393312	-1.12793529528298E-02	-2.49078356690625E-07	0	-0.0071716172	10259.6484375	
39.397408	-1.12790973079967E-02	-2.48615857153125E-07	0	-0.00655363742	10259.6484375	
39.401504	-1.12785196384489E-02	-2.53552390678125E-07	0	-0.00660322839	10259.6484375	
39.4056	-1.12780194120962E-02	-2.61781228603125E-07	0	-0.00521468123	10259.6484375	
39.409696	-1.12777369775864E-02	-2.654833883625E-07	0	-0.00627516505	10259.6484375	
39.413792	-1.12774513429445E-02	-2.675006940375E-07	0	-0.00673674254	10259.6484375	
39.417888	-1.12769848551267E-02	-2.7056463328125E-07	0	-0.00732039011	10259.6484375	
39.421984	-1.12767203413562E-02	-2.73778331990625E-07	0	-0.00712202623	10259.6484375	
39.42608	-1.12768646215947E-02	-2.705910755625E-07	0	-0.00653074928	10259.6484375	
39.430176	-1.12773119086203E-02	-2.60760075778125E-07	0	-0.00535963945	10259.6484375	
39.434272	-1.12776888841736E-02	-2.49509606259375E-07	0	-0.00647734362	10259.6484375	
39.438368	-1.12778478850194E-02	-2.42320911525E-07	0	-0.00520323716	10259.6484375	
39.442464	-1.12777772078177E-02	-2.40417788428125E-07	0	-0.00471495684	10259.6484375	
39.44656	-0.01127766611752	-2.420468733375E-07	0	-0.00526045751	10259.6484375	
39.450656	-0.011277812683567	-2.40970191721875E-07	0	-0.00706862057	10259.6484375	
39.454752	-1.12778505365573E-02	-2.3952427970625E-07	0	-0.00758360372	10259.6484375	
39.458848	-1.12779857649937E-02	-2.37582454725E-07	0	-0.00875852824	10259.6484375	
39.462944	-1.12783206816689E-02	-2.34159621609375E-07	0	-0.00684736855	10259.6484375	
39.46704	-1.12792882187305E-02	-2.2186852813125E-07	0	-0.00680159227	10259.6484375	
39.471136	-1.12804142080437E-02	-2.0365604634375E-07	0	-0.00529860441	10259.6484375	
39.475232	-1.12811246373547E-02	-1.88866397671875E-07	0	-0.0044250404	10259.6484375	
39.479328	-1.12812260358239E-02	-1.8609260236875E-07	0	-0.00399016574	10259.6484375	
39.483424	-1.12810333878756E-02	-1.92833220628125E-07	0	-0.00445555792	10259.6484375	
39.48752	-1.12811545357311E-02	-1.98956772196875E-07	0	-0.00419234431	10259.6484375	
39.491616	-1.12811879999689E-02	-2.019257596125E-07	0	-0.00579069942	10259.6484375	
39.495712	-1.12808090129041E-02	-0.000000209153637	0	-0.00759886248	10259.6484375	
39.499808	-1.12803641945517E-02	-2.20335596971875E-07	0	-0.00657652556	10259.6484375	
39.503904	-1.12804316716214E-02	-2.26063956628125E-07	0	-0.00619887125	10259.6484375	
39.508	-0.011280881884482	-2.22096652903125E-07	0	-0.00656889618	10259.6484375	
39.512096	-1.12810535944236E-02	-2.16924542690625E-07	0	-0.00602339551	10259.6484375	
39.516192	-0.011280764576785	-2.19253867284375E-07	0	-0.00664518998	10259.6484375	
39.520288	-1.12800957491905E-02	-2.29619722303125E-07	0	-0.00441359633	10259.6484375	
39.524384	-1.12796933554456E-02	-2.403526442625E-07	0	-0.00473784498	10259.6484375	
39.52848	-1.12793617303348E-02	-2.464026382125E-07	0	-0.00590514012	10259.6484375	
39.532576	-0.01127881304484	-2.52778593375E-07	0	-0.00699614146	10259.6484375	
39.536672	-1.12779621754491E-02	-2.64208149253125E-07	0	-0.00558852085	10259.6484375	
39.540768	-0.011277645362378	-2.72069679853125E-07	0	-0.00485991506	10259.6484375	
39.544864	-0.011277839016082	-2.6888675034375E-07	0	-0.00609205993	10259.6484375	
39.54896	-1.12780702484794E-02	-2.5988772088125E-07	0	-0.00585936384	10259.6484375	
39.553056	-1.12779160021155E-02	-2.55818734565625E-07	0	-0.00503157611	10259.6484375	
39.557152	-1.12776265273152E-02	-2.56923541153125E-07	0	-0.00497054107	10259.6484375	
39.561248	-1.12773931005416E-02	-2.59440125175E-07	0	-0.00497817045	10259.6484375	
39.565344	-1.12772874047522E-02	-2.59726422965625E-07	0	-0.00490950603	10259.6484375	
39.56944	-1.12770096332919E-02	-2.6066512395E-07	0	-0.00660704308	10259.6484375	
39.573536	-1.12767199756269E-02	-2.6332233283125E-07	0	-0.00603102489	10259.6484375	
39.577632	-1.12765763354148E-02	-2.6458819695E-07	0	-0.00709150871	10259.6484375	
39.581728	-1.12770246281963E-02	-2.59538442384375E-07	0	-0.0059127695	10259.6484375	
39.585824	-1.12778223753955E-02	-2.44511534334375E-07	0	-0.00675581599	10259.6484375	
39.58992	-1.12785798009311E-02	-2.2879544428125E-07	0	-0.00565337058	10259.6484375	
39.594016	-1.12790325738973E-02	-2.1727910964375E-07	0	-0.00376891372	10259.6484375	
39.598112	-1.12792600575686E-02	-2.13089931140625E-07	0	-0.00393294539	10259.6484375	
39.602208	-1.12794502368436E-02	-2.11492336584375E-07	0	-0.0047683625	10259.6484375	
39.606304	-1.12795850081183E-02	-2.11828634325E-07	0	-0.00463484835	10259.6484375	
39.6104	-1.12795157024017E-02	-2.14129833946875E-07	0	-0.00660322839	10259.6484375	
39.614496	-1.12792670064267E-02	-2.20309635459375E-07	0	-0.00708387933	10259.6484375	
39.618592	-1.12793200371861E-02	-2.24930303915625E-07	0	-0.00764845345	10259.6484375	
39.622688	-1.12799227591961E-02	-2.2049737565625E-07	0	-0.00597380454	10259.6484375	
39.626784	-1.12806246852991E-02	-2.09890415109375E-07	0	-0.00624464753	10259.6484375	
39.63088	-1.12809303436242E-02	-2.025046051875E-07	0	-0.00593565764	10259.6484375	
39.634976	-1.12808628665545E-02	-2.03663017490625E-07	0	-0.00463103366	10259.6484375	
39.639072	-1.12807095345141E-02	-2.09213252325E-07	0	-0.00322341305	10259.6484375	
39.643168	-1.12806359314773E-02	-2.14441852865625E-07	0	-0.00332640968	10259.6484375	
39.647264	-1.12803773608092E-02	-2.1977526099375E-07	0	-0.00460433083	10259.6484375	
39.65136	-0.011279751963578	-2.29590876178125E-07	0	-0.0051498315	10259.6484375	
39.655456	-1.12790817644983E-02	-2.43124756875E-07	0	-0.00594328702	10259.6484375	
39.659552	-1.12789821946759E-02	-2.501680190625E-07	0	-0.00525282813	10259.6484375	
39.663648	-1.12792776125786E-02	-2.46362974790625E-07	0	-0.00562285306	10259.6484375	
39.667744	-1.12794295731339E-02	-2.40091346446875E-07	0	-0.00737761046	10259.6484375	
39.67184	-1.12791720996539E-02	-2.3959639501875E-07	0	-0.00570677624	10259.6484375	
39.675936	-0.011278818622213	-2.44595668865625E-07	0	-0.00481032409	10259.6484375	
39.680032	-0.01127859068138	-2.48505520725E-07	0	-0.00642393796	10259.6484375	
39.684128	-1.12783249789891E-02	-2.5168003678125E-07	0	-0.0071716172	10259.6484375	
39.688224	-1.12778122264053E-02	-2.56641810665625E-07	0	-0.00574492314	10259.6484375	
39.69232	-1.12771265752595E-02	-2.6575117655625E-07	0	-0.00430297032	10259.6484375	
39.696416	-1.12767630402608E-02	-2.725535736E-07	0	-0.00494383824	10259.6484375	
39.700512	-1.12768976286708E-02	-2.710795366125E-07	0	-0.00579451411	10259.6484375	
39.704608	-1.12772306252667E-02	-2.6231848768125E-07	0	-0.0059127695	10259.6484375	
39.708704	-1.12774058096373E-02	-2.5416657275625E-07	0	-0.00474547436	10259.6484375	
39.7128	-1.12774511600798E-02	-2.49816336721875E-07	0	-0.00547789484	10259.6484375	
39.716896	-1.12775787081994E-02	-2.4629254216875E-07	0	-0.00455473986	10259.6484375	
39.720992	-1.12778080205175E-02	-2.42032450275E-07	0	-0.00509261115	10259.6484375	
39.725088	-1.12779886908287E-02	-2.37272599265625E-07	0	-0.00693129173	10259.6484375	
39.729184	-1.12779094189867E-02	-2.3624351375625E-07	0	-0.00620268594	10259.6484375	
39.73328	-1.12777486809264E-02	-2.39026443665625E-07	0	-0.0077819676	10259.6484375	
39.737376	-1.12779824734294E-02	-2.38943751440625E-07	0	-0.00607680117	10259.6484375	
39.741472	-1.12787361502389E-02	-2.299815007875E-07	0	-0.0051116846	10259.6484375	
39.745568	-1.12796187466531E-02	-2.14841852465625E-07	0	-0.00557326209	10259.6484375	
39.749664	-1.12800144658369E-02	-2.0496854503125E-07	0	-0.00424574997	10259.6484375	
39.75376	-1.12801799583791E-02	-2.0276085493125E-07	0	-0.00326918933	10259.6484375	
39.757856	-1.12803745264066E-02	-2.0375316163125E-07	0	-0.00287246157	10259.6484375	
39.761952	-0.011280647817682	-2.02805326040625E-07	0	-0.00403212733	10259.6484375	
39.766048	-1.12804734562025E-02	-2.05640419359375E-07	0	-0.00548170953	10259.6484375	
39.770144	-1.12799050213214E-02	-2.162488222125E-07	0	-0.00746534833	10259.6484375	
39.77424	-1.12795070163291E-02	-2.28593761790625E-07	0	-0.00674818661	10259.6484375	
39.778336	-1.12798441273805E-02	-2.30451692625E-07	0	-0.00607680117	10259.6484375	
39.782432	-1.12803949158192E-02	-2.22603863934375E-07	0	-0.00749968054	10259.6484375	
39.786528	-1.12804196939844E-02	-2.18043291571875E-07	0	-0.00773237663	10259.6484375	
39.790624	-0.011280065576517	-2.22673094634375E-07	0	-0.00424956466	10259.6484375	
39.79472	-1.12798316925817E-02	-2.29474530140625E-07	0	-0.00332259499	10259.6484375	
39.798816	-1.12798180691625E-02	-2.3222669085E-07	0	-0.00369643461	10259.6484375	
39.802912	-1.12795287772269E-02	-2.3500361115E-07	0	-0.00462340428	10259.6484375	
39.807008	-1.12787349616184E-02	-2.448487936125E-07	0	-0.00533675131	10259.6484375	
39.811104	-1.12779038416137E-02	-2.59577865421875E-07	0	-0.00360106736	10259.6484375	
39.8152	-1.12776093380345E-02	-2.67709347675E-07	0	-0.00558089147	10259.6484375	
39.819296	-0.011277757092702	-2.6560406131875E-07	0	-0.00642393796	10259.6484375	
39.823392	-1.12778162494284E-02	-2.595199327875E-07	0	-0.00711058216	10259.6484375	
39.827488	-1.12775425009913E-02	-2.58622097146875E-07	0	-0.00593947233	10259.6484375	
39.831584	-1.12773492130166E-02	-2.59995653465625E-07	0	-0.00471877153	10259.6484375	
39.83568	-0.011277364756515	-2.58755510475E-07	0	-0.00567244403	10259.6484375	
39.839776	-1.12771741200783E-02	-2.57314406146875E-07	0	-0.00582503163	10259.6484375	
39.843872	-1.12766712421877E-02	-2.61538921153125E-07	0	-0.00636671761	10259.6484375	
39.847968	-1.12760711717156E-02	-2.69412951740625E-07	0	-0.00485610037	10259.6484375	
39.852064	-1.12758893127839E-02	-2.73825447328125E-07	0	-0.00489424727	10259.6484375	
39.85616	-1.12761862850364E-02	-2.6915982699375E-07	0	-0.00548170953	10259.6484375	
39.860256	-1.12767264673233E-02	-2.57606232778125E-07	0	-0.00510786991	10259.6484375	
39.864352	-1.12771220950747E-02	-2.46614416846875E-07	0	-0.00443266978	10259.6484375	
39.868448	-0.011277461034773	-2.38113463809375E-07	0	-0.00379943124	10259.6484375	
39.872544	-1.12778776919634E-02	-2.311776534375E-07	0	-0.00580214349	10259.6484375	
39.87664	-1.12783352194116E-02	-2.2389641071875E-07	0	-0.00494765293	10259.6484375	
39.880736	-1.12787306642983E-02	-2.17025023359375E-07	0	-0.00504302018	10259.6484375	
39.884832	-1.12787433733941E-02	-2.15859159140625E-07	0	-0.00636671761	10259.6484375	
39.888928	-1.12786049448256E-02	-2.198622801375E-07	0	-0.00706480588	10259.6484375	
39.893024	-0.011278675804892	-2.23693285921875E-07	0	-0.00653456397	10259.6484375	
39.89712	-1.12792377480767E-02	-2.19848578228125E-07	0	-0.00536345414	10259.6484375	
39.901216	-0.011279787073598	-2.11532240390625E-07	0	-0.00677488944	10259.6484375	
39.905312	-1.12800430841605E-02	-2.0653585115625E-07	0	-0.00571059093	10259.6484375	
39.909408	-1.12801651463394E-02	-2.06750995171875E-07	0	-0.00491332072	10259.6484375	
39.913504	-1.12804740962289E-02	-2.06231284153125E-07	0	-0.00351332949	10259.6484375	
39.9176	-1.12808244649702E-02	-2.0301181621875E-07	0	-0.00371550806	10259.6484375	
39.921696	-1.12806530293256E-02	-2.04867343209375E-07	0	-0.00380706062	10259.6484375	
39.925792	-1.12800183059953E-02	-2.1585411106875E-07	0	-0.00597761923	10259.6484375	
39.929888	-1.12794469452792E-02	-2.30567317509375E-07	0	-0.00458907207	10259.6484375	
39.933984	-0.011279328266097	-2.37919233234375E-07	0	-0.00531386317	10259.6484375	
39.93808	-1.12794427393914E-02	-2.383257232125E-07	0	-0.00684736855	10259.6484375	
39.942176	-1.12794193327114E-02	-2.36384138615625E-07	0	-0.00637816168	10259.6484375	
39.946272	-1.12791247376998E-02	-2.39332212590625E-07	0	-0.00526808689	10259.6484375	
39.950368	-1.12790010297388E-02	-2.42485574821875E-07	0	-0.00413512396	10259.6484375	
39.954464	-1.12790238878247E-02	-2.42499997884375E-07	0	-0.00447081668	10259.6484375	
39.95856	-1.12788319713352E-02	-2.42273075034375E-07	0	-0.00468825401	10259.6484375	
39.962656	-1.12781348911464E-02	-2.49853836684375E-07	0	-0.00520705185	10259.6484375	
39.966752	-1.12773857859541E-02	-2.62082189840625E-07	0	-0.00574873783	10259.6484375	
39.970848	-1.12770563552195E-02	-2.69607663084375E-07	0	-0.00545119201	10259.6484375	
39.974944	-1.12770648584275E-02	-2.69274490340625E-07	0	-0.00643538203	10259.6484375	
39.97904	-1.12772894162638E-02	-2.63047813875E-07	0	-0.00505827894	10259.6484375	
39.983136	-1.12773330294917E-02	-2.56997819925E-07	0	-0.00497054107	10259.6484375	
39.987232	-1.12772666496102E-02	-2.54923543153125E-07	0	-0.00386428097	10259.6484375	
39.991328	-1.12774231817827E-02	-2.51419219734375E-07	0	-0.00504302018	10259.6484375	
39.995424	-1.12775650847802E-02	-2.469766761E-07	0	-0.00485610037	10259.6484375	
39.99952	-1.12776377734934E-02	-2.4323004523125E-07	0	-0.0056838881	10259.6484375	
40.003616	-0.011277268478257	-2.45796629203125E-07	0	-0.00524519875	10259.6484375	
40.007712	-1.12770767446322E-02	-2.505834032625E-07	0	-0.00604628365	10259.6484375	
40.011808	-1.12772722269831E-02	-2.49536288925E-07	0	-0.00601195144	10259.6484375	
40.015904	-1.12777898254811E-02	-2.41922113846875E-07	0	-0.00612639214	10259.6484375	
40.02	-1.12783552430948E-02	-2.3093871136875E-07	0	-0.00547026546	10259.6484375	
40.024096	-1.12786798279152E-02	-2.23309632459375E-07	0	-0.00642393796	10259.6484375	
40.028192	-1.12790944735941E-02	-2.180103589125E-07	0	-0.00408553299	10259.6484375	
40.032288	-1.12796960984159E-02	-2.1061373169375E-07	0	-0.00367736116	10259.6484375	
40.036384	-1.12802592302211E-02	-2.0235412456875E-07	0	-0.0032043396	10259.6484375	
40.04048	-1.12803028434491E-02	-2.0006181916875E-07	0	-0.0047683625	10259.6484375	
40.044576	-1.12799800872756E-02	-2.07301956159375E-07	0	-0.00535582476	10259.6484375	
40.048672	-1.12800359524377E-02	-2.13863007290625E-07	0	-0.00450896358	10259.6484375	
40.052768	-1.12804557183278E-02	-2.1248488366875E-07	0	-0.00592421357	10259.6484375	
40.056864	-1.12810641091431E-02	-2.05697630840625E-07	0	-0.00703810305	10259.6484375	
40.06096	-1.12814378845644E-02	-1.99142348934375E-07	0	-0.0070953234	10259.6484375	
40.065056	-1.12816823746516E-02	-1.96916389621875E-07	0	-0.00498198514	10259.6484375	
40.069152	-1.12820143654917E-02	-1.94423122884375E-07	0	-0.00358962329	10259.6484375	
40.073248	-0.011282154074113	-1.93726488965625E-07	0	-0.00519560778	10259.6484375	
40.077344	-1.12818603019925E-02	-1.9808489806875E-07	0	-0.00384520752	10259.6484375	
40.08144	-1.12809680137498E-02	-2.12466374071875E-07	0	-0.00522231061	10259.6484375	
40.085536	-1.12802574930066E-02	-2.294680397625E-07	0	-0.00368499054	10259.6484375	
40.089632	-1.12797865250039E-02	-2.404757210625E-07	0	-0.00471877153	10259.6484375	
40.093728	-1.12793983032723E-02	-2.47356723796875E-07	0	-0.00577544066	10259.6484375	
40.097824	-1.12789551307022E-02	-2.52443257171875E-07	0	-0.00567244403	10259.6484375	
40.10192	-1.12784972375247E-02	-2.58021136209375E-07	0	-0.00510786991	10259.6484375	
40.106016	-1.12783160186194E-02	-2.60200460953125E-07	0	-0.00517653433	10259.6484375	
40.110112	-1.12780150233437E-02	-2.60369691553125E-07	0	-0.00479888002	10259.6484375	
40.114208	-1.12775174485291E-02	-2.636333902125E-07	0	-0.00599287799	10259.6484375	
40.118304	-1.12767610287492E-02	-2.70763431159375E-07	0	-0.00426482342	10259.6484375	
40.1224	-1.12759602642827E-02	-0.000000280692027	0	-0.00612257745	10259.6484375	
40.126496	-1.12753740000945E-02	-2.8815692338125E-07	0	-0.00706099119	10259.6484375	
40.130592	-1.12750645930433E-02	-2.904843249E-07	0	-0.00744627488	10259.6484375	
40.134688	-1.12750931199345E-02	-2.86376877084375E-07	0	-0.0055694474	10259.6484375	
40.138784	-1.12752340171763E-02	-2.7850404841875E-07	0	-0.00536345414	10259.6484375	
40.14288	-1.12754915820886E-02	-2.693583844875E-07	0	-0.00549696829	10259.6484375	
40.146976	-1.12758409450741E-02	-2.59349019496875E-07	0	-0.0040435714	10259.6484375	
40.151072	-1.12762907922053E-02	-2.4918100081875E-07	0	-0.0048446563	10259.6484375	
40.155168	-1.12766652990853E-02	-2.400084138375E-07	0	-0.0047302156	10259.6484375	
40.159264	-1.12768320716803E-02	-2.350738033875E-07	0	-0.00462340428	10259.6484375	
40.16336	-1.12770900937544E-02	-2.322295754625E-07	0	-0.00693129173	10259.6484375	
40.167456	-1.12774389995781E-02	-2.27968762415625E-07	0	-0.00550459767	10259.6484375	
40.171552	-1.12779950910928E-02	-2.2084352915625E-07	0	-0.00624464753	10259.6484375	
40.175648	-1.12786509352945E-02	-2.11652432578125E-07	0	-0.00748442178	10259.6484375	
40.179744	-1.12793062309022E-02	-2.0192335576875E-07	0	-0.00653837866	10259.6484375	
40.18384	-1.12800301007677E-02	-1.93209422175E-07	0	-0.00542830387	10259.6484375	
40.187936	-1.12808422942772E-02	-1.8318058605E-07	0	-0.00408934768	10259.6484375	
40.192032	-1.12814163979636E-02	-1.75613285925E-07	0	-0.00361251143	10259.6484375	
40.196128	-1.12814180437458E-02	-1.76505592725E-07	0	-0.0043868935	10259.6484375	
40.200224	-1.12811636789655E-02	-1.8549933373125E-07	0	-0.00432204377	10259.6484375	
40.20432	-1.12809856601922E-02	-1.95462544921875E-07	0	-0.00415038272	10259.6484375	
40.208416	-1.12810507600209E-02	-2.0122672185E-07	0	-0.00634382947	10259.6484375	
40.212512	-1.12811530728136E-02	-2.03179364128125E-07	0	-0.00856397905	10259.6484375	
40.216608	-1.12811056194272E-02	-2.05869265284375E-07	0	-0.00814436315	10259.6484375	
40.220704	-1.12810853214469E-02	-2.09214935015625E-07	0	-0.00551604174	10259.6484375	
40.2248	-1.12811354263713E-02	-2.109949813125E-07	0	-0.0059890633	10259.6484375	
40.228896	-1.12811378950445E-02	-2.12155797459375E-07	0	-0.00449751951	10259.6484375	
40.232992	-1.12806396802034E-02	-2.1772814765625E-07	0	-0.00558470616	10259.6484375	
40.237088	-1.12796204838677E-02	-2.32850969071875E-07	0	-0.00441359633	10259.6484375	
40.241184	-1.12785778808519E-02	-2.5163484451875E-07	0	-0.00458525738	10259.6484375	
40.24528	-1.12777087249922E-02	-2.674622325375E-07	0	-0.00658034025	10259.6484375	
40.249376	-1.12771967038672E-02	-2.76190348809375E-07	0	-0.00531386317	10259.6484375	
40.253472	-1.12766659391117E-02	-2.80807171115625E-07	0	-0.00667952219	10259.6484375	
40.257568	-1.12763079814859E-02	-2.8319346680625E-07	0	-0.00593947233	10259.66796875	
40.261664	-1.12761108533528E-02	-2.8170116060625E-07	0	-0.0046539218	10259.66796875	
40.26576	-1.12760531595439E-02	-2.7800308738125E-07	0	-0.00455473986	10259.66796875	
40.269856	-1.12759709618669E-02	-2.73240351759375E-07	0	-0.00400160981	10259.66796875	
40.273952	-1.12754022526888E-02	-2.7397424525625E-07	0	-0.00589751074	10259.66796875	
40.278048	-1.12747587518534E-02	-2.8035789271875E-07	0	-0.00627516505	10259.66796875	
40.282144	-1.12742528566955E-02	-2.8619634841875E-07	0	-0.00741575736	10259.66796875	
40.28624	-1.12742557825305E-02	-2.85873512203125E-07	0	-0.00636290292	10259.66796875	
40.290336	-1.12744867406308E-02	-2.7774154918125E-07	0	-0.00696180925	10259.66796875	
40.294432	-1.12747704551934E-02	-2.68329779746875E-07	0	-0.0062560916	10259.66796875	
40.298528	-1.12751181723967E-02	-2.5877522199375E-07	0	-0.00512312867	10259.66796875	
40.302624	-1.12757007792911E-02	-2.4788869441875E-07	0	-0.00463866304	10259.66796875	
40.30672	-1.12764395526286E-02	-2.3401851598125E-07	0	-0.00429152625	10259.66796875	
40.310816	-1.12769691287636E-02	-2.2236516225E-07	0	-0.00415419741	10259.66796875	
40.314912	-1.12772401342305E-02	-2.1638391823125E-07	0	-0.005340566	10259.66796875	
40.319008	-1.12774654235255E-02	-2.1471949681875E-07	0	-0.00453566641	10259.66796875	
40.323104	-1.12779445290067E-02	-2.11140894628125E-07	0	-0.00437163474	10259.66796875	
40.3272	-1.12784700821186E-02	-2.05317342759375E-07	0	-0.00534438069	10259.66796875	
40.331296	-1.12789087745039E-02	-2.00285136253125E-07	0	-0.00616453904	10259.66796875	
40.335392	-1.12794199727378E-02	-1.96036342425E-07	0	-0.00692366235	10259.66796875	
40.339488	-0.011280085508768	-1.89940194675E-07	0	-0.00497435576	10259.66796875	
40.343584	-1.12807352270027E-02	-1.82864961365625E-07	0	-0.00619505656	10259.66796875	
40.34768	-1.12812627001938E-02	-1.77793331821875E-07	0	-0.00313186049	10259.66796875	
40.351776	-1.12813354803394E-02	-1.7806568731875E-07	0	-0.00494383824	10259.66796875	
40.355872	-0.01128111275115	-1.86094285059375E-07	0	-0.00342940631	10259.66796875	
40.359968	-1.12807493075836E-02	-1.96990428009375E-07	0	-0.00449751951	10259.66796875	
40.364064	-1.12804004931922E-02	-2.08252916746875E-07	0	-0.00482558285	10259.66796875	
40.36816	-1.12800138258105E-02	-2.18069253084375E-07	0	-0.00592039888	10259.66796875	
40.372256	-1.12796186552208E-02	-2.273988110625E-07	0	-0.00622175939	10259.66796875	
40.376352	-1.12794387163683E-02	-2.33205295640625E-07	0	-0.00552367112	10259.66796875	
40.380448	-1.12791985236012E-02	-2.36832215090625E-07	0	-0.00545882139	10259.66796875	
40.384544	-1.12788728415928E-02	-2.4105697048125E-07	0	-0.00481795347	10259.66796875	
40.38864	-1.12782690223947E-02	-2.47938453984375E-07	0	-0.00447844606	10259.66796875	
40.392736	-1.12775630732686E-02	-2.57990847778125E-07	0	-0.00535963945	10259.66796875	
40.396832	-1.12767078151252E-02	-2.6949444204375E-07	0	-0.00574492314	10259.66796875	
40.400928	-1.12759463665664E-02	-2.80292267784375E-07	0	-0.00447463137	10259.66796875	
40.405024	-1.12752774475395E-02	-2.884833653625E-07	0	-0.00638960575	10259.66796875	
40.40912	-1.12747821585334E-02	-2.93055235790625E-07	0	-0.00601576613	10259.66796875	
40.413216	-1.12745980137931E-02	-2.92694659228125E-07	0	-0.00508879646	10259.66796875	
40.417312	-1.12745551320239E-02	-2.87924952459375E-07	0	-0.00594710171	10259.66796875	
40.421408	-1.12748257717614E-02	-2.7983577785625E-07	0	-0.00380706062	10259.66796875	
40.425504	-1.12750903769642E-02	-2.688930003375E-07	0	-0.00362777019	10259.66796875	
40.4296	-1.12752385887934E-02	-2.60953344815625E-07	0	-0.00384902221	10259.66796875	
40.433696	-1.12751256698489E-02	-2.57299983084375E-07	0	-0.0052261253	10259.66796875	
40.437792	-1.12750260085942E-02	-2.57340848428125E-07	0	-0.00548933891	10259.66796875	
40.441888	-1.12751253041195E-02	-2.55112485271875E-07	0	-0.00601195144	10259.66796875	
40.445984	-1.12753855205698E-02	-2.50531239853125E-07	0	-0.00700758553	10259.66796875	
40.45008	-1.12758246701169E-02	-2.4307908384375E-07	0	-0.00704954712	10259.66796875	
40.454176	-1.12764715539489E-02	-2.32752892246875E-07	0	-0.00598143392	10259.66796875	
40.458272	-1.12772517461381E-02	-2.20097616440625E-07	0	-0.00505827894	10259.66796875	
40.462368	-1.12779821991323E-02	-2.0800363815E-07	0	-0.0037002493	10259.66796875	
40.466464	-1.12786425235189E-02	-1.98083696146875E-07	0	-0.00419997369	10259.66796875	
40.47056	-1.12789600680488E-02	-1.93501729575E-07	0	-0.00429152625	10259.66796875	
40.474656	-0.011279179048512	-1.93794036975E-07	0	-0.00330733623	10259.66796875	
40.478752	-1.12793874228234E-02	-1.9533778543125E-07	0	-0.00481413878	10259.66796875	
40.482848	-1.12797355971884E-02	-1.9535797771875E-07	0	-0.00549696829	10259.66796875	
40.486944	-1.12799671038828E-02	-1.9489643971875E-07	0	-0.00533675131	10259.66796875	
40.49104	-1.12801784040292E-02	-1.95867111825E-07	0	-0.00640486451	10259.66796875	
40.495136	-1.12804679702619E-02	-1.95539948690625E-07	0	-0.00707624995	10259.66796875	
40.499232	-1.12807064258144E-02	-1.9506951646875E-07	0	-0.00635527354	10259.66796875	
40.503328	-1.12808186133002E-02	-1.95974563640625E-07	0	-0.00662993122	10259.66796875	
40.507424	-1.12806206622759E-02	-2.00847876075E-07	0	-0.00529478972	10259.66796875	
40.51152	-1.12801645977453E-02	-2.10238491684375E-07	0	-0.00428771156	10259.66796875	
40.515616	-1.12794987874181E-02	-2.2344641116875E-07	0	-0.0050735377	10259.66796875	
40.519712	-1.12787802206286E-02	-2.37549522065625E-07	0	-0.00501631735	10259.66796875	
40.523808	-1.12779885993964E-02	-2.51193979575E-07	0	-0.00529097503	10259.66796875	
40.527904	-1.12772998395509E-02	-2.63212477171875E-07	0	-0.00474165967	10259.66796875	
40.532	-1.12768618786244E-02	-2.7040357575E-07	0	-0.00650404645	10259.66796875	
40.536096	-0.011276674533752	-2.7216174706875E-07	0	-0.00547026546	10259.66796875	
40.540192	-1.12765918789133E-02	-2.69660066878125E-07	0	-0.00576399659	10259.66796875	
40.544288	-1.12765102298303E-02	-2.66403820134375E-07	0	-0.00570677624	10259.66796875	
40.548384	-1.12763095358358E-02	-2.64539879690625E-07	0	-0.00548933891	10259.66796875	
40.55248	-1.12759315545267E-02	-2.66036272425E-07	0	-0.00596236047	10259.66796875	
40.556576	-1.12755596077523E-02	-2.693583844875E-07	0	-0.00718306127	10259.66796875	
40.560672	-1.12752335600145E-02	-2.71842757003125E-07	0	-0.00670241033	10259.66796875	
40.564768	-0.011274983401122	-2.7298290009375E-07	0	-0.00725172569	10259.66796875	
40.568864	-1.12749411593792E-02	-2.72183622046875E-07	0	-0.00668333688	10259.66796875	
40.57296	-1.12753041457839E-02	-2.65273052034375E-07	0	-0.00591658419	10259.66796875	
40.577056	-1.12758916900248E-02	-2.53005516225E-07	0	-0.00542067449	10259.66796875	
40.581152	-1.12763163932616E-02	-2.413122586875E-07	0	-0.00536726883	10259.66796875	
40.585248	-1.12767113809866E-02	-2.3296515165E-07	0	-0.00285338812	10259.66796875	
40.589344	-1.12770972254772E-02	-2.2600698553125E-07	0	-0.00368117585	10259.66796875	
40.59344	-1.12774255590236E-02	-2.20744731178125E-07	0	-0.00596998985	10259.66796875	
40.597536	-1.12775481697966E-02	-2.1862814675625E-07	0	-0.0059509164	10259.66796875	
40.601632	-1.12777410920419E-02	-2.179199743875E-07	0	-0.00754545682	10259.66796875	
40.605728	-1.12779796390267E-02	-2.17031273353125E-07	0	-0.00627135036	10259.66796875	
40.609824	-1.12786643758491E-02	-2.10853875684375E-07	0	-0.00754545682	10259.66796875	
40.61392	-1.12793893429027E-02	-2.007382608E-07	0	-0.00714872906	10259.66796875	
40.618016	-1.12798561050175E-02	-1.9330317208125E-07	0	-0.00524138406	10259.66796875	
40.622112	-1.12801379909333E-02	-1.9119259726875E-07	0	-0.00559615023	10259.66796875	
40.626208	-1.12804238084398E-02	-1.9084932838125E-07	0	-0.004959097	10259.66796875	
40.630304	-1.12805289556352E-02	-1.9210221174375E-07	0	-0.00463103366	10259.66796875	
40.6344	-1.12803450851919E-02	-1.97740427259375E-07	0	-0.00483702692	10259.66796875	
40.638496	-1.12799299823513E-02	-2.07313494609375E-07	0	-0.00386428097	10259.66796875	
40.642592	-0.011279611797795	-2.17656272728125E-07	0	-0.00476454781	10259.66796875	
40.646688	-1.12795036333323E-02	-2.23769728153125E-07	0	-0.00437926412	10259.66796875	
40.650784	-1.12794083608302E-02	-2.267488117125E-07	0	-0.00567244403	10259.66796875	
40.65488	-1.12792473484728E-02	-2.2977236638125E-07	0	-0.00661848715	10259.66796875	
40.658976	-1.12790055099236E-02	-2.33468276146875E-07	0	-0.00695036518	10259.6484375	
40.663072	-1.12788682699756E-02	-2.3666082103125E-07	0	-0.00585554915	10259.6484375	
40.667168	-1.12786878739614E-02	-2.3841851158125E-07	0	-0.00606154241	10259.6484375	
40.671264	-1.12782874002958E-02	-2.42885574421875E-07	0	-0.00621031532	10259.6484375	
40.67536	-1.12776170183514E-02	-2.51074748925E-07	0	-0.00519942247	10259.6484375	
40.679456	-1.12768735819644E-02	-2.6235887225625E-07	0	-0.00498961452	10259.6484375	
40.683552	-1.12764524445891E-02	-2.69875932046875E-07	0	-0.00604628365	10259.6484375	
40.687648	-1.12761487063431E-02	-2.727814579875E-07	0	-0.00627516505	10259.6484375	
40.691744	-0.011276094669828	-2.7157713226875E-07	0	-0.00712202623	10259.6484375	
40.69584	-0.011276156112363	-2.6702809835625E-07	0	-0.00606154241	10259.6484375	
40.699936	-1.12763188619348E-02	-2.6075598924375E-07	0	-0.00562666775	10259.6484375	
40.704032	-1.12766088853292E-02	-2.5335888125625E-07	0	-0.00419997369	10259.6484375	
40.708128	-0.01127685858706	-2.4552908139375E-07	0	-0.00511931398	10259.6484375	
40.712224	-1.12769052175553E-02	-2.41217306859375E-07	0	-0.00473784498	10259.6484375	
40.71632	-1.12767121124453E-02	-2.41393748990625E-07	0	-0.00701140022	10259.6484375	
40.720416	-0.011276624794557	-2.43742785103125E-07	0	-0.00643919672	10259.6484375	
40.724512	-1.12766953803264E-02	-2.43617785228125E-07	0	-0.00721357879	10259.6484375	
40.728608	-1.12771810689364E-02	-2.37887983265625E-07	0	-0.00764082407	10259.6484375	
40.732704	-1.12777612071575E-02	-2.2789063749375E-07	0	-0.00714109968	10259.6484375	
40.7368	-1.12784489612472E-02	-2.1675507170625E-07	0	-0.00581358756	10259.6484375	
40.740896	-1.12791091942014E-02	-2.0630508215625E-07	0	-0.00300597572	10259.6484375	
40.744992	-0.011279749037743	-1.96784178215625E-07	0	-0.0029373113	10259.6484375	
40.749088	-1.12801420139564E-02	-1.9120365495E-07	0	-0.00335311251	10259.6484375	
40.753184	-1.12800630164114E-02	-1.929565378125E-07	0	-0.00486754444	10259.6484375	
40.75728	-1.12798412015455E-02	-2.00629366678125E-07	0	-0.00487517382	10259.6484375	
40.761376	-1.12797187736372E-02	-2.08106763046875E-07	0	-0.00651549052	10259.6484375	
40.765472	-1.12798343441197E-02	-2.11670701790625E-07	0	-0.00722883755	10259.6484375	
40.769568	-1.12799351025625E-02	-2.12330316515625E-07	0	-0.00658415494	10259.6484375	
40.773664	-1.12800589019559E-02	-2.123872876125E-07	0	-0.00710295278	10259.6484375	
40.77776	-1.12800531417183E-02	-2.13670219021875E-07	0	-0.00516509026	10259.6484375	
40.781856	-1.12800663079758E-02	-2.15359400025E-07	0	-0.00497817045	10259.6484375	
40.785952	-0.011279942691447	-2.17790407209375E-07	0	-0.00587080791	10259.6484375	
40.790048	-0.011279418966982	-2.2506179416875E-07	0	-0.00471495684	10259.6484375	
40.794144	-1.12787213381992E-02	-2.37127887871875E-07	0	-0.00410842113	10259.6484375	
40.79824	-0.011278122822077	-2.48625953296875E-07	0	-0.005722035	10259.6484375	
40.802336	-1.12776908042528E-02	-2.5667330101875E-07	0	-0.00512694336	10259.6484375	
40.806432	-1.12774918474728E-02	-2.59792769053125E-07	0	-0.00515746088	10259.6484375	
40.810528	-1.12774573774792E-02	-2.586410875125E-07	0	-0.00592039888	10259.6484375	
40.814624	-1.12774492400006E-02	-2.557430134875E-07	0	-0.00398253636	10259.6484375	
40.81872	-1.12775697478297E-02	-2.516391714375E-07	0	-0.00505064956	10259.6484375	
40.822816	-1.12777549897581E-02	-2.46373070934375E-07	0	-0.00403212733	10259.6484375	
40.826912	-1.12777981458244E-02	-2.41902402328125E-07	0	-0.00385665159	10259.6484375	
40.831008	-1.12776143668134E-02	-2.4149350850625E-07	0	-0.00440596695	10259.6484375	
40.835104	-1.12771320612002E-02	-2.46534128465625E-07	0	-0.0053024191	10259.6484375	
40.8392	-1.12767796809473E-02	-2.5313003533125E-07	0	-0.00476454781	10259.6484375	
40.843296	-1.12767313132375E-02	-2.5509253336875E-07	0	-0.00634382947	10259.6484375	
40.847392	-1.12770557151931E-02	-2.5048821105E-07	0	-0.00676726006	10259.6484375	
40.851488	-1.12772909706136E-02	-2.43084612684375E-07	0	-0.00701521491	10259.6484375	
40.855584	-1.12776540484506E-02	-2.36447840475E-07	0	-0.00519560778	10259.6484375	
40.85968	-1.12782030996748E-02	-2.27632464675E-07	0	-0.00256728637	10259.66796875	
40.863776	-1.12787985070973E-02	-2.1740603259375E-07	0	-0.00400160981	10259.66796875	
40.867872	-1.12789627195867E-02	-2.1158055765E-07	0	-0.00415419741	10259.66796875	
40.871968	-1.12786081449577E-02	-2.156218997625E-07	0	-0.00420378838	10259.66796875	
40.876064	-1.12782839258667E-02	-2.24306746846875E-07	0	-0.00493239417	10259.66796875	
40.88016	-1.12782559475695E-02	-2.29340395659375E-07	0	-0.00476454781	10259.66796875	
40.884256	-1.12784486869502E-02	-2.28714434746875E-07	0	-0.00598524861	10259.66796875	
40.888352	-1.12785126895908E-02	-2.2692813845625E-07	0	-0.00785063202	10259.66796875	
40.892448	-1.12785733092347E-02	-2.265315042375E-07	0	-0.00471495684	10259.66796875	
40.896544	-1.12788352628995E-02	-2.24703861834375E-07	0	-0.0038909838	10259.66796875	
40.90064	-1.12793395122753E-02	-2.18313002840625E-07	0	-0.00559233554	10259.66796875	
40.904736	-1.12795280457681E-02	-2.130257485125E-07	0	-0.00359343798	10259.66796875	
40.908832	-1.12791796885384E-02	-2.16181754971875E-07	0	-0.00376891372	10259.66796875	
40.912928	-1.12786203054594E-02	-2.265920811E-07	0	-0.00437544943	10259.66796875	
40.917024	-1.12783154700253E-02	-2.35745196946875E-07	0	-0.00431441439	10259.66796875	
40.92112	-1.12782561304342E-02	-2.3918389543125E-07	0	-0.00708769402	10259.66796875	
40.925216	-1.12781904820114E-02	-2.398757216625E-07	0	-0.00714491437	10259.66796875	
40.929312	-1.12782187346056E-02	-2.3941370289375E-07	0	-0.00635527354	10259.66796875	
40.933408	-1.12783954733261E-02	-2.36743753640625E-07	0	-0.00613020683	10259.66796875	
40.937504	-0.01127875452814	-2.30879817196875E-07	0	-0.00472258622	10259.66796875	
40.9416	-1.12789232208142E-02	-2.2577429345625E-07	0	-0.00419234431	10259.66796875	
40.945696	-1.12786864110439E-02	-2.26243764140625E-07	0	-0.00442885509	10259.66796875	
40.949792	-1.12780437330997E-02	-2.347314960375E-07	0	-0.00405120078	10259.66796875	
40.953888	-1.12773920947858E-02	-2.46980281865625E-07	0	-0.00481032409	10259.66796875	
40.957984	-1.12769456306513E-02	-2.55852869146875E-07	0	-0.00548933891	10259.66796875	
40.96208	-1.12767479539241E-02	-2.60258633971875E-07	0	-0.00512312867	10259.66796875	
40.966176	-1.12767493254092E-02	-2.58963202575E-07	0	-0.00532149255	10259.66796875	
40.970272	-1.12768780621492E-02	-2.55170658290625E-07	0	-0.0051116846	10259.66796875	
40.974368	-1.12771357184939E-02	-2.48850472303125E-07	0	-0.00536726883	10259.66796875	
40.978464	-1.12775089453211E-02	-2.40958653271875E-07	0	-0.00521468123	10259.66796875	
40.98256	-1.12777544411641E-02	-2.33995198696875E-07	0	-0.00622938877	10259.66796875	
40.986656	-1.12776460938367E-02	-2.32286065790625E-07	0	-0.0048446563	10259.66796875	
40.990752	-1.12773113600263E-02	-2.36314427146875E-07	0	-0.00651549052	10259.66796875	
40.994848	-1.12770854307048E-02	-2.4183485431875E-07	0	-0.00516509026	10259.66796875	
40.998944	-1.12771231922628E-02	-2.42776920684375E-07	0	-0.00585554915	10259.66796875	
41.00304	-1.12771534563686E-02	-2.41961056115625E-07	0	-0.00601958082	10259.66796875	
41.007136	-1.12772362026397E-02	-2.4006466378125E-07	0	-0.00582884632	10259.66796875	
41.011232	-1.12772483631414E-02	-2.3893293414375E-07	0	-0.00648878769	10259.66796875	
41.015328	-1.12776606315794E-02	-2.34800005584375E-07	0	-0.00428008218	10259.66796875	
41.019424	-1.12781657038463E-02	-2.25851937609375E-07	0	-0.00489424727	10259.66796875	
41.02352	-1.12783718837814E-02	-2.20030308815625E-07	0	-0.00508879646	10259.66796875	
41.027616	-1.12781651552522E-02	-2.21246653753125E-07	0	-0.00342559162	10259.66796875	
41.031712	-0.011277841941917	-2.28163473759375E-07	0	-0.00349044135	10259.66796875	
41.035808	-1.12777122908536E-02	-2.33194718728125E-07	0	-0.00437544943	10259.66796875	
41.039904	-1.12775064766478E-02	-2.36924763075E-07	0	-0.00770948849	10259.66796875	
41.044	-1.12774294906144E-02	-2.39769712153125E-07	0	-0.00790022299	10259.66796875	
41.048096	-1.12775732222588E-02	-2.389449533625E-07	0	-0.00586699322	10259.66796875	
41.052192	-1.12780075258916E-02	-2.3366659325625E-07	0	-0.0059890633	10259.66796875	
41.056288	-1.12784964146336E-02	-2.24591842715625E-07	0	-0.00561140899	10259.66796875	
41.060384	-1.12787342301597E-02	-2.187161274375E-07	0	-0.0046157749	10259.66796875	
41.06448	-0.011278555297063	-2.1906756939375E-07	0	-0.00254821292	10259.66796875	
41.068576	-1.12780154805055E-02	-2.27640156975E-07	0	-0.00368880523	10259.66796875	
41.072672	-1.12775525585491E-02	-2.37867790978125E-07	0	-0.00494383824	10259.66796875	
41.076768	-1.12772761585739E-02	-2.450180242125E-07	0	-0.00613783621	10259.66796875	
41.080864	-1.12771544621244E-02	-2.479199443875E-07	0	-0.0065231199	10259.66796875	
41.08496	-1.12771228265334E-02	-2.48040136575E-07	0	-0.00657652556	10259.66796875	
41.089056	-1.12772982852011E-02	-2.45514417946875E-07	0	-0.00582884632	10259.66796875	
41.093152	-1.12776717863253E-02	-2.38981732171875E-07	0	-0.00426482342	10259.66796875	
41.097248	-1.12780007598981E-02	-2.3179736435625E-07	0	-0.00413893865	10259.66796875	
41.101344	-1.12781143188691E-02	-2.27090397909375E-07	0	-0.00477599188	10259.66796875	
41.10544	-1.12777564526756E-02	-2.29919241234375E-07	0	-0.0050735377	10259.66796875	
41.109536	-1.12772693011481E-02	-2.38253848284375E-07	0	-0.00432585846	10259.66796875	
41.113632	-1.12770439204208E-02	-2.4522619708125E-07	0	-0.0054168598	10259.66796875	
41.117728	-1.12770769274969E-02	-2.46317301759375E-07	0	-0.00434111722	10259.66796875	
41.121824	-1.12770497720908E-02	-2.4506177416875E-07	0	-0.00563048244	10259.66796875	
41.12592	-1.12770053359717E-02	-2.4479350520625E-07	0	-0.00521468123	10259.66796875	
41.130016	-1.12772488203031E-02	-2.4198293109375E-07	0	-0.00484084161	10259.66796875	
41.134112	-1.12776764493748E-02	-2.3506514955E-07	0	-0.00318526615	10259.66796875	
41.138208	-1.12780761915817E-02	-2.2661948491875E-07	0	-0.00581740225	10259.66796875	
41.142304	-1.12778861037391E-02	-2.253853515375E-07	0	-0.00518416371	10259.66796875	
41.1464	-1.12773595448714E-02	-2.32719238434375E-07	0	-0.0049209501	10259.66796875	
41.150496	-1.12770074389156E-02	-2.41943267671875E-07	0	-0.00548552422	10259.66796875	
41.154592	-1.12768983601295E-02	-2.4567523509375E-07	0	-0.00634382947	10259.66796875	
41.158688	-1.12766660305441E-02	-2.479305213E-07	0	-0.006484973	10259.66796875	
41.162784	-1.12763030441394E-02	-2.52399507215625E-07	0	-0.00691603297	10259.66796875	
41.16688	-1.12762273381587E-02	-2.55252869746875E-07	0	-0.00528716034	10259.66796875	
41.170976	-1.12766021193358E-02	-2.50680278165625E-07	0	-0.00448226075	10259.66796875	
41.175072	-1.12771164262694E-02	-2.4044735570625E-07	0	-0.00548933891	10259.66796875	
41.179168	-1.12771700056228E-02	-2.3437043870625E-07	0	-0.00358199391	10259.66796875	
41.183264	-1.12769334701495E-02	-2.3550697603125E-07	0	-0.00302504917	10259.66796875	
41.18736	-1.12766411609466E-02	-2.408391822375E-07	0	-0.00207519136	10259.66796875	
41.191456	-1.12764828915595E-02	-2.44717303359375E-07	0	-0.00502776142	10259.66796875	
41.195552	-1.12762630882052E-02	-2.476180216125E-07	0	-0.00603102489	10259.66796875	
41.199648	-1.12759643787381E-02	-2.51473546603125E-07	0	-0.00770948849	10259.66796875	
41.203744	-1.12758243958198E-02	-2.54738927953125E-07	0	-0.00543211856	10259.66796875	
41.20784	-1.12761841820925E-02	-2.5127811410625E-07	0	-0.00643919672	10259.66796875	
41.211936	-0.011276853009687	-2.4021081748125E-07	0	-0.00584029039	10259.66796875	
41.216032	-0.011277224042138	-2.29676453015625E-07	0	-0.00543974794	10259.66796875	
41.220128	-1.12773041368711E-02	-2.25766360771875E-07	0	-0.00267409769	10259.66796875	
41.224224	-0.011277028559787	-2.28623569453125E-07	0	-0.00511549929	10259.66796875	
41.22832	-1.12767146725509E-02	-2.35599524015625E-07	0	-0.00548170953	10259.66796875	
41.232416	-1.12765808155997E-02	-2.40242788603125E-07	0	-0.00575636721	10259.66796875	
41.236512	-1.12765245847083E-02	-2.424045652875E-07	0	-0.00648878769	10259.66796875	
41.240608	-1.12765903245634E-02	-2.4211898865E-07	0	-0.00558089147	10259.66796875	
41.244704	-1.12767236329206E-02	-2.404641826125E-07	0	-0.00672911316	10259.66796875	
41.2488	-1.12771194435367E-02	-2.3520361095E-07	0	-0.00411605051	10259.66796875	
41.252896	-0.011277490841717	-2.2816852183125E-07	0	-0.00302504917	10259.66796875	
41.256992	-1.12776994903255E-02	-2.23126459565625E-07	0	-0.00639723513	10259.66796875	
41.261088	-1.12773382411353E-02	-2.26006264378125E-07	0	-0.00538634228	10259.66796875	
41.265184	-1.12769054918523E-02	-2.34847120921875E-07	0	-0.00556563271	10259.66796875	
41.26928	-1.12767101923661E-02	-2.41689421771875E-07	0	-0.00619887125	10259.66796875	
41.273376	-1.12766738022933E-02	-2.4347331421875E-07	0	-0.00503920549	10259.66796875	
41.277472	-1.12764471415131E-02	-2.45700475453125E-07	0	-0.00716017313	10259.66796875	
41.281568	-1.12761873822245E-02	-2.49116818190625E-07	0	-0.00613783621	10259.66796875	
41.285664	-1.12761582153069E-02	-2.514218639625E-07	0	-0.00449370482	10259.66796875	
41.28976	-1.12765297049195E-02	-2.4659061879375E-07	0	-0.00489806196	10259.66796875	
41.293856	-1.12768416720764E-02	-2.3912716471875E-07	0	-0.00513075805	10259.66796875	
41.297952	-1.12767143068216E-02	-2.36803849734375E-07	0	-0.0041580121	10259.66796875	
41.302048	-1.12763152960734E-02	-2.41465383534375E-07	0	-0.00421523245	10259.66796875	
41.306144	-0.011276024998382	-2.4800792506875E-07	0	-0.00337218596	10259.66796875	
41.31024	-1.12758873012723E-02	-2.50886527959375E-07	0	-0.00498961452	10259.66796875	
41.314336	-1.12755722254158E-02	-2.54102870896875E-07	0	-0.00628660912	10259.66796875	
41.318432	-0.011275111589268	-2.598141632625E-07	0	-0.00627516505	10259.66796875	
41.322528	-1.12749234215045E-02	-2.6417906274375E-07	0	-0.00536345414	10259.66796875	
41.326624	-1.12751570311428E-02	-2.611218542625E-07	0	-0.00663374591	10259.66796875	
41.33072	-1.12754309624447E-02	-2.53932197990625E-07	0	-0.00497817045	10259.66796875	
41.334816	-1.12754682668409E-02	-2.49291818015625E-07	0	-0.00531767786	10259.66796875	
41.338912	-1.12753118261008E-02	-2.4868003978125E-07	0	-0.00356292046	10259.66796875	
41.343008	-1.12750303059144E-02	-2.52321141909375E-07	0	-0.0032424865	10259.66796875	
41.347104	-1.12749200385078E-02	-2.5485743745E-07	0	-0.00475691843	10259.66796875	
41.3512	-1.12747849015037E-02	-2.55720657740625E-07	0	-0.00473403029	10259.66796875	
41.355296	-1.12744484304787E-02	-2.58692289384375E-07	0	-0.00631712664	10259.66796875	
41.359392	-1.12741848310317E-02	-2.62902862096875E-07	0	-0.00586317853	10259.66796875	
41.363488	-0.011274304058808	-2.62479304828125E-07	0	-0.00598524861	10259.66796875	
41.367584	-1.12748553958408E-02	-2.54135563171875E-07	0	-0.00627135036	10259.66796875	
41.37168	-1.12753667769394E-02	-2.42801680275E-07	0	-0.00556181802	10259.66796875	
41.375776	-1.12754822559895E-02	-2.36402888596875E-07	0	-0.00632475602	10259.66796875	
41.379872	-1.12753373357247E-02	-2.37313224225E-07	0	-0.00494765293	10259.66796875	
41.383968	-1.12751805292552E-02	-2.40840143775E-07	0	-0.00410460644	10259.66796875	
41.388064	-1.12751991814533E-02	-2.42932689759375E-07	0	-0.00400160981	10259.66796875	
41.39216	-1.12750856224823E-02	-2.44065380934375E-07	0	-0.00666807812	10259.66796875	
41.396256	-1.12747881016358E-02	-2.4813965570625E-07	0	-0.00609968931	10259.66796875	
41.400352	-1.12746110886183E-02	-2.52866814440625E-07	0	-0.00751112461	10259.66796875	
41.404448	-1.12751050975716E-02	-2.4959157733125E-07	0	-0.00406645954	10259.66796875	
41.408544	-1.12759468237281E-02	-2.361641869125E-07	0	-0.00535963945	10259.66796875	
41.41264	-1.12763072500272E-02	-2.2552813985625E-07	0	-0.004959097	10259.66796875	
41.416736	-1.12762708599544E-02	-2.23784631984375E-07	0	-0.00554655926	10259.66796875	
41.420832	-1.12761583981716E-02	-2.2783198370625E-07	0	-0.0037765431	10259.66796875	
41.424928	-1.12764236434008E-02	-2.28155781459375E-07	0	-0.00326918933	10259.66796875	
41.429024	-1.12764596677442E-02	-2.27059388325E-07	0	-0.00684736855	10259.66796875	
41.43312	-0.011276188296548	-2.311689996E-07	0	-0.0071716172	10259.66796875	
41.437216	-1.12756994078059E-02	-2.401122598875E-07	0	-0.00574873783	10259.66796875	
41.441312	-0.011275884009708	-2.44219226934375E-07	0	-0.00601576613	10259.66796875	
41.445408	-1.12764956006553E-02	-2.3649591735E-07	0	-0.0066375606	10259.66796875	
41.449504	-1.12768309744922E-02	-2.281776564375E-07	0	-0.00714109968	10259.66796875	
41.4536	-1.12766964775145E-02	-2.2704063834375E-07	0	-0.00521468123	10259.66796875	
41.457696	-0.0112764021568	-2.329680362625E-07	0	-0.00418852962	10259.66796875	
41.461792	-1.12762907922053E-02	-2.37524041321875E-07	0	-0.00304793731	10259.66796875	
41.465888	-1.12759310059327E-02	-2.42403363365625E-07	0	-0.00537108352	10259.66796875	
41.469984	-1.12752817448597E-02	-2.5184253661875E-07	0	-0.00559615023	10259.66796875	
41.47408	-1.12745646409877E-02	-2.6391463993125E-07	0	-0.00434493191	10259.66796875	
41.478176	-1.12741032733811E-02	-2.73007178915625E-07	0	-0.00482558285	10259.66796875	
41.482272	-1.12740605744766E-02	-2.7478193675625E-07	0	-0.00519560778	10259.66796875	
41.486368	-1.12742043061209E-02	-2.70004778071875E-07	0	-0.00555037395	10259.66796875	
41.490464	-1.12741240285231E-02	-2.659949263125E-07	0	-0.0039672776	10259.66796875	
41.49456	-0.01127380986699	-2.66793963975E-07	0	-0.00440978164	10259.66796875	
41.498656	-1.12735346556353E-02	-2.6950021126875E-07	0	-0.00519560778	10259.66796875	
41.502752	-0.011273350236598	-2.708487676125E-07	0	-0.00403594202	10259.66796875	
41.506848	-1.12729952048072E-02	-2.73118236496875E-07	0	-0.00502013204	10259.66796875	
41.510944	-1.12725651984945E-02	-2.77278568875E-07	0	-0.00611113338	10259.66796875	
41.51504	-1.12720191645377E-02	-2.83134572634375E-07	0	-0.00756834496	10259.66796875	
41.519136	-1.12717834519555E-02	-2.871150975E-07	0	-0.00762938	10259.66796875	
41.523232	-1.12721017279441E-02	-2.823237561375E-07	0	-0.00703047367	10259.66796875	
41.527328	-1.12726801289506E-02	-2.6989251856875E-07	0	-0.00500868797	10259.66796875	
41.531424	-1.12729500372294E-02	-2.5886272190625E-07	0	-0.00508879646	10259.66796875	
41.53552	-1.12729078869189E-02	-2.5525791781875E-07	0	-0.00408553299	10259.66796875	
41.539616	-0.011272964026378	-2.54542293534375E-07	0	-0.00273131804	10259.66796875	
41.543712	-1.12730876429067E-02	-2.5245407446875E-07	0	-0.0038909838	10259.66796875	
41.547808	-0.011273066430603	-2.5127138334375E-07	0	-0.0051879784	10259.66796875	
41.551904	-1.12728210261923E-02	-2.53924746075E-07	0	-0.00681303634	10259.66796875	
41.556	-1.12727450459147E-02	-2.57288925403125E-07	0	-0.00605391303	10259.66796875	
41.560096	-1.12733591969677E-02	-2.526641704125E-07	0	-0.00524138406	10259.66796875	
41.564192	-1.12744188978317E-02	-2.36622599915625E-07	0	-0.00596236047	10259.66796875	
41.568288	-0.01127520256445	-2.20673096634375E-07	0	-0.00574110845	10259.66796875	
41.572384	-1.12754444029992E-02	-2.139488245125E-07	0	-0.00592421357	10259.66796875	
41.57648	-1.12757784967833E-02	-2.1285988329375E-07	0	-0.00365828771	10259.66796875	
41.580576	-0.011276247087545	-2.0936661755625E-07	0	-0.00468825401	10259.66796875	
41.584672	-1.12765758782531E-02	-2.06384168615625E-07	0	-0.0058746226	10259.66796875	
41.588768	-1.12763825902784E-02	-2.09704357603125E-07	0	-0.00570677624	10259.66796875	
41.592864	-1.12760043346723E-02	-2.19994251159375E-07	0	-0.00425337935	10259.66796875	
41.59696	-1.12760079005337E-02	-2.2759736855625E-07	0	-0.00461958959	10259.66796875	
41.601056	-0.01127634949177	-2.268949654125E-07	0	-0.00510024053	10259.66796875	
41.605152	-0.011276621594425	-2.23139921090625E-07	0	-0.00635145885	10259.66796875	
41.609248	-1.12764327866352E-02	-2.24736554109375E-07	0	-0.00441741102	10259.66796875	
41.613344	-1.12760825093262E-02	-2.31974768025E-07	0	-0.00307082545	10259.66796875	
41.61744	-1.12757217172978E-02	-2.39956731196875E-07	0	-0.00475310374	10259.66796875	
41.621536	-1.12753672341011E-02	-2.47387973765625E-07	0	-0.00465010711	10259.66796875	
41.625632	-1.12746338552719E-02	-2.5712426210625E-07	0	-0.00516890495	10259.66796875	
41.629728	-1.12735081402556E-02	-2.73273044034375E-07	0	-0.00500487328	10259.66796875	
41.633824	-1.12726155777159E-02	-2.89560527746875E-07	0	-0.00622938877	10259.66796875	
41.63792	-1.12722690491331E-02	-2.9687133774375E-07	0	-0.00620650063	10259.66796875	
41.642016	-1.12723017819122E-02	-2.93933119528125E-07	0	-0.00539778635	10259.66796875	
41.646112	-1.12720920361156E-02	-2.9007807530625E-07	0	-0.00584791977	10259.66796875	
41.650208	-0.011271630119915	-2.90714372746875E-07	0	-0.00370406399	10259.66796875	
41.654304	-1.12711849358333E-02	-2.9422326346875E-07	0	-0.00527571627	10259.66796875	
41.6584	-1.12709934765055E-02	-2.9494249351875E-07	0	-0.00473784498	10259.66796875	
41.662496	-1.12708706828678E-02	-2.92479755596875E-07	0	-0.00401305388	10259.66796875	
41.666592	-1.12704285160534E-02	-2.927150919E-07	0	-0.00592802826	10259.66796875	
41.670688	-1.12697910497528E-02	-2.9807037500625E-07	0	-0.00534819538	10259.66796875	
41.674784	-1.12695925501345E-02	-3.01730707884375E-07	0	-0.00579451411	10259.66796875	
41.67888	-1.12702013066792E-02	-2.92854274453125E-07	0	-0.00544737732	10259.66796875	
41.682976	-1.12709964023405E-02	-2.75181695971875E-07	0	-0.00651930521	10259.66796875	
41.687072	-1.12714868454323E-02	-2.60374018471875E-07	0	-0.00638579106	10259.66796875	
41.691168	-1.12719468415538E-02	-2.50709124290625E-07	0	-0.00455092517	10259.66796875	
41.695264	-1.12727321539542E-02	-0.000000239538222	0	-0.00273131804	10259.66796875	
41.69936	-1.12735827490481E-02	-2.25900014484375E-07	0	-0.003051752	10259.66796875	
41.703456	-1.12740039778558E-02	-2.1701084068125E-07	0	-0.00534438069	10259.66796875	
41.707552	-1.12739820340933E-02	-2.17797137971875E-07	0	-0.00416182679	10259.66796875	
41.711648	-1.12741880311637E-02	-2.20866365671875E-07	0	-0.00539397166	10259.66796875	
41.715744	-0.011274913181082	-2.16742812103125E-07	0	-0.00620268594	10259.66796875	
41.71984	-1.12759292687181E-02	-2.051815255875E-07	0	-0.00659178432	10259.66796875	
41.723936	-1.12767456681155E-02	-1.931921145E-07	0	-0.00638960575	10259.66796875	
41.728032	-0.011277207035722	-1.87662071953125E-07	0	-0.00395583353	10259.66796875	
41.732128	-1.12775291518691E-02	-1.8752240863125E-07	0	-0.00365828771	10259.66796875	
41.736224	-1.12778013459564E-02	-1.89224570390625E-07	0	-0.00437544943	10259.66796875	
41.74032	-1.12776830325036E-02	-1.9404451749375E-07	0	-0.00526808689	10259.66796875	
41.744416	-1.12770031415955E-02	-2.08239935990625E-07	0	-0.00578307004	10259.66796875	
41.748512	-1.12763195933936E-02	-2.25725976196875E-07	0	-0.00664137529	10259.66796875	
41.752608	-1.12758533798728E-02	-2.3971370259375E-07	0	-0.00563048244	10259.66796875	
41.756704	-1.12756940132977E-02	-2.468103301125E-07	0	-0.00617216842	10259.66796875	
41.7608	-1.12755544875411E-02	-2.49705519525E-07	0	-0.00566862934	10259.66796875	
41.764896	-1.12752877793944E-02	-2.52642295434375E-07	0	-0.00361251143	10259.66796875	
41.768992	-1.12746691481566E-02	-2.5972425950625E-07	0	-0.00477217719	10259.66796875	
41.773088	-1.12741763278237E-02	-2.6825598174375E-07	0	-0.00431441439	10259.66796875	
41.777184	-1.12737579334187E-02	-2.7389443764375E-07	0	-0.0048065094	10259.66796875	
41.78128	-1.12731630745903E-02	-2.79703806834375E-07	0	-0.00437926412	10259.66796875	
41.785376	-1.12722114467566E-02	-2.9020355595E-07	0	-0.00468062463	10259.66796875	
41.789472	-1.12712735337744E-02	-3.03211475634375E-07	0	-0.00536345414	10259.66796875	
41.793568	-0.011270743866207	-3.11024688975E-07	0	-0.00520705185	10259.66796875	
41.797664	-1.12705859625494E-02	-3.1059536248125E-07	0	-0.00559615023	10259.66796875	
41.80176	-1.12705404292422E-02	-3.04953781584375E-07	0	-0.00634382947	10259.66796875	
41.805856	-1.12703156885412E-02	-3.00953785584375E-07	0	-0.00539778635	10259.66796875	
41.809952	-1.12701976493855E-02	-2.9793672129375E-07	0	-0.00468062463	10259.66796875	
41.814048	-1.12703158714059E-02	-2.92981197403125E-07	0	-0.00355147639	10259.66796875	
41.818144	-1.12705993116716E-02	-2.84092263984375E-07	0	-0.00429152625	10259.66796875	
41.82224	-1.12704867584564E-02	-2.7874058664375E-07	0	-0.00466155118	10259.66796875	
41.826336	-1.12700634267048E-02	-2.80938901753125E-07	0	-0.00543593325	10259.66796875	
41.830432	-1.12699949438794E-02	-2.83174716825E-07	0	-0.00531004848	10259.66796875	
41.834528	-1.12706343302592E-02	-2.755737628875E-07	0	-0.00489806196	10259.66796875	
41.838624	-1.12715722432414E-02	-2.58535078003125E-07	0	-0.00685499793	10259.66796875	
41.84272	-1.12722890728164E-02	-2.42772593765625E-07	0	-0.0058364757	10259.66796875	
41.846816	-1.12729016695195E-02	-2.31594720328125E-07	0	-0.00428008218	10259.66796875	
41.850912	-1.12736799416295E-02	-2.21368288246875E-07	0	-0.00331115092	10259.66796875	
41.855008	-1.12745244107564E-02	-2.1006084763125E-07	0	-0.00439452288	10259.66796875	
41.859104	-1.12750347860992E-02	-2.021844132E-07	0	-0.00547026546	10259.66796875	
41.8632	-1.12749233300722E-02	-2.046074877E-07	0	-0.00474547436	10259.66796875	
41.867296	-1.12747790498338E-02	-2.13233680996875E-07	0	-0.00513075805	10259.66796875	
41.871392	-1.12749464624552E-02	-2.187315120375E-07	0	-0.00502776142	10259.66796875	
41.875488	-1.12754379113028E-02	-2.169622830375E-07	0	-0.00602339551	10259.66796875	
41.879584	-1.12757517071066E-02	-2.1381757464375E-07	0	-0.00685118324	10259.66796875	
41.88368	-1.12758469796087E-02	-2.14357718334375E-07	0	-0.00440215226	10259.66796875	
41.887776	-1.12758961702097E-02	-2.173007442375E-07	0	-0.0039672776	10259.66796875	
41.891872	-1.12759913512795E-02	-2.19754828321875E-07	0	-0.00364684364	10259.66796875	
41.895968	-0.011276006894778	-2.22062518321875E-07	0	-0.00428008218	10259.66796875	
41.900064	-1.12756262619309E-02	-2.28184627584375E-07	0	-0.00506972301	10259.66796875	
41.90416	-0.011274842412448	-2.41306729846875E-07	0	-0.00557707678	10259.66796875	
41.908256	-1.12740398193345E-02	-2.57624021221875E-07	0	-0.00485991506	10259.66796875	
41.912352	-1.12737919462506E-02	-2.66993723390625E-07	0	-0.0062560916	10259.66796875	
41.916448	-1.12737081027914E-02	-2.68069683853125E-07	0	-0.00611876276	10259.66796875	
41.920544	-1.12733729118192E-02	-2.694968458875E-07	0	-0.00502394673	10259.66796875	
41.92464	-1.12728484558955E-02	-2.747699175375E-07	0	-0.00634382947	10259.66796875	
41.928736	-1.12724124150481E-02	-2.8073673849375E-07	0	-0.00386428097	10259.66796875	
41.932832	-1.12721514671391E-02	-2.83398995446875E-07	0	-0.00343703569	10259.66796875	
41.936928	-1.12716727273872E-02	-2.86186011890625E-07	0	-0.00387953973	10259.66796875	
41.941024	-1.12708406930591E-02	-2.9395980219375E-07	0	-0.00520323716	10259.66796875	
41.94512	-1.12699791260839E-02	-3.053179639125E-07	0	-0.00409316237	10259.66796875	
41.949216	-0.011269693491442	-3.101766129E-07	0	-0.00438307881	10259.66796875	
41.953312	-1.12698668471658E-02	-3.05303300465625E-07	0	-0.00547789484	10259.66796875	
41.957408	-1.12700782387445E-02	-2.9555739675E-07	0	-0.00506972301	10259.66796875	
41.961504	-1.12701880489894E-02	-2.8808865421875E-07	0	-0.00628279443	10259.66796875	
41.9656	-1.12704779809514E-02	-2.8120885340625E-07	0	-0.00588988136	10259.66796875	
41.969696	-0.011271071559727	-2.7058097941875E-07	0	-0.00543974794	10259.66796875	
41.973792	-1.12717367300278E-02	-2.57407675284375E-07	0	-0.00531004848	10259.66796875	
41.977888	-1.12720500686698E-02	-2.48071626928125E-07	0	-0.00545119201	10259.66796875	
41.981984	-1.12719772885242E-02	-2.47762011853125E-07	0	-0.00415038272	10259.66796875	
41.98608	-1.12719924662933E-02	-2.50183163278125E-07	0	-0.00467299525	10259.66796875	
41.990176	-1.12722536884994E-02	-2.49938451984375E-07	0	-0.00542448918	10259.66796875	
41.994272	-1.12726852491619E-02	-2.45145187546875E-07	0	-0.00525282813	10259.66796875	
41.998368	-1.12731231186561E-02	-2.39207212715625E-07	0	-0.00616835373	10259.66796875	
42.002464	-1.12735918008502E-02	-2.33467074225E-07	0	-0.00447463137	10259.66796875	
42.00656	-1.12742064090648E-02	-2.2636467748125E-07	0	-0.00299453165	10259.66796875	
42.010656	-1.12748389380189E-02	-2.18597858325E-07	0	-0.00393294539	10259.66796875	
42.014752	-1.12751377389183E-02	-2.14253391515625E-07	0	-0.00324630119	10259.66796875	
42.018848	-1.12750575527528E-02	-2.172776673375E-07	0	-0.00516890495	10259.66796875	
42.022944	-1.12747197102427E-02	-2.26274533340625E-07	0	-0.00585173446	10259.66796875	
42.02704	-1.12745609836939E-02	-2.35302408928125E-07	0	-0.00680159227	10259.66796875	
42.031136	-1.12746226090936E-02	-2.396757218625E-07	0	-0.00611113338	10259.66796875	
42.035232	-1.12748244002763E-02	-2.39213462709375E-07	0	-0.00696562394	10259.66796875	
42.039328	-1.12748041022959E-02	-2.39749519865625E-07	0	-0.00611494807	10259.66796875	
42.043424	-1.12747708209228E-02	-2.421545655375E-07	0	-0.00435637598	10259.66796875	
42.04752	-1.12748188229033E-02	-2.43661054415625E-07	0	-0.00319671022	10259.66796875	
42.051616	-1.12748395780453E-02	-2.4391562146875E-07	0	-0.00277327963	10259.66796875	
42.055712	-1.12744467846966E-02	-2.4828196325625E-07	0	-0.00310515766	10259.66796875	
42.059808	-1.12736067043222E-02	-2.6061079708125E-07	0	-0.00180053368	10259.66796875	
42.063904	-1.12726929294788E-02	-2.769045307875E-07	0	-0.00506209363	10259.66796875	
42.068	-1.12721077624788E-02	-2.89511008565625E-07	0	-0.0046920687	10259.66796875	
42.072096	-1.12718977423852E-02	-2.93610042928125E-07	0	-0.00504683487	10259.6875	
42.076192	-1.12716952197437E-02	-2.932102837125E-07	0	-0.00736616639	10259.6875	
42.080288	-1.12714486267127E-02	-2.9332518744375E-07	0	-0.00707243526	10259.6875	
42.084384	-1.12714657245609E-02	-2.91248026059375E-07	0	-0.00526808689	10259.6875	
42.08848	-1.12718656496325E-02	-2.8332423590625E-07	0	-0.00474547436	10259.6875	
42.092576	-1.12720970648945E-02	-2.73337947815625E-07	0	-0.00539778635	10259.6875	
42.096672	-1.12718619923388E-02	-2.7131463253125E-07	0	-0.00506972301	10259.6875	
42.100768	-1.12715073262773E-02	-2.751622248375E-07	0	-0.00519179309	10259.6875	
42.104864	-1.12714190940656E-02	-2.78090106525E-07	0	-0.00520323716	10259.6875	
42.10896	-0.01127171496913	-2.743458795E-07	0	-0.00475310374	10259.6875	
42.113056	-1.12721491813305E-02	-2.6552617678125E-07	0	-0.00696562394	10259.6875	
42.117152	-1.12724523709823E-02	-2.5800022276875E-07	0	-0.00561140899	10259.6875	
42.121248	-1.12728748798428E-02	-2.51291335246875E-07	0	-0.00324630119	10259.6875	
42.125344	-1.12735943609558E-02	-2.41663219875E-07	0	-0.0051116846	10259.6875	
42.12944	-1.12743878108348E-02	-2.2894255951875E-07	0	-0.00330352154	10259.6875	
42.133536	-1.12747446712725E-02	-2.21063240475E-07	0	-0.00448989013	10259.6875	
42.137632	-1.12746496730673E-02	-2.2249737365625E-07	0	-0.00516890495	10259.6875	
42.141728	-0.011274511793093	-2.29327895671875E-07	0	-0.00532530724	10259.6875	
42.145824	-1.12746366896745E-02	-2.33316353221875E-07	0	-0.00477217719	10259.6875	
42.14992	-1.12749595372803E-02	-2.32127892871875E-07	0	-0.00645827017	10259.6875	
42.154016	-1.12750623072347E-02	-2.31596162634375E-07	0	-0.00651549052	10259.6875	
42.158112	-1.12753205121734E-02	-2.31006259378125E-07	0	-0.00596617516	10259.6875	
42.162208	-1.12756655778387E-02	-2.2858005988125E-07	0	-0.00354003232	10259.6875	
42.166304	-1.12762627224758E-02	-2.223382392E-07	0	-0.00492476479	10259.6875	
42.1704	-1.12766104396791E-02	-2.165718988125E-07	0	-0.00246047505	10259.6875	
42.174496	-1.12763910934864E-02	-2.19013002140625E-07	0	-0.00313186049	10259.6875	
42.178592	-1.12757219001625E-02	-2.31313951378125E-07	0	-0.00379180186	10259.6875	
42.182688	-0.011275053346865	-2.47008647221875E-07	0	-0.00541304511	10259.6875	
42.186784	-1.12747096526848E-02	-2.57784597984375E-07	0	-0.0046920687	10259.6875	
42.19088	-1.12742789149134E-02	-2.6505213879375E-07	0	-0.00775526477	10259.6875	
42.194976	-1.12738176387392E-02	-2.7212665095E-07	0	-0.00631712664	10259.6875	
42.199072	-1.12733911068556E-02	-2.78544192609375E-07	0	-0.00630568257	10259.6875	
42.203168	-0.011273263010142	-2.80851401840625E-07	0	-0.00508116708	10259.6875	
42.207264	-1.12732330203333E-02	-2.78792269284375E-07	0	-0.00417327086	10259.6875	
42.21136	-1.12728671080936E-02	-2.7896750949375E-07	0	-0.00468062463	10259.6875	
42.215456	-1.12721911487762E-02	-2.85727358503125E-07	0	-0.00462340428	10259.6875	
42.219552	-1.12715282642841E-02	-2.94870137821875E-07	0	-0.0041580121	10259.6875	
42.223648	-0.011271203222302	-3.00048498028125E-07	0	-0.004196159	10259.6875	
42.227744	-1.12711133443081E-02	-2.98978306790625E-07	0	-0.00542830387	10259.6875	
42.23184	-1.12710807943937E-02	-2.95273983571875E-07	0	-0.00558089147	10259.6875	
42.235936	-1.12711189216811E-02	-2.90970141721875E-07	0	-0.00498198514	10259.6875	
42.240032	-1.12714995545281E-02	-2.8295885165625E-07	0	-0.00623701815	10259.6875	
42.244128	-1.12720255648017E-02	-2.714218439625E-07	0	-0.00426482342	10259.6875	
42.248224	-1.12724439592067E-02	-2.60236278225E-07	0	-0.00570677624	10259.6875	
42.25232	-1.12725537694516E-02	-2.54800466353125E-07	0	-0.00469588339	10259.6875	
42.256416	-0.011272446702177	-2.54997100771875E-07	0	-0.00563811182	10259.6875	
42.260512	-1.12723992487906E-02	-2.573468580375E-07	0	-0.00494002355	10259.6875	
42.264608	-0.011272657088	-2.5593195560625E-07	0	-0.00555418864	10259.6875	
42.268704	-1.12730080967677E-02	-2.51076912384375E-07	0	-0.00691603297	10259.6875	
42.2728	-1.12734329828691E-02	-2.44944226209375E-07	0	-0.00608061586	10259.66796875	
42.276896	-1.12739965718359E-02	-2.37390387609375E-07	0	-0.0052261253	10259.66796875	
42.280992	-1.12746995036947E-02	-2.2779448374375E-07	0	-0.0054931536	10259.66796875	
42.285088	-1.12753847891111E-02	-2.175699747375E-07	0	-0.00505827894	10259.66796875	
42.289184	-1.12758766036881E-02	-2.11022144746875E-07	0	-0.00517653433	10259.66796875	
42.29328	-1.12760309414844E-02	-2.097603671625E-07	0	-0.00409697706	10259.66796875	
42.297376	-1.12758423165592E-02	-2.15744255409375E-07	0	-0.00458525738	10259.66796875	
42.301472	-1.12756836814428E-02	-2.23890401109375E-07	0	-0.00533293662	10259.66796875	
42.305568	-1.12756569831984E-02	-2.29801933659375E-07	0	-0.00703810305	10259.66796875	
42.309664	-1.12755822829736E-02	-2.33867073825E-07	0	-0.00674055723	10259.66796875	
42.31376	-1.12753522391967E-02	-2.39331251053125E-07	0	-0.00679396289	10259.66796875	
42.317856	-1.12752702243844E-02	-2.44445188246875E-07	0	-0.00548170953	10259.66796875	
42.321952	-1.12754271222862E-02	-2.4453485161875E-07	0	-0.0042724528	10259.66796875	
42.326048	-1.12753378843188E-02	-2.44836293625E-07	0	-0.00479888002	10259.66796875	
42.330144	-1.12747336993913E-02	-2.51579315728125E-07	0	-0.00416182679	10259.66796875	
42.33424	-1.12738084955048E-02	-2.66222570315625E-07	0	-0.00431822908	10259.66796875	
42.338336	-1.12729120013744E-02	-2.8235692918125E-07	0	-0.00550841236	10259.66796875	
42.342432	-1.12723072678528E-02	-2.93898984946875E-07	0	-0.00754927151	10259.66796875	
42.346528	-1.12719419042072E-02	-2.987487397125E-07	0	-0.006866442	10259.66796875	
42.350624	-0.01127158623239	-3.003218150625E-07	0	-0.00657271087	10259.66796875	
42.35472	-1.12712853285467E-02	-3.01609313775E-07	0	-0.00587080791	10259.66796875	
42.358816	-1.12713892871216E-02	-2.97874942509375E-07	0	-0.00571440562	10259.66796875	
42.362912	-1.12715400590564E-02	-2.90169661753125E-07	0	-0.00413893865	10259.66796875	
42.367008	-1.12713615831214E-02	-2.85736012340625E-07	0	-0.0047302156	10259.66796875	
42.371104	-1.12708802832639E-02	-2.88660528646875E-07	0	-0.00438307881	10259.66796875	
42.3752	-1.12704791695719E-02	-2.93311004765625E-07	0	-0.00483702692	10259.66796875	
42.379296	-0.011270307916792	-2.9529345470625E-07	0	-0.00564192651	10259.66796875	
42.383392	-1.12703028880131E-02	-2.9327278365E-07	0	-0.00623701815	10259.66796875	
42.387488	-0.011270454208542	-2.88254759821875E-07	0	-0.0058746226	10259.66796875	
42.391584	-0.011270708756187	-2.814218339625E-07	0	-0.00693510642	10259.66796875	
42.39568	-1.12712243431734E-02	-2.71878814659375E-07	0	-0.00667189281	10259.66796875	
42.399776	-1.12720578404191E-02	-2.579833958625E-07	0	-0.0042343059	10259.66796875	
42.403872	-1.12728623536117E-02	-2.42055286790625E-07	0	-0.00605772772	10259.66796875	
42.407968	-1.12732317402805E-02	-2.33066353471875E-07	0	-0.00550841236	10259.66796875	
42.412064	-1.12733463050072E-02	-2.31496643503125E-07	0	-0.00519942247	10259.66796875	
42.41616	-1.12734873851136E-02	-2.32879334428125E-07	0	-0.00428771156	10259.66796875	
42.420256	-1.12737210861842E-02	-2.3281659410625E-07	0	-0.0055313005	10259.66796875	
42.424352	-1.12740323218823E-02	-2.31760104778125E-07	0	-0.00503920549	10259.66796875	
42.428448	-1.12744381900562E-02	-2.28270204421875E-07	0	-0.00498961452	10259.66796875	
42.432544	-0.011274895626072	-2.24283189178125E-07	0	-0.00571440562	10259.66796875	
42.43664	-1.12756333936538E-02	-2.17061561784375E-07	0	-0.00422667652	10259.66796875	
42.440736	-1.12764035282852E-02	-2.072507542875E-07	0	-0.00577544066	10259.66796875	
42.444832	-1.12768830909281E-02	-2.0070797236875E-07	0	-0.00413893865	10259.66796875	
42.448928	-1.12768838223869E-02	-2.02225999696875E-07	0	-0.00391387194	10259.66796875	
42.453024	-1.12768006189541E-02	-2.0930123300625E-07	0	-0.00462721897	10259.66796875	
42.45712	-1.12765301620812E-02	-2.1758295549375E-07	0	-0.00515746088	10259.66796875	
42.461216	-1.12761145106466E-02	-2.2892525184375E-07	0	-0.0064468261	10259.66796875	
42.465312	-1.12755500987886E-02	-2.41175479978125E-07	0	-0.00700758553	10259.66796875	
42.469408	-1.12751082062712E-02	-2.52974987409375E-07	0	-0.00638960575	10259.66796875	
42.473504	-1.12749694119734E-02	-2.5845599154375E-07	0	-0.00547408015	10259.66796875	
42.4776	-1.12749547827984E-02	-2.59438923253125E-07	0	-0.00448989013	10259.66796875	
42.481696	-1.12747660664409E-02	-2.59784595984375E-07	0	-0.00368499054	10259.66796875	
42.485792	-1.12741682817775E-02	-2.65881224503125E-07	0	-0.00379561655	10259.66796875	
42.489888	-1.12733399961755E-02	-2.775458763E-07	0	-0.00294494068	10259.66796875	
42.493984	-1.12723708133317E-02	-2.9165740065E-07	0	-0.00355910577	10259.66796875	
42.49808	-1.12713940416034E-02	-3.0595738635E-07	0	-0.00597761923	10259.66796875	
42.502176	-0.011270568316107	-3.1740689413125E-07	0	-0.00681303634	10259.66796875	
42.506272	-1.12699620282356E-02	-3.240814066875E-07	0	-0.00665281936	10259.66796875	
42.510368	-0.01126965518129	-3.253150593E-07	0	-0.00714491437	10259.66796875	
42.514464	-1.12697044633233E-02	-3.19737420646875E-07	0	-0.00600432206	10259.66796875	
42.51856	-1.12697753233897E-02	-3.110381505E-07	0	-0.00611494807	10259.66796875	
42.522656	-1.12697028175411E-02	-3.04540801228125E-07	0	-0.00532149255	10259.66796875	
42.526752	-1.12695337591375E-02	-3.012275833875E-07	0	-0.00468062463	10259.66796875	
42.530848	-1.12693515344764E-02	-2.99628786909375E-07	0	-0.00635908823	10259.66796875	
42.534944	-1.12692898176444E-02	-2.97650904271875E-07	0	-0.00554274457	10259.66796875	
42.53904	-1.12693142300802E-02	-2.944535517E-07	0	-0.00408934768	10259.66796875	
42.543136	-1.12696206198641E-02	-2.87843221771875E-07	0	-0.00543974794	10259.66796875	
42.547232	-1.12700144189686E-02	-2.78965346034375E-07	0	-0.00603865427	10259.66796875	
42.551328	-1.12706581941009E-02	-2.67492761353125E-07	0	-0.00543593325	10259.66796875	
42.555424	-1.12715983928917E-02	-2.52313209225E-07	0	-0.00575636721	10259.66796875	
42.55952	-1.12726718086073E-02	-2.34012987140625E-07	0	-0.00442885509	10259.66796875	
42.563616	-1.12735012828298E-02	-2.18983675246875E-07	0	-0.00596998985	10259.66796875	
42.567712	-1.12739432667795E-02	-2.11831759321875E-07	0	-0.00592802826	10259.66796875	
42.571808	-0.0112743540723	-2.09863251675E-07	0	-0.00438307881	10259.66796875	
42.575904	-1.12747378138467E-02	-2.09018300596875E-07	0	-0.00357436453	10259.66796875	
42.58	-1.12751327101394E-02	-2.07816378721875E-07	0	-0.0060272102	10259.66796875	
42.584096	-1.12752825677508E-02	-2.09613492309375E-07	0	-0.00740812798	10259.66796875	
42.588192	-1.12755074913164E-02	-2.12207239715625E-07	0	-0.00524519875	10259.66796875	
42.592288	-1.12758914157278E-02	-2.12693296921875E-07	0	-0.00532912193	10259.66796875	
42.596384	-1.12765586889725E-02	-2.0795315743125E-07	0	-0.0051116846	10259.66796875	
42.60048	-1.12768873882483E-02	-2.03704844371875E-07	0	-0.00421904714	10259.66796875	
42.604576	-1.12766279032567E-02	-2.0889354110625E-07	0	-0.0048446563	10259.66796875	
42.608672	-1.12761966168913E-02	-2.20804346503125E-07	0	-0.00381087531	10259.66796875	
42.612768	-1.12758019948956E-02	-2.33052891946875E-07	0	-0.00408934768	10259.66796875	
42.616864	-1.12752724187606E-02	-2.44184130815625E-07	0	-0.00535201007	10259.66796875	
42.62096	-0.011274464979733	-2.58605270240625E-07	0	-0.00618742718	10259.66796875	
42.625056	-1.12736995081511E-02	-2.7301366929375E-07	0	-0.00685881262	10259.66796875	
42.629152	-1.12731652689666E-02	-2.83975917946875E-07	0	-0.00595854578	10259.66796875	
42.633248	-1.12729391567805E-02	-2.87651875809375E-07	0	-0.00553892988	10259.66796875	
42.637344	-1.12726695227987E-02	-2.880275965875E-07	0	-0.00514601681	10259.66796875	
42.64144	-1.12721646333966E-02	-2.910814396875E-07	0	-0.00455092517	10259.66796875	
42.645536	-1.12714769707392E-02	-2.97889365571875E-07	0	-0.00283812936	10259.66796875	
42.649632	-0.011270866202683	-3.0521267555625E-07	0	-0.00387191035	10259.66796875	
42.653728	-1.12702867959206E-02	-3.1080593919375E-07	0	-0.00510405522	10259.66796875	
42.657824	-1.12696230885373E-02	-3.16351366340625E-07	0	-0.00502394673	10259.66796875	
42.66192	-0.011269037830105	-3.21849437765625E-07	0	-0.00713728499	10259.66796875	
42.666016	-1.12688751719655E-02	-3.221929470375E-07	0	-0.00706862057	10259.66796875	
42.670112	-1.12691243251022E-02	-3.14257137665625E-07	0	-0.00637434699	10259.66796875	
42.674208	-1.12696048935009E-02	-3.01026381665625E-07	0	-0.00605009834	10259.66796875	
42.678304	-1.12700881134377E-02	-2.865545211375E-07	0	-0.0051116846	10259.6875	
42.6824	-0.011270339552383	-2.76237944915625E-07	0	-0.00513075805	10259.6875	
42.686496	-1.12704323562119E-02	-2.7115694038125E-07	0	-0.00428389687	10259.6875	
42.690592	-1.12706261013483E-02	-2.6780213604375E-07	0	-0.00539778635	10259.6875	
42.694688	-1.12708703171384E-02	-2.6329733285625E-07	0	-0.0040435714	10259.6875	
42.698784	-1.12710722911858E-02	-2.595545481375E-07	0	-0.00698851208	10259.6875	
42.70288	-1.12713737436231E-02	-2.55968253646875E-07	0	-0.00609968931	10259.6875	
42.706976	-1.12720403768414E-02	-2.47994223159375E-07	0	-0.00623320346	10259.6875	
42.711072	-0.011272975729718	-2.34990390009375E-07	0	-0.00438307881	10259.6875	
42.715168	-1.12739668563242E-02	-2.1972429950625E-07	0	-0.00479888002	10259.6875	
42.719264	-1.12746946577805E-02	-2.08234647534375E-07	0	-0.00552748581	10259.6875	
42.72336	-0.011275147247882	-2.02852441378125E-07	0	-0.00514601681	10259.6875	
42.727456	-1.12754507118309E-02	-2.0286518175E-07	0	-0.00494383824	10259.6875	
42.731552	-1.12757394551725E-02	-2.03808209653125E-07	0	-0.00501250266	10259.6875	
42.735648	-1.12757530785917E-02	-2.07830321015625E-07	0	-0.00731276073	10259.6875	
42.739744	-1.12755356524783E-02	-2.1611372619375E-07	0	-0.00638960575	10259.6875	
42.74384	-1.12754865533097E-02	-2.24350496803125E-07	0	-0.00653456397	10259.6875	
42.747936	-1.12757267460767E-02	-2.26947849975E-07	0	-0.00640104982	10259.6875	
42.752032	-1.12759505724542E-02	-2.25746168484375E-07	0	-0.00625990629	10259.6875	
42.756128	-1.12759508467513E-02	-2.27321166909375E-07	0	-0.00475310374	10259.6875	
42.760224	-1.12757724622486E-02	-2.315411146125E-07	0	-0.0038528369	10259.6875	
42.76432	-1.12752908880941E-02	-2.40695191996875E-07	0	-0.0036621024	10259.6875	
42.768416	-1.12747232761041E-02	-2.51687488696875E-07	0	-0.00368117585	10259.6875	
42.772512	-1.12739996805356E-02	-2.64527379703125E-07	0	-0.00519179309	10259.6875	
42.776608	-1.12731147068805E-02	-2.78463423459375E-07	0	-0.00498961452	10259.6875	
42.780704	-1.12722781009352E-02	-2.9260211124375E-07	0	-0.00550459767	10259.6875	
42.7848	-1.12717372786219E-02	-3.0203864026875E-07	0	-0.00645827017	10259.6875	
42.788896	-1.12715707803239E-02	-3.0312421610625E-07	0	-0.00589369605	10259.6875	
42.792992	-1.12714094022372E-02	-3.0081123765E-07	0	-0.00532912193	10259.6875	
42.797088	-1.12713393650619E-02	-2.9721460663125E-07	0	-0.00481032409	10259.6875	
42.801184	-1.12711508315691E-02	-2.945641285125E-07	0	-0.00336074189	10259.6875	
42.80528	-1.12708360300095E-02	-2.94336003740625E-07	0	-0.00477599188	10259.6875	
42.809376	-1.12703644219805E-02	-2.975458563E-07	0	-0.0040435714	10259.6875	
42.813472	-1.12699530678659E-02	-3.0149921773125E-07	0	-0.00326918933	10259.6875	
42.817568	-0.011269658107125	-3.03600417553125E-07	0	-0.00532530724	10259.6875	
42.821664	-1.12693986221334E-02	-3.0419729195625E-07	0	-0.00739286922	10259.6875	
42.82576	-1.12695185813684E-02	-3.01090804678125E-07	0	-0.00630949726	10259.6875	
42.829856	-0.011270076775827	-2.90347546190625E-07	0	-0.00463866304	10259.6875	
42.833952	-1.12707862908145E-02	-2.74766311771875E-07	0	-0.00516127557	10259.6875	
42.838048	-0.011271378772402	-2.604026242125E-07	0	-0.00484084161	10259.6875	
42.842144	-1.12717548336319E-02	-2.51125470028125E-07	0	-0.0036239555	10259.6875	
42.84624	-1.12720436684058E-02	-2.46184128815625E-07	0	-0.00321196898	10259.6875	
42.850336	-1.12723787679456E-02	-2.423930268375E-07	0	-0.00465010711	10259.6875	
42.854432	-1.12726405387458E-02	-2.39320193371875E-07	0	-0.00531386317	10259.6875	
42.858528	-1.12727532748256E-02	-2.38950001434375E-07	0	-0.00582884632	10259.6875	
42.862624	-1.12730024279623E-02	-2.38809616959375E-07	0	-0.00543593325	10259.6875	
42.86672	-1.12736066128898E-02	-2.33928852609375E-07	0	-0.00472258622	10259.6875	
42.870816	-1.12743494092505E-02	-2.243690064E-07	0	-0.00604628365	10259.6875	
42.874912	-1.12748958089367E-02	-2.16357716334375E-07	0	-0.00580595818	10259.6875	
42.879008	-1.12750772107067E-02	-2.14446179784375E-07	0	-0.00376509903	10259.66796875	
42.883104	-1.12752292626944E-02	-2.1646757199375E-07	0	-0.00361251143	10259.66796875	
42.8872	-1.12751821750373E-02	-2.20206750946875E-07	0	-0.00470732746	10259.66796875	
42.891296	-1.12748101368306E-02	-2.28957222965625E-07	0	-0.00400160981	10259.66796875	
42.895392	-1.12742374046294E-02	-2.4165696988125E-07	0	-0.00531767786	10259.66796875	
42.899488	-0.011273707462765	-2.54932196990625E-07	0	-0.00580214349	10259.66796875	
42.903584	-1.12735681198731E-02	-2.6226560311875E-07	0	-0.0067901482	10259.66796875	
42.90768	-1.12735832062098E-02	-2.6317233298125E-07	0	-0.00776670884	10259.66796875	
42.911776	-1.12736663182103E-02	-2.6130695023125E-07	0	-0.00574873783	10259.66796875	
42.915872	-1.12736413571805E-02	-2.59954307353125E-07	0	-0.00413893865	10259.66796875	
42.919968	-1.12734520007966E-02	-2.61064402396875E-07	0	-0.00482939754	10259.66796875	
42.924064	-1.12731229357914E-02	-2.65305263540625E-07	0	-0.00454329579	10259.66796875	
42.92816	-0.01127269219802	-2.71385065153125E-07	0	-0.00422286183	10259.66796875	
42.932256	-1.12720182502142E-02	-2.8026750819375E-07	0	-0.00502776142	10259.66796875	
42.936352	-1.12714055620787E-02	-2.90382161540625E-07	0	-0.00539015697	10259.66796875	
42.940448	-0.011271121024625	-2.95432637259375E-07	0	-0.0071716172	10259.66796875	
42.944544	-1.12710721083211E-02	-2.94473022834375E-07	0	-0.00669478095	10259.66796875	
42.94864	-1.12711636320972E-02	-2.9028095971875E-07	0	-0.00669478095	10259.66796875	
42.952736	-1.12714935199934E-02	-2.82076400615625E-07	0	-0.00577162597	10259.66796875	
42.956832	-1.12718074072295E-02	-2.728199194875E-07	0	-0.00590132543	10259.66796875	
42.960928	-1.12719053312697E-02	-2.668074255E-07	0	-0.00409316237	10259.66796875	
42.965024	-1.12718875019627E-02	-2.65195167496875E-07	0	-0.00456618393	10259.66796875	
42.96912	-1.12717960696189E-02	-2.655256960125E-07	0	-0.00401686857	10259.66796875	
42.973216	-1.12716449319547E-02	-2.6732232883125E-07	0	-0.00571822031	10259.66796875	
42.977312	-1.12714644445081E-02	-2.70232181690625E-07	0	-0.00605391303	10259.66796875	
42.981408	-1.12715945527333E-02	-2.6998674924375E-07	0	-0.00539397166	10259.66796875	
42.985504	-1.12720269362869E-02	-2.6428050495E-07	0	-0.00482939754	10259.66796875	
42.9896	-0.011272607348805	-2.53784121215625E-07	0	-0.00444411385	10259.66796875	
42.993696	-1.12730208058634E-02	-2.453641777125E-07	0	-0.00496672638	10259.66796875	
42.997792	-1.12732107108414E-02	-2.40878364890625E-07	0	-0.00357054984	10259.66796875	
43.001888	-0.011273137199237	-2.42164902065625E-07	0	-0.00433730253	10259.66796875	
43.005984	-1.12730358007678E-02	-2.45923071384375E-07	0	-0.00538252759	10259.66796875	
43.01008	-1.12728477244367E-02	-2.5055888405625E-07	0	-0.00707624995	10259.66796875	
43.014176	-1.12725148192731E-02	-2.5727330041875E-07	0	-0.00650786114	10259.66796875	
43.018272	-1.12724149751537E-02	-2.62174497440625E-07	0	-0.00681685103	10259.66796875	
43.022368	-1.12725350258211E-02	-2.62525458628125E-07	0	-0.00690840359	10259.66796875	
43.026464	-0.011272794602245	-2.58694693228125E-07	0	-0.00537108352	10259.66796875	
43.03056	-1.12729970334541E-02	-2.54505274340625E-07	0	-0.00622175939	10259.66796875	
43.034656	-1.12730493327547E-02	-2.52200468953125E-07	0	-0.00244903098	10259.66796875	
43.038752	-1.12728634507998E-02	-2.5412666895E-07	0	-0.00283049998	10259.66796875	
43.042848	-1.12725006472598E-02	-2.6017522059375E-07	0	-0.0032424865	10259.66796875	
43.046944	-0.011272101453647	-2.672487712125E-07	0	-0.00434493191	10259.66796875	
43.05104	-1.12716715387667E-02	-2.75222080546875E-07	0	-0.00551222705	10259.66796875	
43.055136	-1.12714178140128E-02	-2.79994671928125E-07	0	-0.0059127695	10259.66796875	
43.059232	-1.12712679564014E-02	-2.8208481406875E-07	0	-0.00780867043	10259.66796875	
43.063328	-1.12714374719667E-02	-2.79658614571875E-07	0	-0.00853727622	10259.66796875	
43.067424	-1.12718743357052E-02	-2.71858141603125E-07	0	-0.00682448041	10259.66796875	
43.07152	-1.12723365262028E-02	-2.615660845875E-07	0	-0.00643156734	10259.66796875	
43.075616	-1.12724668172927E-02	-2.55191331346875E-07	0	-0.00645827017	10259.66796875	
43.079712	-1.12724059233517E-02	-2.55116812190625E-07	0	-0.00529860441	10259.66796875	
43.083808	-1.12723992487906E-02	-2.56293974475E-07	0	-0.00283812936	10259.6875	
43.087904	-1.12724135122363E-02	-2.56770656690625E-07	0	-0.00372313744	10259.6875	
43.092	-1.12721180029012E-02	-2.601122398875E-07	0	-0.00263976548	10259.6875	
43.096096	-1.12718357512561E-02	-2.66237474146875E-07	0	-0.00399398043	10259.6875	
43.100192	-1.12718705869791E-02	-2.68921125309375E-07	0	-0.00318526615	10259.6875	
43.104288	-1.12724038204078E-02	-2.62859592909375E-07	0	-0.00283812936	10259.6875	
43.108384	-1.12730814255073E-02	-2.51125950796875E-07	0	-0.00611876276	10259.6875	
43.11248	-1.12735664740909E-02	-2.40463942228125E-07	0	-0.00604246896	10259.6875	
43.116576	-1.12737438528378E-02	-2.36220677240625E-07	0	-0.00540541573	10259.6875	
43.120672	-0.011273886212997	-2.357968795875E-07	0	-0.00558470616	10259.6875	
43.124768	-1.12740503340541E-02	-2.35326447365625E-07	0	-0.00715254375	10259.6875	
43.128864	-1.12738323593466E-02	-2.3856466528125E-07	0	-0.00806806935	10259.6875	
43.13296	-1.12733386246903E-02	-2.48231722921875E-07	0	-0.00812147501	10259.6875	
43.137056	-1.12730456754609E-02	-2.57529790546875E-07	0	-0.00643538203	10259.6875	
43.141152	-1.12730787739694E-02	-2.60581710571875E-07	0	-0.0057983288	10259.6875	
43.145248	-1.12732309173894E-02	-2.5903435635E-07	0	-0.00520705185	10259.6875	
43.149344	-1.12732779136141E-02	-2.5678003168125E-07	0	-0.00302504917	10259.6875	
43.15344	-1.12731229357914E-02	-2.57784597984375E-07	0	-0.00165557546	10259.6875	
43.157536	-1.12727061871686E-02	-2.63225457928125E-07	0	-0.00306319607	10259.6875	
43.161632	-1.12722306475488E-02	-2.71032180890625E-07	0	-0.0019836388	10259.6875	
43.165728	-1.12716193308984E-02	-2.80211498634375E-07	0	-0.00432967315	10259.6875	
43.169824	-1.12709294738648E-02	-2.90456680696875E-07	0	-0.00587843729	10259.6875	
43.17392	-1.12704485397367E-02	-2.98649460965625E-07	0	-0.00659178432	10259.6875	
43.178016	-1.12702683265872E-02	-3.00964362496875E-07	0	-0.00815199253	10259.6875	
43.182112	-1.12703656106009E-02	-2.97229750846875E-07	0	-0.00703428836	10259.6875	
43.186208	-1.12705767278827E-02	-2.90071104159375E-07	0	-0.00625990629	10259.6875	
43.190304	-1.12709456573897E-02	-2.80711978903125E-07	0	-0.00636671761	10259.6875	
43.1944	-1.12711226704072E-02	-2.72966313571875E-07	0	-0.00500487328	10259.6875	
43.198496	-1.12711026467239E-02	-2.696660764875E-07	0	-0.00529478972	10259.6875	
43.202592	-1.12710176146442E-02	-2.701929990375E-07	0	-0.00334548313	10259.6875	
43.206688	-0.011271129527833	-2.6896511565E-07	0	-0.00268172707	10259.6875	
43.210784	-1.12712608246786E-02	-2.662391568375E-07	0	-0.00330733623	10259.6875	
43.21488	-1.12713571029366E-02	-2.64143726240625E-07	0	-0.00471495684	10259.6875	
43.218976	-1.12716009529973E-02	-2.61028825509375E-07	0	-0.00455092517	10259.6875	
43.223072	-1.12721240374359E-02	-2.54497822425E-07	0	-0.0032424865	10259.6875	
43.227168	-1.12729402539686E-02	-2.42547113221875E-07	0	-0.00600050737	10259.6875	
43.231264	-1.12736288309494E-02	-2.3035025041875E-07	0	-0.00661848715	10259.6875	
43.23536	-1.12740721863842E-02	-2.2268775808125E-07	0	-0.00515746088	10259.6875	
43.239456	-1.12743518779237E-02	-2.2041372189375E-07	0	-0.00462340428	10259.6875	
43.243552	-0.011274547451707	-2.205334333125E-07	0	-0.00487898851	10259.6875	
43.247648	-0.011274679114282	-2.22262518121875E-07	0	-0.00525664282	10259.6875	
43.251744	-1.12744930494625E-02	-2.27251936209375E-07	0	-0.004959097	10259.6875	
43.25584	-0.011274263371415	-2.3559159133125E-07	0	-0.00486754444	10259.6875	
43.259936	-1.12741614243517E-02	-2.41984613784375E-07	0	-0.00272750335	10259.6875	
43.264032	-1.12743077161017E-02	-2.438911022625E-07	0	-0.00527953096	10259.6875	
43.268128	-0.011274289429633	-2.443487941125E-07	0	-0.00336074189	10259.6875	
43.272224	-1.12740776723248E-02	-2.47797829125E-07	0	-0.0036239555	10259.6875	
43.27632	-1.12736378827514E-02	-2.55012485371875E-07	0	-0.00338363003	10259.6875	
43.280416	-1.12730114797644E-02	-2.6544252301875E-07	0	-0.00360488205	10259.6875	
43.284512	-1.12724131465069E-02	-2.76605492625E-07	0	-0.0051879784	10259.6875	
43.288608	-1.12717626053811E-02	-2.86494665428125E-07	0	-0.00537489821	10259.6875	
43.292704	-0.011271138853932	-2.95597781325E-07	0	-0.00573347907	10259.6875	
43.2968	-1.12706390847411E-02	-3.02290082325E-07	0	-0.00745771895	10259.6875	
43.300896	-0.0112704334534	-3.0432709951875E-07	0	-0.00794218458	10259.6875	
43.304992	-0.011270564841678	-2.99965805803125E-07	0	-0.00508116708	10259.6875	
43.309088	-1.12708559622605E-02	-2.90854757221875E-07	0	-0.0051116846	10259.6875	
43.313184	-1.12709291081355E-02	-2.83262457121875E-07	0	-0.00364302895	10259.6875	
43.31728	-1.12708476419172E-02	-2.8008577760625E-07	0	-0.00326918933	10259.6875	
43.321376	-1.12707719359366E-02	-2.7945789361875E-07	0	-0.00333022437	10259.6875	
43.325472	-1.12706987900616E-02	-2.78685538621875E-07	0	-0.00317763677	10259.6875	
43.329568	-1.12705620072753E-02	-2.78947557590625E-07	0	-0.00534819538	10259.6875	
43.333664	-1.12704279674594E-02	-2.80022556515625E-07	0	-0.00653074928	10259.6875	
43.33776	-1.12705789222589E-02	-2.78424481190625E-07	0	-0.00566099996	10259.6875	
43.341856	-1.12711895074505E-02	-2.69547807375E-07	0	-0.00637816168	10259.6875	
43.345952	-1.12718009155331E-02	-2.57046617953125E-07	0	-0.00584410508	10259.6875	
43.350048	-1.12722326590603E-02	-2.476612908E-07	0	-0.0051116846	10259.6875	
43.354144	-1.12725617240655E-02	-2.419372580625E-07	0	-0.00536726883	10259.6875	
43.35824	-1.12728061227203E-02	-2.3892043415625E-07	0	-0.00406264485	10259.6875	
43.362336	-1.12730565559098E-02	-2.37209618559375E-07	0	-0.00375365496	10259.6875	
43.366432	-1.12731756008214E-02	-2.36723080584375E-07	0	-0.00434111722	10259.6875	
43.370528	-1.12731129696659E-02	-2.3942524134375E-07	0	-0.00494383824	10259.6875	
43.374624	-1.12730999862731E-02	-2.43393987375E-07	0	-0.00333022437	10259.6875	
43.37872	-0.011273356088268	-2.43563939128125E-07	0	-0.00413893865	10259.6875	
43.382816	-1.12736887191345E-02	-2.40540865228125E-07	0	-0.00542830387	10259.6875	
43.386912	-1.12740221728922E-02	-2.36397840525E-07	0	-0.00452422234	10259.6875	
43.391008	-1.12742698631114E-02	-2.33700487453125E-07	0	-0.0055313005	10259.6875	
43.395104	-1.12744041772244E-02	-2.327084211375E-07	0	-0.00410460644	10259.6875	
43.3992	-1.12744012513894E-02	-2.3436082333125E-07	0	-0.00406645954	10259.6875	
43.403296	-0.011274050059757	-2.40487019128125E-07	0	-0.00594710171	10259.6875	
43.407392	-1.12734598639781E-02	-2.51750469403125E-07	0	-0.00543974794	10259.6875	
43.411488	-1.12728906062059E-02	-2.63972091796875E-07	0	-0.0062179447	10259.6875	
43.415584	-1.12724787034973E-02	-2.73233140228125E-07	0	-0.00633620009	10259.6875	
43.41968	-1.12722705120506E-02	-2.780833757625E-07	0	-0.00597761923	10259.6875	
43.423776	-1.12722898042752E-02	-2.7772520304375E-07	0	-0.00398253636	10259.6875	
43.427872	-1.12724529195764E-02	-2.733968419875E-07	0	-0.00413130927	10259.6875	
43.431968	-1.12723511553778E-02	-2.70629296678125E-07	0	-0.00390624256	10259.6875	
43.436064	-1.12720283992044E-02	-2.7291559246875E-07	0	-0.00369643461	10259.6875	
43.44016	-1.12716615726412E-02	-2.78189866040625E-07	0	-0.00485228568	10259.6875	
43.444256	-1.12714745934983E-02	-2.81001642075E-07	0	-0.00575636721	10259.6875	
43.448352	-1.12712397038072E-02	-2.8263865966875E-07	0	-0.00572584969	10259.6875	
43.452448	-1.12709580007561E-02	-2.85176878284375E-07	0	-0.0063323854	10259.6875	
43.456544	-1.12708999412178E-02	-2.86008608221875E-07	0	-0.0054931536	10259.6875	
43.46064	-1.12711610719916E-02	-2.81202843796875E-07	0	-0.00514601681	10259.6875	
43.464736	-1.12715358531686E-02	-2.7265597734375E-07	0	-0.0062179447	10259.6875	
43.468832	-1.12717405701862E-02	-2.6560694593125E-07	0	-0.00519560778	10259.6875	
43.472928	-1.12717820804703E-02	-2.62850458303125E-07	0	-0.00528334565	10259.6875	
43.477024	-1.12718734213817E-02	-2.62359353025E-07	0	-0.00240706939	10259.6875	
43.48112	-1.12720613148481E-02	-2.604689703E-07	0	-0.00412749458	10259.6875	
43.485216	-1.12720987106767E-02	-2.59229308078125E-07	0	-0.0032424865	10259.6875	
43.489312	-1.12717964353483E-02	-2.62748535328125E-07	0	-0.00609205993	10259.6875	
43.493408	-1.12715432591884E-02	-2.69836028240625E-07	0	-0.00416564148	10259.6875	
43.497504	-1.12718064929061E-02	-2.700920376E-07	0	-0.00590895481	10259.6875	
43.5016	-1.12724416733981E-02	-2.615257000125E-07	0	-0.00648878769	10259.6875	
43.505696	-1.12729442769917E-02	-2.5097907594375E-07	0	-0.00589751074	10259.6875	
43.509792	-1.12732077850064E-02	-2.4544975455E-07	0	-0.00618742718	10259.6875	
43.513888	-1.12735279810742E-02	-2.423545653375E-07	0	-0.00326155995	10259.6875	
43.517984	-1.12738875844822E-02	-2.383603385625E-07	0	-0.00333785375	10259.6875	
43.52208	-1.12739692335652E-02	-2.36560099978125E-07	0	-0.0042724528	10259.6875	
43.526176	-1.12735822004541E-02	-2.41973556103125E-07	0	-0.00446700199	10259.6875	
43.530272	-1.12730846256394E-02	-2.53027871971875E-07	0	-0.00444792854	10259.6875	
43.534368	-1.12729007551961E-02	-2.60960556346875E-07	0	-0.00528334565	10259.6875	
43.538464	-0.011273054727263	-2.61546613453125E-07	0	-0.00479506533	10259.6875	
43.54256	-0.011273250758208	-2.57911040165625E-07	0	-0.00579069942	10259.6875	
43.546656	-1.12732681303533E-02	-2.55653830884375E-07	0	-0.00548552422	10259.6875	
43.550752	-1.12731067522666E-02	-2.57267290809375E-07	0	-0.00338363003	10259.6875	
43.554848	-1.12730383608734E-02	-2.6032522044375E-07	0	-0.00392531601	10259.6875	
43.558944	-0.011273005262365	-2.61809113190625E-07	0	-0.00391768663	10259.6875	
43.56304	-1.12727373655978E-02	-2.6490502355625E-07	0	-0.00473784498	10259.6875	
43.567136	-1.12721653648553E-02	-2.7321174601875E-07	0	-0.0037002493	10259.6875	
43.571232	-1.12716627612617E-02	-2.8328577440625E-07	0	-0.00576781128	10259.6875	
43.575328	-1.12716416403903E-02	-2.870304822E-07	0	-0.0046920687	10259.6875	
43.579424	-1.12721220259244E-02	-2.80116306421875E-07	0	-0.00410460644	10259.6875	
43.58352	-1.12725800105342E-02	-2.6924059614375E-07	0	-0.00532530724	10259.6875	
43.587616	-1.12727567492547E-02	-2.6193002653125E-07	0	-0.00457381331	10259.6875	
43.591712	-1.12727993567269E-02	-2.5997233618125E-07	0	-0.0041198652	10259.6875	
43.595808	-0.011272952871632	-2.5843676079375E-07	0	-0.00279998246	10259.6875	
43.599904	-1.12730703621938E-02	-2.5633964750625E-07	0	-0.00435637598	10259.6875	
43.604	-1.12729066068661E-02	-2.5799156893125E-07	0	-0.00571059093	10259.6875	
43.608096	-1.12725276198012E-02	-2.64298533778125E-07	0	-0.00624083284	10259.6875	
43.612192	-1.12723567327508E-02	-2.70622085146875E-07	0	-0.00535201007	10259.6875	
43.616288	-1.12727467831292E-02	-2.683103086125E-07	0	-0.00610731869	10259.6875	
43.620384	-1.12733532538653E-02	-2.5816753029375E-07	0	-0.00686262731	10259.6875	
43.62448	-1.12737480587256E-02	-2.4883773193125E-07	0	-0.00394057477	10259.6875	
43.628576	-1.12738948990697E-02	-2.453391777375E-07	0	-0.00421523245	10259.6875	
43.632672	-1.12741033648134E-02	-2.43908169553125E-07	0	-0.00355910577	10259.6875	
43.636768	-1.12744168863202E-02	-2.40972114796875E-07	0	-0.00337600065	10259.6875	
43.640864	-0.01127439503399	-2.40411538434375E-07	0	-0.00465773649	10259.6875	
43.64496	-1.12740186984631E-02	-2.47177397053125E-07	0	-0.00410460644	10259.6875	
43.649056	-1.12736945708045E-02	-2.56205753409375E-07	0	-0.00532149255	10259.6875	
43.653152	-1.12735935380647E-02	-2.6151127695E-07	0	-0.00603483958	10259.6875	
43.657248	-1.12737212690489E-02	-2.6211656480625E-07	0	-0.00637816168	10259.6875	
43.661344	-1.12740005034267E-02	-2.58041809265625E-07	0	-0.00724028162	10259.6875	
43.66544	-1.12741231141997E-02	-2.54384601384375E-07	0	-0.00545119201	10259.6875	
43.669536	-1.12740099209581E-02	-2.5492522584375E-07	0	-0.00417708555	10259.6875	
43.673632	-1.12739058709509E-02	-2.57680751934375E-07	0	-0.0050735377	10259.6875	
43.677728	-1.12737197146991E-02	-2.60831710321875E-07	0	-0.00348281197	10259.6875	
43.681824	-1.12733061662083E-02	-2.66656223728125E-07	0	-0.00440978164	10259.6875	
43.68592	-1.12726923808847E-02	-2.76251406440625E-07	0	-0.00406264485	10259.6875	
43.690016	-0.011272238419298	-2.857256758125E-07	0	-0.00544737732	10259.6875	
43.694112	-1.12722845926316E-02	-2.87328799209375E-07	0	-0.00542448918	10259.6875	
43.698208	-1.12727003354986E-02	-2.80196594803125E-07	0	-0.0049209501	10259.6875	
43.702304	-1.12730958718177E-02	-2.6968819185E-07	0	-0.00509642584	10259.6875	
43.7064	-0.011273245455132	-2.630737753875E-07	0	-0.00490569134	10259.6875	
43.710496	-1.12733068062347E-02	-2.60765845003125E-07	0	-0.00394820415	10259.6875	
43.714592	-1.12734482520705E-02	-2.59029789046875E-07	0	-0.00383757814	10259.6875	
43.718688	-1.12734357258394E-02	-2.5749541558125E-07	0	-0.00558089147	10259.6875	
43.722784	-1.12730133998436E-02	-2.62224737775E-07	0	-0.00720594941	10259.6875	
43.72688	-0.011272463708593	-2.7247040060625E-07	0	-0.00511549929	10259.6875	
43.730976	-0.011272384985345	-2.7798481816875E-07	0	-0.00563048244	10259.6875	
43.735072	-1.12726857063236E-02	-2.74720157971875E-07	0	-0.00594710171	10259.6875	
43.739168	-1.12729803013352E-02	-2.67316799990625E-07	0	-0.00545882139	10259.6875	
43.743264	-1.12729992278303E-02	-2.6361656330625E-07	0	-0.00439452288	10259.6875	
43.74736	-1.12729632949192E-02	-2.63647092121875E-07	0	-0.00376509903	10259.6875	
43.751456	-1.12730699964644E-02	-2.6307137154375E-07	0	-0.00341033286	10259.6875	
43.755552	-0.011273183464003	-2.6083964300625E-07	0	-0.0041580121	10259.6875	
43.759648	-0.011272914835777	-2.6225214159375E-07	0	-0.00505064956	10259.6875	
43.763744	-1.12723588356947E-02	-2.70773046534375E-07	0	-0.00492857948	10259.6875	
43.76784	-1.12720523544784E-02	-2.7912135549375E-07	0	-0.00588606667	10259.6875	
43.771936	-0.011272358927127	-2.77991789315625E-07	0	-0.00621413001	10259.6875	
43.776032	-1.12728145344959E-02	-2.688756926625E-07	0	-0.00680159227	10259.6875	
43.780128	-1.12730857228275E-02	-2.61090844678125E-07	0	-0.00710676747	10259.6875	
43.784224	-1.12733378017992E-02	-2.5627810910625E-07	0	-0.00474547436	10259.6875	
43.78832	-0.011273710662897	-2.50905277940625E-07	0	-0.00465773649	10259.6875	
43.792416	-0.011274152463982	-2.44162976990625E-07	0	-0.00423812059	10259.6875	
43.796512	-1.12743105505044E-02	-2.4034447119375E-07	0	-0.00488661789	10259.6875	
43.800608	-1.12740347905556E-02	-2.4398677524375E-07	0	-0.00413512396	10259.6875	
43.804704	-1.12736344997547E-02	-2.5337041970625E-07	0	-0.0045394811	10259.6875	
43.8088	-1.12735946352528E-02	-2.59271615728125E-07	0	-0.0041198652	10259.6875	
43.812896	-0.011273798437947	-2.58593251021875E-07	0	-0.00527190158	10259.6875	
43.816992	-1.12740312246942E-02	-2.546314761375E-07	0	-0.00690077421	10259.6875	
43.821088	-1.12740055322056E-02	-2.5347138114375E-07	0	-0.0055313005	10259.6875	
43.825184	-1.12739026708189E-02	-2.557314750375E-07	0	-0.00568770279	10259.6875	
43.82928	-1.12739216887464E-02	-2.57153829384375E-07	0	-0.00522231061	10259.6875	
43.833376	-1.12738794470036E-02	-2.57941328596875E-07	0	-0.00564192651	10259.6875	
43.837472	-1.12735339241766E-02	-2.618074305E-07	0	-0.00524519875	10259.6875	
43.841568	-0.011272826512133	-2.7208674714375E-07	0	-0.00571059093	10259.6875	
43.845664	-1.12721034651586E-02	-2.85183609046875E-07	0	-0.00483321223	10259.6875	
43.84976	-1.12718627237975E-02	-2.9273480341875E-07	0	-0.00474547436	10259.6875	
43.853856	-1.12719421785042E-02	-2.9093672829375E-07	0	-0.00528334565	10259.6875	
43.857952	-1.12719792086034E-02	-2.86834568934375E-07	0	-0.00527953096	10259.6875	
43.862048	-1.12719284636527E-02	-2.83692745153125E-07	0	-0.00561140899	10259.6875	
43.866144	-1.12719963978841E-02	-2.813372186625E-07	0	-0.00443648447	10259.6875	
43.87024	-1.12722835868758E-02	-2.75567272509375E-07	0	-0.00343703569	10259.6875	
43.874336	-1.12724912297284E-02	-2.68928577225E-07	0	-0.00512694336	10259.6875	
43.878432	-1.12722644775159E-02	-2.68257664434375E-07	0	-0.00572584969	10259.6875	
43.882528	-1.12718757986227E-02	-2.74028572125E-07	0	-0.00650404645	10259.6875	
43.886624	-1.12718425172495E-02	-2.77635058903125E-07	0	-0.0069045889	10259.6875	
43.89072	-1.12722082466245E-02	-2.73113188425E-07	0	-0.00779722636	10259.6875	
43.894816	-0.011272718530535	-2.6430021646875E-07	0	-0.00678251882	10259.6875	
43.898912	-1.12731737721745E-02	-2.54545658915625E-07	0	-0.00651549052	10259.6875	
43.903008	-0.011273476596097	-2.48370905475E-07	0	-0.00358962329	10259.6875	
43.907104	-1.12738711266603E-02	-2.43235093303125E-07	0	-0.00291060847	10259.6875	
43.9112	-1.12744005199306E-02	-2.36813224725E-07	0	-0.00465773649	10259.6875	
43.915296	-1.12746333066778E-02	-2.3234351765625E-07	0	-0.00319671022	10259.6875	
43.919392	-1.12744782374228E-02	-2.3500361115E-07	0	-0.00531767786	10259.6875	
43.923488	-1.12742419762466E-02	-2.42889420571875E-07	0	-0.00533293662	10259.6875	
43.927584	-1.12745886876941E-02	-2.4450792856875E-07	0	-0.00611876276	10259.6875	
43.93168	-1.12750614843436E-02	-2.3929927993125E-07	0	-0.00765608283	10259.6875	
43.935776	-1.12754269394216E-02	-2.33301449390625E-07	0	-0.00854872029	10259.6875	
43.939872	-1.12755099599897E-02	-2.3246178676875E-07	0	-0.00689695952	10259.6875	
43.943968	-1.12756026723863E-02	-2.33706256678125E-07	0	-0.0054931536	10259.6875	
43.948064	-1.12757228144859E-02	-2.348795728125E-07	0	-0.0054931536	10259.6875	
43.95216	-1.12757098310931E-02	-2.36543273071875E-07	0	-0.00522231061	10259.6875	
43.956256	-1.12752055817173E-02	-2.43614900615625E-07	0	-0.00553892988	10259.6875	
43.960352	-1.12742157351639E-02	-2.6057618173125E-07	0	-0.00439452288	10259.6875	
43.964448	-0.011273604784243	-2.76266310271875E-07	0	-0.00437926412	10259.6875	
43.968544	-1.12734362744334E-02	-2.82670871175E-07	0	-0.00492476479	10259.6875	
43.97264	-1.12732743477527E-02	-2.8289827479375E-07	0	-0.00614928028	10259.6875	
43.976736	-1.12729405282656E-02	-2.8511173411875E-07	0	-0.00562666775	10259.6875	
43.980832	-1.12725955540327E-02	-2.88563172975E-07	0	-0.00589751074	10259.6875	
43.984928	-1.12725855879072E-02	-2.8885019191875E-07	0	-0.00376509903	10259.6875	
43.989024	-1.12727212735053E-02	-2.8361365869375E-07	0	-0.00596998985	10259.6875	
43.99312	-1.12724881210288E-02	-2.81297795625E-07	0	-0.00571059093	10259.6875	
43.997216	-1.12716863508064E-02	-2.88484086515625E-07	0	-0.005340566	10259.6875	
44.001312	-1.12709381599375E-02	-3.01001862459375E-07	0	-0.00582884632	10259.6875	
44.005408	-0.011270688001045	-3.0688815465E-07	0	-0.00609205993	10259.6875	
44.009504	-1.12707719359366E-02	-3.035025811125E-07	0	-0.00532149255	10259.6875	
44.0136	-1.12705898941402E-02	-2.9982614248125E-07	0	-0.00622938877	10259.6875	
44.017696	-1.12702505887125E-02	-3.00955468275E-07	0	-0.00432204377	10259.6875	
44.021792	-1.12702077983756E-02	-3.00423978421875E-07	0	-0.00294875537	10259.6875	
44.025888	-1.12703709136769E-02	-2.95197060571875E-07	0	-0.00385665159	10259.6875	
44.029984	-1.12703262946931E-02	-2.9044634416875E-07	0	-0.00375746965	10259.6875	
44.03408	-1.12697608770794E-02	-2.9336076433125E-07	0	-0.00462721897	10259.6875	
44.038176	-1.12688495709092E-02	-3.04907627784375E-07	0	-0.00691603297	10259.6875	
44.042272	-1.12681550508261E-02	-3.17397759525E-07	0	-0.00603865427	10259.6875	
44.046368	-1.12679657858745E-02	-3.21158092303125E-07	0	-0.0056838881	10259.6875	
44.050464	-1.12678059621377E-02	-3.19141267396875E-07	0	-0.00775526477	10259.6875	
44.05456	-1.12674643709014E-02	-3.1869920053125E-07	0	-0.00706480588	10259.6875	
44.058656	-0.011267112356378	-3.2063573705625E-07	0	-0.00580595818	10259.6875	
44.062752	-1.12672049773422E-02	-3.18310498996875E-07	0	-0.00414656803	10259.6875	
44.066848	-1.12675100870733E-02	-3.09459546309375E-07	0	-0.00387953973	10259.6875	
44.070944	-1.12676774082623E-02	-3.0058768018125E-07	0	-0.00434111722	10259.6875	
44.07504	-1.12674209405381E-02	-2.987987396625E-07	0	-0.00423049121	10259.6875	
44.079136	-1.12674034769605E-02	-2.9978095021875E-07	0	-0.00481795347	10259.6875	
44.083232	-1.12679430192209E-02	-2.9274538033125E-07	0	-0.00244521629	10259.6875	
44.087328	-1.12689598383158E-02	-2.76554771521875E-07	0	-0.00601958082	10259.6875	
44.091424	-1.12700656210811E-02	-2.56071138159375E-07	0	-0.00691221828	10259.6875	
44.09552	-1.12712294633847E-02	-2.3688053235E-07	0	-0.00556563271	10259.6875	
44.099616	-0.011272841689902	-2.1512526564375E-07	0	-0.00532912193	10259.6875	
44.103712	-1.12749750807787E-02	-1.85749573865625E-07	0	-0.00519560778	10259.6875	
44.107808	-1.12769704088164E-02	-1.55194796728125E-07	0	-0.00477599188	10259.6875	
44.111904	-1.12783991306198E-02	-1.35181355203125E-07	0	-0.00405883016	10259.6875	
44.116	-1.12793682220312E-02	-1.27427997571875E-07	0	-0.00379561655	10259.6875	
44.120096	-1.12803304560169E-02	-1.25586412875E-07	0	-0.00384520752	10259.6875	
44.124192	-0.011281405608947	-1.22864540596875E-07	0	-0.00556563271	10259.6875	
44.128288	-1.12823525737312E-02	-1.1980516865625E-07	0	-0.00634382947	10259.6875	
44.132384	-1.12829328033847E-02	-1.2164843604375E-07	0	-0.00495146762	10259.6875	
44.13648	-1.12833341913737E-02	-1.28189535271875E-07	0	-0.00462721897	10259.6875	
44.140576	-1.12836083969727E-02	-1.36628709525E-07	0	-0.00513457274	10259.6875	
44.144672	-1.12837166528677E-02	-1.45868363746875E-07	0	-0.00399779512	10259.6875	
44.148768	-1.12832530908848E-02	-1.6021378209375E-07	0	-0.00522993999	10259.6875	
44.152864	-1.12822268542586E-02	-1.8419741195625E-07	0	-0.00596998985	10259.6875	
44.15696	-1.12810645663048E-02	-2.11757720934375E-07	0	-0.00582503163	10259.6875	
44.161056	-1.12800109914078E-02	-2.36635099903125E-07	0	-0.00515364619	10259.6875	
44.165152	-1.12791069998252E-02	-2.55547821375E-07	0	-0.00620268594	10259.6875	
44.169248	-1.12780569907895E-02	-2.721910739625E-07	0	-0.00678251882	10259.6875	
44.173344	-1.12768943371064E-02	-2.88548990296875E-07	0	-0.00665281936	10259.6875	
44.17744	-1.12757033393967E-02	-3.05050416103125E-07	0	-0.00595854578	10259.6875	
44.181536	-1.12746516845789E-02	-3.18336941278125E-07	0	-0.00392150132	10259.6875	
44.185632	-1.12736183162298E-02	-3.27930200915625E-07	0	-0.00348662666	10259.6875	
44.189728	-1.12720249247753E-02	-3.417544659375E-07	0	-0.00517653433	10259.6875	
44.193824	-1.12699230780572E-02	-3.6498184655625E-07	0	-0.00465773649	10259.6875	
44.19792	-1.12677207471933E-02	-3.92067636778125E-07	0	-0.00383376345	10259.6875	
44.202016	-1.12658286462717E-02	-4.14508479721875E-07	0	-0.00609968931	10259.6875	
44.206112	-1.12641729893911E-02	-4.2968803185E-07	0	-0.00561140899	10259.6875	
44.210208	-1.12625345217911E-02	-4.4145773161875E-07	0	-0.00721739348	10259.6875	
44.214304	-1.12611210691891E-02	-4.5072647235E-07	0	-0.00642012327	10259.6875	
44.2184	-1.12602569421083E-02	-4.5160964454375E-07	0	-0.00523756937	10259.6875	
44.222496	-1.12600714258828E-02	-4.4114907808125E-07	0	-0.00490950603	10259.6875	
44.226592	-1.12601749272959E-02	-4.218293858625E-07	0	-0.00536726883	10259.6875	
44.230688	-1.12603007382009E-02	-4.02504645571875E-07	0	-0.00448989013	10259.6875	
44.234784	-0.011260710903695	-3.83175818746875E-07	0	-0.00173186926	10259.6875	
44.23888	-1.12620016540917E-02	-3.5512656795E-07	0	-0.00329207747	10259.6875	
44.242976	-1.12638420957391E-02	-3.16746077484375E-07	0	-0.00456999862	10259.6875	
44.247072	-1.12658932889388E-02	-2.75105494125E-07	0	-0.00593565764	10259.6875	
44.251168	-1.12682020470508E-02	-2.34446159784375E-07	0	-0.0049209501	10259.6875	
44.255264	-1.12711363852587E-02	-1.8997336771875E-07	0	-0.00514601681	10259.6875	
44.25936	-1.12747065439852E-02	-1.380739003875E-07	0	-0.00504683487	10259.6875	
44.263456	-1.12781231878064E-02	-8.6552557678125E-08	0	-0.00482558285	10259.6875	
44.267552	-1.12809045597033E-02	-4.84470669375E-08	0	-0.00391387194	10259.6875	
44.271648	-0.01128306135726	-2.738026108125E-08	0	-0.00384902221	10259.6875	
44.275744	-1.12850731431195E-02	-1.608604160625E-08	0	-0.0045394811	10259.6875	
44.27984	-1.12868289184166E-02	-1.0023788053125E-08	0	-0.00567625872	10259.6875	
44.283936	-0.011288090867625	-1.1201911875E-08	0	-0.0052642722	10259.6875	
44.288032	-1.12888973008969E-02	-2.0876181046875E-08	0	-0.00479506533	10259.6875	
44.292128	-1.12894244083586E-02	-3.5707896984375E-08	0	-0.00458907207	10259.6875	
44.296224	-1.12897188205055E-02	-5.2899225946875E-08	0	-0.00367354647	10259.6875	
44.30032	-1.12894820107352E-02	-7.46239638375E-08	0	-0.00296782882	10259.6875	
44.304416	-1.12886059974497E-02	-1.04041963265625E-07	0	-0.00279235308	10259.6875	
44.308512	-1.12868961211892E-02	-0.000000143922933	0	-0.00293349661	10259.6875	
44.312608	-1.12847637360683E-02	-1.90978655175E-07	0	-0.00357054984	10259.6875	
44.316704	-1.12823763461406E-02	-2.39282693409375E-07	0	-0.00540923042	10259.6875	
44.3208	-1.12799053870508E-02	-2.84549955834375E-07	0	-0.00611494807	10259.6875	
44.324896	-1.12773090742177E-02	-3.2646746199375E-07	0	-0.00619887125	10259.6875	
44.328992	-0.011274772466705	-3.64512375871875E-07	0	-0.00710295278	10259.6875	
44.333088	-1.12725779075903E-02	-3.94042154034375E-07	0	-0.00662230184	10259.6875	
44.337184	-1.12708645569008E-02	-4.1210006866875E-07	0	-0.00479125064	10259.6875	
44.34128	-1.12693859130377E-02	-4.20951502125E-07	0	-0.00454711048	10259.6875	
44.345376	-1.12678726163162E-02	-4.27076736384375E-07	0	-0.0035858086	10259.6875	
44.349472	-1.12664151847569E-02	-4.32607980853125E-07	0	-0.00374602558	10259.6875	
44.353568	-1.12653990056884E-02	-4.33475287678125E-07	0	-0.00250625133	10259.6875	
44.357664	-1.12648943905833E-02	-4.25644526278125E-07	0	-0.0036239555	10259.6875	
44.36176	-0.011264833130913	-4.10207522484375E-07	0	-0.00537108352	10259.6875	
44.365856	-1.12651469267167E-02	-3.8867124594375E-07	0	-0.00619887125	10259.6875	
44.369952	-1.12658970376648E-02	-3.629390601375E-07	0	-0.00648878769	10259.6875	
44.374048	-1.12673568464652E-02	-3.2902419020625E-07	0	-0.00496672638	10259.6875	
44.378144	-1.12691950023039E-02	-2.88505721109375E-07	0	-0.00542448918	10259.6875	
44.38224	-1.12708670255741E-02	-2.50862489521875E-07	0	-0.00467680994	10259.6875	
44.386336	-1.12721199229805E-02	-2.23327901671875E-07	0	-0.00395201884	10259.6875	
44.390432	-1.12731092209398E-02	-2.06348591728125E-07	0	-0.00176620147	10259.6875	
44.394528	-1.12741043705692E-02	-1.93864950365625E-07	0	-0.00238036656	10259.6875	
44.398624	-1.12747583861241E-02	-1.8685702468125E-07	0	-0.00365828771	10259.6875	
44.40272	-1.12751128693208E-02	-1.86498611578125E-07	0	-0.00488661789	10259.6875	
44.406816	-1.12751841865489E-02	-1.92731297653125E-07	0	-0.0045013342	10259.6875	
44.410912	-1.12755052969402E-02	-1.978873021125E-07	0	-0.00361632612	10259.6875	
44.415008	-0.011275767250605	-2.00367107325E-07	0	-0.00526045751	10259.6875	
44.419104	-0.011275699682103	-2.06032486275E-07	0	-0.00494002355	10259.6875	
44.4232	-1.12751005259544E-02	-2.18702906296875E-07	0	-0.00439452288	10259.6875	
44.427296	-1.12740327790441E-02	-2.39948558128125E-07	0	-0.00337218596	10259.6875	
44.431392	-1.12728800914864E-02	-2.6360983254375E-07	0	-0.00380324593	10259.6875	
44.435488	-1.12716353315586E-02	-2.86927838071875E-07	0	-0.00547408015	10259.6875	
44.439584	-1.12704555800272E-02	-3.07572528965625E-07	0	-0.00461958959	10259.6875	
44.44368	-1.12693015209844E-02	-3.25198953646875E-07	0	-0.00443648447	10259.6875	
44.447776	-1.12685023108677E-02	-3.3690495155625E-07	0	-0.00469588339	10259.6875	
44.451872	-1.12682550778102E-02	-3.38500863421875E-07	0	-0.00442122571	10259.6875	
44.455968	-1.12683936892433E-02	-3.3047707336875E-07	0	-0.00358962329	10259.6875	
44.460064	-1.12686778609677E-02	-3.1798285509375E-07	0	-0.00260161858	10259.6875	
44.46416	-1.12687964487175E-02	-3.07133106328125E-07	0	-0.00375746965	10259.6875	
44.468256	-1.12689186937611E-02	-2.9927614303125E-07	0	-0.00397490698	10259.6875	
44.472352	-1.12691365770362E-02	-2.91770862075E-07	0	-0.00345610914	10259.6875	
44.476448	-1.12696481409995E-02	-2.81751881709375E-07	0	-0.00577925535	10259.6875	
44.480544	-1.12701200233256E-02	-2.702333836125E-07	0	-0.00737761046	10259.6875	
44.48464	-1.12705700533216E-02	-2.61390123225E-07	0	-0.00757978903	10259.6875	
44.488736	-1.12714093108048E-02	-2.5007426915625E-07	0	-0.00590895481	10259.6875	
44.492832	-0.011272636607155	-2.3203005643125E-07	0	-0.00494383824	10259.6875	
44.496928	-0.011273748424455	-2.1312334456875E-07	0	-0.00600432206	10259.6875	
44.501024	-1.12742398733027E-02	-2.03430325415625E-07	0	-0.0051498315	10259.6875	
44.50512	-1.12743368830194E-02	-2.048776797375E-07	0	-0.00355910577	10259.6875	
44.509216	-1.12742773605636E-02	-2.1167623063125E-07	0	-0.00305556669	10259.6875	
44.513312	-1.12742449020816E-02	-2.19105790509375E-07	0	-0.00344085038	10259.6875	
44.517408	-1.12738703037692E-02	-2.283334255125E-07	0	-0.004196159	10259.6875	
44.521504	-0.011273125495897	-2.43534612234375E-07	0	-0.00518034902	10259.6875	
44.5256	-1.12723626758531E-02	-2.6114637346875E-07	0	-0.00436782005	10259.6875	
44.529696	-1.12721031908616E-02	-2.7184972815E-07	0	-0.00537108352	10259.6875	
44.533792	-1.12720928590067E-02	-2.736679955625E-07	0	-0.00642012327	10259.6875	
44.537888	-1.12718403228733E-02	-2.74522081246875E-07	0	-0.0050353908	10259.6875	
44.541984	-1.12712899001639E-02	-2.80507652184375E-07	0	-0.00458144269	10259.6875	
44.54608	-1.12707926910786E-02	-2.8821365409375E-07	0	-0.00308226952	10259.6875	
44.550176	-1.12703689021653E-02	-2.93984081015625E-07	0	-0.00286864688	10259.6875	
44.554272	-0.01126985998974	-2.99095133596875E-07	0	-0.0043487466	10259.6875	
44.558368	-1.12692520560864E-02	-3.05773492303125E-07	0	-0.00573347907	10259.6875	
44.562464	-1.12688273528497E-02	-3.11248006059375E-07	0	-0.00342940631	10259.6875	
44.56656	-1.12688580741172E-02	-3.097294979625E-07	0	-0.00600432206	10259.6875	
44.570656	-1.12692297465945E-02	-3.0077614153125E-07	0	-0.00498198514	10259.6875	
44.574752	-1.12696431122206E-02	-2.88432644259375E-07	0	-0.00228118462	10259.6875	
44.578848	-1.12698627327103E-02	-2.795564512125E-07	0	-0.00288772033	10259.6875	
44.582944	-1.12698668471658E-02	-2.75301407390625E-07	0	-0.0041580121	10259.6875	
44.58704	-0.011269824605423	-2.74651888809375E-07	0	-0.00313567518	10259.6875	
44.591136	-1.12696306774219E-02	-2.75929291378125E-07	0	-0.00546263608	10259.6875	
44.595232	-0.01126930408109	-2.80187940965625E-07	0	-0.00518416371	10259.6875	
44.599328	-1.12689666043092E-02	-2.856391374375E-07	0	-0.00584029039	10259.6875	
44.603424	-1.12687511897073E-02	-2.89461008615625E-07	0	-0.00625227691	10259.6875	
44.60752	-1.12688264385262E-02	-2.89245143446875E-07	0	-0.00520323716	10259.6875	
44.611616	-1.12692870746741E-02	-2.82122554415625E-07	0	-0.00514601681	10259.6875	
44.615712	-0.011269731253	-2.71911987703125E-07	0	-0.00407027423	10259.6875	
44.619808	-1.12698460005914E-02	-2.6584204185E-07	0	-0.00312041642	10259.6875	
44.623904	-1.12697181781748E-02	-2.6630694523125E-07	0	-0.00281142653	10259.6875	
44.628	-0.011269505963705	-2.70233623996875E-07	0	-0.00310897235	10259.6875	
44.632096	-1.12693284935258E-02	-2.7421270655625E-07	0	-0.00393294539	10259.6875	
44.636192	-1.12690072917022E-02	-2.78733615496875E-07	0	-0.00485228568	10259.6875	
44.640288	-1.12686417451919E-02	-2.8518961865625E-07	0	-0.0057601819	10259.6875	
44.644384	-1.12686470482678E-02	-2.8790115440625E-07	0	-0.0051879784	10259.6875	
44.64848	-1.12689858965338E-02	-2.82778803759375E-07	0	-0.00543974794	10259.6875	
44.652576	-1.12693867359287E-02	-2.74541311996875E-07	0	-0.00554655926	10259.6875	
44.656672	-0.011269605167798	-2.67849491765625E-07	0	-0.00508879646	10259.6875	
44.660768	-1.12696763021614E-02	-2.65563436359375E-07	0	-0.00481032409	10259.6875	
44.664864	-0.011269634426148	-2.656295420625E-07	0	-0.0036621024	10259.6875	
44.66896	-1.12694970947677E-02	-2.684305008E-07	0	-0.00301741979	10259.6875	
44.673056	-0.011269237061182	-2.72317756528125E-07	0	-0.00413893865	10259.6875	
44.677152	-1.12687123309612E-02	-2.80388421534375E-07	0	-0.00456236924	10259.6875	
44.681248	-1.12683193547478E-02	-2.88753317015625E-07	0	-0.00321578367	10259.6875	
44.685344	-1.12681711429186E-02	-2.929083609375E-07	0	-0.00505446425	10259.6875	
44.68944	-1.12683264864706E-02	-2.9153768923125E-07	0	-0.00551604174	10259.6875	
44.693536	-1.12684745154352E-02	-2.8725596274375E-07	0	-0.00479888002	10259.6875	
44.697632	-0.011268523157442	-2.84426398265625E-07	0	-0.00381469	10259.6875	
44.701728	-1.12684522059433E-02	-2.8408000438125E-07	0	-0.00339125941	10259.6875	
44.705824	-1.12682941194209E-02	-2.85861012215625E-07	0	-0.00499342921	10259.6875	
44.70992	-0.011268081356357	-2.89171105059375E-07	0	-0.00523756937	10259.6875	
44.714016	-1.12679258299403E-02	-2.9208288099375E-07	0	-0.00525664282	10259.6875	
44.718112	-1.12678994974253E-02	-2.92735043803125E-07	0	-0.00635527354	10259.6875	
44.722208	-1.12681294497698E-02	-2.90223988621875E-07	0	-0.00538252759	10259.6875	
44.726304	-1.12688865095761E-02	-2.79843710540625E-07	0	-0.00544737732	10259.6875	
44.7304	-1.12699748287638E-02	-2.62009593759375E-07	0	-0.00363158488	10259.6875	
44.734496	-1.12708409673561E-02	-2.444064863625E-07	0	-0.0043487466	10259.6875	
44.738592	-1.12715876953075E-02	-2.32784142215625E-07	0	-0.0025558423	10259.6875	
44.742688	-1.12722583515489E-02	-2.23844006925E-07	0	-0.00239181063	10259.6875	
44.746784	-0.011272865096582	-2.1800699353125E-07	0	-0.00365828771	10259.6875	
44.75088	-1.12732777307494E-02	-2.14536083540625E-07	0	-0.0035095148	10259.6875	
44.754976	-1.12733658715288E-02	-2.1733776343125E-07	0	-0.00620650063	10259.6875	
44.759072	-1.12734338971925E-02	-2.229218924625E-07	0	-0.00593565764	10259.6875	
44.763168	-1.12737171545934E-02	-2.262545814375E-07	0	-0.00611113338	10259.6875	
44.767264	-0.011274216832352	-2.24146650853125E-07	0	-0.00581358756	10259.6875	
44.77136	-0.011274383604947	-2.2305506540625E-07	0	-0.00566481465	10259.6875	
44.775456	-1.12740792266747E-02	-2.29749049096875E-07	0	-0.00395201884	10259.6875	
44.779552	-1.12734610525986E-02	-2.4336369894375E-07	0	-0.00259017451	10259.6875	
44.783648	-1.12727450459147E-02	-2.59434596334375E-07	0	-0.00243377222	10259.6875	
44.787744	-0.011271718169262	-2.77531693621875E-07	0	-0.00441741102	10259.6875	
44.79184	-1.12703220888053E-02	-3.00351622725E-07	0	-0.00389861318	10259.6875	
44.795936	-1.12689286598866E-02	-3.24942223134375E-07	0	-0.00500868797	10259.6875	
44.800032	-1.12679970557361E-02	-3.417842736E-07	0	-0.00407408892	10259.6875	
44.804128	-1.12675205103605E-02	-3.47594604328125E-07	0	-0.00586699322	10259.6875	
44.808224	-1.12671907138966E-02	-3.46433067028125E-07	0	-0.00585936384	10259.6875	
44.81232	-1.12669056278487E-02	-3.43438358484375E-07	0	-0.00477217719	10259.6875	
44.816416	-1.12667481813528E-02	-3.3952802585625E-07	0	-0.00521086654	10259.6875	
44.820512	-1.12670244898956E-02	-3.3008476606875E-07	0	-0.00432967315	10259.6875	
44.824608	-1.12672877236133E-02	-3.17875403278125E-07	0	-0.00438307881	10259.6875	
44.828704	-1.12674273408022E-02	-3.08455220390625E-07	0	-0.00371550806	10259.6875	
44.8328	-1.12676545501764E-02	-3.0133431405E-07	0	-0.00308226952	10259.6875	
44.836896	-1.12682556264042E-02	-2.9087230528125E-07	0	-0.0037002493	10259.6875	
44.840992	-1.12692735426872E-02	-2.7359636101875E-07	0	-0.00484084161	10259.6875	
44.845088	-1.12704710320933E-02	-2.5279253566875E-07	0	-0.00468443932	10259.6875	
44.849184	-1.12718291681273E-02	-2.3033871196875E-07	0	-0.00345229445	10259.6875	
44.85328	-1.12731883099172E-02	-2.0924257921875E-07	0	-0.00355910577	10259.6875	
44.857376	-1.12744215493697E-02	-1.91309424075E-07	0	-0.00411223582	10259.6875	
44.861472	-1.12752475491631E-02	-1.8080510765625E-07	0	-0.00309752828	10259.6875	
44.865568	-1.12756628348684E-02	-1.79492368584375E-07	0	-0.00416564148	10259.6875	
44.869664	-0.011275749969892	-1.8574260271875E-07	0	-0.00370787868	10259.6875	
44.87376	-1.12755710367953E-02	-1.972392258375E-07	0	-0.00514220212	10259.6875	
44.877856	-1.12752349314997E-02	-2.11352913646875E-07	0	-0.00518034902	10259.6875	
44.881952	-1.12748725851214E-02	-2.258353510875E-07	0	-0.00496672638	10259.6875	
44.886048	-1.12745716812781E-02	-2.37674041171875E-07	0	-0.00417708555	10259.6875	
44.890144	-1.12742819321808E-02	-2.4713869516875E-07	0	-0.00362014081	10259.6875	
44.89424	-1.12736385227778E-02	-2.5851897225E-07	0	-0.00391005725	10259.6875	
44.898336	-1.12727758586145E-02	-2.74047562490625E-07	0	-0.00195312128	10259.6875	
44.902432	-1.12718619923388E-02	-2.90305719309375E-07	0	-0.0021362264	10259.6875	
44.906528	-1.12708171035144E-02	-3.065487319125E-07	0	-0.00254821292	10259.6875	
44.910624	-1.12696338775539E-02	-3.23460013078125E-07	0	-0.00489043258	10259.6875	
44.91472	-1.12685355008084E-02	-3.3978571790625E-07	0	-0.00553511519	10259.6875	
44.918816	-1.12678533240917E-02	-3.48682103240625E-07	0	-0.00463103366	10259.6875	
44.922912	-1.12675803071133E-02	-3.49125372028125E-07	0	-0.00552367112	10259.6875	
44.927008	-1.12676679907309E-02	-3.41271052959375E-07	0	-0.0059890633	10259.6875	
44.931104	-1.12679166867059E-02	-3.29130680484375E-07	0	-0.00489043258	10259.6875	
44.9352	-1.12681842177438E-02	-3.16561462284375E-07	0	-0.00318145146	10259.6875	
44.939296	-1.12683572077381E-02	-3.06476376215625E-07	0	-0.00255202761	10259.6875	
44.943392	-1.12685330321352E-02	-2.98678547475E-07	0	-0.00106048382	10259.6875	
44.947488	-1.12685005736531E-02	-2.93941292596875E-07	0	-0.00359343798	10259.6875	
44.951584	-1.12682850676189E-02	-2.94418695965625E-07	0	-0.00310515766	10259.6875	
44.95568	-1.12680995513934E-02	-2.96390328609375E-07	0	-0.00364684364	10259.6875	
44.959776	-1.12681577023641E-02	-2.95955713659375E-07	0	-0.0047302156	10259.6875	
44.963872	-1.12683861003587E-02	-2.9103192050625E-07	0	-0.00521086654	10259.6875	
44.967968	-1.12686603059577E-02	-2.85041782265625E-07	0	-0.00496672638	10259.6875	
44.972064	-1.12689832449958E-02	-2.78336260125E-07	0	-0.00336455658	10259.6875	
44.97616	-1.12691036613925E-02	-2.73929293378125E-07	0	-0.00468825401	10259.6875	
44.980256	-1.12691542234786E-02	-2.73396601603125E-07	0	-0.0039291307	10259.6875	
