Time (s)	Encoder (rad)	Torque (Nm)	Marker	Normal force (N)	Gap (um)
0	0	-3.3962735268E-06	0	0.09629421967	9200	
0.00208	-2.5966785625E-08	-3.393956221425E-06	0	0.096511657	9200	
0.006176	1.8771060171875E-07	-3.41768336115937E-06	0	0.09802608893	9200	
0.010272	7.2341270375E-07	-3.46741720565625E-06	0	0.09831219068	9200	
0.014368	1.2908418290625E-06	-3.51242341065E-06	0	0.09730511252	9200	
0.018464	2.16356355015625E-06	-3.56434811834062E-06	0	0.09747295888	9200	
0.02256	3.084195819375E-06	-3.62127690756562E-06	0	0.09608822641	9200	
0.026656	3.844181460625E-06	-3.65237976107812E-06	0	0.09583264218	9200	
0.030752	4.36653444046875E-06	-3.65868432208125E-06	0	0.09695416104	9200	
0.034848	4.571251458125E-06	-3.63492016315312E-06	0	0.09644680727	9200	
0.038944	4.75969351859375E-06	-3.61335816548437E-06	0	0.09690075538	9200	
0.04304	5.06708905828125E-06	-3.60661634530312E-06	0	0.09794979513	9200	
0.047136	5.46335683609375E-06	-3.61786417059375E-06	0	0.09767132276	9199.9765625	
0.051232	5.56758970796875E-06	-3.607632930825E-06	0	0.09891109701	9199.9765625	
0.055328	5.43318416265625E-06	-3.5772858457875E-06	0	0.09988765765	9199.9765625	
0.059424	5.2835094159375E-06	-3.54720053933437E-06	0	0.09750729109	9199.9765625	
0.06352	5.2114607290625E-06	-3.53607506969062E-06	0	0.09820919405	9199.9765625	
0.067616	4.8852301265625E-06	-3.51181692087187E-06	0	0.0973508888	9199.9765625	
0.071712	0.00000397328393	-3.44726602388437E-06	0	0.09609967048	9199.9765625	
0.075808	2.7431531771875E-06	-3.366971633025E-06	0	0.09672527964	9199.9765625	
0.079904	1.59229426640625E-06	-3.30116857382812E-06	0	0.09599285916	9199.9765625	
0.084	0.000000670016215	-3.26158159418437E-06	0	0.09907894337	9199.9765625	
0.088096	1.37148515625E-08	-3.25676236823437E-06	0	0.09806805052	9199.9765625	
0.092192	-3.6892950703125E-07	-3.27110394043125E-06	0	0.09665661522	9199.9765625	
0.096288	-3.2577344078125E-07	-3.31691134654687E-06	0	0.09671383557	9199.9765625	
0.100384	-7.104293109375E-08	-3.37457186580937E-06	0	0.09676342654	9199.9765625	
0.10448	9.49067728125E-08	-3.4123590876375E-06	0	0.09587841846	9199.9765625	
0.108576	-2.569248859375E-08	-3.41381653810312E-06	0	0.09669857681	9199.9765625	
0.112672	-2.8389742734375E-07	-3.39741270835312E-06	0	0.09719448651	9199.9765625	
0.116768	-2.9669795546875E-07	-3.39838578430312E-06	0	0.09738522101	9199.9765625	
0.120864	-1.2297650234375E-07	-3.42185739544687E-06	0	0.09780483691	9199.9765625	
0.12496	-9.097518203125E-08	-3.43009416605625E-06	0	0.09859447774	9199.9765625	
0.129056	-1.3531986875E-08	-3.43217493320625E-06	0	0.09706478705	9199.9765625	
0.133152	3.688380746875E-07	-3.4595196174E-06	0	0.09871654782	9199.9765625	
0.137248	9.3846157625E-07	-3.5018551519875E-06	0	0.09825115564	9199.9765625	
0.141344	1.60765490015625E-06	-3.5449031858625E-06	0	0.09716778368	9199.9765625	
0.14544	2.05841635484375E-06	-3.56686951005E-06	0	0.09539395283	9199.9765625	
0.149536	2.26176188734375E-06	-3.55829860515937E-06	0	0.09561139016	9199.9765625	
0.153632	2.331524765625E-06	-3.53914045124062E-06	0	0.09634381064	9199.9765625	
0.157728	2.3070208975E-06	-3.51531499429687E-06	0	0.09797268327	9199.9765625	
0.161824	2.4180197628125E-06	-3.50814769377187E-06	0	0.09711819271	9199.9765625	
0.16592	2.62785699171875E-06	-3.51518230212187E-06	0	0.09996776614	9199.9765625	
0.170016	3.05082301390625E-06	-3.537009924525E-06	0	0.09822445281	9199.9765625	
0.174112	3.75558351953125E-06	-3.58119473610937E-06	0	0.09762554648	9199.9765625	
0.178208	4.487865160625E-06	-3.62499613461562E-06	0	0.09677487061	9199.9765625	
0.182304	4.8709666809375E-06	-3.63386391420937E-06	0	0.09655743328	9199.9765625	
0.1864	4.9433810971875E-06	-3.6097781209875E-06	0	0.09614544676	9199.9765625	
0.190496	4.66935836296875E-06	-3.56813152801875E-06	0	0.09503918666	9199.9765625	
0.194592	4.34221343703125E-06	-3.5308041615E-06	0	0.09663754177	9199.9765625	
0.198688	4.0638019503125E-06	-3.51019336480312E-06	0	0.09725933624	9199.9765625	
0.202784	3.8255292625E-06	-3.49915587584062E-06	0	0.09740047977	9199.9765625	
0.20688	3.4709546334375E-06	-3.48012993332812E-06	0	0.09743481198	9199.9765625	
0.210976	3.2533456553125E-06	-3.47444916977812E-06	0	0.09689694069	9199.9765625	
0.215072	3.20790378046875E-06	-3.4816551721875E-06	0	0.09669094743	9199.9765625	
0.219168	3.14938708046875E-06	-3.49539241806562E-06	0	0.09714108085	9199.9765625	
0.223264	2.80724725015625E-06	-3.47983426054687E-06	0	0.09740810915	9199.9765625	
0.22736	2.1195845928125E-06	-3.438279254025E-06	0	0.09551220822	9199.9765625	
0.231456	1.30483097765625E-06	-3.38542906649062E-06	0	0.0975034764	9199.9765625	
0.235552	5.491426565625E-07	-3.34609400967187E-06	0	0.09642773382	9199.9765625	
0.239648	-5.604802671875E-08	-3.32889114225937E-06	0	0.09708004581	9199.9765625	
0.243744	-5.8763567328125E-07	-3.32221278355312E-06	0	0.09848766642	9199.9765625	
0.24784	-9.7421162265625E-07	-3.32334811895625E-06	0	0.09674435309	9199.95703125	
0.251936	-1.07167850109375E-06	-3.33950819895E-06	0	0.09669094743	9199.95703125	
0.256032	-8.9503121296875E-07	-3.37423460653125E-06	0	0.09665661522	9199.95703125	
0.260128	-8.223424996875E-07	-3.39946462937812E-06	0	0.09691601414	9199.95703125	
0.264224	-9.582109625E-07	-3.39550285449375E-06	0	0.09621029649	9199.95703125	
0.26832	-1.08374757046875E-06	-3.38496656695312E-06	0	0.09614544676	9199.95703125	
0.272416	-9.2684966859375E-07	-3.40177400206875E-06	0	0.09625225808	9199.95703125	
0.276512	-6.486210465625E-07	-3.4311013765875E-06	0	0.09774380187	9199.95703125	
0.280608	-3.9379910453125E-07	-3.44986890589687E-06	0	0.09828930254	9199.95703125	
0.284704	-2.79782971875E-08	-3.4710705673875E-06	0	0.098419002	9199.95703125	
0.2888	6.7175342953125E-07	-3.51287485250625E-06	0	0.098037533	9199.95703125	
0.292896	1.8160292115625E-06	-3.58493463621562E-06	0	0.09802990362	9199.95703125	
0.296992	3.0664579446875E-06	-3.66229128962812E-06	0	0.09714108085	9199.95703125	
0.301088	4.1047636403125E-06	-3.70831239745312E-06	0	0.0971220074	9199.95703125	
0.305184	4.5831376628125E-06	-3.69980543480625E-06	0	0.09621029649	9199.95703125	
0.30928	4.8087926871875E-06	-3.66988551280312E-06	0	0.0955198376	9199.95703125	
0.313376	4.96002178375E-06	-3.6473511603375E-06	0	0.09620266711	9199.95703125	
0.317472	5.02887033859375E-06	-3.62710959404062E-06	0	0.09829693192	9199.95703125	
0.321568	4.89647630484375E-06	-3.59781106564687E-06	0	0.09777813408	9199.95703125	
0.325664	4.652443379375E-06	-3.56074499694375E-06	0	0.0987241772	9199.95703125	
0.32976	4.63296829015625E-06	-3.55034572849687E-06	0	0.09804897707	9199.95703125	
0.333856	4.7133373203125E-06	-3.55872745088437E-06	0	0.09643917789	9199.95703125	
0.337952	4.5802118278125E-06	-3.55404860940937E-06	0	0.09786205726	9199.95703125	
0.342048	3.92071033234375E-06	-3.50403543826875E-06	0	0.09793072168	9199.95703125	
0.346144	3.07422969390625E-06	-3.43896603218437E-06	0	0.09608059703	9199.95703125	
0.35024	2.280322653125E-06	-3.38906223593438E-06	0	0.09585934501	9199.95703125	
0.354336	1.73438012859375E-06	-3.37384398192187E-06	0	0.09706478705	9199.95703125	
0.358432	9.5848525953125E-07	-3.34887020881875E-06	0	0.09772472842	9199.95703125	
0.362528	1.1931920859375E-07	-3.31539716536875E-06	0	0.09874706534	9199.95703125	
0.366624	-3.757869328125E-07	-3.30843082618125E-06	0	0.09686642317	9199.95703125	
0.37072	-3.443342065625E-07	-3.3504976110375E-06	0	0.09761410241	9199.95703125	
0.374816	-1.903621396875E-07	-3.401110060425E-06	0	0.0976179171	9199.95703125	
0.378912	-2.6103934140625E-07	-3.4206744639375E-06	0	0.09769039621	9199.95703125	
0.383008	-4.0495385046875E-07	-3.41837566815937E-06	0	0.09716396899	9199.95703125	
0.387104	-4.0010793625E-07	-3.42765546657187E-06	0	0.09607678234	9199.95703125	
0.3912	-1.9676240375E-07	-3.45210952865625E-06	0	0.09691219945	9199.95703125	
0.395296	1.9383656875E-08	-3.47708258060625E-06	0	0.09875088003	9199.95703125	
0.399392	1.1237035046875E-07	-3.48305348809687E-06	0	0.09740810915	9199.95703125	
0.403488	3.465285828125E-07	-3.49294386282187E-06	0	0.0973890357	9199.95703125	
0.407584	9.3965019671875E-07	-3.53255367898125E-06	0	0.0979230923	9199.95703125	
0.41168	1.720756709375E-06	-3.58741227796875E-06	0	0.09944515361	9199.95703125	
0.415776	2.180112804375E-06	-3.607813699875E-06	0	0.09714489554	9199.95703125	
0.419872	2.4198484096875E-06	-3.60132572559375E-06	0	0.09732418597	9199.95703125	
0.423968	2.53295021890625E-06	-3.582909878625E-06	0	0.0962827756	9199.95703125	
0.428064	2.5712603709375E-06	-3.56480725249687E-06	0	0.09622936994	9199.95703125	
0.43216	2.425151485625E-06	-3.53893564375312E-06	0	0.09605770889	9199.95703125	
0.436256	2.04122707421875E-06	-3.49803328080938E-06	0	0.09791546292	9199.95703125	
0.440352	1.53889777765625E-06	-3.45400880560312E-06	0	0.09796505389	9199.95703125	
0.444448	1.19200346546875E-06	-3.4281648410625E-06	0	0.09846859297	9199.95703125	
0.448544	1.300167928125E-06	-3.44771145613125E-06	0	0.09932689822	9199.9765625	
0.45264	1.68262942203125E-06	-3.49390371763125E-06	0	0.09716778368	9199.9765625	
0.456736	1.94046863140625E-06	-3.5225089774875E-06	0	0.09698467856	9199.9765625	
0.460832	2.00264262515625E-06	-3.5268580116E-06	0	0.09694271697	9199.9765625	
0.464928	1.8156634821875E-06	-3.50614240731562E-06	0	0.09623318463	9199.9765625	
0.469024	1.66854884109375E-06	-3.4877436276375E-06	0	0.09563809299	9199.9765625	
0.47312	1.4663919290625E-06	-3.47249532557812E-06	0	0.09758739958	9199.9765625	
0.477216	1.20590118171875E-06	-3.4575128886375E-06	0	0.098419002	9199.9765625	
0.481312	9.0362585328125E-07	-3.43839487890937E-06	0	0.09873943596	9199.9765625	
0.485408	9.8372058640625E-07	-3.4484811669E-06	0	0.09736233287	9199.9765625	
0.489504	1.5859854346875E-06	-3.505533032925E-06	0	0.09709148988	9199.9765625	
0.4936	2.1460999725E-06	-3.557571442425E-06	0	0.0987241772	9199.9765625	
0.497696	2.31918139921875E-06	-3.56914210393125E-06	0	0.09837322572	9199.9765625	
0.501792	2.2073596428125E-06	-3.54048900758437E-06	0	0.0960157473	9199.9765625	
0.505888	2.2929403165625E-06	-3.532386852225E-06	0	0.097656064	9199.9765625	
0.509984	2.3547485809375E-06	-3.53282074602187E-06	0	0.09699612263	9199.9765625	
0.51408	2.226926164375E-06	-3.517575328575E-06	0	0.09811764149	9199.9765625	
0.518176	1.84117310609375E-06	-3.48084531722812E-06	0	0.09824734095	9199.9765625	
0.522272	0.0000015799509	-3.4578782728875E-06	0	0.09711437802	9199.9765625	
0.526368	1.714905039375E-06	-3.47133835558125E-06	0	0.09881954445	9199.9765625	
0.530464	2.0965436421875E-06	-3.51490033125E-06	0	0.09790401885	9199.9765625	
0.53456	2.14683143125E-06	-3.52674983863125E-06	0	0.09721355996	9199.9765625	
0.538656	1.82617820171875E-06	-3.49586597528437E-06	0	0.09767513745	9199.9765625	
0.542752	1.5512411440625E-06	-3.46931335760625E-06	0	0.09584027156	9199.9765625	
0.546848	1.3120541328125E-06	-3.45376529623125E-06	0	0.09694653166	9199.9765625	
0.550944	9.338899590625E-07	-3.43432228682812E-06	0	0.09806805052	9199.9765625	
0.55504	4.31194933125E-07	-3.404863902825E-06	0	0.09746914419	9199.9765625	
0.559136	-7.04029046875E-09	-3.3827206557375E-06	0	0.09816341777	9199.9765625	
0.563232	-1.2242790828125E-07	-3.39046824414375E-06	0	0.09882717383	9199.9765625	
0.567328	1.292853340625E-07	-3.43004825264062E-06	0	0.10007457746	9199.9765625	
0.571424	6.3463189796875E-07	-3.48665877295312E-06	0	0.09831219068	9199.9765625	
0.57552	9.5994817703125E-07	-3.51726739619062E-06	0	0.09866314216	9199.9765625	
0.579616	1.08137032953125E-06	-3.52064335435312E-06	0	0.09713726616	9199.9765625	
0.583712	1.26112631734375E-06	-3.52327027480312E-06	0	0.09800320079	9199.9765625	
0.587808	1.4576144240625E-06	-3.53104190164687E-06	0	0.09764461993	9199.9765625	
0.591904	1.5318574871875E-06	-3.52951594163437E-06	0	0.09772854311	9199.9765625	
0.596	1.435487796875E-06	-3.51152317116562E-06	0	0.09831219068	9199.9765625	
0.600096	1.38090268765625E-06	-3.49677583014375E-06	0	0.09877758286	9199.9765625	
0.604192	1.62740428640625E-06	-3.50746404060937E-06	0	0.0978849454	9199.9765625	
0.608288	2.13540238828125E-06	-3.54600198284062E-06	0	0.09841137262	9199.9765625	
0.612384	2.574369070625E-06	-3.57825844096875E-06	0	0.09831982006	9199.9765625	
0.61648	2.5972271565625E-06	-3.56950676702812E-06	0	0.09798031265	9199.9765625	
0.620576	2.52764714296875E-06	-3.5432762644125E-06	0	0.09731655659	9199.9765625	
0.624672	2.53889332125E-06	-3.53357747603437E-06	0	0.09552746698	9199.9765625	
0.628768	2.28727151125E-06	-3.51133350789375E-06	0	0.09757214082	9199.9765625	
0.632864	1.6273128540625E-06	-3.45611817849375E-06	0	0.0981901206	9199.9765625	
0.63696	9.3361566203125E-07	-3.40185284814375E-06	0	0.09831219068	9199.9765625	
0.641056	6.6846186515625E-07	-3.39061559976562E-06	0	0.09853725739	9199.9765625	
0.645152	9.11763331875E-07	-3.43330930707187E-06	0	0.09942608016	9199.9765625	
0.649248	1.25564037671875E-06	-3.48109387467187E-06	0	0.10084133015	9199.95703125	
0.653344	1.4539571303125E-06	-3.50768423269687E-06	0	0.09712963678	9199.95703125	
0.65744	1.54621236515625E-06	-3.51107677738125E-06	0	0.09685116441	9199.95703125	
0.661536	1.703933158125E-06	-3.51911907703125E-06	0	0.09679012937	9199.95703125	
0.665632	1.5878140815625E-06	-3.50722365623437E-06	0	0.09658413611	9199.95703125	
0.669728	1.2034325084375E-06	-3.47498162116875E-06	0	0.09813290025	9199.95703125	
0.673824	6.8363963421875E-07	-3.43140065513437E-06	0	0.09749966171	9199.95703125	
0.67792	5.076323725E-07	-3.41861533138125E-06	0	0.09820537936	9199.95703125	
0.682016	7.4380211640625E-07	-3.45115424115E-06	0	0.0982282675	9199.95703125	
0.686112	1.17133975578125E-06	-3.49625203259062E-06	0	0.09987621358	9199.95703125	
0.690208	1.522531388125E-06	-3.52748180905312E-06	0	0.09806805052	9199.95703125	
0.694304	1.89438673015625E-06	-3.54948346974375E-06	0	0.0977323578	9199.95703125	
0.6984	2.24109817765625E-06	-3.56866494094688E-06	0	0.09674816778	9199.95703125	
0.702496	2.34642823765625E-06	-3.56508898298437E-06	0	0.0975034764	9199.95703125	
0.706592	2.27419668609375E-06	-3.54162217952812E-06	0	0.0975034764	9199.95703125	
0.710688	2.0819144671875E-06	-3.51568037854687E-06	0	0.09770184028	9199.95703125	
0.714784	1.82636106640625E-06	-3.48639290783437E-06	0	0.0982282675	9199.95703125	
0.71888	1.6375532765625E-06	-3.471506143875E-06	0	0.09916286655	9199.95703125	
0.722976	1.6196325371875E-06	-3.47273066188125E-06	0	0.09698086387	9199.95703125	
0.727072	1.63526746796875E-06	-3.48284988253125E-06	0	0.09671002088	9199.95703125	
0.731168	1.62831860984375E-06	-3.48871694397187E-06	0	0.09817104715	9199.95703125	
0.735264	1.36371340703125E-06	-3.4727811426E-06	0	0.098419002	9199.95703125	
0.73936	1.039768613125E-06	-3.44549006412187E-06	0	0.09653073045	9199.95703125	
0.743456	8.5370379359375E-07	-3.43805209079062E-06	0	0.09694271697	9199.95703125	
0.747552	5.827897590625E-07	-3.43090546332187E-06	0	0.09807949459	9199.95703125	
0.751648	1.2169644953125E-07	-3.40695765073125E-06	0	0.09727840969	9199.95703125	
0.755744	-4.0111369203125E-07	-3.37615263345937E-06	0	0.09781246629	9199.95703125	
0.75984	-4.123598703125E-07	-3.38772353535E-06	0	0.09750729109	9199.95703125	
0.763936	1.888992221875E-07	-3.45385544037187E-06	0	0.09860210712	9199.95703125	
0.768032	9.3014123296875E-07	-3.52666930986562E-06	0	0.099944878	9199.95703125	
0.772128	1.535697645625E-06	-3.57234859110937E-06	0	0.09800701548	9199.95703125	
0.776224	2.20269659328125E-06	-3.60411009780937E-06	0	0.09591275067	9199.95703125	
0.78032	2.9984322809375E-06	-3.64652063232187E-06	0	0.09450894475	9199.95703125	
0.784416	3.436758936875E-06	-3.65738840991562E-06	0	0.09675961185	9199.95703125	
0.788512	3.237070698125E-06	-3.6106011970875E-06	0	0.09651928638	9199.95703125	
0.792608	2.73346134875E-06	-3.53686713620625E-06	0	0.09761028772	9199.95703125	
0.796704	2.5281043046875E-06	-3.50096524903125E-06	0	0.0971983012	9199.95703125	
0.8008	2.74415893296875E-06	-3.515733022725E-06	0	0.09964733218	9199.95703125	
0.804896	2.9223605709375E-06	-3.53661304992187E-06	0	0.09959392652	9199.95703125	
0.808992	2.9907519640625E-06	-3.53943107595E-06	0	0.09840374324	9199.95703125	
0.813088	3.0090384328125E-06	-3.5371089628875E-06	0	0.09556179919	9199.95703125	
0.817184	2.96743671640625E-06	-3.53057026750312E-06	0	0.09621792587	9199.95703125	
0.82128	2.63718309078125E-06	-3.50433519758438E-06	0	0.09689694069	9199.95703125	
0.825376	1.9078272846875E-06	-3.44809198459687E-06	0	0.09577542183	9199.95703125	
0.829472	1.07112990703125E-06	-3.38862497675625E-06	0	0.0965498039	9199.95703125	
0.833568	3.066640809375E-07	-3.34399978099687E-06	0	0.09760647303	9199.95703125	
0.837664	-4.562473953125E-08	-3.343717810125E-06	0	0.09839992855	9199.95703125	
0.84176	-8.402632390625E-08	-3.37402595289375E-06	0	0.09721355996	9199.95703125	
0.845856	-3.264134671875E-08	-3.40860067793437E-06	0	0.0967023915	9199.95703125	
0.849952	-4.77276834375E-08	-3.4267917655125E-06	0	0.09736614756	9199.95703125	
0.854048	3.876731375E-08	-3.44354487375937E-06	0	0.09765987869	9199.95703125	
0.858144	1.13741835625E-07	-3.45870399321562E-06	0	0.09724789217	9199.95703125	
0.86224	9.582109625E-08	-3.46160879800312E-06	0	0.09624081401	9199.95703125	
0.866336	-8.97865615625E-08	-3.45010808835E-06	0	0.09754925268	9199.95703125	
0.870432	-3.622549459375E-07	-3.42959008002187E-06	0	0.09695416104	9199.95703125	
0.874528	-4.023023125E-07	-3.4265571503625E-06	0	0.09711437802	9199.95703125	
0.878624	1.289196046875E-08	-3.46406624746875E-06	0	0.0975034764	9199.95703125	
0.88272	6.5401555484375E-07	-3.51952556700937E-06	0	0.09610348517	9199.95703125	
0.886816	1.32293458171875E-06	-3.56942888249062E-06	0	0.09714871023	9199.95703125	
0.890912	1.9032556675E-06	-3.59780193104062E-06	0	0.09787350133	9199.95703125	
0.895008	2.491714231875E-06	-3.62042210072812E-06	0	0.09521847709	9199.95703125	
0.899104	3.08684735734375E-06	-3.64006054262812E-06	0	0.09683209096	9199.95703125	
0.9032	3.31396529921875E-06	-3.63386319305625E-06	0	0.0973127419	9199.95703125	
0.907296	3.199766301875E-06	-3.5932223683125E-06	0	0.09848766642	9199.95703125	
0.911392	3.00894700046875E-06	-3.54936423909375E-06	0	0.09617977897	9199.95703125	
0.915488	3.00730121828125E-06	-3.53606881969687E-06	0	0.09725933624	9199.95703125	
0.919584	0.00000318330848	-3.5447118399E-06	0	0.09747295888	9199.95703125	
0.92368	0.000003174530975	-3.54550486795312E-06	0	0.09753017923	9199.95703125	
0.927776	3.022753284375E-06	-3.52446786975937E-06	0	0.09624081401	9199.95703125	
0.931872	3.0192788553125E-06	-3.519402249825E-06	0	0.09547024663	9199.95703125	
0.935968	3.06261778625E-06	-3.52604599318125E-06	0	0.09638577223	9199.95703125	
0.940064	2.72276376453125E-06	-3.5035416887625E-06	0	0.09569912803	9199.95703125	
0.94416	2.05128463203125E-06	-3.45098140478437E-06	0	0.09438305998	9199.95703125	
0.948256	1.41390976375E-06	-3.4075802462625E-06	0	0.09686642317	9199.95703125	
0.952352	8.947569159375E-07	-3.38251055979375E-06	0	0.09707623112	9199.95703125	
0.956448	6.7906801703125E-07	-3.3881494964625E-06	0	0.09894161453	9199.95703125	
0.960544	6.8107952859375E-07	-3.412844664075E-06	0	0.09796886858	9199.95703125	
0.96464	9.11031873125E-07	-3.449933088525E-06	0	0.09818630591	9199.95703125	
0.968736	1.2403711753125E-06	-3.49153905653437E-06	0	0.09780483691	9199.95703125	
0.972832	1.4497512425E-06	-3.51237004531875E-06	0	0.09671383557	9199.95703125	
0.976928	1.53688626609375E-06	-3.51910056743437E-06	0	0.09651547169	9199.95703125	
0.981024	1.42040146015625E-06	-3.50219505549375E-06	0	0.09596234164	9199.95703125	
0.98512	1.19346638296875E-06	-3.48227296003125E-06	0	0.09701138139	9199.95703125	
0.989216	7.7104895484375E-07	-3.4467503994E-06	0	0.09684734972	9199.95703125	
0.993312	3.8044998234375E-07	-3.41841148543125E-06	0	0.09741955322	9199.95703125	
0.997408	2.419299815625E-07	-3.41453817199687E-06	0	0.09661846832	9199.95703125	
1.001504	4.1592573171875E-07	-3.44248189405312E-06	0	0.09753780861	9199.95703125	
1.0056	6.2292855796875E-07	-3.47251455632812E-06	0	0.09801083017	9199.95703125	
1.009696	7.31093020625E-07	-3.48775636800938E-06	0	0.09759121427	9199.95703125	
1.013792	8.8735089609375E-07	-3.49589145602812E-06	0	0.097274595	9199.95703125	
1.017888	1.06911839546875E-06	-3.50754216553125E-06	0	0.09547024663	9199.95703125	
1.021984	1.163385141875E-06	-3.51197725725E-06	0	0.0983427082	9199.95703125	
1.02608	9.289526125E-07	-3.48848545381875E-06	0	0.09770184028	9199.95703125	
1.030176	7.1545808984375E-07	-3.46269725845312E-06	0	0.09727840969	9199.95703125	
1.034272	8.388003215625E-07	-3.47002393381875E-06	0	0.09686260848	9199.95703125	
1.038368	1.16914537953125E-06	-3.50297870855625E-06	0	0.09726315093	9199.95703125	
1.042464	1.4053151234375E-06	-3.52105296932812E-06	0	0.09782009567	9199.95703125	
1.04656	1.66342862984375E-06	-3.53477963829375E-06	0	0.09599667385	9199.95703125	
1.050656	2.0173632325E-06	-3.55156207343437E-06	0	0.0952146624	9199.9765625	
1.054752	2.35776584828125E-06	-3.56809522997812E-06	0	0.09711819271	9199.9765625	
1.058848	2.4293573734375E-06	-3.56310364843125E-06	0	0.09744625605	9199.9765625	
1.062944	2.2446640390625E-06	-3.5325243520875E-06	0	0.09659939487	9199.9765625	
1.06704	2.16063771515625E-06	-3.51309672728437E-06	0	0.09722118934	9199.9765625	
1.071136	2.3099467325E-06	-3.51718254050625E-06	0	0.09773617249	9199.9765625	
1.075232	2.56330575703125E-06	-3.537706077675E-06	0	0.09908275806	9199.9765625	
1.079328	2.74671903859375E-06	-3.54824116329375E-06	0	0.0996397028	9199.9765625	
1.083424	2.92940086140625E-06	-3.5531704852875E-06	0	0.09770184028	9199.9765625	
1.08752	3.41371798625E-06	-3.5813243032875E-06	0	0.09700375201	9199.9765625	
1.091616	3.81080865515625E-06	-3.60738509453437E-06	0	0.09885006197	9199.9765625	
1.095712	3.65683658828125E-06	-3.5845656462E-06	0	0.09719067182	9199.9765625	
1.099808	3.16109042046875E-06	-3.52659022340625E-06	0	0.09642391913	9199.9765625	
1.103904	2.71618063578125E-06	-3.48044700031875E-06	0	0.09614163207	9199.9765625	
1.108	2.26834501609375E-06	-3.45087178950937E-06	0	0.09705334298	9199.9765625	
1.112096	1.69268697984375E-06	-3.41975475331875E-06	0	0.09751110578	9199.9765625	
1.116192	1.03236259328125E-06	-3.38491127854687E-06	0	0.09761410241	9199.9765625	
1.120288	5.05803725625E-07	-3.3642283665375E-06	0	0.09703045484	9199.9765625	
1.124384	3.5978627265625E-07	-3.37708147868437E-06	0	0.09856777491	9199.9765625	
1.12848	4.5816747453125E-07	-3.41352206724375E-06	0	0.09840755793	9199.9765625	
1.132576	5.3460491390625E-07	-3.44295665319375E-06	0	0.09675198247	9199.9765625	
1.136672	4.032166359375E-07	-3.44583165031875E-06	0	0.09683209096	9199.9765625	
1.140768	1.7619012640625E-07	-3.434756180625E-06	0	0.09611874393	9199.9765625	
1.144864	-6.948858125E-08	-3.4217648474625E-06	0	0.0967786853	9199.9765625	
1.14896	-1.0194706328125E-07	-3.42881411925937E-06	0	0.0975416233	9199.9765625	
1.153056	-1.973109978125E-07	-3.43203478911562E-06	0	0.09765987869	9199.9765625	
1.157152	-1.43731644375E-07	-3.44134030865625E-06	0	0.09832363475	9199.9765625	
1.161248	1.1895347921875E-07	-3.46637297593125E-06	0	0.09824734095	9199.9765625	
1.165344	7.20852598125E-07	-3.51433879335E-06	0	0.096511657	9199.9765625	
1.16944	1.38309706390625E-06	-3.56558705940937E-06	0	0.0968549791	9199.9765625	
1.173536	1.736848801875E-06	-3.5834656473E-06	0	0.09775906063	9199.9765625	
1.177632	1.67184040546875E-06	-3.557532980925E-06	0	0.09645062196	9199.9765625	
1.181728	1.55718424640625E-06	-3.52420873540312E-06	0	0.09795360982	9199.9765625	
1.185824	1.58827124328125E-06	-3.51324792905625E-06	0	0.09708004581	9199.9765625	
1.18992	1.79143391109375E-06	-3.5205782101875E-06	0	0.09779339284	9199.9765625	
1.194016	1.9575664796875E-06	-3.53043060418125E-06	0	0.09911327558	9199.9765625	
1.198112	2.1250705334375E-06	-3.53548829143125E-06	0	0.09794598044	9199.9765625	
1.202208	2.56440294515625E-06	-3.56020966094062E-06	0	0.09760265834	9199.9765625	
1.206304	3.1555130475E-06	-3.5976358254375E-06	0	0.09642773382	9199.9765625	
1.2104	3.5806734459375E-06	-3.61919614041562E-06	0	0.09786587195	9199.9765625	
1.214496	3.66232252890625E-06	-3.60699999876562E-06	0	0.0963590694	9199.9765625	
1.218592	3.5371516503125E-06	-3.5716416206625E-06	0	0.09592038005	9199.9765625	
1.222688	3.4318215903125E-06	-3.54842698041562E-06	0	0.09564190768	9199.9765625	
1.226784	3.37412778140625E-06	-3.53665583834062E-06	0	0.09768276683	9199.9765625	
1.23088	3.03253654515625E-06	-3.51013543216875E-06	0	0.09854488677	9199.9765625	
1.234976	2.586803869375E-06	-3.47213643170625E-06	0	0.09740429446	9199.9765625	
1.239072	2.53331594828125E-06	-3.46994148197812E-06	0	0.09774761656	9199.9765625	
1.243168	2.786492108125E-06	-3.50313159301875E-06	0	0.09855251615	9199.9765625	
1.247264	3.02449049890625E-06	-3.53295271704375E-06	0	0.09843426076	9199.9765625	
1.25136	2.9589335084375E-06	-3.53148805504687E-06	0	0.09655361859	9199.9765625	
1.255456	2.555351143125E-06	-3.49628376332812E-06	0	0.09630566374	9199.9765625	
1.259552	2.15295739828125E-06	-3.46385735344687E-06	0	0.09564190768	9199.9765625	
1.263648	1.64212489375E-06	-3.4339417583625E-06	0	0.09701901077	9199.9765625	
1.267744	0.000001170334	-3.40635933402187E-06	0	0.09712582209	9199.9765625	
1.27184	7.7086609015625E-07	-3.3943994902125E-06	0	0.0963209225	9199.9765625	
1.275936	6.3755773296875E-07	-3.40147472352187E-06	0	0.09774380187	9199.9765625	
1.280032	7.30361561875E-07	-3.43228454848125E-06	0	0.09841518731	9199.9765625	
1.284128	1.002464216875E-06	-3.46933955950312E-06	0	0.097274595	9199.9765625	
1.288224	0.00000126396072	-3.50125659489375E-06	0	0.09604626482	9199.9765625	
1.29232	1.267252284375E-06	-3.50431236106875E-06	0	0.09621029649	9199.9765625	
1.296416	8.7272172109375E-07	-3.4714782592875E-06	0	0.09720211589	9199.9765625	
1.300512	4.169314875E-07	-3.429486955125E-06	0	0.09711819271	9199.9765625	
1.304608	1.272738225E-07	-3.41136726170625E-06	0	0.09693508759	9199.9765625	
1.308704	-1.5314917578125E-07	-3.40449803780625E-06	0	0.0975034764	9199.9765625	
1.3128	-4.8980306546875E-07	-3.39287881865625E-06	0	0.0989912055	9199.9765625	
1.316896	-5.2948470265625E-07	-3.4004014072875E-06	0	0.09824352626	9199.9765625	
1.320992	-1.3852000078125E-07	-3.4450609780125E-06	0	0.09619885242	9199.9765625	
1.325088	5.977846634375E-07	-3.51223278584062E-06	0	0.09722118934	9199.9765625	
1.329184	0.00000123470237	-3.56403850326562E-06	0	0.09746151481	9199.9765625	
1.33328	1.5000390315625E-06	-3.57311902303125E-06	0	0.09776287532	9199.9765625	
1.337376	1.6265813953125E-06	-3.55887600842812E-06	0	0.09553891105	9199.9765625	
1.341472	2.0621650809375E-06	-2.39342813541563E-06	0	0.09592800943	9199.9765625	
1.345568	3.38729403890625E-06	0	0	0.09734325942	9199.9765625	
1.349664	6.8857698078125E-06	0	0	0.09860592181	9199.9765625	
1.35376	1.2950111439375E-05	0	0	0.09819774998	9199.9765625	
1.357856	2.19870099985938E-05	0	0	0.09748821764	9199.9765625	
1.361952	3.38713860392187E-05	0	0	0.09863262464	9199.9765625	
1.366048	4.80538226076563E-05	0	0	0.09820156467	9199.9765625	
1.370144	6.41875168240625E-05	0	0	0.09783916912	9199.9765625	
1.37424	8.22435760678125E-05	0	0	0.0954816907	9199.9765625	
1.378336	1.02219440233281E-04	0	0	0.09612255862	9199.9765625	
1.382432	1.23975126402188E-04	0	0	0.09669094743	9199.9765625	
1.386528	1.46987733000625E-04	0	0	0.09798031265	9199.9765625	
1.390624	1.71337080464687E-04	0	0	0.09718685713	9199.9765625	
1.39472	1.97327181337344E-04	0	0	0.09736996225	9199.9765625	
1.398816	2.24689041663281E-04	0	0	0.09888057949	9199.9765625	
1.402912	2.52826431128906E-04	0	0	0.09739666508	9199.9765625	
1.407008	2.81194870127188E-04	0	0	0.09613400269	9199.9765625	
1.411104	3.09690491515625E-04	0	0	0.09680538813	9199.9765625	
1.4152	3.38090840401875E-04	0	0	0.09656124797	9199.9765625	
1.419296	3.66256482461719E-04	0	0	0.09672909433	9199.9765625	
1.423392	3.93990472426719E-04	0	0	0.09750729109	9199.9765625	
1.427488	4.21074286995313E-04	0	0	0.0969694198	9199.9765625	
1.431584	4.47500428715312E-04	0	0	0.0981901206	9199.9765625	
1.43568	4.7308191844375E-04	0	0	0.09781246629	9199.9765625	
1.439776	4.97870872616563E-04	0	0	0.09722500403	9199.9765625	
1.443872	5.21395226042969E-04	0	0	0.0971220074	9199.9765625	
1.447968	5.43072737557969E-04	0	0	0.09696560511	9199.9765625	
1.452064	5.62950951980313E-04	0	0	0.09630184905	9199.9765625	
1.45616	5.81022371857812E-04	0	0	0.09415799327	9199.9765625	
1.460256	5.97074599855937E-04	0	0	0.09656124797	9199.95703125	
1.464352	6.10900633148437E-04	0	0	0.09565716644	9199.95703125	
1.468448	6.22402730559844E-04	0	0	0.09787350133	9199.95703125	
1.472544	6.31873749887188E-04	0	0	0.09729748314	9199.95703125	
1.47664	6.39346423909531E-04	0	0	0.09794216575	9199.95703125	
1.480736	6.4472310288375E-04	0	0	0.0984571489	9199.95703125	
1.484832	6.47543150662031E-04	0	0	0.09851818394	9199.95703125	
1.488928	6.47832625462344E-04	0	0	0.09883098852	9199.95703125	
1.493024	6.45711212222656E-04	0	0	0.13426564393	9199.9765625	
1.49712	6.40891081924844E-04	0	0	0.15291566334	9199.9765625	
1.501216	6.3410378475125E-04	0	0	0.14037296262	9199.9765625	
1.505312	6.24854946019219E-04	0	0	0.1750179772	9199.9765625	
1.509408	6.15392795629219E-04	0	0	0.19704781195	9199.9765625	
1.513504	6.07680294569219E-04	4.03010414296875E-07	0	0.223159365	9199.9765625	
1.5176	6.01929657309063E-04	6.11733282496875E-07	0	0.17678036398	9199.9765625	
1.521696	5.99598589705156E-04	1.3449746165625E-07	0	0.21838718781	9189.05859375	
1.525792	5.9898498724625E-04	-3.38576824884375E-07	0	0.2524561842	9189.05859375	
1.529888	6.05445779520312E-04	-1.2214151247375E-06	0	0.22444110084	9142.85546875	
1.533984	6.13929969561562E-04	-2.20844923385625E-06	0	0.32236037845	9142.85546875	
1.53808	6.25011569624063E-04	-3.09036854424375E-06	0	0.34450083921	9142.85546875	
1.542176	6.39527277085469E-04	-4.10928026571562E-06	0	0.29922809829	9142.85546875	
1.546272	6.58037755077656E-04	-5.195869804125E-06	0	0.38719866438	9142.85546875	
1.550368	6.80029793855156E-04	-6.44310773957812E-06	0	0.41263883199	9095.1171875	
1.554464	7.05274538261562E-04	-7.70032162659375E-06	0	0.3880302668	9095.1171875	
1.55856	7.32189843020625E-04	-8.97109030774687E-06	0	0.49508954165	9095.1171875	
1.562656	7.55753055193125E-04	-9.74466789955313E-06	0	0.53088277792	9095.1171875	
1.566752	7.79770046087656E-04	-1.03875836027906E-05	0	0.51517769919	9095.1171875	
1.570848	8.02883136831875E-04	-1.09632044214E-05	0	0.54480639642	9048.95703125	
1.574944	8.22535056203438E-04	-1.1244590678475E-05	0	0.63213609459	9048.95703125	
1.57904	8.40267170653281E-04	-1.12974651448312E-05	0	0.60313300652	9048.95703125	
1.583136	8.57576684810312E-04	-1.1493051968475E-05	0	0.66563670217	9048.95703125	
1.587232	8.67536958609062E-04	-1.11566700933187E-05	0	0.74621821373	9048.95703125	
1.591328	8.7727870910625E-04	-1.08073569810937E-05	0	0.72831205887	9048.95703125	
1.595424	8.85805780916719E-04	-1.06296610049437E-05	0	0.73412946112	9002.17578125	
1.59952	8.909123687475E-04	-1.02982786440187E-05	0	0.8335479119	9002.17578125	
1.603616	8.94090008422187E-04	-9.86607547045312E-06	0	0.82421718016	9002.17578125	
1.607712	8.97989323586094E-04	-9.68573117964375E-06	0	0.84958105397	9002.17578125	
1.611808	8.97027912491562E-04	-9.27447365820937E-06	0	0.95141038883	9002.17578125	
1.615904	8.93921681477344E-04	-8.65095841634062E-06	0	0.96777540893	8954.17578125	
1.62	8.91614111985781E-04	-8.33026691010937E-06	0	0.95049486323	8954.17578125	
1.624096	8.86744059628281E-04	-7.90454618198437E-06	0	1.0488108686	8954.17578125	
1.628192	8.81627688536719E-04	-7.49869370322187E-06	0	1.07336984282	8954.17578125	
1.632288	8.80647168082344E-04	-7.54474365717187E-06	0	1.05602826208	8907.95703125	
1.636384	8.7772928769625E-04	-7.58965731418125E-06	0	1.16112297158	8907.95703125	
1.64048	8.72629374426562E-04	-7.26632855097187E-06	0	1.19401322876	8907.95703125	
1.644576	8.71234391157969E-04	-7.34910274704375E-06	0	1.16057747091	8907.95703125	
1.648672	8.69958818530313E-04	-7.48388891033437E-06	0	1.24105980053	8907.95703125	
1.652768	8.68780255619375E-04	-7.56020061286875E-06	0	1.27454896404	8860.99609375	
1.656864	8.70099532907344E-04	-7.79225590965937E-06	0	1.26183841696	8860.99609375	
1.66096	8.71859422659844E-04	-8.10556521173437E-06	0	1.33786518866	8860.99609375	
1.665056	8.71275078550937E-04	-8.09525368358437E-06	0	1.40702170367	8860.99609375	
1.669152	8.75321965517656E-04	-8.41238894337187E-06	0	1.40369910868	8860.99609375	
1.673248	8.80956300836562E-04	-8.9290420324875E-06	0	1.42272296771	8816.49609375	
1.677344	8.86656924604688E-04	-9.34363416597187E-06	0	1.52135559235	8816.49609375	
1.68144	8.94122192607187E-04	-9.76962172075312E-06	0	1.50450610662	8816.49609375	
1.685536	9.04845835043906E-04	-1.04929633051031E-05	0	1.54045574518	8816.49609375	
1.689632	9.11145889257656E-04	-1.07535591983531E-05	0	1.63605950596	8816.49609375	
1.693728	9.18909500997812E-04	-1.09397570890781E-05	0	1.63081049252	8816.49609375	
1.697824	9.27311310497344E-04	-1.13035163407031E-05	0	1.61472394479	8768.81640625	
1.70192	9.34413592095156E-04	-1.14871930801031E-05	0	1.71697671024	8768.81640625	
1.706016	9.41815406051094E-04	-1.16542712784094E-05	0	1.7191281954	8768.81640625	
1.710112	9.51997586148125E-04	-1.21033388581875E-05	0	1.71431787131	8768.81640625	
1.714208	9.59645718838125E-04	-1.23950219799656E-05	0	1.82575259559	8722.4375	
1.718304	9.6509910954875E-04	-1.23126737450062E-05	0	1.84622222213	8722.4375	
1.7224	9.72963571164063E-04	-1.25598823920281E-05	0	1.82285724588	8722.4375	
1.726496	9.78798691909844E-04	-1.26640772397562E-05	0	1.89670582959	8722.4375	
1.730592	9.83374423552813E-04	-1.26348659708906E-05	0	1.94506465472	8722.4375	
1.734688	9.8968928980625E-04	-1.27747941963469E-05	0	1.91844956259	8676.078125	
1.738784	9.94826964633906E-04	-1.29562716591E-05	0	2.00262832682	8676.078125	
1.74288	9.95869019055625E-04	-1.26346811153062E-05	0	2.06402576237	8676.078125	
1.746976	1.00032021984641E-03	-1.27020574902375E-05	0	2.03427499506	8676.078125	
1.751072	1.00445442470141E-03	-1.28803984176656E-05	0	2.0734747495	8630.85546875	
1.755168	1.00780624299094E-03	-1.29572721388687E-05	0	2.13794682519	8630.85546875	
1.759264	1.01183831791797E-03	-1.307273692725E-05	0	2.12563682056	8630.85546875	
1.76336	1.01668432356906E-03	-1.33454477122312E-05	0	2.14232227462	8630.85546875	
1.767456	1.01732572146047E-03	-1.32160492839375E-05	0	2.24384261959	8630.85546875	
1.771552	1.01906138164187E-03	-1.308759845085E-05	0	2.24779082374	8585.015625	
1.775648	1.02197359322266E-03	-1.32741590815969E-05	0	2.22515063859	8585.015625	
1.779744	1.02365174245984E-03	-1.33068568854375E-05	0	2.31932007593	8585.015625	
1.78384	1.02531151379594E-03	-1.33225169659312E-05	0	2.33761532917	8585.015625	
1.787936	1.03024529449703E-03	-1.36725079620937E-05	0	2.31108416022	8585.015625	
1.792032	1.03274624339563E-03	-1.3859868832425E-05	0	2.43002237973	8537.49609375	
1.796128	1.03400727828063E-03	-1.37406014036156E-05	0	2.44894705682	8537.49609375	
1.800224	1.03822678951234E-03	-1.40261321277E-05	0	2.41110151733	8537.49609375	
1.80432	1.04158135077219E-03	-1.42460090712844E-05	0	2.48293213003	8537.49609375	
1.808416	1.04445397214812E-03	-1.43576077577625E-05	0	2.51687905634	8537.49609375	
1.812512	1.04920260235313E-03	-1.46328913767094E-05	0	2.48860457406	8491.77734375	
1.816608	1.05359674936141E-03	-1.49557768711312E-05	0	2.56789290571	8491.77734375	
1.820704	1.05452789635016E-03	-1.48124883124969E-05	0	2.62169147878	8491.77734375	
1.8248	1.05851224359375E-03	-1.49739655548656E-05	0	2.61130026322	8491.77734375	
1.828896	1.06292165980344E-03	-1.52958818194875E-05	0	2.60754660826	8491.77734375	
1.832992	1.06686111376625E-03	-1.55163808778344E-05	0	2.70191822417	8446.05859375	
1.837088	1.07148594457781E-03	-1.57358294564625E-05	0	2.68316520813	8446.05859375	
1.841184	1.07821207351344E-03	-1.62343128522094E-05	0	2.69528066357	8446.05859375	
1.84528	1.0804479600475E-03	-1.62146342661188E-05	0	2.79817429694	8446.05859375	
1.849376	1.08388398752562E-03	-1.61896499161031E-05	0	2.79517213591	8446.05859375	
1.853472	1.08856349487875E-03	-1.64888154823219E-05	0	2.76346061794	8400.7578125	
1.857568	0.00109201524872	-1.66136014152281E-05	0	2.86154011253	8400.7578125	
1.861664	1.0955920820075E-03	-1.67340445640156E-05	0	2.85336523186	8400.7578125	
1.86576	1.10141632230438E-03	-1.71164355277781E-05	0	2.83350977041	8400.7578125	
1.869856	1.10561242685609E-03	-1.73894547259125E-05	0	2.93611730203	8400.7578125	
1.873952	1.10808667751031E-03	-1.73171540770594E-05	0	2.9555073713	8353.31640625	
1.878048	1.11369980052547E-03	-1.76822549138812E-05	0	2.92081658044	8353.31640625	
1.882144	1.11829573871641E-03	-1.797112433655E-05	0	2.96575362864	8353.31640625	
1.88624	1.12186507455172E-03	-1.80693545267813E-05	0	3.02097508108	8353.31640625	
1.890336	1.12678770050687E-03	-1.82817663336E-05	0	2.98574260424	8307.49609375	
1.894432	1.13185286948594E-03	-1.86462818344687E-05	0	3.03618425011	8307.5	
1.898528	1.13284865914172E-03	-1.84434500661469E-05	0	3.1164491424	8307.5	
1.902624	1.13715640258516E-03	-1.86297186298781E-05	0	3.09025748086	8307.5	
1.90672	1.14190411846672E-03	-1.90053874849781E-05	0	3.09060843234	8307.5	
1.910816	1.14634425594391E-03	-1.92821021121094E-05	0	3.1691681582	8261.09765625	
1.914912	1.15132558146375E-03	-1.95705864390094E-05	0	3.14961787195	8261.09765625	
1.919008	1.15784169030578E-03	-2.0069424161325E-05	0	3.15104075132	8261.09765625	
1.923104	1.16068176176734E-03	-2.0139539475825E-05	0	3.24733878568	8261.09765625	
1.9272	1.16338623906312E-03	-2.00438051965594E-05	0	3.24399711724	8261.09765625	
1.931296	1.16792128331313E-03	-2.03461625865094E-05	0	3.20259628667	8216.83984375	
1.935392	1.17114107329828E-03	-2.04794184628687E-05	0	3.27800889328	8216.83984375	
1.939488	1.17410732139422E-03	-2.0577781345275E-05	0	3.29565946391	8216.83984375	
1.943584	1.17957570700922E-03	-2.098959054885E-05	0	3.26341388934	8216.83984375	
1.94768	1.18312593348469E-03	-2.12785582887281E-05	0	3.35301332806	8169.27734375	
1.951776	1.18425237995969E-03	-2.10909397263469E-05	0	3.3844311149	8169.27734375	
1.955872	1.18845451904609E-03	-2.14049067200719E-05	0	3.34637195277	8169.27734375	
1.959968	1.19223689224234E-03	-2.17221333259219E-05	0	3.39359400028	8169.27734375	
1.964064	1.19511454239719E-03	-2.18744733178125E-05	0	3.4272319367	8169.27734375	
1.96816	1.19906624829406E-03	-2.21029492912594E-05	0	3.39832040119	8123.23828125	
1.972256	1.20310408345875E-03	-2.24574458117625E-05	0	3.43416704312	8123.23828125	
1.976352	1.20327405618578E-03	-2.22596832691406E-05	0	3.50416278993	8123.23828125	
1.980448	1.20573047753297E-03	-2.23408807840969E-05	0	3.49254705888	8123.23828125	
1.984544	1.20889431092375E-03	-2.2687310004975E-05	0	3.46577174977	8123.23828125	
1.98864	1.21151997353922E-03	-2.29082864666906E-05	0	3.54166119263	8077.05859375	
1.992736	1.21414572758703E-03	-2.30866555190906E-05	0	3.53357786452	8077.05859375	
1.996832	1.21945191222422E-03	-2.36506684166156E-05	0	3.5115747326	8077.05859375	
2.000928	1.22112292973859E-03	-2.37403714519125E-05	0	3.60849074674	8077.05859375	
2.005024	1.22213993169813E-03	-2.35765180099969E-05	0	3.61080244888	8077.05859375	
2.00912	1.22515546182734E-03	-2.38905104844656E-05	0	3.56484306376	8032.16015625	
2.013216	1.22712336016188E-03	-2.40569357988094E-05	0	3.64481803961	8032.16015625	
2.017312	1.22876082200609E-03	-2.41670897751938E-05	0	3.65173788727	8032.16015625	
2.021408	1.23215232193281E-03	-2.45254341283875E-05	0	3.61560514359	8032.16015625	
2.025504	1.23439625451313E-03	-2.48007530838375E-05	0	3.70801600884	7986.28125	
2.0296	1.23420406372656E-03	-2.45864722885031E-05	0	3.72985892378	7986.28125	
2.033696	1.23732858120953E-03	-2.49207325311656E-05	0	3.70130215444	7986.28125	
2.037792	1.24027681713375E-03	-2.53165717987875E-05	0	3.69762479328	7986.28125	
2.041888	1.24187185437047E-03	-2.54609432890313E-05	0	3.77130934532	7986.28125	
2.045984	1.2437154047175E-03	-2.55755400494344E-05	0	3.73358587591	7986.28125	
2.05008	1.24680444645109E-03	-2.60079785593031E-05	0	3.75175142969	7938.9609375	
2.054176	1.24516680174219E-03	-2.57282901370687E-05	0	3.84126313054	7938.9609375	
2.058272	1.24506503754359E-03	-2.561158592685E-05	0	3.81768071696	7938.9609375	
2.062368	1.24611330936469E-03	-2.58754443168375E-05	0	3.78052182167	7938.9609375	
2.066464	1.24666437210047E-03	-2.60304141137906E-05	0	3.87842965521	7938.9609375	
2.07056	1.24753864817141E-03	-2.62093629733031E-05	0	3.85068541484	7893.1796875	
2.074656	1.25029286466219E-03	-2.66851134590906E-05	0	3.82870135637	7893.1796875	
2.078752	1.25052309130375E-03	-2.68254190880156E-05	0	3.93433012247	7893.1796875	
2.082848	1.24927641129672E-03	-2.65879931235187E-05	0	3.93577970467	7893.1796875	
2.086944	1.25074289465812E-03	-2.69330093650406E-05	0	3.89236471778	7893.1796875	
2.09104	1.25122364592156E-03	-2.71057505384531E-05	0	3.93293013124	7847.90234375	
2.095136	1.25085855657297E-03	-2.71179236032031E-05	0	3.97519308175	7847.90234375	
2.099232	1.25253908305109E-03	-2.74159199398219E-05	0	3.92237106932	7847.90234375	
2.103328	1.25431168189938E-03	-2.78792795726156E-05	0	3.97975926568	7847.90234375	
2.107424	1.25239215127469E-03	-2.75968135089281E-05	0	4.04098504018	7847.90234375	
2.11152	1.25359924107688E-03	-2.78555045963906E-05	0	3.98916247653	7802.3203125	
2.115616	1.2547926160275E-03	-2.82032229986719E-05	0	3.99789811663	7802.3203125	
2.119712	1.25533334690844E-03	-2.83468384800562E-05	0	4.063789257	7802.3203125	
2.123808	1.25592976008672E-03	-2.84762962832906E-05	0	4.03189463391	7802.3203125	
2.127904	1.25708848217906E-03	-2.87754015130312E-05	0	4.03089899982	7755.19921875	
2.132	1.25447790590031E-03	-2.84975592427969E-05	0	4.12749839469	7755.19921875	
2.136096	1.25265803653031E-03	-2.82961830018656E-05	0	4.11327723037	7755.19921875	
2.140192	1.25291898443938E-03	-2.86759667566969E-05	0	4.06483448206	7755.19921875	
2.144288	1.25194093265828E-03	-2.87529166797469E-05	0	4.13696645527	7755.19921875	
2.148384	1.2503190143125E-03	-2.86996205791969E-05	0	4.14953204413	7709.5390625	
2.15248	1.25155965978484E-03	-2.91402047539969E-05	0	4.09836179247	7709.5390625	
2.156576	1.25079418820297E-03	-2.93512631967844E-05	0	4.19235956876	7709.5390625	
2.160672	1.24805972109844E-03	-2.90294490955219E-05	0	4.20864448037	7709.5390625	
2.164768	1.24792833282047E-03	-2.93277798068062E-05	0	4.14855548349	7709.5390625	
2.168864	1.24698749400328E-03	-2.94620515475344E-05	0	4.1947857116	7663.140625	
2.17296	1.24556050941437E-03	-2.94741229296937E-05	0	4.22322804024	7663.140625	
2.177056	1.24569262915109E-03	-2.97463053498187E-05	0	4.19106638885	7663.140625	
2.181152	1.24588545996406E-03	-3.01032744640031E-05	0	4.23658326993	7663.140625	
2.185248	0.001242686973715	-2.97851807917125E-05	0	4.28888266983	7619.08203125	
2.189344	1.24195917225875E-03	-2.99004078399469E-05	0	4.26712749276	7619.08203125	
2.19344	1.24210464111766E-03	-3.03331595706562E-05	0	4.23503450579	7619.08203125	
2.197536	1.24094692478109E-03	-3.04125486739594E-05	0	4.31197680309	7619.08203125	
2.201632	1.23933588688422E-03	-3.03285545271844E-05	0	4.28811591714	7619.08203125	
2.205728	1.23948702454844E-03	-3.06771166786219E-05	0	4.27080485392	7619.08203125	
2.209824	1.23556640564844E-03	-3.03379412966437E-05	0	4.36113671312	7571.140625	
2.21392	1.23196488562812E-03	-2.99947500532969E-05	0	4.35394220778	7571.140625	
2.218016	1.23026780989578E-03	-3.02604981048562E-05	0	4.30036107204	7571.140625	
2.222112	1.22767231995375E-03	-3.03145201662187E-05	0	4.37787557284	7571.140625	
2.226208	1.22479220112562E-03	-3.02322334696594E-05	0	4.36708762952	7571.140625	
2.230304	1.2240362385075E-03	-3.05685614987156E-05	0	4.33460554417	7525.44140625	
2.2344	1.22205435102437E-03	-3.07297594144406E-05	0	4.41119688999	7525.44140625	
2.238496	1.21762344821391E-03	-3.02953903776562E-05	0	4.43323053943	7525.44140625	
2.242592	1.2160721156375E-03	-3.05361959060812E-05	0	4.39358446626	7525.44140625	
2.246688	1.21391028930187E-03	-3.07061659284188E-05	0	4.40137787793	7525.44140625	
2.250784	1.21081740740984E-03	-3.06160222685625E-05	0	4.46431644824	7479.0234375	
2.25488	1.20894176431016E-03	-3.06861197946187E-05	0	4.42470852197	7479.0234375	
2.258976	1.20849091142312E-03	-3.11653286904094E-05	0	4.45028220373	7479.0234375	
2.263072	1.20392075715312E-03	-3.071881928115E-05	0	4.51909158195	7479.0234375	
2.267168	1.20188702753109E-03	-3.0763448082675E-05	0	4.48273758625	7434.26171875	
2.271264	1.20108964606125E-03	-3.120285725865E-05	0	4.45432577513	7434.26171875	
2.27536	1.19969447992797E-03	-3.1342547503575E-05	0	4.53041358187	7434.26171875	
2.279456	1.19834658431641E-03	-3.14359964485875E-05	0	4.50896358	7434.26171875	
2.283552	0.001198167468355	-3.17764821657938E-05	0	4.48354248584	7434.26171875	
2.287648	1.19548959787125E-03	-3.16493931101906E-05	0	4.57784543733	7387.9609375	
2.291744	1.19213494517906E-03	-3.12843999655687E-05	0	4.57440458695	7387.96484375	
2.29584	1.19185625939531E-03	-3.17644776104906E-05	0	4.52625175508	7387.96484375	
2.299936	1.19053314194891E-03	-3.19252704785437E-05	0	4.56610000682	7387.96484375	
2.304032	1.18847527418812E-03	-3.1859866217025E-05	0	4.60237007934	7387.96484375	
2.308128	1.18865375012312E-03	-3.22265324368969E-05	0	4.55252352511	7387.96484375	
2.312224	1.18821642922297E-03	-3.25684996430062E-05	0	4.61630514191	7341.125	
2.31632	1.18437499073266E-03	-3.20199869703656E-05	0	4.65621824338	7341.125	
2.320416	1.18314705435609E-03	-3.21806433000938E-05	0	4.61141089464	7341.125	
2.324512	1.18152659892781E-03	-3.23500109191875E-05	0	4.62303044038	7341.125	
2.328608	1.17893814927625E-03	-3.22134459115219E-05	0	4.66934459167	7295.08203125	
2.332704	1.17699594343031E-03	-3.223399468905E-05	0	4.63607668018	7295.08203125	
2.3368	1.17598177587344E-03	-3.25381958271562E-05	0	4.64104722125	7295.08203125	
2.340896	1.17173556639734E-03	-3.21323902233469E-05	0	4.72358948347	7295.08203125	
2.344992	1.16918451257438E-03	-3.20494302101531E-05	0	4.70598468912	7295.08203125	
2.349088	1.16846256278813E-03	-3.25525083128438E-05	0	4.65709943677	7250.22265625	
2.353184	1.16683625568984E-03	-3.26910995204062E-05	0	4.73148207708	7250.22265625	
2.35728	1.16440671545172E-03	-3.25559140786688E-05	0	4.73274473947	7250.22265625	
2.361376	1.16425896078422E-03	-3.29575386770438E-05	0	4.68692649788	7250.22265625	
2.365472	1.16098476855453E-03	-3.27612417579562E-05	0	4.78254551742	7204.0625	
2.369568	1.15633799398047E-03	-3.21331923860062E-05	0	4.78599781187	7204.0625	
2.373664	1.15475822594516E-03	-3.24808199229937E-05	0	4.72944121793	7204.0625	
2.37776	1.15240128298797E-03	-3.25515640830187E-05	0	4.78506321282	7204.0625	
2.381856	1.14949675172406E-03	-3.24648045543937E-05	0	4.80352631242	7204.0625	
2.385952	1.14824330572359E-03	-3.27091067139375E-05	0	4.76480339423	7204.0625	
2.390048	1.14724705890609E-03	-3.30817524951375E-05	0	4.81712186758	7156.8828125	
2.394144	1.14290356541625E-03	-3.25385946248344E-05	0	4.86014775609	7156.8828125	
2.39824	1.14120383814594E-03	-3.26933432681625E-05	0	4.83186182974	7156.88671875	
2.402336	1.13946095480937E-03	-3.29213192421094E-05	0	4.80371323223	7156.88671875	
2.406432	1.13678290146094E-03	-3.28071518082E-05	0	4.87975907738	7156.88671875	
2.410528	1.13443592462922E-03	-3.27393155779594E-05	0	4.85511236529	7111.203125	
2.414624	1.13451519647125E-03	-3.33367505574469E-05	0	4.84077676027	7111.203125	
2.41872	1.13051475713516E-03	-3.29068872853875E-05	0	4.93824971915	7111.203125	
2.422816	1.12770275540312E-03	-3.26762168429813E-05	0	4.92267052519	7111.203125	
2.426912	1.12729066982984E-03	-3.32395951257563E-05	0	4.86324528437	7111.203125	
2.431008	1.12608156851609E-03	-3.33848387305125E-05	0	4.95341692659	7065.00390625	
2.435104	1.12429022603734E-03	-3.33383709885187E-05	0	4.93088736745	7065.00390625	
2.4392	1.12389606120344E-03	-3.36505918301437E-05	0	4.89853498156	7065.00390625	
2.443296	1.12156545076125E-03	-3.35525902454531E-05	0	4.98351483069	7065.00390625	
2.447392	1.11730378921906E-03	-3.29192137153687E-05	0	4.99787332385	7065.00390625	
2.451488	1.11600947296094E-03	-3.32225030755406E-05	0	4.95511064895	7065.00390625	
2.455584	1.11419984401344E-03	-3.33459661732313E-05	0	4.97558027549	7020.765625	
2.45968	1.11135456090828E-03	-3.3173872595325E-05	0	5.02859683711	7020.765625	
2.463776	1.11045267226953E-03	-3.34235033553094E-05	0	4.98294644188	7020.765625	
2.467872	1.11044572341141E-03	-3.40069813776E-05	0	5.00493812973	7020.765625	
2.471968	1.10613651705047E-03	-3.33111734195625E-05	0	5.08172021005	6972.68359375	
2.476064	1.10464552982094E-03	-3.34254535937437E-05	0	5.04174988823	6972.68359375	
2.48016	1.10317785783906E-03	-3.36688165715344E-05	0	5.02268025292	6972.68359375	
2.484256	1.10072198508594E-03	-3.35101342782937E-05	0	5.09425528139	6972.68359375	
2.488352	1.09834730425406E-03	-3.33978913616906E-05	0	5.06839931257	6972.68359375	
2.492448	1.0976840540325E-03	-3.37985448071906E-05	0	5.04518692392	6927.203125	
2.496544	1.09404157232219E-03	-3.34457824195687E-05	0	5.14455959842	6927.20703125	
2.50064	0.00109037092945	-3.30080592996E-05	0	5.136861554	6927.20703125	
2.504736	1.0895414552275E-03	-3.35511888045469E-05	0	5.08846839666	6927.20703125	
2.508832	1.08771847715781E-03	-3.36063358647844E-05	0	5.13330244823	6881.1484375	
2.512928	1.08505240144641E-03	-3.34293997436437E-05	0	5.16549080245	6881.1484375	
2.517024	1.08445534824172E-03	-3.37517515847531E-05	0	5.11268404878	6881.1484375	
2.52112	0.00108268183507	-3.38942144230594E-05	0	5.18634189799	6881.1484375	
2.525216	0.00107765525054	-3.30065013684656E-05	0	5.21757657971	6881.1484375	
2.529312	1.07612083294719E-03	-3.33208226887594E-05	0	5.17153327141	6881.1484375	
2.533408	1.07409286356281E-03	-3.34314694531125E-05	0	5.18508686498	6881.1484375	
2.537504	1.07195499250125E-03	-3.34271990246906E-05	0	5.23165278581	6836.34765625	
2.5416	1.07104222341359E-03	-3.36791768977125E-05	0	5.19883500774	6836.34765625	
2.545696	1.07139743806906E-03	-3.42485720013937E-05	0	5.21678312419	6836.34765625	
2.549792	1.06821604966828E-03	-3.37808243922187E-05	0	5.2878469842	6836.34765625	
2.553888	1.06663427012141E-03	-3.37289592998531E-05	0	5.27456804831	6836.34765625	
2.557984	1.06601033580766E-03	-3.409497744345E-05	0	5.22652965714	6789.546875	
2.56208	1.06429954522375E-03	-3.39971357143687E-05	0	5.29887525299	6789.546875	
2.566176	1.0618835369725E-03	-3.37373472722344E-05	0	5.29860822469	6789.546875	
2.570272	1.06211303215531E-03	-3.42616642959937E-05	0	5.25811147565	6789.546875	
2.574368	1.05933897484594E-03	-3.4015367907675E-05	0	5.34662754241	6743.1875	
2.578464	1.05558576856734E-03	-3.33751695094125E-05	0	5.35835389947	6743.1875	
2.58256	1.05518008325812E-03	-3.39490230220969E-05	0	5.29946652994	6743.1875	
2.586656	1.05408252940375E-03	-3.41106699758344E-05	0	5.36406067571	6743.1875	
2.590752	1.05269312350812E-03	-3.41181882375469E-05	0	5.37139632458	6696.78515625	
2.594848	1.05276837232703E-03	-3.44804777791031E-05	0	5.33311591043	6696.7890625	
2.598944	1.05235582959203E-03	-3.47274811378687E-05	0	5.38862727931	6696.7890625	
2.60304	1.04862566426406E-03	-3.39581150803125E-05	0	5.4296390115	6696.7890625	
2.607136	1.04775888564531E-03	-3.42017290193906E-05	0	5.40650291665	6696.7890625	
2.611232	1.04690609617516E-03	-3.44359350351844E-05	0	5.38483929214	6696.7890625	
2.615328	1.04525062215922E-03	-3.43689072175969E-05	0	5.45884809283	6652.4296875	
2.619424	1.04376521230266E-03	-3.42678090013875E-05	0	5.43598665566	6652.4296875	
2.62352	1.04506739174234E-03	-3.50808920825344E-05	0	5.42644993066	6652.4296875	
2.627616	1.04180307420578E-03	-3.44602299628125E-05	0	5.51902482758	6652.4296875	
2.631712	1.03982018096688E-03	-3.42251429382844E-05	0	5.4975786404	6652.4296875	
2.635808	0.00103902837687	-3.45971562681937E-05	0	5.44915496554	6605.75	
2.639904	1.03722139946047E-03	-3.44589208295062E-05	0	5.52897735379	6605.75	
2.644	1.03520239044578E-03	-3.43194514978219E-05	0	5.51334475417	6605.75	
2.648096	1.03487634270797E-03	-0.000034681888395	0	5.48215966342	6605.75	
2.652192	1.03284919621469E-03	-3.45897606025125E-05	0	5.57713781504	6605.75	
2.656288	1.02889547880625E-03	-3.38396144776594E-05	0	5.5889786128	6558.88671875	
2.660384	1.02894192643687E-03	-3.45253996091812E-05	0	5.54561703157	6558.88671875	
2.66448	1.02858918045469E-03	-3.48836357894062E-05	0	5.57041633126	6558.88671875	
2.668576	1.02729568708766E-03	-3.47991161623875E-05	0	5.62157895354	6558.88671875	
2.672672	1.02726569727891E-03	-3.50186212313437E-05	0	5.57080924433	6558.88671875	
2.676768	1.02786503629219E-03	-3.55366620594562E-05	0	5.60676651227	6513.08984375	
2.680864	1.02410707553172E-03	-3.46001449671281E-05	0	5.67903199963	6513.08984375	
2.68496	1.02312225775719E-03	-3.47246378714813E-05	0	5.64700386239	6513.08984375	
2.689056	1.02217163567922E-03	-3.49783775215875E-05	0	5.62790752425	6467.52734375	
2.693152	1.02067333386219E-03	-3.48996595714594E-05	0	5.69784605071	6467.52734375	
2.697248	1.01964947447687E-03	-3.493595352555E-05	0	5.67235247744	6467.53125	
2.701344	1.02067918553219E-03	-3.55900841214188E-05	0	5.65550299171	6467.53125	
2.70544	1.01868952629984E-03	-3.52775327512781E-05	0	5.75519610017	6467.53125	
2.709536	1.01669867844703E-03	-3.48849692015344E-05	0	5.74445011844	6467.53125	
2.713632	1.01712731327453E-03	-3.55185541448719E-05	0	5.69488966596	6422.609375	
2.717728	1.01634264090047E-03	-3.5557574057775E-05	0	5.75693178412	6422.609375	
2.721824	1.01482065810641E-03	-3.53469870087469E-05	0	5.77899595108	6422.609375	
2.72592	1.01532280453828E-03	-3.5747900790525E-05	0	5.73237662459	6422.609375	
2.730016	1.01435791901469E-03	-3.57876985872656E-05	0	5.81085242727	6422.609375	
2.734112	1.01037485182391E-03	-3.47885212210594E-05	0	5.84285767637	6374.890625	
2.738208	1.01015587136062E-03	-3.53138493015E-05	0	5.7947429914	6374.890625	
2.742304	1.00972394496875E-03	-3.56392612357031E-05	0	5.81391180865	6374.890625	
2.7464	1.00895911341328E-03	-3.57325628250938E-05	0	5.86711910477	6374.890625	
2.750496	1.00905018002766E-03	-3.59647731698062E-05	0	5.82746921691	6374.890625	
2.754592	1.00963680994516E-03	-3.63725032909219E-05	0	5.85919980833	6329.33203125	
2.758688	0.0010059605897	-3.54053650753688E-05	0	5.92845931997	6329.33203125	
2.762784	1.00421139753172E-03	-3.52647375717656E-05	0	5.90940494342	6329.33203125	
2.76688	1.00335431074141E-03	-3.561018362055E-05	0	5.86724498954	6329.33203125	
2.770976	1.00192174877953E-03	-3.5603785550025E-05	0	5.95034801119	6329.33203125	
2.775072	1.00007646121797E-03	-3.54577522825969E-05	0	5.94423687781	6283.46875	
2.779168	1.00125520699359E-03	-3.62195395015781E-05	0	5.90998096161	6283.46875	
2.783264	9.99398490389063E-04	-3.5940600597825E-05	0	6.00393296162	6283.46875	
2.78736	9.97018963642969E-04	-3.53844477885937E-05	0	6.01334380185	6283.46875	
2.791456	9.97592427302969E-04	-3.61115162922937E-05	0	5.95966348417	6238.65234375	
2.795552	9.97040175946719E-04	-3.61979332731844E-05	0	6.02544399853	6238.65234375	
2.799648	9.96105463096563E-04	-3.61520181748688E-05	0	6.03231806991	6238.65234375	
2.803744	9.96403715401875E-04	-3.64291671765656E-05	0	6.00105287067	6238.65234375	
2.80784	9.9617879183625E-04	-3.66161179511531E-05	0	6.06488789313	6238.65234375	
2.811936	9.926231708525E-04	-3.56360018639625E-05	0	6.10420208827	6191.43359375	
2.816032	9.92459415524844E-04	-3.60627444660656E-05	0	6.07270800763	6191.43359375	
2.820128	9.92155311549531E-04	-3.64004066284031E-05	0	6.06834018758	6191.43359375	
2.824224	9.91048523028437E-04	-3.63311619861094E-05	0	6.13943456511	6191.43359375	
2.82832	9.90199299419687E-04	-3.63169569522375E-05	0	6.1120870525	6145.59375	
2.832416	9.91510256364375E-04	-3.70570266448594E-05	0	6.10548382411	6145.59375	
2.836512	9.88182119051875E-04	-3.61399516003969E-05	0	6.20171700874	6145.59375	
2.840608	9.86260851212656E-04	-3.58522345804219E-05	0	6.18371548663	6145.59375	
2.844704	9.85825816121094E-04	-3.63165122411437E-05	0	6.1372640065	6145.59375	
2.8488	9.85036663562188E-04	-3.64305272713594E-05	0	6.22370869659	6098.97265625	
2.852896	9.84175736613437E-04	-3.64609455101719E-05	0	6.21319922564	6098.97265625	
2.856992	9.85450577782344E-04	-3.71727433560656E-05	0	6.18559994349	6098.97265625	
2.861088	9.84515042041094E-04	-3.7041630266025E-05	0	6.28680748388	6098.97265625	
2.865184	9.81985931980625E-04	-3.62679240685781E-05	0	6.28964561324	6098.97265625	
2.86928	9.82850059061406E-04	-3.69916896909656E-05	0	6.24975539991	6098.97265625	
2.873376	9.82820800711406E-04	-3.71904791556375E-05	0	6.2729906767	6054.9140625	
2.877472	9.81467602023906E-04	-3.69262041795281E-05	0	6.33087859745	6054.9140625	
2.881568	9.81017297730937E-04	-3.69885317614312E-05	0	6.28722709978	6054.9140625	
2.885664	9.80933637136406E-04	-3.73476564023062E-05	0	6.33205352197	6054.9140625	
2.88976	9.7645281226625E-04	-3.60967987589344E-05	0	6.39732668256	6054.9140625	
2.893856	9.75240967982188E-04	-3.62766860790469E-05	0	6.36476448872	6007.734375	
2.897952	9.74413322406563E-04	-0.000036617809536	0	6.34885723142	6007.734375	
2.902048	9.7330461380625E-04	-3.66599195900438E-05	0	6.4230605813	6007.734375	
2.906144	9.72630391703438E-04	-3.68073062215031E-05	0	6.40174409358	6007.734375	
2.91024	9.73248657211875E-04	-3.734762034465E-05	0	6.39728472097	5961.21484375	
2.914336	9.70533939493594E-04	-3.67083010320469E-05	0	6.48928741439	5961.21484375	
2.918432	9.68077518146406E-04	-3.6181696510575E-05	0	6.48505692318	5961.21484375	
2.922528	9.67696062408281E-04	-3.67015551253312E-05	0	6.43522181302	5961.21484375	
2.926624	9.66273375139531E-04	-3.66180316511625E-05	0	6.50426770202	5961.21484375	
2.93072	9.64306665425469E-04	-3.63729761269875E-05	0	6.52608009944	5961.21484375	
2.934816	9.65152140308125E-04	-3.70784542676625E-05	0	6.48063569747	5915.0546875	
2.938912	9.64226296395312E-04	-3.71456919408094E-05	0	6.56024827777	5915.0546875	
2.943008	9.60728460652812E-04	-3.61329951169687E-05	0	6.59655649719	5915.0546875	
2.947104	9.60666195226719E-04	-3.67441435442812E-05	0	6.54679005145	5915.0546875	
2.9512	9.601464023525E-04	-3.69181851971625E-05	0	6.58066068396	5915.0546875	
2.955296	9.58951473052031E-04	-3.68052607908562E-05	0	6.62551380898	5869.89453125	
2.959392	9.57939042709687E-04	-3.67424240748469E-05	0	6.59900171348	5869.89453125	
2.963488	9.57460028660781E-04	-3.70195432688812E-05	0	6.63758348814	5869.89453125	
2.967584	9.53440205667812E-04	-3.59614551442781E-05	0	6.69855367841	5869.89453125	
2.97168	9.52401077081094E-04	-3.62406238554937E-05	0	6.68414940897	5869.89453125	
2.975776	9.52202943192188E-04	-3.67573125214969E-05	0	6.65114471109	5824.59375	
2.979872	9.512869739725E-04	-3.67297406740687E-05	0	6.7311730926	5824.59375	
2.983968	9.50002806704531E-04	-3.65651228098406E-05	0	6.72272355425	5824.59375	
2.988064	9.51607078607969E-04	-3.74520344229281E-05	0	6.69858801062	5777.0546875	
2.99216	9.49436840496719E-04	-3.68777511029813E-05	0	6.80474320394	5777.05859375	
2.996256	9.46678418118125E-04	-3.61396263603375E-05	0	6.80416337106	5777.05859375	
3.000352	0.00094614481896	-3.66208556868E-05	0	6.75514841925	5777.05859375	
3.004448	9.44736120839844E-04	-3.65495081619937E-05	0	6.82277142888	5777.05859375	
3.008544	9.43129654560156E-04	-3.64191818500125E-05	0	6.83700022258	5731.49609375	
3.01264	9.43122888566719E-04	-3.67717052955656E-05	0	6.81072845255	5731.49609375	
3.016736	9.42605472933438E-04	-3.69697385109938E-05	0	6.8860876535	5731.49609375	
3.020832	9.39201721072656E-04	-3.59662570625531E-05	0	6.91932504747	5731.49609375	
3.024928	9.39469434975156E-04	-3.66485926782938E-05	0	6.8973028421	5731.49609375	
3.029024	9.39373156717187E-04	-3.69831231129937E-05	0	6.89533446206	5685.7578125	
3.03312	9.37955132497969E-04	-3.67300957217906E-05	0	6.96423539284	5685.7578125	
3.037216	9.36893968716406E-04	-3.65816004375938E-05	0	6.9327413122	5685.7578125	
3.041312	9.37501262343594E-04	-3.71756673916031E-05	0	6.94748890374	5685.7578125	
3.045408	9.33517737991094E-04	-3.59675669170125E-05	0	7.0327243371	5685.7578125	
3.049504	9.31713960713594E-04	-3.58621437051281E-05	0	7.01607321525	5640.6953125	
3.0536	9.31207608393906E-04	-3.63927220207031E-05	0	6.99195293038	5640.6953125	
3.057696	9.30419004429063E-04	-3.65086425778594E-05	0	7.06841839143	5640.6953125	
3.061792	9.29398893769844E-04	-3.64766767444406E-05	0	7.06358899389	5640.6953125	
3.065888	0.00093002346811	-3.69998447308875E-05	0	7.03984254864	5640.6953125	
3.069984	9.28422944932656E-04	-3.66816827894344E-05	0	7.13525557492	5593.3984375	
3.07408	9.25176456703125E-04	-3.57317782104937E-05	0	7.14514706609	5593.3984375	
3.078176	9.24929772239687E-04	-3.62938560138E-05	0	7.10317021733	5593.3984375	
3.082272	9.23238182447969E-04	-3.61360210754812E-05	0	7.14611981204	5593.3984375	
3.086368	9.207412565725E-04	-3.56932568547844E-05	0	7.19218219379	5547.49609375	
3.090464	9.20091538337813E-04	-3.60084425972906E-05	0	7.15207835782	5547.5	
3.09456	9.19832327643281E-04	-0.000036438271254	0	7.21571120171	5547.5	
3.098656	9.16335954818281E-04	-3.54342075946031E-05	0	7.26820896549	5547.5	
3.102752	9.15860323766094E-04	-3.58757415280688E-05	0	7.24098733765	5547.5	
3.106848	9.15894519462656E-04	-3.6323177138325E-05	0	7.23753122851	5547.5	
3.110944	9.15133528065625E-04	-3.62628440255813E-05	0	7.30835476305	5501.09765625	
3.11504	9.14473203679063E-04	-3.62332755455344E-05	0	7.28917068704	5501.09765625	
3.119136	9.14755546756563E-04	-3.66004559475844E-05	0	7.29456847339	5501.09765625	
3.123232	9.11967774595625E-04	-3.57903942576469E-05	0	7.38589596668	5501.09765625	
3.127328	9.10263658572813E-04	-3.55441714269469E-05	0	7.38185620997	5456.5	
3.131424	9.10509794442187E-04	-3.62450288991656E-05	0	7.34016164827	5456.5	
3.13552	9.09534119902031E-04	-3.61516717809844E-05	0	7.4215938357	5456.5	
3.139616	9.0800290244125E-04	-3.58044548205094E-05	0	7.43175998455	5456.5	
3.143712	9.09365975821875E-04	-3.66396294661031E-05	0	7.39372752525	5456.5	
3.147808	9.08332241743438E-04	-3.64361565926531E-05	0	7.48532204684	5409.078125	
3.151904	9.05068381368594E-04	-3.53110817561906E-05	0	7.51281451767	5409.078125	
3.156	9.04841080562031E-04	-3.58820246948625E-05	0	7.46554669388	5409.078125	
3.160096	9.03847028120781E-04	-3.59021347709063E-05	0	7.52433869616	5409.078125	
3.164192	9.02135597510469E-04	-3.56506145897344E-05	0	7.55228130041	5409.078125	
3.168288	9.01720586102187E-04	-3.58854326241469E-05	0	7.53007598992	5363	
3.172384	9.01784314445781E-04	-3.631165214985E-05	0	7.57478034203	5363	
3.17648	8.9822037311875E-04	-3.51671287751438E-05	0	7.63666224321	5363	
3.180576	8.97594701590469E-04	-3.54417616735875E-05	0	7.62397839896	5363	
3.184672	8.97571660639844E-04	-3.59018895788437E-05	0	7.60287934857	5363	
3.188768	8.96649839750156E-04	-3.58270305190875E-05	0	7.68773712762	5316.80078125	
3.192864	8.95156018117969E-04	-3.54869351861062E-05	0	7.68331590191	5316.80078125	
3.19696	8.9593529598375E-04	-3.62110366254656E-05	0	7.66682118235	5316.80078125	
3.201056	8.92455472412969E-04	-3.51183107951156E-05	0	7.76660965806	5316.80078125	
3.205152	8.89523602878281E-04	-3.44860128697219E-05	0	7.76717041749	5316.80078125	
3.209248	8.89254334625937E-04	-3.52308741440906E-05	0	7.72328240904	5271.9609375	
3.213344	8.88213651689375E-04	-3.52593253175625E-05	0	7.80551949606	5271.9609375	
3.21744	8.86819674176563E-04	-3.5054747637525E-05	0	7.81588400879	5271.9609375	
3.221536	8.87439128305469E-04	-3.56413480124625E-05	0	7.79147762217	5271.9609375	
3.225632	8.87436111038125E-04	-3.58904703594937E-05	0	7.87707545108	5271.9609375	
3.229728	8.84726056369375E-04	-3.48696288322594E-05	0	7.90666218672	5226.140625	
3.233824	8.84963231869062E-04	-3.54484635899625E-05	0	7.88286233581	5226.140625	
3.23792	8.84688569108437E-04	-3.55898353235906E-05	0	7.88760781017	5226.140625	
3.242016	8.83382549510313E-04	-3.52966620590719E-05	0	7.96501549965	5226.140625	
3.246112	8.82887991962969E-04	-3.53573199311062E-05	0	7.93352141901	5226.140625	
3.250208	8.83734838330781E-04	-3.60128993236031E-05	0	7.96509560814	5178.8203125	
3.254304	8.80119329161875E-04	-3.46311800322469E-05	0	8.04386895664	5178.8203125	
3.2584	8.79349194530469E-04	-3.48264173370094E-05	0	8.03137584689	5178.8203125	
3.262496	0.00087959377605	-3.54190451097656E-05	0	8.01261520147	5178.8203125	
3.266592	8.79248161790625E-04	-3.54542784879938E-05	0	8.09251006883	5178.8203125	
3.270688	8.78020774008125E-04	-3.5151789848175E-05	0	8.08357225016	5133.203125	
3.274784	0.00087859314048	-3.566082972375E-05	0	8.07106388165	5133.203125	
3.27888	8.76513786118437E-04	-3.50501748055594E-05	0	8.16988724079	5133.203125	
3.282976	8.73677097653594E-04	-3.42671275116844E-05	0	8.18513074203	5133.203125	
3.287072	8.7370187581875E-04	-3.4968878492625E-05	0	8.15009662907	5133.203125	
3.291168	8.73093210706406E-04	-3.50526916299656E-05	0	8.19790995353	5088.0234375	
3.295264	8.71943540416094E-04	-3.49121756647125E-05	0	8.2506404134	5088.0234375	
3.29936	8.72697765819687E-04	-3.54286794751313E-05	0	8.21348151811	5088.0234375	
3.303456	8.72901202784531E-04	-3.56720212990969E-05	0	8.27447841121	5088.0234375	
3.307552	8.6916244281625E-04	-3.41710348193156E-05	0	8.33699736562	5042.42578125	
3.311648	8.68658376305156E-04	-3.4615359615375E-05	0	8.30678120613	5042.42578125	
3.315744	8.67588983612656E-04	-3.46301696967187E-05	0	8.31745852344	5042.42578125	
3.31984	8.66101105082812E-04	-3.44313143667281E-05	0	8.39152072979	5042.42578125	
3.323936	8.64837784389219E-04	-3.43520312729344E-05	0	8.37823797921	5042.42578125	
3.328032	8.65105406859375E-04	-3.49152001809188E-05	0	8.39459155524	4995.08203125	
3.332128	8.618617530325E-04	-3.38949812492156E-05	0	8.48552232077	4995.08203125	
3.336224	8.60142916402344E-04	-3.37646693602969E-05	0	8.48559861457	4995.08203125	
3.34032	8.60339678806094E-04	-3.44865801768469E-05	0	8.4506446101	4995.08203125	
3.344416	8.59733116637656E-04	-3.4467517455525E-05	0	8.52460000513	4995.08203125	
3.348512	8.58154354358125E-04	-3.40257743876531E-05	0	8.54822056561	4949.28515625	
3.352608	8.58801238190156E-04	-3.46187411023781E-05	0	8.51966379627	4949.28515625	
3.356704	8.56787166522031E-04	-3.41123334357094E-05	0	8.61990622009	4949.28515625	
3.3608	8.52930093100937E-04	-3.28511986391531E-05	0	8.64156602991	4949.28515625	
3.364896	8.52774932413594E-04	-3.36634850864813E-05	0	8.60818367772	4949.28515625	
3.368992	8.51954235696094E-04	-3.38082897493688E-05	0	8.67180507754	4903.00390625	
3.373088	8.50984412825937E-04	-3.37446167361187E-05	0	8.69731390957	4903.00390625	
3.377184	8.512380461475E-04	-3.40838065411594E-05	0	8.68491998176	4903.00390625	
3.38128	8.51922600105156E-04	-3.45926639649937E-05	0	8.73951201035	4903.00390625	
3.385376	8.48609366264687E-04	-3.32839965236625E-05	0	8.79908602408	4903.00390625	
3.389472	8.47856603778594E-04	-3.34411494915094E-05	0	8.79458850457	4858.8828125	
3.393568	8.47316878653438E-04	-3.36613783578188E-05	0	8.78018804982	4858.8828125	
3.397664	8.45986538051875E-04	-3.33976459292437E-05	0	8.86836079448	4858.88671875	
3.40176	0.00084463589947	-3.31850824398844E-05	0	8.86350469411	4858.88671875	
3.405856	8.45809799331406E-04	-3.41012889756E-05	0	8.85505515576	4858.88671875	
3.409952	8.4277141111625E-04	-3.2981361249375E-05	0	8.96216783627	4858.88671875	
3.414048	0.000840846943145	-3.26092070542219E-05	0	8.96723374459	4811.02734375	
3.418144	8.41251165536719E-04	-3.34527427491469E-05	0	8.9336606579	4811.02734375	
3.42224	8.410473628425E-04	-3.35745909446062E-05	0	9.02047918761	4811.02734375	
3.426336	8.40149314362188E-04	-3.33246383099437E-05	0	9.02913090453	4811.02734375	
3.430432	8.40407976462656E-04	-3.36141478762031E-05	0	9.01515388037	4811.02734375	
3.434528	8.39153707571094E-04	-3.33505087167656E-05	0	9.10964375167	4765.20703125	
3.438624	8.3497552375875E-04	-3.18869147476687E-05	0	9.13849043745	4765.20703125	
3.44272	8.34238487635781E-04	-3.24065322568969E-05	0	9.12483003256	4765.20703125	
3.446816	8.33371343287656E-04	-3.25894335163031E-05	0	9.1413323815	4765.20703125	
3.450912	8.32156116006875E-04	-3.24713970958781E-05	0	9.22191389306	4718.84765625	
3.455008	8.32225787452813E-04	-3.27917369197687E-05	0	9.19503940201	4718.84765625	
3.459104	8.33710282985938E-04	-3.36761338719094E-05	0	9.23890452232	4718.84765625	
3.4632	8.30530997529063E-04	-3.22490655874406E-05	0	9.31948984857	4718.84765625	
3.467296	8.29651509814531E-04	-3.22891174704656E-05	0	9.30997219702	4718.84765625	
3.471392	8.29063508411875E-04	-3.25073126849625E-05	0	9.29493850373	4674.34765625	
3.475488	8.28138304525469E-04	-3.24706545485437E-05	0	9.38659787505	4674.34765625	
3.479584	8.26620710483906E-04	-3.21313474359281E-05	0	9.38510251657	4674.34765625	
3.48368	8.2684023954125E-04	-3.25906198131937E-05	0	9.38202787643	4674.34765625	
3.487776	8.24325210061719E-04	-3.18208919771531E-05	0	9.48565774497	4627.98828125	
3.491872	8.21877749084219E-04	-3.12615584018719E-05	0	9.50381948406	4627.98828125	
3.495968	8.22552976942813E-04	-3.22585112510719E-05	0	9.47276790746	4627.98828125	
3.500064	8.22377335410469E-04	-3.23917428486094E-05	0	9.54460614954	4627.98828125	
3.50416	8.20902623138125E-04	-3.18904017634125E-05	0	9.58559499359	4627.98828125	
3.508256	8.21237722677969E-04	-3.22498857789281E-05	0	9.55741206387	4627.98828125	
3.512352	8.20639115123437E-04	-3.22108009622437E-05	0	9.63667369269	4581.1875	
3.516448	8.16846684369375E-04	-3.07422113250656E-05	0	9.6908766229	4581.1875	
3.520544	8.16458462637812E-04	-3.13405669767094E-05	0	9.66987293976	4581.1875	
3.52464	8.16113671269531E-04	-3.16627043949562E-05	0	9.69984877378	4581.1875	
3.528736	8.15790366502031E-04	-3.17807403346125E-05	0	9.76673936293	4581.1875	
3.532832	8.16160576061875E-04	-3.20176677419156E-05	0	9.76206636768	4535.0703125	
3.536928	8.17539832967344E-04	-3.26291599188844E-05	0	9.7818188325	4535.0703125	
3.541024	8.14841298773906E-04	-3.13812698206219E-05	0	9.88114954541	4535.0703125	
3.54512	8.13931364088906E-04	-3.13147025794969E-05	0	9.88794732299	4535.0703125	
3.549216	8.14347106955937E-04	-3.19071510255094E-05	0	9.8626139667	4535.0703125	
3.553312	8.13888482319687E-04	-3.18052254062813E-05	0	9.95018017565	4490.25	
3.557408	8.12216550481875E-04	-3.12251221402312E-05	0	9.9750710279	4490.25	
3.561504	8.12919482340625E-04	-3.18545743953937E-05	0	9.96087656641	4490.25	
3.5656	8.11058925577656E-04	-3.12989458644844E-05	0	10.0633048076	4490.25	
3.569696	8.08646757484844E-04	-3.05498009405531E-05	0	10.09408172652	4490.25	
3.573792	8.09423018083281E-04	-3.14697418475344E-05	0	10.06262197809	4444.26953125	
3.577888	8.098140742175E-04	-3.17538884383875E-05	0	10.13133980375	4444.26953125	
3.581984	8.0950027841375E-04	-3.16094397847594E-05	0	10.17198914039	4444.26953125	
3.58608	8.10016779723594E-04	-3.18831847033219E-05	0	10.16139193157	4444.26953125	
3.590176	8.10016048264844E-04	-3.19413252701813E-05	0	10.23161274509	4444.26953125	
3.594272	0.00080643034604	-3.04468743607875E-05	0	10.29665702428	4444.26953125	
3.598368	8.05896106855469E-04	-3.07770218671781E-05	0	10.30274526952	4397.3515625	
3.602464	8.06014328875938E-04	-3.12487932704062E-05	0	10.3017229326	4397.3515625	
3.60656	8.0566743456375E-04	-3.12563913397313E-05	0	10.3932754926	4351.51171875	
3.610656	8.05444065347969E-04	-3.12067541297531E-05	0	10.39237904045	4351.51171875	
3.614752	8.07715061902031E-04	-3.22645225431375E-05	0	10.40362474657	4351.51171875	
3.618848	8.05910644598125E-04	-3.12424663536563E-05	0	10.50543882267	4351.51171875	
3.622944	8.04708126413125E-04	-3.08651246636906E-05	0	10.52007960289	4351.51171875	
3.62704	8.04838326070625E-04	-3.12914759200312E-05	0	10.49732497704	4351.51171875	
3.631136	8.04430994979219E-04	-3.12469370222625E-05	0	10.59411129172	4305.4921875	
3.635232	8.03601520756719E-04	-3.101200360335E-05	0	10.60949593649	4305.4921875	
3.639328	8.04115919122656E-04	-3.140027244585E-05	0	10.60010416971	4305.4921875	
3.643424	8.03090596819844E-04	-3.10888876610812E-05	0	10.70410406318	4305.4921875	
3.64752	8.00414646415313E-04	-3.01392544761E-05	0	10.74507001909	4305.4921875	
3.651616	8.016919562575E-04	-3.12367516959094E-05	0	10.73465973008	4261.03125	
3.655712	8.02406134294531E-04	-3.15869323553437E-05	0	10.77448509368	4261.03125	
3.659808	8.02034736114219E-04	-3.13228484848125E-05	0	10.85236580472	4261.03125	
3.663904	8.02285992194844E-04	-3.13537083097219E-05	0	10.83938822934	4261.03125	
3.668	8.03279038880312E-04	-3.18455982024469E-05	0	10.89937422959	4261.03125	
3.672096	8.000300819775E-04	-3.0362021561025E-05	0	10.97869689345	4213.19140625	
3.676192	7.99154068692031E-04	-3.04848058132406E-05	0	10.97803695208	4213.19140625	
3.680288	7.98881783172344E-04	-3.07994016524906E-05	0	10.98023039883	4213.19140625	
3.684384	7.98617360834219E-04	-3.09023741456719E-05	0	11.07591808279	4213.19140625	
3.68848	0.00079860081158	-3.09788021942437E-05	0	11.08271967506	4213.19140625	
3.692576	8.00228490163437E-04	-3.17466122437406E-05	0	11.09628852739	4167.41015625	
3.696672	7.98455342721094E-04	-3.08256552320063E-05	0	11.20830308455	4167.41015625	
3.700768	7.96731843041406E-04	-3.02012469621844E-05	0	11.22849805341	4167.4140625	
3.704864	7.97525292920469E-04	-3.09682608586313E-05	0	11.20773851043	4167.4140625	
3.70896	7.97610965026562E-04	-3.10390889128031E-05	0	11.28825898695	4167.4140625	
3.713056	7.96322134709063E-04	-3.05358007141687E-05	0	11.34860738275	4121.1953125	
3.717152	7.97301100813594E-04	-3.1163551528725E-05	0	11.32747400015	4121.1953125	
3.721248	7.96855276705469E-04	-3.10771734901031E-05	0	11.42300146713	4121.1953125	
3.725344	7.93778212608906E-04	-2.97647841774937E-05	0	11.48168665809	4121.1953125	
3.72944	7.94192675423125E-04	-3.05034449772937E-05	0	11.46853360697	4121.1953125	
3.733536	7.94468161074844E-04	-3.08170600482938E-05	0	11.52739808836	4076.4765625	
3.737632	7.93994267237187E-04	-3.0638236669425E-05	0	11.58583532447	4076.4765625	
3.741728	7.94191212505625E-04	-3.07619081803688E-05	0	11.59034047336	4076.4765625	
3.745824	7.95098861382031E-04	-3.12745473311906E-05	0	11.63074566984	4076.4765625	
3.74992	7.91960720479844E-04	-2.99007078396469E-05	0	11.72943170014	4029.79296875	
3.754016	7.90288240047969E-04	-2.96330064246562E-05	0	11.75066044999	4029.79296875	
3.758112	7.89657448308438E-04	-2.99471380816781E-05	0	11.74198965962	4029.79296875	
3.762208	7.88757662613594E-04	-2.99093398021687E-05	0	11.84404787588	4029.79296875	
3.766304	7.87675377960625E-04	-2.97095496173437E-05	0	11.87393978672	4029.79296875	
3.7704	7.89335515026094E-04	-3.07239671125406E-05	0	11.86850385347	3983.4140625	
3.774496	7.87516102817812E-04	-0.000029901047022	0	11.99078374142	3983.4140625	
3.778592	7.8525534668625E-04	-2.91447891244125E-05	0	12.02022551884	3983.4140625	
3.782688	7.85523426318125E-04	-2.98786434386344E-05	0	12.00407030669	3983.4140625	
3.786784	7.85301520019844E-04	-2.99937120735656E-05	0	12.09154114839	3983.4140625	
3.79088	7.84018998534062E-04	-2.95749367711875E-05	0	12.13118340687	3937.11328125	
3.794976	7.83769296803281E-04	-2.96944195843969E-05	0	12.13806129294	3937.1171875	
3.799072	7.83305094794062E-04	-2.97620264879437E-05	0	12.23068959552	3937.1171875	
3.803168	7.80242934169531E-04	-2.86035716367844E-05	0	12.28653284243	3937.1171875	
3.807264	7.805820567325E-04	-2.93322326869687E-05	0	12.30140631874	3937.1171875	
3.81136	7.80926299506719E-04	-2.97174770132625E-05	0	12.32067050324	3892.65625	
3.815456	7.80362344810469E-04	-2.9513672409375E-05	0	12.4224616912	3892.65625	
3.819552	7.80019382089063E-04	-2.93897374371562E-05	0	12.43163220596	3892.65625	
3.823648	7.81588452540156E-04	-3.02117897401031E-05	0	12.46760473266	3892.65625	
3.827744	7.78387863347188E-04	-2.87057176884844E-05	0	12.57782257083	3892.65625	
3.83184	7.76299000021875E-04	-2.82189229829719E-05	0	12.59960826542	3892.65625	
3.835936	7.75821357458125E-04	-2.86668251793E-05	0	12.59373745751	3846.1171875	
3.840032	7.75359624122188E-04	-2.88167973850969E-05	0	12.70336020404	3846.1171875	
3.844128	7.74794846534844E-04	-2.87688522407344E-05	0	12.72369631643	3846.1171875	
3.848224	7.758597590425E-04	-2.93784811984125E-05	0	12.73322541205	3799.3359375	
3.85232	7.74845682917969E-04	-2.89490811470437E-05	0	12.84599527783	3799.3359375	
3.856416	7.72285668725312E-04	-2.79787580789062E-05	0	12.88710619196	3799.3359375	
3.860512	7.72734510100781E-04	-2.87558880710062E-05	0	12.89248490486	3799.3359375	
3.864608	7.72390358758906E-04	-2.87995113446906E-05	0	12.95892917528	3799.3359375	
3.868704	7.70736256228125E-04	-2.8248754443525E-05	0	13.0378856289	3799.3359375	
3.8728	0.0007701382887	-2.82726616311562E-05	0	13.03751560397	3799.3359375	
3.876896	7.69969230296406E-04	-2.85681558068156E-05	0	13.10806448083	3753.359375	
3.880992	7.66006095356562E-04	-2.70209715366937E-05	0	13.20420229821	3753.359375	
3.885088	7.65322912884063E-04	-2.74684828680281E-05	0	13.2104240576	3753.359375	
3.889184	7.65037003945156E-04	-2.7852562532025E-05	0	13.24341731141	3753.359375	
3.89328	7.6425955472625E-04	-2.77857676468969E-05	0	13.3409246025	3707.66015625	
3.897376	7.63221249030625E-04	-2.75510524969969E-05	0	13.35765583284	3707.66015625	
3.901472	7.63429531909687E-04	-2.79424660478906E-05	0	13.39838527797	3707.66015625	
3.905568	7.60506988474062E-04	-2.68782262467469E-05	0	13.50461676509	3707.66015625	
3.909664	7.576259553225E-04	-2.61422728961625E-05	0	13.54565138542	3707.66015625	
3.91376	7.56553088200938E-04	-2.65339181775937E-05	0	13.54190535984	3662.86328125	
3.917856	7.54971765815781E-04	-2.64065046030844E-05	0	13.63374783628	3662.86328125	
3.921952	7.52789367202812E-04	-2.59813922878125E-05	0	13.69640411953	3662.86328125	
3.926048	7.53233819825781E-04	-2.67273485130094E-05	0	13.64536356733	3662.86328125	
3.930144	7.52442655755312E-04	-2.667753101475E-05	0	13.66956777538	3662.86328125	
3.93424	7.48875331431563E-04	-2.53169136253687E-05	0	13.7148023694	3662.86328125	
3.938336	7.48944545715781E-04	-2.60519571210937E-05	0	13.7118650581	3662.86328125	
3.942432	0.00074882650656	-2.63960849019656E-05	0	13.69992126371	3662.86328125	
3.946528	7.45003354538438E-04	-2.50170511848469E-05	0	13.68985048211	3662.86328125	
3.950624	7.38390510276719E-04	-2.29789625979375E-05	0	13.68107288042	3662.86328125	
3.95472	7.36229141102813E-04	-2.35099772111531E-05	0	13.67184133062	3662.86328125	
3.958816	7.38234526698281E-04	-2.54023447899375E-05	0	13.66365119119	3662.86328125	
3.962912	7.40668729985937E-04	-2.64700057415062E-05	0	13.65332864005	3662.86328125	
3.967008	7.39954094787187E-04	-2.57289228287437E-05	0	13.63856197506	3662.86328125	
3.971104	7.37150047669062E-04	-2.44564983800156E-05	0	13.63042905598	3662.86328125	
3.9752	7.35609504109219E-04	-2.42748903885469E-05	0	13.61570053789	3662.86328125	
3.979296	7.34942505161562E-04	-2.45463905978156E-05	0	13.6045578284	3662.86328125	
3.983392	7.32610706098906E-04	-2.3922858769425E-05	0	13.60487826236	3662.86328125	
3.987488	7.29990163694687E-04	-2.33649432215719E-05	0	13.5882691021	3662.86328125	
3.991584	7.28330849520313E-04	-2.3378340083175E-05	0	13.57253732054	3662.86328125	
3.99568	7.2841515014125E-04	-2.39828774594063E-05	0	13.56258479433	3662.86328125	
3.999776	7.30331297769219E-04	-2.50096360480312E-05	0	13.55582897834	3662.86328125	
4.003872	7.31545427861875E-04	-2.52955470601969E-05	0	13.54880994874	3662.86328125	
4.007968	7.301377354975E-04	-2.44000135807312E-05	0	13.54461760443	3662.86328125	
4.012064	7.28279738840156E-04	-2.36714015689594E-05	0	13.54013152899	3662.86328125	
4.01616	7.29023449524219E-04	-2.43579162670594E-05	0	13.53721710583	3662.86328125	
4.020256	7.30219933174531E-04	-2.49271777170281E-05	0	13.53350922715	3662.86328125	
4.024352	0.00072951599556	-2.44632690463219E-05	0	13.52741716722	3662.86328125	
4.028448	7.264745900775E-04	-2.32636668805406E-05	0	13.51946735326	3662.86328125	
4.032544	7.23451288199062E-04	-2.25499387481156E-05	0	13.51126576976	3662.86328125	
4.03664	7.22558725659375E-04	-2.29305191367656E-05	0	13.50760366736	3662.86328125	
4.040736	7.22997783774063E-04	-2.3578262960175E-05	0	13.5019426674	3662.86328125	
4.044832	7.22769660076406E-04	-2.359765717155E-05	0	13.49687294439	3662.86328125	
4.048928	7.22009308705781E-04	-2.33458216060781E-05	0	13.48791986696	3662.86328125	
4.053024	7.21924276626094E-04	-2.34653248519594E-05	0	13.47606762513	3662.86328125	
4.05712	7.22310578278437E-04	-2.37203738757562E-05	0	13.47067365347	3662.86328125	
4.061216	7.22162183584531E-04	-2.36567926893375E-05	0	13.46648130916	3662.86328125	
4.065312	7.20593478862813E-04	-2.30281462026E-05	0	13.46260558412	3662.86328125	
4.069408	7.18255370968438E-04	-1.74828796324875E-05	0	13.46039687861	3662.86328125	
4.073504	7.21438953745469E-04	0	0	13.45958434964	3662.86328125	
4.0776	7.41598596921875E-04	0	0	13.46110259626	3662.86328125	
4.081696	7.78540829658281E-04	0	0	13.46028243791	3662.86328125	
4.085792	0.00083048070974	0	0	13.45525467649	3662.86328125	
4.089888	8.96454905993281E-04	0	0	13.44831957007	3662.86328125	
4.093984	9.75366504590156E-04	0	0	13.43660084239	3662.86328125	
4.09808	1.06443001917828E-03	0	0	13.43178288892	3662.86328125	
4.102176	1.16038817251156E-03	0	0	13.42485541188	3662.86328125	
4.106272	1.26012092729188E-03	0	0	13.41986198267	3662.86328125	
4.110368	1.36190697821578E-03	0	0	13.41759605681	3662.86328125	
4.114464	1.46456172783766E-03	0	0	13.41331597463	3662.86328125	
4.11856	1.56533406836641E-03	0	0	13.41301079943	3662.86328125	
4.122656	1.66090765726188E-03	0	0	13.40826151038	3662.86328125	
4.126752	1.74867411262156E-03	0	0	13.4052402759	3662.86328125	
4.130848	1.82669232578766E-03	0	0	13.40292857376	3662.86328125	
4.134944	1.89345585746453E-03	0	0	13.40123103671	3662.86328125	
4.13904	1.94787428552062E-03	0	0	13.40125011016	3662.86328125	
4.143136	1.98845607413234E-03	0	0	13.39894985209	3662.86328125	
4.147232	2.01441280219953E-03	0	0	13.39480709875	3662.86328125	
4.151328	2.02630092696625E-03	0	0	13.38766599907	3662.86328125	
4.155424	2.02485391869406E-03	0	0	13.3819706669	3662.86328125	
4.15952	2.00994569218094E-03	0	0	13.37648514268	3662.86328125	
4.163616	1.98182055464938E-03	0	0	13.37220887519	3662.86328125	
4.167712	1.94163521668016E-03	0	0	13.36950044529	3662.86328125	
4.171808	1.89145211765125E-03	0	0	13.36707430245	3662.86328125	
4.175904	1.83353429950281E-03	0	0	13.36473589748	3662.86328125	
4.18	1.76897968181859E-03	0	0	13.36634951135	3662.86328125	
4.184096	1.69927998328688E-03	0	0	13.36368304304	3662.86328125	
4.188192	1.62708591898531E-03	0	0	13.36078769333	3662.86328125	
4.192288	1.55490145507984E-03	0	0	13.35963565695	3662.86328125	
4.196384	1.48530315501734E-03	0	0	13.35725529039	3662.86328125	
4.20048	1.41954629344516E-03	0	0	13.3546193396	3662.86328125	
4.204576	1.35927665255078E-03	0	0	13.35192235377	3662.86328125	
4.208672	1.30653509367906E-03	0	0	13.34776434167	3662.86328125	
4.212768	1.26287249224469E-03	0	0	13.34377799062	3662.86328125	
4.216864	1.22913624320953E-03	0	0	13.33746467867	3662.86328125	
4.22096	1.20571923135469E-03	0	0	13.33501564769	3605.65234375	
4.225056	1.19299550639844E-03	0	0	13.32973230204	3605.65234375	
4.229152	1.19105046614984E-03	0	0	13.32683313764	3605.65234375	
4.233248	1.20027370382562E-03	0	0	13.32658899748	3605.65234375	
4.237344	1.22031137625547E-03	0	0	13.32750833777	3605.65234375	
4.24144	1.2501756483975E-03	0	0	13.3286031538	3605.65234375	
4.245536	1.28917538316531E-03	0	0	13.32752359653	3605.65234375	
4.249632	1.33613311483609E-03	0	0	13.32473505814	3605.65234375	
4.253728	1.38984696525125E-03	0	0	13.32124843148	3605.65234375	
4.257824	1.44819588690047E-03	0	0	13.31722393353	3605.65234375	
4.26192	1.50906203240547E-03	0	0	13.31491604608	3605.65234375	
4.266016	1.57097434678766E-03	0	0	13.31099454476	3605.65234375	
4.270112	1.63279778893172E-03	0	0	13.31035749153	3605.65234375	
4.274208	1.69294993926438E-03	0	0	13.30622999695	3605.65234375	
4.278304	1.75006991878125E-03	0	0	13.30442946327	3605.65234375	
4.2824	1.80235111580219E-03	0	0	13.30100387165	3605.65234375	
4.286496	1.84823433456922E-03	0	0	13.29695267087	3605.65234375	
4.290592	1.88694322305156E-03	0	0	13.29576630228	3605.6328125	
4.294688	1.91738991922328E-03	0	0	13.29443497547	3605.63671875	
4.298784	1.93868469494734E-03	0	0	13.29593796333	3605.63671875	
4.30288	1.95041363600359E-03	0	0	13.28115222489	3605.63671875	
4.306976	1.95288002347625E-03	0	0	13.21761093356	3605.63671875	
4.311072	1.94686121515187E-03	0	0	13.21576843829	3605.63671875	
4.315168	1.93300729499453E-03	0	0	13.15498135314	3605.9765625	
4.319264	1.91077387482953E-03	0	0	13.08161723506	3605.9765625	
4.32336	1.88110618222656E-03	5.04461034E-08	0	13.04645342264	3605.9765625	
4.327456	1.84360904659594E-03	4.34065984202812E-06	0	12.91746349498	3605.9765625	
4.331552	1.80435064972766E-03	6.60249195519375E-06	0	12.89749740752	3605.9765625	
4.335648	1.76692858005125E-03	7.94982690593437E-06	0	12.82797468227	3635.37890625	
4.339744	1.73141607487406E-03	8.91459180655312E-06	0	12.69224419738	3635.37890625	
4.34384	1.70048954176234E-03	8.7136768632375E-06	0	12.67613476151	3635.37890625	
4.347936	1.67438569905406E-03	7.72405742016563E-06	0	12.60022243051	3635.37890625	
4.352032	1.65489588922797E-03	5.660000109225E-06	0	12.43522564394	3684.23828125	
4.356128	1.64154502982594E-03	2.83745797984687E-06	0	12.44950402861	3684.23828125	
4.360224	1.62835317126969E-03	1.6340435582625E-06	0	12.37754753114	3684.23828125	
4.36432	1.61570624948219E-03	1.1309748305625E-06	0	12.23868900045	3684.23828125	
4.368416	1.60516291162734E-03	3.1436266640625E-07	0	12.21675453295	3684.23828125	
4.372512	1.59459516133672E-03	1.00240284375E-08	0	12.13434578488	3684.23828125	
4.376608	1.58770216837375E-03	-1.15593297868125E-06	0	11.99613575149	3731.81640625	
4.380704	1.58366396747969E-03	-2.87443991401875E-06	0	11.98563772461	3731.81640625	
4.3848	1.57549302464812E-03	-2.38511251873125E-06	0	11.95143902876	3731.81640625	
4.388896	1.56690524176141E-03	-1.78099749784687E-06	0	11.80678598396	3731.81640625	
4.392992	1.56076830284891E-03	-2.33692674960937E-06	0	11.78593107373	3780.703125	
4.397088	1.55292797937234E-03	-2.0164450989375E-06	0	11.72982079852	3780.703125	
4.401184	1.54714817519453E-03	-2.319095757825E-06	0	11.60593111139	3780.703125	
4.40528	1.54395791785641E-03	-3.43148863581562E-06	0	11.58115851453	3780.703125	
4.409376	1.53702213455656E-03	-2.770883767575E-06	0	11.57349861701	3780.703125	
4.413472	1.53075362450141E-03	-2.39498654731875E-06	0	11.43286625547	3826.68359375	
4.417568	1.52688384198453E-03	-3.05374358086875E-06	0	11.39874385342	3826.68359375	
4.421664	1.5197035685975E-03	-2.2903390558125E-06	0	11.36649446416	3826.68359375	
4.42576	1.51439134942563E-03	-2.182495894425E-06	0	11.24862817254	3826.68359375	
4.429856	1.51297103939781E-03	-3.47035566425625E-06	0	11.17259758615	3873.2421875	
4.433952	1.50891025471484E-03	-3.3145572623625E-06	0	11.20156252732	3873.2421875	
4.438048	1.50475566044719E-03	-2.985868167975E-06	0	11.07508648037	3873.2421875	
4.442144	1.50316025748109E-03	-3.69440904597187E-06	0	11.0107593629	3873.2421875	
4.44624	1.49799359860047E-03	-2.96851986801562E-06	0	10.99431423431	3873.2421875	
4.450336	1.49380416860984E-03	-2.59093370714062E-06	0	10.91335888313	3921.203125	
4.454432	1.49415170294844E-03	-3.90408095168437E-06	0	10.81653442155	3921.203125	
4.458528	1.49201410618391E-03	-3.9291720323625E-06	0	10.84814675758	3921.203125	
4.462624	1.48804731395031E-03	-3.15801246698437E-06	0	10.77518318195	3921.203125	
4.46672	1.48663733577734E-03	-3.53650631925937E-06	0	10.66934842259	3967.72265625	
4.470816	1.48361412533125E-03	-3.32653201000312E-06	0	10.68047587332	3967.72265625	
4.474912	1.48025115229578E-03	-2.85802094005312E-06	0	10.60994606991	3967.72265625	
4.479008	1.48155159452094E-03	-4.09269422460938E-06	0	10.4817381537	3967.72265625	
4.483104	1.4806348938425E-03	-4.21506381377812E-06	0	10.50616742846	3967.72265625	
4.4872	1.47625894187062E-03	-3.07835293125937E-06	0	10.4630843196	3967.72265625	
4.491296	1.47361298127484E-03	-2.85693608536875E-06	0	10.34484037367	4015.48046875	
4.495392	1.47153371834563E-03	-3.0163614067125E-06	0	10.34194883865	4015.48046875	
4.499488	1.46785694950641E-03	-2.44499827615312E-06	0	10.29030556543	4015.484375	
4.503584	1.46828192704016E-03	-3.274825571325E-06	0	10.18424192467	4015.484375	
4.50768	1.46920018206844E-03	-4.01326401557812E-06	0	10.16759080282	4015.484375	
4.511776	1.46686454284734E-03	-3.38427810610312E-06	0	10.17684524076	4059.74609375	
4.515872	1.46551463572422E-03	-3.18902613789375E-06	0	10.07136143288	4059.74609375	
4.519968	1.46555770035812E-03	-3.62237306031562E-06	0	10.03014370743	4059.74609375	
4.524064	1.46217177780437E-03	-2.80644286663125E-06	0	10.02037047165	4059.74609375	
4.52816	1.46149243549031E-03	-2.94088407834375E-06	0	9.92625062528	4059.74609375	
4.532256	1.46315348687922E-03	-3.88219635818437E-06	0	9.85180694993	4106.984375	
4.536352	1.46187544557828E-03	-3.5427147265125E-06	0	9.89484428251	4106.984375	
4.540448	1.45973190571141E-03	-2.95538622730312E-06	0	9.8155406921	4106.984375	
4.544544	1.45990443854406E-03	-3.3401966598E-06	0	9.72150476891	4106.984375	
4.54864	0.00145703071998	-2.7446664861E-06	0	9.72834832277	4106.984375	
4.552736	1.45493015331469E-03	-2.36536806732187E-06	0	9.66023321813	4106.984375	
4.556832	1.45661451995125E-03	-3.35482212594375E-06	0	9.56202783877	4153.78515625	
4.560928	1.45639023641203E-03	-3.43261339430625E-06	0	9.59327014987	4153.78515625	
4.565024	1.45381943320281E-03	-2.67099564630938E-06	0	9.55616847493	4153.78515625	
4.56912	1.45343980611156E-03	-2.79746475060937E-06	0	9.45044815627	4153.78515625	
4.573216	1.45256873017266E-03	-2.85438512638125E-06	0	9.46793850992	4200.50390625	
4.577312	1.45093455989281E-03	-2.47336844009062E-06	0	9.42771641856	4200.50390625	
4.581408	1.45372379497125E-03	-3.53746953945E-06	0	9.31852091731	4200.50390625	
4.585504	1.45473860255453E-03	-3.80239547644687E-06	0	9.31239452517	4200.50390625	
4.5896	1.45238348824422E-03	-2.91633674712187E-06	0	9.32432687549	4200.50390625	
4.593696	1.45103065528609E-03	-2.56484575245937E-06	0	9.20690308791	4245.98828125	
4.597792	1.45116341504922E-03	-2.92415164315312E-06	0	9.18830265947	4245.98828125	
4.601888	1.44835872790469E-03	-2.23548574528125E-06	0	9.17345970068	4245.98828125	
4.605984	1.44878461976187E-03	-2.58876880545937E-06	0	9.08011042169	4245.98828125	
4.61008	1.45049394742828E-03	-3.29528372394375E-06	0	9.02802464443	4245.98828125	
4.614176	1.4494688994225E-03	-2.94992950199062E-06	0	9.06540097705	4291.609375	
4.618272	1.44740883728547E-03	-2.33168444715937E-06	0	8.99391750114	4291.609375	
4.622368	1.44716379860422E-03	-2.51446214899687E-06	0	8.91568202393	4291.609375	
4.626464	1.44418136698344E-03	-1.91306948115937E-06	0	8.94428456955	4291.609375	
4.63056	1.44271442646031E-03	-1.72317664220625E-06	0	8.87234714553	4291.609375	
4.634656	1.44501257842047E-03	-2.76267488155312E-06	0	8.77880713204	4338.52734375	
4.638752	1.44519004859969E-03	-2.83792961399062E-06	0	8.82417524021	4338.52734375	
4.642848	1.44329575330187E-03	-2.22473767910625E-06	0	8.79451984015	4338.52734375	
4.646944	1.44337913959937E-03	-2.3290928632125E-06	0	8.68581261922	4338.52734375	
4.65104	1.44266377294188E-03	-2.32836666201562E-06	0	8.7002397768	4385.1484375	
4.655136	1.44067959965016E-03	-1.79264676504375E-06	0	8.65708418883	4385.1484375	
4.659232	1.44257791797109E-03	-2.5264407427875E-06	0	8.56280412548	4385.1484375	
4.663328	1.44351007071563E-03	-2.82340534966875E-06	0	8.5558156134	4385.1484375	
4.667424	1.44155104131844E-03	-2.1813314725125E-06	0	8.57770811931	4385.1484375	
4.67152	1.44033188244687E-03	-1.86994356274687E-06	0	8.46980579797	4431.0703125	
4.675616	1.44042395481703E-03	-2.14695242035312E-06	0	8.45238792343	4431.0703125	
4.679712	1.4379615903675E-03	-1.58583447185625E-06	0	8.45516501775	4431.0703125	
4.683808	1.43881721424031E-03	-1.97552951485312E-06	0	8.37265327305	4431.0703125	
4.687904	1.44049810644781E-03	-2.58553202985E-06	0	8.30973377619	4475.55078125	
4.692	1.43966497493156E-03	-2.26346576537812E-06	0	8.36919716391	4475.55078125	
4.696096	1.43827986635609E-03	-1.82443880055937E-06	0	8.29288810515	4475.55078125	
4.700192	1.43953879829719E-03	-2.2711583057625E-06	0	8.22076376132	4475.55078125	
4.704288	1.43815643269203E-03	-1.97359345909687E-06	0	8.24245408866	4475.55078125	
4.708384	1.43739681278016E-03	-1.72880572311562E-06	0	8.18427625147	4522.93359375	
4.71248	1.43923551721297E-03	-2.36836373740312E-06	0	8.08575043815	4522.93359375	
4.716576	1.43928013619672E-03	-2.34126712988437E-06	0	8.12669350592	4522.93359375	
4.720672	0.00143738666379	-1.76161867107187E-06	0	8.11030559768	4522.93359375	
4.724768	1.43729907160469E-03	-1.79916598929375E-06	0	8.01089477628	4522.93359375	
4.728864	1.43668684063094E-03	-1.83497629002187E-06	0	8.0265273759	4522.93359375	
4.73296	1.43489467526109E-03	-1.38384741422812E-06	0	7.9952469179	4568.8125	
4.737056	1.43741994516312E-03	-2.19028290586875E-06	0	7.90233632826	4568.8125	
4.741152	1.43854986606719E-03	-2.47929583800938E-06	0	7.89912054459	4568.8125	
4.745248	1.43641455511125E-03	-1.79347080268125E-06	0	7.93219390689	4568.8125	
4.749344	1.43431023971984E-03	-1.25223216122812E-06	0	7.8441851939	4616.1328125	
4.75344	1.43425830614859E-03	-1.52288092904062E-06	0	7.81264152229	4616.1328125	
4.757536	1.43183443471578E-03	-1.08537752039062E-06	0	7.81249274938	4616.1328125	
4.761632	1.43251825721469E-03	-1.40895652373437E-06	0	7.74356893046	4616.1328125	
4.765728	1.43457027330547E-03	-2.08526161665937E-06	0	7.67813555289	4616.1328125	
4.769824	1.43457758789297E-03	-2.00198573839688E-06	0	7.73068672233	4659.9921875	
4.77392	1.43320207971359E-03	-1.53496793618437E-06	0	7.68498292144	4659.9921875	
4.778016	1.43370322038969E-03	-1.69871897435625E-06	0	7.59460147127	4659.9921875	
4.782112	1.43186396736281E-03	-1.35685801814062E-06	0	7.62596585245	4659.9921875	
4.786208	1.43040891304437E-03	-1.01410259166562E-06	0	7.57394873961	4659.9921875	
4.790304	1.43218910077719E-03	-1.67851635032812E-06	0	7.48445229752	4706.71484375	
4.7944	1.43206548424844E-03	-1.69077378999375E-06	0	7.5186014024	4706.71484375	
4.798496	1.42986443343734E-03	-1.13554910483437E-06	0	7.52236650143	4706.71484375	
4.802592	1.42953198543547E-03	-1.12420728925312E-06	0	7.41758459651	4706.71484375	
4.806688	1.42965843636688E-03	-1.385481306825E-06	0	7.43831743666	4706.71484375	
4.810784	1.42783372108266E-03	-9.56020918978125E-07	0	7.41329307026	4753.49609375	
4.81488	1.42953920859062E-03	-1.46880670426875E-06	0	7.33102165103	4753.49609375	
4.818976	1.43061655589703E-03	-1.76593597444687E-06	0	7.31327189846	4753.49609375	
4.823072	1.4291636045225E-03	-1.345712115825E-06	0	7.34820682948	4753.49609375	
4.827168	1.42749981016328E-03	-9.1633802596875E-07	0	7.26592396618	4753.49609375	
4.831264	1.42782741225094E-03	-1.17737622646875E-06	0	7.22599942064	4799.8125	
4.83536	1.42561977831109E-03	-7.85014359215625E-07	0	7.24855186792	4799.8125	
4.839456	1.42621006552234E-03	-9.79285799559375E-07	0	7.18288960895	4799.8125	
4.843552	1.42857578598453E-03	-1.67902981135312E-06	0	7.10515767082	4799.8125	
4.847648	1.42845280948219E-03	-1.55030950738125E-06	0	7.17209403625	4844.9140625	
4.851744	1.42700616693938E-03	-1.09136741824687E-06	0	7.13354277911	4844.9140625	
4.85584	1.42815757444422E-03	-1.35270081075937E-06	0	7.04613297245	4844.9140625	
4.859936	1.42735077544297E-03	-1.25658720495E-06	0	7.0798739055	4844.9140625	
4.864032	1.42590550438531E-03	-8.40102284896875E-07	0	7.03443331822	4844.9140625	
4.868128	1.42769428675844E-03	-1.36239022414687E-06	0	6.94614231817	4890.67578125	
4.872224	1.42807821116984E-03	-1.46499805423125E-06	0	6.97650725057	4890.67578125	
4.87632	1.42613993691469E-03	-9.75720899278125E-07	0	6.99032024306	4890.67578125	
4.880416	1.42552843739969E-03	-8.39967669646875E-07	0	6.89407942905	4890.67578125	
4.884512	1.42583135275453E-03	-1.0938883291875E-06	0	6.89724562175	4890.67578125	
4.888608	1.42403580438797E-03	-7.1378245929375E-07	0	6.88410782939	4937.3359375	
4.892704	1.42585631378437E-03	-1.1725594043625E-06	0	6.80296174371	4937.3359375	
4.8968	1.42694481583672E-03	-1.46972280912187E-06	0	6.76338814965	4937.3359375	
4.900896	1.42530872547766E-03	-1.0362191560875E-06	0	6.83323893824	4937.3359375	
4.904992	1.42321711918203E-03	-5.48927576071875E-07	0	6.74907161808	4937.3359375	
4.909088	1.42375538138969E-03	-8.4453809776875E-07	0	6.70838413454	4984.1171875	
4.913184	1.42148603061781E-03	-5.09695884534375E-07	0	6.73407607169	4984.1171875	
4.91728	1.42153384973359E-03	-5.6644174125E-07	0	6.67662684029	4984.1171875	
4.921376	1.4235342979825E-03	-1.17000339730312E-06	0	6.59870798235	4984.1171875	
4.925472	1.42363761653094E-03	-1.1656997958375E-06	0	6.65945310591	4984.1171875	
4.929568	1.42191649409219E-03	-7.23611055234375E-07	0	6.6303508359	5029.71484375	
4.933664	1.42220971761859E-03	-7.8824921175E-07	0	6.53967183991	5029.71484375	
4.93776	1.42136844862375E-03	-7.605290471625E-07	0	6.56691635589	5029.71484375	
4.941856	1.41949536562969E-03	-3.47331143053125E-07	0	6.5408200616	5029.71484375	
4.945952	1.42117086332891E-03	-8.4123233184375E-07	0	6.45521460331	5029.71484375	
4.950048	1.42123687748109E-03	-9.273038803875E-07	0	6.46556385728	5074.234375	
4.954144	1.41946427863281E-03	-5.51764592465625E-07	0	6.5030164837	5074.234375	
4.95824	1.41887353425984E-03	-4.32438269484375E-07	0	6.40676422562	5074.234375	
4.962336	1.42015340420766E-03	-8.56127749640625E-07	0	6.40106126407	5074.234375	
4.966432	1.41880130270828E-03	-5.68460248846875E-07	0	6.40749283141	5074.234375	
4.970528	1.42076152072594E-03	-9.2365821095625E-07	0	6.3275025968	5121.5546875	
4.974624	1.42298140659984E-03	-1.36704887333437E-06	0	6.29152625541	5121.5546875	
4.97872	1.42256895529719E-03	-1.147512314025E-06	0	6.35308772263	5121.5546875	
4.982816	1.42060398279766E-03	-6.02960214346875E-07	0	6.30178014213	5121.5546875	
4.986912	1.42113383322969E-03	-7.32313450378125E-07	0	6.22678715142	5167.296875	
4.991008	1.41984911736766E-03	-5.8920566079375E-07	0	6.26794384183	5167.296875	
4.995104	1.41964037732688E-03	-5.042456496E-07	0	6.21310385839	5167.296875	
4.9992	1.42209634151234E-03	-1.09222655200312E-06	0	6.13103461773	5167.296875	
5.003296	1.42238133612781E-03	-1.09692125884687E-06	0	6.18404736466	5167.296875	
5.007392	1.42102466301125E-03	-7.29785808675E-07	0	6.18585552772	5167.296875	
5.011488	0.00142169833652	-7.9489535895E-07	0	6.08295045028	5214.4765625	
5.015584	1.42179571196609E-03	-9.12232020459375E-07	0	6.11725214276	5214.4765625	
5.01968	1.41982644214641E-03	-4.5039570345E-07	0	6.0913732858	5214.4765625	
5.023776	1.42147030425469E-03	-8.0745448100625E-07	0	6.0145072823	5214.4765625	
5.027872	1.42257471553484E-03	-1.06378499390625E-06	0	6.0146980168	5214.4765625	
5.031968	1.42133535011531E-03	-7.81009074759375E-07	0	6.0597495057	5258.21875	
5.036064	1.42039835145656E-03	-5.30482161825E-07	0	5.97278983246	5258.21875	
5.04016	1.42135445947516E-03	-7.9974198871875E-07	0	5.95077525647	5258.21875	
5.044256	1.41977066841672E-03	-5.37051145640625E-07	0	5.97717672596	5258.21875	
5.048352	1.42084591277922E-03	-6.9007767530625E-07	0	5.91116351551	5305.19921875	
5.052448	1.42249178639906E-03	-1.07804892195E-06	0	5.84199937112	5305.19921875	
5.056544	1.42131386351453E-03	-8.0444679170625E-07	0	5.92044465628	5305.19921875	
5.06064	1.41905383884172E-03	-3.34428271340625E-07	0	5.87440897736	5305.19921875	
5.064736	1.41973272399406E-03	-5.2613745463125E-07	0	5.79996530201	5305.19921875	
5.068832	1.41862200388219E-03	-4.90090615678125E-07	0	5.84187730104	5351.578125	
5.072928	1.41757446351984E-03	-2.6910309628125E-07	0	5.8021816369	5351.578125	
5.077024	1.41940932779422E-03	-7.21174278825E-07	0	5.71602304856	5351.578125	
5.08112	1.41993835533516E-03	-8.37752287246875E-07	0	5.7663235509	5351.578125	
5.085216	1.41864659918266E-03	-5.64348233728125E-07	0	5.77374312295	5398.13671875	
5.089312	1.41880752010766E-03	-5.3806532731875E-07	0	5.68326630553	5398.13671875	
5.093408	1.41919802764781E-03	-7.08222609084375E-07	0	5.69419539238	5398.13671875	
5.097504	1.41722427764328E-03	-3.20259535509375E-07	0	5.68780960132	5398.13671875	
5.1016	1.41886695113109E-03	-6.177839976E-07	0	5.61062697855	5398.13671875	
5.105696	1.41971452895766E-03	-8.3499195346875E-07	0	5.58981402991	5398.13671875	
5.109792	1.4183526441975E-03	-5.61215544553125E-07	0	5.66206044382	5442.63671875	
5.113888	1.41716128075844E-03	-2.99948017359375E-07	0	5.58836444771	5442.63671875	
5.117984	0.001418681800635	-6.42630847753125E-07	0	5.5504883907	5442.63671875	
5.12208	1.41758095521625E-03	-5.001177691125E-07	0	5.57110297546	5442.63671875	
5.126176	1.41881538328922E-03	-6.23787116596875E-07	0	5.51767442732	5442.63671875	
5.130272	1.42117488635203E-03	-1.05317274490312E-06	0	5.45307265217	5488.91796875	
5.134368	1.42102320009375E-03	-9.397759833E-07	0	5.52031800749	5488.91796875	
5.138464	1.41911198981234E-03	-4.9632306136875E-07	0	5.48989585474	5488.91796875	
5.14256	1.41970319134703E-03	-5.5986049783125E-07	0	5.41148871648	5488.91796875	
5.146656	1.41930098046688E-03	-6.0264891658125E-07	0	5.45461378693	5488.91796875	
5.150752	0.00141828681291	-3.65576797884375E-07	0	5.42712513079	5535.3203125	
5.154848	1.4207430513925E-03	-8.12396062603125E-07	0	5.34335835308	5535.3203125	
5.158944	1.42161485879016E-03	-9.55251208209375E-07	0	5.36256150254	5535.3203125	
5.16304	1.42050660735156E-03	-6.903810403875E-07	0	5.40168114849	5535.3203125	
5.167136	1.42062089778125E-03	-6.0413641509375E-07	0	5.30985393081	5535.3203125	
5.171232	1.42170171951672E-03	-8.41736898646875E-07	0	5.31671655812	5582.37890625	
5.175328	1.41973930712281E-03	-4.79392549453125E-07	0	5.3202718492	5582.37890625	
5.179424	1.42067072840859E-03	-5.86593403790625E-07	0	5.25901555718	5582.37890625	
5.18352	1.42181363270547E-03	-8.3011070835E-07	0	5.23123316991	5582.37890625	
5.187616	1.42074707441562E-03	-6.547762683E-07	0	5.29110854415	5582.37890625	
5.191712	1.41912387601703E-03	-3.3592802945625E-07	0	5.23273234308	5582.37890625	
5.195808	1.42014855829344E-03	-5.534638696125E-07	0	5.18060841892	5627.51953125	
5.199904	1.41896880676203E-03	-4.626158835375E-07	0	5.22415310527	5627.51953125	
5.204	1.41927400792547E-03	-4.43593066021875E-07	0	5.16928260431	5627.51953125	
5.208096	1.42158139455234E-03	-8.74664750334375E-07	0	5.09775716681	5627.51953125	
5.212192	1.42134037889422E-03	-8.1588812641875E-07	0	5.16243523576	5672.5	
5.216288	1.41914197962109E-03	-4.08084928453125E-07	0	5.15830392649	5672.5	
5.220384	1.41926888771422E-03	-3.97331573821875E-07	0	5.06791866163	5672.5	
5.22448	1.41884409304516E-03	-4.77462984075E-07	0	5.10883502657	5672.5	
5.228576	1.41707094560281E-03	-1.8639356360625E-07	0	5.08092293984	5672.5	
5.232672	0.00141855598973	-4.75690630078125E-07	0	5.00404167758	5672.5	
5.236768	1.41908035422141E-03	-6.264503350875E-07	0	5.02151295778	5672.5	
5.240864	1.41784345747516E-03	-4.36477207753125E-07	0	5.06378353767	5719.7578125	
5.24496	1.41767421620687E-03	-3.611486773125E-07	0	4.98814967904	5719.7578125	
5.249056	1.41879874260266E-03	-6.062224707E-07	0	4.97154051878	5765.41796875	
5.253152	1.41664514517797E-03	-3.05773973071875E-07	0	4.9930095941	5765.41796875	
5.257248	1.41709992965578E-03	-3.2106506355E-07	0	4.92891517272	5765.41796875	
5.261344	1.41829623044141E-03	-5.9645180739375E-07	0	4.874410882	5765.41796875	
5.26544	1.41740951957172E-03	-4.7439423714375E-07	0	4.95255480665	5765.41796875	
5.269536	1.41562887467719E-03	-1.85770968075E-07	0	4.91375177997	5765.41796875	
5.273632	1.41666919188437E-03	-3.5997319771875E-07	0	4.84542305269	5765.41796875	
5.277728	1.41597000875172E-03	-3.72901790559375E-07	0	4.89044402407	5812.0390625	
5.281824	1.4159359044875E-03	-2.96302828696875E-07	0	4.84978705805	5812.0390625	
5.28592	1.41823551936516E-03	-6.72532019775E-07	0	4.7701172574	5812.0390625	
5.290016	1.41830747661969E-03	-6.77960139346875E-07	0	4.82925639647	5812.0390625	
5.294112	1.41633710961188E-03	-3.362448560625E-07	0	4.83240351572	5812.0390625	
5.298208	1.41619794958469E-03	-2.65489397971875E-07	0	4.74217083846	5856.01953125	
5.302304	1.41624640872687E-03	-3.870774975375E-07	0	4.76912925269	5856.01953125	
5.3064	1.41397586933453E-03	-7.33153113E-08	0	4.77128073785	5856.01953125	
5.310496	1.41541922031297E-03	-2.8389154303125E-07	0	4.68629707403	5856.01953125	
5.314592	1.41657565659672E-03	-5.3848359613125E-07	0	4.68490852687	5903.12109375	
5.318688	1.41568876286234E-03	-4.12741173796875E-07	0	4.75282145294	5903.12109375	
5.322784	1.41501966097078E-03	-2.49788452134375E-07	0	4.67585245281	5903.12109375	
5.32688	1.41640412951984E-03	-4.830774015375E-07	0	4.64925643413	5903.12109375	
5.330976	1.41450699981937E-03	-2.62205747409375E-07	0	4.67225138545	5949.5	
5.335072	1.41456286498141E-03	-2.0396181526875E-07	0	4.61830403947	5949.5	
5.339168	1.41568784853891E-03	-4.3518754558125E-07	0	4.56572998189	5949.5	
5.343264	1.41471610558953E-03	-3.38946536053125E-07	0	4.63601945983	5949.5	
5.34736	1.41228327378703E-03	-3.788217365625E-09	0	4.6138294081	5949.5	
5.351456	1.41254184445516E-03	-6.5048733028125E-08	0	4.53370565934	5996	
5.355552	1.41144685070641E-03	-8.41854927375E-08	0	4.58274349929	5996	
5.359648	1.40991252454594E-03	1.251460287E-07	0	4.55102435194	5996	
5.363744	1.41162788674703E-03	-1.91547885375E-07	0	4.46715076291	5996	
5.36784	0.00141137599064	-2.4728004118125E-07	0	4.50931453148	6040.16015625	
5.371936	1.40896318252078E-03	3.97586140875E-08	0	4.54579822664	6040.16015625	
5.376032	1.40797607893766E-03	1.7571136275E-07	0	4.44821464175	6040.16015625	
5.380128	1.40777364772859E-03	3.7975683178125E-08	0	4.4728384657	6040.16015625	
5.384224	1.40486491057688E-03	3.3761120085E-07	0	4.46779544552	6040.16015625	
5.38832	1.40535398218359E-03	2.23886554959375E-07	0	4.40454025594	6040.16015625	
5.392416	1.40612567116484E-03	-1.3839168853125E-08	0	4.38523792454	6086.87890625	
5.396512	1.40525422949656E-03	2.5805022271875E-08	0	4.44927512557	6086.87890625	
5.400608	1.4041916027975E-03	1.698411763125E-07	0	4.38938067788	6086.87890625	
5.404704	1.40533725006469E-03	-2.474372525625E-08	0	4.34828502251	6086.87890625	
5.4088	1.40347614470766E-03	1.14571760428125E-07	0	4.39207384902	6086.87890625	
5.412896	1.40321007658734E-03	2.054065253625E-07	0	4.34068234534	6133.0390625	
5.416992	1.40472017317672E-03	-7.539752075625E-08	0	4.27172419421	6133.0390625	
5.421088	1.40374550439234E-03	-1.224758390625E-09	0	4.35145121521	6133.0390625	
5.425184	1.40118521590266E-03	3.06673491403125E-07	0	4.33708509267	6133.0390625	
5.42928	1.40131669561297E-03	2.87247549290625E-07	0	4.25594282168	6180.19921875	
5.433376	1.40076234131281E-03	1.942469211375E-07	0	4.297248285	6180.19921875	
5.437472	1.39928863479625E-03	3.70449389165625E-07	0	4.27275034582	6180.19921875	
5.441568	1.40100015683891E-03	1.1212825325625E-07	0	4.19513666308	6180.19921875	
5.445664	1.40144204935625E-03	-1.297258318125E-08	0	4.2280498084	6180.19921875	
5.44976	1.39961742550437E-03	1.81964000728125E-07	0	4.26420162553	6224.640625	
5.453856	1.39854099252141E-03	3.452160009375E-07	0	4.18454326895	6224.640625	
5.457952	1.39842030182766E-03	2.53791813515625E-07	0	4.17840924743	6224.640625	
5.462048	1.39531745381016E-03	5.38554028753125E-07	0	4.20358238674	6224.640625	
5.466144	1.39556313251781E-03	4.993177699125E-07	0	4.1341321406	6224.640625	
5.47024	1.39629660277938E-03	2.65342763503125E-07	0	4.09421903913	6270.359375	
5.474336	0.001394994240475	3.40736197725E-07	0	4.18498958768	6270.359375	
5.478432	0.001393186074445	5.3455667698125E-07	0	4.14139531036	6270.359375	
5.482528	1.39409088891875E-03	3.7665202719375E-07	0	4.07807908574	6270.359375	
5.486624	1.39216386084188E-03	4.5579521728125E-07	0	4.11942651065	6270.359375	
5.49072	1.39089734001625E-03	6.18977986790625E-07	0	4.07597337686	6270.359375	
5.494816	0.001391565161855	4.37063024475E-07	0	4.00338745554	6317.1796875	
5.498912	1.39028419471906E-03	4.7863077136875E-07	0	4.06627643488	6317.1796875	
5.503008	1.38699317893812E-03	7.74390331378125E-07	0	4.07521806824	6317.1796875	
5.507104	1.38561803648812E-03	8.7929671685625E-07	0	3.98326496579	6317.1796875	
5.5112	1.38438095687719E-03	8.14162887759375E-07	0	4.02254864341	6317.1796875	
5.515296	1.38179653024875E-03	1.01026773973125E-06	0	4.02050778426	6363.19921875	
5.519392	1.38328724318125E-03	7.47158868225E-07	0	3.93502058136	6363.19921875	
5.523488	1.38342832328766E-03	5.7504702110625E-07	0	3.94619762306	6363.19921875	
5.527584	1.38121191184281E-03	7.43211035634375E-07	0	4.00662994204	6363.19921875	
5.53168	1.37928890678906E-03	9.4139088553125E-07	0	3.92184845679	6409.5	
5.535776	1.37931578789812E-03	8.15759040009375E-07	0	3.91385286655	6409.5	
5.539872	1.37592648234766E-03	1.041289343325E-06	0	3.93480695872	6409.5	
5.543968	0.00137493178988	1.11435513564375E-06	0	3.87970376167	6409.5	
5.548064	1.37511410597344E-03	9.31790173978125E-07	0	3.83831818986	6409.5	
5.55216	1.37384740228313E-03	9.39630550753125E-07	0	3.91498201479	6454.16015625	
5.556256	1.37132441818969E-03	1.133054636175E-06	0	3.88096642406	6454.16015625	
5.560352	1.37109492300687E-03	1.086262375275E-06	0	3.80536308295	6454.16015625	
5.564448	1.36868604647844E-03	1.15406302862812E-06	0	3.85988263243	6454.16015625	
5.568544	1.36691463625062E-03	1.31451647394375E-06	0	3.82003819538	6454.16015625	
5.57264	1.36793410688344E-03	1.05917033505937E-06	0	3.73693898842	6454.16015625	
5.576736	1.36629819938906E-03	1.08702944181562E-06	0	3.80186501222	6501.359375	
5.580832	1.3626505974675E-03	1.38242097334687E-06	0	3.82720599789	6501.359375	
5.584928	1.36129035848953E-03	1.4716341052875E-06	0	3.7332845154	6501.359375	
5.589024	1.36075429065813E-03	1.32091478485313E-06	0	3.76537750237	6501.359375	
5.59312	1.35816392092734E-03	1.4832687090375E-06	0	3.76059388111	6547.69921875	
5.597216	1.35895865085922E-03	1.32067992931875E-06	0	3.68484558178	6547.69921875	
5.601312	1.35910338825937E-03	1.15949499435E-06	0	3.68444122464	6547.69921875	
5.605408	1.35701617071625E-03	1.28292107284688E-06	0	3.75721788046	6547.69921875	
5.609504	1.35484977276344E-03	1.4790667901625E-06	0	3.67409197067	6547.69921875	
5.6136	1.35442488666203E-03	1.40614787269687E-06	0	3.65673131648	6594.31640625	
5.617696	1.35038851441484E-03	1.65827358210937E-06	0	3.69701444288	6594.31640625	
5.621792	1.34876961333641E-03	1.78021120055625E-06	0	3.63753961109	6594.31640625	
5.625888	1.34857760541453E-03	1.60093325483437E-06	0	3.58025441136	6594.31640625	
5.629984	1.34648407903969E-03	1.65511757565E-06	0	3.66872851653	6594.31640625	
5.63408	0.001343253774335	1.87125269605312E-06	0	3.63909600461	6638.45703125	
5.638176	1.34304695437344E-03	1.79996045965312E-06	0	3.56630409003	6638.45703125	
5.642272	1.34100216143781E-03	1.77454317737812E-06	0	3.61250380062	6638.45703125	
5.646368	1.33843263828141E-03	1.97301942120937E-06	0	3.58879168758	6638.45703125	
5.650464	1.33882726027703E-03	1.79008426760625E-06	0	3.51297472383	6685.45703125	
5.65456	1.33746574124625E-03	1.7662145799375E-06	0	3.56394279692	6685.45703125	
5.658656	1.33378677803078E-03	2.00703332950313E-06	0	3.58660205552	6685.45703125	
5.662752	1.33122328940906E-03	2.18735790879375E-06	0	3.50809192063	6685.45703125	
5.666848	1.32973010780328E-03	2.1251815286625E-06	0	3.52098938752	6685.45703125	
5.670944	1.32592012203922E-03	2.34224357121562E-06	0	3.53778546759	6731.4375	
5.67504	1.32590613289062E-03	2.22794056051875E-06	0	3.46107586638	6731.4375	
5.679136	1.32493941872016E-03	2.09560800054375E-06	0	3.44674407605	6731.4375	
5.683232	1.32155697059547E-03	2.27170518021562E-06	0	3.52737517858	6731.4375	
5.687328	0.00131795407909	2.52496790772187E-06	0	3.46629054761	6731.4375	
5.691424	1.31708666044484E-03	2.4381062157375E-06	0	3.42306248053	6778.859375	
5.69552	1.31284904560906E-03	2.6083896993E-06	0	3.46442897889	6778.85546875	
5.699616	1.31046119851969E-03	2.74407778476562E-06	0	3.42403522648	6778.85546875	
5.703712	1.30958161937281E-03	2.59327673364375E-06	0	3.3658917215	6778.85546875	
5.707808	1.30745261724859E-03	2.59889692033125E-06	0	3.43160357144	6778.85546875	
5.711904	1.30374969875906E-03	2.78739745298438E-06	0	3.43172564152	6822.91796875	
5.716	1.30237510490312E-03	2.803564504125E-06	0	3.34867984022	6822.91796875	
5.720096	1.30004202578766E-03	2.76740372297813E-06	0	3.39459726375	6822.91796875	
5.724192	1.2964301739125E-03	3.00815011684687E-06	0	3.37630963989	6822.91796875	
5.728288	1.29653541254016E-03	2.826268327575E-06	0	3.30006543086	6869.015625	
5.732384	1.29441125633016E-03	2.82082145802187E-06	0	3.32284294485	6869.015625	
5.73648	0.001290600447675	3.02341212081562E-06	0	3.37807584136	6869.015625	
5.740576	1.28749988546609E-03	3.2088939064875E-06	0	3.29159681906	6869.015625	
5.744672	1.28623665620484E-03	3.0985122861E-06	0	3.3050855629	6869.015625	
5.748768	1.28194335907172E-03	3.31246159138125E-06	0	3.31767022521	6915.85546875	
5.752864	1.28129647523969E-03	3.2515582869E-06	0	3.26605746951	6915.85546875	
5.75696	1.28066403771797E-03	3.08369619514687E-06	0	3.23709252834	6915.85546875	
5.761056	1.27819106711656E-03	3.14982353286562E-06	0	3.30560817543	6915.85546875	
5.765152	1.27445660446844E-03	3.39103627242187E-06	0	3.26176975795	6915.85546875	
5.769248	1.27332247767656E-03	3.36559110555937E-06	0	3.20688018354	6961.89453125	
5.773344	1.26922310854453E-03	3.50525659089375E-06	0	3.26099156119	6961.89453125	
5.77744	1.26623391093031E-03	3.70836239740312E-06	0	3.22569041993	6961.89453125	
5.781536	1.26544622128891E-03	3.54339212968125E-06	0	3.14537975136	6961.89453125	
5.785632	1.26278407716828E-03	3.59911346819062E-06	0	3.22061306754	6961.89453125	
5.789728	1.25867775917813E-03	3.80802239389687E-06	0	3.22784190509	7007.89453125	
5.793824	1.25687114749797E-03	3.85998099578437E-06	0	3.14062664762	7007.89453125	
5.79792	1.25469130899063E-03	3.78373732202812E-06	0	3.17752614399	7007.89453125	
5.802016	1.25053132021469E-03	4.0416796121625E-06	0	3.16630332601	7007.89453125	
5.806112	1.24981183910172E-03	3.93297130740937E-06	0	3.09523565131	7007.89453125	
5.810208	0.00124764041237	3.90977637868125E-06	0	3.11243990321	7052.59375	
5.814304	1.24350803616188E-03	4.09346946421875E-06	0	3.16750495336	7052.59375	
5.8184	1.23929382800609E-03	4.35104709125625E-06	0	3.10445957173	7052.59375	
5.822496	1.23760598694047E-03	4.28225100620625E-06	0	3.0842913057	7052.59375	
5.826592	1.23268720114375E-03	4.49229118078125E-06	0	3.12279297187	7052.59375	
5.830688	1.23094678648047E-03	4.51700173299375E-06	0	3.06290615356	7099.61328125	
5.834784	1.22949849815547E-03	4.37024418744375E-06	0	3.007883065	7099.61328125	
5.83888	1.22629315448062E-03	4.46612462040937E-06	0	3.09547216209	7099.61328125	
5.842976	1.22198714825172E-03	4.7030597200125E-06	0	3.06294430046	7099.61328125	
5.847072	1.22084296390203E-03	4.64335617394687E-06	0	2.99969674026	7099.61328125	
5.851168	1.21713556522766E-03	4.69376501776875E-06	0	3.04760543197	7146.09375	
5.855264	1.21357089244187E-03	4.91605734355312E-06	0	3.0184116094	7146.09375	
5.85936	1.21264952871391E-03	4.77157768034062E-06	0	2.94811068739	7146.09375	
5.863456	1.21084282560141E-03	4.729770270225E-06	0	3.00527763173	7146.09375	
5.867552	1.20732962922516E-03	4.86513527909062E-06	0	3.02213093215	7192.13671875	
5.871648	1.20527541875812E-03	4.95501932382187E-06	0	2.93996250955	7192.13671875	
5.875744	1.20394818685625E-03	4.83393434875313E-06	0	2.96344574119	7192.13671875	
5.87984	1.20002793368562E-03	5.06524373282812E-06	0	2.97825818246	7192.13671875	
5.883936	1.20027507531078E-03	4.91752849592813E-06	0	2.90977305289	7192.13671875	
5.888032	1.19920595691531E-03	4.80708221214375E-06	0	2.89269087107	7192.13671875	
5.892128	1.19628707077344E-03	4.944935439675E-06	0	2.97158628965	7236.39453125	
5.896224	1.19292601781719E-03	5.19514264139062E-06	0	2.90961283591	7236.39453125	
5.90032	1.19290471408109E-03	5.06074133348437E-06	0	2.8744833557	7236.39453125	
5.904416	1.18954932993016E-03	5.17668256369687E-06	0	2.9138509565	7236.39453125	
5.908512	1.18860026220203E-03	5.22195174919687E-06	0	2.86670901748	7283.65234375	
5.912608	1.18875560575406E-03	5.023031515425E-06	0	2.81296385007	7283.65234375	
5.916704	1.18757832289594E-03	5.01762310737187E-06	0	2.88232254365	7283.65234375	
5.9208	1.18464297893219E-03	5.20631570714062E-06	0	2.87490678629	7283.65234375	
5.924896	1.18414485552344E-03	5.2108438276125E-06	0	2.79523317095	7283.65234375	
5.928992	1.18205708938625E-03	5.20309215267187E-06	0	2.84628898191	7329.375	
5.933088	1.17853036102312E-03	5.5006319993625E-06	0	2.82638774418	7329.375	
5.937184	1.17852130922109E-03	5.3607975238125E-06	0	2.74765254258	7329.375	
5.94128	1.17643217159875E-03	5.40028762855312E-06	0	2.78259891767	7329.375	
5.945376	1.17301662496563E-03	5.60618718226875E-06	0	2.83475335935	7329.375	
5.949472	1.17063993262219E-03	5.75878150082812E-06	0	2.74301769423	7376.85546875	
5.953568	1.16967458993688E-03	5.63847464998125E-06	0	2.76240013412	7376.85546875	
5.957664	1.16519495368719E-03	5.91211307826562E-06	0	2.76891562464	7376.85546875	
5.96176	1.16431144294953E-03	5.88865709210625E-06	0	2.71321733595	7376.85546875	
5.965856	1.16291709970734E-03	5.80187232312187E-06	0	2.67785515965	7376.85546875	
5.969952	0.001159850733195	5.91884335999687E-06	0	2.75718926758	7420.5546875	
5.974048	1.15531724329484E-03	6.23341756465312E-06	0	2.71020373085	7420.5546875	
5.978144	1.15398489118172E-03	6.21430868953125E-06	0	2.65951031544	7420.5546875	
5.98224	1.14985827521125E-03	6.34546456799062E-06	0	2.71443422206	7420.5546875	
5.986336	1.14766536187875E-03	6.4611752695875E-06	0	2.67476526075	7420.5546875	
5.990432	1.14738640179797E-03	6.22846853114062E-06	0	2.59888344727	7467.2734375	
5.994528	1.14539665113328E-03	6.246676445625E-06	0	2.67382684701	7467.2734375	
5.998624	1.14191563894203E-03	6.4262445352875E-06	0	2.67821374051	7467.2734375	
6.00272	1.14098092609188E-03	6.45326229673125E-06	0	2.58882410974	7467.2734375	
6.006816	1.13928531327703E-03	6.36677271975937E-06	0	2.63207506496	7467.2734375	
6.010912	1.13548392215328E-03	6.66824357213437E-06	0	2.62303806435	7513.93359375	
6.015008	1.13546124693203E-03	6.5248617443625E-06	0	2.54137699552	7513.93359375	
6.019104	1.13441425516375E-03	6.45528921778125E-06	0	2.56416976827	7513.93359375	
6.0232	1.13220031239219E-03	6.52952808585E-06	0	2.61944844106	7513.93359375	
6.027296	1.12986833046484E-03	6.71389833417187E-06	0	2.54846468954	7513.93359375	
6.031392	1.12979692180437E-03	6.57241506219375E-06	0	2.52910895248	7560.19140625	
6.035488	1.12602378327484E-03	6.80248911096562E-06	0	2.56646239696	7560.19140625	
6.039584	1.12615087423266E-03	6.75546608106562E-06	0	2.50195980375	7560.19140625	
6.04368	1.12597998718219E-03	6.57598356824062E-06	0	2.45555791459	7560.19140625	
6.047776	1.12393674859641E-03	6.67671087135937E-06	0	2.54598514104	7605.29296875	
6.051872	1.12002646155125E-03	6.98021345247187E-06	0	2.51421258803	7605.29296875	
6.055968	1.11941221906594E-03	6.96563389974375E-06	0	2.44478904472	7605.29296875	
6.060064	1.11603205674984E-03	7.07424797382187E-06	0	2.49326612524	7605.29296875	
6.06416	1.1133548262925E-03	7.3040648113125E-06	0	2.46010502507	7605.29296875	
6.068256	1.11305392244922E-03	7.12900392868125E-06	0	2.38886568932	7605.29296875	
6.072352	1.11145138776031E-03	7.13163782027812E-06	0	2.43952095783	7650.97265625	
6.076448	1.10808567175453E-03	7.31417946465937E-06	0	2.46094425687	7650.97265625	
6.080544	1.10610625294469E-03	7.4525300474625E-06	0	2.37539983362	7650.97265625	
6.08464	1.10423179846547E-03	7.41075557000625E-06	0	2.40212173707	7650.97265625	
6.088736	1.09925650748031E-03	7.78515543599062E-06	0	2.4068023617	7697.47265625	
6.092832	1.09824462573203E-03	7.73475885177187E-06	0	2.33783658119	7697.46875	
6.096928	1.09576754067516E-03	7.74664658026875E-06	0	2.31975495059	7697.46875	
6.101024	1.09207659982266E-03	7.93569446814375E-06	0	2.40252609421	7697.46875	
6.10512	1.08821276040813E-03	8.18348027805E-06	0	2.33470853539	7697.46875	
6.109216	1.08766224626641E-03	8.01267804500625E-06	0	2.30939043786	7744.23046875	
6.113312	0.001083498143035	8.1895658488875E-06	0	2.34159405084	7744.23046875	
6.117408	1.08237014221016E-03	8.2161869761125E-06	0	2.29420415697	7744.23046875	
6.121504	1.08159708174375E-03	8.05053545907188E-06	0	2.2376590071	7744.23046875	
6.1256	1.07953491666281E-03	8.10464213573437E-06	0	2.30646457063	7744.23046875	
6.129696	1.07559281116203E-03	8.37469619260312E-06	0	2.28985159568	7789.609375	
6.133792	1.07424198971547E-03	8.42649181388437E-06	0	2.21617467302	7789.609375	
6.137888	1.07149106478906E-03	8.44374516201562E-06	0	2.26099728052	7789.609375	
6.141984	1.06847123733969E-03	8.68218867357187E-06	0	2.23400071939	7789.609375	
6.14608	1.06917746076281E-03	8.4205223487E-06	0	2.15885895577	7789.609375	
6.150176	1.06773164111109E-03	8.4118454343E-06	0	2.19565545551	7834.12890625	
6.154272	1.06492229091703E-03	8.5760991162E-06	0	2.24001648552	7834.12890625	
6.158368	1.06298776538797E-03	8.7201922413375E-06	0	2.1552617031	7834.12890625	
6.162464	1.06229690259859E-03	8.58013541024062E-06	0	2.16949431149	7834.12890625	
6.16656	1.05788236617766E-03	8.9278766490375E-06	0	2.17266431888	7834.12890625	
6.170656	1.05735983033313E-03	8.90284037599687E-06	0	2.10837534831	7881.53125	
6.174752	1.05601348907141E-03	8.840916159075E-06	0	2.08619674065	7881.53125	
6.178848	1.05338471775625E-03	8.96877035814375E-06	0	2.15375490055	7881.53125	
6.182944	1.04947900232828E-03	9.28050658486875E-06	0	2.1118886778	7881.53125	
6.18704	1.04865995139297E-03	9.22833091589062E-06	0	2.05557240933	7881.53125	
6.191136	0.0010446986451	9.39061729206562E-06	0	2.10112362262	7927.23046875	
6.195232	1.04272571798656E-03	9.54335463932812E-06	0	2.05449666675	7927.23046875	
6.199328	1.04228729989828E-03	9.34573945232812E-06	0	1.978679703	7927.2265625	
6.203424	1.03968257528953E-03	9.46122058684687E-06	0	2.04698935683	7927.2265625	
6.20752	1.03500114785719E-03	9.8073603849375E-06	0	2.04681388109	7927.2265625	
6.211616	1.03274112318438E-03	9.94973572333125E-06	0	1.96195610204	7974.52734375	
6.215712	1.02944782159484E-03	9.98075876923125E-06	0	2.00625228232	7974.52734375	
6.219808	1.02467743049203E-03	1.0365003096525E-05	0	1.98895266317	7974.52734375	
6.223904	1.02378130209094E-03	1.02229892962312E-05	0	1.91634385371	7974.52734375	
6.228	1.02157531393328E-03	1.02097693575281E-05	0	1.93674863052	7974.52734375	
6.232096	1.01805443724016E-03	1.03724283294844E-05	0	1.97466283443	7974.52734375	
6.236192	1.01430735692859E-03	1.06486980051375E-05	0	1.89840718133	8018.1875	
6.240288	1.01257334252937E-03	1.05676819803844E-05	0	1.8857920015	8018.1875	
6.244384	1.00648339984156E-03	1.09989067895437E-05	0	1.91349046559	8018.1875	
6.24848	1.0042270324625E-03	1.10872482877406E-05	0	1.84312850854	8018.1875	
6.252576	1.00157787173469E-03	1.10310353631844E-05	0	1.80178489832	8065.12890625	
6.256672	9.97497886259531E-04	1.12165219565437E-05	0	1.884838329	8065.12890625	
6.260768	9.92010757014063E-04	0.00001158921918	0	1.83954269994	8065.12890625	
6.264864	9.9009305503625E-04	1.15513449390281E-05	0	1.77576489783	8065.12890625	
6.26896	9.8531516648125E-04	1.16966611398656E-05	0	1.81958424186	8065.12890625	
6.273056	9.82114760152969E-04	1.19003950707469E-05	0	1.7792477098	8065.12890625	
6.277152	9.80963261215781E-04	1.16851904782594E-05	0	1.70760020222	8111.62890625	
6.281248	9.78099051615469E-04	0.000011771065152	0	1.75843476116	8111.62890625	
6.285344	9.72982314794531E-04	1.21130124062062E-05	0	1.76978346391	8111.62890625	
6.28944	9.6965756047875E-04	1.23323669945437E-05	0	1.68508208715	8111.62890625	
6.293536	9.66946225757187E-04	1.22854591087594E-05	0	1.70769938416	8158.1484375	
6.297632	9.61800322018594E-04	1.26672132943125E-05	0	1.70435771572	8158.1484375	
6.301728	9.61312256167656E-04	1.24845367942969E-05	0	1.62365031939	8158.14453125	
6.305824	9.5915820158125E-04	1.24433120759062E-05	0	1.61457898657	8158.14453125	
6.30992	9.56253853182031E-04	1.2588935487975E-05	0	1.68240036008	8158.14453125	
6.314016	9.53383974776406E-04	1.27907754303656E-05	0	1.596447765	8202.74609375	
6.318112	9.52798807776406E-04	1.26207027639E-05	0	1.58351215121	8202.74609375	
6.322208	9.47977580290469E-04	1.29622550665781E-05	0	1.60350112681	8202.74609375	
6.326304	9.46522708836719E-04	1.30458393579937E-05	0	1.55077066694	8202.74609375	
6.3304	9.4557940134625E-04	1.28965560938156E-05	0	1.4916963776	8202.74609375	
6.334496	9.43249888092188E-04	1.30115583826594E-05	0	1.56592261562	8248.9453125	
6.338592	0.00093893556152	1.33831870975687E-05	0	1.53210157408	8248.9453125	
6.342688	9.37705430767187E-04	1.34148060563344E-05	0	1.4529772741	8248.9453125	
6.346784	9.34644915924844E-04	1.34882920405406E-05	0	1.4979524692	8248.9453125	
6.35088	9.31989354932969E-04	1.37442922653094E-05	0	1.46943384676	8295.34765625	
6.354976	9.32463523067656E-04	1.34554788522E-05	0	1.37670636224	8295.34765625	
6.359072	9.30527626053438E-04	1.35397169891156E-05	0	1.42026249266	8295.34765625	
6.363168	9.26694050744687E-04	1.38792892456969E-05	0	1.44444381257	8295.34765625	
6.367264	9.24423237055313E-04	1.40989195549125E-05	0	1.34896975125	8342.3046875	
6.37136	9.23432476178437E-04	1.39658855533312E-05	0	1.3642857316	8342.3046875	
6.375456	9.1939317809625E-04	1.43468132974031E-05	0	1.36416366152	8342.3046875	
6.379552	9.19694081939531E-04	1.41906288382031E-05	0	1.28999082916	8342.3046875	
6.383648	9.19315917765781E-04	1.40570929140469E-05	0	1.27548737778	8342.3046875	
6.387744	9.18389799555937E-04	1.40590727197594E-05	0	1.33111318736	8387.484375	
6.39184	9.16739354318906E-04	1.42591686735094E-05	0	1.26999422418	8387.484375	
6.395936	9.18120257006562E-04	1.40232895824656E-05	0	1.21963650149	8387.484375	
6.400032	9.157702629075E-04	1.42436694101625E-05	0	1.25734089745	8387.484375	
6.404128	9.16348023887656E-04	1.42688244330844E-05	0	1.20212707439	8387.484375	
6.408224	9.17985028570156E-04	1.39809677497875E-05	0	1.13028120293	8387.484375	
6.41232	9.18040985164531E-04	1.40296155376781E-05	0	1.19496308657	8387.484375	
6.416416	9.16570844509375E-04	1.42884285000187E-05	0	1.18675387369	8432.4453125	
6.420512	9.18093467329844E-04	1.42177542918469E-05	0	1.095578968	8432.4453125	
6.424608	9.18383856453594E-04	1.412285895405E-05	0	1.13133405737	8432.4453125	
6.428704	9.17944615474219E-04	1.43735469245156E-05	0	1.10401324759	8432.4453125	
6.4328	9.20851889708437E-04	1.4032814813325E-05	0	1.02811236066	8479.58203125	
6.436896	9.2165631146875E-04	1.403392827375E-05	0	1.04104415976	8479.58203125	
6.440992	9.20554460294219E-04	1.42653919845937E-05	0	1.07322869929	8479.58203125	
6.445088	9.19486347654531E-04	1.45635859171687E-05	0	0.98962976794	8479.58203125	
6.449184	9.20120156661406E-04	1.44584312146312E-05	0	0.98483088792	8479.58203125	
6.45328	9.16886377527656E-04	1.49070478333219E-05	0	0.99976921396	8525.421875	
6.457376	9.17738801268438E-04	1.48532349063656E-05	0	0.93280996039	8525.421875	
6.461472	9.17719051882187E-04	1.47576657711656E-05	0	0.88636992433	8525.421875	
6.465568	9.16544054832656E-04	1.49308903575562E-05	0	0.95527848449	8525.421875	
6.469664	9.14399600642344E-04	1.52338847661E-05	0	0.89648648221	8525.421875	
6.47376	9.15321421532031E-04	1.50995769677156E-05	0	0.838468862	8572.22265625	
6.477856	9.12653974335469E-04	1.53378010083375E-05	0	0.87252259963	8572.22265625	
6.481952	9.11723284508437E-04	1.55483123362875E-05	0	0.83377297861	8572.22265625	
6.486048	9.12713862520625E-04	1.52927815822031E-05	0	0.75094842933	8572.22265625	
6.490144	9.1255842753625E-04	1.53057464730844E-05	0	0.80554045792	8572.22265625	
6.49424	9.10373834547031E-04	1.55914005143531E-05	0	0.80171432385	8616.18359375	
6.498336	9.10543898706406E-04	1.5622059377925E-05	0	0.71061571196	8616.1796875	
6.502432	9.10848734140469E-04	1.5453159546825E-05	0	0.73420194023	8616.1796875	
6.506528	9.09679223031562E-04	1.57136828439937E-05	0	0.71604020114	8616.1796875	
6.510624	9.12902487445781E-04	1.52894897585719E-05	0	0.63329957504	8663.22265625	
6.51472	9.1433002062875E-04	1.51573156119E-05	0	0.63165162896	8663.22265625	
6.518816	9.14809491839375E-04	1.52376710603906E-05	0	0.68821585228	8663.22265625	
6.522912	9.1592460070375E-04	1.53289801036969E-05	0	0.60172157122	8663.22265625	
6.527008	9.20477839990156E-04	1.48236895032187E-05	0	0.58167156058	8663.22265625	
6.531104	9.21596240418906E-04	1.49096855710687E-05	0	0.59823112987	8709.48046875	
6.5352	9.27268520160469E-04	1.45088564045906E-05	0	0.53787129	8709.48046875	
6.539296	9.34086538601563E-04	1.38783584773969E-05	0	0.47856430457	8709.48046875	
6.543392	9.40770517226719E-04	1.34496242907469E-05	0	0.54688921716	8709.48046875	
6.547488	9.46614049748125E-04	1.32398293082344E-05	0	0.50487803619	8709.48046875	
6.551584	9.55716871027187E-04	1.26637327689469E-05	0	0.43088449426	8755.98046875	
6.55568	9.61715747100625E-04	1.244944524285E-05	0	0.475691843	8755.98046875	
6.559776	9.67453766697344E-04	1.25295054993281E-05	0	0.43249047875	8755.98046875	
6.563872	9.75255505724844E-04	1.20927179553469E-05	0	0.35225228929	8755.98046875	
6.567968	9.79889571203125E-04	1.21738354223062E-05	0	0.39633484693	8755.98046875	
6.572064	9.81879321867813E-04	1.25487184608844E-05	0	0.40966718848	8800.1796875	
6.57616	9.84195851729062E-04	1.28671486713E-05	0	0.31623017162	8800.1796875	
6.580256	9.86584887438906E-04	1.28691179001E-05	0	0.33771832039	8800.1796875	
6.584352	9.85408518904219E-04	1.34514524139187E-05	0	0.33096631909	8800.1796875	
6.588448	9.87606735312656E-04	1.33960243443469E-05	0	0.26127574748	8800.1796875	
6.592544	9.87520240315469E-04	1.35529362066656E-05	0	0.25010633516	8846.9609375	
6.59664	9.85368014375937E-04	1.39871965897125E-05	0	0.30400409017	8846.95703125	
6.600736	9.82265806384844E-04	1.45296905183719E-05	0	0.24115325773	8846.95703125	
6.604832	9.81711909246406E-04	1.45102388551312E-05	0	0.20465048912	8846.95703125	
6.608928	9.77075740824219E-04	1.50038621595844E-05	0	0.24433852388	8846.95703125	
6.613024	9.74852106224219E-04	1.52656003593844E-05	0	0.18476451015	8846.95703125	
6.61712	9.73713682112187E-04	1.51133384924156E-05	0	0.1216123172	8893.01953125	
6.621216	9.71270975616562E-04	1.52551833024937E-05	0	0.19954261921	8893.01953125	
6.625312	9.675692457475E-04	1.56016065137625E-05	0	0.18228496165	8940.23828125	
6.629408	9.66721576488594E-04	1.5546259453725E-05	0	0.10375193862	8940.23828125	
6.633504	9.63775443508281E-04	1.56362293156781E-05	0	0.14882250097	8940.23828125	
6.6376	9.60207204861094E-04	1.60847783863594E-05	0	0.11931205913	8940.23828125	
6.641696	9.60166608900469E-04	1.57961007904219E-05	0	0.04689398417	8940.23828125	
6.645792	9.59035407943594E-04	1.57791534516E-05	0	0.08568938147	8940.23828125	
6.649888	9.56821648036719E-04	1.59474229948687E-05	0	0.1254651541	8984.8984375	
6.653984	9.56411756839687E-04	1.59850780052906E-05	0	0.03977577263	8984.8984375	
6.65808	0.00095917063638	1.54068418046812E-05	0	0.06067645914	8984.8984375	
6.662176	9.61127928562656E-04	1.52307583269187E-05	0	0.07566437615	8984.8984375	
6.666272	9.70871690571406E-04	1.40324811598125E-05	0	0.0097656064	8984.8984375	
6.670368	9.82811840341719E-04	1.26589289275969E-05	0	-0.01591488668	8984.8984375	
6.674464	9.96287870622344E-04	1.14917380274812E-05	0	0.07432541996	9030.5390625	
6.67856	1.01209853436828E-03	1.032304736925E-05	0	0.01721569597	9030.5390625	
6.682656	1.03446398283766E-03	8.38647286351875E-06	0	-0.01365277551	9030.5390625	
6.686752	1.05642886620906E-03	6.82275639839062E-06	0	0.03108590881	9030.5390625	
6.690848	1.08391864038391E-03	4.96673133134062E-06	0	-0.00082397304	9077.578125	
6.694944	1.11608563610328E-03	2.55557124250312E-06	0	-0.05633915661	9077.578125	
6.69904	1.14928170285156E-03	5.042831495625E-07	0	0.02368159552	9077.57421875	
6.703136	0.00118199052664	-1.14024645590625E-06	0	0.03162759479	9077.57421875	
6.707232	1.21648164110516E-03	-2.77004386456875E-06	0	-0.03976432856	9077.57421875	
6.711328	1.24830741131766E-03	-4.0321046217375E-06	0	0.01427075529	9123.53515625	
6.715424	1.27565884835641E-03	-4.38141508973437E-06	0	0.01489254976	9123.53515625	
6.71952	1.30371074858063E-03	-5.08671919212187E-06	0	-0.05943668489	9123.53515625	
6.723616	1.32661445925766E-03	-5.22805943539687E-06	0	-0.01548382671	9123.53515625	
6.727712	1.34395579187031E-03	-4.74883587615937E-06	0	0.04658117959	9169.9140625	
6.731808	1.35853257613734E-03	-4.16272227958125E-06	0	-0.01897808275	9169.9140625	
6.735904	1.37175908755187E-03	-3.89380524080625E-06	0	-0.00970075667	9169.9140625	
6.74	1.37971214710828E-03	-3.13584037377187E-06	0	0.0864408754	9169.9140625	
6.744096	1.38784743132578E-03	-2.68671918827812E-06	0	0.08637984036	9169.9140625	
6.748192	1.39477260847375E-03	-2.48151434540625E-06	0	0.01929470202	9169.9140625	
6.752288	1.39699194575359E-03	-1.7720338048875E-06	0	0.01062772634	9169.9140625	
6.756384	1.39719913144453E-03	-9.41217087628125E-07	0	0.01596447765	9169.9140625	
6.76048	1.40166523570734E-03	-1.00535236003125E-06	0	-0.00745771895	9169.9140625	
6.764576	1.40645738770797E-03	-1.3684130546625E-06	0	0.00344847976	9169.9140625	
6.768672	1.40700653036453E-03	-1.03084680569062E-06	0	-0.0127792115	9169.9140625	
6.772768	1.40411498249344E-03	-2.83206687946875E-07	0	-0.01042554777	9169.9140625	
6.776864	1.40103837555859E-03	3.6832992013125E-07	0	-0.00924680856	9169.9140625	
6.78096	1.40191950905531E-03	2.12847864075E-07	0	-0.01017759292	9169.9140625	
6.785056	1.40393239210297E-03	-1.52604414703125E-07	0	-0.01057050599	9169.9140625	
6.789152	1.40521326780656E-03	-3.303871696125E-07	0	-0.00982664144	9169.9140625	
6.793248	1.40542548227641E-03	-2.48258165203125E-07	0	-0.00903700061	9169.9140625	
6.797344	1.40757853110703E-03	-4.4352311416875E-07	0	-0.01621624719	9169.9140625	
6.80144	1.40953792623359E-03	-6.3611042158125E-07	0	-0.00990674993	9169.9140625	
6.805536	0.001410852266175	-6.5975559024375E-07	0	0.00265502424	9169.9140625	
6.809632	1.41111796856594E-03	-5.66286693328125E-07	0	0.00441741102	9169.9140625	
6.813728	1.41015536885094E-03	-3.06127818871875E-07	0	0.00265502424	9169.9140625	
6.817824	1.41032040423141E-03	-2.426487958125E-07	0	0.00391768663	9169.9140625	
6.82192	1.41245617234906E-03	-4.9937882754375E-07	0	-0.0006103504	9169.9140625	
6.826016	1.41418031205516E-03	-7.09957222734375E-07	0	-0.00602339551	9169.9140625	
6.830112	1.41330722460469E-03	-4.94570899659375E-07	0	-0.0092315498	9169.9140625	
6.834208	0.001411882160095	-2.006074917E-07	0	-0.01038740087	9169.9140625	
6.838304	1.41204463536984E-03	-1.94349084496875E-07	0	-0.01469037119	9169.9140625	
6.8424	1.41371501285781E-03	-4.389524456625E-07	0	-0.01080701677	9169.9140625	
6.846496	1.41475450717391E-03	-5.75824664559375E-07	0	-0.00965879508	9169.9140625	
6.850592	1.41409372562563E-03	-4.328312979375E-07	0	-0.01008604036	9169.9140625	
6.854688	1.41302287001562E-03	-2.274968878875E-07	0	-0.0082015835	9169.9140625	
6.858784	1.41335906674359E-03	-2.5819445334375E-07	0	-0.00679777758	9169.9140625	
6.86288	1.41439618381875E-03	-4.16872419665625E-07	0	-0.00107192789	9169.9140625	
6.866976	1.41496151000016E-03	-4.82334373434375E-07	0	0.00326155995	9169.9140625	
6.871072	1.41480077193984E-03	-4.1997794540625E-07	0	0.00314711925	9169.9140625	
6.875168	1.41476730770203E-03	-3.699486685125E-07	0	-0.00088119339	9169.9140625	
6.879264	1.41548980608234E-03	-4.375889854875E-07	0	-0.00102233692	9169.9140625	
6.88336	1.41674416640625E-03	-5.68473710371875E-07	0	-0.00319671022	9169.9140625	
6.887456	1.41727191389438E-03	-6.06326557134375E-07	0	-0.00917432945	9169.9140625	
6.891552	1.41642808479391E-03	-4.408918668E-07	0	-0.01340482066	9169.9140625	
6.895648	1.41562256584547E-03	-2.6265502580625E-07	0	-0.01508709895	9169.9140625	
6.899744	1.4155760267825E-03	0	0	-0.01440045475	9169.9140625	
6.90384	1.41578257244703E-03	0	0	-0.01083753429	9169.9140625	
6.907936	1.41571856980641E-03	0	0	-0.00626753567	9169.9140625	
6.912032	1.41587537627594E-03	0	0	-0.0031280458	9169.9140625	
6.916128	1.41695692947016E-03	0	0	-0.00221633489	9169.9140625	
6.920224	1.41926385893531E-03	0	0	-0.00189590093	9169.9140625	
6.92432	1.42187461807875E-03	0	0	-0.00120162735	9169.9140625	
6.928416	1.42362024438563E-03	0	0	-0.00235366373	9169.9140625	
6.932512	1.42496411697406E-03	0	0	-0.00283431467	9169.9140625	
6.936608	1.42715556738906E-03	0	0	-0.00219726144	9169.9140625	
6.940704	1.43055986784391E-03	0	0	-0.00411223582	9169.9140625	
6.9448	1.43466380859313E-03	0	0	-0.00605772772	9169.9140625	
6.948896	1.43879316753391E-03	0	0	-0.00893781867	9169.9140625	
6.952992	1.44292682379484E-03	0	0	-0.01242063064	9169.9140625	
6.957088	1.44749880671172E-03	0	0	-0.0145721158	9169.9140625	
6.961184	1.45261298342703E-03	0	0	-0.01160810167	9169.9140625	
6.96528	1.45760454936938E-03	0	0	-0.00729368728	9169.9140625	
6.969376	1.46211956993609E-03	0	0	-0.00368880523	9210.26953125	
6.973472	1.46703442414203E-03	0	0	-0.00117492452	9210.26953125	
6.977568	1.47314548770125E-03	0	0	0.00249862195	9210.26953125	
6.981664	1.48019912729219E-03	0	0	0.01778789947	9210.26953125	
6.98576	1.48737336614453E-03	0	0	0.05005636218	9210.26953125	
6.989856	1.4943365791475E-03	0	0	0.04018775915	9210.26953125	
6.993952	1.50140137348438E-03	0	0	0.04176322612	9209.42578125	
6.998048	1.50858640135328E-03	0	0	0.02687449105	9209.42578125	
7.002144	1.51659002299578E-03	0	0	0.02420802274	9209.42578125	
7.00624	1.52494319048844E-03	-6.9307671076875E-07	0	0.03233331244	9209.42578125	
7.010336	1.53276120447312E-03	-8.96875305046875E-07	0	0.0157928166	9179.7890625	
7.014432	1.53916338861484E-03	-7.78086962296875E-07	0	-0.05475606026	9179.7890625	
7.018528	1.54443492039375E-03	-6.5687386235625E-07	0	0.0299834634	9179.7890625	
7.022624	1.54958914447562E-03	-5.41719890971875E-07	0	-0.02792734549	9179.7890625	
7.02672	1.55485976193109E-03	-4.606620393375E-07	0	-0.0254439823	9179.7890625	
7.030816	1.55728070752891E-03	-3.62138820553125E-07	0	0.06953798401	9130.2265625	
7.034912	1.55756926800578E-03	-2.2259737355625E-07	0	0.02064128759	9130.2265625	
7.039008	1.56037176077406E-03	-1.15477528753125E-07	0	-0.00520705185	9130.2265625	
7.043104	1.56487105497766E-03	-8.0636698209375E-08	0	0.07721314029	9130.2265625	
7.0472	1.57067636877937E-03	-8.5645347046875E-08	0	0.03344338723	9130.2265625	
7.051296	1.58025939272781E-03	-1.619257996125E-07	0	0.03482049032	9130.2265625	
7.055392	1.59049844374266E-03	-2.8964826804375E-07	0	0.13259099502	9130.2265625	
7.059488	1.60025848070859E-03	-3.9474912448125E-07	0	0.10733011784	9082.8671875	
7.063584	1.61621452188109E-03	-5.65909289859375E-07	0	0.06097400496	9082.8671875	
7.06768	1.63536402052375E-03	-8.34031617890625E-07	0	0.15372819231	9082.8671875	
7.071776	1.65618042222531E-03	-1.11696282534375E-06	0	0.14845247604	9082.8671875	
7.075872	1.68334853741484E-03	-1.47559419748125E-06	0	0.11149575932	9035.0859375	
7.079968	1.71318675133891E-03	-1.90172189635312E-06	0	0.22154193644	9035.0859375	
7.084064	1.74320846997687E-03	-2.30708495252813E-06	0	0.21783405776	9035.0859375	
7.08816	1.77912144881969E-03	-2.7458818695E-06	0	0.16131561072	9035.0859375	
7.092256	1.81820109545594E-03	-3.26280803526562E-06	0	0.25995586474	8988.52734375	
7.096352	1.85748079606031E-03	-3.74471115913125E-06	0	0.26373240784	8988.5234375	
7.100448	1.90299883404641E-03	-4.27758178010625E-06	0	0.23817779953	8988.5234375	
7.104544	1.9502548180225E-03	-4.8581153341875E-06	0	0.34307414515	8988.5234375	
7.10864	1.99543784790109E-03	-5.379731158725E-06	0	0.35730293885	8988.5234375	
7.112736	2.04269812919734E-03	-5.8521489555375E-06	0	0.31572663254	8988.5234375	
7.116832	2.09138164635641E-03	-6.35958570771562E-06	0	0.35893562617	8942.484375	
7.120928	2.13668774416969E-03	-6.77929634569687E-06	0	0.42587962098	8942.484375	
7.125024	2.18422396827938E-03	-7.18283151908437E-06	0	0.3825752601	8942.484375	
7.12912	2.23013891406969E-03	-7.57745348023125E-06	0	0.45170125759	8942.484375	
7.133216	2.27144694978781E-03	-7.876678661775E-06	0	0.52102561896	8893.74609375	
7.137312	2.30885109872484E-03	-8.0502544497375E-06	0	0.48216155724	8893.74609375	
7.141408	2.34659373019844E-03	-8.2225908158625E-06	0	0.49081327416	8893.74609375	
7.145504	2.37732743249719E-03	-8.30207607291562E-06	0	0.58101161921	8893.74609375	
7.1496	2.40547396519719E-03	-8.28751839516562E-06	0	0.55187883168	8893.74609375	
7.153696	2.42897765491391E-03	-8.22816460836562E-06	0	0.58417781191	8847.60546875	
7.157792	2.44525224637203E-03	-8.0400083061375E-06	0	0.68375266498	8847.60546875	
7.161888	2.45502672964828E-03	-7.70920142540625E-06	0	0.68077720678	8847.60546875	
7.165984	2.46422070897406E-03	-7.37815752568125E-06	0	0.65015287546	8847.60546875	
7.17008	2.46636799756703E-03	-7.00665885871875E-06	0	0.75690697511	8800.625	
7.174176	2.46501342739437E-03	-6.55992084391875E-06	0	0.75438927971	8800.625	
7.178272	2.46091067526562E-03	-6.13057127326875E-06	0	0.72944120711	8800.625	
7.182368	2.45208215101781E-03	-5.66409505705312E-06	0	0.83751900419	8800.625	
7.186464	2.43709785279469E-03	-5.12066531202188E-06	0	0.8505614293	8800.625	
7.19056	2.42160967092516E-03	-4.56625288566562E-06	0	0.80721892152	8755.60546875	
7.194656	2.40356769226234E-03	-4.08527452049062E-06	0	0.89903088044	8755.6015625	
7.198752	2.38238098956859E-03	-3.5566512510375E-06	0	0.91397302117	8755.6015625	
7.202848	2.36337010235906E-03	-3.13337403008437E-06	0	0.89150449707	8755.6015625	
7.206944	2.34288057128641E-03	-2.76802559735625E-06	0	0.98821070326	8755.6015625	
7.21104	2.32033801836719E-03	-2.40462764344687E-06	0	1.01939197932	8755.6015625	
7.215136	2.29927081774672E-03	-2.06448495474375E-06	0	0.99425317222	8708.5625	
7.219232	2.28139049146766E-03	-1.87994571620625E-06	0	1.01657292341	8708.5625	
7.223328	2.26251474126219E-03	-1.70775478262812E-06	0	1.09676915128	8708.5625	
7.227424	2.24836768901078E-03	-1.64012936948437E-06	0	1.07038294055	8708.5625	
7.23152	2.23616906000469E-03	-1.67579664150937E-06	0	1.10663012493	8708.5625	
7.235616	2.2246805860125E-03	-1.72816774298437E-06	0	1.18970644375	8661.703125	
7.239712	2.21405057029578E-03	-1.76779751104687E-06	0	1.1695076602	8661.703125	
7.243808	2.20992313143422E-03	-1.93584013146562E-06	0	1.14948435239	8661.703125	
7.247904	2.20576460557578E-03	-2.15409448051875E-06	0	1.24853659293	8661.703125	
7.252	2.20554525938312E-03	-2.39529928739062E-06	0	1.23414758225	8661.703125	
7.256096	2.20809786755594E-03	-2.71484656399687E-06	0	1.22820429523	8615.28125	
7.260192	2.21097240901109E-03	-3.00578305190625E-06	0	1.34054691573	8615.28125	
7.264288	2.21373759738313E-03	-3.24788016557812E-06	0	1.34386188134	8615.28125	
7.268384	2.22117726432937E-03	-3.53588997372187E-06	0	1.30335368823	8615.28125	
7.27248	2.22831337589438E-03	-3.85778580567187E-06	0	1.38738749424	8570.1640625	
7.276576	2.23534351737297E-03	-4.0923641768625E-06	0	1.41643635859	8570.1640625	
7.280672	2.24515402499266E-03	-4.37309322305625E-06	0	1.3780567625	8570.1640625	
7.284768	2.25424505149937E-03	-4.63006219685625E-06	0	1.46180065207	8570.1640625	
7.288864	2.26163671646516E-03	-4.81711176942187E-06	0	1.51491258094	8570.1640625	
7.29296	2.26922706391391E-03	-4.9383614077875E-06	0	1.47239786089	8524.00390625	
7.297056	2.27863892651484E-03	-5.1269266038375E-06	0	1.51165483568	8524	
7.301152	2.28517935636031E-03	-5.23537865884687E-06	0	1.56972586155	8524	
7.305248	2.29340076984562E-03	-5.3401254291E-06	0	1.53706067108	8524	
7.309344	2.29985031594141E-03	-5.43165682795312E-06	0	1.56836020253	8524	
7.31344	2.30303728171516E-03	-5.42333424012187E-06	0	1.65921848895	8476.6796875	
7.317536	2.30411636623609E-03	-5.31914540200312E-06	0	1.64659567974	8476.6796875	
7.321632	2.30764794051344E-03	-5.2914014393625E-06	0	1.61856152293	8476.6796875	
7.325728	2.30754617631484E-03	-5.22843852155625E-06	0	1.71297128574	8476.6796875	
7.329824	2.30785594909547E-03	-5.13603284473125E-06	0	1.7153897992	8476.6796875	
7.33392	2.30790047664688E-03	-5.08931558375625E-06	0	1.68358672867	8430.8984375	
7.338016	2.30578308643031E-03	-4.99610221543125E-06	0	1.80008354658	8430.8984375	
7.342112	2.30072120901563E-03	-4.83271656150937E-06	0	1.80244483969	8430.8984375	
7.346208	2.29726972947141E-03	-4.67640541974375E-06	0	1.75590562169	8430.8984375	
7.350304	2.29315216530297E-03	-4.60085934144375E-06	0	1.83469041426	8384.71875	
7.3544	2.28721793189656E-03	-4.4483263209E-06	0	1.85078077668	8384.71875	
7.358496	2.28350806454891E-03	-4.38006845646562E-06	0	1.8197215707	8384.71875	
7.362592	2.27818139906672E-03	-4.30941900788438E-06	0	1.90457934975	8384.71875	
7.366688	2.27185281796172E-03	-4.21371862281563E-06	0	1.94034969788	8384.71875	
7.370784	2.26635837412875E-03	-4.10870526629063E-06	0	1.91492860372	8384.71875	
7.37488	2.2635093422975E-03	-4.1421891270375E-06	0	1.91248720212	8340.26171875	
7.378976	2.25844426475078E-03	-4.12371246282187E-06	0	2.00038910379	8340.26171875	
7.383072	2.25663262429172E-03	-4.16007684953437E-06	0	1.96690375497	8340.26171875	
7.387168	2.25495474935156E-03	-4.25703083911875E-06	0	1.98492053584	8340.26171875	
7.391264	2.25278249972875E-03	-4.31915457507187E-06	0	2.07909760256	8292.27734375	
7.39536	2.24914440677094E-03	-4.31088439103437E-06	0	2.06426990253	8292.27734375	
7.399456	2.25015692854563E-03	-4.407959053575E-06	0	2.02760310225	8292.27734375	
7.403552	2.24995358301313E-03	-4.54148319889687E-06	0	2.12099052814	8292.27734375	
7.407648	2.25159177631609E-03	-4.65672082404375E-06	0	2.10478572502	8292.27734375	
7.411744	2.25451834277484E-03	-4.84876870891875E-06	0	2.08173736804	8246.63671875	
7.41584	2.25667706041078E-03	-4.98597530248125E-06	0	2.18568385585	8246.63671875	
7.419936	2.25782179335453E-03	-5.07906367093125E-06	0	2.19269525607	8246.63671875	
7.424032	2.26207312304188E-03	-5.20063398205312E-06	0	2.14634295788	8246.63671875	
7.428128	2.26636971173937E-03	-5.39534099888437E-06	0	2.20375022769	8246.63671875	
7.432224	2.26929298663375E-03	-5.48062360590937E-06	0	2.2418551661	8200.13671875	
7.43632	2.27438064796938E-03	-5.62706047870312E-06	0	2.19932900198	8200.13671875	
7.440416	2.27841217430234E-03	-5.7509711721E-06	0	2.25510358447	8200.13671875	
7.444512	2.28126961790922E-03	-5.8290355171125E-06	0	2.31929718779	8200.13671875	
7.448608	2.28367017409438E-03	-5.83604007741562E-06	0	2.28380531203	8200.13671875	
7.452704	2.28914093695031E-03	-5.97946781860312E-06	0	2.28395789963	8200.13671875	
7.4568	2.29199664334266E-03	-6.052142024775E-06	0	2.35789422121	8155.55859375	
7.460896	2.29715671909453E-03	-6.16045153185E-06	0	2.32887205969	8155.55859375	
7.464992	2.30136196688063E-03	-6.27951271086562E-06	0	2.33638699899	8155.55859375	
7.469088	2.3041462646125E-03	-6.33268357115625E-06	0	2.42760768096	8108.8984375	
7.473184	2.30479616571187E-03	-6.28553746445625E-06	0	2.41138380439	8108.8984375	
7.47728	2.30906916486469E-03	-6.34656312458437E-06	0	2.36979605401	8108.8984375	
7.481376	2.31088647412906E-03	-6.40757868856875E-06	0	2.44260704204	8108.8984375	
7.485472	2.31353298331891E-03	-6.42798900469687E-06	0	2.45447454263	8108.8984375	
7.489568	2.31714766959672E-03	-6.5308078922625E-06	0	2.41593854425	8062.296875	
7.493664	2.31948815473203E-03	-6.5911866780375E-06	0	2.51105021002	8062.296875	
7.49776	2.31999212981078E-03	-6.58719846087187E-06	0	2.53323263237	8062.296875	
7.501856	2.32180157589359E-03	-6.57082780416562E-06	0	2.47812180594	8062.296875	
7.505952	2.32482469490734E-03	-6.68911182049687E-06	0	2.53382772401	8062.296875	
7.510048	2.32544442333328E-03	-6.69350748917812E-06	0	2.56112183096	8062.296875	
7.514144	2.32791638817891E-03	-6.75253771860937E-06	0	2.52030846265	8016.03515625	
7.51824	2.32917797165797E-03	-6.80400785944687E-06	0	2.57067381472	8016.03515625	
7.522336	2.32924060281344E-03	-6.80060930515312E-06	0	2.63643907032	8016.03515625	
7.526432	2.32881151082422E-03	-6.73347764151562E-06	0	2.61217001254	7971.49609375	
7.530528	2.33151105077344E-03	-6.83006672761875E-06	0	2.58022579848	7971.49609375	
7.534624	2.33134235809922E-03	-6.85388881918125E-06	0	2.66481654923	7971.49609375	
7.53872	2.33342280964891E-03	-6.90722698699687E-06	0	2.643961639	7971.49609375	
7.542816	2.33528327497953E-03	-7.01768577076875E-06	0	2.61854817422	7971.49609375	
7.546912	2.33592028411844E-03	-7.05747034636875E-06	0	2.72446304207	7925.09765625	
7.551008	2.33410544352734E-03	-6.99774252148125E-06	0	2.71230943973	7925.09765625	
7.555104	2.33545205908609E-03	-7.00573289810625E-06	0	2.65722531613	7925.09765625	
7.5592	2.33609985724156E-03	-7.10455707812812E-06	0	2.74719477978	7925.09765625	
7.563296	2.33613012134734E-03	-7.10921620808437E-06	0	2.74166729397	7925.09765625	
7.567392	2.33762824029969E-03	-7.20113053924687E-06	0	2.70542773897	7878.13671875	
7.571488	2.33784630643953E-03	-7.25036125924687E-06	0	2.79890290273	7878.13671875	
7.575584	2.33702661547781E-03	-7.25258721855937E-06	0	2.81097258189	7878.13671875	
7.57968	2.33748524011406E-03	-7.2554417830125E-06	0	2.77337881194	7878.13671875	
7.583776	2.33901947484219E-03	-7.39348347189375E-06	0	2.77970356796	7878.13671875	
7.587872	2.33795529379328E-03	-7.38317867450625E-06	0	2.84500343138	7878.13671875	
7.591968	2.33938867864625E-03	-7.45693268729062E-06	0	2.79578248631	7832.234375	
7.596064	2.33964313485891E-03	-7.52894463450937E-06	0	2.83240351031	7832.234375	
7.60016	2.33931864147094E-03	-7.55654869344375E-06	0	2.90420742018	7832.234375	
7.604256	2.33708010339891E-03	-7.48167665293125E-06	0	2.87101580249	7832.234375	
7.608352	2.33911950182625E-03	-7.574813579025E-06	0	2.83791955205	7786.43359375	
7.612448	2.33870586190312E-03	-7.64461591306875E-06	0	2.92385688837	7786.43359375	
7.616544	0.002340003835455	-7.70456296850625E-06	0	2.89771100311	7786.43359375	
7.62064	2.34138684108656E-03	-7.8359844717E-06	0	2.8788321023	7786.43359375	
7.624736	2.34156879145063E-03	-7.88180918549062E-06	0	2.97383695675	7786.43359375	
7.628832	2.33999597227344E-03	-7.84500970305937E-06	0	2.9700413402	7742.0546875	
7.632928	2.34132320417531E-03	-7.88892792837188E-06	0	2.91960350902	7742.0546875	
7.637024	2.34154154461219E-03	-7.99477229368125E-06	0	2.9703083685	7742.0546875	
7.64112	2.34109178891328E-03	-7.98723840698438E-06	0	2.99850655698	7742.0546875	
7.645216	2.34223405318375E-03	-8.08597701016875E-06	0	2.94836245693	7742.0546875	
7.649312	2.34231945099281E-03	-8.14380507734062E-06	0	3.0129947496	7694.07421875	
7.653408	2.34124502952141E-03	-8.1520774248375E-06	0	3.06014050331	7694.07421875	
7.657504	2.34035767862531E-03	-8.10419742464062E-06	0	3.00092125575	7694.07421875	
7.6616	2.34225599694625E-03	-8.26972105719375E-06	0	3.01992985602	7694.07421875	
7.665696	2.34094586289266E-03	-8.2830369092625E-06	0	3.07324777815	7694.07421875	
7.669792	2.34133591327109E-03	-8.325508982175E-06	0	3.04021637744	7648.61328125	
7.673888	2.34094284562531E-03	-8.38044378300937E-06	0	3.04530135921	7648.61328125	
7.677984	2.33959065269359E-03	-8.37626133526875E-06	0	3.1320893714	7648.61328125	
7.68208	2.33698912821687E-03	-8.28513738793125E-06	0	3.11409166398	7648.61328125	
7.686176	2.33792594401094E-03	-8.38138440706875E-06	0	3.06289470949	7648.61328125	
7.690272	2.33651669729672E-03	-8.43180959702812E-06	0	3.13835309238	7602.2734375	
7.694368	2.33634242724953E-03	-8.44934106988125E-06	0	3.14172527834	7602.2734375	
7.698464	2.33661352414875E-03	-8.55973927679062E-06	0	3.09518987503	7602.2734375	
7.70256	2.33567734838109E-03	-8.58458324233125E-06	0	3.19315492892	7602.2734375	
7.706656	2.33246514728047E-03	-8.5060059170625E-06	0	3.19659196461	7602.2734375	
7.710752	2.33119332337891E-03	-8.44363554674063E-06	0	3.13160109108	7557.57421875	
7.714848	2.33070525752797E-03	-8.56520537709375E-06	0	3.19032061425	7557.57421875	
7.718944	2.32849049186531E-03	-8.528574163725E-06	0	3.2079254086	7557.57421875	
7.72304	0.002328241978755	-8.60925124650937E-06	0	3.17288366626	7557.57421875	
7.727136	2.32682276591531E-03	-8.6513865409125E-06	0	3.23125223795	7557.57421875	
7.731232	0.002324555426655	-8.64051659985937E-06	0	3.2710585281	7510.59375	
7.735328	2.32291476467875E-03	-8.60504860648125E-06	0	3.24546958758	7510.59375	
7.739424	2.32396230504109E-03	-8.79713615477812E-06	0	3.21111448944	7510.59375	
7.74352	2.32205658070031E-03	-8.81981690132812E-06	0	3.29308836285	7510.59375	
7.747616	2.32200912731391E-03	-8.88015794675625E-06	0	3.26301334689	7510.59375	
7.751712	2.32164156929203E-03	-8.9799092893125E-06	0	3.25143194805	7464.2734375	
7.755808	2.32053496363562E-03	-9.01237608376875E-06	0	3.34377414888	7464.2734375	
7.759904	2.31718954561016E-03	-8.91327594248438E-06	0	3.3256848889	7464.2734375	
7.764	2.31747838038406E-03	-8.96428670878125E-06	0	3.27256914534	7464.2734375	
7.768096	2.31651148334891E-03	-9.06554261714062E-06	0	3.35453157468	7417.8125	
7.772192	2.31558170784531E-03	-9.06338709045E-06	0	3.34147389081	7417.8125	
7.776288	2.31582985522625E-03	-9.18529634354062E-06	0	3.30500163972	7417.8125	
7.780384	2.31440232204328E-03	-9.2038609884375E-06	0	3.39025614653	7417.8125	
7.78448	2.31135744213172E-03	-9.12124977297188E-06	0	3.40152855548	7417.8125	
7.788576	2.31009677297609E-03	-9.08065846740937E-06	0	3.35451631592	7373.6328125	
7.792672	2.30969392206953E-03	-9.2175984747E-06	0	3.3747799492	7373.6328125	
7.796768	2.30712284456328E-03	-9.16961438806875E-06	0	3.4321910337	7373.6328125	
7.800864	2.30642375286297E-03	-9.2196840495375E-06	0	3.38683055491	7373.6328125	
7.80496	2.30499155663047E-03	-9.27133159404375E-06	0	3.42291752231	7373.6328125	
7.809056	2.30306708865922E-03	-9.2796224511375E-06	0	3.48142342284	7326.79296875	
7.813152	2.30000373941422E-03	-9.18963744496875E-06	0	3.44246780856	7326.79296875	
7.817248	2.30036050841953E-03	-9.32546254952812E-06	0	3.4174663303	7326.79296875	
7.821344	2.29730109076531E-03	-9.31737193261875E-06	0	3.49372961278	7326.79296875	
7.82544	2.29566372035344E-03	-9.28868830745625E-06	0	3.46806056377	7326.79296875	
7.829536	2.29394131786188E-03	-9.35037646692187E-06	0	3.44948683816	7280.171875	
7.833632	2.29117667808391E-03	-9.31191400538437E-06	0	3.5420922526	7280.171875	
7.837728	2.28644386567438E-03	-9.162173530125E-06	0	3.5336617877	7280.171875	
7.841824	2.28510109027406E-03	-9.16811438956875E-06	0	3.4775858447	7280.171875	
7.84592	2.28277276564047E-03	-9.24395397719062E-06	0	3.52661986996	7280.171875	
7.850016	2.28049811179266E-03	-9.218381166225E-06	0	3.55775918443	7234.11328125	
7.854112	2.27987756047563E-03	-9.34989209240625E-06	0	3.51080416522	7234.11328125	
7.858208	2.27825335632125E-03	-9.40765285195312E-06	0	3.58101734936	7234.11328125	
7.862304	2.27561489317766E-03	-9.4004050226625E-06	0	3.6143424812	7234.11328125	
7.8664	2.27365430943063E-03	-9.34954906390313E-06	0	3.56138313993	7234.11328125	
7.870496	2.27452876836625E-03	-9.5883759885375E-06	0	3.58577426779	7188.59375	
7.874592	2.27264059903547E-03	-9.6129625024125E-06	0	3.6241462345	7188.59375	
7.878688	2.27245992872422E-03	-9.68994391581562E-06	0	3.58606799892	7188.59375	
7.882784	2.27176778588203E-03	-9.77774863570312E-06	0	3.60553817668	7188.59375	
7.88688	2.27065039120906E-03	-9.81093297751875E-06	0	3.68393387087	7188.59375	
7.890976	2.26888400976016E-03	-9.765026773425E-06	0	3.65647191756	7143.61328125	
7.895072	2.27078900264219E-03	-9.9888544342125E-06	0	3.61319425951	7143.61328125	
7.899168	2.26982192274234E-03	-1.00724531486906E-05	0	3.68988097258	7143.61328125	
7.903264	2.26990869203656E-03	-1.01038680211219E-05	0	3.68554367005	7143.61328125	
7.90736	2.27029014777469E-03	-1.02321714985875E-05	0	3.64330360768	7143.61328125	
7.911456	0.002269859867165	-1.02601851724969E-05	0	3.74746371813	7095.8515625	
7.915552	2.26721418086625E-03	-1.01457054792844E-05	0	3.74533130642	7095.8515625	
7.919648	2.26684031401266E-03	-1.011503988495E-05	0	3.68149628396	7095.8515625	
7.923744	2.26676040214422E-03	-1.02623524780219E-05	0	3.75072909277	7095.8515625	
7.92784	2.26567976327344E-03	-1.02433258143562E-05	0	3.75869798018	7095.8515625	
7.931936	2.26660149273078E-03	-1.03928833571062E-05	0	3.71929604717	7050.1328125	
7.936032	2.26621153378469E-03	-1.04703082796812E-05	0	3.79291574948	7050.1328125	
7.940128	2.26425991040734E-03	-1.04172443904375E-05	0	3.8190005997	7050.1328125	
7.944224	2.26271698960656E-03	-1.03233425612625E-05	0	3.78845637687	7050.1328125	
7.94832	2.26344451676578E-03	-1.05090188178937E-05	0	3.76510665938	7004.2734375	
7.952416	2.26147515551375E-03	-1.04771957727938E-05	0	3.8433383219	7004.2734375	
7.956512	2.26123240264109E-03	-1.05192089519344E-05	0	3.81003989289	7004.2734375	
7.960608	2.26031378188344E-03	-1.05836060029219E-05	0	3.8070987669	7004.2734375	
7.964704	2.25904488381688E-03	-1.05804987944906E-05	0	3.90604801081	7004.2734375	
7.9688	2.25645734848875E-03	-1.04908000861125E-05	0	3.87914300224	7004.2734375	
7.972896	2.25740650764922E-03	-1.06309232632969E-05	0	3.82625995477	6959.3125	
7.976992	2.25651677951219E-03	-1.07576892423E-05	0	3.91922013538	6959.3125	
7.981088	2.25560574763906E-03	-1.07176022631562E-05	0	3.89476797248	6959.3125	
7.985184	2.25624805985391E-03	-1.08726504254156E-05	0	3.86188152999	6959.3125	
7.98928	2.25559825018687E-03	-1.09152638443406E-05	0	3.95853814521	6959.3125	
7.993376	0.00225357759539	-1.08484672765219E-05	0	3.96855933584	6912.2109375	
7.997472	2.25354422258453E-03	-1.08657732688312E-05	0	3.9162370478	6912.2109375	
8.001568	2.25420701564437E-03	-1.10805824290219E-05	0	3.94257366756	6912.2109375	
8.005664	2.25348232288781E-03	-1.10776249800562E-05	0	4.00011826621	6912.2109375	
8.00976	2.25521853166328E-03	-1.12813954493625E-05	0	3.94678508532	6912.2109375	
8.013856	2.25600731849281E-03	-1.14272017939406E-05	0	3.98273853857	6866.25	
8.017952	2.25594368158156E-03	-1.14797911644281E-05	0	4.05561819102	6866.25	
8.022048	2.25480891476328E-03	-1.13808148210969E-05	0	4.00867080119	6866.25	
8.026144	2.25726817051313E-03	-1.16280417373312E-05	0	3.99328997111	6866.25	
8.03024	2.25667541462859E-03	-1.16678936205562E-05	0	4.07397829399	6819.6328125	
8.034336	2.25751732364984E-03	-1.17203615969344E-05	0	4.03919213588	6819.6328125	
8.038432	2.25821604962078E-03	-1.18408852744875E-05	0	4.02256771686	6819.6328125	
8.042528	2.25802532175172E-03	-1.18298518720594E-05	0	4.13037467095	6819.6328125	
8.046624	2.25657191321547E-03	-1.17366959556E-05	0	4.11349848239	6819.6328125	
8.05072	2.25870128106906E-03	-1.1903432327325E-05	0	4.05915822334	6819.6328125	
8.054816	2.25926816160031E-03	-1.20825237347719E-05	0	4.11912133545	6775.73046875	
8.058912	2.25957683719281E-03	-1.20810636400781E-05	0	4.14879580896	6775.73046875	
8.063008	2.26126824411984E-03	-1.22750567153156E-05	0	4.09010680331	6775.73046875	
8.067104	2.26163726505922E-03	-1.23296056992281E-05	0	4.17197768009	6775.73046875	
8.0712	2.26059548493453E-03	-1.22838136777125E-05	0	4.20559272837	6775.73046875	
8.075296	2.25992071423766E-03	-1.21831618552875E-05	0	4.15016909736	6728.3125	
8.079392	2.26165491150156E-03	-1.24366810729219E-05	0	4.17417875622	6728.3125	
8.083488	2.26101351361016E-03	-1.24338880468687E-05	0	4.21993977746	6728.3125	
8.087584	2.26266030155344E-03	-1.25909965436062E-05	0	4.1831127602	6728.3125	
8.09168	2.26355012112281E-03	-1.27464173016469E-05	0	4.21578558005	6728.3125	
8.095776	2.26321401582719E-03	-1.27396389430406E-05	0	4.27788110387	6682.03125	
8.099872	2.26196559860563E-03	-1.25994371601656E-05	0	4.26300381287	6682.03125	
8.103968	2.26384243032578E-03	-1.28122667550281E-05	0	4.21568639811	6682.03125	
8.108064	2.26250038638422E-03	-1.278654490575E-05	0	4.29524938744	6682.03125	
8.11216	2.2624823742125E-03	-1.27752059747812E-05	0	4.28871863816	6682.03125	
8.116256	2.26265856433891E-03	-1.28993558506312E-05	0	4.25363111954	6635.7890625	
8.120352	2.26242111454219E-03	-1.29311918764875E-05	0	4.34880000566	6635.7890625	
8.124448	2.26017782198828E-03	-1.28326508692594E-05	0	4.34838038976	6635.7890625	
8.128544	2.26075649729187E-03	-1.28779681316344E-05	0	4.29164832008	6635.7890625	
8.13264	2.26144196557297E-03	-1.31431546452937E-05	0	4.36357430003	6590.83203125	
8.136736	2.26067731688219E-03	-1.31027296857187E-05	0	4.36576393209	6590.83203125	
8.140832	2.26155954756703E-03	-1.32732083613937E-05	0	4.33292708057	6590.83203125	
8.144928	2.26084811250031E-03	-1.32930480050156E-05	0	4.3921959191	6590.83203125	
8.149024	2.25877744421141E-03	-1.318868296515E-05	0	4.43474878605	6545.2890625	
8.15312	0.002257173446605	-1.30655040017906E-05	0	4.39992066635	6545.2890625	
8.157216	2.25781338157891E-03	-1.32966133860656E-05	0	4.38785480188	6545.2890625	
8.161312	2.25599387793828E-03	-1.32232593728812E-05	0	4.46597583839	6545.2890625	
8.165408	2.25639627168313E-03	-1.33404594960656E-05	0	4.43727029614	6545.2890625	
8.169504	2.25657931923531E-03	-1.34930557377E-05	0	4.43773187363	6497.9921875	
8.1736	2.25617326819672E-03	-1.35616453325719E-05	0	4.52597328271	6497.9921875	
8.177696	2.25366463898125E-03	-1.33903830038344E-05	0	4.50152874919	6497.9921875	
8.181792	2.25511887040859E-03	-1.35922253500687E-05	0	4.45406637621	6497.9921875	
8.185888	2.25475707262437E-03	-1.37433821700656E-05	0	4.539862569	6497.9921875	
8.189984	2.25460776360703E-03	-1.37523432187969E-05	0	4.52486320792	6497.9921875	
8.19408	2.25556067149359E-03	-1.39609540678781E-05	0	4.49787046148	6452.109375	
8.198176	2.25549429161203E-03	-1.40170242041156E-05	0	4.59668619124	6452.109375	
8.202272	2.25427147544672E-03	-1.39800636641531E-05	0	4.59882623233	6452.109375	
8.206368	2.25533657081906E-03	-1.40692871326219E-05	0	4.55330553656	6452.109375	
8.210464	2.25666078545359E-03	-1.43396748430031E-05	0	4.58994181932	6406.58984375	
8.21456	2.25613422658594E-03	-1.4278649182875E-05	0	4.6340472651	6406.58984375	
8.218656	2.25775989365781E-03	-1.44740461028625E-05	0	4.58664974185	6406.58984375	
8.222752	2.25810751942875E-03	-1.45647916851937E-05	0	4.63154482846	6406.58984375	
8.226848	2.25704534989141E-03	-1.4509829720925E-05	0	4.69552099445	6406.58984375	
8.230944	2.25467514924437E-03	-1.42551989659406E-05	0	4.65202208438	6361.47265625	
8.23504	2.25589622819516E-03	-1.44921078636469E-05	0	4.64595291259	6361.47265625	
8.239136	2.25452520020063E-03	-1.44829727766281E-05	0	4.71750123823	6361.47265625	
8.243232	2.25509400081109E-03	-1.45946529534094E-05	0	4.691687231	6361.47265625	
8.247328	2.25542297438391E-03	-1.47717222474937E-05	0	4.68516792579	6361.47265625	
8.251424	2.25489312395187E-03	-1.47920104483594E-05	0	4.77988667849	6361.47265625	
8.25552	2.25260457238781E-03	-1.46296396972687E-05	0	4.76657722508	6314.19140625	
8.259616	2.25387996215078E-03	-1.48215541688156E-05	0	4.7175889761	6314.19140625	
8.263712	2.25298109077938E-03	-1.49025843762469E-05	0	4.78178257942	6314.19140625	
8.267808	2.25182492879266E-03	-1.47958080407156E-05	0	4.80410233061	6314.19140625	
8.271904	2.25176184047547E-03	-1.49276194473656E-05	0	4.76059960585	6268.4921875	
8.276	2.25058291183516E-03	-1.4904202403475E-05	0	4.84887153245	6268.4921875	
8.280096	2.24844915522906E-03	-1.48318846873312E-05	0	4.8724653901	6268.4921875	
8.284192	2.24719214336719E-03	-1.47504559226062E-05	0	4.81907880355	6268.4921875	
8.288288	2.24825467863391E-03	-1.51155288748406E-05	0	4.84769660793	6268.4921875	
8.292384	2.24677237747703E-03	-1.50610777273687E-05	0	4.89684507389	6221.96875	
8.29648	2.24742721592297E-03	-1.52483845112156E-05	0	4.86096409975	6221.96875	
8.300576	2.24675957694891E-03	-1.53110575254656E-05	0	4.9042417578	6221.96875	
8.304672	2.24525633778531E-03	-1.52675491555125E-05	0	4.96546371761	6221.96875	
8.308768	2.24264941880031E-03	-1.50345703019531E-05	0	4.94617664497	6221.96875	
8.312864	2.24365179158484E-03	-1.53001563344437E-05	0	4.9079420071	6178.05078125	
8.31696	2.24209140720641E-03	-1.53042818110875E-05	0	4.991903334	6178.05078125	
8.321056	2.24256795258203E-03	-1.5430313415825E-05	0	4.98240857059	6178.05078125	
8.325152	2.24312267261156E-03	-1.56619492418813E-05	0	4.95724306066	6178.05078125	
8.329248	2.24327051871141E-03	-1.57522183823812E-05	0	5.05411711321	6178.05078125	
8.333344	2.24141937947984E-03	-1.56398809947188E-05	0	5.05539503436	6130.51171875	
8.33744	2.24238810516188E-03	-1.57674186075656E-05	0	4.99924661225	6130.51171875	
8.341536	2.24291557835297E-03	-1.60262885410031E-05	0	5.07673822491	6130.51171875	
8.345632	2.24213310035516E-03	-1.59459431886563E-05	0	5.0760172485	6130.51171875	
8.349728	2.24278629301891E-03	-1.61162221049156E-05	0	5.04854766581	6130.51171875	
8.353824	2.24207860667828E-03	-1.61117283594094E-05	0	5.12472321042	6084.390625	
8.35792	2.24027994961203E-03	-1.60113558636281E-05	0	5.15297480456	6084.390625	
8.362016	2.23938756993703E-03	-1.59337619508375E-05	0	5.12408615719	6084.390625	
8.366112	2.24030774504453E-03	-1.62349904957625E-05	0	5.12420822727	6084.390625	
8.370208	2.23884976489109E-03	-1.61478441886781E-05	0	5.19256747207	6084.390625	
8.374304	2.23951493519188E-03	-1.63115805634031E-05	0	5.16565864881	6038.08984375	
8.3784	2.23910120383641E-03	-1.6399239369975E-05	0	5.16830985836	6038.08984375	
8.382496	2.23778092079266E-03	-1.63451043279562E-05	0	5.25797414681	6038.08984375	
8.386592	2.23431773790844E-03	-1.60202298932156E-05	0	5.23555521368	6038.08984375	
8.390688	2.23482537028094E-03	-1.62357481873125E-05	0	5.20111619236	5993.2890625	
8.394784	2.23337241890641E-03	-1.63100872956656E-05	0	5.28286881375	5993.2890625	
8.39888	2.23285866056688E-03	-1.63574346040875E-05	0	5.2726263711	5993.2890625	
8.402976	2.23303064480547E-03	-1.65739317433594E-05	0	5.2537436556	5993.2890625	
8.407072	2.23241036778547E-03	-1.66294268801719E-05	0	5.34877139819	5993.2890625	
8.411168	2.23012748502672E-03	-1.64674015614281E-05	0	5.34944278363	5947.25	
8.415264	2.23016021780578E-03	-1.65327841883531E-05	0	5.30615368151	5947.25	
8.41936	2.22969162704406E-03	-1.672187173965E-05	0	5.34417469674	5947.25	
8.423456	2.22771677985141E-03	-1.65532060429312E-05	0	5.3935520441	5947.25	
8.427552	2.22724288601375E-03	-1.66624585779094E-05	0	5.35279971083	5947.25	
8.431648	2.22560450984609E-03	-1.66275086128594E-05	0	5.4116336747	5900.19140625	
8.435744	2.22333232467156E-03	-1.65405144690844E-05	0	5.46397503619	5900.19140625	
8.43984	2.22075923565375E-03	-1.63508552837437E-05	0	5.42732730936	5900.19140625	
8.443936	2.22153193039078E-03	-1.67342359099781E-05	0	5.42311207691	5900.19140625	
8.448032	2.21948256583797E-03	-1.66969919568375E-05	0	5.4939928318	5854.15234375	
8.452128	2.21907459472016E-03	-1.6784373600225E-05	0	5.46872813993	5854.15234375	
8.456224	2.21861651867797E-03	-1.69480037250562E-05	0	5.47673517424	5854.15234375	
8.46032	2.21703912788359E-03	-1.68738535588219E-05	0	5.56466759343	5854.15234375	
8.464416	0.002214146117095	-1.66293458706375E-05	0	5.56021966489	5854.15234375	
8.468512	2.21467907622672E-03	-1.6871169667275E-05	0	5.51117801025	5854.15234375	
8.472608	2.21340066919641E-03	-1.69694594728312E-05	0	5.58992084123	5809.03125	
8.476704	2.21286487566203E-03	-1.69905140190844E-05	0	5.60570221376	5809.03125	
8.4808	2.21313798407281E-03	-1.72357168988812E-05	0	5.56473244316	5809.03125	
8.484896	2.21264406655187E-03	-1.72807735845937E-05	0	5.65538092163	5809.03125	
8.488992	2.21043963274406E-03	-1.71510537623906E-05	0	5.678929003	5809.03125	
8.493088	2.20966428646906E-03	-1.70915557449656E-05	0	5.62712169811	5763.390625	
8.497184	2.21002370701234E-03	-1.74263215159687E-05	0	5.68414749892	5763.390625	
8.50128	2.20756426839781E-03	-1.71611249061656E-05	0	5.71209773255	5763.390625	
8.505376	2.20715830879156E-03	-1.72590512505469E-05	0	5.69149077717	5763.390625	
8.509472	2.20575802244703E-03	-1.72523029399875E-05	0	5.7408795686	5716.3515625	
8.513568	2.20377659212563E-03	-1.71835082972437E-05	0	5.79315226567	5716.3515625	
8.517664	2.20152955084563E-03	-1.69993217025844E-05	0	5.78103681023	5716.3515625	
8.52176	2.20252497477203E-03	-1.74219049338469E-05	0	5.74732258001	5716.3515625	
8.525856	2.20121401782734E-03	-1.74268700731125E-05	0	5.83509478222	5716.3515625	
8.529952	2.20144406160422E-03	-1.75889545264125E-05	0	5.81921422775	5670.3515625	
8.534048	2.20126128834906E-03	-1.77312313072125E-05	0	5.81144370422	5670.3515625	
8.538144	2.20028707672641E-03	-1.77171053598E-05	0	5.91012973452	5670.3515625	
8.54224	2.19656952906187E-03	-1.73273694514594E-05	0	5.90557117997	5670.3515625	
8.546336	2.19626588224828E-03	-1.74161650357406E-05	0	5.86160306303	5670.3515625	
8.550432	2.19498884670312E-03	-1.75427540918438E-05	0	5.93869413324	5624.15234375	
8.554528	2.19337140854219E-03	-1.7425842189525E-05	0	5.94978343707	5624.15234375	
8.558624	2.19294131079719E-03	-1.76111951291719E-05	0	5.92132584967	5624.15234375	
8.56272	2.19142033375891E-03	-1.75756134339844E-05	0	6.0048942635	5624.15234375	
8.566816	2.18881844355281E-03	-1.74252994016063E-05	0	6.03467554833	5624.15234375	
8.570912	2.18748819438359E-03	-1.73802826197E-05	0	6.00463486458	5579.83203125	
8.575008	2.18741779147891E-03	-1.77018883077094E-05	0	6.02188489276	5579.83203125	
8.579104	2.18486079455359E-03	-1.75081971552469E-05	0	6.08472809582	5579.83203125	
8.5832	2.18406716180984E-03	-1.75836619836281E-05	0	6.05681982378	5579.83203125	
8.587296	2.1829201430575E-03	-1.76778118894781E-05	0	6.07998643615	5532.25	
8.591392	2.18107311828141E-03	-1.76213903112844E-05	0	6.16456955752	5532.25	
8.595488	2.17805932536672E-03	-1.73650802310562E-05	0	6.14137624232	5532.25	
8.599584	2.17872266702063E-03	-1.7708457291525E-05	0	6.12403466158	5532.25	
8.60368	2.17748970186516E-03	-1.77717497763094E-05	0	6.20350609835	5532.25	
8.607776	2.17702769423219E-03	-1.78212365056687E-05	0	6.19685709368	5486.33203125	
8.611872	2.17708282793547E-03	-1.80288918268594E-05	0	6.17545668278	5486.33203125	
8.615968	2.17561341873906E-03	-1.79499286846687E-05	0	6.2859224758	5486.33203125	
8.620064	2.17263025565953E-03	-1.76484638419031E-05	0	6.2857317413	5486.33203125	
8.62416	2.17210707978859E-03	-1.77342180830719E-05	0	6.24164536897	5486.33203125	
8.628256	2.17122046035125E-03	-1.79056962769781E-05	0	6.29968206263	5439.8515625	
8.632352	2.16915573516469E-03	-1.77445673515687E-05	0	6.34773952725	5439.8515625	
8.636448	2.16908478366594E-03	-1.79510933469656E-05	0	6.30277959091	5439.8515625	
8.640544	2.16834171300828E-03	-1.80536230521281E-05	0	6.38276601083	5439.8515625	
8.64464	2.16658209755281E-03	-1.79647447756219E-05	0	6.42879024568	5439.8515625	
8.648736	2.16483866562219E-03	-1.77776565011719E-05	0	6.39256594944	5395.19140625	
8.652832	2.16584954161469E-03	-1.82064570339094E-05	0	6.40623016902	5395.19140625	
8.656928	2.16384342456047E-03	-1.80456204159E-05	0	6.47198779524	5395.19140625	
8.661024	2.16345712290812E-03	-1.81034730022781E-05	0	6.45322333513	5395.19140625	
8.66512	2.16265379833594E-03	-1.819178565435E-05	0	6.47763735113	5395.19140625	
8.669216	2.16079214438484E-03	-1.80655504440469E-05	0	6.55641832901	5348.79296875	
8.673312	2.15797337665937E-03	-1.77822348619781E-05	0	6.55676165111	5348.79296875	
8.677408	2.15871626445234E-03	-1.81472135835375E-05	0	6.51614283199	5348.79296875	
8.681504	2.15735053953375E-03	-1.81949755550062E-05	0	6.60008127075	5348.79296875	
8.6856	2.15661322911375E-03	-1.81858342179937E-05	0	6.61277655907	5348.79296875	
8.689696	2.15650826478312E-03	-1.83874441125375E-05	0	6.57816206201	5302.19140625	
8.693792	2.15507990870906E-03	-1.82574185214094E-05	0	6.67906824189	5302.19140625	
8.697888	2.15166628215516E-03	-1.79273330341875E-05	0	6.70566807526	5302.19140625	
8.701984	2.14971621312766E-03	-1.77422046135469E-05	0	6.65553541928	5302.19140625	
8.70608	2.14932643704625E-03	-1.80979895943E-05	0	6.72241074967	5302.19140625	
8.710176	2.14710892841328E-03	-1.7916914775375E-05	0	6.75431300214	5255.83203125	
8.714272	2.14712063175328E-03	-1.81841657100469E-05	0	6.73488860066	5255.83203125	
8.718368	2.14598860790531E-03	-1.82138712091875E-05	0	6.78707355986	5255.83203125	
8.722464	2.14443233798234E-03	-1.81762532179594E-05	0	6.85068351561	5255.83203125	
8.72656	2.14275610882437E-03	-1.80252901477687E-05	0	6.83444819497	5255.83203125	
8.730656	2.14399254840891E-03	-1.85169362907375E-05	0	6.81753385951	5211.15234375	
8.734752	2.14219096550766E-03	-1.83688967753156E-05	0	6.90924663649	5211.15234375	
8.738848	2.14180310950547E-03	-1.83802232062969E-05	0	6.89635679898	5211.15234375	
8.742944	2.14134677067781E-03	-1.84784562811406E-05	0	6.90040418507	5211.15234375	
8.74704	2.14058934514219E-03	-1.84955829467062E-05	0	6.9985447147	5164.87109375	
8.751136	2.13733087927563E-03	-1.80931508972156E-05	0	6.99576762038	5164.87109375	
8.755232	2.13779078396469E-03	-1.83361557022875E-05	0	6.95853243129	5164.87109375	
8.759328	2.13698252204594E-03	-1.84974617909812E-05	0	7.04508011801	5164.87109375	
8.763424	2.13667357215641E-03	-1.85217608051437E-05	0	7.05026046703	5164.87109375	
8.76752	2.13746043890672E-03	-1.88445732227156E-05	0	7.03529925285	5118.15234375	
8.771616	2.13673620331187E-03	-1.88019492268781E-05	0	7.12857986742	5118.15234375	
8.775712	2.13414181055797E-03	-1.84826875269094E-05	0	7.15017482751	5118.15234375	
8.779808	2.13329158119344E-03	-1.84200784549031E-05	0	7.12868667874	5118.15234375	
8.783904	2.13355792361078E-03	-1.87859785697719E-05	0	7.14126371167	5118.15234375	
8.788	2.13180306263719E-03	-1.85797477663875E-05	0	7.22117765248	5072.15234375	
8.792096	2.13220883937875E-03	-1.88235667533375E-05	0	7.19137347951	5072.15234375	
8.796192	2.13169297809531E-03	-1.88471604797437E-05	0	7.23132854257	5072.15234375	
8.800288	2.13088599622937E-03	-1.88487794685094E-05	0	7.31488551233	5072.15234375	
8.804384	2.12867296778125E-03	-1.85317170451875E-05	0	7.29434340668	5072.15234375	
8.80848	2.13027175374406E-03	-1.90116095941406E-05	0	7.28957885887	5026.39453125	
8.812576	2.12882593409234E-03	-1.8941386827825E-05	0	7.36897018715	5026.39453125	
8.816672	2.12805159357312E-03	-1.88502590343375E-05	0	7.36224107399	5026.39453125	
8.820768	2.12744695148391E-03	-1.8951886817325E-05	0	7.35886507334	5026.39453125	
8.824864	2.12576505352062E-03	-1.87868309727656E-05	0	7.46125516763	5026.39453125	
8.82896	2.12279670248078E-03	-1.8468614223675E-05	0	7.4763346372	4981.7734375	
8.833056	2.12286801970891E-03	-1.8686602467225E-05	0	7.43930162668	4981.7734375	
8.837152	2.12243938488141E-03	-1.89448812954844E-05	0	7.50407124819	4981.7734375	
8.841248	0.002121777506145	-1.89172354096688E-05	0	7.54944317105	4981.7734375	
8.845344	2.12288758623047E-03	-1.92653776096031E-05	0	7.51226520231	4981.7734375	
8.84944	2.12275290638813E-03	-1.93103616992344E-05	0	7.60486298737	4933.97265625	
8.853536	2.12082066666766E-03	-0.000019063673244	0	7.64283441163	4933.97265625	
8.857632	2.11887782079531E-03	-1.87373860702875E-05	0	7.61279372788	4933.97265625	
8.861728	2.11987333615406E-03	-1.92214408746937E-05	0	7.64203332673	4933.97265625	
8.865824	2.11810238308797E-03	-1.90153711288406E-05	0	7.70924816453	4933.97265625	
8.86992	2.11847524418578E-03	-1.92296055299906E-05	0	7.70212995299	4933.97265625	
8.874016	2.11793871919266E-03	-1.92902256616781E-05	0	7.73413901678	4888.29296875	
8.878112	2.11713941764359E-03	-1.92637259285625E-05	0	7.81333198118	4888.29296875	
8.882208	2.11528882700609E-03	-1.90172127135375E-05	0	7.81917608626	4888.29296875	
8.886304	2.11688605861906E-03	-1.95034730445844E-05	0	7.78457303327	4888.29296875	
8.8904	2.11574169140469E-03	-1.94526199704375E-05	0	7.87246349087	4841.97265625	
8.894496	2.11537413338281E-03	-1.93797217260281E-05	0	7.89024757565	4841.9765625	
8.898592	2.11536672736297E-03	-1.95311547476719E-05	0	7.87021282377	4841.9765625	
8.902688	2.11464651479125E-03	-1.94792038380844E-05	0	7.97450644837	4841.9765625	
8.906784	2.11192109948875E-03	-1.91190200636531E-05	0	7.99549868744	4797.3359375	
8.91088	2.11162604731547E-03	-1.91653269885E-05	0	7.96272668565	4797.3359375	
8.914976	2.11245835594062E-03	-1.96445320381406E-05	0	8.03727335763	4797.3359375	
8.919072	2.11186249135641E-03	-1.95731599941281E-05	0	8.06389226445	4797.3359375	
8.923168	2.11322538187234E-03	-1.99431057780281E-05	0	8.05070106643	4797.3359375	
8.927264	2.1130102415675E-03	-1.99376709276937E-05	0	8.12184503493	4797.3359375	
8.93136	2.11171126225984E-03	-1.97630066792813E-05	0	8.1758724894	4750.4765625	
8.935456	2.11010653319469E-03	-1.94368221496969E-05	0	8.17051666464	4750.4765625	
8.939552	2.11119320660016E-03	-1.98765077677031E-05	0	8.16882675697	4750.4765625	
8.943648	2.10929689979078E-03	-1.96081243822406E-05	0	8.26173734661	4750.4765625	
8.947744	0.00210960310671	-1.97672566750312E-05	0	8.25729704745	4704.2734375	
8.95184	2.10928537931547E-03	-1.98898805908688E-05	0	8.26398801371	4704.2734375	
8.955936	2.10881413701578E-03	-1.98923135211281E-05	0	8.36746529465	4704.2734375	
8.960032	2.10628530125234E-03	-1.95178114917844E-05	0	8.37506415713	4704.2734375	
8.964128	2.10780207240281E-03	-1.99507752415125E-05	0	8.3426125893	4704.2734375	
8.968224	2.10755483934531E-03	-2.01271284305437E-05	0	8.43981851988	4657.7734375	
8.97232	2.10707207657031E-03	-2.00279833373812E-05	0	8.44938957709	4657.7734375	
8.976416	2.10717137209562E-03	-2.0177320207275E-05	0	8.44206537229	4657.7734375	
8.980512	2.10637920226938E-03	-2.01048020105625E-05	0	8.54824726844	4657.7734375	
8.984608	2.10407739301547E-03	-1.97926138612125E-05	0	8.5758808828	4657.7734375	
8.988704	2.10391875789906E-03	-1.98208539772031E-05	0	8.5600880662	4657.7734375	
8.9928	2.10463805614734E-03	-2.02608052199437E-05	0	8.59403117782	4657.7734375	
8.996896	2.10419396925375E-03	-2.01816747702281E-05	0	8.67004650545	4613.6171875	
9.000992	2.10565514953922E-03	-2.05705489005844E-05	0	8.64899323134	4613.6171875	
9.005088	2.10585163764594E-03	-2.06278673528813E-05	0	8.70628987514	4613.6171875	
9.009184	2.10472857416766E-03	-2.04450533530031E-05	0	8.78475804844	4613.6171875	
9.01328	2.10209559696469E-03	-1.99225005101719E-05	0	8.77022407954	4566.81640625	
9.017376	2.10340682820641E-03	-2.04194625132094E-05	0	8.76740120894	4566.81640625	
9.021472	2.10179917330625E-03	-2.02749273212062E-05	0	8.86525945151	4566.81640625	
9.025568	2.10138745346234E-03	-2.02827232268719E-05	0	8.86920765566	4566.81640625	
9.029664	2.10116390138188E-03	-2.04393016760625E-05	0	8.87475040023	4520.27734375	
9.03376	2.10053786412422E-03	-2.044810647495E-05	0	8.98273283006	4520.27734375	
9.037856	2.09864238020594E-03	-2.01732591536438E-05	0	9.00542260618	4520.27734375	
9.041952	2.10013629327047E-03	-2.058339864735E-05	0	8.97527511111	4520.27734375	
9.046048	2.10027444754188E-03	-2.07974277602437E-05	0	9.05706969409	4520.27734375	
9.050144	2.10011407521094E-03	-2.07075151097719E-05	0	9.10057241885	4520.27734375	
9.05424	2.10101322087937E-03	-2.09889568956375E-05	0	9.079725138	4474.078125	
9.058336	2.10094949253578E-03	-2.09725299889875E-05	0	9.17302864071	4474.078125	
9.062432	2.09935600964891E-03	-2.07240994681875E-05	0	9.22844082765	4474.078125	
9.066528	2.09849453410609E-03	-2.05472332989E-05	0	9.20076906639	4474.078125	
9.070624	2.10045328920625E-03	-2.12055213425344E-05	0	9.25315238947	4474.078125	
9.07472	2.10009880600953E-03	-2.11190767174406E-05	0	9.31770075896	4428.71875	
9.078816	2.10174714830266E-03	-2.14601383956094E-05	0	9.3181814099	4428.71875	
9.082912	2.10224655176422E-03	-2.15534020042687E-05	0	9.35228855319	4428.71875	
9.087008	2.10188667405922E-03	-2.14479790327687E-05	0	9.44846451747	4428.71875	
9.091104	2.1001892325975E-03	-2.10194895574125E-05	0	9.46108732668	4383.73828125	
9.0952	2.10186957621094E-03	-2.14911549511312E-05	0	9.44341005322	4383.73828125	
9.099296	2.10105390827234E-03	-2.13998951866219E-05	0	9.54258817853	4383.73828125	
9.103392	2.1013273824125E-03	-2.14368004381781E-05	0	9.56831826258	4383.73828125	
9.107488	2.10196823170984E-03	-2.16847607671406E-05	0	9.564953706	4383.73828125	
9.111584	2.10212522104406E-03	-2.17096842999094E-05	0	9.68024889656	4336.1796875	
9.11568	2.10041095603109E-03	-2.14146877199062E-05	0	9.70318281284	4336.1796875	
9.119776	2.10148620039359E-03	-2.16482401305844E-05	0	9.67963473147	4336.1796875	
9.123872	2.10255979897391E-03	-2.20776892203656E-05	0	9.7613339472	4336.1796875	
9.127968	2.10186125586766E-03	-2.18291591804344E-05	0	9.80184214031	4336.1796875	
9.132064	2.10250640248516E-03	-2.20064950607906E-05	0	9.79821055543	4290.48046875	
9.13616	2.10182797449453E-03	-2.18584925645625E-05	0	9.88901925088	4290.48046875	
9.140256	2.09995132563906E-03	-2.15849310592781E-05	0	9.94553006854	4290.48046875	
9.144352	2.09846170989469E-03	-2.13265224234563E-05	0	9.95346843843	4290.48046875	
9.148448	2.09983127497172E-03	-2.19653285154188E-05	0	9.97392280621	4290.48046875	
9.152544	2.09890442530313E-03	-2.18226067831406E-05	0	10.06717671795	4244.578125	
9.15664	2.10038370919266E-03	-2.22233645554594E-05	0	10.07153309393	4244.578125	
9.160736	2.10104001055609E-03	-2.24149739792344E-05	0	10.0989721591	4244.578125	
9.164832	2.10105847988953E-03	-2.23972730353969E-05	0	10.20720635847	4244.578125	
9.168928	2.09862500806062E-03	-2.18569149219094E-05	0	10.22099646282	4244.578125	
9.173024	2.1000634216925E-03	-2.22890248263375E-05	0	10.21204338539	4199.6171875	
9.17712	2.09955094340578E-03	-2.23595632173375E-05	0	10.32133425389	4199.6171875	
9.181216	2.09942814976813E-03	-2.23027606299094E-05	0	10.33817611024	4199.6171875	
9.185312	2.10006287309844E-03	-2.25383517404719E-05	0	10.34204802059	4199.6171875	
9.189408	2.10014845377219E-03	-2.25615824864719E-05	0	10.45225441469	4152.5	
9.193504	2.09881628452375E-03	-2.23270000287469E-05	0	10.49776366639	4152.5	
9.1976	0.002100032700425	-2.26019978306719E-05	0	10.4873076011	4152.5	
9.201696	2.10126045393687E-03	-2.30523408899437E-05	0	10.54847615525	4152.5	
9.205792	2.10096823616625E-03	-2.28446057611406E-05	0	10.62936284201	4152.5	
9.209888	2.10192333842906E-03	-2.30939069541469E-05	0	10.62216452198	4152.5	
9.213984	2.10186747326703E-03	-2.30286659136187E-05	0	10.70484792773	4106.44140625	
9.21808	2.10101248942062E-03	-2.2920263618175E-05	0	10.78410192717	4106.44140625	
9.222176	2.09922891869109E-03	-2.24925426516656E-05	0	10.78602834562	4106.44140625	
9.226272	2.10122570964625E-03	-2.316955759965E-05	0	10.81011811297	4106.44140625	
9.230368	2.10068287582141E-03	-2.30711793326438E-05	0	10.90506574707	4106.44140625	
9.234464	0.002102115894945	-2.33870694013687E-05	0	10.92070979076	4106.44140625	
9.23856	2.10324343860812E-03	-2.36441165000906E-05	0	10.95113194351	4059.90234375	
9.242656	2.10345976753344E-03	-2.36216482533281E-05	0	11.06517973044	4059.90234375	
9.246752	2.1016287434175E-03	-2.31314189358656E-05	0	11.09247383739	4059.90234375	
9.250848	2.10311241605953E-03	-2.356138797705E-05	0	11.08210932466	4059.90234375	
9.254944	0.00210289709289	-2.36228523386625E-05	0	11.17455833681	4015.83984375	
9.25904	2.10242201043188E-03	-2.34838580065031E-05	0	11.24208979388	4015.83984375	
9.263136	2.1027464123875E-03	-2.36685171968437E-05	0	11.2329269085	4015.83984375	
9.267232	2.10246809233312E-03	-2.36077922575687E-05	0	11.34859212399	4015.83984375	
9.271328	0.00210125277362	-2.34399340119656E-05	0	11.40613290795	4015.83984375	
9.275424	2.10117633618063E-03	-2.34518299135312E-05	0	11.40327189045	3968.72265625	
9.27952	2.10277411638766E-03	-2.40610220928E-05	0	11.48098856982	3968.72265625	
9.283616	2.10183611197312E-03	-2.37975610581844E-05	0	11.54148955322	3968.72265625	
9.287712	2.10278709978047E-03	-2.4055035560325E-05	0	11.55392544262	3968.72265625	
9.291808	2.10281004929875E-03	-2.41205850140062E-05	0	11.62081984646	3922.3828125	
9.295904	2.10162060593891E-03	-2.38738556934281E-05	0	11.71844920763	3922.3828125	
9.3	0.002099535308475	-2.34498426559031E-05	0	11.74847844731	3922.3828125	
9.304096	2.10093989213969E-03	-2.40524071975687E-05	0	11.75889255101	3922.3828125	
9.308192	2.10028962531094E-03	-2.40333197166562E-05	0	11.87032727529	3922.3828125	
9.312288	2.10114470058969E-03	-2.42828956690031E-05	0	11.90214178989	3876.10546875	
9.316384	2.1016550759325E-03	-2.44648618331906E-05	0	11.91788501552	3876.10546875	
9.32048	2.10127316303266E-03	-2.432367183015E-05	0	12.05211632724	3876.10546875	
9.324576	2.09871808618656E-03	-2.38028735528719E-05	0	12.08655916325	3876.10546875	
9.328672	2.09890159090047E-03	-2.39687649735187E-05	0	12.08400332095	3831.0625	
9.332768	2.09838362667313E-03	-2.41803311081062E-05	0	12.19343533298	3831.0625	
9.336864	2.09689693676375E-03	-2.38789364575781E-05	0	12.23613315815	3831.0625	
9.34096	2.09711143704219E-03	-2.42095616077219E-05	0	12.25650360275	3831.0625	
9.345056	2.09623441800094E-03	-2.4141023935875E-05	0	12.37222603859	3831.0625	
9.349152	2.09441381717219E-03	-2.39166457948687E-05	0	12.43377987643	3831.0625	
9.353248	2.09366443768281E-03	-2.38793306879531E-05	0	12.4577475737	3785.64453125	
9.357344	2.09483440595344E-03	-2.44949298319687E-05	0	12.49425034231	3785.64453125	
9.36144	2.09339151213672E-03	-2.41443852305906E-05	0	12.60992318718	3785.64453125	
9.365536	2.09367266659375E-03	-2.43746140869E-05	0	12.62356833331	3785.64453125	
9.369632	2.09291185806141E-03	-2.43018386789062E-05	0	12.68665949122	3785.64453125	
9.373728	2.09196169314516E-03	-2.42495291158312E-05	0	12.79198308212	3738.203125	
9.377824	2.08885061621672E-03	-2.36289427171875E-05	0	12.82612455762	3738.203125	
9.38192	2.0898902933975E-03	-2.42199748184625E-05	0	12.83782802654	3738.203125	
9.386016	2.0886380360175E-03	-2.41813077898219E-05	0	12.96729097576	3738.203125	
9.390112	2.08878085333844E-03	-2.43179381820375E-05	0	13.0013790456	3738.203125	
9.394208	2.08899617650797E-03	-2.46017073694219E-05	0	13.02810857843	3692.3046875	
9.398304	2.08804683448281E-03	-2.44247705271281E-05	0	13.15289090302	3692.30859375	
9.4024	2.08469684484016E-03	-2.37516760079156E-05	0	13.20525515265	3692.30859375	
9.406496	2.08390705225484E-03	-2.37888132303937E-05	0	13.21634064179	3692.30859375	
9.410592	2.08264254294078E-03	-2.39486082629062E-05	0	13.31041852657	3646.765625	
9.414688	2.08038617556172E-03	-2.35837396373906E-05	0	13.39760326652	3646.765625	
9.418784	2.0792578090075E-03	-2.37457373119313E-05	0	13.40838739515	3646.765625	
9.42288	2.07737247407937E-03	-2.35865218461469E-05	0	13.5033541027	3646.765625	
9.426976	0.00207487344526	-2.33999047250719E-05	0	13.50800039512	3646.765625	
9.431072	2.0712351694375E-03	-2.28211709288062E-05	0	13.45397294065	3646.765625	
9.435168	2.07234790106094E-03	-2.36826508365562E-05	0	13.57950294448	3646.765625	
9.439264	2.07013139818375E-03	-2.34791231554687E-05	0	13.55666058076	3646.765625	
9.44336	2.06870395643312E-03	-2.336681124855E-05	0	13.54445738745	3646.765625	
9.447456	2.06390494700672E-03	-2.26840181813437E-05	0	13.55839245002	3646.765625	
9.451552	2.05439689758016E-03	-2.0727900425925E-05	0	13.5431031725	3646.765625	
9.455648	2.05278668257438E-03	-2.13557437884656E-05	0	13.55201047365	3646.765625	
9.459744	2.05467421187875E-03	-2.280738873105E-05	0	13.526127802	3646.765625	
9.46384	2.05545038104484E-03	-2.33497566982969E-05	0	13.53822418399	3646.765625	
9.467936	2.05197247755328E-03	-2.25663887316656E-05	0	13.52340411334	3646.765625	
9.472032	2.04824286081938E-03	-2.19119559726375E-05	0	13.51410771381	3646.765625	
9.476128	2.04502078502563E-03	-2.16547882009594E-05	0	13.51314641193	3646.765625	
9.480224	2.04382119267562E-03	-2.18962519018031E-05	0	13.50146583115	3646.765625	
9.48432	2.04311798651984E-03	-2.23111933137844E-05	0	13.5014849046	3646.765625	
9.488416	2.03853503172172E-03	-2.14591835888719E-05	0	13.48638254689	3646.765625	
9.492512	2.03566506188375E-03	-2.11988360126812E-05	0	13.47536572217	3646.765625	
9.496608	2.03460782969297E-03	-2.15804644772062E-05	0	13.46890363731	3646.765625	
9.500704	2.03410577469344E-03	-2.18977201695656E-05	0	13.46312819665	3646.765625	
9.5048	2.03390818939859E-03	-2.21383117558969E-05	0	13.4667712256	3646.765625	
9.508896	2.03251933209703E-03	-2.19630316427156E-05	0	13.45370591235	3646.765625	
9.512992	2.03107140950141E-03	-2.17459520521031E-05	0	13.45634567783	3646.765625	
9.517088	2.0311717107825E-03	-2.20401265175437E-05	0	13.455556037	3646.765625	
9.521184	2.03136957037437E-03	-2.229425078265E-05	0	13.45142091304	3646.765625	
9.52528	2.02915517044109E-03	-2.18323308118781E-05	0	13.45182908487	3646.765625	
9.529376	2.02554377572766E-03	-2.11098219190031E-05	0	13.4461337527	3646.765625	
9.533472	2.0232544012725E-03	-2.09961970326281E-05	0	13.43872181003	3646.765625	
9.537568	2.02233843205281E-03	-2.12534710542E-05	0	13.43188588555	3646.765625	
9.541664	2.02206221494234E-03	-2.15570529621562E-05	0	13.42929952573	3646.765625	
9.54576	2.02015685633094E-03	-2.13393022183687E-05	0	13.42389792469	3646.765625	
9.549856	2.01723787875672E-03	-2.08634825018813E-05	0	13.41828270101	3646.765625	
9.553952	2.01557646163844E-03	-2.08288065750187E-05	0	13.41219445577	3646.765625	
9.558048	2.01598178121828E-03	-2.13223474276312E-05	0	13.40482828938	3646.765625	
9.562144	2.01678821449016E-03	-2.17978702694156E-05	0	13.40436671189	3646.765625	
9.56624	2.01522033265953E-03	-2.14820833255875E-05	0	13.40048335747	3646.765625	
9.570336	2.01209828384984E-03	-2.07849784938469E-05	0	13.39998744777	3646.765625	
9.574432	2.00971967142719E-03	-2.05051256487E-05	0	13.40037273146	3646.765625	
9.578528	2.00917610614359E-03	-2.0769092692425E-05	0	13.40239451716	3646.765625	
9.582624	2.01057639248812E-03	-4.93980058904062E-06	0	13.40633509193	3646.765625	
9.58672	0.00202173442999	0	0	13.39793895924	3646.765625	
9.590816	2.04791827599906E-03	0	0	13.39420056304	3646.765625	
9.594912	2.08897432417781E-03	0	0	13.38464857928	3646.765625	
9.599008	2.14350749982531E-03	0	0	13.38007858066	3646.765625	
9.603104	2.20830066449438E-03	0	0	13.37969711166	3646.765625	
9.6072	2.28186593965516E-03	0	0	13.37192277344	3646.765625	
9.611296	2.36344260820766E-03	0	0	13.37147264002	3646.765625	
9.615392	2.45133258866375E-03	0	0	13.36422854371	3646.765625	
9.619488	2.54289915509437E-03	0	0	13.36306124857	3646.765625	
9.623584	2.63406460783297E-03	0	0	13.35988742649	3646.765625	
9.62768	2.72194425643422E-03	0	0	13.36066943794	3646.765625	
9.631776	2.80569408893297E-03	0	0	13.36238604844	3646.765625	
9.635872	2.88384286748594E-03	0	0	13.36143619063	3646.765625	
9.639968	2.95417235200141E-03	0	0	13.36421709964	3646.765625	
9.644064	3.01399635165234E-03	0	0	13.36036044805	3646.765625	
9.64816	3.06140466191312E-03	0	0	13.35630924727	3589.99609375	
9.652256	3.09604298245172E-03	0	0	13.35233815498	3589.99609375	
9.656352	3.11810341262234E-03	0	0	13.34681829855	3589.99609375	
9.660448	3.12682651537781E-03	0	0	13.34270224804	3589.99609375	
9.664544	3.12153413702453E-03	0	0	13.29366822278	3589.99609375	
9.66864	3.10269815988859E-03	0	0	13.24978402902	3589.99609375	
9.672736	3.07199737323359E-03	0	0	13.23738628652	3589.99609375	
9.676832	3.03142363066813E-03	0	0	13.1683861738	3590.35546875	
9.680928	2.98148511315875E-03	0	0	13.08893381048	3590.35546875	
9.685024	2.92158677901234E-03	0	0	13.06787290699	3590.35546875	
9.68912	2.85409983463172E-03	4.04567600239687E-06	0	12.97200974729	3590.35546875	
9.693216	2.78683351649656E-03	7.01619610879687E-06	0	12.84436259051	3590.35546875	
9.697312	2.72296994446641E-03	7.5092742214875E-06	0	12.82337035144	3621.33984375	
9.701408	0.0026645579345	7.30600543437187E-06	0	12.78510901074	3621.33984375	
9.705504	2.61264182682766E-03	6.284626407675E-06	0	12.62662771469	3621.33984375	
9.7096	2.56796871513016E-03	4.4429647878E-06	0	12.6043461104	3621.33984375	
9.713696	2.52864293262453E-03	2.61339185775937E-06	0	12.52457712781	3621.33984375	
9.717792	2.49775571542063E-03	-1.639844514E-07	0	12.37722328249	3669.33984375	
9.721888	2.47491564165484E-03	-3.9496316272875E-06	0	12.35050519373	3669.33984375	
9.725984	2.45111287674172E-03	-5.22612313925625E-06	0	12.30368750336	3669.33984375	
9.73008	2.42941835881078E-03	-6.24145193161875E-06	0	12.15953036826	3669.33984375	
9.734176	2.40971587735312E-03	-7.15626327642187E-06	0	12.12946298168	3717.37890625	
9.738272	2.39264591593672E-03	-8.3964521804625E-06	0	12.0770796586	3717.37890625	
9.742368	2.37716212281969E-03	-9.26156237304375E-06	0	11.9457780288	3717.37890625	
9.746464	2.36619042443438E-03	-1.12453601488594E-05	0	11.89629768481	3717.37890625	
9.75056	2.35069053922484E-03	-1.08126290912062E-05	0	11.8931734537	3763.3984375	
9.754656	2.33623371419281E-03	-1.0678506629175E-05	0	11.75397923029	3763.3984375	
9.758752	2.32303554680484E-03	-1.0973040950025E-05	0	11.71361218071	3763.3984375	
9.762848	2.31011899103563E-03	-1.11833950665937E-05	0	11.68362108793	3763.3984375	
9.766944	2.29606291396625E-03	-1.06713676940062E-05	0	11.55388729572	3763.3984375	
9.77104	2.28796136828359E-03	-1.21909772320875E-05	0	11.4954538743	3811.0390625	
9.775136	2.27580168945594E-03	-1.1763963236025E-05	0	11.5007562934	3811.0390625	
9.779232	2.26548117222281E-03	-1.17423493153312E-05	0	11.3875362942	3811.0390625	
9.783328	2.25608000720609E-03	-1.20612677464125E-05	0	11.30503599357	3811.0390625	
9.787424	2.24696968847484E-03	-1.21932467009719E-05	0	11.29879516073	3811.0390625	
9.79152	2.23635987930609E-03	-1.16086381509656E-05	0	11.18670812446	3858.63671875	
9.795616	2.23254431616906E-03	-1.32077242922625E-05	0	11.08402811373	3858.640625	
9.799712	2.22642356078141E-03	-1.35904342460906E-05	0	11.12301806022	3858.640625	
9.803808	2.21888148961016E-03	-1.30286410578844E-05	0	11.03750415449	3858.640625	
9.807904	2.21223792408094E-03	-1.30646155411406E-05	0	10.93671241531	3906.0234375	
9.812	2.20536367474844E-03	-1.28470780182937E-05	0	10.93673530345	3906.0234375	
9.816096	2.19791961904969E-03	-1.24839473718094E-05	0	10.8651907925	3906.0234375	
9.820192	2.19606729119766E-03	-1.37664309450937E-05	0	10.75332119356	3906.0234375	
9.824288	2.19371821142203E-03	-1.46308161384E-05	0	10.77196739828	3906.0234375	
9.828384	2.18812291771391E-03	-1.37632194098437E-05	0	10.73188645045	3952.76171875	
9.83248	2.18432591534266E-03	-1.39158339206906E-05	0	10.59502300263	3952.76171875	
9.836576	2.17979443695406E-03	-1.36757115646594E-05	0	10.59501155856	3952.76171875	
9.840672	2.17450818456781E-03	-1.33619529841875E-05	0	10.54215521392	3952.76171875	
9.844768	2.17075900131234E-03	-1.33303482081E-05	0	10.42335813794	3952.76171875	
9.848864	2.16904976507828E-03	-1.41906528766406E-05	0	10.40070269403	3952.76171875	
9.85296	2.16247111651313E-03	-1.29543000264562E-05	0	10.40578004642	3997.6015625	
9.857056	2.1587585976275E-03	-1.30449230127562E-05	0	10.28393121844	3997.6015625	
9.861152	2.15490573009422E-03	-1.29913516720969E-05	0	10.26574277652	3997.6015625	
9.865248	2.15210003719391E-03	-1.32364120039594E-05	0	10.23884539733	3997.6015625	
9.869344	2.14943716161453E-03	-1.32084420800062E-05	0	10.15095112504	4045.30078125	
9.87344	2.15206858446766E-03	-1.49290694459156E-05	0	10.08578859046	4045.30078125	
9.877536	2.14908798149375E-03	-1.42416143641406E-05	0	10.11270885779	4045.30078125	
9.881632	2.14702782792438E-03	-1.39437112966594E-05	0	10.01808928703	4045.30078125	
9.885728	2.14375144131844E-03	-1.35214314304781E-05	0	9.94364561168	4045.30078125	
9.889824	2.14101889429313E-03	-1.33109631313312E-05	0	9.95635615876	4091.54296875	
9.89392	2.13709818396078E-03	-1.27706783350781E-05	0	9.88032557237	4091.54296875	
9.898016	2.13883859862406E-03	-1.40828277440812E-05	0	9.76371431376	4091.546875	
9.902112	2.13744644975813E-03	-1.41134476653844E-05	0	9.80720177976	4091.546875	
9.906208	2.13479171165734E-03	-1.34260226316562E-05	0	9.75807620194	4091.546875	
9.910304	2.13307022348922E-03	-0.000013433986566	0	9.64502786379	4091.546875	
9.9144	2.13119375749844E-03	-1.32837237354937E-05	0	9.66298742431	4139.0859375	
9.918496	2.1280841434875E-03	-1.2864485212425E-05	0	9.60431367742	4139.0859375	
9.922592	2.12824040136297E-03	-1.33551075583406E-05	0	9.50364400832	4139.0859375	
9.926688	2.12900267281281E-03	-1.41163440567187E-05	0	9.5140275945	4139.0859375	
9.930784	2.12590393925078E-03	-1.31066039606906E-05	0	9.5097169948	4139.0859375	
9.93488	2.12548728206031E-03	-1.34131228849406E-05	0	9.40047571727	4183.546875	
9.938976	2.12384835729859E-03	-1.316965221495E-05	0	9.38620114729	4183.546875	
9.943072	2.12286609962969E-03	-1.32487855492781E-05	0	9.36537675458	4183.546875	
9.947168	2.12215594461578E-03	-1.31584858799625E-05	0	9.25949240425	4183.546875	
9.951264	2.12553418685266E-03	-1.45450195895812E-05	0	9.20591126851	4230.06640625	
9.95536	2.12299748790766E-03	-1.35518138520187E-05	0	9.25301887532	4230.06640625	
9.959456	0.002121865281195	-1.32687562023844E-05	0	9.14943859775	4230.06640625	
9.963552	2.11972832445688E-03	-1.29303892330594E-05	0	9.103376216	4230.06640625	
9.967648	2.11793515333125E-03	-1.27460817250594E-05	0	9.10302144983	4230.06640625	
9.971744	0.00211494568142	-1.22025986146969E-05	0	9.03678317267	4230.06640625	
9.97584	2.11705045397312E-03	-1.33168513465969E-05	0	8.94896519418	4277.125	
9.979936	2.11558781077016E-03	-1.30956354620437E-05	0	8.99040798634	4277.125	
9.984032	2.11365438242922E-03	-1.25195288266125E-05	0	8.947355395	4277.125	
9.988128	2.11283807446422E-03	-1.26885702441094E-05	0	8.84680779598	4277.125	
9.992224	2.11210012401781E-03	-1.26251489133E-05	0	8.87070682883	4323.18359375	
9.99632	2.11105029784687E-03	-1.25943056749125E-05	0	8.82450711824	4323.1875	
10.000416	2.11239097030328E-03	-1.30636073690719E-05	0	8.71843966279	4323.1875	
10.004512	2.11393434826578E-03	-1.37035620175781E-05	0	8.72526032851	4323.1875	
10.008608	2.11118232615125E-03	-1.25458862521781E-05	0	8.72814804884	4323.1875	
10.012704	2.11071620406281E-03	-1.26104034953531E-05	0	8.61916235554	4323.1875	
10.0168	2.10920967333484E-03	-1.23226429658062E-05	0	8.61442832525	4369.30859375	
10.020896	2.10836904436641E-03	-1.23863868924469E-05	0	8.59908182738	4369.30859375	
10.024992	2.10780262099687E-03	-1.22931990048656E-05	0	8.50652218922	4369.30859375	
10.029088	2.11136345362422E-03	-1.36226325312E-05	0	8.4643012003	4369.30859375	
10.033184	2.10927020154641E-03	-1.27192728576375E-05	0	8.50813961778	4369.30859375	
10.03728	2.10864279280359E-03	-1.25030242758094E-05	0	8.43487086695	4414.02734375	
10.041376	2.10660604591422E-03	-1.20679816820062E-05	0	8.36447839238	4414.02734375	
10.045472	2.10584313443797E-03	-1.21201095144937E-05	0	8.3920891186	4414.02734375	
10.049568	2.10372373270984E-03	-1.17129644889469E-05	0	8.31654681253	4461.16796875	
10.053664	2.1067957680275E-03	-1.28793751013812E-05	0	8.22751194793	4461.16796875	
10.05776	2.10631693684328E-03	-1.2765354542325E-05	0	8.27704188289	4461.16796875	
10.061856	2.10534135373547E-03	-1.22424913632656E-05	0	8.2488093622	4461.16796875	
10.065952	2.10562305678656E-03	-1.2503947111425E-05	0	8.13935827672	4461.16796875	
10.070048	2.10572536957922E-03	-1.247033752965E-05	0	8.16581696656	4461.16796875	
10.074144	2.10472775127656E-03	-1.22500427980219E-05	0	8.11925867511	4507.5703125	
10.07824	2.10563722879984E-03	-1.24429238551406E-05	0	8.02724072293	4507.5703125	
10.082336	2.10717923527719E-03	-1.30756708185469E-05	0	8.02951046348	4507.5703125	
10.086432	2.10431658002672E-03	-1.18973957949E-05	0	8.05310050644	4507.5703125	
10.090528	2.10405773506156E-03	-1.20340737832219E-05	0	7.95546351589	4553.8671875	
10.094624	2.10220796731516E-03	-1.16137119439688E-05	0	7.94239820264	4553.87109375	
10.09872	2.10174047374156E-03	-1.1796843972375E-05	0	7.94570172418	4553.87109375	
10.102816	2.10096092157875E-03	-1.16551575756E-05	0	7.86172895321	4553.87109375	
10.106912	2.10471732798938E-03	-1.30227213522656E-05	0	7.79856913088	4553.87109375	
10.111008	2.10284698796562E-03	-1.22130683157656E-05	0	7.85873823625	4598.08984375	
10.115104	2.10200718188828E-03	-1.18469833453125E-05	0	7.79010051908	4598.08984375	
10.1192	2.10076799933344E-03	-1.16519974826062E-05	0	7.71970804451	4598.08984375	
10.123296	2.10064511426344E-03	-1.17766343772E-05	0	7.74844028959	4598.08984375	
10.127392	2.09909323309297E-03	-1.14553633042406E-05	0	7.68814529945	4598.08984375	
10.131488	2.10182898025031E-03	-1.23516422156531E-05	0	7.59489138771	4645.390625	
10.135584	2.10201257639656E-03	-1.24194092151937E-05	0	7.64334558009	4645.390625	
10.13968	2.10067537836922E-03	-1.17225161620875E-05	0	7.62423779788	4645.390625	
10.143776	2.10078491431703E-03	-1.19167034679E-05	0	7.52679154183	4645.390625	
10.147872	2.10029794565422E-03	-1.17231313057031E-05	0	7.54843990758	4645.390625	
10.151968	2.09967538282563E-03	-1.16765207753906E-05	0	7.51799486669	4691.390625	
10.156064	2.10053667550375E-03	-1.1867836209075E-05	0	7.42268483704	4691.390625	
10.16016	2.10280474622281E-03	-1.26797909259656E-05	0	7.42065160727	4691.390625	
10.164256	2.10007101057703E-03	-1.15223541026344E-05	0	7.45903883274	4691.390625	
10.168352	2.09985212154609E-03	-1.15589497391156E-05	0	7.36950424375	4691.390625	
10.172448	2.09872878377078E-03	-1.13466881725312E-05	0	7.34916813136	4738.58984375	
10.176544	2.09880778131578E-03	-1.15743182333625E-05	0	7.34500248988	4738.58984375	
10.18064	2.09809844919297E-03	-1.13794419859312E-05	0	7.27136371412	4738.58984375	
10.184736	2.10209751704391E-03	-1.267131425175E-05	0	7.21589049214	4738.58984375	
10.188832	2.10112805990312E-03	-1.21173785076094E-05	0	7.2705321117	4782.7109375	
10.192928	2.10100517483312E-03	-1.18186417871156E-05	0	7.22397000556	4782.7109375	
10.197024	2.10025625250547E-03	-1.16571239197875E-05	0	7.14181684172	4782.71484375	
10.20112	2.10004860965281E-03	-1.15932578778844E-05	0	7.17709128015	4782.71484375	
10.205216	2.09876809967859E-03	-1.13268987692437E-05	0	7.12639405005	4782.71484375	
10.209312	2.10115228947422E-03	-1.2024143745075E-05	0	7.03693575486	4782.71484375	
10.213408	2.1015936333975E-03	-1.22008308280031E-05	0	7.07172572766	4829.03515625	
10.217504	2.09947020864625E-03	-1.12895781334875E-05	0	7.07796274581	4829.03515625	
10.2216	2.09963862702344E-03	-1.15242476103562E-05	0	6.97577864478	4829.03515625	
10.225696	2.09937164457969E-03	-1.14423561057094E-05	0	7.00007822008	4829.03515625	
10.229792	2.09927938934484E-03	-1.15571276255531E-05	0	6.97316558213	4829.03515625	
10.233888	2.09947779753078E-03	-1.148973081795E-05	0	6.8918096885	4876.09375	
10.237984	2.10222012781687E-03	-1.24296012723094E-05	0	6.87671114548	4876.09375	
10.24208	2.09939797709469E-03	-1.12849562631094E-05	0	6.91643732714	4876.09375	
10.246176	2.09923376460531E-03	-1.13052915793125E-05	0	6.83148799553	4876.09375	
10.250272	2.09763150421344E-03	-1.09687628293031E-05	0	6.79723970871	4922.11328125	
10.254368	2.09790900137672E-03	-1.12629202274531E-05	0	6.82482754679	4922.11328125	
10.258464	2.09696551102156E-03	-1.10402574693469E-05	0	6.74450543415	4922.11328125	
10.26256	2.10091410821875E-03	-1.22829401208937E-05	0	6.67685572169	4922.11328125	
10.266656	2.09981051982969E-03	-1.17654103499625E-05	0	6.74711086742	4967.97265625	
10.270752	2.09895343303937E-03	-1.12685380102969E-05	0	6.71062335757	4967.97265625	
10.274848	2.09824675245453E-03	-1.12107613853812E-05	0	6.62011220794	4967.97265625	
10.278944	2.09812414168156E-03	-1.12034972099531E-05	0	6.65682096981	4967.97265625	
10.28304	0.002096667990175	-1.09303592619375E-05	0	6.6124980867	4967.97265625	
10.287136	2.09837347768297E-03	-1.14039434037375E-05	0	6.52374169447	4967.97265625	
10.291232	2.09928981263203E-03	-1.18179153455344E-05	0	6.55540362147	5012.8125	
10.295328	2.09701982183375E-03	-1.08699011493187E-05	0	6.57134521098	5012.81640625	
10.299424	2.09762135522328E-03	-1.12328601613594E-05	0	6.48306184031	5012.81640625	
10.30352	2.0973248401325E-03	-1.1107856199825E-05	0	6.48142915299	5012.81640625	
10.307616	2.09780120264344E-03	-1.13498100444094E-05	0	6.4779921173	5059.796875	
10.311712	2.09798745032766E-03	-1.12278842047969E-05	0	6.39854738336	5059.796875	
10.315808	2.10135499498031E-03	-1.22492754910969E-05	0	6.35799722866	5059.796875	
10.319904	2.09948657503578E-03	-1.1348971343325E-05	0	6.42888942762	5059.796875	
10.324	2.09957782451484E-03	-1.12749709365563E-05	0	6.35145885	5059.796875	
10.328096	2.09874606448375E-03	-1.107870045975E-05	0	6.31202258478	5106.3359375	
10.332192	2.09912432008984E-03	-1.12572442715906E-05	0	6.33664259404	5106.3359375	
10.336288	2.09791869320516E-03	-1.09140282686531E-05	0	6.28185601626	5106.3359375	
10.340384	2.10160561103453E-03	-1.19895709431094E-05	0	6.20500908621	5106.3359375	
10.34448	2.10166312197875E-03	-1.1869451592075E-05	0	6.26366757434	5106.3359375	
10.348576	2.10089490742656E-03	-1.13008511991375E-05	0	6.23996690537	5152.1953125	
10.352672	2.10051418314719E-03	-1.12639384956656E-05	0	6.1495854552	5152.1953125	
10.356768	2.10014881950156E-03	-1.11234338284781E-05	0	6.18364300752	5152.1953125	
10.360864	2.09931404220312E-03	-1.10296663741688E-05	0	6.15821428398	5152.1953125	
10.36496	2.1001453450725E-03	-1.12006238955188E-05	0	6.0600546809	5152.1953125	
10.369056	2.10143243817547E-03	-1.17021738747375E-05	0	6.08698257761	5196.39453125	
10.373152	2.09895123866312E-03	-1.07742889853156E-05	0	6.12252404434	5196.39453125	
10.377248	2.09935948407797E-03	-1.10373971356687E-05	0	6.02929683543	5196.39453125	
10.381344	2.0992880754175E-03	-1.10625173028562E-05	0	6.02749248706	5196.39453125	
10.38544	2.09981399425875E-03	-1.12710957000469E-05	0	6.02555843923	5196.39453125	
10.389536	2.09943939594641E-03	-1.10188800868781E-05	0	5.95601282584	5243.81640625	
10.393632	2.10307172866656E-03	-1.20781648449E-05	0	5.91948716909	5243.81640625	
10.397728	2.10132975965344E-03	-1.1327025211425E-05	0	5.98055272661	5243.81640625	
10.401824	2.10086958066734E-03	-1.10293175764406E-05	0	5.92990127279	5243.81640625	
10.40592	2.09974130554547E-03	-1.08289156133812E-05	0	5.85829191211	5243.81640625	
10.410016	2.09966742821172E-03	-1.08892693991812E-05	0	5.90392704858	5289.6171875	
10.414112	2.09861696201438E-03	-1.07176710130875E-05	0	5.84832031245	5289.6171875	
10.418208	2.10151308150266E-03	-1.15415896603219E-05	0	5.76494263312	5289.6171875	
10.422304	2.10198313518187E-03	-1.16652438635906E-05	0	5.82115590496	5289.6171875	
10.4264	2.10042851104109E-03	-1.09106828393062E-05	0	5.82773624521	5289.6171875	
10.430496	2.10085595724812E-03	-1.11190246982719E-05	0	5.72403008287	5336.87890625	
10.434592	2.10084672258141E-03	-1.106857739295E-05	0	5.7629666237	5336.87890625	
10.438688	2.10050458275109E-03	-1.10548257240094E-05	0	5.73587088063	5336.87890625	
10.442784	2.10094912680641E-03	-1.10503706803875E-05	0	5.66018361634	5336.87890625	
10.44688	2.10328357740703E-03	-1.179760743315E-05	0	5.65681143038	5336.87890625	
10.450976	2.10107347479391E-03	-1.08777965741156E-05	0	5.70403347789	5380.67578125	
10.455072	2.10184799817781E-03	-1.11158379226125E-05	0	5.62128140772	5380.67578125	
10.459168	2.10166412773453E-03	-1.10688105657937E-05	0	5.60039979466	5380.67578125	
10.463264	2.10268816998453E-03	-1.13639686840969E-05	0	5.62892223179	5380.67578125	
10.46736	2.10211671783609E-03	-1.1038560115275E-05	0	5.56135262782	5380.67578125	
10.471456	2.10578982938156E-03	-1.20063211667437E-05	0	5.49829580212	5427.4375	
10.475552	2.10486096820141E-03	-1.15140108417469E-05	0	5.57429587099	5427.4375	
10.479648	2.10478818805578E-03	-1.12349221785281E-05	0	5.53547758555	5427.4375	
10.483744	2.10476880439891E-03	-1.12750348788E-05	0	5.46189221545	5427.4375	
10.48784	2.10503779835422E-03	-1.1258675279775E-05	0	5.49809743824	5473.99609375	
10.491936	2.10389205965469E-03	-1.09550455353281E-05	0	5.45782575591	5473.99609375	
10.496032	2.10620228068422E-03	-1.15131836791125E-05	0	5.37901426051	5473.99609375	
10.500128	2.10731665808984E-03	-1.185869967975E-05	0	5.42757144952	5473.99609375	
10.504224	2.10556563727469E-03	-1.10412279010687E-05	0	5.43871415901	5473.99609375	
10.50832	2.10579878975125E-03	-1.1206083024675E-05	0	5.34998065492	5520.4765625	
10.512416	2.10558474663453E-03	-1.11079386516656E-05	0	5.36188248772	5520.4765625	
10.516512	2.10575837665531E-03	-1.12739178126094E-05	0	5.3614323543	5520.4765625	
10.520608	2.10593356102594E-03	-1.11558518249062E-05	0	5.28210587575	5520.4765625	
10.524704	2.10839455399031E-03	-1.1921043848175E-05	0	5.266942483	5520.4765625	
10.5288	2.10587477002891E-03	-1.09758056107219E-05	0	5.33012900816	5565.49609375	
10.532896	2.10606504073625E-03	-1.1044598570775E-05	0	5.26906726533	5565.49609375	
10.536992	2.10594919595672E-03	-1.10966340956625E-05	0	5.23387293539	5565.49609375	
10.541088	2.10665231068016E-03	-1.13213701690031E-05	0	5.2549262095	5565.49609375	
10.545184	2.1052480013125E-03	-1.08511857834187E-05	0	5.20459518964	5565.49609375	
10.54928	0.002108277703455	-1.17055647367312E-05	0	5.14039395694	5611.15625	
10.553376	2.10745298371437E-03	-1.14092628695719E-05	0	5.20321808655	5611.15625	
10.557472	2.10667608308953E-03	-1.1001117845025E-05	0	5.17929998025	5611.15625	
10.561568	2.10625714009047E-03	-1.09986108763781E-05	0	5.10252171462	5611.15625	
10.565664	2.10611907725141E-03	-1.09485573206625E-05	0	5.14515850475	5611.15625	
10.56976	2.10533815360344E-03	-1.08567547682344E-05	0	5.11617830482	5657.859375	
10.573856	0.002107581354725	-1.13839410198937E-05	0	5.03552431415	5657.859375	
10.577952	2.10987511793266E-03	-1.20445800227156E-05	0	5.06782329438	5657.859375	
10.582048	2.10849320948922E-03	-1.12534579773E-05	0	5.09450323624	5657.859375	
10.586144	2.10932606670844E-03	-1.140190782885E-05	0	5.00413323014	5657.859375	
10.59024	2.10963702810953E-03	-1.13625706085719E-05	0	5.01477621524	5704.5390625	
10.594336	2.11045489042438E-03	-1.1560351901175E-05	0	5.0212001532	5704.5390625	
10.598432	2.11024541892484E-03	-1.12843973694375E-05	0	4.95548830326	5704.5390625	
10.602528	2.11323525656547E-03	-1.21028595317437E-05	0	4.9245740555	5704.5390625	
10.606624	2.11127686719469E-03	-1.13341653485156E-05	0	4.98884395262	5704.5390625	
10.61072	2.11168008383063E-03	-1.13394850547344E-05	0	4.9338056053	5750.078125	
10.614816	2.11190628744906E-03	-1.14450686029969E-05	0	4.8779966906	5750.078125	
10.618912	2.11280817608781E-03	-1.161453838545E-05	0	4.92419640119	5750.078125	
10.623008	2.11184493634641E-03	-1.12514680754437E-05	0	4.86606052559	5750.078125	
10.627104	2.11476391392062E-03	-1.19432846913187E-05	0	4.7937683354	5750.078125	
10.6312	2.11462914264594E-03	-1.18542359822906E-05	0	4.85525732351	5794.5	
10.635296	2.11327813833469E-03	-1.12160265243469E-05	0	4.86245564354	5794.5	
10.639392	2.11334351246047E-03	-1.13538963384E-05	0	4.76881263342	5794.5	
10.643488	0.00211320188376	-1.12811242957875E-05	0	4.80840911562	5794.5	
10.647584	2.11270952058891E-03	-1.12435543814344E-05	0	4.7846512263	5794.5	
10.65168	2.11354914380156E-03	-1.13527638876094E-05	0	4.70644245192	5794.5	
10.655776	2.11616849758531E-03	-1.21559599594125E-05	0	4.72293717148	5841.9375	
10.659872	2.11428608849219E-03	-1.13460040386E-05	0	4.76792762534	5841.9375	
10.663968	2.11502879342047E-03	-1.15254572245312E-05	0	4.68538917781	5841.9375	
10.668064	2.11446246148328E-03	-1.13410670243062E-05	0	4.68150963808	5841.9375	
10.67216	2.11492090325484E-03	-1.14760214566594E-05	0	4.70213185222	5887.66015625	
10.676256	2.11408310868906E-03	-1.11594883597312E-05	0	4.63880799822	5887.66015625	
10.680352	2.11707413495016E-03	-1.20082105879312E-05	0	4.58090100402	5887.66015625	
10.684448	2.11536599590422E-03	-1.14325171732406E-05	0	4.66949717927	5887.66015625	
10.688544	2.11473886145844E-03	-1.11542710572562E-05	0	4.61925008259	5887.66015625	
10.69264	2.11461588495609E-03	-1.1257394511825E-05	0	4.56239594283	5934.71875	
10.696736	2.11537340192406E-03	-1.14532777294031E-05	0	4.60573463592	5934.71875	
10.700832	2.11422766322453E-03	-1.11493652929312E-05	0	4.5653065513	5934.71875	
10.704928	2.11676445360188E-03	-1.17239591894906E-05	0	4.4897375424	5934.71875	
10.709024	2.11758112729625E-03	-1.19666887544531E-05	0	4.54454700832	5934.71875	
10.71312	2.11628187369156E-03	-1.12943216383594E-05	0	4.55208483576	5978.3984375	
10.717216	2.11645660090047E-03	-1.14371902454906E-05	0	4.46601779998	5978.3984375	
10.721312	2.11574745164234E-03	-1.11929077974656E-05	0	4.49449064614	5978.3984375	
10.725408	2.11517755384375E-03	-1.11983964939E-05	0	4.49554350058	5978.3984375	
10.729504	2.11548421792469E-03	-1.12002589920375E-05	0	4.40599746752	5978.3984375	
10.7336	2.11844836307672E-03	-1.21322056562437E-05	0	4.40811843516	5978.3984375	
10.737696	2.11635236802859E-03	-1.13006209109062E-05	0	4.47458177903	6025.6171875	
10.741792	2.11671636018906E-03	-1.13489872086937E-05	0	4.40189286108	6025.6171875	
10.745888	2.11636434566562E-03	-1.12809452094281E-05	0	4.37400366249	6025.6171875	
10.749984	2.11686100615687E-03	-1.14587152239656E-05	0	4.39817353833	6025.6171875	
10.75408	2.11528955846484E-03	-1.09861094465719E-05	0	4.34569103331	6072.01953125	
10.758176	2.11809817720016E-03	-1.17949456569656E-05	0	4.2940820923	6072.01953125	
10.762272	2.11667311269047E-03	-1.13846963076E-05	0	4.36258248063	6072.01953125	
10.766368	2.11591202986109E-03	-1.10381798271937E-05	0	4.34499294504	6072.01953125	
10.770464	2.11544801071656E-03	-1.10803398811875E-05	0	4.26782939572	6072.01953125	
10.77456	2.11535950420781E-03	-1.10853490107937E-05	0	4.31812989806	6118.45703125	
10.778656	2.11425655584516E-03	-1.09219458088125E-05	0	4.28406090167	6118.45703125	
10.782752	2.11606307609297E-03	-1.1359825178625E-05	0	4.20403252016	6118.45703125	
10.786848	2.11718431092438E-03	-1.17634959288E-05	0	4.24259140668	6118.45703125	
10.790944	2.11486631814562E-03	-1.08835917606281E-05	0	4.27247568814	6163	
10.79504	2.11450196025578E-03	-1.08980172269719E-05	0	4.18452801019	6163	
10.799136	2.11347032912125E-03	-1.07258986490906E-05	0	4.21129950461	6163	
10.803232	2.11266865033125E-03	-1.07283839831437E-05	0	4.20674095006	6163	
10.807328	2.11220216251344E-03	-1.06344696539812E-05	0	4.14343616951	6163	
10.811424	2.11506719500484E-03	-1.15820838505969E-05	0	4.11947991631	6209.1171875	
10.81552	2.11307570712562E-03	-1.08980249192719E-05	0	4.19016230732	6209.1171875	
10.819616	2.11330995679031E-03	-1.09015657811156E-05	0	4.13132071407	6209.1171875	
10.823712	2.11286340122344E-03	-1.08643821644531E-05	0	4.08623107827	6209.1171875	
10.827808	2.11337167362234E-03	-1.102236205455E-05	0	4.13670705635	6209.1171875	
10.831904	2.11214702881016E-03	-1.07025167013187E-05	0	4.08653243878	6209.1171875	
10.836	2.11466726993328E-03	-1.13568035470312E-05	0	4.00616073517	6255.578125	
10.840096	2.11382920107047E-03	-1.1151198464175E-05	0	4.09131987473	6255.578125	
10.844192	2.11256332027125E-03	-1.06487369474062E-05	0	4.08018479462	6255.578125	
10.848288	2.11278696378406E-03	-1.08780054681375E-05	0	3.99124529727	6302.5	
10.852384	2.11285535517719E-03	-1.08817405605562E-05	0	4.04241554893	6302.5	
10.85648	2.1118837950925E-03	-1.07083544358656E-05	0	4.01152037462	6302.5	
10.860576	2.11311456587172E-03	-1.09258126318687E-05	0	3.93256773569	6302.5	
10.864672	2.11536233861047E-03	-1.1621759532075E-05	0	3.96339043089	6302.5	
10.868768	2.11349803312141E-03	-1.08393927663656E-05	0	4.01077269538	6302.5	
10.872864	2.11372167663422E-03	-1.09299169546875E-05	0	3.92716231996	6347.4375	
10.87696	2.11217226413703E-03	-1.05349175900719E-05	0	3.92697158546	6347.4375	
10.881056	2.11165859722984E-03	-1.05582831917063E-05	0	3.94921885754	6347.4375	
10.885152	2.11055921472859E-03	-1.03027036395937E-05	0	3.87581277787	6347.4375	
10.889248	2.11358919116813E-03	-1.12700711818406E-05	0	3.83551439271	6392.4375	
10.893344	2.11137268829094E-03	-1.06276499492625E-05	0	3.9256593321	6392.4375	
10.89744	2.11086405016266E-03	-1.04470518125531E-05	0	3.86705043494	6392.4375	
10.901536	2.11057420963297E-03	-1.05331815341156E-05	0	3.82225453027	6392.4375	
10.905632	2.11100394164859E-03	-1.0682118164025E-05	0	3.86368969305	6392.4375	
10.909728	2.10913131581625E-03	-1.02475520120531E-05	0	3.82578311852	6392.4375	
10.913824	2.11094487635453E-03	-1.07287498481625E-05	0	3.74414112314	6439.63671875	
10.91792	2.11022960112937E-03	-1.06895494065937E-05	0	3.8082813208	6439.63671875	
10.922016	2.10826737160016E-03	-1.00592329696031E-05	0	3.82203709294	6439.63671875	
10.926112	2.10767763298297E-03	-1.01633662789312E-05	0	3.72765021827	6439.63671875	
10.930208	2.10689478925578E-03	-1.00338176104031E-05	0	3.7705540367	6485.59765625	
10.934304	2.10590018822047E-03	-1.00201214702531E-05	0	3.76686904616	6485.59765625	
10.9384	2.10650583606547E-03	-1.01588042642625E-05	0	3.68593658312	6485.59765625	
10.942496	2.10886460766953E-03	-1.09650308618812E-05	0	3.6942602367	6485.59765625	
10.946592	2.10657249024406E-03	-1.01662081030125E-05	0	3.75753449973	6485.59765625	
10.950688	2.10650272736578E-03	-1.01907393284812E-05	0	3.67463747134	6485.59765625	
10.954784	2.10544512944562E-03	-1.00014887965781E-05	0	3.66585224027	6532.49609375	
10.95888	2.10499464228797E-03	-1.005668609715E-05	0	3.69102919427	6532.49609375	
10.962976	2.10327178263469E-03	-9.63811103495625E-06	0	3.62854457207	6532.49609375	
10.967072	2.10609109895422E-03	-1.0533687543225E-05	0	3.58990939175	6532.49609375	
10.971168	2.10435489017875E-03	-1.009624759605E-05	0	3.6707235994	6576.31640625	
10.975264	2.10376231715891E-03	-9.88152641654063E-06	0	3.63362192446	6576.31640625	
10.97936	2.10301970366297E-03	-9.8545334146875E-06	0	3.56593787979	6576.31640625	
10.983456	2.10332024177688E-03	-9.98083785569062E-06	0	3.62012936593	6576.31640625	
10.987552	2.10186884475219E-03	-9.69657876495E-06	0	3.57881245854	6576.31640625	
10.991648	2.10398705785984E-03	-1.02173143019062E-05	0	3.50604724679	6623.71875	
10.995744	2.10376871742297E-03	-1.02887769708281E-05	0	3.55843438456	6623.71875	
10.99984	2.10113482589656E-03	-9.44546387183437E-06	0	3.58917697127	6623.71875	
11.003936	2.10085559151875E-03	-9.60071804350312E-06	0	3.50272083711	6623.71875	
11.008032	2.10026658436031E-03	-9.53714478976875E-06	0	3.53106016912	6623.71875	
11.012128	2.09954509173578E-03	-9.56118731380312E-06	0	3.52794738208	6670.05859375	
11.016224	2.09939203399234E-03	-9.49334291049375E-06	0	3.45842465683	6670.05859375	
11.02032	2.10233322962609E-03	-1.04226840484594E-05	0	3.45737943177	6670.05859375	
11.024416	2.10010996075547E-03	-9.68763021620625E-06	0	3.5168771517	6670.05859375	
11.028512	2.09970299539344E-03	-9.55686303928125E-06	0	3.44949828223	6670.05859375	
11.032608	0.00209792902506	-9.23377802582812E-06	0	3.42930331337	6670.05859375	
11.036704	2.09707102394625E-03	-9.1955417659875E-06	0	3.46728999639	6716.578125	
11.0408	2.09527099539484E-03	-8.91324637520625E-06	0	3.41651647249	6716.578125	
11.044896	2.09754290627234E-03	-9.68446122899062E-06	0	3.35279207604	6716.578125	
11.048992	2.09588176345109E-03	-9.38750359325625E-06	0	3.44216263336	6760.9375	
11.053088	2.09462786028891E-03	-9.0232400152125E-06	0	3.41930119619	6760.9375	
11.057184	2.09468345115391E-03	-9.24032801927812E-06	0	3.3434994912	6760.9375	
11.06128	2.09493132423781E-03	-9.3477704599125E-06	0	3.3928234329	6760.9375	
11.065376	2.09327237579281E-03	-9.03633831942187E-06	0	3.37067534276	6760.9375	
11.069472	2.09427575433313E-03	-9.25757415587812E-06	0	3.29247038307	6760.9375	
11.073568	2.09502970543969E-03	-9.63501512459062E-06	0	3.33924992654	6760.9375	
11.077664	2.09235640657313E-03	-8.8076613846375E-06	0	3.36641051934	6807.63671875	
11.08176	2.0918681578575E-03	-8.8757074704375E-06	0	3.28475707989	6807.63671875	
11.085856	2.09037643916922E-03	-8.6378913621E-06	0	3.29508726041	6807.63671875	
11.089952	2.08953178717766E-03	-8.68770789882187E-06	0	3.31062067809	6853.796875	
11.094048	2.08859698289516E-03	-8.51251192017187E-06	0	3.23986199328	6853.796875	
11.098144	2.09118031233547E-03	-9.37781970870937E-06	0	3.22186047117	6853.796875	
11.10224	2.08897368415141E-03	-8.77748208789375E-06	0	3.30528774147	6853.796875	
11.106336	2.08876704705453E-03	-8.72999968345312E-06	0	3.25272131327	6853.796875	
11.110432	2.08810562547984E-03	-8.7028441817625E-06	0	3.20816191938	6900.95703125	
11.114528	2.08784312322094E-03	-8.70831364744687E-06	0	3.24724341843	6900.95703125	
11.118624	2.08553390794719E-03	-8.23205210447812E-06	0	3.20625075969	6900.95703125	
11.12272	2.08729132902641E-03	-8.77968713376562E-06	0	3.14414760649	6900.95703125	
11.126816	2.08561208260109E-03	-8.57058638132812E-06	0	3.21149977313	6900.95703125	
11.130912	2.08334830920219E-03	-7.98999513499687E-06	0	3.21727521379	6945.49609375	
11.135008	2.08248582790359E-03	-8.10297507009375E-06	0	3.12809157628	6945.49609375	
11.139104	2.08209769760438E-03	-8.1391832069625E-06	0	3.17573323969	6945.49609375	
11.1432	2.08130241907844E-03	-8.18717666858437E-06	0	3.16101616567	6945.49609375	
11.147296	2.08200617382828E-03	-8.33648325004687E-06	0	3.08027825182	6991.07421875	
11.151392	2.08331420493797E-03	-8.82996953540625E-06	0	3.09864598417	6991.07421875	
11.155488	2.08055477680359E-03	-7.99629657100313E-06	0	3.16062706729	6991.07421875	
11.159584	2.08050970065813E-03	-8.11174982093437E-06	0	3.0782640955	6991.07421875	
11.16368	2.07954627805203E-03	-7.99209345020625E-06	0	3.09025366617	6991.07421875	
11.167776	2.07918841185859E-03	-8.07321716715937E-06	0	3.10484867011	6991.07421875	
11.171872	2.07791311352797E-03	-7.76299632353437E-06	0	3.04939452158	7038.2578125	
11.175968	2.08112494889922E-03	-8.69330741245313E-06	0	3.01737782841	7038.2578125	
11.180064	2.07919700649891E-03	-8.17863821558438E-06	0	3.08987601186	7038.2578125	
11.18416	2.07861366814578E-03	-7.953855507675E-06	0	3.04908553169	7038.2578125	
11.188256	2.07740666977594E-03	-7.8057075789E-06	0	2.98863413926	7084.03515625	
11.192352	2.07711362911422E-03	-7.8209642944125E-06	0	3.03925126087	7084.03515625	
11.196448	2.07535401365875E-03	-7.558040518875E-06	0	3.00110436087	7084.03515625	
11.200544	2.07717077432906E-03	-8.04125902604063E-06	0	2.92526832367	7084.03515625	
11.20464	2.0765631149725E-03	-8.05160949645937E-06	0	2.99288751861	7084.03515625	
11.208736	2.07439379118469E-03	-7.42272719265E-06	0	3.00971030151	7130.53515625	
11.212832	2.07422162408141E-03	-7.59842100734062E-06	0	2.92531028526	7130.53515625	
11.216928	2.07415835289953E-03	-7.6695759842625E-06	0	2.96239288675	7130.53515625	
11.221024	2.07337313193141E-03	-7.64949114857812E-06	0	2.95336351552	7130.53515625	
11.22512	2.07343585451922E-03	-7.58243256179062E-06	0	2.88448547288	7130.53515625	
11.229216	2.07541243892641E-03	-8.22612134117813E-06	0	2.89659329894	7174.734375	
11.233312	2.07280378272687E-03	-7.466932917675E-06	0	2.95327959234	7174.734375	
11.237408	2.07264286180188E-03	-7.49491534161562E-06	0	2.89456769855	7174.734375	
11.241504	2.07128353714734E-03	-7.2860465601E-06	0	2.87092043524	7174.734375	
11.2456	2.07092018501328E-03	-7.35715009476562E-06	0	2.90863246058	7174.734375	
11.249696	2.06945745037797E-03	-7.08971454489375E-06	0	2.84849768742	7222.09375	
11.253792	2.07241437237484E-03	-7.89265893425625E-06	0	2.79083483338	7222.09375	
11.257888	2.07141903988078E-03	-7.67347477844062E-06	0	2.87584138534	7222.09375	
11.261984	2.07078833957359E-03	-7.3767541617E-06	0	2.85126715236	7222.09375	
11.26608	2.07074573210141E-03	-7.47482401555312E-06	0	2.78641742236	7222.09375	
11.270176	2.07062741864859E-03	-7.42687478465625E-06	0	2.83480295032	7268.35546875	
11.274272	2.06908623506234E-03	-7.15161039645937E-06	0	2.80886305832	7268.35546875	
11.278368	2.07046997215266E-03	-7.44166876024687E-06	0	2.73825314642	7268.35546875	
11.282464	2.07113084513328E-03	-7.76215329553125E-06	0	2.788919859	7268.35546875	
11.28656	2.06905277082453E-03	-7.1048303951625E-06	0	2.8131049936	7314.5546875	
11.290656	2.06946759936812E-03	-7.3108898044875E-06	0	2.72794966873	7314.5546875	
11.294752	2.06944592990266E-03	-7.3065513472875E-06	0	2.75166941115	7314.5546875	
11.298848	2.06982217399719E-03	-7.47917208812812E-06	0	2.76737830457	7314.5546875	
11.302944	2.06970066041234E-03	-7.32123522683437E-06	0	2.68036904036	7314.5546875	
11.30704	2.07236207307422E-03	-7.98122807645625E-06	0	2.6694437682	7314.5546875	
11.311136	2.06999772409719E-03	-7.28211266980312E-06	0	2.75122690711	7358.69140625	
11.315232	2.06959478175828E-03	-7.1409072821625E-06	0	2.69050848638	7358.69140625	
11.319328	2.06853946964672E-03	-7.02542734956562E-06	0	2.65549344687	7358.69140625	
11.323424	2.06810114299078E-03	-7.016267983725E-06	0	2.6987405874	7358.69140625	
11.32752	2.06637471747609E-03	-6.71556948634687E-06	0	2.6512858438	7405.89453125	
11.331616	2.06939116192875E-03	-7.48229708500312E-06	0	2.58905299114	7405.89453125	
11.335712	2.06910817882484E-03	-7.48271126728125E-06	0	2.66474788481	7405.89453125	
11.339808	0.0020683897949	-7.10001525574687E-06	0	2.66092938012	7405.89453125	
11.343904	2.06840652701891E-03	-7.1889168495375E-06	0	2.57565579986	7405.89453125	
11.348	2.06841832179125E-03	-7.14276280915312E-06	0	2.62937044975	7451.8125	
11.352096	2.06741850911234E-03	-7.0119708726375E-06	0	2.60747794384	7451.8125	
11.356192	2.06833667270828E-03	-7.13190681039375E-06	0	2.52542014725	7451.8125	
11.360288	2.06972818154781E-03	-7.581282803325E-06	0	2.55002871244	7451.8125	
11.364384	2.06771319555625E-03	-6.93016206021562E-06	0	2.61149481241	7451.8125	
11.36848	2.06826261250984E-03	-7.10660947992187E-06	0	2.51794716954	7499.0546875	
11.372576	2.06811074338687E-03	-7.07072057350312E-06	0	2.53434652185	7499.0546875	
11.376672	2.0683737028075E-03	-7.18062406936875E-06	0	2.5467251909	7499.0546875	
11.380768	2.06750646702703E-03	-6.88334720318437E-06	0	2.48505309767	7499.0546875	
11.384864	2.07041849574313E-03	-7.60905945824062E-06	0	2.45317373334	7499.0546875	
11.38896	2.0682303368925E-03	-7.04072589195937E-06	0	2.53586095378	7543.171875	
11.393056	2.06769966356937E-03	-6.83238186953437E-06	0	2.48570159497	7543.171875	
11.397152	2.06673066359031E-03	-6.74976103869375E-06	0	2.4377776445	7543.171875	
11.401248	2.06662597355672E-03	-6.80164824642187E-06	0	2.49040129305	7543.171875	
11.405344	2.06514476958797E-03	-6.56216819744062E-06	0	2.45003805816	7543.171875	
11.40944	2.06782693739188E-03	-7.16331423090937E-06	0	2.36904456008	7589.41015625	
11.413536	2.06805240955156E-03	-7.30515591599062E-06	0	2.43997872063	7589.41015625	
11.417632	2.06684550261406E-03	-6.81514727138437E-06	0	2.4466277253	7589.41015625	
11.421728	2.06710032455609E-03	-6.92743513986562E-06	0	2.36078575623	7589.41015625	
11.425824	2.06680417519469E-03	-6.8308979767875E-06	0	2.39972992644	7589.41015625	
11.42992	2.06569830099703E-03	-6.68367096055312E-06	0	2.39010927826	7636.41015625	
11.434016	2.06581899169078E-03	-6.64605609432187E-06	0	2.31230104633	7636.41015625	
11.438112	2.06768722877063E-03	-7.2519417865125E-06	0	2.33624204077	7636.41015625	
11.442208	2.06529417003766E-03	-6.59156528342812E-06	0	2.38247989826	7636.41015625	
11.446304	2.06550702453391E-03	-6.6729135193875E-06	0	2.31854569386	7682.29296875	
11.4504	2.06486178648406E-03	-6.600999168225E-06	0	2.3015550646	7682.29296875	
11.454496	2.06493648670891E-03	-6.69922479115312E-06	0	2.33598264185	7682.29296875	
11.458592	2.06424754399875E-03	-6.5124252183375E-06	0	2.27406640846	7682.29296875	
11.462688	2.06743898995734E-03	-7.25427615917812E-06	0	2.22306400316	7682.29296875	
11.466784	2.06599435892609E-03	-6.89069334968437E-06	0	2.30416431256	7682.29296875	
11.47088	2.06506211474922E-03	-6.54241701526875E-06	0	2.27983803443	7727.94921875	
11.474976	2.06443205446844E-03	-6.50516657175E-06	0	2.21034964139	7727.94921875	
11.479072	0.00206428777423	-6.51014469177187E-06	0	2.25648831694	7727.94921875	
11.483168	2.06295734219609E-03	-6.32911458434062E-06	0	2.2221713657	7727.94921875	
11.487264	2.06510051633359E-03	-6.75139252744687E-06	0	2.15339631969	7772.8515625	
11.49136	2.06628630239969E-03	-7.11354649221562E-06	0	2.19879876007	7772.84765625	
11.495456	2.0651845426575E-03	-6.62878183275E-06	0	2.21813160899	7772.84765625	
11.499552	2.06596071182359E-03	-6.8200864491375E-06	0	2.13779805228	7772.84765625	
11.503648	2.06536393291594E-03	-6.61986862050937E-06	0	2.16720931218	7772.84765625	
11.507744	2.06474877610719E-03	-6.55993815159375E-06	0	2.16883818481	7819.84765625	
11.51184	2.06420996530547E-03	-6.35959388078437E-06	0	2.09805661186	7819.84765625	
11.515936	2.06633430438016E-03	-6.959244963825E-06	0	2.08516677435	7819.84765625	
11.520032	2.06365762251687E-03	-6.31842421041562E-06	0	2.15909546655	7819.84765625	
11.524128	2.06364345050359E-03	-6.32162949567187E-06	0	2.08834059643	7819.84765625	
11.528224	2.06326912648828E-03	-6.35817585335625E-06	0	2.05984104744	7866.26953125	
11.53232	2.06373972876156E-03	-6.50735863686562E-06	0	2.09093077094	7866.26953125	
11.536416	2.06238781012688E-03	-6.2270553114E-06	0	2.04684058392	7866.26953125	
11.540512	2.06530550764828E-03	-6.83141191858125E-06	0	1.98427966792	7866.26953125	
11.544608	2.06431959268562E-03	-6.6666692948625E-06	0	2.05078497338	7866.26953125	
11.548704	2.06281297052531E-03	-6.16934455180312E-06	0	2.03953545257	7912.12890625	
11.5528	2.06165653424156E-03	-6.09654270152812E-06	0	1.96358497467	7912.12890625	
11.556896	2.06060067353594E-03	-5.93061594437812E-06	0	2.0085868726	7912.12890625	
11.560992	2.05922671970641E-03	-5.85107155276875E-06	0	1.98201755675	7912.12890625	
11.565088	2.06032820515156E-03	-6.10434125142187E-06	0	1.90218753912	7912.12890625	
11.569184	2.06165753999734E-03	-6.58756985473125E-06	0	1.93674481583	7956.41015625	
11.57328	2.05924829773953E-03	-5.93478589213125E-06	0	1.98204044489	7956.41015625	
11.577376	2.05913062431312E-03	-5.99491203392812E-06	0	1.89163229189	7956.41015625	
11.581472	2.05812770293453E-03	-5.86234053188437E-06	0	1.90480441646	7956.41015625	
11.585568	2.05712715879688E-03	-5.82324465751875E-06	0	1.90531939961	7956.41015625	
11.589664	2.05513640237641E-03	-5.4474243602625E-06	0	1.8411982754	8003.84765625	
11.59376	2.05701606849922E-03	-6.06113167924687E-06	0	1.81835209699	8003.84765625	
11.597856	2.05412223481953E-03	-5.54562594475312E-06	0	1.87989449076	8003.84765625	
11.601952	2.05341655999047E-03	-5.4649147273875E-06	0	1.83074983949	8003.84765625	
11.606048	0.002051996341395	-5.39112273387187E-06	0	1.78955500218	8003.84765625	
11.610144	2.05121468628828E-03	-5.37330304015312E-06	0	1.82965120877	8049.62890625	
11.61424	2.04926818312219E-03	-5.14268476115625E-06	0	1.78226894428	8049.62890625	
11.618336	2.05128307768141E-03	-5.65636525709062E-06	0	1.70617732285	8049.62890625	
11.622432	2.05047975310922E-03	-5.67136500170625E-06	0	1.77061125164	8049.62890625	
11.626528	2.04803000632312E-03	-5.09903576634375E-06	0	1.77031370582	8096.90625	
11.630624	2.04677262873187E-03	-5.04408005206875E-06	0	1.6823164369	8096.90625	
11.63472	2.04548370698203E-03	-4.93259386547812E-06	0	1.72514777622	8096.90625	
11.638816	2.0434455886075E-03	-4.78895915334375E-06	0	1.70460185588	8096.90625	
11.642912	2.04321901925969E-03	-4.81865167172812E-06	0	1.63289712795	8096.90625	
11.647008	2.04438295299563E-03	-5.35294488743437E-06	0	1.64811011167	8140.6875	
11.651104	2.04173324367375E-03	-4.7952327047625E-06	0	1.68425048473	8140.6875	
11.6552	2.04158219744188E-03	-4.89701866066875E-06	0	1.61035231005	8140.6875	
11.659296	2.04042832126375E-03	-4.79259592855312E-06	0	1.5959900022	8140.6875	
11.663392	2.03980136968266E-03	-4.824204791175E-06	0	1.626202347	8140.6875	
11.667488	2.03803635971891E-03	-4.53136806478125E-06	0	1.54555217102	8140.6875	
11.671584	2.03994217549203E-03	-5.07552208793437E-06	0	1.50509738357	8140.6875	
11.67568	2.03751016658062E-03	-4.68702824565937E-06	0	1.58752901978	8140.6875	
11.679776	2.03633983258063E-03	-4.45315756606875E-06	0	1.53959743993	8187.40625	
11.683872	2.0360168935425E-03	-4.59346247384063E-06	0	1.4758272672	8187.40625	
11.687968	2.03579901026734E-03	-4.6407655515375E-06	0	1.51676652028	8187.40625	
11.692064	2.03412780988828E-03	-4.4144446240125E-06	0	1.47306543164	8234.12890625	
11.69616	2.03601927078344E-03	-4.79388919649062E-06	0	1.39633294229	8234.12890625	
11.700256	2.03590946053859E-03	-4.934093142825E-06	0	1.44650374517	8234.125	
11.704352	2.03356038076297E-03	-4.3427985418125E-06	0	1.46180446676	8234.125	
11.708448	2.03255572216984E-03	-4.29769978883437E-06	0	1.36079147556	8234.125	
11.712544	2.03082509076734E-03	-4.07078679459375E-06	0	1.39691277517	8234.125	
11.71664	2.02924193973531E-03	-3.99895874142187E-06	0	1.38678858791	8280.42578125	
11.720736	2.02902423932484E-03	-4.04010220989375E-06	0	1.30843485531	8280.42578125	
11.724832	2.03096909670875E-03	-4.662985721625E-06	0	1.29469434193	8280.42578125	
11.728928	2.02849292597531E-03	-4.15713646785937E-06	0	1.360699923	8280.42578125	
11.733024	2.0285969759825E-03	-4.1926986919125E-06	0	1.27882141684	8325.50390625	
11.73712	2.02851706411406E-03	-4.27126063258125E-06	0	1.2606406043	8325.50390625	
11.741216	2.02877225178547E-03	-4.38001268729063E-06	0	1.27875275242	8325.50390625	
11.745312	2.02731354017328E-03	-4.07912693048437E-06	0	1.22595744282	8325.50390625	
11.749408	2.02973091990969E-03	-4.56667596216562E-06	0	1.16488425592	8325.50390625	
11.753504	2.02839235039719E-03	-4.36540188459375E-06	0	1.23061136462	8371.0859375	
11.7576	2.02775881568734E-03	-4.11319468487812E-06	0	1.20026932036	8371.0859375	
11.761696	2.02790803327234E-03	-4.244024602125E-06	0	1.12593245633	8371.0859375	
11.765792	2.02834325122859E-03	-4.30714425054375E-06	0	1.16795889606	8371.0859375	
11.769888	2.02816724396687E-03	-4.3029697354875E-06	0	1.13535474063	8417.9453125	
11.773984	2.03097705132266E-03	-4.69506381454687E-06	0	1.04807081874	8417.9453125	
11.77808	2.03294083520172E-03	-5.07833073897187E-06	0	1.08599646672	8417.9453125	
11.782176	2.03147837486344E-03	-4.51131303675938E-06	0	1.10659197803	8417.9453125	
11.786272	2.03212022991656E-03	-4.54456709004375E-06	0	1.02063556826	8417.9453125	
11.790368	2.03198436145375E-03	-4.45532703505312E-06	0	1.03128236805	8417.9453125	
11.794464	2.03166782267969E-03	-4.41072395465625E-06	0	1.02429385597	8464.421875	
11.79856	2.03145643110094E-03	-4.25476665869062E-06	0	0.9532528841	8464.421875	
11.802656	2.03432731526234E-03	-4.86222133969687E-06	0	0.93411458437	8464.421875	
11.806752	2.03252289795844E-03	-4.43727513002812E-06	0	0.98808863318	8464.421875	
11.810848	2.03244728341016E-03	-4.32167188024687E-06	0	0.93525899137	8464.421875	
11.814944	2.03167477153781E-03	-4.22720755163438E-06	0	0.88528655237	8509.984375	
11.81904	2.03126552036719E-03	-4.19045566530937E-06	0	0.91537682709	8509.984375	
11.823136	2.02913596964891E-03	-3.8520836479125E-06	0	0.86148670146	8509.984375	
11.827232	2.03033592772828E-03	-4.14459032655937E-06	0	0.78766100589	8509.984375	
11.831328	2.0281639524025E-03	-3.93397226794687E-06	0	0.85351781405	8554.4609375	
11.835424	2.02564416844109E-03	-3.48009724105312E-06	0	0.84308082221	8554.4609375	
11.83952	2.02450510430266E-03	-3.52407027400312E-06	0	0.74956751155	8554.4609375	
11.843616	2.02332178690984E-03	-3.48395853526875E-06	0	0.79084627204	8554.4609375	
11.847712	2.02100415986047E-03	-3.30398828254687E-06	0	0.76376197304	8554.4609375	
11.851808	2.02123584941953E-03	-3.42336220163437E-06	0	0.67743553834	8602.0234375	
11.855904	2.02201659020281E-03	-3.85693003729687E-06	0	0.68815100255	8602.0234375	
11.86	2.01886601450187E-03	-3.28415488891875E-06	0	0.72674803597	8602.0234375	
11.864096	2.01743884704828E-03	-3.17360091293437E-06	0	0.63859817945	8602.0234375	
11.868192	2.01549645833766E-03	-3.00410252474062E-06	0	0.63285325631	8647.62109375	
11.872288	2.01420689656141E-03	-3.01918039427812E-06	0	0.65101881009	8647.62109375	
11.876384	2.01296807973594E-03	-2.91989155125937E-06	0	0.57858547637	8647.62109375	
11.88048	2.01538171074625E-03	-3.55230462076875E-06	0	0.52939504882	8647.62109375	
11.884576	2.01390416407125E-03	-3.35866202595E-06	0	0.60545615273	8647.62109375	
11.888672	2.01433974775688E-03	-3.37241465642812E-06	0	0.54860201297	8647.62109375	
11.892768	2.01556375254266E-03	-3.6489088510875E-06	0	0.4854574494	8647.62109375	
11.896864	2.01660672128781E-03	-3.77085945029062E-06	0	0.5260076041	8694.640625	
11.90096	2.01575164600906E-03	-3.53688732849375E-06	0	0.4744329953	8694.640625	
11.905056	2.01818776937594E-03	-3.83424544459688E-06	0	0.39773102347	8694.640625	
11.909152	2.01822717671609E-03	-3.87796126626562E-06	0	0.44829855411	8738.359375	
11.913248	2.01599650182562E-03	-3.30279549527812E-06	0	0.45479115649	8738.359375	
11.917344	2.01467411583797E-03	-3.15354348106875E-06	0	0.36545111669	8738.359375	
11.92144	2.01195912382266E-03	-2.78239841952187E-06	0	0.39467164209	8738.359375	
11.925536	2.00792942613656E-03	-2.34630919215E-06	0	0.37192464562	8738.359375	
11.929632	2.00421142131031E-03	-1.9303086466125E-06	0	0.29608097904	8738.359375	
11.933728	2.00092506857891E-03	-1.89359450063437E-06	0	0.29330388472	8785.37890625	
11.937824	1.99246611386453E-03	-8.80261860121875E-07	0	0.34967737354	8785.37890625	
11.94192	1.98503897314938E-03	-2.2006083763125E-07	0	0.27727074265	8785.37890625	
11.946016	1.97651866733234E-03	3.86270046421875E-07	0	0.26053569762	8785.37890625	
11.950112	1.96753269658859E-03	9.72008402990625E-07	0	0.27773994952	8785.37890625	
11.954208	1.95761512169437E-03	1.66033800312187E-06	0	0.21952396543	8831.859375	
11.958304	1.95126669977078E-03	1.62982216825312E-06	0	0.17053571645	8831.859375	
11.9624	1.94128557939766E-03	2.15433654758437E-06	0	0.23787262433	8831.859375	
11.966496	1.93176381511953E-03	2.74958451002812E-06	0	0.20357474654	8831.859375	
11.970592	1.92338513800297E-03	2.9475749370375E-06	0	0.13946888109	8878.2421875	
11.974688	1.91471442598047E-03	3.2599352016E-06	0	0.1879497763	8878.2421875	
11.978784	1.90481669190484E-03	3.7588068181125E-06	0	0.15409440255	8878.2421875	
11.98288	1.89767207713187E-03	3.86871944858438E-06	0	0.07509598734	8878.2421875	
11.986976	1.88938062647125E-03	4.00950007703437E-06	0	0.12789129694	8878.2421875	
11.991072	1.87851169804031E-03	4.8041903881125E-06	0	0.14980669099	8922.80078125	
11.995168	1.86970831768703E-03	5.10087037989375E-06	0	0.06734453726	8922.80078125	
11.999264	1.86028923193094E-03	5.46685150429687E-06	0	0.09907894337	8922.796875	
12.00336	1.85002046540437E-03	5.93815920606562E-06	0	0.09528332682	8922.796875	
12.007456	1.84091855844875E-03	6.31681531779375E-06	0	0.02212901669	8969.1171875	
12.011552	1.83387433638922E-03	6.19627889986875E-06	0	0.02821344724	8969.1171875	
12.015648	1.82252547958594E-03	6.91987625319375E-06	0	0.08970625004	8969.1171875	
12.019744	1.81260872758281E-03	7.4305387233E-06	0	0.03577416282	8969.1171875	
12.02384	1.80346997339266E-03	7.69040408843437E-06	0	0.00400160981	8969.1171875	
12.027936	1.79560953480047E-03	7.7931585529875E-06	0	0.05175771392	8969.1171875	
12.032032	1.78987279525656E-03	7.68766875463125E-06	0	0.00269317114	9015.77734375	
12.036128	1.79034531760906E-03	6.70164762526875E-06	0	-0.05051793967	9015.77734375	
12.040224	1.79126585844594E-03	5.89884337999687E-06	0	0.03760521402	9015.77734375	
12.04432	1.79601293430109E-03	4.97026305857812E-06	0	0.03329079963	9015.77734375	
12.048416	1.80634698352109E-03	3.34885770883125E-06	0	-0.03390496472	9015.77734375	
12.052512	1.81920237105234E-03	1.78244581370625E-06	0	0.02345652881	9062.59765625	
12.056608	1.83273417506266E-03	5.31151391925E-07	0	0.00460433083	9062.59765625	
12.060704	1.84952874225969E-03	-8.2800349891875E-07	0	-0.05873478193	9062.59765625	
12.0648	1.86582701469484E-03	-2.02408042784062E-06	0	-0.00961683349	9062.59765625	
12.068896	1.87806267380016E-03	-2.20108698160312E-06	0	0.04053108125	9062.59765625	
12.072992	1.89093049613016E-03	-2.56249887980625E-06	0	-0.03091424776	9107.6171875	
12.077088	1.90128411187172E-03	-2.60129523524062E-06	0	0.00031280458	9107.6171875	
12.081184	0.00190971005951	-2.48181939317812E-06	0	0.02382273905	9107.6171875	
12.08528	1.91685439998594E-03	-2.22872349242812E-06	0	-0.03401559073	9107.6171875	
12.089376	1.92532487517563E-03	-2.48458862117812E-06	0	-0.05417622738	9152.63671875	
12.093472	1.92793471999563E-03	-1.91011131104062E-06	0	0.04360953608	9152.63671875	
12.097568	1.93007844272719E-03	-1.369519784325E-06	0	0.02582163661	9152.63671875	
12.101664	1.93132804856922E-03	-1.01286413136562E-06	0	0.09982662261	9152.63671875	
12.10576	1.93178804469062E-03	-6.99777425221875E-07	0	0.07559189704	9152.63671875	
12.109856	1.92978293339219E-03	-1.2645131585625E-07	0	-0.01329800934	9152.63671875	
12.113952	1.93166360527078E-03	-2.42660574646875E-07	0	0.02416224646	9152.63671875	
12.118048	1.93207596514109E-03	-3.1857275835E-07	0	-0.00127410646	9152.63671875	
12.122144	1.93495699829266E-03	-5.277331261125E-07	0	0.00502013204	9152.63671875	
12.12624	1.93696722980234E-03	-8.63353703953125E-07	0	-0.00806806935	9152.63671875	
12.130336	1.9334224892675E-03	-8.0204006334375E-08	0	-0.01017759292	9152.63671875	
12.134432	1.93218815262687E-03	1.63044067725E-07	0	-0.00938032271	9152.63671875	
12.138528	1.93235419376312E-03	1.00750139634375E-07	0	-0.02268596143	9152.63671875	
12.142624	0.0019335088014	-1.8996086773125E-07	0	-0.00576781128	9152.63671875	
12.14672	1.93202677454016E-03	3.932640298125E-08	0	-0.01189801811	9152.63671875	
12.150816	1.93254135577078E-03	-2.9937229678125E-08	0	-0.00856779374	9152.63671875	
12.154912	1.93247186718953E-03	-5.697301995E-08	0	-0.00802610776	9152.63671875	
12.159008	1.93567501648812E-03	-4.3386735459375E-07	0	-0.00880430452	9152.63671875	
12.163104	1.93968633627312E-03	-9.9666198410625E-07	0	-0.00356673515	9152.63671875	
12.1672	1.94026208574172E-03	-8.8872459204375E-07	0	-0.00234984904	9152.63671875	
12.171296	1.93894664861219E-03	-4.9353412185E-07	0	0.00381087531	9152.63671875	
12.175392	1.93785768939813E-03	-2.0988392473125E-07	0	0.00335311251	9152.63671875	
12.179488	1.93792178347109E-03	-2.11643297971875E-07	0	0.00178146023	9152.63671875	
12.183584	1.93861822363344E-03	-3.17477807521875E-07	0	0.00251388071	9152.63671875	
12.18768	1.93868085478891E-03	-3.489390741375E-07	0	-0.00952909562	9152.63671875	
12.191776	1.93727051088656E-03	-1.30813090340625E-07	0	-0.01153562256	9152.63671875	
12.195872	1.93683858449469E-03	-6.8601614090625E-08	0	-0.01376340152	9152.63671875	
12.199968	0.001937444049475	-1.96498601578125E-07	0	-0.01260373576	9152.63671875	
12.204064	1.93786061523312E-03	-2.927391303375E-07	0	-0.00865553161	9152.63671875	
12.20816	1.93756629451859E-03	-2.35696158534375E-07	0	-0.0072860579	9152.63671875	
12.212256	1.93805609758406E-03	-2.8318192835625E-07	0	-0.00844572366	9152.63671875	
12.216352	1.93874650321172E-03	-3.65690740078125E-07	0	-0.01070783483	9152.63671875	
12.220448	1.93946479570422E-03	-4.37565187434375E-07	0	-0.00362014081	9152.63671875	
12.224544	1.93876606973328E-03	-3.24253762284375E-07	0	-0.00119018328	9152.63671875	
12.22864	1.93716947814672E-03	-7.739848029375E-08	0	0.00299834634	9152.63671875	
12.232736	1.93622461630641E-03	2.731151115E-08	0	0.00399398043	9152.63671875	
12.236832	1.93709980670078E-03	-1.2186958966875E-07	0	0.00405120078	9152.63671875	
12.240928	1.93942904565781E-03	-4.72577652421875E-07	0	-0.00017929043	9152.63671875	
12.245024	1.94068852619297E-03	-6.139984244625E-07	0	-0.00761793593	9152.63671875	
12.24912	1.94050456431734E-03	-5.07387232996875E-07	0	-0.01187512997	9152.63671875	
12.253216	1.93942547979641E-03	-2.889852879375E-07	0	-0.01547238264	9152.63671875	
12.257312	1.93873013682219E-03	-1.032816274875E-07	0	-0.01424786715	9152.63671875	
12.261408	1.93863523004937E-03	0	0	-0.01234815153	9152.63671875	
12.265504	1.93879551094797E-03	0	0	-0.01016614885	9152.63671875	
12.2696	1.9385953655475E-03	0	0	-0.00178146023	9152.63671875	
12.273696	1.93889453217625E-03	0	0	-0.00227355524	9152.63671875	
12.277792	1.94078270150703E-03	0	0	0.00096511657	9152.63671875	
12.281888	1.94333192668312E-03	0	0	0.00221633489	9152.63671875	
12.285984	1.94590373564813E-03	0	0	-0.00130843867	9152.63671875	
12.29008	1.94835549394578E-03	0	0	-0.00212096764	9152.63671875	
12.294176	1.95049080490172E-03	0	0	-0.00831983889	9152.63671875	
12.298272	1.95298672502141E-03	0	0	-0.00622938877	9152.63671875	
12.302368	1.95552543547797E-03	0	0	-0.00771330318	9152.63671875	
12.306464	1.95797225642906E-03	0	0	-0.00683210979	9152.63671875	
12.31056	1.96088666238609E-03	0	0	-0.0082778773	9152.63671875	
12.314656	1.96481441300891E-03	0	0	-0.01223371083	9152.63671875	
12.318752	1.96986028976344E-03	0	0	-0.00931165829	9152.63671875	
12.322848	1.97461998328203E-03	0	0	-0.01070020545	9152.63671875	
12.326944	1.97876543431531E-03	0	0	-0.00485610037	9152.63671875	
12.33104	1.98241760785406E-03	0	0	-0.00287246157	9193.26953125	
12.335136	1.98678057643312E-03	0	0	-0.00033569272	9193.26953125	
12.339232	1.99201324946594E-03	0	0	0.00582121694	9193.26953125	
12.343328	1.99776882407266E-03	0	0	0.02631754631	9193.26953125	
12.347424	2.00349934621719E-03	0	0	0.04665747339	9193.26953125	
12.35152	2.00854174854266E-03	0	0	0.0298690227	9193.26953125	
12.355616	2.01411098403281E-03	0	0	0.05827701913	9192.44921875	
12.359712	2.02021628735438E-03	0	0	0.06955324277	9192.44921875	
12.363808	2.02747391250422E-03	-1.60355368490625E-07	0	-0.00216292923	9192.44921875	
12.367904	2.03449591650422E-03	-6.53436125409375E-07	0	-0.02949136839	9192.44921875	
12.372	2.04091986154375E-03	-6.03747713559375E-07	0	0.02730936571	9160.171875	
12.376096	2.04753453445234E-03	-5.6809558575E-07	0	-0.04861440936	9160.171875	
12.380192	2.05398334908938E-03	-5.3901436483125E-07	0	-0.0100326347	9160.171875	
12.384288	2.05874724849578E-03	-5.1415717815E-07	0	0.05135335678	9160.171875	
12.388384	2.05937374291516E-03	-4.20198858646875E-07	0	-0.01959606253	9160.171875	
12.39248	2.06394453721156E-03	-3.56884979653125E-07	0	-0.00917814414	9113.9296875	
12.396576	2.06653179824266E-03	-3.14948002359375E-07	0	0.04390326721	9113.9296875	
12.400672	2.07001793064516E-03	-2.735872264125E-07	0	-0.00884626611	9113.9296875	
12.404768	2.07389941650203E-03	-2.58400462753125E-07	0	0.02378077746	9113.9296875	
12.408864	2.07602284125328E-03	-2.36824522790625E-07	0	0.09369641578	9113.9296875	
12.41296	2.07566278068359E-03	-1.70033243428125E-07	0	0.0513457274	9066.328125	
12.417056	2.08036660904016E-03	-1.46686632159375E-07	0	0.02307505981	9066.328125	
12.421152	2.08438954073281E-03	-1.722161739375E-07	0	0.11481072493	9066.328125	
12.425248	2.09020820365672E-03	-2.0109595275E-07	0	0.08694822917	9066.328125	
12.429344	2.10066888667281E-03	-3.0308960075625E-07	0	0.07552323262	9017.76953125	
12.43344	2.11413632231312E-03	-4.701841452E-07	0	0.18057598053	9017.76953125	
12.437536	2.12924414563266E-03	-6.6484596976875E-07	0	0.15336961145	9017.76953125	
12.441632	2.15325427910141E-03	-9.45624775528125E-07	0	0.10797480045	9017.76953125	
12.445728	2.1805560683775E-03	-1.33022102554687E-06	0	0.2100368314	9017.76953125	
12.449824	2.21064892137891E-03	-1.72192015307812E-06	0	0.18591273184	9017.76953125	
12.45392	2.24778398492828E-03	-2.18625863104687E-06	0	0.1686855918	8970.74609375	
12.458016	2.2872846775075E-03	-2.696422303575E-06	0	0.28440039826	8970.74609375	
12.462112	2.3273276553175E-03	-3.19059248248125E-06	0	0.28207725205	8970.74609375	
12.466208	2.37322413177438E-03	-3.695755919625E-06	0	0.23520234133	8970.74609375	
12.470304	2.42183377159969E-03	-4.26125679643125E-06	0	0.30610216967	8970.74609375	
12.4744	2.47123814135688E-03	-4.79524857013125E-06	0	0.34310084798	8923.62890625	
12.478496	2.52534140212406E-03	-5.36105088894375E-06	0	0.30201282199	8923.62890625	
12.482592	2.57943067374266E-03	-5.927199842025E-06	0	0.39480897093	8923.62890625	
12.486688	2.63049490626828E-03	-6.41555344020937E-06	0	0.43197931029	8923.62890625	
12.490784	2.68170991072875E-03	-6.83132994750937E-06	0	0.38289569406	8878.1484375	
12.49488	2.73408098574359E-03	-7.2635879287125E-06	0	0.42923654818	8878.14453125	
12.498976	2.78137902859781E-03	-7.6125356566875E-06	0	0.48293212462	8878.14453125	
12.503072	2.82798300853063E-03	-7.90058128210312E-06	0	0.45552357697	8878.14453125	
12.507168	2.87071098854719E-03	-8.14143873355312E-06	0	0.51362893505	8878.14453125	
12.511264	2.90673706919922E-03	-8.26205471870625E-06	0	0.58780939679	8878.14453125	
12.51536	0.002939554240315	-8.28232224651562E-06	0	0.57190213949	8830.484375	
12.519456	2.97106932342344E-03	-8.30497799309062E-06	0	0.56334960451	8830.484375	
12.523552	2.99485343613844E-03	-8.23959632770312E-06	0	0.66559474058	8830.484375	
12.527648	3.01439965972063E-03	-8.07469168491562E-06	0	0.64218780274	8830.484375	
12.531744	3.03034683195578E-03	-7.8818969257875E-06	0	0.64553710056	8783.88671875	
12.53584	3.03746337699922E-03	-7.584228954225E-06	0	0.75443887068	8783.88671875	
12.539936	3.03765794502672E-03	-7.14635992094062E-06	0	0.74511576832	8783.88671875	
12.544032	3.03555911557594E-03	-6.6909077321625E-06	0	0.70987184741	8783.88671875	
12.548128	3.02684643610766E-03	-6.2015505292125E-06	0	0.81674420245	8783.88671875	
12.552224	3.01323481166125E-03	-5.63596792171875E-06	0	0.81151426246	8783.88671875	
12.55632	2.99849994087188E-03	-5.10441869365312E-06	0	0.79026643916	8736.8671875	
12.560416	2.97840777476516E-03	-4.56600673206563E-06	0	0.89490720055	8736.8671875	
12.564512	2.95267313586094E-03	-3.95231648037187E-06	0	0.91684548274	8736.8671875	
12.568608	2.92763530284844E-03	-3.36827211249375E-06	0	0.87695526941	8736.8671875	
12.572704	2.90087424445328E-03	-2.86940458251562E-06	0	0.9302503034	8692.14453125	
12.5768	2.87113962337469E-03	-2.34964885227187E-06	0	0.98785975178	8692.14453125	
12.580896	2.84342730287516E-03	-1.90297526048437E-06	0	0.95511826751	8692.14453125	
12.584992	2.81522847087453E-03	-1.5305648155875E-06	0	1.02934832022	8692.14453125	
12.589088	2.78581121146109E-03	-1.17275820224062E-06	0	1.08666403747	8645.4453125	
12.593184	2.75882458947391E-03	-8.6511019258125E-07	0	1.05272092585	8645.4453125	
12.59728	2.73755066032422E-03	-7.3606705239375E-07	0	1.06273830179	8645.44140625	
12.601376	2.71601148594531E-03	-6.612676079625E-07	0	1.14400645755	8645.44140625	
12.605472	2.69924261123688E-03	-6.57173140903125E-07	0	1.11729218348	8645.44140625	
12.609568	2.68512280582391E-03	-7.48208626790625E-07	0	1.13622067526	8645.44140625	
12.613664	2.67193881044922E-03	-8.514251101125E-07	0	1.2341285088	8598.3046875	
12.61776	2.66048398355953E-03	-9.52327172671875E-07	0	1.22607569821	8598.3046875	
12.621856	2.65583684325609E-03	-1.16576157462187E-06	0	1.19203721934	8598.3046875	
12.625952	2.65183658678469E-03	-1.42888534995937E-06	0	1.28828947742	8598.3046875	
12.630048	2.65159282815625E-03	-1.69738147569375E-06	0	1.29395429207	8598.3046875	
12.634144	0.002655759948655	-2.05028617086563E-06	0	1.26768252204	8552.14453125	
12.63824	2.66074346855109E-03	-2.41194590535938E-06	0	1.3705036763	8552.14453125	
12.642336	2.66544235956109E-03	-2.71909704051562E-06	0	1.39418908651	8552.14453125	
12.646432	2.67429374189484E-03	-3.02792413553437E-06	0	1.34336978633	8552.14453125	
12.650528	2.68492339188219E-03	-3.39471415335937E-06	0	1.41843525615	8506.0625	
12.654624	2.69498744139109E-03	-3.70180831741875E-06	0	1.44839201672	8506.0625	
12.65872	2.70756780043234E-03	-4.01463757189687E-06	0	1.4169666005	8506.0625	
12.662816	0.002719279826505	-4.30267021655625E-06	0	1.48088936083	8506.0625	
12.666912	0.002728882416975	-4.50886207767187E-06	0	1.54236690487	8506.0625	
12.671008	0.002738841959315	-4.65276241454062E-06	0	1.51778122782	8461.54296875	
12.675104	2.75029130026406E-03	-4.84661967260625E-06	0	1.5137071389	8461.54296875	
12.6792	2.7578496463925E-03	-4.95005538647812E-06	0	1.60247878989	8461.54296875	
12.683296	2.76613515395078E-03	-5.01875676008437E-06	0	1.5837448473	8461.54296875	
12.687392	2.77301872938234E-03	-5.08262929236562E-06	0	1.57899555825	8413.6015625	
12.691488	0.00277596787963	-5.05480648365E-06	0	1.69049131757	8413.6015625	
12.695584	2.77529960062953E-03	-4.91353378838437E-06	0	1.67737259866	8413.6015625	
12.69968	2.77605647757109E-03	-4.78759449124687E-06	0	1.6348616933	8413.6015625	
12.703776	2.77359703895656E-03	-4.66136288670938E-06	0	1.73319677212	8413.6015625	
12.707872	2.76956057527703E-03	-4.46990466470625E-06	0	1.72764258348	8413.6015625	
12.711968	2.76563099600734E-03	-4.31789592248438E-06	0	1.7048994017	8367.859375	
12.716064	2.75888648917062E-03	-4.1347641344625E-06	0	1.8104900209	8367.859375	
12.72016	2.74966343435953E-03	-3.89902807212188E-06	0	1.81992756396	8367.859375	
12.724256	2.74226747207359E-03	-3.69105520317187E-06	0	1.78167385264	8367.859375	
12.728352	2.73442257697984E-03	-3.56815003761562E-06	0	1.81135214084	8367.859375	
12.732448	2.72417611994516E-03	-3.377106238275E-06	0	1.87598061882	8321.28125	
12.736544	2.71586053114578E-03	-3.23870661705937E-06	0	1.83481248434	8321.28125	
12.74064	2.70662943028844E-03	-3.1297353318E-06	0	1.88833639973	8321.28125	
12.744736	2.69612312253281E-03	-2.99285734367813E-06	0	1.96015175367	8321.28125	
12.748832	2.68587821984797E-03	-2.84316109914375E-06	0	1.93134702948	8276.80078125	
12.752928	2.68007263174922E-03	-2.8357971642E-06	0	1.92672743989	8276.80078125	
12.757024	2.67273975778047E-03	-2.83930893953437E-06	0	2.00308608962	8276.80078125	
12.76112	2.66844271192125E-03	-2.873918279925E-06	0	1.97678761676	8276.80078125	
12.765216	2.66497706036375E-03	-2.9699864530875E-06	0	1.96961981425	8276.80078125	
12.769312	2.66096436909359E-03	-3.03636162709687E-06	0	2.07529054194	8229.78125	
12.773408	2.65614707319844E-03	-3.0594171328875E-06	0	2.06831347393	8229.78125	
12.777504	2.65586793025297E-03	-3.15757352511562E-06	0	2.02038952346	8229.78125	
12.7816	2.65523064681703E-03	-3.30759525009375E-06	0	2.0982702345	8229.78125	
12.785696	2.65604558329687E-03	-3.43631555406562E-06	0	2.11889244864	8229.78125	
12.789792	2.65947566767266E-03	-3.64383505808437E-06	0	2.07833084987	8229.78125	
12.793888	2.66256900672641E-03	-3.83409688705312E-06	0	2.16093033244	8183.41796875	
12.797984	2.66459395884344E-03	-3.97538905345312E-06	0	2.19471322708	8183.41796875	
12.80208	2.66878832618063E-03	-4.10328580055625E-06	0	2.14441272474	8183.41796875	
12.806176	2.67491164167391E-03	-4.32633677942812E-06	0	2.18463100141	8183.41796875	
12.810272	2.67894691673297E-03	-4.46869793514375E-06	0	2.23152498558	8183.41796875	
12.814368	2.68479931819172E-03	-4.61740932489375E-06	0	2.19966088001	8136.8984375	
12.818464	2.68981410794938E-03	-4.757235627375E-06	0	2.24129822136	8136.8984375	
12.82256	2.69335189962609E-03	-4.83750910479375E-06	0	2.30651797629	8136.8984375	
12.826656	2.69641570603281E-03	-4.85665836449063E-06	0	2.28307670624	8136.8984375	
12.830752	2.70249440254234E-03	-4.978523867625E-06	0	2.25019789313	8092.59765625	
12.834848	2.70557750117359E-03	-5.04880048004062E-06	0	2.33169874498	8092.59765625	
12.838944	2.70975147909813E-03	-5.09366029095E-06	0	2.32081161972	8092.59765625	
12.84304	2.7141786331825E-03	-5.18071741543125E-06	0	2.30066624183	8092.59765625	
12.847136	2.71676260264922E-03	-5.21538180384375E-06	0	2.40198822292	8092.59765625	
12.851232	2.71676296837859E-03	-5.16152921346562E-06	0	2.40255661173	8046.01953125	
12.855328	2.71900077499188E-03	-5.12997804309375E-06	0	2.34249813237	8046.01953125	
12.859424	2.72046963559422E-03	-5.16363762481875E-06	0	2.41745297618	8046.01953125	
12.86352	2.72095614709531E-03	-5.12752419939375E-06	0	2.42846217152	8046.01953125	
12.867616	2.72300249438078E-03	-5.15918931195937E-06	0	2.39404603834	8046.01953125	
12.871712	2.72366592746703E-03	-5.17512030564375E-06	0	2.47469621432	7999.27734375	
12.875808	2.72236173651578E-03	-5.1286439098125E-06	0	2.50662516962	7999.27734375	
12.879904	2.72243579671422E-03	-5.07748867250625E-06	0	2.47613053776	7999.27734375	
12.884	2.72409392226813E-03	-5.15048475335625E-06	0	2.46834094078	7999.27734375	
12.888096	2.72318590766234E-03	-5.14373355818437E-06	0	2.54243366465	7953.19921875	
12.892192	2.72374775941469E-03	-5.14687297812187E-06	0	2.50437831721	7953.1953125	
12.896288	0.002723510583915	-5.16125974258125E-06	0	2.51190088589	7953.1953125	
12.900384	2.72191143222281E-03	-5.1294573705375E-06	0	2.60862998022	7953.1953125	
12.90448	2.71935077800375E-03	-5.0452901470125E-06	0	2.57637296158	7953.1953125	
12.908576	2.72051809473641E-03	-5.08280477295937E-06	0	2.53731435067	7907.4765625	
12.912672	2.71989836631047E-03	-5.14021240785937E-06	0	2.6364085528	7907.4765625	
12.916768	2.72011679817969E-03	-5.1609227236875E-06	0	2.60776404559	7907.4765625	
12.920864	2.72155621756734E-03	-5.26169521906875E-06	0	2.58117565629	7907.4765625	
12.92496	2.72148965482109E-03	-5.31107425622812E-06	0	2.68981802749	7907.4765625	
12.929056	2.71962425214391E-03	-5.2841149081875E-06	0	2.68512595879	7862.8984375	
12.933152	2.72034400755391E-03	-5.29383533115937E-06	0	2.63486360335	7862.8984375	
12.937248	2.72068093574062E-03	-5.3806859654625E-06	0	2.67167154716	7862.8984375	
12.941344	2.71988730299687E-03	-5.37532563428437E-06	0	2.72442108048	7862.8984375	
12.94544	2.72112858849562E-03	-5.44403710403437E-06	0	2.6688334178	7862.8984375	
12.949536	2.72137454150031E-03	-5.50667478178125E-06	0	2.73502210399	7815.05859375	
12.953632	2.72024983223984E-03	-5.50890530839687E-06	0	2.78102726539	7815.05859375	
12.957728	2.71918089670906E-03	-5.46856592565937E-06	0	2.73626187824	7815.05859375	
12.961824	2.72097964520766E-03	-5.57018817980625E-06	0	2.72991804877	7815.05859375	
12.96592	2.71957780451328E-03	-5.58625066374375E-06	0	2.80214538923	7815.05859375	
12.970016	2.71972839358344E-03	-5.59870473782812E-06	0	2.76848456467	7769.55859375	
12.974112	2.71918299965297E-03	-5.6337895585125E-06	0	2.77383657474	7769.55859375	
12.978208	2.71727663528578E-03	-5.60695857572812E-06	0	2.86097172372	7769.55859375	
12.982304	2.71430526697859E-03	-5.51892549068437E-06	0	2.84679252099	7769.55859375	
12.9864	2.71480659051937E-03	-5.55836487432187E-06	0	2.7899879722	7769.55859375	
12.990496	2.71341755035313E-03	-5.60691987384375E-06	0	2.86979891638	7723.31640625	
12.994592	2.71246637968109E-03	-5.60291795476875E-06	0	2.87150408281	7723.31640625	
12.998688	2.71258021294906E-03	-5.67758134164375E-06	0	2.82752070711	7723.31640625	
13.002784	2.71119821307328E-03	-5.69016594444375E-06	0	2.91348856095	7723.31640625	
13.00688	2.70790802018344E-03	-5.61758909394375E-06	0	2.9333440224	7723.31640625	
13.010976	2.70659038867766E-03	-5.56878072929062E-06	0	2.86862780655	7678.67578125	
13.015072	0.00270626278659	-5.65205420370937E-06	0	2.92498222192	7678.67578125	
13.019168	2.70412720133703E-03	-5.63592080638125E-06	0	2.94465839294	7678.67578125	
13.023264	2.70396381173875E-03	-5.6824779713625E-06	0	2.91406839383	7678.67578125	
13.02736	2.70323555312078E-03	-5.74007743299375E-06	0	2.95220003507	7678.67578125	
13.031456	2.70106997805906E-03	-5.73424306382812E-06	0	3.00777243899	7631.734375	
13.035552	2.69958264812328E-03	-5.69727651425625E-06	0	2.9809132067	7631.734375	
13.039648	2.70077867461188E-03	-5.8262172507E-06	0	2.9462758215	7631.734375	
13.043744	2.69944888260438E-03	-5.86483043324062E-06	0	3.02701373535	7631.734375	
13.04784	2.69938103980531E-03	-5.899249869975E-06	0	3.00775718023	7585.515625	
13.051936	2.69934071814172E-03	-5.97183970123125E-06	0	2.9881992646	7585.515625	
13.056032	2.6978407705425E-03	-5.97546277453125E-06	0	3.08450874303	7585.515625	
13.060128	2.69450184421344E-03	-5.88400493329687E-06	0	3.06438625328	7585.515625	
13.064224	2.69429557284594E-03	-5.88628305601875E-06	0	3.00972937496	7585.515625	
13.06832	2.69308939736719E-03	-5.94992049238125E-06	0	3.08998663787	7538.8359375	
13.072416	2.69167658479156E-03	-5.93582507378437E-06	0	3.08476814195	7538.8359375	
13.076512	2.69169093966953E-03	-6.00897139486875E-06	0	3.04987135783	7538.8359375	
13.080608	2.68995902821422E-03	-6.02806704885E-06	0	3.13419889497	7538.8359375	
13.084704	2.68606711907016E-03	-5.9305834924875E-06	0	3.14885874864	7538.8359375	
13.0888	2.68368009487188E-03	-5.84844294962812E-06	0	3.10743502993	7494.65625	
13.092896	2.68215482051344E-03	-5.89677535321875E-06	0	3.10062199359	7494.65625	
13.096992	2.67848966358187E-03	-5.82818623911562E-06	0	3.17766728752	7494.65625	
13.101088	2.67636889036859E-03	-5.81424298382812E-06	0	3.13192152504	7494.65625	
13.105184	2.67378345798438E-03	-5.81314274454375E-06	0	3.15369959025	7494.65625	
13.10928	2.67010897495375E-03	-5.75560313862187E-06	0	3.23040537677	7447.6328125	
13.113376	2.66582418102859E-03	-5.64378786582187E-06	0	3.19428026247	7447.6328125	
13.117472	2.66525702620031E-03	-5.717530820925E-06	0	3.1623398631	7447.6328125	
13.121568	2.66211413081625E-03	-5.74049786526563E-06	0	3.23974755258	7447.6328125	
13.125664	2.65971165455187E-03	-5.72143995163125E-06	0	3.21564634116	7447.6328125	
13.12976	2.65770005155703E-03	-5.75797549201875E-06	0	3.19298708256	7401.25390625	
13.133856	2.65451098283938E-03	-5.73663008067187E-06	0	3.28773635278	7401.25390625	
13.137952	2.64996048652328E-03	-5.63817489066562E-06	0	3.28221268166	7401.25390625	
13.142048	0.00264884034888	-5.65736910224062E-06	0	3.22677760658	7401.25390625	
13.146144	2.64702751980047E-03	-5.75332044859687E-06	0	3.27526613117	7401.25390625	
13.15024	2.64474015685688E-03	-5.74783103100937E-06	0	3.31078470976	7355.015625	
13.154336	2.64437333029375E-03	-5.83732348959375E-06	0	3.25975178694	7355.015625	
13.158432	2.64322740872953E-03	-5.91407245130625E-06	0	3.31419885731	7355.015625	
13.162528	2.64042665317578E-03	-5.89430396145937E-06	0	3.35984543785	7355.015625	
13.166624	2.63803551452203E-03	-5.82489032895E-06	0	3.30868281557	7309.71484375	
13.17072	2.6383058799625E-03	-5.950692126225E-06	0	3.31754434044	7309.71484375	
13.174816	0.002636238777535	-5.96106855815625E-06	0	3.37358976592	7309.71484375	
13.178912	2.63601074526969E-03	-6.01348389035625E-06	0	3.34433109362	7309.71484375	
13.183008	2.63529702439438E-03	-6.0849410304375E-06	0	3.35572175796	7309.71484375	
13.187104	2.63373737147469E-03	-6.08762516236875E-06	0	3.43034090905	7264.67578125	
13.1912	2.63176417006422E-03	-6.04409635974375E-06	0	3.41280477912	7264.671875	
13.195296	2.63341269522203E-03	-6.17806713923437E-06	0	3.35587053087	7264.671875	
13.199392	0.002632563928775	-6.260645662425E-06	0	3.42892947375	7264.671875	
13.203488	2.63191713637531E-03	-6.25612715732812E-06	0	3.43055453169	7264.671875	
13.207584	2.63178519950328E-03	-6.31198647646875E-06	0	3.39137766539	7264.671875	
13.21168	2.63051630143672E-03	-6.31262469698437E-06	0	3.48078636961	7217.09375	
13.215776	2.62702514025531E-03	-6.20122408723125E-06	0	3.49105932978	7217.09375	
13.219872	2.62552263255047E-03	-6.11425758765938E-06	0	3.4317332709	7217.09375	
13.223968	2.62461800094141E-03	-6.18130391484375E-06	0	3.49031927992	7217.09375	
13.228064	2.62257128792656E-03	-6.13850227495312E-06	0	3.49924183983	7171.2734375	
13.23216	2.62230348259172E-03	-6.1980784173E-06	0	3.46507747619	7171.2734375	
13.236256	2.62088756131641E-03	-6.224664929175E-06	0	3.5181741463	7171.2734375	
13.240352	2.61775070046703E-03	-6.15732148690312E-06	0	3.55894173833	7171.2734375	
13.244448	2.61513875270313E-03	-6.04462328229375E-06	0	3.52314468737	7171.2734375	
13.248544	2.61490112004172E-03	-6.1522813477125E-06	0	3.50676440851	7125.3515625	
13.25264	2.61176023616922E-03	-6.1027160126625E-06	0	3.57849583927	7125.3515625	
13.256736	2.61043556437297E-03	-6.0915987160875E-06	0	3.55674829158	7125.3515625	
13.260832	2.60926395032016E-03	-6.15084168569062E-06	0	3.53719800533	7125.3515625	
13.264928	2.60749939751812E-03	-6.16415369160937E-06	0	3.63079905386	7125.3515625	
13.269024	2.60436829690641E-03	-6.08075401539375E-06	0	3.61043242395	7080.2734375	
13.27312	0.00260478897712	-6.16462532575312E-06	0	3.56012047754	7080.2734375	
13.277216	2.60391095232297E-03	-6.26854517375625E-06	0	3.63983986916	7080.2734375	
13.281312	2.60300906368422E-03	-6.27633002174062E-06	0	3.62831569067	7080.2734375	
13.285408	2.60329350970562E-03	-6.38086621528125E-06	0	3.59608537486	7080.2734375	
13.289504	2.60230247453172E-03	-6.40900729290937E-06	0	3.69013274212	7033.11328125	
13.2936	2.59991663895391E-03	-6.3432157721625E-06	0	3.69408476096	7033.11328125	
13.297696	2.59996409234031E-03	-6.35680974895312E-06	0	3.65373297014	7033.11328125	
13.301792	2.60070460289234E-03	-6.51394084182187E-06	0	3.65889424571	7033.11328125	
13.305888	2.59994342863062E-03	-6.52729130924062E-06	0	3.72855048511	7033.11328125	
13.309984	2.60133786330516E-03	-6.63751259325E-06	0	3.67326036825	7033.11328125	
13.31408	2.60220263041234E-03	-6.75051993216562E-06	0	3.70678386397	6987.25390625	
13.318176	2.60194085961219E-03	-6.78343792809375E-06	0	3.78554195371	6987.25390625	
13.322272	2.60065129783594E-03	-6.70071709735312E-06	0	3.74007847829	6987.25390625	
13.326368	2.60270861700266E-03	-6.8186076044625E-06	0	3.70853099199	6987.25390625	
13.330464	2.6021250043525E-03	-6.84963040997812E-06	0	3.79355280271	6940.6328125	
13.33456	2.60247043574719E-03	-6.84896767025625E-06	0	3.76356552462	6940.6328125	
13.338656	2.60301491535422E-03	-6.91865197557187E-06	0	3.75072146339	6940.6328125	
13.342752	2.60231335498063E-03	-6.90116353152187E-06	0	3.84962874571	6940.6328125	
13.346848	2.60073056967797E-03	-6.82058692940625E-06	0	3.84233505843	6940.6328125	
13.350944	2.60237744905359E-03	-6.90369718283437E-06	0	3.78139920037	6896.83203125	
13.35504	2.60284942281203E-03	-7.03456724427187E-06	0	3.84046967502	6896.83203125	
13.359136	2.60249439102125E-03	-7.00804828040625E-06	0	3.87049510001	6896.83203125	
13.363232	2.60361946601109E-03	-7.09793857513125E-06	0	3.81203116107	6896.83203125	
13.367328	2.60357887005047E-03	-7.13550656640937E-06	0	3.88169884454	6896.83203125	
13.371424	2.60191105266812E-03	-7.06564413627187E-06	0	3.93019499851	6849.2109375	
13.37552	2.60069372244344E-03	-6.96444664131562E-06	0	3.86824443291	6849.2109375	
13.379616	2.60190648105094E-03	-7.10518952941875E-06	0	3.89171622048	6849.2109375	
13.383712	2.60090438256344E-03	-7.09735083533437E-06	0	3.9452668387	6849.2109375	
13.387808	2.60226745594406E-03	-7.19592573675937E-06	0	3.90897387804	6849.2109375	
13.391904	2.60312609708422E-03	-7.31473907948437E-06	0	3.92029587796	6849.2109375	
13.396	2.60268493602563E-03	-7.32313161916875E-06	0	4.00468826483	6803.1328125	
13.400096	2.60158052474547E-03	-7.24460958230625E-06	0	3.98183445704	6803.1328125	
13.404192	2.60368438297516E-03	-7.38739381452187E-06	0	3.93164458071	6803.1328125	
13.408288	2.60313972050344E-03	-7.43452670008125E-06	0	4.01180647637	6803.1328125	
13.412384	2.60336921568625E-03	-7.42088801179687E-06	0	4.01586912122	6803.1328125	
13.41648	2.60442525925656E-03	-7.52899174984687E-06	0	3.97473913364	6756.83203125	
13.420576	2.60474152373359E-03	-7.57388112803437E-06	0	4.07219301907	6756.83203125	
13.424672	2.60371610999844E-03	-7.52483213862187E-06	0	4.07848725757	6756.83203125	
13.428768	2.60532669073359E-03	-7.56961334384062E-06	0	4.01295088337	6756.83203125	
13.432864	0.002607161829305	-7.76852540454375E-06	0	4.06936633378	6711.890625	
13.43696	2.60741262822391E-03	-7.76711675210625E-06	0	4.088584742	6711.890625	
13.441056	2.60936178292797E-03	-7.87582673955E-06	0	4.05135718229	6711.890625	
13.445152	2.61020204616703E-03	-7.94446681514062E-06	0	4.1183774709	6711.890625	
13.449248	2.60948027924547E-03	-7.89203008873125E-06	0	4.15708131564	6711.890625	
13.453344	2.60941161355531E-03	-7.82538087653437E-06	0	4.13368582187	6666.2109375	
13.45744	2.61142888535547E-03	-7.99438263060937E-06	0	4.10728816707	6666.2109375	
13.461536	2.61104779534672E-03	-7.98590595639375E-06	0	4.18828929453	6666.2109375	
13.465632	2.61253640533531E-03	-8.05793761513125E-06	0	4.15932053867	6666.2109375	
13.469728	2.61375922150062E-03	-8.16846322575937E-06	0	4.1463391486	6666.2109375	
13.473824	2.61380274329625E-03	-8.18294037474375E-06	0	4.24423935276	6618.97265625	
13.47792	2.61191119096875E-03	-8.03977873905937E-06	0	4.22696262175	6618.97265625	
13.482016	2.61354005817266E-03	-8.1124005414375E-06	0	4.17032210463	6618.97265625	
13.486112	2.61341735596734E-03	-8.2026562204125E-06	0	4.2554392826	6618.97265625	
13.490208	2.61284837249219E-03	-8.1386620536375E-06	0	4.24390747473	6618.97265625	
13.494304	0.002613352896165	-8.21605981277812E-06	0	4.21423681591	6572.953125	
13.4984	2.61276535192406E-03	-8.21256318165937E-06	0	4.29851857677	6572.953125	
13.502496	2.61104697245562E-03	-8.1347351344875E-06	0	4.31475389741	6572.953125	
13.506592	2.61157609142891E-03	-8.160693762375E-06	0	4.26934764234	6572.953125	
13.510688	2.61260625964594E-03	-8.33667291331875E-06	0	4.29046576618	6527.75	
13.514784	2.61202959585391E-03	-8.30536140616875E-06	0	4.34741908788	6527.75	
13.51888	2.61330388842875E-03	-8.41270865459062E-06	0	4.30519428427	6527.75	
13.522976	2.61365681727563E-03	-8.48730737806875E-06	0	4.34414608386	6527.75	
13.527072	2.6123010584825E-03	-8.42717787089062E-06	0	4.40718383611	6527.75	
13.531168	2.61009507032484E-03	-8.2555792444125E-06	0	4.36856772924	6482.37109375	
13.535264	2.61146591545469E-03	-8.39124329144062E-06	0	4.34362347133	6482.37109375	
13.53936	2.61050230998391E-03	-8.42612066040937E-06	0	4.4258414849	6482.37109375	
13.543456	2.61089620052078E-03	-8.45996678040937E-06	0	4.39976426406	6482.37109375	
13.547552	2.61171543432078E-03	-8.59834068049687E-06	0	4.38783954312	6482.37109375	
13.551648	2.61148859067594E-03	-8.6315288684625E-06	0	4.48686126614	6434.9921875	
13.555744	2.60974954749781E-03	-8.52965276841562E-06	0	4.47317797311	6434.9921875	
13.55984	2.61102347434328E-03	-8.62319498256562E-06	0	4.41919248023	6434.9921875	
13.563936	2.61084664419047E-03	-8.723989352925E-06	0	4.49054625668	6434.9921875	
13.568032	2.61003719365125E-03	-8.6583173032125E-06	0	4.50825786235	6434.9921875	
13.572128	2.61119856728156E-03	-8.79066837278438E-06	0	4.46165379462	6434.9921875	
13.576224	2.61120249887234E-03	-8.84684548006875E-06	0	4.54054158382	6389.29296875	
13.58032	2.60972467790031E-03	-8.7901037098875E-06	0	4.57523618937	6389.29296875	
13.584416	2.60944260911984E-03	-8.73517155328125E-06	0	4.52764030224	6389.29296875	
13.588512	2.61152223777844E-03	-8.99330518937812E-06	0	4.54638950359	6389.29296875	
13.592608	2.61094008804578E-03	-8.99484100515E-06	0	4.59438593317	6342.953125	
13.596704	2.61219892855453E-03	-9.07570895312812E-06	0	4.56403244484	6342.953125	
13.6008	2.61261796298594E-03	-9.14233725188437E-06	0	4.5843037075	6342.953125	
13.604896	2.61192518011734E-03	-9.11099521591875E-06	0	4.65934247449	6342.953125	
13.608992	2.61032566269578E-03	-8.96498839077187E-06	0	4.64061616128	6342.953125	
13.613088	2.61228606357813E-03	-9.14553652753125E-06	0	4.59780389541	6299.05078125	
13.617184	2.6116310422675E-03	-9.18356701834687E-06	0	4.67500559163	6299.05078125	
13.62128	2.61231907065422E-03	-9.20888742571875E-06	0	4.67876687597	6299.05078125	
13.625376	2.61353118923531E-03	-9.37448461589063E-06	0	4.64578888092	6299.05078125	
13.629472	2.61354590984266E-03	-9.38948508165937E-06	0	4.74208310059	6299.05078125	
13.633568	2.61162546489453E-03	-9.27368183207812E-06	0	4.74500133844	6251.41015625	
13.637664	2.61201999545781E-03	-9.26011357641562E-06	0	4.68598808414	6251.41015625	
13.64176	2.61237777021891E-03	-9.41414491276875E-06	0	4.75107051023	6251.41015625	
13.645856	0.00261120825911	-9.3319320142125E-06	0	4.76816413612	6251.41015625	
13.649952	2.61136835714391E-03	-9.39050383064062E-06	0	4.73496107436	6251.41015625	
13.654048	2.61044671911891E-03	-9.38530840314375E-06	0	4.80696334811	6205.390625	
13.658144	2.6083014420375E-03	-9.2856859066125E-06	0	4.83891900624	6205.390625	
13.66224	2.60706107086219E-03	-9.19905882977812E-06	0	4.81215132651	6205.390625	
13.666336	2.60805814057078E-03	-9.42161004953437E-06	0	4.79695360155	6205.390625	
13.670432	2.60678531091344E-03	-9.3945819515625E-06	0	4.87556291838	6205.390625	
13.674528	2.60729038318031E-03	-9.46518236173125E-06	0	4.84859306008	6159.11328125	
13.678624	2.60729596055328E-03	-9.55975991138437E-06	0	4.85162192394	6159.11328125	
13.68272	2.60614245010453E-03	-9.52761282814688E-06	0	4.94201100349	6159.11328125	
13.686816	2.60337131863016E-03	-9.33256879242187E-06	0	4.92395607572	6159.11328125	
13.690912	2.60437616008797E-03	-9.46265039310937E-06	0	4.87538744264	6114.453125	
13.695008	2.60374225964875E-03	-9.5614240924125E-06	0	4.96651275736	6114.453125	
13.699104	2.60351953045938E-03	-9.5731836960375E-06	0	4.95503054046	6114.453125	
13.7032	2.60449566216125E-03	-9.73525973588437E-06	0	4.92977729266	6114.453125	
13.707296	2.60468794438016E-03	-9.81721662508125E-06	0	5.02361485197	6114.453125	
13.711392	2.60328473220062E-03	-9.74880587618437E-06	0	5.03499407224	6068.2109375	
13.715488	2.60417190023203E-03	-9.80187625580625E-06	0	4.98725704158	6068.2109375	
13.719584	2.60491899391281E-03	-9.99171260443125E-06	0	5.0206660966	6068.2109375	
13.72368	2.60413541872687E-03	-9.9204410410875E-06	0	5.07396875997	6068.2109375	
13.727776	2.60500521461297E-03	-1.00256274743625E-05	0	5.03786653381	6068.2109375	
13.731872	2.60492246834187E-03	-1.0067918778225E-05	0	5.07394968652	6021.3515625	
13.735968	2.60344848752828E-03	-9.99144746046562E-06	0	5.14032529252	6021.3515625	
13.740064	2.60148964099578E-03	-9.81576350153438E-06	0	5.10375767418	6021.3515625	
13.74416	2.60275213879828E-03	-1.00029962469938E-05	0	5.09687978811	6021.3515625	
13.748256	0.002601652482	-9.99647413813125E-06	0	5.16667335635	6021.3515625	
13.752352	2.60189194330828E-03	-1.00437865908187E-05	0	5.15029307749	5974.91015625	
13.756448	2.60177271553203E-03	-1.01216338687406E-05	0	5.15098735107	5974.91015625	
13.760544	2.60021351977406E-03	-1.00440132732844E-05	0	5.23429255129	5974.91015625	
13.76464	2.59716909702422E-03	-9.82461253114687E-06	0	5.22958903852	5974.91015625	
13.768736	2.59733522959281E-03	-9.89736942954375E-06	0	5.18234791756	5974.91015625	
13.772832	2.59623776717078E-03	-9.98370371820937E-06	0	5.24231102967	5930.15234375	
13.776928	2.59508745685406E-03	-9.93837131161875E-06	0	5.27504106987	5930.15234375	
13.781024	2.59515036230656E-03	-1.0065457242225E-05	0	5.23282771033	5930.15234375	
13.78512	2.59433067134484E-03	-1.00979069693906E-05	0	5.31526697592	5930.15234375	
13.789216	2.59221849277187E-03	-1.00056027347719E-05	0	5.3406041469	5930.15234375	
13.793312	2.59146454166531E-03	-9.97285276752187E-06	0	5.29586927727	5930.15234375	
13.797408	2.59208884170844E-03	-1.02017268174937E-05	0	5.32365166454	5884.19140625	
13.801504	2.59012478353234E-03	-1.01061608072906E-05	0	5.36990859548	5884.19140625	
13.8056	2.58995956528719E-03	-1.01550927295125E-05	0	5.34554417045	5884.19140625	
13.809696	2.58915377204172E-03	-1.02007744146E-05	0	5.38440060279	5884.19140625	
13.813792	2.58721650354234E-03	-1.01276122281469E-05	0	5.44558823039	5837.171875	
13.817888	2.58484886300094E-03	-9.95953018469062E-06	0	5.43447222373	5837.171875	
13.821984	2.5856847374875E-03	-1.01710576173937E-05	0	5.39848443827	5837.171875	
13.82608	2.58420335065406E-03	-1.0190637886275E-05	0	5.480565123	5837.171875	
13.830176	2.58407031659391E-03	-1.02245450639062E-05	0	5.474843088	5837.171875	
13.834272	2.58412261589453E-03	-1.03449091262344E-05	0	5.45173751067	5791.25	
13.838368	2.58298684332047E-03	-1.03140101186719E-05	0	5.54659359221	5791.25	
13.842464	2.57988033800922E-03	-1.01040165786656E-05	0	5.54791347495	5791.25	
13.84656	2.57946614949203E-03	-1.00924658690625E-05	0	5.50073720372	5791.25	
13.850656	2.57873615365953E-03	-1.02389779821656E-05	0	5.57675634604	5791.25	
13.854752	2.57702408302281E-03	-1.01380047658312E-05	0	5.58663639314	5745.37109375	
13.858848	2.57692094733906E-03	-1.02579988766062E-05	0	5.56400002268	5745.37109375	
13.862944	2.57576414532594E-03	-1.02703611238594E-05	0	5.64282296215	5745.37109375	
13.86704	2.57348510272562E-03	-1.01664030547406E-05	0	5.6706129788	5745.37109375	
13.871136	2.57234695291063E-03	-1.01113485424875E-05	0	5.64333413061	5700.9921875	
13.875232	2.57267976664188E-03	-1.03329521670375E-05	0	5.63791345612	5700.9921875	
13.879328	2.57068937595078E-03	-1.02422250943031E-05	0	5.71870096094	5700.9921875	
13.883424	2.56995389417766E-03	-1.02622522377375E-05	0	5.69390929063	5700.9921875	
13.88752	2.56870145393297E-03	-1.02723625641656E-05	0	5.71191081274	5653.19140625	
13.891616	2.5666668099875E-03	-1.02011888372625E-05	0	5.79341547928	5653.19140625	
13.895712	2.56334873023281E-03	-9.97918881887812E-06	0	5.77439543494	5653.19140625	
13.899808	2.56360720946859E-03	-1.01301028506562E-05	0	5.74392369122	5653.19140625	
13.903904	2.56197971374984E-03	-1.01651126714156E-05	0	5.82531773175	5653.19140625	
13.908	2.56118260657703E-03	-1.01632393559812E-05	0	5.82028997033	5607.453125	
13.912096	2.56110242041156E-03	-1.03179444897375E-05	0	5.80258980873	5607.453125	
13.916192	2.55965001763109E-03	-1.02807882768937E-05	0	5.89987203311	5607.453125	
13.920288	2.55641806714422E-03	-1.00691324789344E-05	0	5.91249102763	5607.453125	
13.924384	2.55558621568078E-03	-1.00575983558531E-05	0	5.8685953898	5607.453125	
13.92848	2.55480410341234E-03	-1.01923773076125E-05	0	5.91606920685	5607.453125	
13.932576	2.55296256457688E-03	-1.01146396449656E-05	0	5.96686943358	5561.03125	
13.936672	2.55271121706391E-03	-1.02210253558875E-05	0	5.92789093116	5561.03125	
13.940768	2.55188073708563E-03	-1.02700476626344E-05	0	5.98466114774	5561.03125	
13.944864	2.55003535809172E-03	-1.02265152542437E-05	0	6.0409812309	5561.03125	
13.94896	2.54797675887219E-03	-1.00661466646125E-05	0	6.00809478841	5516.61328125	
13.953056	2.54855653136391E-03	-1.02963654247781E-05	0	6.01680754037	5516.61328125	
13.957152	2.54640805415047E-03	-1.02177056476687E-05	0	6.07768617808	5516.61328125	
13.961248	2.54557766560453E-03	-1.02062804187094E-05	0	6.06787098071	5516.61328125	
13.965344	2.54422894710188E-03	-1.02218537204437E-05	0	6.06927478663	5516.61328125	
13.96944	2.54199498064703E-03	-1.01224059833531E-05	0	6.16528671924	5469.73046875	
13.973536	2.53852795760437E-03	-9.87528411509063E-06	0	6.16132325633	5469.73046875	
13.977632	2.5384763897625E-03	-1.00212885363938E-05	0	6.11920907873	5469.73046875	
13.981728	2.53684249377969E-03	-1.0089968756175E-05	0	6.19342005799	5469.73046875	
13.985824	2.53567828574672E-03	-1.00565997991594E-05	0	6.22169072558	5469.73046875	
13.98992	2.53539246824016E-03	-1.01879001486281E-05	0	6.18076291657	5423.15234375	
13.994016	2.53388072586859E-03	-1.01396215911375E-05	0	6.27973504862	5423.15234375	
13.998112	2.53075355684766E-03	-9.95832609935625E-06	0	6.29965917449	5423.15234375	
14.002208	2.52883228900844E-03	-9.81279619680937E-06	0	6.25667906226	5423.15234375	
14.006304	2.52846198801625E-03	-1.00172589731156E-05	0	6.30161611046	5423.15234375	
14.0104	2.52590389390281E-03	-9.88149901272187E-06	0	6.34593136419	5376.6328125	
14.014496	2.52545569255375E-03	-9.97803665656875E-06	0	6.32363068645	5376.6328125	
14.018592	2.52402587356219E-03	-9.99064169204062E-06	0	6.37874532757	5376.6328125	
14.022688	0.002522020030805	-9.93190785654375E-06	0	6.43319239794	5376.6328125	
14.026784	2.51974400547203E-03	-9.78124791105E-06	0	6.42681805095	5376.6328125	
14.03088	2.52036263670984E-03	-1.00332983801531E-05	0	6.39548418729	5332.3125	
14.034976	2.51812446436719E-03	-9.95605566893437E-06	0	6.49046233891	5332.3125	
14.039072	2.51739730293734E-03	-9.9599756169375E-06	0	6.48073106472	5332.3125	
14.043168	2.51656755441781E-03	-1.00332274667625E-05	0	6.47163302907	5332.3125	
14.047264	2.51510491121484E-03	-9.98557102403437E-06	0	6.56992233161	5332.3125	
14.05136	0.00251154261567	-9.73589963909062E-06	0	6.57767378169	5285.89453125	
14.055456	2.51138763784734E-03	-9.79937601792187E-06	0	6.53156562366	5285.89453125	
14.059552	2.51070262672797E-03	-9.972118874025E-06	0	6.61514548156	5285.89453125	
14.063648	2.50987443255828E-03	-9.95373884432812E-06	0	6.62459828338	5285.89453125	
14.067744	2.51023019580781E-03	-1.01420900982844E-05	0	6.5998714628	5285.89453125	
14.07184	2.50919326159734E-03	-1.01051622505969E-05	0	6.6855112533	5239.03125	
14.075936	2.50671005057344E-03	-9.9203285412E-06	0	6.72093446464	5239.03125	
14.080032	2.50536700087609E-03	-9.78314021685E-06	0	6.69469321213	5239.03125	
14.084128	2.50553935084406E-03	-1.00223231507438E-05	0	6.71128711363	5239.03125	
14.088224	2.50334534032344E-03	-9.864892058175E-06	0	6.79001087116	5192.83203125	
14.09232	2.50333848289766E-03	-9.94640519781562E-06	0	6.76579140435	5192.83203125	
14.096416	2.50278376286812E-03	-1.00243623313969E-05	0	6.78932041227	5192.83203125	
14.100512	2.50191140687641E-03	-1.00365637615031E-05	0	6.88190675326	5192.83203125	
14.104608	2.49943359036078E-03	-9.8127055719E-06	0	6.86406163344	5192.83203125	
14.108704	2.50068118469125E-03	-1.00480603846219E-05	0	6.83762964643	5192.83203125	
14.1128	2.49941585248609E-03	-1.00715882457094E-05	0	6.92827431021	5147.3125	
14.116896	2.49924213103297E-03	-1.00679276724469E-05	0	6.92369668221	5147.3125	
14.120992	2.49900513839797E-03	-1.01538698941969E-05	0	6.91904276041	5147.3125	
14.125088	2.49759388017219E-03	-1.00596382576594E-05	0	7.0181522213	5147.3125	
14.129184	2.49451782183141E-03	-9.79670534751563E-06	0	7.02895160869	5102.83203125	
14.13328	2.49470013792484E-03	-9.86184951314062E-06	0	6.99828913047	5102.83203125	
14.137376	2.49434071738156E-03	-1.00527024472875E-05	0	7.0411166551	5102.83203125	
14.141472	2.49315502274781E-03	-9.9608967698625E-06	0	7.09996969242	5102.83203125	
14.145568	2.49333404727688E-03	-1.01031769160437E-05	0	7.06653774926	5102.83203125	
14.149664	2.49225450559422E-03	-1.00481817787312E-05	0	7.1379716342	5055.11328125	
14.15376	2.48990981457109E-03	-9.90783552484687E-06	0	7.19185794514	5055.11328125	
14.157856	2.48687965526688E-03	-9.58876180545937E-06	0	7.164750758	5055.11328125	
14.161952	2.48696980755781E-03	-9.81503513687812E-06	0	7.18264928348	5055.11328125	
14.166048	2.48421111088219E-03	-9.64348771227188E-06	0	7.24700310378	5009.25390625	
14.170144	2.48378211032531E-03	-9.73012632755625E-06	0	7.23742823188	5009.25390625	
14.17424	2.48281356750797E-03	-9.80361375406875E-06	0	7.25274802692	5009.25390625	
14.178336	2.48172515688797E-03	-9.80117649689062E-06	0	7.34373219811	5009.25390625	
14.182432	2.47922512231281E-03	-9.59328247401563E-06	0	7.34447987735	5009.25390625	
14.186528	2.48045881892703E-03	-9.84553895252812E-06	0	7.31348933579	5009.25390625	
14.190624	2.47904225762531E-03	-9.8551699525125E-06	0	7.39563105556	4963.15234375	
14.19472	2.47843898702125E-03	-9.80975533446562E-06	0	7.423005271	4963.15625	
14.198816	2.47841676896172E-03	-9.9426967880625E-06	0	7.39431117282	4963.15625	
14.202912	2.47748425048781E-03	-9.8813699263125E-06	0	7.49150565933	4963.15625	
14.207008	2.47487093123875E-03	-9.68960593538437E-06	0	7.52423951422	4918.453125	
14.211104	2.47403258807891E-03	-9.60333534857812E-06	0	7.48482232245	4918.453125	
14.2152	2.47497827281031E-03	-9.94140977011875E-06	0	7.54585736245	4918.453125	
14.219296	2.47409558496375E-03	-9.87301055967187E-06	0	7.58165441341	4918.453125	
14.223392	2.47505717892297E-03	-1.00673781537656E-05	0	7.57130897413	4918.453125	
14.227488	2.47436229311047E-03	-1.00504695168281E-05	0	7.63503718527	4871.53515625	
14.231584	2.47267783504156E-03	-9.89472784564687E-06	0	7.68832840457	4871.53515625	
14.23568	2.47082486716313E-03	-9.66739105375312E-06	0	7.68222490057	4871.53515625	
14.239776	2.47164062653406E-03	-9.92693286151875E-06	0	7.66624897885	4871.53515625	
14.243872	2.46961631444344E-03	-9.78994838311875E-06	0	7.76237535216	4871.53515625	
14.247968	2.46928212922703E-03	-9.80040822842812E-06	0	7.76105165473	4825.21484375	
14.252064	2.46879817783156E-03	-9.86271657958125E-06	0	7.76956604281	4825.21484375	
14.25616	2.46824135485813E-03	-9.8890131879E-06	0	7.87146404209	4825.21484375	
14.260256	2.46546126301406E-03	-9.64511896064062E-06	0	7.87589289718	4825.21484375	
14.264352	2.46603536670047E-03	-9.757372934925E-06	0	7.84137376737	4825.21484375	
14.268448	2.46512305477453E-03	-9.84835337279063E-06	0	7.93427672763	4825.21484375	
14.272544	2.46392748544766E-03	-9.71897994447187E-06	0	7.94357312716	4778.57421875	
14.27664	2.46372029975672E-03	-9.84653318230313E-06	0	7.93053070205	4778.57421875	
14.280736	2.46215113787328E-03	-9.72790709900625E-06	0	8.02273938873	4778.57421875	
14.284832	2.45936876022063E-03	-9.51093616213125E-06	0	8.05491248419	4778.57421875	
14.288928	2.45836958756813E-03	-9.41873433125625E-06	0	8.03313823367	4734.49609375	
14.293024	2.45907736534109E-03	-9.74258472855937E-06	0	8.06578816538	4734.49609375	
14.29712	2.45810086790984E-03	-9.67816772566875E-06	0	8.1441724155	4734.49609375	
14.301216	2.45915142553953E-03	-9.903699711675E-06	0	8.12324121147	4734.49609375	
14.305312	2.45896984090484E-03	-9.95037923230312E-06	0	8.16395539784	4734.49609375	
14.309408	2.45801080705125E-03	-9.87839132352187E-06	0	8.25168945315	4687.734375	
14.313504	2.45538916745891E-03	-9.53290945746562E-06	0	8.24262193502	4687.734375	
14.3176	2.45693355117719E-03	-9.83386781035312E-06	0	8.23482089397	4687.734375	
14.321696	2.45552430446297E-03	-9.79483708015312E-06	0	8.32986389532	4687.734375	
14.325792	2.45538834456781E-03	-9.77858661563437E-06	0	8.33008896203	4687.734375	
14.329888	2.45512767095578E-03	-9.84713558554687E-06	0	8.3285745301	4687.734375	
14.333984	2.45467892101266E-03	-9.83685963428437E-06	0	8.43900217622	4641.27734375	
14.33808	2.45256198795781E-03	-9.6515682330375E-06	0	8.45555411613	4641.27734375	
14.342176	2.45357569835297E-03	-9.79951784470312E-06	0	8.42526166284	4641.27734375	
14.346272	2.45331237320297E-03	-9.92836290816562E-06	0	8.48899368867	4641.27734375	
14.350368	2.45266247210359E-03	-9.81162504413438E-06	0	8.54701893826	4641.27734375	
14.354464	2.4530741919475E-03	-9.9638333053875E-06	0	8.52268503075	4594.95703125	
14.35856	2.45235087067609E-03	-9.906530478075E-06	0	8.61346702337	4594.95703125	
14.362656	2.45016828919844E-03	-9.71377562275312E-06	0	8.6654879509	4594.95703125	
14.366752	2.44823458656047E-03	-9.44458502655937E-06	0	8.64406083717	4594.95703125	
14.370848	2.44948080940578E-03	-9.80784860560313E-06	0	8.67167919277	4594.95703125	
14.374944	2.44836698059422E-03	-9.7577873575875E-06	0	8.74822476231	4549.734375	
14.37904	2.44903489386531E-03	-9.897930486675E-06	0	8.74640515518	4549.734375	
14.383136	2.44874807060297E-03	-9.93440160405E-06	0	8.77783820078	4549.734375	
14.387232	2.44763177311813E-03	-9.82890243070312E-06	0	8.86827305661	4549.734375	
14.391328	2.44536507388422E-03	-9.56368442669062E-06	0	8.87950731866	4549.734375	
14.395424	0.0024464661936	-9.81689282732812E-06	0	8.85052330404	4504.6171875	
14.39952	2.44511025194219E-03	-9.76726763656875E-06	0	8.95297443337	4504.6171875	
14.403616	2.44473620222391E-03	-9.72649964849062E-06	0	8.97647292377	4504.6171875	
14.407712	2.44491019797406E-03	-9.84897548755313E-06	0	8.96705063947	4504.6171875	
14.411808	2.44484802398031E-03	-9.87718651703437E-06	0	9.07238948913	4504.6171875	
14.415904	2.44294504260984E-03	-9.69026122319062E-06	0	9.10653477932	4457.19921875	
14.42	2.4434130847775E-03	-9.73461887114062E-06	0	9.07478129976	4457.19921875	
14.424096	2.44426258268328E-03	-1.00225943043187E-05	0	9.15702983085	4457.19921875	
14.428192	2.44379764921531E-03	-9.92282517331875E-06	0	9.19581378408	4457.19921875	
14.432288	2.44468170854703E-03	-1.00651586848312E-05	0	9.19449008665	4457.19921875	
14.436384	2.44434441463094E-03	-1.00254736283625E-05	0	9.26103353901	4411.2578125	
14.44048	2.44257373586187E-03	-9.84108631275E-06	0	9.33089577167	4411.2578125	
14.444576	2.44110094366875E-03	-9.619373072925E-06	0	9.33353172246	4411.2578125	
14.448672	2.44244691920109E-03	-9.94772322534375E-06	0	9.33503089563	4411.2578125	
14.452768	2.44178366897953E-03	-9.90851004340312E-06	0	9.43406406272	4365.63671875	
14.456864	2.44257172435031E-03	-1.00224741121312E-05	0	9.44232668126	4365.63671875	
14.46096	2.44278741324922E-03	-1.01140120013625E-05	0	9.46351346952	4365.63671875	
14.465056	2.44238684815125E-03	-1.0068257239425E-05	0	9.56630792095	4365.63671875	
14.469152	2.44006876394016E-03	-9.76323230406563E-06	0	9.57862174027	4365.63671875	
14.473248	2.44131434675906E-03	-9.93796193702812E-06	0	9.55782405039	4320.59765625	
14.477344	2.44073823156109E-03	-1.00170998386594E-05	0	9.66104193241	4320.59765625	
14.48144	2.43994834754344E-03	-9.8879410735875E-06	0	9.68652024692	4320.59765625	
14.485536	2.44025510305672E-03	-1.0013999601375E-05	0	9.68969788369	4320.59765625	
14.489632	2.44019082611906E-03	-1.00372233762281E-05	0	9.79264492272	4320.59765625	
14.493728	2.43882427830938E-03	-9.91029417623437E-06	0	9.83568606999	4273.62109375	
14.497824	2.43931005835172E-03	-9.94405399824375E-06	0	9.82487142384	4273.62109375	
14.50192	2.44050937640469E-03	-1.02653760326906E-05	0	9.85999708936	4273.62109375	
14.506016	2.4402151471225E-03	-1.01711131461844E-05	0	9.95113384815	4273.62109375	
14.510112	2.44140385902359E-03	-1.03326079366125E-05	0	9.94144453555	4273.62109375	
14.514208	2.44151321210672E-03	-1.03181346337781E-05	0	10.00264742191	4273.62109375	
14.518304	2.44038804568453E-03	-1.01696761283906E-05	0	10.09086212816	4227.55859375	
14.5224	2.43804445184953E-03	-9.77474671562812E-06	0	10.09587081613	4227.55859375	
14.526496	2.43990811731219E-03	-1.01368230362437E-05	0	10.11058407546	4180.8984375	
14.530592	2.43940560515094E-03	-1.01609095506187E-05	0	10.20873223447	4180.8984375	
14.534688	2.44032815749937E-03	-1.02727077561281E-05	0	10.22115286511	4180.8984375	
14.538784	2.44071747641906E-03	-1.03535543098969E-05	0	10.23670917093	4180.8984375	
14.54288	0.00244073740867	-1.03252384728281E-05	0	10.35277492887	4180.8984375	
14.546976	2.43890035001938E-03	-1.00707151696594E-05	0	10.38459325816	4180.8984375	
14.551072	2.44044445944062E-03	-1.02819365930531E-05	0	10.36738519157	4136.80078125	
14.555168	2.44009399926703E-03	-1.03521163305656E-05	0	10.45552741871	4136.80078125	
14.559264	2.43956433169969E-03	-1.02090294544219E-05	0	10.50873471483	4136.80078125	
14.56336	2.43994715892297E-03	-1.03096507480312E-05	0	10.50216581865	4136.80078125	
14.567456	2.43985280074422E-03	-1.03159079533125E-05	0	10.60661966023	4136.80078125	
14.571552	2.43835852195031E-03	-1.01859542371125E-05	0	10.66837949133	4089.5390625	
14.575648	2.43759972492953E-03	-1.00317745836E-05	0	10.65597793414	4089.5390625	
14.579744	2.43894176887109E-03	-1.03762206333844E-05	0	10.71262608064	4089.5390625	
14.58384	2.43827806148781E-03	-1.02788469326812E-05	0	10.7893547553	4089.5390625	
14.587936	2.43912737652891E-03	-1.04267189001937E-05	0	10.80393450048	4089.5390625	
14.592032	2.43905962516219E-03	-1.045125493335E-05	0	10.86372595154	4043.37890625	
14.596128	2.43791324643625E-03	-1.03141370416219E-05	0	10.95387470562	4043.3828125	
14.600224	2.43604738659734E-03	-1.00158428687625E-05	0	10.97922713536	4043.3828125	
14.60432	2.43784704941937E-03	-1.03693593421687E-05	0	10.97311600198	4043.3828125	
14.608416	2.43755583740453E-03	-1.04186008794656E-05	0	11.08113276402	3997.04296875	
14.612512	2.43843815952172E-03	-1.05200139992062E-05	0	11.11968020647	3997.04296875	
14.616608	2.4394895400425E-03	-1.06878982063219E-05	0	11.12961747392	3997.04296875	
14.620704	2.44037149643031E-03	-1.07560647246937E-05	0	11.25130608492	3997.04296875	
14.6248	2.43930859543422E-03	-1.05706831793062E-05	0	11.29081482925	3997.04296875	
14.628896	2.44062494688719E-03	-1.06632090483188E-05	0	11.28033206113	3997.04296875	
14.632992	0.002441220171445	-1.08430579069313E-05	0	11.38869214527	3952.18359375	
14.637088	2.44049520439141E-03	-1.06287078808969E-05	0	11.42895619822	3952.18359375	
14.641184	2.44119841054719E-03	-1.07309260479094E-05	0	11.44107165366	3952.18359375	
14.64528	2.44086011087531E-03	-1.06689251483719E-05	0	11.53980727493	3952.18359375	
14.649376	2.4395041692175E-03	-1.04985344533781E-05	0	11.61040955745	3906.48046875	
14.653472	2.43886203986734E-03	-1.03515050331E-05	0	11.62763669749	3906.48046875	
14.657568	2.44056359578453E-03	-1.07552000620969E-05	0	11.66444082661	3906.48046875	
14.661664	2.43957658363375E-03	-1.06276614877125E-05	0	11.76787233127	3906.48046875	
14.66576	2.43984987490922E-03	-1.06611915022594E-05	0	11.78812452048	3906.48046875	
14.669856	2.43892878547828E-03	-1.05733346189625E-05	0	11.82718313139	3906.48046875	
14.673952	2.43758134702844E-03	-1.04219246742187E-05	0	11.94942487244	3906.48046875	
14.678048	2.43465788926937E-03	-1.00786329502031E-05	0	11.97620399624	3859.34375	
14.682144	2.43553353682547E-03	-1.03261735680469E-05	0	11.97989280147	3859.34375	
14.68624	2.43483974820109E-03	-1.04242532776594E-05	0	12.10068496032	3859.34375	
14.690336	2.43461720187641E-03	-1.04063708436187E-05	0	12.13337685362	3859.34375	
14.694432	2.43488189851156E-03	-1.05532497832781E-05	0	12.15774509334	3813.265625	
14.698528	2.43416186880453E-03	-1.04973515218687E-05	0	12.28174540648	3813.265625	
14.702624	2.43163477025563E-03	-1.02223919410594E-05	0	12.33175599238	3813.265625	
14.70672	2.43126830942188E-03	-1.01916313948969E-05	0	12.34245238314	3813.265625	
14.710816	2.43068734830969E-03	-1.03360353370313E-05	0	12.41077729573	3813.265625	
14.714912	2.42868433995516E-03	-1.00746877618406E-05	0	12.51051618047	3768.00390625	
14.719008	2.42849507500359E-03	-1.01988393203812E-05	0	12.5187063199	3768.00390625	
14.723104	2.42763177081391E-03	-1.02062563802719E-05	0	12.61092645065	3768.00390625	
14.7272	2.42625068526156E-03	-1.01666218045219E-05	0	12.69948066431	3768.00390625	
14.731296	2.4238626553075E-03	-9.8552084140125E-06	0	12.72046145931	3768.00390625	
14.735392	2.42533499033891E-03	-1.02581060880375E-05	0	12.75706722455	3722.46484375	
14.739488	2.42437156773281E-03	-1.02254114091938E-05	0	12.87070302496	3722.46484375	
14.743584	2.42523011744062E-03	-1.03840439428687E-05	0	12.90344450923	3722.46484375	
14.74768	2.42484811310844E-03	-1.0427995341225E-05	0	12.94658865313	3722.46484375	
14.751776	2.42340787082969E-03	-1.02461419173094E-05	0	13.06904783151	3722.46484375	
14.755872	2.42014181607859E-03	-9.8152584539625E-06	0	13.1170022995	3675.40625	
14.759968	2.4205681650975E-03	-9.98942799133125E-06	0	13.12560061076	3675.40625	
14.764064	2.41934544036453E-03	-1.00207515177E-05	0	13.24474482353	3675.40625	
14.76816	2.41860529554188E-03	-9.96597777439687E-06	0	13.30810682443	3675.40625	
14.772256	2.41852931526422E-03	-1.01210740135312E-05	0	13.31983318149	3675.40625	
14.776352	2.41823563457609E-03	-1.01549357585156E-05	0	13.44290271027	3629.42578125	
14.780448	2.41616542344891E-03	-9.97092921175312E-06	0	13.51868152712	3629.42578125	
14.784544	2.41528913586641E-03	-9.82950771855937E-06	0	13.51764774613	3629.42578125	
14.78864	2.41516871946969E-03	-1.00600332091875E-05	0	13.49462609198	3629.42578125	
14.792736	2.41291482076391E-03	-9.72967993377187E-06	0	13.54848951478	3629.42578125	
14.796832	2.41330633405984E-03	-9.92452685430937E-06	0	13.62358168743	3629.42578125	
14.800928	2.41247082530266E-03	-9.91938959983125E-06	0	13.58798300035	3629.42578125	
14.805024	2.40984159682578E-03	-9.6778643605875E-06	0	13.60037692816	3629.42578125	
14.80912	2.40256623380125E-03	-8.71175450939062E-06	0	13.58985982783	3629.42578125	
14.813216	2.40040230452172E-03	-8.64869856283125E-06	0	13.58836446935	3629.42578125	
14.817312	2.40213897045891E-03	-9.33218033127187E-06	0	13.58409964593	3629.42578125	
14.821408	2.40451611996406E-03	-9.96115325999062E-06	0	13.57380379762	3629.42578125	
14.825504	2.40229659981953E-03	-9.72742224372188E-06	0	13.57296456582	3629.42578125	
14.8296	2.39731536573203E-03	-8.97186578774062E-06	0	13.56589213056	3629.42578125	
14.833696	2.39474355676703E-03	-8.75490037970625E-06	0	13.55923168182	3629.42578125	
14.837792	2.39425594807781E-03	-8.97649703310937E-06	0	13.54930585844	3629.42578125	
14.841888	2.39332041233656E-03	-9.11008055337187E-06	0	13.54968732744	3629.42578125	
14.845984	2.38992845524813E-03	-8.78293761128437E-06	0	13.54282088544	3629.42578125	
14.85008	2.38605730124609E-03	-8.40787067865937E-06	0	13.52766130738	3629.42578125	
14.854176	2.38390882403266E-03	-8.36661110453437E-06	0	13.52472018139	3629.42578125	
14.858272	2.38448749933625E-03	-8.76903474057187E-06	0	13.51789951567	3629.42578125	
14.862368	2.38597300062516E-03	-9.22760735892187E-06	0	13.5135011781	3629.42578125	
14.866464	2.38516455584172E-03	-9.20816122452187E-06	0	13.50490286684	3629.42578125	
14.87056	2.38300126658859E-03	-8.88950721625312E-06	0	13.5027056054	3629.42578125	
14.874656	0.002382170969475	-8.83023467937187E-06	0	13.50439551307	3629.42578125	
14.878752	2.38223881227406E-03	-8.98211818133437E-06	0	13.50538733247	3629.42578125	
14.882848	2.38162182681844E-03	-8.99032802889375E-06	0	13.50665380955	3629.42578125	
14.886944	2.37968208964578E-03	-8.76888570225937E-06	0	13.50029472132	3629.42578125	
14.89104	2.37851047559297E-03	-8.66506849838437E-06	0	13.49338250304	3629.42578125	
14.895136	2.37877425790469E-03	-8.83637265400312E-06	0	13.48658472546	3629.42578125	
14.899232	2.37916805700922E-03	-9.00755878089375E-06	0	13.48482233868	3629.42578125	
14.903328	2.37756607091437E-03	-8.83304164771875E-06	0	13.48213679692	3629.42578125	
14.907424	2.37462688679219E-03	-8.45325092174062E-06	0	13.47548016287	3629.42578125	
14.91152	2.37306759960188E-03	-8.35938563099063E-06	0	13.46897611642	3629.42578125	
14.915616	2.37324762988672E-03	-8.58409478128125E-06	0	13.46258269598	3629.42578125	
14.919712	2.37384934614094E-03	-8.83366280094375E-06	0	13.45948898239	3629.42578125	
14.923808	2.37284944202969E-03	-8.7680037319875E-06	0	13.45662796489	3629.42578125	
14.927904	2.37016151398813E-03	-8.40943221555937E-06	0	13.4549456866	3629.42578125	
14.932	2.36788420860234E-03	-5.745388485375E-06	0	13.4590274049	3629.42578125	
14.936096	2.36970115213734E-03	0	0	13.46025954977	3629.42578125	
14.940192	2.37872963892094E-03	0	0	13.46073638602	3629.42578125	
14.944288	2.39312374136516E-03	0	0	13.45606339077	3629.42578125	
14.948384	2.4121651669775E-03	0	0	13.45149339215	3629.42578125	
14.95248	2.43615299095438E-03	0	0	13.44433321902	3629.42578125	
14.956576	2.46469387135297E-03	0	0	13.43853870491	3629.42578125	
14.960672	2.49665843586328E-03	0	0	13.43731418942	3629.42578125	
14.964768	2.53051711280672E-03	0	0	13.43444172785	3629.42578125	
14.968864	2.5658007628275E-03	0	0	13.42925756414	3629.42578125	
14.97296	2.60226745594406E-03	0	0	13.4241611383	3629.42578125	
14.977056	0.002638848622355	0	0	13.42486685595	3629.42578125	
14.981152	2.67354043081469E-03	0	0	13.42509955204	3629.42578125	
14.985248	2.70508751524344E-03	0	0	13.4235507879	3629.42578125	
14.989344	2.73333270344234E-03	0	0	13.42181128926	3629.42578125	
14.99344	2.75836907353734E-03	0	0	13.41872139036	3629.42578125	
14.997536	2.77920915621594E-03	0	0	13.41982002108	3629.42578125	
15.001632	2.79429631582578E-03	0	0	13.41982765046	3629.42578125	
15.005728	2.80306641480594E-03	0	0	13.41868324346	3629.42578125	
15.009824	2.80659049163109E-03	0	0	13.41557045642	3629.42578125	
15.01392	0.00280595768838	0	0	13.40952035808	3629.42578125	
15.018016	2.80070188296422E-03	0	0	13.40393946661	3629.42578125	
15.022112	2.78967751954891E-03	0	0	13.39901088713	3629.42578125	
15.026208	2.77286320296562E-03	0	0	13.39527249093	3629.42578125	
15.030304	2.75150469889797E-03	0	0	13.3928043865	3629.42578125	
15.0344	0.00272701866008	0	0	13.39429593029	3629.42578125	
15.038496	2.70026418481359E-03	0	0	13.39486050441	3629.42578125	
15.042592	2.67180239339234E-03	0	0	13.39557766613	3572.2734375	
15.046688	2.64241841535203E-03	0	0	13.39544033729	3572.2734375	
15.050784	2.61310310300188E-03	0	0	13.39062238382	3572.2734375	
15.05488	2.58494578128531E-03	0	0	13.36367922835	3572.2734375	
15.058976	2.55809786216359E-03	0	0	13.30772535543	3572.2734375	
15.063072	2.53375454923422E-03	0	0	13.29023881647	3572.2734375	
15.067168	2.51268972585469E-03	0	0	13.21038209601	3572.2734375	
15.071264	2.49522285663406E-03	0	0	13.15043805735	3572.2734375	
15.07536	2.48132916340719E-03	0	0	13.12314776509	3581.015625	
15.079456	2.46946142805313E-03	4.784177908125E-08	0	12.98621183816	3581.015625	
15.083552	2.46268162833172E-03	4.84832447859375E-07	0	12.95655262341	3581.015625	
15.087648	2.46088361129187E-03	9.41874058125E-09	0	12.87316350001	3581.015625	
15.091744	2.46428114575328E-03	-1.08830732515312E-06	0	12.73232133052	3625.41796875	
15.09584	2.47286984296344E-03	-2.75533137928125E-06	0	12.72643907854	3625.41796875	
15.099936	2.48232879322141E-03	-4.1202160720875E-06	0	12.64919542073	3625.41796875	
15.104032	2.49116143192469E-03	-4.96860248331562E-06	0	12.51439953489	3625.41796875	
15.108128	2.49882007933422E-03	-5.42807870653125E-06	0	12.50022414685	3625.41796875	
15.112224	2.50349602082594E-03	-5.38748908365937E-06	0	12.41646499852	3673.3984375	
15.11632	2.50792244345156E-03	-5.22668010985312E-06	0	12.28006312819	3673.3984375	
15.120416	2.51415044897844E-03	-5.65831501475625E-06	0	12.25593521394	3673.3984375	
15.124512	2.51566676296719E-03	-5.28961346038125E-06	0	12.20070613212	3673.3984375	
15.128608	2.51581671201094E-03	-4.81589085718125E-06	0	12.05866233528	3673.3984375	
15.132704	2.51484478619688E-03	-4.33935118949062E-06	0	12.03165814477	3721.1796875	
15.1368	2.51238242174734E-03	-3.90220787663438E-06	0	11.97540672603	3721.1796875	
15.140896	2.50942312250953E-03	-3.36514831754062E-06	0	11.84729799176	3721.1796875	
15.144992	2.51028002643516E-03	-3.75471667797187E-06	0	11.80522577575	3721.1796875	
15.149088	2.50627876420797E-03	-3.31532601159375E-06	0	11.79911082768	3768	
15.153184	2.50258471465578E-03	-2.88342716464687E-06	0	11.65722343313	3768	
15.15728	2.49921598138266E-03	-2.69461028615625E-06	0	11.62379911935	3768	
15.161376	2.49568394994359E-03	-2.54141140089375E-06	0	11.58878026515	3768	
15.165472	2.49193604674094E-03	-2.26401648598125E-06	0	11.46476469325	3768	
15.169568	2.49417650489219E-03	-3.02145010354687E-06	0	11.40928765658	3814.27734375	
15.173664	2.49248857239422E-03	-3.08536205886562E-06	0	11.41619606017	3814.27734375	
15.17776	2.49230022176609E-03	-3.10056685135312E-06	0	11.29766982718	3814.27734375	
15.181856	2.49251892793234E-03	-3.3227399464875E-06	0	11.21806106157	3814.27734375	
15.185952	2.49192534915672E-03	-3.30971808450937E-06	0	11.19739307115	3814.27734375	
15.190048	2.48916281232266E-03	-2.9214288093375E-06	0	11.09417900382	3862.23828125	
15.194144	2.49126557336422E-03	-3.31425005113125E-06	0	10.9953480153	3862.23828125	
15.19824	2.49045063688438E-03	-3.38295166512187E-06	0	11.03276630951	3862.2421875	
15.202336	2.48924135270594E-03	-3.10967405378437E-06	0	10.95866214157	3862.2421875	
15.206432	2.48924107840891E-03	-3.2389573379625E-06	0	10.85597450146	3862.2421875	
15.210528	2.48868023241234E-03	-3.18580787188125E-06	0	10.85715324067	3862.2421875	
15.214624	2.48699531718172E-03	-3.00598545555E-06	0	10.78787847027	3909.30078125	
15.21872	2.48972036675484E-03	-3.38882401501875E-06	0	10.67345684372	3909.30078125	
15.222816	2.49169429962406E-03	-3.85320720448125E-06	0	10.68421426952	3909.30078125	
15.226912	2.49022105026922E-03	-3.43729776462187E-06	0	10.64765428056	3909.30078125	
15.231008	2.48956420031172E-03	-3.3382889694E-06	0	10.51219082397	3909.30078125	
15.235104	2.48735610921016E-03	-2.9905998940125E-06	0	10.50913525728	3909.30078125	
15.2392	2.48459494386125E-03	-2.71635834133125E-06	0	10.46108542204	3956.34375	
15.243296	2.48378851058937E-03	-2.633449289625E-06	0	10.34787686691	3956.34375	
15.247392	2.48614938513734E-03	-3.27269624653125E-06	0	10.31508197698	3956.34375	
15.251488	2.48468701623141E-03	-3.07309356151875E-06	0	10.3294938758	3956.34375	
15.255584	2.48580285655453E-03	-3.23624123490937E-06	0	10.20754586588	4001.08203125	
15.25968	2.48605456979688E-03	-3.29536906039687E-06	0	10.18217817738	4001.08203125	
15.263776	2.48621466783078E-03	-3.328152441075E-06	0	10.16318865056	4001.08203125	
15.267872	2.48523762180547E-03	-3.07949283396562E-06	0	10.07219684999	4001.08203125	
15.271968	2.48869294150812E-03	-3.62071320620625E-06	0	10.00622941582	4048.34375	
15.276064	0.002486728609035	-3.33676469207812E-06	0	10.03738398905	4048.34375	
15.28016	2.48600547062828E-03	-3.0829017247875E-06	0	9.94942868172	4048.34375	
15.284256	2.48520086600328E-03	-3.04240296720937E-06	0	9.86748532583	4048.34375	
15.288352	2.48498078835188E-03	-3.03689143425937E-06	0	9.88314081359	4094.86328125	
15.292448	2.48369470100469E-03	-2.89620864225E-06	0	9.79157299483	4094.8671875	
15.296544	2.48728607203484E-03	-3.3971341028625E-06	0	9.68162981434	4094.8671875	
15.30064	2.48813182121453E-03	-3.63217978127812E-06	0	9.72148188077	4094.8671875	
15.304736	2.48692079982156E-03	-3.24650829195E-06	0	9.68168703469	4094.8671875	
15.308832	2.48650715989844E-03	-3.19108695314062E-06	0	9.5712860914	4094.8671875	
15.312928	2.48492885478063E-03	-2.93721461085937E-06	0	9.58804783926	4142.0078125	
15.317024	2.48263472584359E-03	-2.70229465347187E-06	0	9.5375642318	4142.0078125	
15.32112	2.48338081376859E-03	-2.79052004601562E-06	0	9.43444171703	4142.0078125	
15.325216	0.002485739676805	-3.35096996633437E-06	0	9.43763842725	4142.0078125	
15.329312	2.48426240442703E-03	-3.06243684140625E-06	0	9.44182314218	4142.0078125	
15.333408	2.48511363954734E-03	-3.17250500056875E-06	0	9.33290992799	4187.20703125	
15.337504	2.4843601456025E-03	-3.05475992600625E-06	0	9.30683652184	4187.20703125	
15.3416	2.48395244878172E-03	-3.01968327839062E-06	0	9.2928137214	4187.20703125	
15.345696	2.48320517223625E-03	-2.85935940025313E-06	0	9.19055332657	4187.20703125	
15.349792	2.48614883654328E-03	-3.3577764499125E-06	0	9.12667252783	4187.20703125	
15.353888	2.48421147661156E-03	-3.08289259018125E-06	0	9.17157905851	4232.78515625	
15.357984	2.48394019684766E-03	-2.9390518686375E-06	0	9.08099542977	4232.78515625	
15.36208	2.48337825366297E-03	-2.93575307385937E-06	0	9.02453420308	4232.78515625	
15.366176	2.48330519922031E-03	-2.92937447446875E-06	0	9.03557773063	4232.78515625	
15.370272	2.48213596240844E-03	-2.7943202826E-06	0	8.97187622232	4280.20703125	
15.374368	2.4857499172275E-03	-3.26491861007812E-06	0	8.87941195141	4280.20703125	
15.378464	2.48662547335125E-03	-3.47683089816562E-06	0	8.91864222337	4280.20703125	
15.38256	2.48648841626797E-03	-3.22577297614687E-06	0	8.88098741838	4280.20703125	
15.386656	2.48716903863484E-03	-3.31882216194375E-06	0	8.77941748244	4280.20703125	
15.390752	2.48673848372812E-03	-3.13962330268125E-06	0	8.79845660023	4326.0078125	
15.394848	2.48606755318969E-03	-3.05392939799062E-06	0	8.75718928381	4326.0078125	
15.398944	2.48766533339672E-03	-3.14398675985625E-06	0	8.64142870107	4326.0078125	
15.40304	0.00249063459876	-3.6563261513625E-06	0	8.64771912488	4326.0078125	
15.407136	2.48959647592906E-03	-3.33799401777187E-06	0	8.66160078179	4326.0078125	
15.411232	2.49096594957375E-03	-3.41819009142187E-06	0	8.55362979603	4326.0078125	
15.415328	2.49090094117734E-03	-3.33859978639687E-06	0	8.5387639491	4372.828125	
15.419424	2.49126868206391E-03	-3.3464533843125E-06	0	8.52012918845	4372.828125	
15.42352	2.49072118518953E-03	-3.16328289440625E-06	0	8.43999018093	4372.828125	
15.427616	2.49358667484266E-03	-3.57113945770312E-06	0	8.39015125608	4372.828125	
15.431712	2.49098707044516E-03	-3.19432204605937E-06	0	8.43693461424	4372.828125	
15.435808	2.49018621454625E-03	-2.96995063581562E-06	0	8.37462928247	4416.80859375	
15.439904	2.48880970061109E-03	-2.88217740628125E-06	0	8.30051748515	4416.80859375	
15.444	2.4887693789475E-03	-2.9047172875875E-06	0	8.32959686702	4416.80859375	
15.448096	2.4878565184275E-03	-2.86189377271875E-06	0	8.25580931835	4416.80859375	
15.452192	2.49145950136531E-03	-3.31977312253125E-06	0	8.15614291272	4464.1875	
15.456288	2.49242118675688E-03	-3.55905918132187E-06	0	8.19573176554	4464.1875	
15.460384	2.49172986680578E-03	-3.25772799226875E-06	0	8.17960325622	4464.1875	
15.46448	2.49160954184141E-03	-3.23141479742812E-06	0	8.06757725499	4464.1875	
15.468576	2.49042403007234E-03	-2.99923474114687E-06	0	8.09314330737	4464.1875	
15.472672	2.48901441762875E-03	-2.88074471540625E-06	0	8.05848303403	4510.52734375	
15.476768	2.48975181948109E-03	-2.90665646834062E-06	0	7.9682770596	4510.52734375	
15.480864	2.49271468458031E-03	-3.45977658829687E-06	0	7.96267709468	4510.52734375	
15.48496	2.49162947409234E-03	-3.21342346926562E-06	0	7.9854050177	4510.52734375	
15.489056	2.49304512107063E-03	-3.33593873136562E-06	0	7.89203285057	4510.52734375	
15.493152	2.49259390245422E-03	-3.22395014143125E-06	0	7.87567927454	4556.96875	
15.497248	2.49279477931344E-03	-3.22070399083125E-06	0	7.8804247489	4556.97265625	
15.501344	2.49198459731547E-03	-3.03174696825E-06	0	7.79900400554	4556.97265625	
15.50544	2.49531575189531E-03	-3.4857609373125E-06	0	7.73261695547	4556.97265625	
15.509536	2.49376542507469E-03	-3.2927284380375E-06	0	7.79031032703	4601.390625	
15.513632	2.49355403349594E-03	-3.11213006094375E-06	0	7.72722298381	4601.390625	
15.517728	2.49363988846672E-03	-3.16248866443125E-06	0	7.6511618799	4601.390625	
15.521824	2.49445857367266E-03	-3.22470566952187E-06	0	7.67879549426	4601.390625	
15.52592	2.49435379220672E-03	-3.21840399313125E-06	0	7.62473752227	4601.390625	
15.530016	2.49802854953437E-03	-3.56966902648125E-06	0	7.52955337739	4601.390625	
15.534112	2.49986469386156E-03	-3.84764687350312E-06	0	7.57184303073	4648.1328125	
15.538208	2.49975287210516E-03	-3.5724993121125E-06	0	7.56264581314	4648.1328125	
15.542304	2.50089888510172E-03	-3.6440588559375E-06	0	7.46526822151	4648.1328125	
15.5464	2.50068456768797E-03	-3.4790109440625E-06	0	7.48196511964	4648.1328125	
15.550496	2.50054284755516E-03	-3.42594801635625E-06	0	7.45696364138	4694.4921875	
15.554592	2.50171757030766E-03	-3.42512181525937E-06	0	7.36514405308	4694.4921875	
15.558688	2.50509882981187E-03	-3.907998015075E-06	0	7.35133868997	4694.4921875	
15.562784	2.5039047234025E-03	-3.62219685856875E-06	0	7.39742014517	4694.4921875	
15.56688	2.50508584641906E-03	-3.62868795784687E-06	0	7.31205882704	4694.4921875	
15.570976	2.50552133867234E-03	-3.62798050663125E-06	0	7.2778944634	4741.41015625	
15.575072	2.50677112737906E-03	-3.71429460300937E-06	0	7.27781435491	4741.41015625	
15.579168	2.50639396896109E-03	-3.56413057048125E-06	0	7.21013031024	4741.41015625	
15.583264	2.50976791387781E-03	-3.91312829840625E-06	0	7.14430783429	4741.41015625	
15.58736	2.50856374991063E-03	-3.75437725523437E-06	0	7.19659579012	4786.171875	
15.591456	2.50805218594734E-03	-3.49586885989687E-06	0	7.15309688005	4786.17578125	
15.595552	2.50766487853922E-03	-3.4762071007125E-06	0	7.07947717774	4786.17578125	
15.599648	2.50771278908734E-03	-3.42768359154375E-06	0	7.11840608919	4786.17578125	
15.603744	2.50712734779031E-03	-3.3991187162625E-06	0	7.06907070342	4786.17578125	
15.60784	2.50991466278953E-03	-3.65869081245937E-06	0	6.977830948	4831.6953125	
15.611936	2.51182505017984E-03	-3.99723614699062E-06	0	7.01114082108	4831.6953125	
15.616032	2.51052241357844E-03	-3.6432896259375E-06	0	7.01570700501	4831.6953125	
15.620128	2.5108886915475E-03	-3.64009323490312E-06	0	6.91395396395	4831.6953125	
15.624224	2.50994529262469E-03	-3.46307778691875E-06	0	6.92675987828	4831.6953125	
15.62832	2.50952479527578E-03	-3.44395184450625E-06	0	6.91114635211	4879.09375	
15.632416	2.50944058608719E-03	-3.36362764598437E-06	0	6.82993923139	4879.09375	
15.636512	2.51276643759109E-03	-3.86988819741562E-06	0	6.80299226123	4879.09375	
15.640608	2.51136240252047E-03	-3.65256413589375E-06	0	6.85169059377	4879.09375	
15.644704	2.51266842211859E-03	-3.70058908786875E-06	0	6.77553030792	4879.09375	
15.6488	2.51284954959156E-03	-3.70874749317187E-06	0	6.72870880286	4924.89453125	
15.652896	2.51424499002187E-03	-3.8101577283E-06	0	6.76156472783	4924.89453125	
15.656992	2.51412987670109E-03	-3.732355883025E-06	0	6.6836039083	4924.89453125	
15.661088	2.51776193512422E-03	-4.07887837304062E-06	0	6.61007957324	4924.89453125	
15.665184	2.51733979199313E-03	-4.03334188011562E-06	0	6.68018594606	4924.89453125	
15.66928	2.51676788268297E-03	-3.7367799170625E-06	0	6.65342208102	4971.453125	
15.673376	2.51743607025109E-03	-3.80804883617812E-06	0	6.55996599071	4971.453125	
15.677472	2.51838815524656E-03	-3.84110601465937E-06	0	6.59525950259	4971.453125	
15.681568	2.51856370534656E-03	-3.86064205281562E-06	0	6.55288211138	4971.453125	
15.685664	2.52136080360656E-03	-4.03722024162187E-06	0	6.46112737281	4971.453125	
15.68976	2.52405412615641E-03	-4.41777226491562E-06	0	6.4793654057	5015.49609375	
15.693856	2.52311795038875E-03	-4.082290148475E-06	0	6.5072889365	5015.49609375	
15.697952	0.002523752125125	-4.05416493621562E-06	0	6.41017837317	5015.49609375	
15.702048	2.52275020950219E-03	-3.8368730862E-06	0	6.41529005777	5015.49609375	
15.706144	2.52244839133547E-03	-3.79214765015625E-06	0	6.4191314506	5015.49609375	
15.71024	2.52210204561734E-03	-3.67462276768125E-06	0	6.3403199552	5062.81640625	
15.714336	2.52553130710203E-03	-4.14913166817187E-06	0	6.29269736524	5062.81640625	
15.718432	2.52423187063266E-03	-3.9776623684875E-06	0	6.36878135729	5062.81640625	
15.722528	2.52485287911141E-03	-3.91921987885312E-06	0	6.2979768962	5062.81640625	
15.726624	2.52516850356203E-03	-3.95655325498125E-06	0	6.2452960273	5109.17578125	
15.73072	2.52625343975297E-03	-4.02927529764375E-06	0	6.27519938221	5109.17578125	
15.734816	2.52547452761656E-03	-3.90340138505625E-06	0	6.22045095133	5109.17578125	
15.738912	2.52850688129703E-03	-4.15955954235937E-06	0	6.13861440676	5109.17578125	
15.743008	2.52878520135141E-03	-4.25719021395937E-06	0	6.19148982485	5109.17578125	
15.747104	2.52797876807953E-03	-3.96798906085312E-06	0	6.1784245116	5109.17578125	
15.7512	2.52834769758656E-03	-4.01725511735625E-06	0	6.09106048122	5155.35546875	
15.755296	2.52834943480109E-03	-3.93667947677812E-06	0	6.11951806862	5155.35546875	
15.759392	2.52852672211562E-03	-3.97985827975312E-06	0	6.10087567859	5155.35546875	
15.763488	2.53037557553859E-03	-4.07930289184688E-06	0	6.00567246026	5155.35546875	
15.767584	2.53345437684969E-03	-4.5091618369875E-06	0	6.01813886718	5199.45703125	
15.77168	2.53230900387953E-03	-4.22502293843437E-06	0	6.06246556498	5199.45703125	
15.775776	2.53339357434109E-03	-4.23235297918125E-06	0	5.97566992341	5199.45703125	
15.779872	2.53337921946312E-03	-4.18068500200312E-06	0	5.96029290802	5199.45703125	
15.783968	2.53382120341281E-03	-4.188520811475E-06	0	5.96641167078	5199.45703125	
15.788064	2.53340792921906E-03	-4.04160052570313E-06	0	5.89967748392	5199.45703125	
15.79216	2.5372680199075E-03	-4.46891307915937E-06	0	5.84812957795	5246.578125	
15.796256	2.53685328279625E-03	-4.40530785430313E-06	0	5.91354006738	5246.578125	
15.800352	2.53764892705156E-03	-4.31168559215625E-06	0	5.87491251644	5246.578125	
15.804448	2.53840790693703E-03	-4.37689706540625E-06	0	5.7957348108	5246.578125	
15.808544	2.53999425810109E-03	-4.45410371896875E-06	0	5.83945497289	5292.69921875	
15.81264	2.54024551418172E-03	-4.43960493539062E-06	0	5.78994792607	5292.69921875	
15.816736	2.54335595108375E-03	-4.64126146450312E-06	0	5.70541821036	5292.69921875	
15.820832	2.54423763317453E-03	-4.76969282645625E-06	0	5.74936343916	5292.69921875	
15.824928	2.54274097713969E-03	-4.36677784475625E-06	0	5.7636914148	5292.69921875	
15.829024	2.54368209025391E-03	-4.42610278543125E-06	0	5.66923587571	5339.81640625	
15.83312	2.54420060307531E-03	-4.43088907872187E-06	0	5.70176373734	5339.81640625	
15.837216	2.54483596643203E-03	-4.50756424243125E-06	0	5.68134370177	5339.81640625	
15.841312	2.54610367587812E-03	-4.51670245444687E-06	0	5.60106355072	5339.81640625	
15.845408	2.55005419315453E-03	-5.00013514409062E-06	0	5.58605274557	5339.81640625	
15.849504	2.54916172204719E-03	-4.76768513615625E-06	0	5.64161370542	5384.0390625	
15.8536	2.55013748801969E-03	-4.71122533684687E-06	0	5.56186761097	5384.0390625	
15.857696	2.54945055682109E-03	-4.562120437875E-06	0	5.5324830539	5384.0390625	
15.861792	2.54977349585922E-03	-4.52973753756563E-06	0	5.56673134072	5384.0390625	
15.865888	2.54930289358594E-03	-4.42097803094062E-06	0	5.5050172859	5384.0390625	
15.869984	2.55306853466328E-03	-4.82927281495313E-06	0	5.43744386724	5430.078125	
15.87408	2.55264300853547E-03	-4.80694471228125E-06	0	5.51023578182	5430.078125	
15.878176	2.55272922923562E-03	-4.62321773254687E-06	0	5.47771936426	5430.078125	
15.882272	2.55387405361172E-03	-4.75094500866563E-06	0	5.4024784187	5430.078125	
15.886368	2.55521134307141E-03	-4.82222330277187E-06	0	5.43899263138	5477.05859375	
15.890464	2.55500900329469E-03	-4.7726288812125E-06	0	5.4040805885	5477.05859375	
15.89456	2.5573772838625E-03	-4.88037588885E-06	0	5.32277810053	5477.05859375	
15.898656	2.55930038034859E-03	-5.15594508443437E-06	0	5.35972718787	5477.05859375	
15.902752	2.55841997831062E-03	-4.8579807189375E-06	0	5.38100934338	5477.05859375	
15.906848	2.55952594394062E-03	-4.9225998850875E-06	0	5.29589216541	5477.05859375	
15.910944	2.55968147035734E-03	-4.85328865632187E-06	0	5.30729045913	5523.21875	
15.91504	2.56042417528562E-03	-4.9214652708375E-06	0	5.30462399082	5523.21875	
15.919136	2.56137178009625E-03	-4.89051554217187E-06	0	5.23051600819	5523.21875	
15.923232	2.56541235823125E-03	-5.35401531905625E-06	0	5.20401917145	5523.21875	
15.927328	2.56462174275484E-03	-5.1530419623375E-06	0	5.26864383474	5523.21875	
15.931424	2.56576364129594E-03	-5.09922326615625E-06	0	5.21611173875	5569.01953125	
15.93552	2.56624914704125E-03	-5.10307831037812E-06	0	5.17076651872	5569.01953125	
15.939616	2.56712223449172E-03	-5.11287156981562E-06	0	5.19600832245	5569.01953125	
15.943712	2.56639927894969E-03	-4.95552533293125E-06	0	5.1508233194	5569.01953125	
15.947808	2.56951757903328E-03	-5.22051136602187E-06	0	5.08017144591	5613.7578125	
15.951904	2.56980988823625E-03	-5.2881639426E-06	0	5.13975690371	5613.7578125	
15.956	2.56981592277094E-03	-5.10159826378125E-06	0	5.128850705	5613.7578125	
15.960096	2.57097281621641E-03	-5.21204070141562E-06	0	5.04533951152	5613.7578125	
15.964192	2.57215375636828E-03	-5.25339066006562E-06	0	5.08346733807	5613.7578125	
15.968288	2.57273691185672E-03	-5.28994158505312E-06	0	5.06050671896	5613.7578125	
15.972384	2.57493787123547E-03	-5.37965471649375E-06	0	4.97680860567	5660.859375	
15.97648	2.57723309736063E-03	-5.66364361519687E-06	0	4.99729730566	5660.859375	
15.980576	2.57594298699031E-03	-5.336396586675E-06	0	5.03558916388	5660.859375	
15.984672	2.57686316209781E-03	-5.33389033918125E-06	0	4.95019351354	5660.859375	
15.988768	0.002577125207195	-5.30906512362188E-06	0	4.95324145085	5660.859375	
15.992864	2.57786324907375E-03	-5.36327228095312E-06	0	4.96454056263	5707.30078125	
15.99696	2.57840910016594E-03	-5.31525886742812E-06	0	4.88977645332	5707.30078125	
16.001056	2.58273897023656E-03	-5.79356031220312E-06	0	4.86011342388	5707.30078125	
16.005152	2.58272415819688E-03	-5.73118513419375E-06	0	4.92605796991	5707.30078125	
16.009248	2.58381394030203E-03	-5.64901502405625E-06	0	4.87679887794	5707.30078125	
16.013344	2.58448496227281E-03	-5.66300900044687E-06	0	4.81225813783	5753.3203125	
16.01744	0.00258551357614	-5.66205515524688E-06	0	4.86493519204	5753.3203125	
16.021536	2.58528709822453E-03	-5.56434131065312E-06	0	4.80982436561	5753.3203125	
16.025632	2.58833389821531E-03	-5.78670262675313E-06	0	4.73543028123	5753.3203125	
16.029728	2.58919208219375E-03	-5.91218879934375E-06	0	4.79243700859	5753.3203125	
16.033824	2.58871398246828E-03	-5.65162367529375E-06	0	4.80634536833	5797.30078125	
16.03792	2.59057335061078E-03	-5.8095509212125E-06	0	4.71467455294	5797.30078125	
16.042016	2.59185907222859E-03	-5.87217129128437E-06	0	4.75020076091	5797.30078125	
16.046112	2.59265873950703E-03	-5.90718255435E-06	0	4.72938399758	5797.30078125	
16.050208	2.59417541922516E-03	-5.90376380776875E-06	0	4.65197249341	5797.30078125	
16.054304	2.59720649285281E-03	-6.24748846404375E-06	0	4.65620679931	5844.6796875	
16.0584	2.59587898665391E-03	-5.94026305011562E-06	0	4.71099719178	5844.6796875	
16.062496	2.59680665921359E-03	-5.90690442962812E-06	0	4.63201785002	5844.6796875	
16.066592	2.59673634774125E-03	-5.8575479886E-06	0	4.61852910618	5844.6796875	
16.070688	2.59723319109719E-03	-5.86219269549375E-06	0	4.64829894694	5890.51953125	
16.074784	2.59738469449078E-03	-5.80338337930312E-06	0	4.58667262999	5890.51953125	
16.07888	2.60150783603219E-03	-6.24249880557187E-06	0	4.52020547143	5890.51953125	
16.082976	0.002601830957935	-6.26231513190937E-06	0	4.6073444351	5890.51953125	
16.087072	2.60226873599688E-03	-6.1088275450125E-06	0	4.56885039831	5890.51953125	
16.091168	2.60309116992891E-03	-6.1544323071E-06	0	4.50083447561	5937.6796875	
16.095264	2.60379638759625E-03	-6.14932726412812E-06	0	4.54648105615	5937.6796875	
16.09936	2.60304325938078E-03	-6.03066969047812E-06	0	4.51128291152	5937.6796875	
16.103456	2.60511173329344E-03	-6.14681861279062E-06	0	4.42714992357	5937.6796875	
16.107552	2.60604900624922E-03	-6.33380015657812E-06	0	4.4824896314	5937.6796875	
16.111648	2.60467834398406E-03	-6.01441369711875E-06	0	4.4999609116	5981.48046875	
16.115744	2.60563024611484E-03	-6.1103400435E-06	0	4.41028899377	5981.48046875	
16.11984	2.60590088585234E-03	-6.10393956913125E-06	0	4.43054881236	5981.48046875	
16.123936	2.60613166108797E-03	-6.14061837860625E-06	0	4.43647684062	5981.48046875	
16.128032	2.60678485375172E-03	-6.10765759425937E-06	0	4.35206919499	5981.48046875	
16.132128	2.60980202966312E-03	-6.50036825924062E-06	0	4.34007580963	6028.19921875	
16.136224	2.60813220076922E-03	-6.23147333582812E-06	0	4.41292494456	6028.19921875	
16.14032	2.60831927134453E-03	-6.13497463425E-06	0	4.34707576578	6028.19921875	
16.144416	2.60797347422047E-03	-6.10501096229062E-06	0	4.31639039942	6028.19921875	
16.148512	2.60798051451094E-03	-6.09393645413437E-06	0	4.34467632577	6028.19921875	
16.152608	2.60713933694844E-03	-5.96836566624375E-06	0	4.2945398551	6074.8984375	
16.156704	2.61080120231563E-03	-6.3799311200625E-06	0	4.23538164258	6074.8984375	
16.1608	2.61106882478578E-03	-6.47265722925937E-06	0	4.3035806704	6074.8984375	
16.164896	2.61115541121531E-03	-6.3063936936E-06	0	4.29430715901	6074.8984375	
16.168992	2.61180668379984E-03	-6.3703099758375E-06	0	4.20856055719	6121.1015625	
16.173088	2.61204559651406E-03	-6.31996988194687E-06	0	4.25809812153	6121.1015625	
16.177184	2.61106471033031E-03	-6.199341877575E-06	0	4.2312922949	6121.1015625	
16.18128	2.61226494270672E-03	-6.23185170083437E-06	0	4.14693424024	6121.1015625	
16.185376	2.61327746448141E-03	-6.46539665959687E-06	0	4.17606321308	6121.1015625	
16.189472	2.61128305076719E-03	-6.13942487018437E-06	0	4.22016484417	6166.37890625	
16.193568	2.61186465190578E-03	-6.20621807262188E-06	0	4.13183188253	6166.37890625	
16.197664	2.61180320937078E-03	-6.22241565257812E-06	0	4.14974566677	6166.37890625	
16.20176	2.61169467917875E-03	-6.24453462084375E-06	0	4.15385790259	6166.37890625	
16.205856	2.61152269494016E-03	-6.1638255669375E-06	0	4.08617767261	6166.37890625	
16.209952	2.61437803560313E-03	-6.5572713273375E-06	0	4.06253803868	6211.55859375	
16.214048	2.61227948044938E-03	-6.30776821145625E-06	0	4.13062644049	6211.55859375	
16.218144	2.61160635553469E-03	-6.1261813738125E-06	0	4.07696901095	6211.55859375	
16.22224	2.61041252342234E-03	-6.0529891393125E-06	0	4.02579112991	6211.55859375	
16.226336	2.60973729556375E-03	-5.99889664532812E-06	0	4.08021531214	6211.55859375	
16.230432	2.60842542429562E-03	-5.90565226741875E-06	0	4.02069470407	6211.55859375	
16.234528	0.00261109122571	-6.23710193596875E-06	0	3.94579708061	6258.640625	
16.238624	2.61133169277406E-03	-6.39926643726562E-06	0	4.02347942777	6258.640625	
16.24272	2.61031478224687E-03	-6.15795153435E-06	0	4.02523799986	6258.640625	
16.246816	2.61096660342547E-03	-6.25675263747187E-06	0	3.93183150052	6258.640625	
16.250912	2.61091695566281E-03	-6.2363447251875E-06	0	3.97713857365	6258.640625	
16.255008	2.60992372611266E-03	-6.1479005828625E-06	0	3.95503625979	6305.078125	
16.259104	2.61069093490906E-03	-6.15253783784062E-06	0	3.87594247733	6305.078125	
16.2632	2.61259025898578E-03	-6.49522499515312E-06	0	3.89383718812	6305.078125	
16.267296	2.61059511381281E-03	-6.18324742251562E-06	0	3.95156870658	6305.078125	
16.271392	2.61112176411281E-03	-6.21134018288437E-06	0	3.87646890455	6350.71875	
16.275488	2.61059813108016E-03	-6.16775032262812E-06	0	3.86490276447	6350.71875	
16.279584	2.61064704738406E-03	-6.19602289050937E-06	0	3.89277288961	6350.71875	
16.28368	2.61017525649031E-03	-6.10643956663125E-06	0	3.82086598311	6350.71875	
16.287776	2.61352936058844E-03	-6.52930573030312E-06	0	3.77086684128	6350.71875	
16.291872	2.61235280918906E-03	-6.4215772322625E-06	0	3.85856656438	6395.01953125	
16.295968	2.61171351424156E-03	-6.205972640175E-06	0	3.81340063478	6395.01953125	
16.300064	2.61116857747281E-03	-6.17898757100625E-06	0	3.7588429384	6395.01953125	
16.30416	2.61094063663984E-03	-6.14279169374062E-06	0	3.8030170486	6395.01953125	
16.308256	2.60959749551016E-03	-6.02785286637187E-06	0	3.76907393698	6395.01953125	
16.312352	2.61177833977328E-03	-6.25114206615937E-06	0	3.69068968686	6442.4375	
16.316448	2.61248300884656E-03	-6.465045458025E-06	0	3.75313616216	6442.4375	
16.320544	2.61138316918359E-03	-6.21133273096875E-06	0	3.76667831166	6442.4375	
16.32464	2.61185294856578E-03	-6.28667376139687E-06	0	3.67118517689	6442.4375	
16.328736	2.61135775099203E-03	-6.20407961322187E-06	0	3.70735225278	6442.4375	
16.332832	2.61033992614141E-03	-6.15014048446875E-06	0	3.71144922984	6442.4375	
16.336928	2.60990763402016E-03	-6.04494179159062E-06	0	3.61826016783	6488.3984375	
16.341024	2.61140776448406E-03	-6.36209772443437E-06	0	3.63118433755	6488.3984375	
16.34512	2.60846803176781E-03	-6.01028100894375E-06	0	3.70000515984	6488.3984375	
16.349216	2.60819218038672E-03	-5.96706013870312E-06	0	3.62629771966	6488.3984375	
16.353312	2.60769945148625E-03	-6.00726394465312E-06	0	3.60685424473	6535.71875	
16.357408	2.60753423324109E-03	-6.060838169925E-06	0	3.63275980452	6535.71875	
16.361504	2.60615689641484E-03	-5.91361091330625E-06	0	3.57616506368	6535.71875	
16.3656	2.60861825510859E-03	-6.25207788253125E-06	0	3.53033156333	6535.71875	
16.369696	2.60695052915859E-03	-6.15774264032812E-06	0	3.60313873667	6535.71875	
16.373792	2.60522849239641E-03	-5.87171167635937E-06	0	3.58106694033	6579.359375	
16.377888	2.60356716671047E-03	-5.77491682123125E-06	0	3.51102160255	6579.359375	
16.381984	2.60217684649141E-03	-5.67184985699062E-06	0	3.56423652805	6579.359375	
16.38608	2.60021607987969E-03	-5.56808842229062E-06	0	3.52937789083	6579.359375	
16.390176	2.60194680271453E-03	-5.81723480775937E-06	0	3.45121870742	6626.3984375	
16.394272	2.60259652094922E-03	-6.106949662275E-06	0	3.49875355951	6626.3984375	
16.398368	2.60030266630922E-03	-5.77329735169687E-06	0	3.53508085238	6626.3984375	
16.402464	2.60026682483047E-03	-5.81079947765625E-06	0	3.44177353498	6626.3984375	
16.40656	2.59977482738875E-03	-5.79986775781875E-06	0	3.47238260754	6626.3984375	
16.410656	2.59902105914687E-03	-5.80105165086562E-06	0	3.47075373491	6626.3984375	
16.414752	2.59836448348641E-03	-5.69190704847187E-06	0	3.40263481558	6673.0390625	
16.418848	2.60033174179453E-03	-6.046607414925E-06	0	3.39151499423	6673.0390625	
16.422944	2.59798567928625E-03	-5.78758219318125E-06	0	3.4608393556	6673.0390625	
16.42704	2.59826591941984E-03	-5.78142426664687E-06	0	3.40598792809	6673.0390625	
16.431136	2.59776907606391E-03	-5.80703890449375E-06	0	3.365700987	6673.0390625	
16.435232	2.59765387131078E-03	-5.81567615547187E-06	0	3.41610067128	6719.91796875	
16.439328	2.59657570111328E-03	-5.70007651145625E-06	0	3.36558273161	6719.91796875	
16.443424	2.59947063198109E-03	-6.0414660739125E-06	0	3.29330961487	6719.91796875	
16.44752	2.59949376436406E-03	-6.147941928975E-06	0	3.38567088915	6719.91796875	
16.451616	2.59775051529813E-03	-5.81229250500937E-06	0	3.36157730711	6764.81640625	
16.455712	2.59716114241031E-03	-5.77036225847812E-06	0	3.28665298082	6764.81640625	
16.459808	2.5961182650975E-03	-5.6586106875375E-06	0	3.334801998	6764.81640625	
16.463904	2.59447303150406E-03	-5.545996377075E-06	0	3.31285227174	6764.81640625	
16.468	2.59550521123266E-03	-5.653680884775E-06	0	3.23691323791	6764.81640625	
16.472096	2.59657231811656E-03	-5.96676879284062E-06	0	3.27865739058	6810.45703125	
16.476192	2.59400572079516E-03	-5.60375617508437E-06	0	3.30938471853	6810.45703125	
16.480288	2.59390989969891E-03	-5.6191405347E-06	0	3.23360208699	6810.45703125	
16.484384	2.59304942991187E-03	-5.57755956666562E-06	0	3.23882058291	6810.45703125	
16.48848	2.59225332849484E-03	-5.56818722026875E-06	0	3.25701283952	6810.45703125	
16.492576	2.59107567990734E-03	-5.42872005204375E-06	0	3.18946993838	6857.09765625	
16.496672	2.59252991133469E-03	-5.72562167821875E-06	0	3.16061562322	6857.09765625	
16.500768	2.58922115767906E-03	-5.39939051406562E-06	0	3.24729682409	6857.09765625	
16.504864	2.58810010571234E-03	-5.25359739062812E-06	0	3.20074997671	6857.09765625	
16.50896	2.58707140041281E-03	-5.28787115443125E-06	0	3.15521783687	6857.09765625	
16.513056	2.58637020576859E-03	-5.30000647883438E-06	0	3.19486391004	6903.8359375	
16.517152	2.58420499643625E-03	-5.14184606007187E-06	0	3.15355081734	6903.8359375	
16.521248	2.58603199752906E-03	-5.40583377685312E-06	0	3.08304008738	6903.8359375	
16.525344	2.58502569315375E-03	-5.47941014558437E-06	0	3.14671489286	6903.8359375	
16.52944	2.5827033116225E-03	-5.1459073540875E-06	0	3.15157480792	6903.8359375	
16.533536	2.58126517228766E-03	-5.10359369447812E-06	0	3.06915080109	6949.13671875	
16.537632	2.57929581103563E-03	-4.9402383289875E-06	0	3.1158006451	6949.13671875	
16.541728	2.57746003243781E-03	-4.88910520704375E-06	0	3.1084764403	6949.13671875	
16.545824	0.00257767819001	-4.96587051489375E-06	0	3.02919192334	6949.13671875	
16.54992	2.57916981726594E-03	-5.36811939149062E-06	0	3.03861420764	6993.85546875	
16.554016	2.57658420201703E-03	-5.06513507909062E-06	0	3.10549335272	6993.85546875	
16.558112	2.57660367710625E-03	-5.09137303362187E-06	0	3.02532764237	6993.85546875	
16.562208	2.57609275316937E-03	-5.10026340934687E-06	0	3.02639957026	6993.85546875	
16.566304	2.57586526949812E-03	-5.14196745418125E-06	0	3.04495040773	6993.85546875	
16.5704	2.57440939228859E-03	-4.95917989658437E-06	0	2.99728585618	7041.23828125	
16.574496	2.57675728344375E-03	-5.29929446031562E-06	0	2.95448121969	7041.23828125	
16.578592	2.57491647606703E-03	-5.15529556585312E-06	0	3.02557941191	7041.23828125	
16.582688	2.57453611751703E-03	-5.03361732214688E-06	0	2.99508859474	7041.23828125	
16.586784	2.57412878642562E-03	-5.07821246985937E-06	0	2.93197836338	7086.875	
16.59088	2.57403159384422E-03	-5.07463963689375E-06	0	2.98426631921	7086.875	
16.594976	2.57266385741406E-03	-4.97279142143437E-06	0	2.94819842526	7086.875	
16.599072	2.57466933444188E-03	-5.17300300006875E-06	0	2.87077547702	7086.875	
16.603168	2.57487706872688E-03	-5.3416552352625E-06	0	2.93490041592	7086.875	
16.607264	2.57279177126297E-03	-4.98891400146562E-06	0	2.95843705322	7134.07421875	
16.61136	2.57238087431016E-03	-4.98078299998125E-06	0	2.87323976676	7134.07421875	
16.615456	2.57144780724219E-03	-4.90013500370625E-06	0	2.90925044036	7134.07421875	
16.619552	2.57036744266844E-03	-4.874447048625E-06	0	2.89915677062	7134.07421875	
16.623648	0.00257014709072	-4.82520839594063E-06	0	2.83252939508	7134.07421875	
16.627744	2.57216774551688E-03	-5.21687963888437E-06	0	2.83413156488	7134.07421875	
16.63184	2.56965957346312E-03	-4.91935205179687E-06	0	2.89224455234	7177.6953125	
16.635936	2.56955241475625E-03	-4.88316122260313E-06	0	2.83119425358	7177.6953125	
16.640032	2.56874067840844E-03	-4.86476100061875E-06	0	2.8084129249	7177.6953125	
16.644128	2.56867640147078E-03	-4.90931768683125E-06	0	2.8514044812	7177.6953125	
16.648224	2.56715880742922E-03	-4.761227931075E-06	0	2.79574433941	7177.6953125	
16.65232	2.56897693958469E-03	-5.0089305679875E-06	0	2.73039107033	7224.99609375	
16.656416	2.56728461833422E-03	-4.9192671961125E-06	0	2.81241072002	7224.99609375	
16.660512	2.56608374593141E-03	-4.704989525775E-06	0	2.80151215069	7224.99609375	
16.664608	2.56635328848078E-03	-4.83677929783125E-06	0	2.72851424285	7224.99609375	
16.668704	2.56643064024359E-03	-4.87961290884375E-06	0	2.77958912726	7271.3359375	
16.6728	2.56530300514813E-03	-4.80549639642188E-06	0	2.75598001085	7271.3359375	
16.676896	2.56701169278813E-03	-4.94434938256875E-06	0	2.68061699521	7271.3359375	
16.680992	2.56888843307594E-03	-5.29535600271562E-06	0	2.71785981368	7271.3359375	
16.685088	2.56752490253359E-03	-5.02612406040937E-06	0	2.75359964429	7271.3359375	
16.689184	2.56778319890469E-03	-5.01681060818437E-06	0	2.67113749056	7317.57421875	
16.69328	2.56689283074125E-03	-4.87585017222187E-06	0	2.68347801271	7317.57421875	
16.697376	2.56674480177672E-03	-4.88360497215937E-06	0	2.71052416481	7317.57421875	
16.701472	2.56671005748609E-03	-4.83444853093125E-06	0	2.62719226176	7317.57421875	
16.705568	2.56974817140422E-03	-5.25318537180937E-06	0	2.60660437983	7317.57421875	
16.709664	0.00256828040799	-5.06994493005E-06	0	2.69541799241	7362.0546875	
16.71376	2.56883997393375E-03	-5.01154354614375E-06	0	2.64115402716	7362.0546875	
16.717856	2.56966716234766E-03	-5.13206457946875E-06	0	2.59250528559	7362.0546875	
16.721952	2.57046545814094E-03	-5.18557991056875E-06	0	2.63818619834	7362.0546875	
16.726048	2.56942706101297E-03	-5.0233478612625E-06	0	2.59504586913	7408.61328125	
16.730144	2.57184316069656E-03	-5.22064333704375E-06	0	2.52775473753	7408.61328125	
16.73424	2.57173819636594E-03	-5.27852765415937E-06	0	2.5968120706	7408.61328125	
16.738336	2.57092033405109E-03	-5.02999905653437E-06	0	2.60290794522	7408.61328125	
16.742432	2.57143345236422E-03	-5.10886748728125E-06	0	2.51695153545	7408.61328125	
16.746528	2.57168361125672E-03	-5.09705980678125E-06	0	2.5654553188	7454.93359375	
16.750624	2.57139148491844E-03	-5.09078457267188E-06	0	2.54854479803	7454.93359375	
16.75472	2.57285833400922E-03	-5.15501816228437E-06	0	2.46900851153	7454.93359375	
16.758816	2.57527909674234E-03	-5.52320962101562E-06	0	2.48176864958	7454.93359375	
16.762912	2.57367144184219E-03	-5.21486473705312E-06	0	2.55262651633	7454.93359375	
16.767008	2.57411049995688E-03	-5.19387389265937E-06	0	2.46275241993	7454.93359375	
16.771104	2.57346105601922E-03	-5.10255042629062E-06	0	2.47343355193	7501.8515625	
16.7752	2.57310245836703E-03	-5.074116079725E-06	0	2.49014189413	7501.8515625	
16.779296	2.57183648613547E-03	-4.88723189160937E-06	0	2.43238367284	7501.8515625	
16.783392	2.57467463751781E-03	-5.26579425343125E-06	0	2.39113542987	7501.8515625	
16.787488	0.00257301440902	-5.13426145227187E-06	0	2.47105318537	7501.8515625	
16.791584	2.57275199819344E-03	-5.00048802835312E-06	0	2.43149866476	7546.671875	
16.79568	2.57248062699719E-03	-5.03756539512187E-06	0	2.37391591921	7546.671875	
16.799776	2.57257461944656E-03	-5.03927717225625E-06	0	2.42604365806	7546.671875	
16.803872	2.57125104483844E-03	-4.92261767353125E-06	0	2.39052889416	7546.671875	
16.807968	2.57299968841266E-03	-5.06827113364687E-06	0	2.30770053019	7592.03125	
16.812064	2.57276233004828E-03	-5.16599892053437E-06	0	2.37391591921	7592.03125	
16.81616	2.57091786537781E-03	-4.84316006068125E-06	0	2.38758395348	7592.03125	
16.820256	2.57137255842328E-03	-4.9403364058125E-06	0	2.30639209152	7592.03125	
16.824352	2.57150550105109E-03	-4.97255632551562E-06	0	2.3430970387	7592.03125	
16.828448	2.57142248048297E-03	-5.01595580134687E-06	0	2.33047422949	7639.4296875	
16.832544	2.57257242507031E-03	-5.06160046724062E-06	0	2.25977276503	7639.4296875	
16.83664	2.57600196085203E-03	-5.53418893695937E-06	0	2.27062937277	7639.4296875	
16.840736	2.57523685499953E-03	-5.34724513351875E-06	0	2.32218109343	7639.4296875	
16.844832	2.57647494036625E-03	-5.37093140790937E-06	0	2.26407573535	7639.4296875	
16.848928	2.57631255652375E-03	-5.3035148887875E-06	0	2.24129440667	7684.9921875	
16.853024	2.57649496404953E-03	-5.26603271473125E-06	0	2.27502389565	7684.9921875	
16.85712	2.57609924486578E-03	-5.1465246611625E-06	0	2.21920353688	7684.9921875	
16.861216	2.57959872639047E-03	-5.52584423376563E-06	0	2.16089981492	7684.9921875	
16.865312	0.002579348841795	-5.51096059480312E-06	0	2.23841431572	7684.9921875	
16.869408	2.57939346077875E-03	-5.34521364516562E-06	0	2.23012117966	7731.4296875	
16.873504	2.58032387630875E-03	-5.43801162929062E-06	0	2.14938326581	7731.4296875	
16.8776	2.58125054311266E-03	-5.4735397187625E-06	0	2.19765435307	7731.4296875	
16.881696	2.58065092980234E-03	-5.38167538755E-06	0	2.16810194964	7731.4296875	
16.885792	2.58218443307172E-03	-5.428015725825E-06	0	2.09335309909	7731.4296875	
16.889888	2.58308604741344E-03	-5.6065482396E-06	0	2.12944388118	7775.58984375	
16.893984	2.58116743111219E-03	-5.25298296816563E-06	0	2.16249054065	7775.58984375	
16.89808	2.58141621851953E-03	-5.27136516132187E-06	0	2.08233245968	7775.58984375	
16.902176	2.58079045555891E-03	-5.20127773140937E-06	0	2.1023900997	7775.58984375	
16.906272	2.58056836639594E-03	-5.21988540510937E-06	0	2.11358621485	7822.7890625	
16.910368	2.58044154973516E-03	-5.160927531375E-06	0	2.04069893302	7822.7890625	
16.914464	2.58333419479438E-03	-5.56631919329062E-06	0	2.01699063467	7822.7890625	
16.91856	2.58169920162344E-03	-5.37254679090937E-06	0	2.09342176351	7822.7890625	
16.922656	2.58163839911484E-03	-5.26731468460312E-06	0	2.03357690679	7822.7890625	
16.926752	2.58106978136906E-03	-5.24483489939062E-06	0	1.99514771973	7869.1484375	
16.930848	2.58072791583578E-03	-5.20401186329062E-06	0	2.03093714131	7869.1484375	
16.934944	2.57907454476375E-03	-5.03629424254687E-06	0	1.98198322454	7869.1484375	
16.93904	2.58142655037437E-03	-5.29729878923437E-06	0	1.92455688128	7869.1484375	
16.943136	2.5812638008025E-03	-5.40623137260937E-06	0	1.9896660102	7869.1484375	
16.947232	2.58052722184125E-03	-5.2054640253E-06	0	1.98248294893	7915.328125	
16.951328	2.58086158992234E-03	-5.29790624055E-06	0	1.90615100203	7915.328125	
16.955424	2.58063785497719E-03	-5.240377451925E-06	0	1.94807063044	7915.328125	
16.95952	2.57984586801563E-03	-5.19762220621875E-06	0	1.92302719059	7915.328125	
16.963616	2.58058857294391E-03	-5.2135803633375E-06	0	1.84117157257	7915.328125	
16.967712	2.58153416624297E-03	-5.44472604565312E-06	0	1.86609294234	7915.328125	
16.971808	2.57876001750125E-03	-5.05919421964687E-06	0	1.92053619802	7959.53125	
16.975904	2.57826299128062E-03	-5.00974330755937E-06	0	1.83671219996	7959.53125	
16.98	2.57713288751188E-03	-4.94588015026875E-06	0	1.84278900113	7959.53125	
16.984096	2.57661016880266E-03	-4.97816689682812E-06	0	1.84899550176	7959.53125	
16.988192	2.57556893727203E-03	-4.87107710007187E-06	0	1.78763239842	8006.62890625	
16.992288	2.57840050552563E-03	-5.28957692195625E-06	0	1.75437974569	8006.62890625	
16.996384	2.57671577315969E-03	-5.14556721019687E-06	0	1.81925236383	8006.62890625	
17.00048	2.57651590205625E-03	-5.03530049354062E-06	0	1.77362104205	8006.62890625	
17.004576	2.57549304842672E-03	-4.98616568690625E-06	0	1.72196251007	8006.62890625	
17.008672	2.57471258194047E-03	-4.9037460577875E-06	0	1.76897474963	8006.62890625	
17.012768	0.002572502387895	-4.71674672555625E-06	0	1.72760443658	8006.62890625	
17.016864	2.57397865451719E-03	-4.89389294264062E-06	0	1.64610739942	8052.6484375	
17.02096	2.57355733427719E-03	-5.02206180485625E-06	0	1.71457345554	8052.6484375	
17.025056	2.57191420362766E-03	-4.77314354415937E-06	0	1.71760994878	8052.6484375	
17.029152	0.002571928924235	-4.85384682884062E-06	0	1.62393642114	8052.6484375	
17.033248	2.57139514221219E-03	-4.8287884404375E-06	0	1.6648451567	8099.80859375	
17.037344	2.57008391097047E-03	-4.77044066224688E-06	0	1.64668341761	8099.80859375	
17.04144	2.56975557742406E-03	-4.69248617289375E-06	0	1.56169975379	8099.80859375	
17.045536	2.57100920628922E-03	-5.00174644055625E-06	0	1.57883152658	8099.80859375	
17.049632	2.56767530873906E-03	-4.62057446595937E-06	0	1.62619090293	8099.80859375	
17.053728	2.56669195388203E-03	-4.53114570923438E-06	0	1.55590905437	8144.06640625	
17.057824	2.56474883371266E-03	-4.42264485619687E-06	0	1.53049940428	8144.06640625	
17.06192	2.56382390412328E-03	-4.43331744167812E-06	0	1.56302726591	8144.06640625	
17.066016	2.56215087509734E-03	-4.32772812419062E-06	0	1.49445821316	8144.06640625	
17.070112	2.56440358518266E-03	-4.69666092833437E-06	0	1.44036590896	8190.06640625	
17.074208	2.56259002464438E-03	-4.62719657472187E-06	0	1.51985641918	8190.06640625	
17.078304	2.56123417441891E-03	-4.40678549705625E-06	0	1.48545554476	8190.06640625	
17.0824	2.56058875350438E-03	-4.44149892388125E-06	0	1.41018408168	8190.06640625	
17.086496	2.55967049847609E-03	-4.38477229791562E-06	0	1.45595654699	8190.06640625	
17.090592	2.55752778150031E-03	-4.2415351815375E-06	0	1.41822163351	8237.16796875	
17.094688	2.55845481403359E-03	-4.35182473470937E-06	0	1.3374684609	8237.1640625	
17.098784	2.55879859964609E-03	-4.58843820001875E-06	0	1.38119243768	8237.1640625	
17.10288	2.55692569951672E-03	-4.32827499864375E-06	0	1.40333289844	8237.1640625	
17.106976	2.55707537426344E-03	-4.41631697790938E-06	0	1.3059591215	8237.1640625	
17.111072	2.55613508404031E-03	-4.3429110417E-06	0	1.33200582482	8237.1640625	
17.115168	2.55531557594328E-03	-4.33257138857812E-06	0	1.3291142898	8283.125	
17.119264	2.55497837345953E-03	-4.27043371033125E-06	0	1.25318670004	8283.125	
17.12336	2.5571607720725E-03	-4.6476943907625E-06	0	1.23019174872	8283.125	
17.127456	2.55466631487031E-03	-4.37125404220312E-06	0	1.29853192007	8283.125	
17.131552	2.55448015861844E-03	-4.29031926736875E-06	0	1.22367244351	8283.125	
17.135648	2.55413829308516E-03	-4.31990986277812E-06	0	1.19861755959	8329.0859375	
17.139744	2.55467564096938E-03	-4.40688621810937E-06	0	1.22328334513	8329.0859375	
17.14384	2.55414460191687E-03	-4.35560309631562E-06	0	1.17451253348	8329.0859375	
17.147936	2.55794361579969E-03	-4.75400990944688E-06	0	1.11080339579	8329.0859375	
17.152032	2.55838486829063E-03	-4.8676287862125E-06	0	1.16948858675	8373.7265625	
17.156128	2.55868056049031E-03	-4.70992726122187E-06	0	1.14748926952	8373.7265625	
17.160224	2.55944072899625E-03	-4.78036396963125E-06	0	1.06810175593	8373.7265625	
17.16432	2.55987649554656E-03	-4.72406234324062E-06	0	1.10585192817	8373.7265625	
17.168416	2.55938623531938E-03	-4.65805808232187E-06	0	1.07385812314	8373.7265625	
17.172512	2.56091041248969E-03	-4.70001789613125E-06	0	0.9945278299	8420.9453125	
17.176608	2.56240807428031E-03	-4.95103903934062E-06	0	1.02305026703	8420.9453125	
17.180704	2.56099763894562E-03	-4.65429366300938E-06	0	1.05545605858	8420.9453125	
17.1848	2.56232752238547E-03	-4.761493315425E-06	0	0.96778303831	8420.9453125	
17.188896	2.56258938461797E-03	-4.76446302399375E-06	0	0.97228055782	8420.9453125	
17.192992	2.56280196481719E-03	-4.7809019498625E-06	0	0.97182279502	8467.18359375	
17.197088	2.5620878782125E-03	-4.59715477784062E-06	0	0.90157527867	8467.18359375	
17.201184	2.56486367273641E-03	-4.92197536648125E-06	0	0.87384629706	8467.18359375	
17.20528	2.56259560201734E-03	-4.66339677890625E-06	0	0.93160833304	8467.18359375	
17.209376	2.56181449550469E-03	-4.4775964839375E-06	0	0.88692686907	8513.28125	
17.213472	2.55995851035891E-03	-4.33702859565937E-06	0	0.82501826506	8513.28125	
17.217568	2.55885464767281E-03	-4.24072989388125E-06	0	0.86467959699	8513.28125	
17.221664	2.55667279765391E-03	-4.09576201000312E-06	0	0.81290662431	8513.28125	
17.22576	2.55802005323906E-03	-4.29442599403125E-06	0	0.73269513768	8513.28125	
17.229856	2.55652824311844E-03	-4.32561250130625E-06	0	0.79210130505	8557.3046875	
17.233952	2.55391282092547E-03	-3.99554480252812E-06	0	0.78243488059	8557.3046875	
17.238048	2.55302684151453E-03	-4.0269796268625E-06	0	0.6954942808	8557.3046875	
17.242144	2.55175739485391E-03	-3.97910828050313E-06	0	0.73284391059	8557.3046875	
17.24624	2.54962071241281E-03	-3.89484273976875E-06	0	0.70787294985	8557.3046875	
17.250336	2.54895225054766E-03	-3.8369663553375E-06	0	0.62884401712	8557.3046875	
17.254432	2.54998269306172E-03	-4.15852709146875E-06	0	0.63863251166	8604.82421875	
17.258528	2.54780404317484E-03	-3.94227826925625E-06	0	0.67421593998	8604.82421875	
17.262624	2.54838866158078E-03	-4.05183008278125E-06	0	0.59480172356	8604.82421875	
17.26672	2.54809040927547E-03	-4.08379207005E-06	0	0.57692990091	8604.82421875	
17.270816	2.54856649748938E-03	-4.18454653660312E-06	0	0.60347632862	8604.82421875	
17.274912	0.002548475430875	-4.14626099796562E-06	0	0.53320592413	8650.6015625	
17.279008	0.00255192499034	-4.55089496833125E-06	0	0.4725637972	8650.6015625	
17.283104	2.55094410415625E-03	-4.4528080471875E-06	0	0.54846849882	8650.6015625	
17.2872	2.55085934637359E-03	-4.30052262255E-06	0	0.50478266894	8650.6015625	
17.291296	2.55103462217656E-03	-4.33244350409062E-06	0	0.43511498547	8697.72265625	
17.295392	2.55129785589422E-03	-4.32502283843437E-06	0	0.47565751079	8697.72265625	
17.299488	2.55000253388031E-03	-4.18690759193437E-06	0	0.4299918568	8697.72265625	
17.303584	2.55166047656953E-03	-4.30270723575E-06	0	0.35159234792	8697.72265625	
17.30768	2.55121264094984E-03	-4.3765869695625E-06	0	0.39799042239	8697.72265625	
17.311776	2.54780322028375E-03	-3.91078623344063E-06	0	0.41181485895	8741.58203125	
17.315872	2.54471298992969E-03	-3.66522542130937E-06	0	0.31668411973	8741.58203125	
17.319968	2.53907518018172E-03	-3.15653025692812E-06	0	0.34685450294	8741.58203125	
17.324064	2.53188512353391E-03	-2.62951419740625E-06	0	0.33357938174	8741.58203125	
17.32816	2.52379838989094E-03	-1.98770161806562E-06	0	0.25608395439	8741.58203125	
17.332256	2.51720959233562E-03	-1.78880974965E-06	0	0.24542571053	8788.16015625	
17.336352	2.50533033650625E-03	-9.94596841940625E-07	0	0.30890978151	8788.16015625	
17.340448	2.4957504212575E-03	-5.0149997926875E-07	0	0.23524048823	8788.16015625	
17.344544	2.48493543790938E-03	-6.7162192453125E-08	0	0.21869236301	8788.16015625	
17.34864	2.47444631943438E-03	3.2791121055E-07	0	0.24089004412	8788.16015625	
17.352736	2.46233573977531E-03	8.4758713318125E-07	0	0.18912470082	8834.98046875	
17.356832	2.45406577571547E-03	9.411654049875E-07	0	0.13003515272	8834.98046875	
17.360928	2.44239663141203E-03	1.25259442048125E-06	0	0.20453604842	8834.98046875	
17.365024	2.43081453069984E-03	1.76495568696562E-06	0	0.17692150751	8834.98046875	
17.36912	2.41998235807109E-03	1.9989547318125E-06	0	0.10521296489	8834.98046875	
17.373216	2.40905390718437E-03	2.32696257688125E-06	0	0.15619248205	8881.01953125	
17.377312	2.39762824721234E-03	2.61400099176562E-06	0	0.13026784881	8881.01953125	
17.381408	2.38831092565484E-03	2.8037962346625E-06	0	0.05101766406	8881.01953125	
17.385504	2.37833977140719E-03	2.87201467605938E-06	0	0.09375745082	8881.01953125	
17.3896	2.36464823509234E-03	3.53799910622812E-06	0	0.12803625516	8926.33984375	
17.393696	2.35247054409297E-03	3.94433956527187E-06	0	0.04462424362	8926.33984375	
17.397792	2.33828481596016E-03	4.508612799075E-06	0	0.06966386878	8926.33984375	
17.401888	2.32328643715609E-03	5.07656199074062E-06	0	0.07325730676	8926.33984375	
17.405984	2.30707831701187E-03	5.80846750883437E-06	0	0.00532530724	8926.33984375	
17.41008	2.29373778946469E-03	6.05072808388125E-06	0	0.00290297909	8926.33984375	
17.414176	2.27594523823562E-03	6.76844755846875E-06	0	0.0703810305	8971.71875	
17.418272	2.26176015012922E-03	7.16409019167187E-06	0	0.02618403216	8971.71875	
17.422368	2.24875746509219E-03	7.30037178615937E-06	0	-0.01172635706	8971.71875	
17.426464	2.23959000114609E-03	7.14657097842187E-06	0	0.04345694848	8971.71875	
17.43056	2.23284613433578E-03	6.81504871379062E-06	0	-0.00398253636	8971.71875	
17.434656	2.23424815789484E-03	5.837942238975E-06	0	-0.06380450494	9018.91796875	
17.438752	2.23706966859063E-03	4.79855818220625E-06	0	0.02385707126	9018.91796875	
17.442848	2.24333305843453E-03	3.88934394719062E-06	0	0.03420632523	9018.91796875	
17.446944	2.25402305376875E-03	2.64189880040625E-06	0	-0.03630059004	9018.91796875	
17.45104	2.26678088298922E-03	1.53142563203437E-06	0	0.02154155443	9065.31640625	
17.455136	2.28032612755406E-03	5.2907014400625E-07	0	0.01072690828	9065.31640625	
17.459232	2.29671546660359E-03	-4.15835401471875E-07	0	-0.05514134395	9065.31640625	
17.463328	2.31383571580906E-03	-1.45839060891562E-06	0	-0.01774593788	9065.31640625	
17.467424	2.32656940689078E-03	-1.71877256007187E-06	0	0.03970329352	9065.31640625	
17.47152	2.34051256501562E-03	-2.08711690326562E-06	0	-0.0262450672	9065.31640625	
17.475616	2.35180317941594E-03	-2.19206679831563E-06	0	-0.00788877892	9110.9765625	
17.479712	2.36197676487266E-03	-2.2349439189E-06	0	0.02633280507	9110.9765625	
17.483808	2.36966805362891E-03	-2.01695014650937E-06	0	-0.0308226952	9110.9765625	
17.487904	2.37924522590734E-03	-2.1635680287375E-06	0	-0.03161615072	9110.9765625	
17.492	2.38361496047984E-03	-1.85286112790625E-06	0	0.17673840239	9110.9765625	
17.496096	2.38773170175719E-03	-1.55215277476875E-06	0	0.04086677397	9110.9765625	
17.500192	2.38992269501047E-03	-1.22250286403437E-06	0	-0.01166532202	9110.9765625	
17.504288	2.39206952644172E-03	-9.91694440996875E-07	0	0.03480904625	9110.9765625	
17.508384	2.39322696848125E-03	-7.21212980709375E-07	0	-0.01157758415	9110.9765625	
17.51248	2.40235831665156E-03	-1.32020084325937E-06	0	0.01084134898	9110.9765625	
17.516576	2.40341490881594E-03	-1.37232506998125E-06	0	-0.0174712802	9110.9765625	
17.520672	2.39957347032563E-03	-5.1158025765E-07	0	-0.00137710309	9110.9765625	
17.524768	2.39621333169281E-03	-1.436537025E-08	0	-0.01488873507	9110.9765625	
17.528864	2.39586332868094E-03	1.4486764359375E-07	0	-0.01397702416	9110.9765625	
17.53296	2.39841858839172E-03	-2.20372616165625E-07	0	-0.00687025669	9110.9765625	
17.537056	2.39880635296156E-03	-2.72663429259375E-07	0	-0.01644894328	9110.9765625	
17.541152	2.39818772172375E-03	-2.0590412101875E-07	0	-0.0056838881	9110.9765625	
17.545248	2.39588353522891E-03	9.32229837E-08	0	-0.01222608145	9110.9765625	
17.549344	2.39918168273266E-03	-1.97488504434375E-07	0	-0.00823210102	9110.9765625	
17.55344	2.40105101700062E-03	-4.705851063375E-07	0	-0.00107192789	9110.9765625	
17.557536	2.40181685431187E-03	-4.58880069965625E-07	0	-0.00042343059	9110.9765625	
17.561632	2.4011786565525E-03	-3.49503737034375E-07	0	0.00101089285	9110.9765625	
17.565728	2.39942077831156E-03	-1.069316238375E-07	0	-0.00367736116	9110.9765625	
17.569824	2.39902441910141E-03	-3.24691983E-08	0	0.0029754582	9110.9765625	
17.57392	2.40006309052641E-03	-1.61569790353125E-07	0	0.0032424865	9110.9765625	
17.578016	2.39997540690875E-03	-2.0012239603125E-07	0	-0.00621413001	9110.9765625	
17.582112	2.39893518113391E-03	-7.1296803703125E-08	0	-0.00598143392	9110.9765625	
17.586208	2.3997713299175E-03	-1.3584265261875E-07	0	-0.01554486175	9110.9765625	
17.590304	2.40173090790875E-03	-3.345304347E-07	0	-0.01433941971	9110.9765625	
17.5944	2.40271097120141E-03	-4.3460870000625E-07	0	-0.01259229169	9110.9765625	
17.598496	2.40183029486641E-03	-3.005948917125E-07	0	-0.00814054846	9110.9765625	
17.602592	2.40041300210594E-03	-1.22851800225E-07	0	-0.00717543189	9110.9765625	
17.606688	2.40044436339984E-03	-8.422683885E-08	0	-0.00872801072	9110.9765625	
17.610784	2.40266306065328E-03	-3.109766121E-07	0	-0.00382613407	9110.9765625	
17.61488	2.40351365574719E-03	-4.16111362734375E-07	0	-0.00284957343	9110.9765625	
17.618976	2.40273254923453E-03	-3.06209068790625E-07	0	0.00514220212	9110.9765625	
17.623072	2.40131150774797E-03	-1.28473188834375E-07	0	0.00156783759	9110.9765625	
17.627168	0.00240184135818	-1.38715967053125E-07	0	0.00141524999	9110.9765625	
17.631264	2.4039201639475E-03	-3.5007897684375E-07	0	0.00159072573	9110.9765625	
17.63536	2.40555588857719E-03	-4.97585319721875E-07	0	-0.00594328702	9110.9765625	
17.639456	2.40533553662875E-03	-4.52610845465625E-07	0	-0.01401898575	9110.9765625	
17.643552	2.40331671047875E-03	-1.50195282496875E-07	0	-0.01745983613	9110.9765625	
17.647648	2.40183331213375E-03	0	0	-0.01409146486	9110.9765625	
17.651744	2.40114875817609E-03	0	0	-0.01096723375	9110.9765625	
17.65584	2.40066919553313E-03	0	0	-0.00597761923	9110.9765625	
17.659936	2.40025820714797E-03	0	0	-0.00242232815	9110.9765625	
17.664032	2.40074398719031E-03	0	0	-0.00621413001	9110.9765625	
17.668128	0.00240229778844	0	0	-0.00123214487	9110.9765625	
17.672224	0.00240358515584	0	0	-0.00349044135	9110.9765625	
17.67632	2.40437449126359E-03	0	0	-0.00091934029	9110.9765625	
17.680416	2.40429083066906E-03	0	0	-0.00012588477	9110.9765625	
17.684512	2.40454729839328E-03	0	0	-0.00435256129	9110.9765625	
17.688608	2.40622389328063E-03	0	0	-0.00288009095	9110.9765625	
17.692704	2.40801157846563E-03	0	0	-0.00719069065	9110.9765625	
17.6968	2.40953740141813E-03	0	0	-0.00666426343	9110.9765625	
17.700896	2.41096621465391E-03	0	0	-0.00928877015	9110.9765625	
17.704992	2.41319368941234E-03	0	0	-0.0113296293	9110.9765625	
17.709088	2.41653673019688E-03	0	0	-0.01109693321	9110.9765625	
17.713184	2.42007872776141E-03	0	0	-0.01202390288	9110.9765625	
17.71728	2.42267312051531E-03	0	0	-0.00723265224	9110.9765625	
17.721376	2.42419949206187E-03	0	0	-0.00747297771	9110.9765625	
17.725472	2.42644753909766E-03	0	0	-0.0004959097	9110.9765625	
17.729568	2.42959528039594E-03	0	0	0.00081252897	9110.9765625	
17.733664	2.43341285504453E-03	0	0	0.00195693597	9110.9765625	
17.73776	2.43715682665641E-03	0	0	-0.00050353908	9110.9765625	
17.741856	2.44091899330469E-03	0	0	-0.00581740225	9110.9765625	
17.745952	2.44518998094594E-03	0	0	-0.00766371221	9110.9765625	
17.750048	2.44941964116781E-03	0	0	-0.00872419603	9110.9765625	
17.754144	2.45315181800734E-03	0	0	-0.00837324455	9110.9765625	
17.75824	2.45637517385391E-03	0	0	-0.00970457136	9110.9765625	
17.762336	2.45992823473203E-03	0	0	-0.01097867782	9110.9765625	
17.766432	2.46399560254375E-03	0	0	-0.00891493053	9110.9765625	
17.770528	2.46829520850859E-03	0	0	-0.00821302757	9110.9765625	
17.774624	2.47233560377891E-03	0	0	-0.00479506533	9110.9765625	
17.77872	2.47641266341906E-03	0	0	-0.00287627626	9173.58984375	
17.782816	2.48125702328797E-03	0	0	-0.00113677762	9173.58984375	
17.786912	2.48670657384016E-03	0	0	0.00479888002	9173.58984375	
17.791008	2.4924881152325E-03	0	0	0.03895179959	9173.58984375	
17.795104	2.49792779109156E-03	0	0	0.05047979277	9173.5859375	
17.7992	2.50255673635859E-03	0	0	0.03341286971	9173.5859375	
17.803296	2.50709799800797E-03	0	0	0.04293052126	9173.5859375	
17.807392	2.51199932022703E-03	0	0	0.03712456308	9173.5859375	
17.811488	2.51850262854094E-03	0	0	0.01039503025	9173.5859375	
17.815584	2.52613064611531E-03	-3.27871066359375E-07	0	-0.03242105031	9156.34765625	
17.81968	2.53218776459172E-03	-6.30025571896875E-07	0	0.01207730854	9156.34765625	
17.823776	2.53820730437484E-03	-5.75461203384375E-07	0	0.03898994649	9156.34765625	
17.827872	2.54300942250094E-03	-5.16914146546875E-07	0	-0.04290000374	9156.34765625	
17.831968	2.54703089127609E-03	-4.54993775775E-07	0	-0.00543974794	9110.34765625	
17.836064	2.54937475940813E-03	-3.76294575628125E-07	0	0.02501292233	9110.34765625	
17.84016	2.55226411290297E-03	-2.9745306793125E-07	0	-0.0374602558	9110.34765625	
17.844256	2.55659718310563E-03	-2.64766321771875E-07	0	0.02598185359	9110.34765625	
17.848352	2.55868494924281E-03	-2.313228456E-07	0	0.06993089708	9110.34765625	
17.852448	2.55988381013406E-03	-1.5971762874375E-07	0	0.01305386918	9063.60546875	
17.856544	2.56457785522984E-03	-1.4750898710625E-07	0	0.02339167908	9063.60546875	
17.86064	2.56955323764734E-03	-1.7114069424375E-07	0	0.08871443064	9063.60546875	
17.864736	2.57839108799422E-03	-2.4749254096875E-07	0	0.04535284941	9063.60546875	
17.868832	2.59074039750281E-03	-4.0581113265E-07	0	0.06880937822	9063.60546875	
17.872928	2.60409692571016E-03	-6.0231862845E-07	0	0.14929552253	9014.52734375	
17.877024	2.61755476095437E-03	-7.78671577096875E-07	0	0.10305766504	9014.52734375	
17.88112	2.63860824672328E-03	-1.03517997443437E-06	0	0.08515151018	9014.52734375	
17.885216	2.66213150296156E-03	-1.3779034297875E-06	0	0.18354762404	9014.52734375	
17.889312	2.68976208294578E-03	-1.75105594125E-06	0	0.14880724221	9014.52734375	
17.893408	2.72249422198187E-03	-2.20138650053437E-06	0	0.14741106567	9014.52734375	
17.897504	2.75673243458422E-03	-2.67795549511875E-06	0	0.25413846249	8967.5859375	
17.9016	2.79181785928375E-03	-3.12866778479062E-06	0	0.23344376924	8967.5859375	
17.905696	2.83324091689031E-03	-3.62571103774687E-06	0	0.18898355729	8967.5859375	
17.909792	2.87396881438734E-03	-4.14444321132187E-06	0	0.2854913996	8967.5859375	
17.913888	2.91442140909734E-03	-4.59065141895937E-06	0	0.29236928567	8967.5859375	
17.917984	2.95844023094297E-03	-5.05396201334062E-06	0	0.26517817535	8919.86328125	
17.92208	3.00064786949125E-03	-5.50173055595625E-06	0	0.37192083093	8919.86328125	
17.926176	0.003039061888665	-5.83715041284375E-06	0	0.38380740497	8919.86328125	
17.930272	3.07978256300688E-03	-6.14638279591875E-06	0	0.33069929079	8919.86328125	
17.934368	3.11911529437063E-03	-6.46536925577812E-06	0	0.4116813448	8874.6640625	
17.938464	3.15443853459625E-03	-6.68870917666875E-06	0	0.42866434468	8874.6640625	
17.94256	3.19039000645578E-03	-6.88586787374062E-06	0	0.40388030375	8874.6640625	
17.946656	3.22253158398359E-03	-7.05757323088125E-06	0	0.4929723887	8874.6640625	
17.950752	3.24670794145328E-03	-7.06712634632812E-06	0	0.52904791203	8874.6640625	
17.954848	3.26932729754125E-03	-6.99365694864375E-06	0	0.50269221882	8827.64453125	
17.958944	3.28867108991437E-03	-6.90698299685625E-06	0	0.53208440527	8827.64453125	
17.96304	3.30225930768078E-03	-6.73129206677812E-06	0	0.61503483932	8827.64453125	
17.967136	3.31423950481766E-03	-6.5124925259625E-06	0	0.57704434161	8827.64453125	
17.971232	3.32372835345203E-03	-6.31854296029687E-06	0	0.62089038847	8780.24609375	
17.975328	3.32397046629828E-03	-5.98861444407187E-06	0	0.7096467807	8780.24609375	
17.979424	3.32163190124219E-03	-5.56904443095E-06	0	0.67666878565	8780.24609375	
17.98352	3.31703806599516E-03	-5.1698255994E-06	0	0.67384972974	8780.24609375	
17.987616	3.30705255686953E-03	-4.72674960016875E-06	0	0.76729056129	8780.24609375	
17.991712	3.29347622530781E-03	-4.22551861101562E-06	0	0.75028085858	8733.6640625	
17.995808	3.2789408598925E-03	-3.76115561384062E-06	0	0.74525691185	8733.6640625	
17.999904	3.25829269370344E-03	-3.25802414581875E-06	0	0.85336522645	8733.66015625	
18.004	3.23466099870547E-03	-2.68305452848125E-06	0	0.85798481604	8733.66015625	
18.008096	3.21320283338313E-03	-2.2106987508375E-06	0	0.81373822673	8733.66015625	
18.012192	3.18964282134266E-03	-1.7964520497E-06	0	0.90333385076	8688	
18.016288	3.16519326402984E-03	-1.3840688082375E-06	0	0.92970098804	8688	
18.020384	3.14424867418234E-03	-1.08481790556562E-06	0	0.89351865339	8688	
18.02448	3.12227583619703E-03	-8.59036881346875E-07	0	0.99700356371	8688	
18.028576	3.09822272952672E-03	-5.8496335734375E-07	0	1.02158924076	8642.33984375	
18.032672	3.07842433554047E-03	-3.856274989875E-07	0	0.97836117368	8642.33984375	
18.036768	3.06143620607172E-03	-3.19647997659375E-07	0	1.03325456278	8642.33984375	
18.040864	3.04514433390063E-03	-2.8183000663125E-07	0	1.08161338791	8642.33984375	
18.04496	3.03386478281391E-03	-3.33353753184375E-07	0	1.05556668459	8642.33984375	
18.049056	3.02536797510922E-03	-4.86901676559375E-07	0	1.10889986548	8642.33984375	
18.053152	3.01663408333719E-03	-6.2603447011875E-07	0	1.1750771076	8594.8203125	
18.057248	3.01156900579047E-03	-7.78381673540625E-07	0	1.15765160368	8594.8203125	
18.061344	3.01082282643312E-03	-1.03799391392813E-06	0	1.13687298725	8594.8203125	
18.06544	3.00992697232906E-03	-1.28675856900937E-06	0	1.23690560312	8594.8203125	
18.069536	3.01232908286406E-03	-1.5390032686875E-06	0	1.21950298734	8594.8203125	
18.073632	3.01782343526469E-03	-1.85513059679062E-06	0	1.21923214435	8548.7421875	
18.077728	3.02138618797125E-03	-2.11871350628438E-06	0	1.32428489226	8548.7421875	
18.081824	3.02504220166844E-03	-2.29872702819375E-06	0	1.32405601086	8548.7421875	
18.08592	3.03307352731109E-03	-2.5391118839625E-06	0	1.28035110753	8548.7421875	
18.090016	3.04114846618172E-03	-2.80854070107187E-06	0	1.38096355628	8548.7421875	
18.094112	3.04929051639266E-03	-3.02491764815625E-06	0	1.37903332314	8502.0390625	
18.098208	3.05961752532219E-03	-3.26170394983125E-06	0	1.3515065201	8502.0390625	
18.102304	3.06772766564516E-03	-3.4638859591875E-06	0	1.44854841901	8502.0390625	
18.1064	3.07278012552844E-03	-3.540786843825E-06	0	1.47221857046	8502.0390625	
18.110496	3.07950643732875E-03	-3.60121899493125E-06	0	1.43492997571	8502.0390625	
18.114592	3.08489491107531E-03	-3.6748626712875E-06	0	1.47127252734	8458.0390625	
18.118688	3.08711945999875E-03	-3.65024610936562E-06	0	1.53894894263	8458.0390625	
18.122784	3.09019533547484E-03	-3.61173629210625E-06	0	1.50264072321	8458.0390625	
18.12688	3.09226801527531E-03	-3.5984348631E-06	0	1.54111950124	8458.0390625	
18.130976	3.08947731727937E-03	-3.47242561410937E-06	0	1.62732386586	8458.0390625	
18.135072	3.08624545822484E-03	-3.29078444959687E-06	0	1.59745865785	8410.37890625	
18.139168	3.08377870502281E-03	-3.16934707103437E-06	0	1.58330615795	8410.37890625	
18.143264	3.0780003637625E-03	-3.00810588612187E-06	0	1.67727341672	8410.37890625	
18.14736	3.07184029246703E-03	-2.8176741054E-06	0	1.65497273898	8410.37890625	
18.151456	3.06578929995766E-03	-2.67206343370312E-06	0	1.65330953414	8410.37890625	
18.155552	3.05585746161781E-03	-2.467657147725E-06	0	1.75551270862	8410.37890625	
18.159648	0.00304440153754	-2.19540189113438E-06	0	1.75133562307	8364.19921875	
18.163744	3.03605074728828E-03	-2.01914485585312E-06	0	1.70719584508	8364.19921875	
18.16784	3.02670069295172E-03	-1.89519594134062E-06	0	1.77341886348	8364.19921875	
18.171936	3.01714930459422E-03	-1.75264800696562E-06	0	1.80331077432	8317.55859375	
18.176032	3.01028154695813E-03	-1.6893915798375E-06	0	1.76432845721	8317.55859375	
18.180128	3.00216290342719E-03	-1.65225195351562E-06	0	1.85144834743	8317.55859375	
18.184224	2.99196792280203E-03	-1.54133667981562E-06	0	1.88451408035	8317.55859375	
18.18832	2.98442512017203E-03	-1.45837233970312E-06	0	1.84332305773	8317.55859375	
18.192416	2.97877615567813E-03	-1.48024034668125E-06	0	1.88311790381	8272.87890625	
18.196512	2.97186012176453E-03	-1.46965886687812E-06	0	1.92947783138	8272.87890625	
18.200608	2.96787687170906E-03	-1.49942999095312E-06	0	1.90087147107	8272.87890625	
18.204704	2.96509229968016E-03	-1.59236114802187E-06	0	1.92984022693	8272.87890625	
18.2088	2.9612478439225E-03	-1.65437190331875E-06	0	2.01276777284	8226.8359375	
18.212896	2.95879480557203E-03	-1.70190671155312E-06	0	1.99486924736	8226.8359375	
18.216992	2.96019646340172E-03	-1.85866809325312E-06	0	1.95605096192	8226.8359375	
18.221088	2.96037877949516E-03	-2.0053393408125E-06	0	2.04595939053	8226.8359375	
18.225184	2.96228834399438E-03	-2.13357094335E-06	0	2.03427499506	8226.8359375	
18.22928	2.96630926417547E-03	-2.32103638088438E-06	0	2.01002501073	8179.65625	
18.233376	2.96854606503297E-03	-2.46546123645937E-06	0	2.11207178292	8179.65625	
18.237472	2.96946432006125E-03	-2.51740685759062E-06	0	2.11723305849	8179.65625	
18.241568	2.97378513832984E-03	-2.614330077975E-06	0	2.06162632236	8179.65625	
18.245664	2.97835008095625E-03	-2.77308809229375E-06	0	2.141948435	8179.65625	
18.24976	2.98237328694594E-03	-2.87916178429687E-06	0	2.15528459124	8133.578125	
18.253856	2.98853317537672E-03	-3.021010440525E-06	0	2.12454581922	8133.578125	
18.257952	2.99357576056688E-03	-3.1533401158875E-06	0	2.20399818254	8133.578125	
18.262048	2.99603547347844E-03	-3.19151147194687E-06	0	2.23065523626	8133.578125	
18.266144	3.00022344055156E-03	-3.21714029247187E-06	0	2.20039711518	8133.578125	
18.27024	3.00548454904328E-03	-3.31818081643125E-06	0	2.19553338543	8133.578125	
18.274336	3.00827094971906E-03	-3.35237741685E-06	0	2.27030893881	8088.3984375	
18.278432	3.01229744727312E-03	-3.38023844668125E-06	0	2.23893311356	8088.3984375	
18.282528	3.01685077799188E-03	-3.45282395101875E-06	0	2.25527906021	8088.3984375	
18.286624	3.01877241156047E-03	-3.4629994216125E-06	0	2.34193355825	8088.3984375	
18.29072	3.02067959881875E-03	-3.42857782141875E-06	0	2.3195604014	8042.9765625	
18.294816	3.02518721336563E-03	-3.47945084746875E-06	0	2.27196069958	8042.9765625	
18.298912	3.02792597779031E-03	-3.5292993553125E-06	0	2.37020804053	8042.9765625	
18.303008	3.03042948679453E-03	-3.5337108893625E-06	0	2.34844523408	8042.9765625	
18.307104	3.03423819250578E-03	-3.584444492475E-06	0	2.32317672752	8042.9765625	
18.3112	3.03559705999859E-03	-3.59738318145937E-06	0	2.42685618703	7995.77734375	
18.315296	3.03460721344516E-03	-3.50849913572812E-06	0	2.42976298081	7995.77734375	
18.319392	0.00303633208461	-3.46997802040312E-06	0	2.38634799392	7995.77734375	
18.323488	3.03802276007828E-03	-3.50190971924062E-06	0	2.42525020254	7995.77734375	
18.327584	3.03844462891234E-03	-3.488556126825E-06	0	2.47082430397	7995.77734375	
18.33168	3.04065509725484E-03	-3.50942221172812E-06	0	2.4230529411	7949.8359375	
18.335776	0.003042356378875	-3.56011254565312E-06	0	2.47344881069	7949.8359375	
18.339872	3.04127299703391E-03	-3.52023325860937E-06	0	2.53574269839	7949.8359375	
18.343968	3.04144196400516E-03	-3.46983883785E-06	0	2.48097519406	7949.8359375	
18.348064	3.04321547717688E-03	-3.512590718175E-06	0	2.4843168625	7903.27734375	
18.35216	3.04261458381375E-03	-3.50951139433125E-06	0	2.56062592126	7903.27734375	
18.356256	3.04295663221172E-03	-3.48897848217187E-06	0	2.52634711692	7903.27734375	
18.360352	3.04438352536828E-03	-3.53365824518437E-06	0	2.52550407043	7903.27734375	
18.364448	3.04366843300781E-03	-3.5342205042375E-06	0	2.62625384802	7903.27734375	
18.368544	3.04273801747781E-03	-3.4825109405625E-06	0	2.61120108128	7903.27734375	
18.37264	3.04495808621641E-03	-3.5371724243625E-06	0	2.55152788561	7859.43359375	
18.376736	3.04573644975875E-03	-3.60157211957812E-06	0	2.62531543428	7859.43359375	
18.380832	3.04614652382047E-03	-3.61179470550937E-06	0	2.64565536136	7859.43359375	
18.384928	0.00304849185487	-3.68067492509062E-06	0	2.5940654938	7859.43359375	
18.389024	3.04884213217891E-03	-3.72382536270937E-06	0	2.68899023976	7811.6953125	
18.39312	3.04702217137656E-03	-3.65805042848437E-06	0	2.70199070328	7811.6953125	
18.397216	3.04783774788281E-03	-3.6420069349125E-06	0	2.64657851634	7811.6953125	
18.401312	3.04944192835391E-03	-3.71571599581875E-06	0	2.68421424788	7811.6953125	
18.405408	3.04957889400484E-03	-3.72874098279375E-06	0	2.7241464228	7811.6953125	
18.409504	3.05142783886016E-03	-3.76907940399375E-06	0	2.6892420093	7811.6953125	
18.4136	3.05310891393234E-03	-3.84785144060625E-06	0	2.73189787288	7765.953125	
18.417696	3.05232415012594E-03	-3.83368823361562E-06	0	2.79016726263	7765.953125	
18.421792	3.05255401103813E-03	-3.79649572273125E-06	0	2.76526496631	7765.953125	
18.425888	3.05457402580859E-03	-3.87048627374062E-06	0	2.71736008929	7765.953125	
18.429984	3.05427312196531E-03	-3.88446702899062E-06	0	2.81193388377	7719.3359375	
18.43408	3.05426937323922E-03	-3.85889301610313E-06	0	2.79093783001	7719.3359375	
18.438176	3.05557264986703E-03	-3.90450811471875E-06	0	2.76683661859	7719.3359375	
18.442272	3.05451934926703E-03	-3.89935138910625E-06	0	2.86277988678	7719.3359375	
18.446368	3.05262925985703E-03	-3.81352719608437E-06	0	2.85425023994	7719.3359375	
18.450464	3.05362440948641E-03	-3.83007645838125E-06	0	2.79482118443	7674.875	
18.45456	3.0539938875875E-03	-3.89164851219375E-06	0	2.87457109357	7674.875	
18.458656	3.05349823285203E-03	-3.88415044276875E-06	0	2.86721255656	7674.875	
18.462752	3.05461023301672E-03	-3.92771794727812E-06	0	2.8351157549	7674.875	
18.466848	3.05429936304797E-03	-3.96388906495313E-06	0	2.90918940532	7674.875	
18.470944	3.05144383952031E-03	-3.87691295000625E-06	0	2.9320851747	7628.71484375	
18.47504	3.05097844889063E-03	-3.82923583422188E-06	0	2.89074919386	7628.71484375	
18.479136	3.05140973525609E-03	-3.893086491525E-06	0	2.89629956781	7628.71484375	
18.483232	3.05019953675422E-03	-3.88988481203437E-06	0	2.96301849591	7628.71484375	
18.487328	3.05067626499453E-03	-3.90749296750312E-06	0	2.92937293011	7581.8125	
18.491424	3.05165587112547E-03	-3.99555489867188E-06	0	2.94727527028	7581.8125	
18.49552	0.003049887478165	-3.97998472193437E-06	0	3.01777074148	7581.8125	
18.499616	3.04856079485719E-03	-3.91787372635312E-06	0	2.98189358203	7581.8125	
18.503712	3.0494822500175E-03	-3.9730277577375E-06	0	2.94436084712	7581.8125	
18.507808	3.04842236628875E-03	-3.9953344662E-06	0	3.02816958642	7581.8125	
18.511904	3.04729299397875E-03	-3.95931551183437E-06	0	3.00671576986	7535.43359375	
18.516	3.04728549652656E-03	-3.98562630283125E-06	0	2.98439601867	7535.43359375	
18.520096	3.04530525482562E-03	-3.97121742300937E-06	0	3.08181557189	7535.43359375	
18.524192	3.04229658212219E-03	-3.86979637058437E-06	0	3.07270990686	7535.43359375	
18.528288	3.04251985990563E-03	-3.88346029922812E-06	0	3.0191745474	7490.53125	
18.532384	3.04211362600234E-03	-3.95177225014687E-06	0	3.05608548784	7490.53125	
18.53648	3.0405672307725E-03	-3.93821288870625E-06	0	3.10287266069	7490.53125	
18.540576	3.04082442995547E-03	-3.96941117481562E-06	0	3.04795256876	7490.53125	
18.544672	3.04011354348281E-03	-4.0162488683625E-06	0	3.1142747691	7490.53125	
18.548768	3.03673502694891E-03	-3.9342085657875E-06	0	3.15789574925	7444.57421875	
18.552864	3.03498674910406E-03	-3.862528829775E-06	0	3.10464649154	7444.57421875	
18.55696	3.03485280072047E-03	-3.91100906975625E-06	0	3.11674287353	7444.57421875	
18.561056	3.03296307703984E-03	-3.90272422227187E-06	0	3.16753547088	7444.57421875	
18.565152	3.03218517065922E-03	-3.89642927664375E-06	0	3.13877652297	7444.57421875	
18.569248	3.03186250591812E-03	-3.95132225059688E-06	0	3.13948987	7397.6328125	
18.573344	3.02926701597609E-03	-3.91867805247188E-06	0	3.22322994488	7397.6328125	
18.57744	3.02692323927641E-03	-3.83444832900937E-06	0	3.20413742143	7397.6328125	
18.581536	3.02739914462562E-03	-3.90005210955937E-06	0	3.14805003436	7397.6328125	
18.585632	3.02576991169234E-03	-3.93127828025625E-06	0	3.22359234043	7397.6328125	
18.589728	3.02351052704594E-03	-3.87252761785313E-06	0	3.23081736329	7351.65234375	
18.593824	3.02315586098453E-03	-3.89505740301562E-06	0	3.18751300241	7351.65234375	
18.59792	3.02112935451766E-03	-3.90294393359062E-06	0	3.28063721469	7351.65234375	
18.602016	3.01759512870234E-03	-3.80511879103125E-06	0	3.28415054418	7351.65234375	
18.606112	3.01662155710609E-03	-3.78332289936562E-06	0	3.22485881751	7351.65234375	
18.610208	3.01624942746703E-03	-3.86034109157812E-06	0	3.27469011298	7305.51171875	
18.614304	3.01461278851391E-03	-3.86579637458437E-06	0	3.29800931295	7305.51171875	
18.6184	3.01454183701516E-03	-3.90644465124375E-06	0	3.26363132667	7305.51171875	
18.622496	3.01365430325437E-03	-3.9506027801625E-06	0	3.31623208708	7305.51171875	
18.626592	3.01028593571063E-03	-3.87247425252187E-06	0	3.354256917	7261.37109375	
18.630688	0.00300848983875	-3.80340244659375E-06	0	3.32470069888	7261.37109375	
18.634784	3.00863037026234E-03	-3.88177352206875E-06	0	3.29317228603	7261.37109375	
18.63888	3.00648280737234E-03	-3.87550838410312E-06	0	3.37138106041	7261.37109375	
18.642976	3.00528842666594E-03	-3.85479109712812E-06	0	3.34860736111	7261.37109375	
18.647072	3.00542036353797E-03	-3.92699054415937E-06	0	3.3352979077	7213.5703125	
18.651168	3.00350631885391E-03	-3.92861169638438E-06	0	3.42465702095	7213.5703125	
18.655264	3.00095919662172E-03	-3.84575072155312E-06	0	3.41230886942	7213.5703125	
18.65936	3.00123303649125E-03	-3.88960909115625E-06	0	3.35169344532	7213.5703125	
18.663456	3.00032904490859E-03	-3.9482873978625E-06	0	3.43568528974	7213.5703125	
18.667552	2.99881986264266E-03	-3.91802925504375E-06	0	3.42249027703	7167.7109375	
18.671648	2.99888935122391E-03	-3.9569662353375E-06	0	3.38992808319	7167.7109375	
18.675744	2.99794741521859E-03	-3.99254961321562E-06	0	3.47394281575	7167.7109375	
18.67984	2.99518780421953E-03	-3.91807709153438E-06	0	3.48778251107	7167.7109375	
18.683936	2.99510743518937E-03	-3.91240305874687E-06	0	3.43634523111	7167.7109375	
18.688032	2.99575971352969E-03	-4.02115246922812E-06	0	3.45721921479	7167.7109375	
18.692128	2.99478605050109E-03	-4.03638466553438E-06	0	3.51432893878	7121.3125	
18.696224	2.99553040121156E-03	-4.08310433035312E-06	0	3.47051340944	7121.3125	
18.70032	2.99622492129469E-03	-4.17091457908125E-06	0	3.48804572468	7121.3125	
18.704416	2.99407662694594E-03	-4.12132352290312E-06	0	3.56635749569	7121.3125	
18.708512	2.99235486448078E-03	-4.02825126020625E-06	0	3.52359863548	7076.6328125	
18.712608	2.99342425717328E-03	-4.10125671604687E-06	0	3.50012303322	7076.6328125	
18.716704	0.0029924855213	-4.12635308518125E-06	0	3.57830129008	7076.6328125	
18.7208	2.99181769946125E-03	-4.09623508645312E-06	0	3.55333795872	7076.6328125	
18.724896	2.99255391269312E-03	-4.15411147088437E-06	0	3.53222746426	7076.6328125	
18.728992	2.99158655849625E-03	-4.16581554571875E-06	0	3.6311652641	7076.6328125	
18.733088	2.98969811486844E-03	-4.08540216459375E-06	0	3.61768796433	7030.01171875	
18.737184	2.99086278006313E-03	-4.13857663065E-06	0	3.56286705434	7030.01171875	
18.74128	2.99062715891328E-03	-4.20201767297812E-06	0	3.61070708163	7030.01171875	
18.745376	2.98914248051547E-03	-4.1482371979125E-06	0	3.64944525858	7030.01171875	
18.749472	2.98981203956875E-03	-4.1848352382375E-06	0	3.59367830547	7030.01171875	
18.753568	2.98963027206937E-03	-4.23622388877187E-06	0	3.66651599633	7030.01171875	
18.757664	2.98728987836641E-03	-4.15350618302813E-06	0	3.70454082625	6983.58984375	
18.76176	2.9866528692275E-03	-4.10969733260625E-06	0	3.65025015817	6983.58984375	
18.765856	2.98765076182719E-03	-4.21145420200312E-06	0	3.65883321067	6983.58984375	
18.769952	2.98701448414703E-03	-4.23096475941563E-06	0	3.71577890299	6983.58984375	
18.774048	2.98784176399328E-03	-4.2699793838625E-06	0	3.68280090794	6937.11328125	
18.778144	2.98876248769484E-03	-4.36492760622188E-06	0	3.70060788086	6937.11328125	
18.78224	2.98735497819516E-03	-4.33594975058437E-06	0	3.78026623744	6937.11328125	
18.786336	2.98628110531781E-03	-4.25749189635E-06	0	3.75798463315	6937.11328125	
18.790432	2.98801521114938E-03	-4.3501725729E-06	0	3.70351085995	6892.87109375	
18.794528	2.98796199752531E-03	-4.40964607111875E-06	0	3.78812068415	6892.87109375	
18.798624	2.98811130654266E-03	-4.40641794934687E-06	0	3.78434414105	6892.87109375	
18.80272	2.99027157852844E-03	-4.51484284092188E-06	0	3.74230625725	6892.87109375	
18.806816	2.99105881100812E-03	-4.588947334125E-06	0	3.83813127005	6892.87109375	
18.810912	2.99070432781141E-03	-4.560831977625E-06	0	3.84203369792	6846.171875	
18.815008	2.99292841957313E-03	-4.62637301785312E-06	0	3.77927441804	6846.171875	
18.819104	2.99505083856859E-03	-4.75930629838125E-06	0	3.84457046677	6846.171875	
18.8232	2.99553561285516E-03	-4.76501326382812E-06	0	3.86101178067	6846.171875	
18.827296	2.9977534872175E-03	-4.83244757139375E-06	0	3.82306705924	6846.171875	
18.831392	2.99927016693563E-03	-4.90539485421562E-06	0	3.87746453864	6799.47265625	
18.835488	2.99856037765109E-03	-4.84596654825937E-06	0	3.92793670203	6799.47265625	
18.839584	2.99938326874484E-03	-4.81192138999687E-06	0	3.89608022584	6799.47265625	
18.84368	3.00198296457469E-03	-4.94043087687187E-06	0	3.87110545041	6799.47265625	
18.847776	3.00256621149547E-03	-4.96674936016875E-06	0	3.95052348152	6799.47265625	
18.851872	3.00439677844969E-03	-5.004427687875E-06	0	3.928749231	6799.47265625	
18.855968	3.00707675187734E-03	-5.13232347344062E-06	0	3.91905228902	6753.390625	
18.860064	3.00721006023453E-03	-5.13055135982812E-06	0	4.01115797907	6753.390625	
18.86416	3.00672693173016E-03	-5.03642693472187E-06	0	3.99066927908	6753.390625	
18.868256	3.00900807727437E-03	-5.10345186769687E-06	0	3.92951598369	6753.390625	
18.872352	3.00999362650766E-03	-5.17235684686875E-06	0	4.01842496352	6753.390625	
18.876448	3.01027249515609E-03	-5.13784510253438E-06	0	4.00953292113	6707.73046875	
18.880544	0.003012220278375	-5.19321644139375E-06	0	3.97618871584	6707.73046875	
18.88464	3.01320582760828E-03	-5.24741230065937E-06	0	4.07336794359	6707.73046875	
18.888736	3.01255373213266E-03	-5.18546428568437E-06	0	4.08175263221	6707.73046875	
18.892832	3.01434489174672E-03	-5.2117284421125E-06	0	4.04061882994	6663.05078125	
18.896928	3.01614556032453E-03	-5.32551943409063E-06	0	4.05280676449	6663.05078125	
18.901024	3.01598281075266E-03	-5.30537762730937E-06	0	4.1166608604	6663.05078125	
18.90512	3.01729971079969E-03	-5.32003698765E-06	0	4.06650913097	6663.05078125	
18.909216	3.01856614019297E-03	-5.39438571137812E-06	0	4.10044079852	6663.05078125	
18.913312	3.01697823467906E-03	-5.31378050352187E-06	0	4.17723050822	6615.3125	
18.917408	3.01598738236984E-03	-5.20011451141875E-06	0	4.14054463449	6615.3125	
18.921504	3.01767193187109E-03	-5.28739783759687E-06	0	4.11288813199	6615.3125	
18.9256	3.01776775296734E-03	-5.33897494948125E-06	0	4.19044459438	6615.3125	
18.929696	3.01834304527422E-03	-5.35164296565938E-06	0	4.16792647931	6569.53125	
18.933792	3.02013502777937E-03	-5.45843853194062E-06	0	4.15054675167	6569.53125	
18.937888	3.01975850938781E-03	-5.4698743378125E-06	0	4.24259140668	6569.53125	
18.941984	3.01829019737953E-03	-5.36022516861563E-06	0	4.24018433729	6569.53125	
18.94608	3.01984994173156E-03	-5.41940395559062E-06	0	4.1826549974	6569.53125	
18.950176	3.02027720507391E-03	-5.49473080334062E-06	0	4.24050858594	6569.53125	
18.954272	3.01975466922938E-03	-5.46074982770625E-06	0	4.27513452707	6523.5703125	
18.958368	3.02142221231469E-03	-5.53682835739687E-06	0	4.22539096947	6523.5703125	
18.962464	3.02245530636672E-03	-5.63420806770937E-06	0	4.30438938468	6523.5703125	
18.96656	3.02140410871062E-03	-5.57935740140625E-06	0	4.33104262371	6523.5703125	
18.970656	3.02230874031969E-03	-5.5827328788E-06	0	4.27983422515	6478.91015625	
18.974752	3.02437200258875E-03	-5.72707504215E-06	0	4.29748479578	6478.91015625	
18.978848	3.02427691295125E-03	-5.73702286874062E-06	0	4.3482888372	6478.91015625	
18.982944	3.02520650559016E-03	-5.751573094575E-06	0	4.31764543243	6478.91015625	
18.98704	3.02646799763688E-03	-5.83306844577187E-06	0	4.34690410473	6478.91015625	
18.991136	3.02517898445469E-03	-5.77333989973125E-06	0	4.4151603529	6431.7109375	
18.995232	3.02414735332016E-03	-5.66443135479375E-06	0	4.39487001679	6431.7109375	
18.999328	3.02587734469625E-03	-5.76695505034687E-06	0	4.34897166671	6431.7109375	
19.003424	3.02609925099453E-03	-5.8204989871875E-06	0	4.43337931234	6431.7109375	
19.00752	3.02660798055516E-03	-5.81882086386562E-06	0	4.42539898086	6431.7109375	
19.011616	0.003028915092885	-5.95557120788437E-06	0	4.39639970748	6385.73046875	
19.015712	3.02896327773016E-03	-5.99782909831875E-06	0	4.48847488001	6385.73046875	
19.019808	3.02726949356219E-03	-5.86226288773125E-06	0	4.49378492849	6385.73046875	
19.023904	3.02806541211453E-03	-5.86642634510625E-06	0	4.43194880359	6385.73046875	
19.028	3.0286210464675E-03	-5.95364861365312E-06	0	4.50070859084	6385.73046875	
19.032096	3.02780309272031E-03	-5.90371380781875E-06	0	4.51539133265	6339.15234375	
19.036192	0.00302870150693	-5.94412698855937E-06	0	4.48246292857	6339.15234375	
19.040288	3.02915254268172E-03	-6.020234364375E-06	0	4.54704181558	6339.15234375	
19.044384	3.02749057696937E-03	-5.93816641759687E-06	0	4.58514675399	6339.15234375	
19.04848	3.02765881248188E-03	-5.90993952274687E-06	0	4.55381670502	6339.15234375	
19.052576	0.00302924571224	-6.0641641281375E-06	0	4.53985493962	6295.33203125	
19.056672	3.02876541813828E-03	-6.07437830061562E-06	0	4.61385229624	6295.33203125	
19.060768	3.02917631509109E-03	-6.07230330269062E-06	0	4.59369547428	6295.33203125	
19.064864	3.03032424816688E-03	-6.18017482943437E-06	0	4.58697017581	6295.33203125	
19.06896	3.02880272253453E-03	-6.12468305800312E-06	0	4.68025841976	6295.33203125	
19.073056	3.02691629041828E-03	-5.9767007540625E-06	0	4.66176098795	6248.25	
19.077152	3.02800753544094E-03	-6.05579706919688E-06	0	4.60837821609	6248.25	
19.081248	3.02822267574578E-03	-6.14791957322812E-06	0	4.69832097691	6248.25	
19.085344	3.02834848665078E-03	-6.15886811997187E-06	0	4.69115698909	6248.25	
19.08944	3.02995248425719E-03	-6.28099419976875E-06	0	4.664221463	6248.25	
19.093536	3.02992898614484E-03	-6.33270015767812E-06	0	4.75869607554	6201.7890625	
19.097632	3.02801485002844E-03	-6.2018043751125E-06	0	4.76255654182	6201.7890625	
19.101728	3.02876093795344E-03	-6.21865604095312E-06	0	4.72091538578	6201.7890625	
19.105824	3.02952750672344E-03	-6.34175495631562E-06	0	4.74287274142	6201.7890625	
19.10992	3.02856490700844E-03	-6.296568703425E-06	0	4.8047927895	6155.55078125	
19.114016	3.02925851276812E-03	-6.3244984831875E-06	0	4.76386498049	6155.55078125	
19.118112	3.03026710295203E-03	-6.4437243255E-06	0	4.80707015943	6155.55078125	
19.122208	3.02907765959219E-03	-6.39705153563437E-06	0	4.87227084091	6155.55078125	
19.126304	3.02876349805906E-03	-6.33617491381875E-06	0	4.83739313024	6155.55078125	
19.1304	3.03040836592312E-03	-6.4646560353375E-06	0	4.81143416479	6110.390625	
19.134496	3.03024698783641E-03	-6.49714782976875E-06	0	4.89307234548	6110.390625	
19.138592	0.00303057404133	-6.4988963857125E-06	0	4.87287737662	6110.390625	
19.142688	3.03157348827953E-03	-6.58067442893437E-06	0	4.86850192719	6110.390625	
19.146784	3.0302068490375E-03	-6.52842087541875E-06	0	4.96415527894	6110.390625	
19.15088	3.02808836163281E-03	-6.3653474808E-06	0	4.95715913748	6110.390625	
19.154976	3.02910838085969E-03	-6.43597769863125E-06	0	4.90267392021	6065.12890625	
19.159072	3.02918490973141E-03	-6.5270828959875E-06	0	4.97228819802	6065.12890625	
19.163168	3.02849532699484E-03	-6.50351248686562E-06	0	4.99923135349	6065.12890625	
19.167264	3.02963987707391E-03	-6.58897922832187E-06	0	4.9578381523	6017.62890625	
19.17136	3.02946588132375E-03	-6.64621282493437E-06	0	5.02960010058	6017.62890625	
19.175456	3.02692973097281E-03	-6.49799758853437E-06	0	5.0646113254	6017.62890625	
19.179552	3.02614085271094E-03	-6.42923804190937E-06	0	5.01343725905	6017.62890625	
19.183648	3.02614953878359E-03	-6.51097497940312E-06	0	5.04732696501	6017.62890625	
19.187744	3.02434539577672E-03	-6.45698825454375E-06	0	5.09279425512	6017.62890625	
19.19184	3.02374459384594E-03	-6.44547095836875E-06	0	5.0711725922	6017.62890625	
19.195936	3.02348126869594E-03	-6.50820863601562E-06	0	5.10865192145	5971.5703125	
19.200032	3.02110210767922E-03	-6.43100727090937E-06	0	5.16479271418	5971.5703125	
19.204128	3.01966497410016E-03	-6.34782225794062E-06	0	5.15100260983	5971.5703125	
19.208224	3.02055360504906E-03	-6.49641201319687E-06	0	5.11119631968	5971.5703125	
19.21232	3.01951255638313E-03	-6.5341040428125E-06	0	5.19043506036	5971.5703125	
19.216416	3.01848174813969E-03	-6.49387307342812E-06	0	5.18906558665	5925.91015625	
19.220512	3.01907422972719E-03	-6.59541527957812E-06	0	5.16752784691	5925.91015625	
19.224608	3.01750205057641E-03	-6.57742467256875E-06	0	5.26189946282	5925.91015625	
19.228704	3.01452638494906E-03	-6.40217460743437E-06	0	5.26429508814	5880.91015625	
19.2328	3.01436235532438E-03	-6.4198368493875E-06	0	5.21074828461	5880.91015625	
19.236896	3.01412426550125E-03	-6.52604010856875E-06	0	5.27622743846	5880.91015625	
19.240992	3.01282364041141E-03	-6.48730384922812E-06	0	5.29190962905	5880.91015625	
19.245088	3.01311741253188E-03	-6.54898047024375E-06	0	5.26866290819	5880.91015625	
19.249184	3.01260978015937E-03	-6.61225660889062E-06	0	5.33913930594	5880.91015625	
19.25328	3.00990091411109E-03	-6.4740983335875E-06	0	5.36991241017	5833.73046875	
19.257376	3.00902636374312E-03	-6.41348252881875E-06	0	5.34871799253	5833.73046875	
19.261472	3.00916031212672E-03	-6.537060770625E-06	0	5.34329731804	5833.73046875	
19.265568	3.00713499428031E-03	-6.48454207314375E-06	0	5.41711919892	5833.73046875	
19.269664	3.00611250638016E-03	-6.44008562721562E-06	0	5.39116786285	5833.73046875	
19.27376	3.00596694608891E-03	-6.52270092921562E-06	0	5.3987018756	5787.8515625	
19.277856	3.00380429686219E-03	-6.4707637215375E-06	0	5.48454765936	5787.8515625	
19.281952	3.00159465141078E-03	-6.34466673225E-06	0	5.46517666354	5787.8515625	
19.286048	3.00211224990875E-03	-6.45451542047812E-06	0	5.43178286728	5787.8515625	
19.290144	3.00124126540219E-03	-6.52513241716875E-06	0	5.51218508841	5741.37109375	
19.29424	3.00002887252406E-03	-6.48541635111562E-06	0	5.50950717603	5741.37109375	
19.298336	2.99987206605453E-03	-6.546887683875E-06	0	5.48760322605	5741.37109375	
19.302432	2.99798151948281E-03	-6.50198412300937E-06	0	5.58810886348	5741.37109375	
19.306528	2.99454640632813E-03	-6.30502230074062E-06	0	5.59581072259	5741.37109375	
19.310624	2.99401792738125E-03	-6.31151508270937E-06	0	5.55150691293	5697.37109375	
19.31472	2.99356634303547E-03	-6.43071880965937E-06	0	5.59257586547	5697.37109375	
19.318816	2.99171758104484E-03	-6.37692174807187E-06	0	5.64823982195	5697.37109375	
19.322912	2.99146998225797E-03	-6.4292704938E-06	0	5.60489349948	5697.37109375	
19.327008	2.99080289187797E-03	-6.49903821249375E-06	0	5.66802280429	5650.05078125	
19.331104	2.98789799488469E-03	-6.361957099575E-06	0	5.71941430797	5650.05078125	
19.3352	2.98578993076719E-03	-6.2382254925375E-06	0	5.68794311547	5650.05078125	
19.339296	2.98553456023109E-03	-6.34735567186875E-06	0	5.67900148211	5650.05078125	
19.343392	2.98307365869906E-03	-6.28792231784062E-06	0	5.75280810423	5650.05078125	
19.347488	2.98144662014203E-03	-6.2215937784E-06	0	5.74317601198	5650.05078125	
19.351584	2.98065957052703E-03	-6.288295634775E-06	0	5.74454548569	5603.8515625	
19.35568	2.97818138828203E-03	-6.23801443505625E-06	0	5.83485064206	5603.8515625	
19.359776	2.97514903460156E-03	-6.07581676071562E-06	0	5.83303103493	5603.8515625	
19.363872	2.97502569236984E-03	-6.16379503812187E-06	0	5.78781551436	5603.8515625	
19.367968	2.97372314720078E-03	-6.22049209680937E-06	0	5.86400250304	5557.37109375	
19.372064	2.9719798067025E-03	-6.15581355571875E-06	0	5.88397240519	5557.37109375	
19.37616	2.97165668479969E-03	-6.22289137325625E-06	0	5.85094100448	5557.37109375	
19.380256	2.96984284996437E-03	-6.22019762595E-06	0	5.93549742302	5557.37109375	
19.384352	2.96628037155484E-03	-6.02315695760625E-06	0	5.96760185406	5557.37109375	
19.388448	2.96519397244641E-03	-5.98672430173125E-06	0	5.91823976546	5512.69140625	
19.392544	2.96529381656578E-03	-6.15408591321562E-06	0	5.9637337584	5512.69140625	
19.39664	2.96371267704531E-03	-6.14649794003437E-06	0	6.00553894611	5512.69140625	
19.400736	2.96352222347328E-03	-6.19635750555937E-06	0	5.98646168142	5512.69140625	
19.404832	2.96327014450156E-03	-6.28182064125E-06	0	6.0242347418	5512.69140625	
19.408928	2.96115924598141E-03	-6.19391423877187E-06	0	6.090152585	5512.69140625	
19.413024	2.95969724280484E-03	-6.104495818575E-06	0	6.07706056892	5466.79296875	
19.41712	2.95991713759156E-03	-6.228676463625E-06	0	6.05261222071	5466.79296875	
19.421216	0.002957752934015	-6.16213278016875E-06	0	6.13618444923	5466.79296875	
19.425312	2.95621138469938E-03	-6.06503023304062E-06	0	6.13297248025	5466.79296875	
19.429408	2.95603501170828E-03	-6.15109120467187E-06	0	6.12688423501	5419.390625	
19.433504	2.95380963989375E-03	-6.10176697515E-06	0	6.2232089722	5419.390625	
19.4376	0.002950221834725	-5.87868258285E-06	0	6.21976812182	5419.390625	
19.441696	2.94949997637109E-03	-5.88881670733125E-06	0	6.17406813562	5419.390625	
19.445792	2.94845682476125E-03	-5.97213417209062E-06	0	6.25207854612	5419.390625	
19.449888	2.94651928196484E-03	-5.91242653949062E-06	0	6.26685665518	5419.390625	
19.453984	2.94570269970281E-03	-5.95351976762813E-06	0	6.24438813108	5373.2734375	
19.45808	2.94359792714969E-03	-5.91910225396875E-06	0	6.33012710352	5373.2734375	
19.462176	2.93958477871781E-03	-5.69414743084687E-06	0	6.3574860602	5373.2734375	
19.466272	2.93772906786906E-03	-5.61076193730937E-06	0	6.33819517287	5373.2734375	
19.470368	2.9368112700025E-03	-5.72985412590937E-06	0	6.3368104404	5328.1328125	
19.474464	2.93414674864094E-03	-5.66138929052812E-06	0	6.42299573157	5328.1328125	
19.47856	2.93311036302453E-03	-5.67225274120312E-06	0	6.39573214214	5328.1328125	
19.482656	2.93255838596531E-03	-5.7811894111125E-06	0	6.42286603211	5328.1328125	
19.486752	2.93001903548234E-03	-5.70274597994062E-06	0	6.50420666698	5328.1328125	
19.490848	2.92736676605484E-03	-5.547323298825E-06	0	6.49124816505	5282.671875	
19.494944	2.92724845260203E-03	-5.66281621217812E-06	0	6.46369465918	5282.671875	
19.49904	2.92540737092828E-03	-5.67507148838437E-06	0	6.55053607703	5282.671875	
19.503136	2.92369456883281E-03	-5.60043310148437E-06	0	6.54353230619	5282.671875	
19.507232	2.92330552421016E-03	-5.6783760523875E-06	0	6.5318555401	5235.47265625	
19.511328	2.92165965059031E-03	-5.66364193250625E-06	0	6.63398242078	5235.47265625	
19.515424	2.91876929133969E-03	-5.49395291950312E-06	0	6.64884445302	5235.47265625	
19.51952	2.91894337852219E-03	-5.56052761254375E-06	0	6.6070049331	5235.47265625	
19.523616	2.91886913545906E-03	-5.70434742064687E-06	0	6.6601054179	5235.47265625	
19.527712	2.91781373191516E-03	-5.67315466337812E-06	0	6.71307238855	5189.375	
19.531808	2.91839341297453E-03	-5.77525191705E-06	0	6.68034997773	5189.375	
19.535904	2.91818055847828E-03	-5.84751290248125E-06	0	6.74090436679	5189.375	
19.54	2.91561670412719E-03	-5.68096763633438E-06	0	6.80472413049	5189.375	
19.544096	2.91415826681203E-03	-5.54671704943125E-06	0	6.77265403166	5189.375	
19.548192	2.91480835077609E-03	-5.69489743009687E-06	0	6.78112264346	5143.19140625	
19.552288	2.91359668935672E-03	-5.68265032695937E-06	0	6.85933141784	5143.19140625	
19.556384	2.91342251074188E-03	-5.6979125713125E-06	0	6.84791023598	5143.19140625	
19.56048	2.91366252064422E-03	-5.79632377097812E-06	0	6.86471776012	5143.19140625	
19.564576	0.00291192558041	-5.7157106304375E-06	0	6.95182239158	5143.19140625	
19.568672	0.00290947373068	-5.51126540219062E-06	0	6.95270358497	5099.3125	
19.572768	2.90959990731437E-03	-5.57835836394375E-06	0	6.91457957311	5099.3125	
19.576864	2.90785044084906E-03	-5.55656343381562E-06	0	6.98985485088	5099.3125	
19.58096	2.90586635898969E-03	-5.43649384234687E-06	0	7.01807974219	5099.3125	
19.585056	2.90520356592984E-03	-5.47351135340625E-06	0	6.99435999977	5099.3125	
19.589152	2.90319680884922E-03	-5.42657462149687E-06	0	7.09132941957	5051.7734375	
19.593248	2.89957288790469E-03	-5.20280873949375E-06	0	7.11745623138	5051.7734375	
19.597344	2.89840657692781E-03	-5.16162031914375E-06	0	7.07772242034	5051.7734375	
19.60144	0.002898030789995	-5.311396611675E-06	0	7.13698744418	5051.7734375	
19.605536	2.89612369416906E-03	-5.2568841661875E-06	0	7.16839760164	5051.7734375	
19.609632	2.89552252650891E-03	-5.30007691145625E-06	0	7.15789957476	5005.65625	
19.613728	2.89425692000672E-03	-5.321519678475E-06	0	7.207093817	5005.65625	
19.617824	2.89086450575656E-03	-5.13631433483437E-06	0	7.26971195335	5005.65625	
19.62192	2.88820016725969E-03	-4.95497509309687E-06	0	7.26342152954	5005.65625	
19.626016	2.88783041486156E-03	-5.07566559740625E-06	0	7.24707939758	5005.65625	
19.630112	2.88556444708641E-03	-5.03287140943125E-06	0	7.33807501284	4959.21484375	
19.634208	2.88429509185813E-03	-4.99723971429375E-06	0	7.33899053844	4959.21484375	
19.638304	2.88427561676891E-03	-5.1262323737625E-06	0	7.3333982029	4959.21484375	
19.6424	2.88284744355953E-03	-5.13710303596875E-06	0	7.43671526686	4959.21484375	
19.646496	2.88039413091203E-03	-4.99369188130313E-06	0	7.44124330389	4914.67578125	
19.650592	2.88069448616125E-03	-5.078523767625E-06	0	7.4043514369	4914.67578125	
19.654688	2.88000435483062E-03	-5.16864915826875E-06	0	7.49211219504	4914.67578125	
19.658784	2.87865984221578E-03	-5.08294659974062E-06	0	7.50648213227	4914.67578125	
19.66288	2.87900207347844E-03	-5.17746237060937E-06	0	7.49373343829	4914.67578125	
19.666976	2.87808674428516E-03	-5.18337510508125E-06	0	7.58935245783	4914.67578125	
19.671072	2.87546565328687E-03	-5.00134956595312E-06	0	7.61704710723	4868.49609375	
19.675168	2.87518824755594E-03	-4.97627819679375E-06	0	7.59829790588	4868.49609375	
19.679264	0.002876227467575	-5.20502916996562E-06	0	7.6101158155	4868.49609375	
19.68336	2.87554556515531E-03	-5.20132484674687E-06	0	7.69797194089	4868.49609375	
19.687456	2.87605895776547E-03	-5.26060796054062E-06	0	7.67497317488	4821.5546875	
19.691552	2.87588267620672E-03	-5.2995918157875E-06	0	7.71822031541	4821.5546875	
19.695648	2.87367979674875E-03	-5.1359823640125E-06	0	7.79847757832	4821.5546875	
19.699744	2.87116778453656E-03	-4.9047595183125E-06	0	7.79068416665	4821.5546875	
19.70384	2.87149575235359E-03	-4.99684332045937E-06	0	7.77471587431	4821.5546875	
19.707936	2.86978633325484E-03	-4.96446859321875E-06	0	7.87083461824	4821.5546875	
19.712032	2.86872663239078E-03	-4.8957845272875E-06	0	7.86910656367	4775.1171875	
19.716128	2.86871492905078E-03	-4.995981542475E-06	0	7.86809948551	4775.1171875	
19.720224	2.86760704334156E-03	-4.9963901959125E-06	0	7.9689255569	4775.1171875	
19.72432	0.002864980557835	-4.81841705657812E-06	0	7.98452382431	4775.1171875	
19.728416	2.86491966389406E-03	-4.8481028442E-06	0	7.95127498627	4730.4140625	
19.732512	2.86400890631797E-03	-4.91193787651875E-06	0	8.01864241167	4730.4140625	
19.736608	2.86220010026156E-03	-4.79116299729375E-06	0	8.06943882371	4730.4140625	
19.740704	2.8618425997975E-03	-4.82948892050625E-06	0	8.04586403951	4730.4140625	
19.7448	2.86045611973687E-03	-4.81162235183438E-06	0	8.11708048712	4730.4140625	
19.748896	2.85725827351422E-03	-4.61149995580313E-06	0	8.18039289705	4730.4140625	
19.752992	2.85531807917984E-03	-4.46893928105625E-06	0	8.15208026787	4684.5546875	
19.757088	2.85577752670719E-03	-4.65797635163437E-06	0	8.18339505808	4684.5546875	
19.761184	2.85420260458609E-03	-4.63636723862813E-06	0	8.25514937698	4684.5546875	
19.76528	2.85363618121656E-03	-4.64074800347812E-06	0	8.25026657378	4684.5546875	
19.769376	2.85285836626828E-03	-4.67137729977187E-06	0	8.27292964707	4684.5546875	
19.773472	2.85048295397766E-03	-4.54974376755937E-06	0	8.37036064436	4637.71484375	
19.777568	2.84764315681312E-03	-4.33312403225625E-06	0	8.37986303715	4637.71484375	
19.781664	2.84805048790453E-03	-4.46427774725625E-06	0	8.34765560948	4637.71484375	
19.78576	2.84675214862328E-03	-4.49707963753125E-06	0	8.44108118227	4637.71484375	
19.789856	2.84582438463125E-03	-4.45375852700625E-06	0	8.47302539633	4637.71484375	
19.793952	2.84642116353891E-03	-4.587774258375E-06	0	8.4580451087	4591.57421875	
19.798048	2.84631830215219E-03	-4.65670712213438E-06	0	8.56282701362	4591.578125	
19.802144	2.84466264527156E-03	-4.55726924080313E-06	0	8.58860668864	4591.578125	
19.80624	2.84511944126094E-03	-4.58845262308125E-06	0	8.55715456959	4591.578125	
19.810336	2.84562963373906E-03	-4.74271040151562E-06	0	8.62490346399	4545.55859375	
19.814432	2.84468477189875E-03	-0.000004658995341	0	8.66927593807	4545.55859375	
19.818528	2.84525220102406E-03	-4.71702677335313E-06	0	8.66719311733	4545.55859375	
19.822624	2.84483152081047E-03	-4.72636883131875E-06	0	8.7353349248	4545.55859375	
19.82672	2.84237327081641E-03	-4.53396109103437E-06	0	8.79547351265	4545.55859375	
19.830816	2.84085933406859E-03	-4.36975548600937E-06	0	8.80047457124	4545.55859375	
19.834912	2.84187715891922E-03	-4.55468222415937E-06	0	8.79912417098	4501.27734375	
19.839008	2.84094875490078E-03	-4.544716609125E-06	0	8.8927671811	4501.27734375	
19.843104	2.84084726499922E-03	-4.54505747416875E-06	0	8.89736388255	4501.27734375	
19.8472	2.84068186388937E-03	-4.58837858469375E-06	0	8.90699216011	4501.27734375	
19.851296	2.83892910585969E-03	-4.47809864689687E-06	0	9.01431464857	4453.73828125	
19.855392	2.83597181813344E-03	-4.2324678829125E-06	0	9.02605626439	4453.73828125	
19.859488	0.002835967977975	-4.27112024810625E-06	0	9.00237848356	4453.73828125	
19.863584	0.00283478886647	-4.30744881754688E-06	0	9.10220129148	4453.73828125	
19.86768	2.83341856993422E-03	-4.22052222178125E-06	0	9.12003878192	4453.73828125	
19.871776	2.83349802464094E-03	-4.30633103020312E-06	0	9.11520938438	4453.73828125	
19.875872	2.83280679612219E-03	-4.333601435625E-06	0	9.21578750092	4407.8984375	
19.879968	2.83046567096047E-03	-4.18572057389063E-06	0	9.25974798848	4407.8984375	
19.884064	2.83030529862953E-03	-4.17626890065E-06	0	9.24543145691	4407.8984375	
19.88816	0.0028306283291	-4.336412971275E-06	0	9.2846121379	4407.8984375	
19.892256	2.82925784969953E-03	-4.26307602538125E-06	0	9.36801652006	4407.8984375	
19.896352	2.82935888243937E-03	-4.30275651454688E-06	0	9.35970431055	4361.55859375	
19.900448	2.82913816476156E-03	-4.35620165340937E-06	0	9.42170065243	4361.55859375	
19.904544	2.82735029671187E-03	-4.24945200054375E-06	0	9.50115301575	4361.55859375	
19.90864	2.82567388468922E-03	-4.0935737910375E-06	0	9.49863150566	4361.55859375	
19.912736	2.82723545768812E-03	-4.29995747888437E-06	0	9.49904730687	4361.55859375	
19.916832	2.82693034795703E-03	-4.3588677565125E-06	0	9.59755023205	4316.91796875	
19.920928	2.82739866442172E-03	-4.38566700855937E-06	0	9.6092422569	4316.91796875	
19.925024	2.82800751239875E-03	-4.4738426415375E-06	0	9.62392118402	4316.91796875	
19.92912	2.82707115376641E-03	-4.40162372337187E-06	0	9.7371488126	4316.91796875	
19.933216	2.82488025194547E-03	-4.18709989943437E-06	0	9.75874758738	4270.359375	
19.937312	2.82578844941594E-03	-4.25631064753125E-06	0	9.74082235907	4270.359375	
19.941408	2.82567068455719E-03	-4.34718964319063E-06	0	9.83047901814	4270.359375	
19.945504	2.82482667259203E-03	-4.25649333965625E-06	0	9.88101984595	4270.359375	
19.9496	2.82554889667531E-03	-4.33802763312187E-06	0	9.86641721263	4223.9609375	
19.953696	2.82562377976484E-03	-4.38248455981875E-06	0	9.95773707654	4223.9609375	
19.957792	2.82387888491672E-03	-4.24919406810937E-06	0	10.02249143929	4223.9609375	
19.961888	2.82302079237063E-03	-4.1298756778125E-06	0	10.01125336255	4223.9609375	
19.965984	2.82378297238812E-03	-4.27833490435312E-06	0	10.06220236219	4223.9609375	
19.97008	2.82253702383984E-03	-4.20080781841875E-06	0	10.13277412719	4223.9609375	
19.974176	2.82241615028141E-03	-4.1961727269E-06	0	10.13962149574	4177.2578125	
19.978272	2.82164683854109E-03	-4.18428788301562E-06	0	10.18511930337	4177.2578125	
19.982368	2.81923814487734E-03	-4.01729742500625E-06	0	10.28572412274	4177.2578125	
19.986464	2.81683457142484E-03	-3.80411422472812E-06	0	10.3079408773	4177.2578125	
19.99056	2.81789664952984E-03	-3.98870875167187E-06	0	10.29386848589	4132.83984375	
19.994656	2.81706927825125E-03	-4.03717048205625E-06	0	10.40825578023	4132.84375	
19.998752	2.81674953934516E-03	-4.02345246692812E-06	0	10.43535915268	4132.84375	
20.002848	2.81722498753266E-03	-4.12554563406562E-06	0	10.43183819381	4132.84375	
20.006944	2.81658340677656E-03	-4.11937664985E-06	0	10.55911532566	4132.84375	
20.01104	2.81401653515812E-03	-3.91001796497813E-06	0	10.59126934767	4132.84375	
20.015136	2.81392446278797E-03	-3.89042639803125E-06	0	10.57219589767	4086.40234375	
20.019232	2.81366278342016E-03	-3.99042725956875E-06	0	10.66983288822	4086.40234375	
20.023328	2.81241720060125E-03	-3.89822038062187E-06	0	10.71462879289	4086.40234375	
20.027424	2.81290188345547E-03	-3.98132943212813E-06	0	10.72567613513	4086.40234375	
20.03152	2.81284464680828E-03	-4.041732496725E-06	0	10.8252509882	4086.40234375	
20.035616	2.81110633508891E-03	-3.9253912669125E-06	0	10.87916781666	4086.40234375	
20.039712	2.81086833669812E-03	-3.87193579152187E-06	0	10.89869140008	4039.76171875	
20.043808	2.81213440036203E-03	-4.07171852443125E-06	0	10.91299648758	4039.76171875	
20.047904	2.8113075776775E-03	-0.000004028226741	0	11.02354238909	4039.76171875	
20.052	2.81175038451828E-03	-4.04282288025E-06	0	11.03971667469	3993.58203125	
20.056096	2.81234469475266E-03	-4.12999827384375E-06	0	11.08013712993	3993.58203125	
20.060192	2.81150022562578E-03	-4.0671661251375E-06	0	11.19262470865	3993.58203125	
20.064288	2.80972250656625E-03	-3.87905164979062E-06	0	11.21687087829	3993.58203125	
20.068384	2.81113650776234E-03	-4.00211667095625E-06	0	11.20555269306	3993.58203125	
20.07248	2.81131964674687E-03	-4.093705521675E-06	0	11.33367668609	3993.58203125	
20.076576	2.81151439763906E-03	-4.07839375814062E-06	0	11.36209612659	3948	
20.080672	2.81222857567609E-03	-4.15633935327188E-06	0	11.37505081383	3948	
20.084768	2.81137203747984E-03	-4.08298101316875E-06	0	11.49393944237	3948	
20.088864	2.80883177267344E-03	-3.84547716413437E-06	0	11.53613754315	3948	
20.09296	2.80882134938625E-03	-3.81395748411562E-06	0	11.54318327558	3948	
20.097056	2.80864296488359E-03	-3.91414296085312E-06	0	11.6159217845	3903.24609375	
20.101152	2.80668430121578E-03	-3.75832869359062E-06	0	11.70595991257	3903.24609375	
20.105248	2.80625447776781E-03	-3.74929312570312E-06	0	11.71045361739	3903.24609375	
20.109344	2.80569838625313E-03	-3.77865247134375E-06	0	11.78583189179	3903.24609375	
20.11344	2.80378278721922E-03	-3.68178021244687E-06	0	11.88659692814	3855.703125	
20.117536	2.80193356806688E-03	-3.52625080066875E-06	0	11.89779304329	3855.703125	
20.121632	2.80253345567422E-03	-3.67881531156562E-06	0	11.92731111451	3855.703125	
20.125728	2.8010115643125E-03	-3.63750261249375E-06	0	12.03571316024	3855.703125	
20.129824	2.80051600100938E-03	-3.61889758302187E-06	0	12.06330099832	3855.703125	
20.13392	2.79988301489359E-03	-3.6525117321E-06	0	12.10642606877	3809.84375	
20.138016	2.7975941890325E-03	-3.5186339813625E-06	0	12.22219428089	3809.84375	
20.142112	0.00279441819514	-3.27033783542812E-06	0	12.26562834123	3809.84375	
20.146208	2.79472367060047E-03	-3.36904062134062E-06	0	12.26497984393	3809.84375	
20.150304	2.79378347180969E-03	-3.44766890809687E-06	0	12.3695519409	3763.8046875	
20.1544	2.79269579264844E-03	-3.39391751954062E-06	0	12.44513620856	3763.8046875	
20.158496	2.79287371998937E-03	-3.489052280175E-06	0	12.45258629813	3763.8046875	
20.162592	2.79231991428328E-03	-3.51831811629375E-06	0	12.5725315958	3763.8046875	
20.166688	2.78988680818375E-03	-3.3665187488625E-06	0	12.6379535293	3763.8046875	
20.170784	2.78870934246094E-03	-3.25492823545312E-06	0	12.64560961213	3718.984375	
20.17488	2.78860373810391E-03	-3.37798243932187E-06	0	12.71644459074	3718.984375	
20.178976	2.78663949706313E-03	-3.25998183616875E-06	0	12.80440752745	3718.984375	
20.183072	2.78636565719359E-03	-3.28250873671875E-06	0	12.83342968897	3718.984375	
20.187168	2.78578963342797E-03	-3.31355413836562E-06	0	12.91023084274	3718.984375	
20.191264	2.78393163677062E-03	-3.22446913129687E-06	0	13.00728800041	3718.984375	
20.19536	2.78204255311641E-03	-3.0659728955625E-06	0	13.05565064023	3672.1484375	
20.199456	2.78290128568891E-03	-3.2342515734375E-06	0	13.07207669537	3672.1484375	
20.203552	2.78140517824812E-03	-3.203271796725E-06	0	13.19546284342	3672.1484375	
20.207648	2.78047567704156E-03	-3.13948027397812E-06	0	13.23898464163	3672.1484375	
20.211744	2.77985649720969E-03	-3.1636824132375E-06	0	13.26790380652	3625.94921875	
20.21584	2.77793138921203E-03	-3.07329668631562E-06	0	13.40252421662	3625.94921875	
20.219936	2.7741026598175E-03	-2.79256403435625E-06	0	13.45404160507	3625.94921875	
20.224032	2.77366168162359E-03	-2.79970248875625E-06	0	13.34890493398	3625.94921875	
20.228128	2.77283412748031E-03	-2.90555021944687E-06	0	13.4507495276	3625.94921875	
20.232224	2.77193196454453E-03	-2.8888663419E-06	0	13.51473332297	3625.94921875	
20.23632	2.77222692528547E-03	-3.00865420288125E-06	0	13.47784527067	3625.94921875	
20.240416	2.77107670640109E-03	-3.00026094204375E-06	0	13.49705223482	3625.94921875	
20.244512	2.76420346282438E-03	-2.50574869617187E-06	0	13.48537546873	3625.94921875	
20.248608	2.75896576101266E-03	-2.0009931913125E-06	0	13.48909479148	3625.94921875	
20.252704	2.76035745271688E-03	-2.33802867158437E-06	0	13.48154551997	3625.94921875	
20.2568	2.76181872443469E-03	-2.69174081787187E-06	0	13.47537716624	3625.94921875	
20.260896	2.76126537589031E-03	-2.79904359518438E-06	0	13.47637661502	3625.94921875	
20.264992	2.75755194268125E-03	-2.52129819985312E-06	0	13.46500883882	3625.94921875	
20.269088	0.00275498964268	-2.32443926209687E-06	0	13.4674960167	3625.94921875	
20.273184	2.75523367560547E-03	-2.43696943802812E-06	0	13.45276749861	3625.94921875	
20.27728	2.75691529927172E-03	-2.72889679033125E-06	0	13.44841875201	3625.94921875	
20.281376	2.75503627317531E-03	-2.67752112055313E-06	0	13.44709886927	3625.94921875	
20.285472	2.75205265293406E-03	-2.41000480153125E-06	0	13.43128316453	3625.94921875	
20.289568	2.74970512750828E-03	-2.26479701404687E-06	0	13.42354315852	3625.94921875	
20.293664	2.74887163026266E-03	-2.2641467743125E-06	0	13.4198886855	3625.94921875	
20.29776	2.74989000370734E-03	-2.45925595420312E-06	0	13.41642494698	3625.94921875	
20.301856	2.75041839122187E-03	-2.6129887331625E-06	0	13.41171380483	3625.94921875	
20.305952	2.74924833151891E-03	-2.54593663675312E-06	0	13.40460322267	3625.94921875	
20.310048	2.7491540647725E-03	-2.52424411036875E-06	0	13.40814706968	3625.94921875	
20.314144	2.75075038206203E-03	-2.69650066888125E-06	0	13.40605661956	3625.94921875	
20.31824	2.75124713398562E-03	-2.77381982233125E-06	0	13.41150781157	3625.94921875	
20.322336	2.75024914995359E-03	-2.66732569805625E-06	0	13.41005822937	3625.94921875	
20.326432	2.74896553127969E-03	-2.52246791022187E-06	0	13.40008662971	3625.94921875	
20.330528	2.74907963884469E-03	-2.526853242375E-06	0	13.39396786695	3625.94921875	
20.334624	2.74977827338328E-03	-2.62295170396875E-06	0	13.38728071538	3625.94921875	
20.33872	2.74905568357062E-03	-2.6017695136125E-06	0	13.38802457993	3625.94921875	
20.342816	2.74623929308609E-03	-2.36608970121562E-06	0	13.38177611771	3625.94921875	
20.346912	2.74407591240063E-03	-2.17890887878125E-06	0	13.37849548431	3625.94921875	
20.351008	2.74410288494203E-03	-2.24222684430937E-06	0	13.37121705579	3625.94921875	
20.355104	2.74518388954219E-03	-2.420122579875E-06	0	13.36730699854	3625.94921875	
20.3592	2.7453534051075E-03	-2.50576023462187E-06	0	13.36436968724	3625.94921875	
20.363296	2.74341860528141E-03	-2.36516806752187E-06	0	13.36041003902	3625.94921875	
20.367392	2.74061784972766E-03	-2.1351892109625E-06	0	13.36147052284	3625.94921875	
20.371488	2.73901513217406E-03	-2.03067320970937E-06	0	13.3662541441	3625.94921875	
20.375584	2.73926117661109E-03	-2.13576589307813E-06	0	13.36781053762	3625.94921875	
20.37968	2.73980657054156E-03	-2.27713281901875E-06	0	13.36695986175	3625.94921875	
20.383776	0.002739854298225	-2.32908060360937E-06	0	13.36341601474	3625.94921875	
20.387872	2.73986206997422E-03	-2.34156953342812E-06	0	13.35846836181	3625.94921875	
20.391968	2.74036174773281E-03	-2.39075506116563E-06	0	13.34965642791	3625.94921875	
20.396064	2.74082732122719E-03	-6.06535691540625E-07	0	13.34642920017	3625.94921875	
20.40016	2.74173487867125E-03	0	0	13.34224448524	3625.94921875	
20.404256	2.74357842901828E-03	0	0	13.33719383568	3625.94921875	
20.408352	2.74699232986922E-03	0	0	13.33591209984	3625.94921875	
20.412448	2.75255790806563E-03	0	0	13.3326085783	3625.94921875	
20.416544	2.75982275637062E-03	0	0	13.33561836871	3625.94921875	
20.42064	2.76758755673125E-03	0	0	13.33426796845	3625.94921875	
20.424736	2.77620404937391E-03	0	0	13.33555351898	3625.94921875	
20.428832	2.78611696121859E-03	0	0	13.33261239299	3625.94921875	
20.432928	2.79691283520687E-03	0	0	13.3298238546	3625.94921875	
20.437024	2.80755821155734E-03	0	0	13.33037698465	3625.94921875	
20.44112	2.81672485261234E-03	0	0	13.32895029059	3625.94921875	
20.445216	2.82467014041953E-03	0	0	13.32722223602	3625.94921875	
20.449312	2.83257172356641E-03	0	0	13.32124843148	3625.94921875	
20.453408	2.84078125084703E-03	0	0	13.31812038568	3625.94921875	
20.457504	2.84777061350031E-03	0	0	13.31336346725	3625.94921875	
20.4616	2.85253094704531E-03	0	0	13.3093008224	3625.94921875	
20.465696	2.85523743585266E-03	0	0	13.30791990462	3625.94921875	
20.469792	2.85658286279094E-03	0	0	13.30564634938	3625.94921875	
20.473888	2.85688925257484E-03	0	0	13.3107504046	3625.94921875	
20.477984	2.85567183091781E-03	0	0	13.30943433655	3625.94921875	
20.48208	2.85277991731734E-03	0	0	13.30776350233	3625.94921875	
20.486176	2.84837022681062E-03	0	0	13.30330412972	3625.94921875	
20.490272	2.84284177014578E-03	0	0	13.30532973011	3625.94921875	
20.494368	2.83618851278812E-03	0	0	13.30306380425	3625.94921875	
20.498464	2.8284120090875E-03	0	0	13.3033880529	3625.94921875	
20.50256	2.81983730102594E-03	0	0	13.30148452259	3625.94921875	
20.506656	2.81128929120875E-03	0	0	13.29657501656	3625.94921875	
20.510752	2.80314842961828E-03	0	0	13.29457230431	3625.94921875	
20.514848	2.79506590186312E-03	0	0	13.28959413386	3625.94921875	
20.518944	2.78670157962453E-03	0	0	13.2859167727	3625.94921875	
20.52304	2.77811727116688E-03	0	0	13.28487154764	3577.77734375	
20.527136	2.77012279275875E-03	0	0	13.28532931044	3577.77734375	
20.531232	2.76355603039828E-03	0	0	13.28422686503	3577.77734375	
20.535328	2.75837446804562E-03	0	0	13.28562304157	3577.77734375	
20.539424	2.75424291472859E-03	0	0	13.28677126326	3577.7578125	
20.54352	2.75129083864594E-03	0	0	13.28685518644	3577.7578125	
20.547616	2.75001078583344E-03	0	0	13.28308627272	3577.7578125	
20.551712	2.75070146575813E-03	0	0	13.24131923191	3577.7578125	
20.555808	2.75302028142797E-03	0	0	13.18837133471	3577.7578125	
20.559904	2.75655807310469E-03	0	0	13.17634361714	3577.7578125	
20.564	2.7611148782525E-03	0	0	13.09521279022	3577.7578125	
20.568096	2.76672480113562E-03	0	0	13.03332325966	3577.7578125	
20.572192	2.77201973959453E-03	0	0	12.97433670819	3594.0390625	
20.576288	2.7765925454025E-03	-1.23370309321875E-07	0	12.90695020934	3594.0390625	
20.580384	2.78340836946734E-03	-5.20100681821875E-07	0	12.8412002125	3594.0390625	
20.58448	2.79056130458359E-03	-6.79562781975E-07	0	12.7028414062	3594.0390625	
20.588576	2.79772329150187E-03	-8.24105185509375E-07	0	12.65423081153	3639.3203125	
20.592672	2.80418700961094E-03	-9.21874799278125E-07	0	12.63928104142	3639.3203125	
20.596768	2.80908302875406E-03	-9.200423491875E-07	0	12.48857408359	3639.32421875	
20.600864	2.81172770929703E-03	-7.8837998085E-07	0	12.44423212703	3639.32421875	
20.60496	2.81162567080141E-03	-5.253292823625E-07	0	12.37933662075	3639.32421875	
20.609056	2.81034625801531E-03	-1.8417337351875E-07	0	12.24592546738	3639.32421875	
20.613152	2.81185050293469E-03	-9.2288128865625E-08	0	12.19344296236	3639.32421875	
20.617248	2.81075386340375E-03	3.337737046875E-08	0	12.17467087287	3688.00390625	
20.621344	2.80781394782281E-03	3.00262440121875E-07	0	12.03961558811	3688.00390625	
20.62544	2.8044816046225E-03	5.50699689684375E-07	0	11.97479256094	3688.00390625	
20.629536	2.80096968829906E-03	7.4459396694375E-07	0	11.93367401743	3688.00390625	
20.633632	2.79697436917422E-03	9.62629566215625E-07	0	11.81407967124	3735.625	
20.637728	2.79758678301266E-03	8.85142143703125E-07	0	11.72938210917	3735.625	
20.641824	0.00279565874918	8.34759982546875E-07	0	11.76388216553	3735.625	
20.64592	0.002792413998165	9.808769037375E-07	0	11.62863996096	3735.625	
20.650016	2.79081329212297E-03	1.01022831669375E-06	0	11.56271067369	3735.625	
20.654112	2.78910222724203E-03	1.00998528809062E-06	0	11.54655927623	3783.94140625	
20.658208	2.78658966643578E-03	1.08475540562813E-06	0	11.44980729376	3783.94140625	
20.662304	2.78896965034359E-03	9.18285860559375E-07	0	11.34471639895	3783.94140625	
20.6664	2.78943805824063E-03	7.32867776746875E-07	0	11.36754350391	3783.94140625	
20.670496	2.78878093398609E-03	7.76230233384375E-07	0	11.26619863468	3783.94140625	
20.674592	2.79057447084109E-03	6.5730655423125E-07	0	11.16483850669	3830.2421875	
20.678688	2.79136938363766E-03	5.758225011E-07	0	11.16447611114	3830.2421875	
20.682784	2.79028563606719E-03	6.411839742E-07	0	11.07920253088	3830.2421875	
20.68688	2.79340795917391E-03	5.4692301076875E-07	0	10.95351993945	3830.2421875	
20.690976	2.79611847100438E-03	3.2587130874375E-07	0	10.9721165532	3830.2421875	
20.695072	2.79560425550312E-03	4.0094719520625E-07	0	10.92106074224	3875.78515625	
20.699168	2.79706040700969E-03	3.90914753315625E-07	0	10.8056816285	3875.78515625	
20.703264	0.002797387917665	3.92411867203125E-07	0	10.81186905568	3875.78515625	
20.70736	2.79650714989766E-03	4.7884230961875E-07	0	10.75571681888	3875.78515625	
20.711456	2.79904604321891E-03	4.41407010515625E-07	0	10.63050343432	3875.78515625	
20.715552	2.80341312625344E-03	1.65803920734375E-07	0	10.62073019854	3923.96875	
20.719648	2.8030655004825E-03	2.01046193184375E-07	0	10.60792046952	3923.96875	
20.723744	2.80368605179953E-03	2.624083914375E-07	0	10.48866181605	3923.96875	
20.72784	2.80282521628312E-03	3.44675857246875E-07	0	10.45495140052	3923.96875	
20.731936	2.80086600402125E-03	4.8909806859375E-07	0	10.42601697687	3923.96875	
20.736032	2.79993394270906E-03	6.0932583298125E-07	0	10.313777353	3970.40625	
20.740128	0.002802660272335	4.52651230040625E-07	0	10.25410034264	3970.40625	
20.744224	2.80155476386672E-03	4.51978394175E-07	0	10.28644128446	3970.40625	
20.74832	2.80130817083562E-03	5.202408259125E-07	0	10.18981900145	3970.40625	
20.752416	2.8017927622575E-03	4.80737740415625E-07	0	10.12207773643	4018.02734375	
20.756512	2.80114971858391E-03	5.012273833875E-07	0	10.11434917449	4018.02734375	
20.760608	2.79976753584344E-03	5.9357392565625E-07	0	10.0414847808	4018.02734375	
20.764704	2.80258694359531E-03	4.75166832525E-07	0	9.94713605303	4018.02734375	
20.7688	2.80275764778109E-03	3.8283423255E-07	0	9.98011786277	4018.02734375	
20.772896	2.80178435048188E-03	4.799456739E-07	0	9.93418899517	4062.30859375	
20.776992	2.80211112967844E-03	4.71176211515625E-07	0	9.81756629249	4062.30859375	
20.781088	2.80164610477813E-03	4.91086287759375E-07	0	9.83369480181	4062.30859375	
20.785184	2.80029592335797E-03	5.6204943795E-07	0	9.77057694107	4062.30859375	
20.78928	2.80283408522047E-03	4.8494038044375E-07	0	9.65119240283	4109.1875	
20.793376	2.80508085220344E-03	2.8873432665E-07	0	9.65298912182	4109.1875	
20.797472	2.80378434156906E-03	3.688044388875E-07	0	9.64323495949	4109.19140625	
20.801568	2.80399381306859E-03	4.07405602209375E-07	0	9.5305833491	4109.19140625	
20.805664	2.80324607936141E-03	4.4588561180625E-07	0	9.53059097848	4109.19140625	
20.80976	2.80160971470531E-03	5.323869676125E-07	0	9.50192358313	4156.26953125	
20.813856	2.80191619592156E-03	5.68822267715625E-07	0	9.41085548876	4156.26953125	
20.817952	2.80504674793922E-03	3.70891215646875E-07	0	9.37211349712	4156.26953125	
20.822048	2.80443863142094E-03	3.598756016625E-07	0	9.39411662904	4156.26953125	
20.826144	2.80522494957719E-03	3.72338329584375E-07	0	9.30304853467	4156.26953125	
20.83024	2.80580453920422E-03	3.38393892375E-07	0	9.24439386123	4156.26953125	
20.834336	2.80575333709172E-03	3.53066233471875E-07	0	9.26137304642	4202.65234375	
20.838432	2.80580499636594E-03	3.8957701426875E-07	0	9.16301507946	4202.65234375	
20.842528	2.80962257101453E-03	2.2980025096875E-07	0	9.07416713467	4202.65234375	
20.846624	2.81022373867469E-03	1.50058744171875E-07	0	9.1211908183	4202.65234375	
20.85072	2.8099265835575E-03	2.35686302775E-07	0	9.06699933216	4202.65234375	
20.854816	2.81088049719984E-03	2.23990401009375E-07	0	8.96769532208	4248.53125	
20.858912	2.81097503824328E-03	2.40204807871875E-07	0	8.99158291086	4248.53125	
20.863008	2.81014154099766E-03	3.051612333E-07	0	8.93377891329	4248.53125	
20.867104	2.81293607915203E-03	2.44464418996875E-07	0	8.83392558785	4248.53125	
20.8712	2.8157431435375E-03	6.082445840625E-08	0	8.85069877978	4248.53125	
20.875296	2.8156729234975E-03	9.6833316628125E-08	0	8.84888298734	4293.51171875	
20.879392	2.81719664350609E-03	8.0266987040625E-08	0	8.74658063092	4293.51171875	
20.883488	2.81737950819359E-03	9.693115306875E-08	0	8.74358991396	4293.51171875	
20.887584	2.81678803236188E-03	1.596767634E-07	0	8.71756228409	4293.51171875	
20.89168	2.81776791278984E-03	1.9007817530625E-07	0	8.62347295524	4340.7890625	
20.895776	2.82123136997109E-03	2.3782908909375E-08	0	8.57865797712	4340.7890625	
20.899872	2.82068277590859E-03	3.8015586984375E-08	0	8.62289693705	4340.79296875	
20.903968	2.8217557344625E-03	7.0442477634375E-08	0	8.52408120729	4340.79296875	
20.908064	2.82285941428391E-03	3.1771122075E-08	0	8.48234849869	4340.79296875	
20.91216	2.82309704694531E-03	4.6250674903125E-08	0	8.48584656942	4387.25390625	
20.916256	2.82282412139922E-03	1.04940279675E-07	0	8.41986387649	4387.25390625	
20.920352	2.8260420827375E-03	8.151914925E-09	0	8.33162246741	4387.25390625	
20.924448	2.82607902140437E-03	-3.569659891875E-08	0	8.38090826221	4387.25390625	
20.928544	2.82521471145891E-03	7.1616034153125E-08	0	8.33865675577	4387.25390625	
20.93264	2.82506549387391E-03	1.0308403153125E-07	0	8.24736740938	4387.25390625	
20.936736	2.82434674421969E-03	1.585488799125E-07	0	8.2783732097	4433.33203125	
20.940832	2.82357468950906E-03	2.03944267209375E-07	0	8.22961384212	4433.33203125	
20.944928	2.82618490005844E-03	1.3417823120625E-07	0	8.11622599656	4433.33203125	
20.949024	2.82858061032938E-03	-3.3642514434375E-08	0	8.13708472148	4433.33203125	
20.95312	2.82794332689344E-03	9.082683225E-09	0	8.14574025309	4433.33203125	
20.957216	2.82913395887375E-03	3.48509266875E-09	0	8.03805536908	4477.515625	
20.961312	2.82952208917297E-03	-2.915622084375E-09	0	8.03794092838	4477.515625	
20.965408	2.82909839169203E-03	2.97307395E-08	0	8.01779555049	4477.515625	
20.969504	2.82990327061406E-03	5.703023143125E-08	0	7.93343749583	4524.97265625	
20.9736	2.83385077062312E-03	-1.10281860871875E-07	0	7.9001085493	4524.97265625	
20.977696	2.83408145442641E-03	-1.41972213796875E-07	0	7.94019712651	4524.97265625	
20.981792	2.83566451402609E-03	-1.4017149444375E-07	0	7.87655283855	4524.97265625	
20.985888	2.83709460731469E-03	-1.811623188375E-07	0	7.81250419345	4524.97265625	
20.989984	2.83811416937984E-03	-1.88240917528125E-07	0	7.83897432736	4571.015625	
20.99408	2.83893568898844E-03	-1.6919165773125E-07	0	7.76711701183	4571.015625	
20.998176	2.84346405867734E-03	-2.9778575990625E-07	0	7.68069902457	4571.015625	
21.002272	2.8449283476625E-03	-3.8484817284375E-07	0	7.73056465225	4571.015625	
21.006368	2.84512931595406E-03	-3.0971747874375E-07	0	7.71037349808	4571.015625	
21.010464	2.84698045518563E-03	-3.23005446225E-07	0	7.60223848065	4618.1953125	
21.01456	2.84828519473094E-03	-3.34261925353125E-07	0	7.63274455658	4618.1953125	
21.018656	2.84889669424594E-03	-3.16497520040625E-07	0	7.58980259125	4618.1953125	
21.022752	2.85217436090469E-03	-3.63835934240625E-07	0	7.49739935538	4618.1953125	
21.026848	2.85573144480594E-03	-5.1359131333125E-07	0	7.50156118217	4618.1953125	
21.030944	2.85596770598219E-03	-4.7917500159375E-07	0	7.52169511599	4618.1953125	
21.03504	2.85784572632281E-03	-4.704370295625E-07	0	7.42852894212	4662.13671875	
21.039136	2.85880183434141E-03	-4.67162753990625E-07	0	7.42064397789	4662.13671875	
21.043232	2.85881106900812E-03	-4.18483956515625E-07	0	7.42456166452	4662.13671875	
21.047328	2.85964118325703E-03	-3.69621505378125E-07	0	7.34447606266	4662.13671875	
21.051424	2.86314231056391E-03	-4.779735604875E-07	0	7.28780502802	4708.63671875	
21.05552	2.86291089530187E-03	-4.7351346879375E-07	0	7.34554417586	4708.63671875	
21.059616	2.86343644841375E-03	-4.12994538928125E-07	0	7.28329987913	4708.63671875	
21.063712	2.86488601679156E-03	-4.3683177470625E-07	0	7.21908338767	4708.63671875	
21.067808	0.002865735423265	-4.44518545865625E-07	0	7.24280694478	4708.63671875	
21.071904	2.86622486060109E-03	-4.21423376653125E-07	0	7.17810980238	4755.63671875	
21.076	2.87018223530328E-03	-5.18112222271875E-07	0	7.0968111291	4755.63671875	
21.080096	2.87199277857422E-03	-6.1884216961875E-07	0	7.14009641653	4755.63671875	
21.084192	2.87174837991938E-03	-5.484677207625E-07	0	7.1301515197	4755.63671875	
21.088288	2.87293709182047E-03	-5.344735039875E-07	0	7.03613085527	4801.73828125	
21.092384	2.87371828976547E-03	-5.2687110774375E-07	0	7.06002988812	4801.73828125	
21.09648	2.87419364652062E-03	-5.1071102775E-07	0	7.03204150759	4801.73828125	
21.100576	2.87725416136297E-03	-5.585177107125E-07	0	6.94160665176	4801.73828125	
21.104672	2.88107740481688E-03	-7.177733206875E-07	0	6.93500342337	4801.73828125	
21.108768	2.88125048624359E-03	-7.025175667125E-07	0	6.98222165619	4847.2578125	
21.112864	2.88308608197672E-03	-6.8807767730625E-07	0	6.89416335223	4847.2578125	
21.11696	2.88490558561734E-03	-7.23688459003125E-07	0	6.87287356734	4847.2578125	
21.121056	2.88547676346875E-03	-7.08951214125E-07	0	6.87165286654	4847.2578125	
21.125152	2.88628347103766E-03	-6.65069286853125E-07	0	6.79777758	4847.2578125	
21.129248	2.89031929469078E-03	-7.703963449875E-07	0	6.73704008582	4892.4375	
21.133344	2.89114410586375E-03	-8.103270742875E-07	0	6.79700701262	4892.4375	
21.13744	2.89203017670703E-03	-7.62120391725E-07	0	6.74429944089	4892.4375	
21.141536	2.89391871176719E-03	-7.87248010828125E-07	0	6.67353694139	4892.4375	
21.145632	2.89503528354906E-03	-7.9231891921875E-07	0	6.71273669583	4892.4375	
21.149728	2.89583796809484E-03	-7.69148509696875E-07	0	6.66070050954	4939.59765625	
21.153824	2.89980512605781E-03	-8.5114386039375E-07	0	6.57068145492	4939.59765625	
21.15792	2.90188841201016E-03	-9.45979582865625E-07	0	6.61247138387	4939.59765625	
21.162016	2.90136779624484E-03	-8.66622450684375E-07	0	6.61849477938	4939.59765625	
21.166112	2.90261420195484E-03	-8.35759020009375E-07	0	6.51771829896	4986.09765625	
21.170208	2.90362800378234E-03	-8.3858762295E-07	0	6.54176610472	4986.09765625	
21.174304	0.002903970235045	-8.1713043286875E-07	0	6.52258965809	4986.09765625	
21.1784	2.90646716092047E-03	-8.3872608435E-07	0	6.44161141877	4986.09765625	
21.182496	2.91061581208578E-03	-9.92898766715625E-07	0	6.42211453818	4986.09765625	
21.186592	2.91103137208812E-03	-9.9796005973125E-07	0	6.46397694624	4986.09765625	
21.190688	2.91251394754203E-03	-9.70425712265625E-07	0	6.39290927154	5031.8984375	
21.194784	2.91419054242938E-03	-9.9052160563125E-07	0	6.34919292414	5031.8984375	
21.19888	2.91489960025516E-03	-9.79996375771875E-07	0	6.38224721299	5031.8984375	
21.202976	2.91557894256922E-03	-9.3836204240625E-07	0	6.30726948104	5031.8984375	
21.207072	2.91920149202859E-03	-1.02324633252187E-06	0	6.23754076253	5076.1796875	
21.211168	2.91988888038891E-03	-1.05573716541563E-06	0	6.30618229439	5076.1796875	
21.215264	2.92029017694563E-03	-9.971999643375E-07	0	6.28173013149	5076.1796875	
21.21936	2.92241506461437E-03	-1.02546604184062E-06	0	6.19246638549	5076.1796875	
21.223456	2.92378179528875E-03	-1.05480158942812E-06	0	6.23169665745	5076.1796875	
21.227552	2.92424426008344E-03	-1.02909488436562E-06	0	6.18411602908	5076.1796875	
21.231648	2.92780417838734E-03	-1.08894266105625E-06	0	6.10112363344	5123.62109375	
21.235744	2.93065769040344E-03	-1.20724807159687E-06	0	6.12470223233	5123.62109375	
21.23984	2.93047089412516E-03	-1.15922432154375E-06	0	6.14748356101	5123.62109375	
21.243936	2.93167112650156E-03	-1.126562334975E-06	0	6.05287543432	5123.62109375	
21.248032	2.93269187718719E-03	-1.12573108580625E-06	0	6.06281270177	5169.28125	
21.252128	2.93298089482578E-03	-1.09925803535625E-06	0	6.06415928734	5169.28125	
21.256224	2.93515049291063E-03	-1.10953807315312E-06	0	5.9833031181	5169.28125	
21.26032	2.93916400707188E-03	-1.2479785597125E-06	0	5.94380581784	5169.28125	
21.264416	2.93975036269234E-03	-1.26640522397812E-06	0	6.0156135424	5169.28125	
21.268512	2.94114808893125E-03	-1.2373785703125E-06	0	5.94599926459	5169.28125	
21.272608	2.94362508255578E-03	-1.28802731774062E-06	0	5.9032709219	5216.4609375	
21.276704	2.94464272454172E-03	-1.29882826847812E-06	0	5.9304696616	5216.4609375	
21.2808	2.94524709233391E-03	-1.2550131680625E-06	0	5.87781931022	5216.4609375	
21.284896	2.94896271991922E-03	-1.32846093115312E-06	0	5.79872552776	5216.4609375	
21.288992	2.95052996172344E-03	-1.39306375116562E-06	0	5.85740690403	5260.2421875	
21.293088	2.95074373054313E-03	-1.3339150122375E-06	0	5.84389908674	5260.2421875	
21.297184	2.95276840836313E-03	-1.34508110684062E-06	0	5.75246478213	5260.2421875	
21.30128	2.95432586690656E-03	-1.37169454176562E-06	0	5.78805202514	5260.2421875	
21.305376	2.95512690567016E-03	-1.35800465160937E-06	0	5.76316498758	5260.2421875	
21.309472	2.95864805666031E-03	-1.41446060476875E-06	0	5.66650837236	5307.1796875	
21.313568	2.96180027814344E-03	-1.53601264667812E-06	0	5.68557800767	5307.1796875	
21.317664	2.96141507367922E-03	-1.48360572793125E-06	0	5.72703605859	5307.1796875	
21.32176	2.96264227859703E-03	-1.4373899087625E-06	0	5.64268563331	5307.1796875	
21.325856	2.96431896491672E-03	-1.45963459805625E-06	0	5.63728403227	5353.80078125	
21.329952	2.96494564220078E-03	-1.44972018489375E-06	0	5.63978265422	5353.80078125	
21.334048	2.96668815980797E-03	-1.44382403694375E-06	0	5.57421957719	5353.80078125	
21.338144	2.97090575096047E-03	-1.56905179633125E-06	0	5.53303999864	5353.80078125	
21.34224	2.97198666412828E-03	-1.61040752420625E-06	0	5.5935562408	5353.80078125	
21.346336	2.97326223675594E-03	-1.57751332633125E-06	0	5.54906932602	5353.80078125	
21.350432	2.97544975558016E-03	-1.61033901465937E-06	0	5.48314385344	5399.98046875	
21.354528	2.97665611392359E-03	-1.61699141185312E-06	0	5.52251145424	5399.98046875	
21.358624	2.97751457219906E-03	-1.58682197086875E-06	0	5.47267634408	5399.98046875	
21.36272	2.98142687075578E-03	-1.66356492297187E-06	0	5.39097712835	5399.98046875	
21.366816	2.98344487401469E-03	-1.74513791832187E-06	0	5.44035447571	5399.98046875	
21.370912	2.98355898157969E-03	-1.68309783613125E-06	0	5.44770538334	5444.9609375	
21.375008	2.98592890792969E-03	-1.69225840389375E-06	0	5.35769777279	5444.9609375	
21.379104	2.98841915924406E-03	-1.75077853768125E-06	0	5.39093898145	5444.9609375	
21.3832	2.98984120648641E-03	-1.7646626584125E-06	0	5.37554289261	5444.9609375	
21.387296	2.99350023745094E-03	-1.822230870075E-06	0	5.29548399358	5490.86328125	
21.391392	2.99771718857703E-03	-1.96845259885312E-06	0	5.28966659133	5490.86328125	
21.395488	2.99834359156406E-03	-1.95602064013125E-06	0	5.33985265297	5490.86328125	
21.399584	3.00001186610812E-03	-1.91734471726875E-06	0	5.26567219123	5490.86328125	
21.40368	3.00234604241172E-03	-1.94535911233125E-06	0	5.2456946597	5490.86328125	
21.407776	3.00344030470172E-03	-1.94131945290937E-06	0	5.2742666878	5537.703125	
21.411872	3.00528796950422E-03	-1.92259543317187E-06	0	5.21131285873	5537.703125	
21.415968	3.00981871643406E-03	-2.04131959329375E-06	0	5.14879771901	5537.703125	
21.420064	3.01143286303062E-03	-2.090142140625E-06	0	5.21970517673	5537.703125	
21.42416	3.01268621759875E-03	-2.04831598052812E-06	0	5.18734516146	5537.703125	
21.428256	3.01567587237469E-03	-2.08820920986562E-06	0	5.11398485807	5537.703125	
21.432352	3.01750241630578E-03	-2.12253369477187E-06	0	5.15575189888	5584.140625	
21.436448	3.01830500941922E-03	-2.085526760625E-06	0	5.11849382165	5584.140625	
21.440544	3.02196970918906E-03	-2.1409738205625E-06	0	5.03473848801	5584.140625	
21.44464	3.02456492483406E-03	-2.23079272112812E-06	0	5.08061776464	5584.140625	
21.448736	3.02482212401703E-03	-2.17980407019375E-06	0	5.10052281706	5629.62109375	
21.452832	3.02687222002859E-03	-2.16804927425625E-06	0	5.01417730891	5629.62109375	
21.456928	3.02908268837109E-03	-2.211703557525E-06	0	5.03184695299	5629.62109375	
21.461024	3.02993264343859E-03	-2.19829635939375E-06	0	5.02710910801	5629.62109375	
21.46512	3.03306054391828E-03	-2.22819705064688E-06	0	4.9452878222	5629.62109375	
21.469216	3.03718697702406E-03	-2.36608297045312E-06	0	4.92141167749	5674.28125	
21.473312	3.03768199173312E-03	-2.358007257375E-06	0	4.99413874234	5674.28125	
21.477408	3.03846410400156E-03	-2.2881986733375E-06	0	4.91949670311	5674.28125	
21.481504	3.04064092524156E-03	-2.30776139415937E-06	0	4.89306853079	5674.28125	
21.4856	3.04134376566797E-03	-2.30308471614375E-06	0	4.9241544396	5674.28125	
21.489696	3.04255734716656E-03	-2.27684892507187E-06	0	4.87180544873	5721.90234375	
21.493792	3.04661173158547E-03	-2.38582477763437E-06	0	4.80193940138	5721.90234375	
21.497888	3.04861391704891E-03	-2.46458094887813E-06	0	4.8659804171	5721.90234375	
21.501984	3.04973058026312E-03	-2.43777496606875E-06	0	4.84945899471	5721.90234375	
21.50608	3.05266839290016E-03	-2.48422972730625E-06	0	4.76717613141	5721.90234375	
21.510176	3.05457823169641E-03	-2.52832751974687E-06	0	4.81276167691	5767.3828125	
21.514272	3.05533986311984E-03	-2.49139342206562E-06	0	4.78849643382	5767.3828125	
21.518368	3.05921988605922E-03	-2.55838734545625E-06	0	4.70566044047	5767.3828125	
21.522464	3.06257152148406E-03	-2.68449563280937E-06	0	4.72967772871	5767.3828125	
21.52656	3.06327893352766E-03	-2.66158724225625E-06	0	4.76800391914	5767.3828125	
21.530656	3.06561146404906E-03	-2.65521633516562E-06	0	4.68104806059	5814.18359375	
21.534752	3.06873022129438E-03	-2.730341500425E-06	0	4.68865073776	5814.18359375	
21.538848	3.07022952886719E-03	-2.74193355614063E-06	0	4.69736348972	5814.18359375	
21.542944	3.07337306427766E-03	-2.76940924981875E-06	0	4.62280537367	5814.18359375	
21.54704	3.07810551095781E-03	-2.9185288122375E-06	0	4.59756356994	5814.18359375	
21.551136	3.07964852319094E-03	-2.95090017409687E-06	0	4.66320675546	5858.00390625	
21.555232	0.00308110906345	-2.9022307516125E-06	0	4.61419561834	5858.00390625	
21.559328	3.08394264321516E-03	-2.9371114859625E-06	0	4.55831040984	5858.00390625	
21.563424	3.08505875783531E-03	-2.93508889183125E-06	0	4.606619644	5858.00390625	
21.56752	3.08620312504969E-03	-2.88596225826563E-06	0	4.55662813155	5858.00390625	
21.571616	3.0903883491525E-03	-2.98615831191562E-06	0	4.47640520085	5905.2421875	
21.575712	3.09276906451906E-03	-3.07250413903125E-06	0	4.54296772666	5905.2421875	
21.579808	0.003093617008075	-3.03187917965625E-06	0	4.55274096244	5905.2421875	
21.583904	3.09653689997266E-03	-3.06004189187812E-06	0	4.45523367135	5905.2421875	
21.588	3.0987386822425E-03	-3.1173439980375E-06	0	4.49983121214	5905.2421875	
21.592096	3.09893224451422E-03	-3.06660726992812E-06	0	4.47588640301	5951.6640625	
21.596192	3.10166534013359E-03	-3.0830286477375E-06	0	4.39793702755	5951.6640625	
21.600288	3.10468434469187E-03	-3.18972517565625E-06	0	4.4093620241	5951.6640625	
21.604384	3.10470372834875E-03	-3.15201728067187E-06	0	4.46329029663	5951.6640625	
21.60848	3.10566395082281E-03	-3.0964690189125E-06	0	4.38119053845	5951.6640625	
21.612576	3.1076712564975E-03	-3.14122907030625E-06	0	4.37587286059	5997.921875	
21.616672	3.10787789359437E-03	-3.12672644057812E-06	0	4.40440674179	5997.921875	
21.620768	3.10985063784313E-03	-3.129621870375E-06	0	4.33640607785	5997.921875	
21.624864	3.11366839535641E-03	-3.27176571861562E-06	0	4.28140587743	5997.921875	
21.62896	3.11404345083047E-03	-3.286844790075E-06	0	4.36173561945	5997.921875	
21.633056	3.11368668182516E-03	-3.19081555918125E-06	0	4.32358871945	5997.921875	
21.637152	3.11542682219141E-03	-3.20855784913125E-06	0	4.26549099075	6042.3046875	
21.641248	3.11545681200016E-03	-3.2107112123625E-06	0	4.30514850799	6042.3046875	
21.645344	3.11477554960688E-03	-3.1245439908375E-06	0	4.2740168229	6042.3046875	
21.64944	3.11732486621531E-03	-3.1839631621875E-06	0	4.19169199801	6042.3046875	
21.653536	3.11887729597984E-03	-3.2743111487625E-06	0	4.24692107983	6042.3046875	
21.657632	3.11848441119875E-03	-3.23746911829687E-06	0	4.26039456491	6088.76171875	
21.661728	3.11963051562766E-03	-3.23702056105312E-06	0	4.17401472455	6088.76171875	
21.665824	3.12033015592203E-03	-3.2693130768375E-06	0	4.20003853973	6088.76171875	
21.66992	3.11939196864281E-03	-3.20488525665E-06	0	4.19968377356	6088.76171875	
21.674016	3.12105530584031E-03	-3.22036721232187E-06	0	4.11333063603	6135.46484375	
21.678112	3.12298571691391E-03	-3.33301421505937E-06	0	4.11210612054	6135.46484375	
21.682208	3.12196222325797E-03	-3.2947034360625E-06	0	4.18226589902	6135.46484375	
21.686304	3.12181273137594E-03	-3.23055277905937E-06	0	4.11361673778	6135.46484375	
21.6904	0.003123337640005	-3.28722988584375E-06	0	4.08342728112	6182.08203125	
21.694496	3.12290159915766E-03	-3.28376426430937E-06	0	4.11645486714	6182.08203125	
21.698592	3.12372019293125E-03	-3.27371763974062E-06	0	4.06048192077	6182.08203125	
21.702688	3.12709194347172E-03	-3.4266109964625E-06	0	3.99988557012	6182.08203125	
21.706784	3.12792516642031E-03	-3.49834217473125E-06	0	4.0724104564	6182.08203125	
21.71088	3.12735151989562E-03	-3.42612277579687E-06	0	4.06246937426	6226.86328125	
21.714976	3.12845812555203E-03	-3.42649777542187E-06	0	3.97439199685	6226.86328125	
21.719072	3.12817313093656E-03	-3.4183725431625E-06	0	4.0306396009	6226.86328125	
21.723168	3.12696750405187E-03	-3.32033826619687E-06	0	3.99726487809	6226.86328125	
21.727264	3.12885750202953E-03	-3.36677403706875E-06	0	3.91110247506	6226.86328125	
21.73136	3.12982065033859E-03	-3.45293164321875E-06	0	3.94541561161	6226.86328125	
21.735456	3.12875180624016E-03	-3.3982581402E-06	0	3.99401476221	6272.1015625	
21.739552	3.12963741992172E-03	-3.39272280919687E-06	0	3.89745351424	6272.1015625	
21.743648	3.13075554605344E-03	-3.46472081412187E-06	0	3.92360702888	6272.1015625	
21.747744	3.12939512421078E-03	-3.40629923792812E-06	0	3.92292038468	6272.1015625	
21.75184	3.13014450370016E-03	-3.39201079067812E-06	0	3.85417585619	6272.1015625	
21.755936	3.13220136570516E-03	-3.5128359102375E-06	0	3.83324083747	6319.50390625	
21.760032	3.13130340865719E-03	-3.50245202639062E-06	0	3.9055177689	6319.50390625	
21.764128	3.13025513683609E-03	-3.40812014956875E-06	0	3.85196715068	6319.50390625	
21.768224	3.13090128920937E-03	-3.42508527683437E-06	0	3.80091515441	6319.50390625	
21.77232	3.13020951209656E-03	-3.423975422175E-06	0	3.85502653206	6365.2421875	
21.776416	3.13044943056656E-03	-3.40967615762812E-06	0	3.79229395501	6365.2421875	
21.780512	3.13340333529609E-03	-3.55966398840937E-06	0	3.72130257411	6365.2421875	
21.784608	3.13384147908734E-03	-3.63079757112187E-06	0	3.80094948662	6365.2421875	
21.788704	3.13256106054547E-03	-3.53919141272812E-06	0	3.79629937951	6411.8046875	
21.7928	3.13330047390937E-03	-3.5352031955625E-06	0	3.71048792796	6411.8046875	
21.796896	3.13319742965797E-03	-3.5626897065375E-06	0	3.75675630297	6411.80078125	
21.800992	3.13160614114734E-03	-3.47534147657812E-06	0	3.73386816297	6411.80078125	
21.805088	3.13309804270031E-03	-3.51061499899687E-06	0	3.65248175182	6411.80078125	
21.809184	3.13474217910563E-03	-3.63346727999062E-06	0	3.68267120848	6411.80078125	
21.81328	3.13366245455828E-03	-3.6008194761E-06	0	3.73243383953	6455.703125	
21.817376	3.13373989775344E-03	-3.56842744118437E-06	0	3.6519553246	6455.703125	
21.821472	3.13421534594094E-03	-3.6116608114125E-06	0	3.65585012309	6455.703125	
21.825568	3.13241175152812E-03	-3.53910679742812E-06	0	3.67274919979	6455.703125	
21.829664	3.13263621793203E-03	-3.50417125544062E-06	0	3.6006477441	6455.703125	
21.83376	3.13423536962422E-03	-3.62020262979375E-06	0	3.56011666285	6503.30078125	
21.837856	3.13248224586516E-03	-3.58866612286875E-06	0	3.6508109176	6503.30078125	
21.841952	3.13044147595266E-03	-3.46007706876562E-06	0	3.5995033371	6503.30078125	
21.846048	3.13070589829078E-03	-3.47749988788125E-06	0	3.5532311474	6503.30078125	
21.850144	3.12917129783328E-03	-3.46376624776875E-06	0	3.5950782967	6503.30078125	
21.85424	3.12772566104625E-03	-3.38344685693437E-06	0	3.55939187175	6549.984375	
21.858336	3.12954836481891E-03	-3.4970580414E-06	0	3.48212151111	6549.984375	
21.862432	3.12962050493812E-03	-3.5927742918375E-06	0	3.55489816693	6549.984375	
21.866528	3.12721921729422E-03	-3.48861213638437E-06	0	3.55163279229	6549.984375	
21.870624	3.12647422655734E-03	-3.43859920562812E-06	0	3.47033030432	6549.984375	
21.87472	3.12513684566531E-03	-3.42582710301562E-06	0	3.51194857222	6596.40234375	
21.878816	3.12233243281781E-03	-3.3117957266625E-06	0	3.5038690588	6596.40234375	
21.882912	3.12287992969219E-03	-3.3443264633625E-06	0	3.41949956007	6596.40234375	
21.887008	3.12341965481734E-03	-3.47168955715312E-06	0	3.43858826883	6596.40234375	
21.891104	3.12108840434875E-03	-3.40990019586562E-06	0	3.49599172395	6640.54296875	
21.8952	3.12030290908359E-03	-3.35928390032812E-06	0	3.4236079812	6640.54296875	
21.899296	3.12085250890188E-03	-3.43863478251562E-06	0	3.41521947789	6640.54296875	
21.903392	3.11924695694563E-03	-3.41794730320312E-06	0	3.4374553059	6640.54296875	
21.907488	3.11930849091297E-03	-3.41374105740937E-06	0	3.37492490742	6640.54296875	
21.911584	3.12121165514813E-03	-3.56462672383125E-06	0	3.34085591103	6687.33984375	
21.91568	3.12013915375594E-03	-3.57574089540937E-06	0	3.41150778452	6687.33984375	
21.919776	3.11852134986563E-03	-3.47136840362812E-06	0	3.38314174968	6687.33984375	
21.923872	3.11880917888375E-03	-3.48714002247187E-06	0	3.3195813849	6687.33984375	
21.927968	3.11788150632406E-03	-3.49286838212812E-06	0	3.371041553	6687.33984375	
21.932064	3.11698245208797E-03	-3.44408573860312E-06	0	3.33576711457	6733.703125	
21.93616	3.11941638107859E-03	-3.58146036084375E-06	0	3.25658940893	6733.703125	
21.940256	3.12009563196031E-03	-3.6926799611625E-06	0	3.3100446599	6733.703125	
21.944352	3.11845423852531E-03	-3.60535576964062E-06	0	3.34171803097	6733.703125	
21.948448	0.00311836079467	-3.564948358125E-06	0	3.24852133958	6780.76171875	
21.952544	3.11800265417953E-03	-3.57926108419687E-06	0	3.28922789657	6780.76171875	
21.95664	3.11582885020688E-03	-3.47434099680937E-06	0	3.27772279153	6780.76171875	
21.960736	3.11630192115344E-03	-3.46873835818125E-06	0	3.21353681759	6780.76171875	
21.964832	3.11760492348422E-03	-3.59865000711562E-06	0	3.20867308784	6780.76171875	
21.968928	3.11585563988359E-03	-3.558698364375E-06	0	3.26934954698	6825.12109375	
21.973024	3.11482830606922E-03	-3.48047007721875E-06	0	3.20816954876	6825.12109375	
21.97712	3.11500961640687E-03	-3.51906595208437E-06	0	3.18399204354	6825.12109375	
21.981216	3.11328547670078E-03	-3.47771575305E-06	0	3.22671657154	6825.12109375	
21.985312	3.11236585018734E-03	-3.4126360104375E-06	0	3.17453161234	6825.12109375	
21.989408	3.11339528694563E-03	-3.51085009491562E-06	0	3.10746554745	6870.83984375	
21.993504	3.11160376160219E-03	-3.495140735625E-06	0	3.19357835951	6870.83984375	
21.9976	0.003108772833375	-3.34778174836875E-06	0	3.17371526868	6870.83984375	
22.001696	3.10786216723125E-03	-3.31755028821562E-06	0	3.10218983118	6870.83984375	
22.005792	3.10588786863266E-03	-3.29418781157812E-06	0	3.15078516709	6870.83984375	
22.009888	0.003103149378505	-3.18325523020313E-06	0	3.12860655943	6870.83984375	
22.013984	3.10332602579313E-03	-3.22466191956562E-06	0	3.04691115839	6918.1015625	
22.01808	3.10265811252203E-03	-3.30812433610312E-06	0	3.09015066954	6918.1015625	
22.022176	3.09953350360672E-03	-3.20375857508438E-06	0	3.12586761201	6918.1015625	
22.026272	3.09791551685172E-03	-3.14345094308437E-06	0	3.04413787876	6918.1015625	
22.030368	3.09659605669906E-03	-3.1591920331125E-06	0	3.05438032141	6918.1015625	
22.034464	0.003093359534595	-3.066933471525E-06	0	3.07334696009	6963.83984375	
22.03856	3.09211962058141E-03	-3.02389000495312E-06	0	3.00090981168	6963.83984375	
22.042656	3.09235990478078E-03	-3.14056657096875E-06	0	2.97799496885	6963.83984375	
22.046752	3.08987687662156E-03	-3.10613319194062E-06	0	3.06115902554	6963.83984375	
22.050848	3.08786490789734E-03	-3.024645052275E-06	0	3.01454732843	7010.140625	
22.054944	3.08761740054281E-03	-3.08327504172187E-06	0	2.97482114677	7010.140625	
22.05904	3.08600444256672E-03	-3.09531637583437E-06	0	3.00614738105	7010.140625	
22.063136	3.08467327907406E-03	-3.05267651462812E-06	0	2.96665008079	7010.140625	
22.067232	3.08611754437594E-03	-3.1840266236625E-06	0	2.90353603474	7010.140625	
22.071328	3.0851042911425E-03	-3.23342368965E-06	0	2.96513946355	7054.3203125	
22.075424	3.08245321033547E-03	-3.09990891931875E-06	0	2.9673329103	7054.3203125	
22.07952	3.08187179206156E-03	-3.07587697219688E-06	0	2.89052031246	7054.3203125	
22.083616	3.08121530783344E-03	-3.10939328483437E-06	0	2.93676198464	7054.3203125	
22.087712	3.07956888561953E-03	-3.06210342827813E-06	0	2.92849173672	7101.7421875	
22.091808	3.08092272433344E-03	-3.15076992615E-06	0	2.8475897912	7101.73828125	
22.095904	3.08203472449813E-03	-3.30604621318125E-06	0	2.87264467512	7101.73828125	
22.1	3.08046419112953E-03	-3.25227799771875E-06	0	2.92212501911	7101.73828125	
22.104096	3.08018385956359E-03	-3.21248933558437E-06	0	2.84390480066	7101.73828125	
22.108192	3.08055973792875E-03	-3.26775754954687E-06	0	2.84882575076	7148.16015625	
22.112288	3.07878046451937E-03	-3.20446843014375E-06	0	2.86665561182	7148.16015625	
22.116384	3.07832787441781E-03	-3.14932449490312E-06	0	2.81462705491	7148.16015625	
22.12048	3.07990727672375E-03	-3.27292629437812E-06	0	2.77714391097	7148.16015625	
22.124576	3.07867284865078E-03	-3.27046235453437E-06	0	2.84502250483	7148.16015625	
22.128672	3.07732605022734E-03	-3.17712446710313E-06	0	2.81606137835	7194.21875	
22.132768	3.07762521685609E-03	-3.20931433875937E-06	0	2.75219965306	7194.21875	
22.136864	3.07659029415719E-03	-3.20618068804688E-06	0	2.81038893432	7194.21875	
22.14096	3.07532276757578E-03	-0.000003127919949	0	2.76747748651	7194.21875	
22.145056	3.07710688689938E-03	-3.23764171427812E-06	0	2.68724692643	7194.21875	
22.149152	3.07686541407953E-03	-3.3034351581E-06	0	2.7558846436	7238.359375	
22.153248	3.07455336440313E-03	-3.1694843305125E-06	0	2.77863545476	7238.359375	
22.157344	3.07441219286438E-03	-3.1387612843125E-06	0	2.69247686642	7238.359375	
22.16144	3.07456031326125E-03	-3.2076631384875E-06	0	2.73132566938	7238.359375	
22.165536	3.07306667449375E-03	-3.15655910305312E-06	0	2.71923691677	7238.359375	
22.169632	3.07419330383344E-03	-3.20078526075E-06	0	2.65092344825	7285.640625	
22.173728	3.07617299694031E-03	-3.37456056774375E-06	0	2.64873381619	7285.640625	
22.177824	3.0753085955625E-03	-3.35484063554062E-06	0	2.71188219445	7285.640625	
22.18192	3.07540770822313E-03	-3.31519404057187E-06	0	2.64507552848	7285.640625	
22.186016	3.07636930218234E-03	-3.37763893005E-06	0	2.6287791728	7331.578125	
22.190112	3.07540907970828E-03	-3.33942983364375E-06	0	2.6718470229	7331.578125	
22.194208	3.07542965198563E-03	-3.29347386998438E-06	0	2.60960654086	7331.578125	
22.198304	3.07802633054813E-03	-3.45612322656562E-06	0	2.5458478122	7331.578125	
22.2024	3.07793087518125E-03	-3.49701933951562E-06	0	2.64199325896	7331.578125	
22.206496	3.07711319573109E-03	-3.40199731915312E-06	0	2.61492803341	7331.578125	
22.210592	3.07828773561891E-03	-3.4395504066E-06	0	2.54480258714	7378.796875	
22.214688	3.07855599811547E-03	-3.47611815849375E-06	0	2.59434396617	7378.796875	
22.218784	3.07800968986156E-03	-3.4144071625125E-06	0	2.56790053509	7378.796875	
22.22288	3.08014417792641E-03	-3.49666789755937E-06	0	2.49355222699	7378.796875	
22.226976	3.08126980151031E-03	-3.60481226056875E-06	0	2.53502172198	7378.796875	
22.231072	3.07978375162734E-03	-3.50153111385E-06	0	2.56367385857	7422.63671875	
22.235168	3.07976263075594E-03	-3.44807900384062E-06	0	2.48676970817	7422.63671875	
22.239264	3.07993516358859E-03	-3.47100398091562E-06	0	2.50339794188	7422.63671875	
22.24336	3.07861680062406E-03	-3.3995456389125E-06	0	2.51940056643	7422.63671875	
22.247456	3.07945048073438E-03	-3.404483133975E-06	0	2.44043266874	7468.99609375	
22.251552	3.08138784066609E-03	-3.55701206798437E-06	0	2.42378917627	7468.99609375	
22.255648	3.08035968396063E-03	-3.5206166716875E-06	0	2.50600337515	7468.99609375	
22.259744	3.07990005356859E-03	-3.4418398273875E-06	0	2.44959555412	7468.99609375	
22.26384	3.08072961922344E-03	-3.49051910563125E-06	0	2.40838545805	7468.99609375	
22.267936	3.07955791373828E-03	-3.45115087576875E-06	0	2.45225057836	7516.09765625	
22.272032	3.07844152482109E-03	-3.34639809590625E-06	0	2.4032165531	7516.09765625	
22.276128	3.08026605724062E-03	-3.45889966609687E-06	0	2.34206325771	7516.09765625	
22.280224	3.08013348034219E-03	-3.5202551335875E-06	0	2.41210096611	7516.09765625	
22.28432	3.07881740318625E-03	-3.42457782541875E-06	0	2.41080015682	7516.09765625	
22.288416	3.07931049781609E-03	-3.4413994432125E-06	0	2.33048185887	7562.078125	
22.292512	3.07915698291094E-03	-3.47034244311562E-06	0	2.37972187739	7562.07421875	
22.296608	3.07803428516203E-03	-3.397229295075E-06	0	2.35784081555	7562.07421875	
22.300704	3.08013924057984E-03	-3.49305203579062E-06	0	2.27769417865	7562.07421875	
22.3048	3.08139954400609E-03	-3.63289035749062E-06	0	2.30027714345	7562.07421875	
22.308896	3.07962465934922E-03	-3.52680849241875E-06	0	2.35996941257	7607.65625	
22.312992	3.07950689449047E-03	-3.468486916125E-06	0	2.27188059109	7607.65625	
22.317088	0.00308038930804	-3.54650630925937E-06	0	2.28978293126	7607.65625	
22.321184	3.07935255669422E-03	-3.50980153827187E-06	0	2.30046406326	7607.65625	
22.32528	3.07975943062391E-03	-3.49019699056875E-06	0	2.23852494173	7607.65625	
22.329376	3.08210421307937E-03	-3.6508376953125E-06	0	2.20571860773	7652.63671875	
22.333472	3.08195417260328E-03	-3.67040522382187E-06	0	2.27669091518	7652.63671875	
22.337568	3.08210329875594E-03	-3.62414950084687E-06	0	2.23877289658	7652.63671875	
22.341664	3.08332629778594E-03	-3.6920472694875E-06	0	2.18728602565	7652.63671875	
22.34576	3.08273793065391E-03	-3.67495618080937E-06	0	2.2349887241	7652.63671875	
22.349856	3.08230225553594E-03	-3.59483654939062E-06	0	2.19472467115	7699.65625	
22.353952	3.08518164290531E-03	-3.74645154200625E-06	0	2.11365487927	7699.65625	
22.358048	3.08590990152328E-03	-3.83687693235E-06	0	2.18008007624	7699.65625	
22.362144	3.08484398325984E-03	-3.72378257429062E-06	0	2.1985202877	7699.65625	
22.36624	3.08584215015656E-03	-3.72469940029687E-06	0	2.11095407875	7699.65625	
22.370336	3.08682669363406E-03	-3.7954567814625E-06	0	2.14786501919	7746.17578125	
22.374432	3.08646462155281E-03	-3.76109864274375E-06	0	2.13458989799	7746.17578125	
22.378528	3.08849524247516E-03	-3.82961996845312E-06	0	2.06132496185	7746.17578125	
22.382624	0.00309078187396	-3.99193951767187E-06	0	2.07130419089	7746.17578125	
22.38672	3.09008333085375E-03	-3.93102371320312E-06	0	2.12322975117	7746.17578125	
22.390816	3.09003267733531E-03	-3.84855023798437E-06	0	2.06216419365	7791.875	
22.394912	3.09056947662547E-03	-3.86298291585938E-06	0	2.04659262907	7791.875	
22.399008	3.08948335181406E-03	-3.79541134881562E-06	0	2.0752676538	7791.875	
22.403104	3.08961538011844E-03	-3.75231547845E-06	0	2.01248167109	7791.875	
22.4072	3.09213808991484E-03	-3.9228643463625E-06	0	1.95729073617	7836.07421875	
22.411296	3.09195321371578E-03	-3.950567203275E-06	0	2.03941338249	7836.07421875	
22.415392	3.09137362408875E-03	-3.8578721036625E-06	0	2.02007671888	7836.07421875	
22.419488	3.09273761179281E-03	-3.91517180597812E-06	0	1.94458400378	7836.07421875	
22.423584	3.09241531278109E-03	-3.92243477948437E-06	0	1.99097826356	7836.07421875	
22.42768	3.09096656729437E-03	-3.79565149280625E-06	0	1.95864113643	7883.53515625	
22.431776	3.09258245110547E-03	-3.8647509429375E-06	0	1.88454078318	7883.53515625	
22.435872	3.09332159017234E-03	-3.97421453539687E-06	0	1.92278305043	7883.53515625	
22.439968	3.09168540838094E-03	-3.86209108982812E-06	0	1.94993982854	7883.53515625	
22.444064	3.09157148368063E-03	-3.81845723923125E-06	0	1.87051798274	7883.53515625	
22.44816	3.09150592669016E-03	-3.84276707069063E-06	0	1.89242574741	7883.53515625	
22.452256	3.09008909109141E-03	-3.76540368651562E-06	0	1.8949854044	7929.375	
22.456352	3.09110709880672E-03	-3.79890605685937E-06	0	1.8232692324	7929.375	
22.460448	3.09249083589703E-03	-3.95959171348125E-06	0	1.80538978037	7929.375	
22.464544	3.09028091614859E-03	-3.854890375875E-06	0	1.8759119544	7929.375	
22.46864	3.08861885900391E-03	-3.70840662812812E-06	0	1.80905188277	7976.65234375	
22.472736	3.08847302441562E-03	-3.72770901267187E-06	0	1.78058666599	7976.65234375	
22.476832	3.08648958258266E-03	-3.66816171645E-06	0	1.81499898448	7976.65234375	
22.480928	3.08488531067922E-03	-3.56278826413125E-06	0	1.75913666412	7976.65234375	
22.485024	3.08622698889141E-03	-3.68935256064375E-06	0	1.70322856748	7976.65234375	
22.48912	3.08548007807531E-03	-3.74207750791875E-06	0	1.76778456635	7976.65234375	
22.493216	3.08347441818281E-03	-3.62806440077812E-06	0	1.75685929419	8020.29296875	
22.497312	3.08291402934797E-03	-3.620086764525E-06	0	1.67868485202	8020.29296875	
22.501408	3.08141618469266E-03	-3.60293245475625E-06	0	1.72238594066	8020.29296875	
22.505504	3.07865154491469E-03	-3.46209677828437E-06	0	1.69389402105	8020.29296875	
22.5096	3.07885132458578E-03	-3.496298426775E-06	0	1.60878828715	8020.29296875	
22.513696	3.07821678412016E-03	-3.57930940145625E-06	0	1.63745949719	8067.0703125	
22.517792	3.07481842676766E-03	-3.41656845842812E-06	0	1.68533385669	8067.0703125	
22.521888	3.07291251956219E-03	-3.31061447784375E-06	0	1.59758835731	8067.0703125	
22.525984	3.0716220434625E-03	-3.32741373989062E-06	0	1.61183240977	8067.0703125	
22.53008	3.06845866723344E-03	-3.221567932275E-06	0	1.61263349467	8113.83203125	
22.534176	3.06712887522594E-03	-3.18107350161562E-06	0	1.54612818921	8113.83203125	
22.538272	3.06765826849625E-03	-3.34277406106875E-06	0	1.51157854188	8113.83203125	
22.542368	3.0648341062625E-03	-3.29244983254687E-06	0	1.57988438102	8113.83203125	
22.546464	3.06175567068078E-03	-3.12552740331562E-06	0	1.52948469674	8113.83203125	
22.55056	0.00306005475479	-3.10144810047187E-06	0	1.47390466344	8160.09375	
22.554656	3.05695995281875E-03	-3.02581452225937E-06	0	1.52607436388	8160.09375	
22.558752	3.05396270915828E-03	-2.900406714975E-06	0	1.47493081505	8160.09375	
22.562848	3.05420729067781E-03	-3.01307559269062E-06	0	1.3967105966	8160.09375	
22.566944	3.05243642904406E-03	-3.066510395025E-06	0	1.46484858938	8160.09375	
22.57104	3.04942099034719E-03	-2.93439586367813E-06	0	1.45569714807	8205.09375	
22.575136	0.00304852111322	-2.94435354602812E-06	0	1.36978269989	8205.09375	
22.579232	3.04669895804141E-03	-2.95780834026562E-06	0	1.40773123601	8205.09375	
22.583328	3.04331714994313E-03	-2.81997674732812E-06	0	1.38591883859	8205.09375	
22.587424	3.04262381848047E-03	-2.8199741031E-06	0	1.30391826235	8205.09375	
22.59152	3.04230554249188E-03	-2.94810209997187E-06	0	1.3211034408	8205.09375	
22.595616	3.03883888517859E-03	-2.82106713085312E-06	0	1.36633422013	8250.76953125	
22.599712	3.03699378048172E-03	-2.73448452512812E-06	0	1.2907003615	8250.76953125	
22.603808	3.03612444175734E-03	-2.7838279854E-06	0	1.27199312174	8250.76953125	
22.607904	3.03436281479031E-03	-2.77258328510625E-06	0	1.2955831647	8250.76953125	
22.612	3.03419320779266E-03	-2.80011498834375E-06	0	1.22461848663	8297.58984375	
22.616096	3.03620151922313E-03	-3.02253760245937E-06	0	1.17682423562	8297.58984375	
22.620192	3.03507260407484E-03	-3.041848881225E-06	0	1.25098180922	8297.58984375	
22.624288	3.03417437272984E-03	-2.95998333809062E-06	0	1.21216352378	8297.58984375	
22.628384	3.0355084620575E-03	-3.06686832735937E-06	0	1.14418574798	8297.58984375	
22.63248	3.03566782863266E-03	-3.12676970976562E-06	0	1.18645632787	8344.171875	
22.636576	3.03553936618969E-03	-3.09569233699687E-06	0	1.14393016375	8344.171875	
22.640672	3.03919281978125E-03	-3.2953361277375E-06	0	1.06770884286	8344.171875	
22.644768	3.04213236963281E-03	-3.5301378160125E-06	0	1.11072710199	8344.171875	
22.648864	3.04290963598703E-03	-3.51563879205E-06	0	1.12763762276	8389.69140625	
22.65296	3.04560186134875E-03	-3.58950169895625E-06	0	1.03438752571	8389.69140625	
22.657056	3.04800461191016E-03	-3.69763500428437E-06	0	1.06022060639	8389.69140625	
22.661152	3.04904374049688E-03	-3.68750616825937E-06	0	1.05180158556	8389.69140625	
22.665248	3.05226993074609E-03	-3.76796618395312E-06	0	0.97606854499	8389.69140625	
22.669344	3.05588873147938E-03	-3.96243329717812E-06	0	0.95431336792	8389.69140625	
22.67344	3.05613861607484E-03	-3.89176942553437E-06	0	1.01944919967	8389.69140625	
22.677536	3.05723754141438E-03	-3.80956181543437E-06	0	0.94266330466	8434.30859375	
22.681632	3.05929065469328E-03	-3.86383700154375E-06	0	0.92280402852	8434.30859375	
22.685728	3.05941600843656E-03	-3.81327743671875E-06	0	0.94341479859	8434.30859375	
22.689824	3.05985278074266E-03	-3.7252260824625E-06	0	0.8891660921	8434.30859375	
22.69392	3.06237009603078E-03	-3.83812284456562E-06	0	0.8286269618	8481.7265625	
22.698016	3.06168453631734E-03	-3.7992625468875E-06	0	0.88691923969	8481.7265625	
22.702112	3.05943959798125E-03	-3.57123176530312E-06	0	0.86229923043	8481.7265625	
22.706208	3.05813412697719E-03	-3.45422130539062E-06	0	0.78404467977	8481.7265625	
22.710304	3.05528399795781E-03	-3.30318563911875E-06	0	0.82441554404	8527.3671875	
22.7144	3.05101054164328E-03	-3.04118806457812E-06	0	0.78889315076	8527.3671875	
22.718496	3.04933230097375E-03	-2.96596794749062E-06	0	0.70244846067	8527.3671875	
22.722592	3.04667811146703E-03	-2.9458807079625E-06	0	0.73716976905	8527.3671875	
22.726688	3.04159547891031E-03	-2.71147300967812E-06	0	0.76519248179	8527.3671875	
22.730784	3.03812662722078E-03	-2.57237843723437E-06	0	0.67452492987	8574.2890625	
22.73488	3.03473503586172E-03	-2.52491814815625E-06	0	0.67970527889	8574.2890625	
22.738976	3.02978918609125E-03	-2.36658777764062E-06	0	0.677107475	8574.2890625	
22.743072	3.02677466171781E-03	-2.28748112597813E-06	0	0.60338859075	8574.2890625	
22.747168	3.02574485923016E-03	-2.42849156189063E-06	0	0.57641491776	8574.2890625	
22.751264	3.02177696980844E-03	-2.36690700809062E-06	0	0.63965103389	8574.2890625	
22.75536	0.00301903454809	-2.28406766785312E-06	0	0.58882791902	8574.2890625	
22.759456	3.01839049866063E-03	-2.39696322803437E-06	0	0.53029150097	8618.1875	
22.763552	3.01749811898563E-03	-2.49605495586562E-06	0	0.57454190497	8618.1875	
22.767648	3.01738776014672E-03	-2.56976425715625E-06	0	0.51182840137	8618.1875	
22.771744	3.02071790897078E-03	-2.86453319315625E-06	0	0.43374932645	8618.1875	
22.77584	3.02188943159125E-03	-3.0484056054375E-06	0	0.49336148708	8665.26953125	
22.779936	3.02207522211375E-03	-3.02789721248437E-06	0	0.48596480317	8665.26953125	
22.784032	3.02469594738266E-03	-3.16311630803437E-06	0	0.39938278424	8665.26953125	
22.788128	3.02663083864109E-03	-3.29473588795312E-06	0	0.443266978	8665.26953125	
22.792224	3.02707721134328E-03	-3.26836644316875E-06	0	0.41280286366	8711.7265625	
22.79632	3.02989881347141E-03	-3.35019064019062E-06	0	0.33234342218	8711.7265625	
22.800416	3.03257448957891E-03	-3.51511162911562E-06	0	0.35367135397	8711.7265625	
22.804512	3.03157065387687E-03	-3.3829283478375E-06	0	0.38548968326	8711.7265625	
22.808608	3.03083288629516E-03	-3.22763355120937E-06	0	0.30457247898	8711.7265625	
22.812704	3.02862808675797E-03	-3.06408996475313E-06	0	0.30146732132	8757.984375	
22.8168	3.02304166198719E-03	-2.70146580814687E-06	0	0.32101760757	8757.984375	
22.820896	3.01720407256813E-03	-2.31366475364062E-06	0	0.25141477383	8757.984375	
22.824992	3.01207426092203E-03	-2.10889933340625E-06	0	0.20367392848	8757.984375	
22.829088	3.00210795258859E-03	-1.65941204250937E-06	0	0.27988761999	8757.984375	
22.833184	2.99097633903406E-03	-1.09193352345E-06	0	0.23582795049	8802.40625	
22.83728	2.98022590692062E-03	-6.84158210071875E-07	0	0.18007244145	8802.40625	
22.841376	2.96749797607656E-03	-2.35411543434375E-07	0	0.22138934884	8802.40625	
22.845472	2.95329597298656E-03	2.78723519353125E-07	0	0.1774212319	8802.40625	
22.849568	2.94093221716766E-03	6.2382485694375E-07	0	0.10445765627	8848.84375	
22.853664	2.92569273127313E-03	1.00030068239062E-06	0	0.16145675425	8848.84375	
22.85776	2.90747968269516E-03	1.63542264342187E-06	0	0.1747890958	8848.84375	
22.861856	2.89004353474203E-03	2.13353704915312E-06	0	0.09003049869	8848.84375	
22.865952	2.87058005743094E-03	2.66922160962187E-06	0	0.12554526259	8848.84375	
22.870048	2.84887356186297E-03	3.29617723266562E-06	0	0.12202430372	8848.84375	
22.874144	2.82777618856906E-03	3.88972231219687E-06	0	0.04298774161	8848.84375	
22.87824	2.80749896339859E-03	4.2632447752125E-06	0	0.04279700711	8895.3046875	
22.882336	2.78266740175359E-03	4.92622031415937E-06	0	0.11537911374	8895.3046875	
22.886432	2.75922716608344E-03	5.52415000469062E-06	0	0.04092017963	8895.3046875	
22.890528	2.73546042551375E-03	6.02878123082812E-06	0	0.04396430225	8942.0859375	
22.894624	2.71238390770703E-03	6.46548512104687E-06	0	0.06267154201	8942.08203125	
22.89872	2.69000145282172E-03	6.85863232405312E-06	0	0.01404568858	8942.08203125	
22.902816	2.67344113528938E-03	6.87669672906562E-06	0	-0.02862161907	8942.08203125	
22.906912	2.65574175361859E-03	6.90509261413125E-06	0	0.05014791474	8942.08203125	
22.911008	2.64235697281703E-03	6.85760444046562E-06	0	0.03080362175	8942.08203125	
22.915104	2.63382103206922E-03	6.46785963790312E-06	0	-0.0256728637	8987.0625	
22.9192	2.62988587542656E-03	5.92029912777187E-06	0	0.03416817833	8987.0625	
22.923296	2.62963425361656E-03	5.22373179549375E-06	0	0.01346204101	8987.0625	
22.927392	2.63625285811594E-03	4.32074063117812E-06	0	-0.06185519835	8987.0625	
22.931488	2.64599140848109E-03	3.24835877086875E-06	0	0.00485610037	8987.0625	
22.935584	2.65601778786438E-03	2.4791023285875E-06	0	0.04358664794	9032.40234375	
22.93968	2.67026559855859E-03	1.58582221225312E-06	0	-0.03373711836	9032.40234375	
22.943776	2.68504728270797E-03	8.0830832630625E-07	0	0.00778959698	9032.40234375	
22.947872	2.70042016839203E-03	1.27182324740625E-07	0	0.0176238678	9032.40234375	
22.951968	2.71684160019422E-03	-4.3037216578125E-07	0	-0.04587164725	9079.82421875	
22.956064	2.7360082881175E-03	-1.16577792075937E-06	0	-0.03262322888	9079.82421875	
22.96016	2.75047791367766E-03	-1.5015783061125E-06	0	0.03798286833	9079.82421875	
22.964256	2.76591964791656E-03	-1.75505593725E-06	0	-0.00055313005	9079.82421875	
22.968352	2.77988173253656E-03	-1.97134249980937E-06	0	-0.02710337245	9079.82421875	
22.972448	2.79255946702391E-03	-2.07130610176875E-06	0	0.03059762849	9125.44140625	
22.976544	2.80298531431703E-03	-2.03373330280312E-06	0	-0.0186156872	9125.44140625	
22.98064	2.81511646625344E-03	-2.12363681866875E-06	0	-0.06524264307	9125.44140625	
22.984736	2.82258749449359E-03	-2.0468316070125E-06	0	0.11565758611	9125.44140625	
22.988832	2.82826233434078E-03	-1.76640376244062E-06	0	0.1227567242	9125.44140625	
22.992928	2.83365473967812E-03	-1.5978051329625E-06	0	-0.01765057063	9125.44140625	
22.997024	2.83718064515016E-03	-1.3765245850125E-06	0	0.03053277876	9125.44140625	
23.00112	2.83911059906203E-03	-1.11277965645E-06	0	0.00931165829	9125.44140625	
23.005216	2.84588765581312E-03	-1.13492266315313E-06	0	-0.00279235308	9125.44140625	
23.009312	2.8533371974525E-03	-1.46829997400625E-06	0	-0.00297927289	9125.44140625	
23.013408	2.85178595630844E-03	-1.13196112765312E-06	0	-0.00940702554	9125.44140625	
23.017504	2.84885902412031E-03	-6.2605273933125E-07	0	-0.00592421357	9125.44140625	
23.0216	2.84702745141031E-03	-2.87723991121875E-07	0	-0.0157928166	9125.44140625	
23.025696	2.84858820151813E-03	-2.861679830625E-07	0	-0.00636671761	9125.44140625	
23.029792	2.85013669969187E-03	-3.75613326309375E-07	0	-0.01464459491	9125.44140625	
23.033888	2.84975661543891E-03	-3.3411745434375E-07	0	-0.00804518121	9125.44140625	
23.037984	2.84699517579297E-03	-0.000000108615276	0	-0.00614928028	9125.44140625	
23.04208	2.84749567644266E-03	-4.8650672503125E-08	0	-0.01074598173	9125.44140625	
23.046176	2.85018415307828E-03	-2.5981079788125E-07	0	-0.00435637598	9125.44140625	
23.050272	2.85172625098797E-03	-3.67237373146875E-07	0	0.00036239555	9125.44140625	
23.054368	2.85251247771188E-03	-3.9917315851875E-07	0	0.00120162735	9125.44140625	
23.058464	2.85108183582922E-03	-2.80518709865625E-07	0	-0.00330352154	9125.44140625	
23.06256	2.84927504128437E-03	-1.046027800125E-07	0	-0.0008392318	9125.44140625	
23.066656	2.84979913147875E-03	-1.0319268526875E-07	0	0.00376128434	9125.44140625	
23.070752	2.85058160947656E-03	-1.91801731275E-07	0	-0.00403975671	9125.44140625	
23.074848	2.84937579972719E-03	-1.3271140575E-07	0	-0.00547408015	9125.44140625	
23.078944	2.84913094391063E-03	-8.63585674875E-08	0	-0.01217267579	9125.44140625	
23.08304	2.85049639453219E-03	-1.73555595675E-07	0	-0.01675793317	9125.44140625	
23.087136	2.85227301640359E-03	-3.0040402651875E-07	0	-0.01180265086	9125.44140625	
23.091232	2.85258918944828E-03	-3.289583248875E-07	0	-0.0086593463	9125.44140625	
23.095328	2.85158096499375E-03	-2.39278847259375E-07	0	-0.00688551545	9125.44140625	
23.099424	2.85086706125375E-03	-1.52757779934375E-07	0	-0.00833128296	9125.44140625	
23.10352	2.85205184156406E-03	-1.997315310375E-07	0	-0.00574492314	9125.44140625	
23.107616	2.85340147439016E-03	-3.03084552684375E-07	0	-0.00484847099	9125.44140625	
23.111712	2.85290353384609E-03	-2.80101402590625E-07	0	0.00231170214	9125.44140625	
23.115808	2.85111731157859E-03	-1.51189031503125E-07	0	0.00292586723	9125.44140625	
23.119904	2.84985591096422E-03	-4.3224235621875E-08	0	0.00170516643	9125.44140625	
23.124	2.85074216467219E-03	-9.054750560625E-08	0	0.00123977425	9125.44140625	
23.128096	2.85280798704688E-03	-2.39488943203125E-07	0	-0.00299071696	9125.44140625	
23.132192	2.85407761657219E-03	-3.04393205221875E-07	0	-0.01198575598	9125.44140625	
23.136288	2.85304552827594E-03	0	0	-0.01560589679	9125.44140625	
23.140384	2.85117729119609E-03	0	0	-0.01810070405	9125.44140625	
23.14448	2.8501919248275E-03	0	0	-0.01280209964	9125.44140625	
23.148576	2.85000896870766E-03	0	0	-0.00970457136	9125.44140625	
23.152672	2.84980544031047E-03	0	0	-0.002670283	9125.44140625	
23.156768	2.84982564685844E-03	0	0	-0.00144576751	9176.8359375	
23.160864	2.85076063400562E-03	0	0	-0.00249862195	9176.8359375	
23.16496	2.8525998870325E-03	0	0	0.00260543327	9176.8359375	
23.169056	2.85449555381547E-03	0	0	0.0283431467	9176.8359375	
23.173152	2.85557536979516E-03	0	0	0.0590514012	9176.8359375	
23.177248	2.85564211540609E-03	0	0	0.04243842625	9176.8359375	
23.181344	2.85605392668234E-03	0	0	0.04534522003	9176.8359375	
23.18544	2.85708500922281E-03	0	0	0.02962869723	9176.8359375	
23.189536	2.8587061046775E-03	0	0	0.01367947834	9157.4765625	
23.193632	2.86116901772109E-03	0	0	0.00284575874	9157.4765625	
23.197728	2.86279422763125E-03	0	0	-0.03849403679	9157.4765625	
23.201824	2.86503733732047E-03	0	0	0.03205484007	9157.4765625	
23.20592	2.86808998898125E-03	0	0	0.00390242787	9157.4765625	
23.210016	2.87060501846078E-03	0	0	-0.07827362411	9111.2734375	
23.214112	2.87127951486063E-03	0	0	0.02453227139	9111.2734375	
23.218208	2.87112435417328E-03	0	0	-0.00775907946	9111.2734375	
23.222304	2.87366791054406E-03	0	0	-0.04449835885	9111.2734375	
23.2264	2.87672065363719E-03	0	0	0.05949390524	9111.2734375	
23.230496	2.87641481244734E-03	0	0	0.03918831037	9064.4140625	
23.234592	2.87663946171594E-03	0	0	-0.0280761184	9064.4140625	
23.238688	2.87727418504625E-03	0	0	0.03984062236	9064.4140625	
23.242784	2.87690360975703E-03	0	0	0.05424107711	9064.4140625	
23.24688	2.87888330286391E-03	0	0	0.01031873645	9064.4140625	
23.250976	0.0028818304416	0	0	0.09865169809	9064.4140625	
23.255072	2.88234218842797E-03	0	0	0.11068323035	9015.43359375	
23.259168	2.88596876091047E-03	0	0	0.03602974705	9015.43359375	
23.263264	2.89540229297688E-03	0	0	0.10007076277	9015.43359375	
23.26736	2.90583801496312E-03	0	0	0.13255284812	9015.43359375	
23.271456	2.92140647443047E-03	0	0	0.08972913818	9015.43359375	
23.275552	2.94090231879125E-03	0	0	0.17330899608	8968.4140625	
23.279648	2.96159903555484E-03	0	0	0.21221883408	8968.4140625	
23.283744	2.9884815161025E-03	0	0	0.1722714004	8968.4140625	
23.28784	3.02271533995234E-03	0	0	0.17683376964	8920.81640625	
23.291936	3.05720864879375E-03	0	0	0.26087139034	8920.8125	
23.296032	3.09695300856906E-03	0	0	0.22279696945	8920.8125	
23.300128	3.14314764589891E-03	0	0	0.25513791127	8920.8125	
23.304224	3.1896619307025E-03	0	0	0.33920604949	8920.8125	
23.30832	3.24084237373703E-03	0	0	0.31478058942	8920.8125	
23.312416	3.29848653488062E-03	0	0	0.29523030317	8875.65234375	
23.316512	3.35736174110047E-03	0	0	0.38832781262	8875.65234375	
23.320608	3.41925576901391E-03	0	0	0.36125877238	8875.65234375	
23.324704	3.48698857496687E-03	0	0	0.36325385525	8875.65234375	
23.3288	3.55209434681922E-03	0	0	0.47019487471	8875.65234375	
23.332896	0.003616604162655	-6.1076852384625E-06	0	0.46901232081	8828.4921875	
23.336992	3.68042302426906E-03	-5.80819803795E-06	0	0.42496409538	8828.4921875	
23.341088	3.73839917625281E-03	-5.42886139805625E-06	0	0.52485175303	8828.4921875	
23.345184	0.00379064745763	-5.04082356494062E-06	0	0.54988374881	8828.4921875	
23.34928	3.84164028149516E-03	-4.6894328105625E-06	0	0.51671501926	8828.4921875	
23.353376	3.88412944022984E-03	-4.3470927682875E-06	0	0.61600758527	8828.4921875	
23.357472	3.91807625795266E-03	-3.88992183122812E-06	0	0.64441939639	8781.2109375	
23.361568	3.94978490333281E-03	-3.44734919687812E-06	0	0.59416085564	8781.2109375	
23.365664	3.97428547989344E-03	-2.98315807453125E-06	0	0.65541333297	8781.2109375	
23.36976	3.99094692159797E-03	-2.4602004244125E-06	0	0.69964466352	8781.2109375	
23.373856	4.00239050230938E-03	-1.88684546892187E-06	0	0.67750801745	8734.453125	
23.377952	4.00813345925266E-03	-1.31065806434062E-06	0	0.74645472451	8734.453125	
23.382048	4.00439195631406E-03	-6.4529983546875E-07	0	0.80444945658	8734.453125	
23.386144	4.0001562615575E-03	9.832682475E-09	0	0.78347629096	8734.453125	
23.39024	3.99174348017672E-03	6.08440016559375E-07	0	0.76997610305	8689.11328125	
23.394336	3.97849667078188E-03	1.20982691517188E-06	0	0.86953188267	8689.11328125	
23.398432	3.96228736201719E-03	1.81270371614062E-06	0	0.84672766585	8689.109375	
23.402528	3.94729940650031E-03	2.32453998315E-06	0	0.86371829511	8689.109375	
23.406624	3.92470062268969E-03	2.84434595372812E-06	0	0.96071441774	8689.109375	
23.41072	3.90278355843406E-03	3.38120383033125E-06	0	0.95271119812	8643.23046875	
23.414816	3.88155351680938E-03	3.8163106067625E-06	0	0.91316430689	8643.23046875	
23.418912	3.86013037007469E-03	4.20055036675312E-06	0	1.0170345009	8643.23046875	
23.423008	3.83936151319187E-03	4.535112772575E-06	0	1.00815008789	8643.23046875	
23.427104	3.82265590966531E-03	4.76957335542188E-06	0	0.9890728232	8643.23046875	
23.4312	3.80483364292453E-03	4.94328111440625E-06	0	1.09253866007	8643.23046875	
23.435296	3.78727223266047E-03	5.13749534326875E-06	0	1.11039140927	8595.7890625	
23.439392	3.77609179423438E-03	5.210427481875E-06	0	1.06937586239	8595.7890625	
23.443488	3.76631273934094E-03	5.20721811008437E-06	0	1.12632155471	8595.7890625	
23.447584	3.75794293116172E-03	5.17712679402188E-06	0	1.17865528682	8595.7890625	
23.45168	3.75406153673719E-03	5.09758288318125E-06	0	1.14102718466	8549.609375	
23.455776	3.75271263536984E-03	4.93058761748437E-06	0	1.20210037156	8549.609375	
23.459872	3.74961518186063E-03	4.82282426370937E-06	0	1.26944872351	8549.609375	
23.463968	3.75317811743187E-03	4.653439577325E-06	0	1.23377755732	8549.609375	
23.468064	3.75911308229703E-03	4.4096417442E-06	0	1.24434043393	8503.01171875	
23.47216	3.76691985010344E-03	4.14744705447187E-06	0	1.32619223726	8503.01171875	
23.476256	3.77737696725813E-03	3.87929203416562E-06	0	1.29966869769	8503.01171875	
23.480352	3.79176156073859E-03	3.54484645515E-06	0	1.30447520709	8503.01171875	
23.484448	3.80277778667531E-03	3.27111235388438E-06	0	1.41091268747	8503.01171875	
23.488544	3.81625674279094E-03	3.05611665541875E-06	0	1.39825173136	8503.01171875	
23.49264	0.003831179049885	2.79878806659375E-06	0	1.35625580915	8459.01171875	
23.496736	3.84546315921969E-03	2.58267818655E-06	0	1.44464980583	8459.0078125	
23.500832	3.85828371102797E-03	2.42359324948125E-06	0	1.46602732859	8459.0078125	
23.504928	3.87412262736813E-03	2.25629509947187E-06	0	1.43364061049	8459.0078125	
23.509024	3.88597957370563E-03	2.11130173485E-06	0	1.53812496959	8459.0078125	
23.51312	3.89495374967703E-03	2.11838297776875E-06	0	1.55709923765	8411.2890625	
23.517216	0.00390625305015	2.08012460256562E-06	0	1.50632571375	8411.2890625	
23.521312	3.91465705402578E-03	2.07655777920937E-06	0	1.55807579829	8411.2890625	
23.525408	3.92074041358484E-03	2.12461470230625E-06	0	1.60055618613	8411.2890625	
23.529504	3.92580192527016E-03	2.217388167225E-06	0	1.57115255561	8365.20703125	
23.5336	3.92895131235063E-03	2.31363446520937E-06	0	1.63339303765	8365.20703125	
23.537696	3.92624829797234E-03	2.53693472267813E-06	0	1.69101011541	8365.20703125	
23.541792	3.92588915172609E-03	2.74943426979375E-06	0	1.67133394439	8365.20703125	
23.545888	3.92386712544406E-03	2.91785068791562E-06	0	1.64298316831	8365.20703125	
23.549984	3.92012873120516E-03	3.11329568477812E-06	0	1.74031498366	8318.4296875	
23.55408	3.91493583124188E-03	3.33670387483125E-06	0	1.71984917181	8318.4296875	
23.558176	3.91219743254656E-03	3.483413824275E-06	0	1.71543176079	8318.4296875	
23.562272	3.90334193575734E-03	3.69001505998125E-06	0	1.81628453501	8318.4296875	
23.566368	3.89552081307297E-03	3.95003955957187E-06	0	1.81095541308	8318.4296875	
23.570464	3.88856116593141E-03	4.12071871581562E-06	0	1.76336334064	8273.94921875	
23.57456	3.88144516948203E-03	4.28241230412187E-06	0	1.85518292894	8273.94921875	
23.578656	3.87381806623109E-03	4.4306801847E-06	0	1.85186796333	8273.94921875	
23.582752	3.86924718050234E-03	4.52293826551875E-06	0	1.82736620946	8273.94921875	
23.586848	3.86329420346547E-03	4.57399758945938E-06	0	1.91444413809	8273.94921875	
23.590944	3.85635997451547E-03	4.69833448435312E-06	0	1.9384728704	8227.7265625	
23.59504	3.85421606891922E-03	4.71092557753125E-06	0	1.89664097986	8227.7265625	
23.599136	3.85241320596516E-03	4.67409797012812E-06	0	1.92132583885	8227.7265625	
23.603232	3.85096674628703E-03	4.62985258168125E-06	0	1.98656085254	8227.7265625	
23.607328	3.85142975967578E-03	4.58315767645312E-06	0	1.94813548017	8227.7265625	
23.611424	3.85408586926172E-03	4.44938088715312E-06	0	1.99294282891	8180.6875	
23.61552	3.85290867783594E-03	4.42055495444062E-06	0	2.06113804204	8180.6875	
23.619616	3.85638877570375E-03	4.35850742033437E-06	0	2.03481668104	8180.6875	
23.623712	3.86067594686984E-03	4.22649048504375E-06	0	2.00648497841	8180.6875	
23.627808	3.86598962895922E-03	4.0885853344875E-06	0	2.09855252156	8180.6875	
23.631904	3.87153911506313E-03	3.97049771219062E-06	0	2.07410417335	8180.6875	
23.636	3.88053404617656E-03	3.7848529459125E-06	0	2.06624209726	8134.4453125	
23.640096	3.88604668504594E-03	3.65109466620937E-06	0	2.16720931218	8134.4453125	
23.644192	0.00389248407064	3.59621443262812E-06	0	2.15906113434	8134.4453125	
23.648288	3.90087893128141E-03	3.464994611925E-06	0	2.1105916832	8134.4453125	
23.652384	3.90897471672641E-03	3.35469928952812E-06	0	2.1620899982	8134.4453125	
23.65648	3.91604517986859E-03	3.26766476117812E-06	0	2.20021401006	8089.50390625	
23.660576	3.92552680534781E-03	3.18154705883437E-06	0	2.15943115927	8089.50390625	
23.664672	3.93364837471375E-03	3.05377146545625E-06	0	2.23465303138	8089.50390625	
23.668768	3.93849767192922E-03	3.08266374425625E-06	0	2.27574487206	8089.50390625	
23.672864	3.94745959596656E-03	3.01984625899687E-06	0	2.22641711567	8043.84765625	
23.67696	3.95528675318562E-03	2.94374080625625E-06	0	2.25383710739	8043.84765625	
23.681056	3.96247635267172E-03	2.89367907747187E-06	0	2.3017076522	8043.84765625	
23.685152	3.96950612842094E-03	2.8760365470375E-06	0	2.26998850485	8043.84765625	
23.689248	3.97696325894484E-03	2.81993540121562E-06	0	2.2925523962	8043.84765625	
23.693344	3.97983149156828E-03	2.88312956879062E-06	0	2.37131430063	7996.74609375	
23.69744	3.98483402939187E-03	2.9584970415E-06	0	2.35028391466	7996.74609375	
23.701536	3.98994043435797E-03	2.95765617695625E-06	0	2.3083452128	7996.7421875	
23.705632	3.99438989793422E-03	2.97400712214375E-06	0	2.38925097301	7996.7421875	
23.709728	3.99753352477703E-03	3.03028086394687E-06	0	2.39231798377	7996.7421875	
23.713824	4.00383495047594E-03	3.0127229488125E-06	0	2.35301141801	7950.68359375	
23.71792	4.00582607262578E-03	3.0219585165E-06	0	2.45930394017	7950.68359375	
23.722016	4.00715495030984E-03	3.1548478066875E-06	0	2.45531377443	7950.68359375	
23.726112	4.01071057129359E-03	3.17761557238125E-06	0	2.39348527891	7950.68359375	
23.730208	4.01302454104922E-03	3.21074823155625E-06	0	2.46648318675	7904.32421875	
23.734304	4.01444183380969E-03	3.26072438350312E-06	0	2.48223022707	7904.32421875	
23.7384	4.01686095076063E-03	3.30850967225625E-06	0	2.44383537222	7904.32421875	
23.742496	4.01860081682984E-03	3.3190014886875E-06	0	2.52089592491	7904.32421875	
23.746592	4.01718242688125E-03	3.4411811742E-06	0	2.55464067265	7904.32421875	
23.750688	4.01956990824125E-03	3.48790372363125E-06	0	2.52286430495	7904.32421875	
23.754784	4.02170878505859E-03	3.47259003702187E-06	0	2.49631787724	7904.32421875	
23.75888	4.02325179729172E-03	3.46804148387812E-06	0	2.58520778362	7860.40234375	
23.762976	4.02461139624328E-03	3.50623375337812E-06	0	2.54651156826	7860.40234375	
23.767072	4.02861274990281E-03	3.441679250625E-06	0	2.55307664975	7860.40234375	
23.771168	4.02711435665344E-03	3.498283040175E-06	0	2.64585753993	7812.60546875	
23.775264	4.02829593683172E-03	3.58166012025937E-06	0	2.62020756437	7812.60546875	
23.77936	4.03023905700109E-03	3.56463802189687E-06	0	2.56840788886	7812.60546875	
23.783456	4.03244349080891E-03	3.54700799145E-06	0	2.66354244277	7812.60546875	
23.787552	4.03383710259234E-03	3.54463227267187E-06	0	2.64553329128	7812.60546875	
23.791648	4.0376449854125E-03	3.5020301518125E-06	0	2.61703755698	7766.984375	
23.795744	4.03907654161859E-03	3.46220350894687E-06	0	2.7097650415	7766.98046875	
23.79984	4.03904134016625E-03	3.55114644885E-06	0	2.71978623213	7766.98046875	
23.803936	4.04217280650734E-03	3.52799478930938E-06	0	2.66398494681	7766.98046875	
23.808032	4.04420598753531E-03	3.50882125079062E-06	0	2.69717274981	7766.98046875	
23.812128	4.04523999591078E-03	3.51603638780625E-06	0	2.75090647315	7766.98046875	
23.816224	4.04754564532313E-03	3.54017121944062E-06	0	2.70313511028	7720.32421875	
23.82032	4.05030260478422E-03	3.47619724495312E-06	0	2.74157192672	7720.32421875	
23.824416	4.04872301961359E-03	3.57950291087812E-06	0	2.80583800915	7720.32421875	
23.828512	4.05121235660453E-03	3.6052992793125E-06	0	2.76022957551	7720.32421875	
23.832608	4.05331356329625E-03	3.57379137812812E-06	0	2.74825144891	7675.90234375	
23.836704	4.05543781093859E-03	3.54726952965E-06	0	2.82298885539	7675.90234375	
23.8408	0.004057275875345	3.54622193454375E-06	0	2.79373018309	7675.90234375	
23.844896	4.06101600679844E-03	3.4749503712E-06	0	2.79580155976	7675.90234375	
23.848992	4.06082518749703E-03	3.49355203529062E-06	0	2.88024735229	7675.90234375	
23.853088	4.06180863378641E-03	3.57711349019062E-06	0	2.86474063744	7629.5234375	
23.857184	4.06430455390609E-03	3.54249525557812E-06	0	2.80911864255	7629.5234375	
23.86128	4.06641252659125E-03	3.51936715370625E-06	0	2.87183214615	7629.5234375	
23.865376	4.0672544356125E-03	3.53970920067187E-06	0	2.89641400851	7629.5234375	
23.869472	4.07132317490938E-03	3.50009385567187E-06	0	2.84744101829	7582.82421875	
23.873568	4.07309577375766E-03	3.42968863761563E-06	0	2.93035330544	7582.82421875	
23.877664	4.07264537803234E-03	3.54075246885937E-06	0	2.94945345827	7582.82421875	
23.88176	4.07571759621469E-03	3.5211224404125E-06	0	2.8901617316	7582.82421875	
23.885856	4.07781295123641E-03	3.494898428175E-06	0	2.91771905216	7582.82421875	
23.889952	4.07937946158188E-03	3.48562680283125E-06	0	2.95735368126	7536.26171875	
23.894048	4.08122447484641E-03	3.50616836882812E-06	0	2.9303685642	7536.26171875	
23.898144	4.08349016832453E-03	3.47302513274062E-06	0	2.9612294063	7536.26171875	
23.90224	4.08181147049328E-03	3.57372022435312E-06	0	3.02403446246	7536.26171875	
23.906336	4.08317344668578E-03	3.64115068576875E-06	0	3.0026187928	7536.26171875	
23.910432	4.08495144004234E-03	3.61150624425937E-06	0	2.95406160379	7491.640625	
23.914528	4.08612268836578E-03	3.6047165875875E-06	0	3.0401553424	7491.640625	
23.918624	0.004085755953235	3.66691388115937E-06	0	3.023904763	7491.640625	
23.92272	4.08857170369312E-03	3.63561583553437E-06	0	2.99259378748	7491.640625	
23.926816	4.08660353106156E-03	3.68961530076562E-06	0	3.08659537846	7445.421875	
23.930912	4.08515249976625E-03	3.84433101143437E-06	0	3.07630334484	7445.421875	
23.935008	4.0850522899175E-03	3.87166992640313E-06	0	3.01724431426	7445.421875	
23.939104	4.08436883314797E-03	3.9254047284375E-06	0	3.0910051601	7445.421875	
23.9432	4.08325034128687E-03	3.97886933843438E-06	0	3.09355718771	7445.421875	
23.947296	4.08388936193734E-03	3.990497932575E-06	0	3.06218517715	7398.62109375	
23.951392	4.08371929777797E-03	3.96703882141875E-06	0	3.13841412742	7398.62109375	
23.955488	4.08044693419516E-03	4.10733026766563E-06	0	3.1580292634	7398.62109375	
23.959584	4.08094021168969E-03	4.13288000173125E-06	0	3.1196153351	7398.62109375	
23.96368	4.08102186077266E-03	4.11177689783437E-06	0	3.10638980487	7398.62109375	
23.967776	4.08027540711828E-03	4.12176871476562E-06	0	3.18368305365	7398.62109375	
23.971872	4.07926928560766E-03	4.1882352348375E-06	0	3.15267725333	7352.51953125	
23.975968	4.08036674802969E-03	4.13773576610625E-06	0	3.16005867848	7352.51953125	
23.980064	4.07697168224156E-03	4.24256162281875E-06	0	3.23595575072	7352.51953125	
23.98416	4.07678223442531E-03	4.3125581874375E-06	0	3.20666274621	7352.51953125	
23.988256	4.07715939284328E-03	4.2702428451375E-06	0	3.15839547364	7306.6015625	
23.992352	4.07750765864062E-03	4.249343827575E-06	0	3.24319221765	7306.6015625	
23.996448	4.07726865449406E-03	4.26154165191563E-06	0	3.22468334177	7306.6015625	
24.000544	4.07936318662469E-03	4.19756238897187E-06	0	3.20045243089	7306.6015625	
24.00464	4.07883068465469E-03	4.16960208039375E-06	0	3.29140989925	7306.6015625	
24.008736	4.07756974120203E-03	4.27589307987187E-06	0	3.29108946529	7262.30078125	
24.012832	4.07910617030641E-03	4.23874576125E-06	0	3.2407698895	7262.30078125	
24.016928	4.07991735806016E-03	4.208082330375E-06	0	3.27808518708	7262.30078125	
24.021024	4.07953635948375E-03	4.22378159352187E-06	0	3.31902444016	7262.30078125	
24.02512	4.08131983878094E-03	4.2276005800875E-06	0	3.27224489669	7262.30078125	
24.029216	4.08326478759719E-03	4.12212977209688E-06	0	3.31921135997	7214.5390625	
24.033312	4.08151093237938E-03	4.22498279424375E-06	0	3.37155653615	7214.5390625	
24.037408	4.08336636893109E-03	4.22682149432812E-06	0	3.32074105066	7214.5390625	
24.041504	4.08465117622547E-03	4.18838547507187E-06	0	3.31517160326	7214.5390625	
24.0456	4.08556943125375E-03	4.16791482246562E-06	0	3.38066220118	7214.5390625	
24.049696	4.08588148984297E-03	4.21255468167187E-06	0	3.35140734357	7168.66015625	
24.053792	4.08762492177359E-03	4.17994918543125E-06	0	3.34641772905	7168.66015625	
24.057888	0.004085393149695	4.27610942580937E-06	0	3.43616212599	7168.66015625	
24.061984	4.08527703061844E-03	4.38293840551875E-06	0	3.41665761602	7168.66015625	
24.06608	4.08667055096953E-03	4.33736873955E-06	0	3.36383941828	7168.66015625	
24.070176	4.08767667248016E-03	4.31035410310312E-06	0	3.43443025673	7122.359375	
24.074272	4.08692967023172E-03	4.3544966070375E-06	0	3.44782363332	7122.359375	
24.078368	4.08937740550625E-03	4.3300004776875E-06	0	3.39883538434	7122.359375	
24.082464	4.08939779491891E-03	4.28796326010937E-06	0	3.48790839584	7122.359375	
24.08656	4.08780184335875E-03	4.43539171845E-06	0	3.50013447729	7077.6015625	
24.090656	4.08922261054828E-03	4.41428380686562E-06	0	3.44071305116	7077.59765625	
24.094752	4.08964621659687E-03	4.41544438262812E-06	0	3.47995476719	7077.59765625	
24.098848	4.08968937266312E-03	4.42986864705E-06	0	3.5117273202	7077.59765625	
24.102944	4.09117715976062E-03	4.423324422825E-06	0	3.47592263986	7077.59765625	
24.10704	4.09323959913859E-03	4.33443749248125E-06	0	3.5229806557	7030.87890625	
24.111136	4.09158631949891E-03	4.42749004365937E-06	0	3.56967627599	7030.87890625	
24.115232	4.09343736729813E-03	4.44023786745E-06	0	3.54605190082	7030.87890625	
24.119328	4.09538972213422E-03	4.36271823343125E-06	0	3.50488758103	7030.87890625	
24.123424	4.09686864029437E-03	4.32449495434687E-06	0	3.58929141197	7030.87890625	
24.12752	4.09709996412406E-03	4.37154707075625E-06	0	3.56734168571	6984.59765625	
24.131616	4.10058618795891E-03	4.28306711115937E-06	0	3.5471276434	6984.59765625	
24.135712	4.09944145501516E-03	4.32648822158437E-06	0	3.64418480107	6984.59765625	
24.139808	4.10001885026594E-03	4.43553354523125E-06	0	3.63150477151	6984.59765625	
24.143904	4.10256258950141E-03	4.34504709725625E-06	0	3.57119452261	6984.59765625	
24.148	4.10464240102469E-03	4.28774715455625E-06	0	3.65058585089	6984.59765625	
24.152096	4.10615414339625E-03	4.25731641575625E-06	0	3.64373085296	6938	
24.156192	4.10917982251563E-03	4.20767127309375E-06	0	3.6111381416	6938	
24.160288	4.11146288813906E-03	4.1270497191E-06	0	3.68662704201	6938	
24.164384	4.11103864206406E-03	4.23381667964062E-06	0	3.70904978983	6938	
24.16848	4.1141087573025E-03	4.19634508249687E-06	0	3.66516941076	6893.91796875	
24.172576	4.11589817970203E-03	4.16173886710312E-06	0	3.66678302463	6893.91796875	
24.176672	4.11703980394609E-03	4.17201145298437E-06	0	3.7422871838	6893.91796875	
24.180768	4.11874410283359E-03	4.20248690327812E-06	0	3.69962750553	6893.91796875	
24.184864	4.12240048226016E-03	4.07814279685312E-06	0	3.70962580802	6893.91796875	
24.18896	4.12122283367266E-03	4.18118187650625E-06	0	3.80158653985	6847	
24.193056	4.12324943157188E-03	4.23063663474375E-06	0	3.76298950643	6847	
24.197152	4.12557492180281E-03	4.15622781492187E-06	0	3.71841485378	6847	
24.201248	0.004127507618685	4.12685500775625E-06	0	3.81304586861	6847	
24.205344	4.12866103770141E-03	4.15185594429375E-06	0	3.78777736205	6847	
24.20944	4.13162911444422E-03	4.09724157583125E-06	0	3.76557205156	6800.45703125	
24.213536	4.13149443460187E-03	4.12097352325312E-06	0	3.86593654546	6800.45703125	
24.217632	4.13146700489875E-03	4.26041424919687E-06	0	3.85891751586	6800.45703125	
24.221728	4.13436038141672E-03	4.18439437329375E-06	0	3.80697669682	6800.45703125	
24.225824	4.13663430380578E-03	4.12276198300313E-06	0	3.84155304698	6800.45703125	
24.22992	4.13764508836594E-03	4.11603867241875E-06	0	3.89161703854	6800.45703125	
24.234016	4.14101117010109E-03	4.07725145159062E-06	0	3.83977921613	6754.2578125	
24.238112	4.14417070617172E-03	3.93491962276875E-06	0	3.8992616773	6754.2578125	
24.242208	4.14347188876844E-03	4.066340164425E-06	0	3.95526895588	6754.2578125	
24.246304	4.14628809638828E-03	4.05113897770312E-06	0	3.90354557417	6754.2578125	
24.2504	4.14831963163406E-03	4.00550440795313E-06	0	3.90813846093	6754.2578125	
24.254496	4.15033690343422E-03	3.98420827540312E-06	0	3.97064978596	6708.859375	
24.258592	4.15275282025313E-03	3.97006453954687E-06	0	3.93711484617	6708.859375	
24.262688	4.15671440084312E-03	3.84494182813125E-06	0	3.94321453548	6708.859375	
24.266784	4.15725833185609E-03	3.86744589216563E-06	0	4.03062815683	6708.859375	
24.27088	4.15986717092031E-03	3.90063023398125E-06	0	4.01592252688	6663.9375	
24.274976	4.16369370593859E-03	3.78027073895625E-06	0	3.95357141883	6663.9375	
24.279072	4.16676080390969E-03	3.71020903017187E-06	0	4.03113932529	6663.9375	
24.283168	0.004167919251705	3.75022677861562E-06	0	4.04407112439	6663.9375	
24.287264	4.17211243042172E-03	3.68585136222187E-06	0	3.99787522849	6663.9375	
24.29136	4.17311023158906E-03	3.66575619000937E-06	0	4.08527359108	6616.296875	
24.295456	4.17290588030078E-03	3.84687644158125E-06	0	4.10828761585	6616.296875	
24.299552	4.17569328673234E-03	3.80662768375312E-06	0	4.04789344377	6616.296875	
24.303648	4.17782256315359E-03	3.76710152135625E-06	0	4.09416944816	6616.296875	
24.307744	4.17932772239641E-03	3.75459167809687E-06	0	4.12582756047	6616.296875	
24.31184	4.18144721555687E-03	3.75803782849687E-06	0	4.09574110044	6616.296875	
24.315936	4.18390363690406E-03	3.68796818702812E-06	0	4.14421818096	6570.41796875	
24.320032	4.18253571760922E-03	3.82864977711562E-06	0	4.19029582147	6570.41796875	
24.324128	4.18412718898453E-03	3.87829155439688E-06	0	4.16525238162	6570.41796875	
24.328224	4.18538292079359E-03	3.84075817846875E-06	0	4.12691093243	6524.63671875	
24.33232	4.1858473056675E-03	3.86007065915625E-06	0	4.21113165825	6524.63671875	
24.336416	4.18583441370703E-03	3.93400327753125E-06	0	4.19411432616	6524.63671875	
24.340512	4.18880779352578E-03	3.82789761440625E-06	0	4.18032422181	6524.63671875	
24.344608	4.18737523156391E-03	3.88667351716875E-06	0	4.27489801629	6524.63671875	
24.348704	4.18719986432859E-03	4.02153492076875E-06	0	4.26448391259	6524.63671875	
24.3528	4.18904240891984E-03	3.94438307484375E-06	0	4.20525703565	6524.63671875	
24.356896	4.19061577669109E-03	3.88068866738437E-06	0	4.28119988417	6479.859375	
24.360992	4.19111755739359E-03	3.87737568992813E-06	0	4.28205818942	6479.859375	
24.365088	4.19305702026922E-03	3.85124086029375E-06	0	4.25127745581	6479.859375	
24.369184	0.00419365197053	3.818451950775E-06	0	4.33452925037	6479.859375	
24.37328	4.19208271721422E-03	3.98390322763125E-06	0	4.35119944567	6432.578125	
24.377376	4.19431476358984E-03	3.9319777987875E-06	0	4.31703508203	6432.578125	
24.381472	4.19591994981672E-03	3.8539471075875E-06	0	4.32321869452	6432.578125	
24.385568	4.19712374805453E-03	3.81638825091562E-06	0	4.38691257345	6432.578125	
24.389664	4.19938816147984E-03	3.7942683211125E-06	0	4.3445885879	6432.578125	
24.39376	4.20367716129281E-03	3.58260627315937E-06	0	4.36946418139	6386.6796875	
24.397856	4.20293875368469E-03	3.65884970653125E-06	0	4.44797431628	6386.6796875	
24.401952	4.20511722070688E-03	3.68438309445937E-06	0	4.41192168109	6386.6796875	
24.406048	4.20715890494281E-03	3.6148896543375E-06	0	4.38324284167	6386.6796875	
24.410144	4.20912972911234E-03	3.5869800668625E-06	0	4.46584995362	6340.078125	
24.41424	4.21054592468469E-03	3.59696347034062E-06	0	4.45153342205	6340.078125	
24.418336	4.21403653727203E-03	3.50291164131563E-06	0	4.42792049095	6340.078125	
24.422432	4.21445529740641E-03	3.49773808879687E-06	0	4.53116126111	6340.078125	
24.426528	4.21485275380469E-03	3.62819492949375E-06	0	4.52281853408	6340.078125	
24.430624	4.21800991263438E-03	3.5143282164375E-06	0	4.47237307352	6340.078125	
24.43472	4.22003148175469E-03	3.46730566730625E-06	0	4.51459406244	6296.37890625	
24.438816	4.22075754599641E-03	3.48981694287187E-06	0	4.55913819757	6296.37890625	
24.442912	4.22287475334828E-03	3.50631067637812E-06	0	4.51517389532	6296.37890625	
24.447008	4.22416724095953E-03	3.4442302096125E-06	0	4.58186612059	6249.1171875	
24.451104	4.22180252625312E-03	3.66896508103125E-06	0	4.62316013984	6249.1171875	
24.4552	4.22303713719078E-03	3.69664462065937E-06	0	4.57883725673	6249.1171875	
24.459296	0.004223556930065	3.6778126683375E-06	0	4.57927213139	6249.1171875	
24.463392	4.22371126786125E-03	3.69892538760937E-06	0	4.64711639304	6249.1171875	
24.467488	4.22409418651688E-03	3.73613616770625E-06	0	4.62079503204	6202.73828125	
24.471584	4.22580945728562E-03	3.65799177469687E-06	0	4.63666414244	6202.73828125	
24.47568	4.22372671992734E-03	3.7612433541375E-06	0	4.7136216985	6202.73828125	
24.479776	4.22335303593844E-03	3.8733499728E-06	0	4.70033131854	6202.73828125	
24.483872	4.22373037722109E-03	3.83413727162812E-06	0	4.64952727712	6202.73828125	
24.487968	0.00422374125767	3.83748582597187E-06	0	4.72882323815	6202.73828125	
24.492064	4.22246733082453E-03	3.91935136910625E-06	0	4.73385481426	6202.73828125	
24.49616	4.22433337352813E-03	3.85708316214375E-06	0	4.70340977337	6156.41796875	
24.500256	4.22330018804375E-03	3.8375932777875E-06	0	4.79061358677	6156.41796875	
24.504352	4.22192385697328E-03	3.98925971265938E-06	0	4.80758895727	6156.41796875	
24.508448	4.22370239892391E-03	3.88356751065938E-06	0	4.74625255676	6156.41796875	
24.512544	4.22516668790906E-03	3.79398034063125E-06	0	4.80711212102	6111.49609375	
24.51664	4.22574618610375E-03	3.75941907711562E-06	0	4.83017573676	6111.49609375	
24.520736	4.22743055274031E-03	3.72641045627812E-06	0	4.80307236431	6111.49609375	
24.524832	4.22916036125172E-03	3.61977787060312E-06	0	4.85284262474	6111.49609375	
24.528928	4.22746849716297E-03	3.75509961028125E-06	0	4.90463848556	6111.49609375	
24.533024	4.22889520745484E-03	3.76275056416875E-06	0	4.88133454435	6111.49609375	
24.53712	4.23033846700094E-03	3.691971308025E-06	0	4.85447149737	6066.01953125	
24.541216	4.23177633203875E-03	3.63605525817187E-06	0	4.93921865041	6066.01953125	
24.545312	4.23279068246031E-03	3.64564515242812E-06	0	4.92704215993	6066.01953125	
24.549408	4.23638598508125E-03	3.48282464217187E-06	0	4.917516879	6018.6796875	
24.553504	4.23496841802375E-03	3.55887865265625E-06	0	5.00684166004	6018.6796875	
24.5576	4.23482194340906E-03	3.70633403404687E-06	0	4.99451258196	6018.6796875	
24.561696	4.23579889800203E-03	3.66995570504062E-06	0	4.94381153717	6018.6796875	
24.565792	4.23628897536453E-03	3.66697734263437E-06	0	5.02674671246	6018.6796875	
24.569888	4.23560231846297E-03	3.72770372421562E-06	0	5.03093524208	6018.6796875	
24.573984	4.23638415643438E-03	3.7368510708375E-06	0	5.00442314658	6018.6796875	
24.57808	4.23583931109797E-03	3.73501116883125E-06	0	5.09401495592	5972.45703125	
24.582176	4.23360991626031E-03	3.92710881327187E-06	0	5.10854892482	5972.45703125	
24.586272	4.23459089387641E-03	3.89223985775625E-06	0	5.07012355245	5972.45703125	
24.590368	4.23502346029469E-03	3.8442336557625E-06	0	5.08123955911	5972.45703125	
24.594464	4.23444661363797E-03	3.85231297460625E-06	0	5.14856883761	5972.45703125	
24.59856	4.23457041303141E-03	3.88905043786875E-06	0	5.11425188637	5927	
24.602656	4.23530644339859E-03	3.80015725753125E-06	0	5.1471230701	5927	
24.606752	4.23165673853312E-03	4.01355103452187E-06	0	5.21643217271	5927	
24.610848	4.23094201190203E-03	4.1179795358625E-06	0	5.19178927531	5927	
24.614944	4.23057765401219E-03	4.08907980514687E-06	0	5.16971366428	5881.8984375	
24.61904	4.22992674715703E-03	4.08915336276562E-06	0	5.24731971764	5881.8984375	
24.623136	4.22908977548234E-03	4.123797799275E-06	0	5.23243098257	5881.8984375	
24.627232	4.23044754578703E-03	4.0214796323625E-06	0	5.22252804733	5881.8984375	
24.631328	4.22866470651625E-03	4.0529007547875E-06	0	5.31483210126	5881.8984375	
24.635424	4.22701362125281E-03	4.2085909837125E-06	0	5.31248225222	5834.6796875	
24.63952	4.22708896150406E-03	4.16902251366562E-06	0	5.26336430378	5834.6796875	
24.643616	4.22680552123844E-03	4.15466627802187E-06	0	5.32418572114	5834.6796875	
24.647712	4.22511996598141E-03	4.21300420045312E-06	0	5.36216858947	5788.71875	
24.651808	4.22572817393203E-03	4.201809259725E-06	0	5.32065713289	5788.71875	
24.655904	4.22508247872047E-03	4.14807614038125E-06	0	5.39981957977	5788.71875	
24.66	4.22202333536328E-03	4.36167496524375E-06	0	5.42974963751	5788.71875	
24.664096	4.22286240998187E-03	4.31229713000625E-06	0	5.38361096196	5788.71875	
24.668192	4.22299379825984E-03	4.24273445918437E-06	0	5.40733070438	5742.33984375	
24.672288	4.22244822146469E-03	4.2333573051E-06	0	5.46038159821	5742.33984375	
24.676384	4.22176595331562E-03	4.28703489565312E-06	0	5.44427216234	5742.33984375	
24.68048	4.22210973892813E-03	4.24013374063125E-06	0	5.46838863252	5742.33984375	
24.684576	4.21865643073703E-03	4.40890688916562E-06	0	5.54025357743	5742.33984375	
24.688672	4.21731100379875E-03	4.53898824946875E-06	0	5.53318114217	5742.33984375	
24.692768	4.21691574177672E-03	4.49490175509375E-06	0	5.48413567284	5742.33984375	
24.696864	4.21636989068453E-03	4.47241403719687E-06	0	5.56901634003	5698.4375	
24.70096	4.21495305508578E-03	4.53510243604687E-06	0	5.57672964321	5698.4375	
24.705056	4.21670160722766E-03	4.41865880249062E-06	0	5.55344859014	5698.4375	
24.709152	4.21470143327578E-03	4.43686407274687E-06	0	5.64792701737	5698.4375	
24.713248	4.21270701956156E-03	4.61400740521875E-06	0	5.65785665544	5698.4375	
24.717344	4.21261101560062E-03	4.57368364746562E-06	0	5.60649948397	5650.95703125	
24.72144	4.21222096522219E-03	4.5650877426E-06	0	5.67574373685	5650.95703125	
24.725536	0.004210712514415	4.61669514291562E-06	0	5.69425642742	5650.95703125	
24.729632	4.21044973785906E-03	4.6453059316125E-06	0	5.67283312838	5650.95703125	
24.733728	4.21008135694609E-03	4.58708050906875E-06	0	5.73280386987	5604.796875	
24.737824	4.20667458781797E-03	4.78194738150937E-06	0	5.78069730282	5604.796875	
24.74192	4.20686284701375E-03	4.78112190156562E-06	0	5.75554323696	5604.796875	
24.746016	4.20683633163406E-03	4.7185414353E-06	0	5.74900867299	5604.796875	
24.750112	4.20619246506937E-03	4.70135948132812E-06	0	5.82771335707	5604.796875	
24.754208	4.20497687205922E-03	4.78589401217812E-06	0	5.81189383764	5558.23828125	
24.758304	4.20597961057313E-03	4.67722152469687E-06	0	5.81224478912	5558.23828125	
24.7624	4.20235660395203E-03	4.84524443359687E-06	0	5.90654011123	5558.23828125	
24.766496	4.20056608436438E-03	5.01227503579687E-06	0	5.89653799405	5558.23828125	
24.770592	4.19954359646422E-03	5.00518706211562E-06	0	5.8560450597	5513.69921875	
24.774688	4.19870671622188E-03	5.00290220863125E-06	0	5.939090861	5513.69921875	
24.778784	4.19714889194906E-03	5.04222308277187E-06	0	5.94564068373	5513.69921875	
24.78288	4.19785484107516E-03	4.96856209874063E-06	0	5.92143266099	5513.69921875	
24.786976	4.19647293263172E-03	4.93674722670937E-06	0	6.02096936716	5467.66015625	
24.791072	4.19361603761891E-03	5.14591071946875E-06	0	6.03447718445	5467.66015625	
24.795168	4.19355889240406E-03	5.1119170034625E-06	0	5.99893571772	5467.66015625	
24.799264	4.19265974673563E-03	5.1092650830375E-06	0	6.02364346485	5467.66015625	
24.80336	4.19070766619656E-03	5.16304075041562E-06	0	6.09070571505	5467.66015625	
24.807456	4.18956631624953E-03	5.2476485985E-06	0	6.05727377189	5467.66015625	
24.811552	4.18954309243422E-03	5.15443186479375E-06	0	6.10903148581	5420.4375	
24.815648	4.1856746814025E-03	5.36349487688437E-06	0	6.17403380341	5420.4375	
24.819744	4.18520078756484E-03	5.39434676910937E-06	0	6.14422200106	5420.4375	
24.82384	4.1844984957325E-03	5.34080090919375E-06	0	6.13412451663	5420.4375	
24.827936	4.18353251302078E-03	5.34675763400625E-06	0	6.21410712186	5374.1171875	
24.832032	4.1823304519975E-03	5.39942561018437E-06	0	6.20081292721	5374.1171875	
24.836128	4.18241758702109E-03	5.34610282696875E-06	0	6.20347939552	5374.1171875	
24.840224	4.17894864389922E-03	5.47594019713125E-06	0	6.2998842412	5374.1171875	
24.84432	4.17613901940813E-03	5.70225655735312E-06	0	6.30176488337	5374.1171875	
24.848416	4.17554598922656E-03	5.65883977384687E-06	0	6.25519896254	5329.19921875	
24.852512	4.17466842159125E-03	5.63609748889687E-06	0	6.33343825444	5329.19921875	
24.856608	4.1725991247875E-03	5.69352122955E-06	0	6.36293343752	5329.19921875	
24.860704	4.17334018393359E-03	5.63723618968125E-06	0	6.32768188723	5329.19921875	
24.8648	4.17212934540531E-03	5.58227086003125E-06	0	6.40895004299	5329.19921875	
24.868896	4.16894695124875E-03	5.81786725905E-06	0	6.44820320309	5283.5390625	
24.872992	4.16887033094469E-03	5.77618677188437E-06	0	6.40758056928	5283.5390625	
24.877088	4.16776399958531E-03	5.78422883115E-06	0	6.44588005688	5283.5390625	
24.881184	4.16628398423703E-03	5.827542249375E-06	0	6.49304869873	5283.5390625	
24.88528	4.16511822185422E-03	5.89416021160312E-06	0	6.48040300138	5283.5390625	
24.889376	4.16522254615844E-03	5.8080201535125E-06	0	6.50937175724	5236.3984375	
24.893472	4.16148918069844E-03	5.99912116433437E-06	0	6.58940395344	5236.3984375	
24.897568	4.16093052907813E-03	6.07047878528437E-06	0	6.58450589148	5236.3984375	
24.901664	4.16090803672156E-03	5.97144811508437E-06	0	6.54412739783	5236.3984375	
24.90576	4.16063309966391E-03	5.92306571154375E-06	0	6.63865160134	5236.3984375	
24.909856	4.15905497741078E-03	6.01643484894375E-06	0	6.64678833511	5190.23828125	
24.913952	4.16045297794672E-03	5.91293639475E-06	0	6.62957263914	5190.23828125	
24.918048	4.15764298772625E-03	6.001965151875E-06	0	6.733309319	5190.23828125	
24.922144	4.15499446702484E-03	6.24791899245937E-06	0	6.74325040114	5190.23828125	
24.92624	4.15417916481562E-03	6.22868872322812E-06	0	6.6955057411	5190.23828125	
24.930336	4.15346910123406E-03	6.220922625225E-06	0	6.77170798854	5144.28125	
24.934432	4.15229620712844E-03	6.23882477078437E-06	0	6.7940391838	5144.28125	
24.938528	4.15284324684109E-03	6.19032385774687E-06	0	6.77776953095	5144.28125	
24.942624	4.1525337483575E-03	6.10399317484687E-06	0	6.85637884778	5144.28125	
24.94672	4.14900967153234E-03	6.363368636625E-06	0	6.89420531382	5144.28125	
24.950816	4.1490461530375E-03	6.3694013229E-06	0	6.88316178627	5100.30078125	
24.954912	4.14838601151562E-03	6.34726528734375E-06	0	6.87967515961	5100.30078125	
24.959008	0.004146958569765	6.37688376734063E-06	0	6.96427353974	5100.30078125	
24.963104	4.14484145384547E-03	6.5439540329625E-06	0	6.95018588957	5100.30078125	
24.9672	4.14521111481125E-03	6.45200388452812E-06	0	6.96391877357	5100.30078125	
24.971296	4.14088508489906E-03	6.67775245685625E-06	0	7.05661955526	5052.71875	
24.975392	4.13957650519531E-03	6.79716772205625E-06	0	7.04904358092	5052.71875	
24.979488	4.13885620119125E-03	6.73660023454687E-06	0	7.0197543911	5052.71875	
24.983584	4.13814814912125E-03	6.71857044488437E-06	0	7.11075000636	5052.71875	
24.98768	0.004136683037245	6.76458506233125E-06	0	7.11034183453	5006.62109375	
24.991776	4.13738578623906E-03	6.68803682157187E-06	0	7.09904653744	5006.62109375	
24.995872	4.13531859237922E-03	6.72851105994375E-06	0	7.19386447208	5006.62109375	
24.999968	4.13221272709437E-03	6.99472713988125E-06	0	7.21516570104	5006.62109375	
25.004064	4.13161347951344E-03	6.97478316944062E-06	0	7.18773426525	5006.62109375	
25.00816	4.13096211549656E-03	6.97054951982812E-06	0	7.22629315177	4960.22265625	
25.012256	4.1294313551975E-03	6.99138074899687E-06	0	7.2941068959	4960.22265625	
25.016352	4.12950056948172E-03	7.00513121601562E-06	0	7.26904056791	4960.22265625	
25.020448	4.13019015221828E-03	6.83279436912187E-06	0	7.3330930277	4960.22265625	
25.024544	4.12661386752484E-03	7.1049034720125E-06	0	7.39295314318	4960.22265625	
25.02864	4.12688935317656E-03	7.09664698988437E-06	0	7.36713913595	4915.7421875	
25.032736	4.12601626572609E-03	7.09306574346562E-06	0	7.36616257531	4915.7421875	
25.036832	4.12527822384734E-03	7.11764408427187E-06	0	7.45100891029	4915.7421875	
25.040928	4.12359468010187E-03	7.2272245035375E-06	0	7.44429505589	4915.7421875	
25.045024	4.12389750402437E-03	7.16572793041875E-06	0	7.46320828891	4915.7421875	
25.04912	4.12076567195391E-03	7.30531216583437E-06	0	7.55370417978	4869.30078125	
25.053216	4.11936593420344E-03	7.46378556505312E-06	0	7.56000604766	4869.30078125	
25.057312	4.11950326558375E-03	7.35365730979687E-06	0	7.52497574939	4869.30078125	
25.061408	4.11932872123953E-03	7.31305182155625E-06	0	7.60771637549	4869.30078125	
25.065504	4.11763548566562E-03	7.3974820255875E-06	0	7.63949655788	4869.30078125	
25.0696	4.11868604329531E-03	7.349756111775E-06	0	7.61416701628	4869.30078125	
25.073696	4.11719533036281E-03	7.3316743990875E-06	0	7.70925579391	4822.5390625	
25.077792	4.11343810106109E-03	7.68793870628437E-06	0	7.7482838873	4822.5390625	
25.081888	4.1128564999225E-03	7.69655528420625E-06	0	7.71018276358	4822.5390625	
25.085984	4.11183401202234E-03	7.7132817097875E-06	0	7.76602601049	4822.5390625	
25.09008	4.11066770104547E-03	7.72090045216875E-06	0	7.81241264089	4775.9609375	
25.094176	4.10991786439437E-03	7.7761662622875E-06	0	7.80638924538	4775.9609375	
25.098272	4.11017689222422E-03	7.666344256725E-06	0	7.85279876392	4775.9609375	
25.102368	4.10661953402594E-03	7.90073608964062E-06	0	7.9225770734	4775.9609375	
25.106464	4.10653285616406E-03	7.94321489331562E-06	0	7.92335527016	4775.9609375	
25.11056	4.10649500317375E-03	7.85090368755E-06	0	7.9022447757	4731.484375	
25.114656	4.10638738730516E-03	7.8107816122875E-06	0	7.99500277774	4731.484375	
25.118752	4.10480926505203E-03	7.94066754009375E-06	0	8.00531388481	4731.484375	
25.122848	4.10639598194547E-03	7.81005396878438E-06	0	7.99614337005	4731.484375	
25.126944	4.10360610684063E-03	7.9403545596375E-06	0	8.10923748448	4731.484375	
25.13104	4.10189293901578E-03	8.18132667443437E-06	0	8.12116602011	4685.421875	
25.135136	4.10232111668156E-03	8.0743303872E-06	0	8.08654770836	4685.421875	
25.139232	4.10280232510672E-03	8.00017445174063E-06	0	8.1693112226	4685.421875	
25.143328	4.10239142815391E-03	7.98846532883437E-06	0	8.19747126418	4685.421875	
25.147424	4.10329139671344E-03	7.9527814702875E-06	0	8.18755307018	4638.72265625	
25.15152	4.10303502042156E-03	7.9149603542625E-06	0	8.27786585593	4638.72265625	
25.155616	4.09980544717563E-03	8.24135089325625E-06	0	8.31609667911	4638.72265625	
25.159712	4.09964333763016E-03	8.26403452441875E-06	0	8.30643406934	4638.72265625	
25.163808	4.09871657939391E-03	8.30552799254063E-06	0	8.31325473506	4638.72265625	
25.167904	4.09727377700953E-03	8.36448346243125E-06	0	8.412535857	4592.44140625	
25.172	4.09613114700969E-03	8.49064199011875E-06	0	8.39865801478	4592.44140625	
25.176096	4.09736228351828E-03	8.30484001245938E-06	0	8.43457332113	4592.44140625	
25.180192	4.09369090918734E-03	8.55644408777812E-06	0	8.52618691617	4592.44140625	
25.184288	4.09302546458953E-03	8.6624019145125E-06	0	8.52631661563	4592.44140625	
25.188384	4.09242457122641E-03	8.62438512560625E-06	0	8.50413419328	4592.44140625	
25.19248	4.09210446659094E-03	8.60465942417812E-06	0	8.6041858826	4546.68359375	
25.196576	4.09045310703047E-03	8.71373335356562E-06	0	8.61897925042	4546.68359375	
25.200672	4.09061219930859E-03	8.700077838375E-06	0	8.61673239801	4546.68359375	
25.204768	4.08840154810141E-03	8.780735450025E-06	0	8.71821841077	4546.68359375	
25.208864	4.08590023347344E-03	9.05581329994688E-06	0	8.74531796853	4546.68359375	
25.21296	4.08631990793125E-03	8.9374208702625E-06	0	8.71836336899	4502.22265625	
25.217056	4.08643428979328E-03	8.86893271759687E-06	0	8.78291936786	4502.22265625	
25.221152	4.08560042681828E-03	8.89328966439375E-06	0	8.84532388157	4502.22265625	
25.225248	4.08656714098875E-03	8.86155484035937E-06	0	8.82507169236	4502.22265625	
25.229344	4.08704670363172E-03	8.7172595519625E-06	0	8.89711974239	4502.22265625	
25.23344	4.08390435684172E-03	9.03950490279375E-06	0	8.97049911923	4454.7421875	
25.237536	4.08401087552219E-03	9.05877627775312E-06	0	8.95603381475	4454.7421875	
25.241632	4.08373465841172E-03	9.04397172525E-06	0	8.97796828225	4454.7421875	
25.245728	4.08359357830531E-03	9.01997799924375E-06	0	9.05717269072	4454.7421875	
25.249824	4.08301069711391E-03	9.10268464730625E-06	0	9.0685862432	4408.82421875	
25.25392	4.08429294430266E-03	8.97722635930312E-06	0	9.09461768776	4408.82421875	
25.258016	4.08186239830875E-03	9.15470166259687E-06	0	9.19041218304	4408.82421875	
25.262112	4.08141730565937E-03	9.30209238059062E-06	0	9.20843659329	4408.82421875	
25.266208	4.08221880158469E-03	9.16556895942187E-06	0	9.17856757059	4408.82421875	
25.270304	4.08269196396359E-03	9.1185995352375E-06	0	9.27078388665	4408.82421875	
25.2744	4.08129835218016E-03	9.26667606985312E-06	0	9.31263866533	4362.5625	
25.278496	4.08272469674266E-03	9.20326146980625E-06	0	9.30389921054	4362.5625	
25.282592	4.08152419006922E-03	9.23241937334062E-06	0	9.41043968755	4362.5625	
25.286688	4.07915892676875E-03	9.56842817194687E-06	0	9.4473849602	4362.5625	
25.290784	4.07969910905562E-03	9.4847722459875E-06	0	9.42810933163	4362.5625	
25.29488	4.07999653846984E-03	9.44787660980625E-06	0	9.4889650812	4317.86328125	
25.298976	4.08006803856266E-03	9.41877976390312E-06	0	9.54817288469	4317.8671875	
25.303072	4.08102460374297E-03	9.390215609775E-06	0	9.55206768318	4317.8671875	
25.307168	4.08214931300344E-03	9.26152319039063E-06	0	9.61531524338	4317.8671875	
25.311264	4.07925063340953E-03	9.59586396181875E-06	0	9.68801942009	4271.2265625	
25.31536	4.07930357273656E-03	9.6669211023E-06	0	9.70360624343	4271.2265625	
25.319456	4.07930713859797E-03	9.64667136293437E-06	0	9.70166838091	4271.2265625	
25.323552	4.07916386411531E-03	9.64053314791875E-06	0	9.80385629663	4271.2265625	
25.327648	4.07796418033297E-03	9.78818756757187E-06	0	9.82056463883	4271.2265625	
25.331744	4.07994295911641E-03	9.58699353799687E-06	0	9.83152042851	4224.90625	
25.33584	4.07775416023938E-03	9.75129145062187E-06	0	9.94237150522	4224.90625	
25.339936	4.07733320572875E-03	9.9039333652875E-06	0	9.96834954412	4224.90625	
25.344032	4.07790749227984E-03	9.78674021325E-06	0	9.94667829023	4224.90625	
25.348128	4.07806749888141E-03	9.78922722999375E-06	0	10.0510596527	4224.90625	
25.352224	4.07650272575047E-03	9.939765060225E-06	0	10.08163820774	4178.16796875	
25.35632	4.07679485208875E-03	9.9707467600125E-06	0	10.08462511001	4178.16796875	
25.360416	4.07559489400938E-03	1.00107669123E-05	0	10.19944727901	4178.16796875	
25.364512	4.07245044427547E-03	1.03714509266156E-05	0	10.23919634881	4178.16796875	
25.368608	4.07227772857812E-03	1.03513038313781E-05	0	10.24142031308	4178.16796875	
25.372704	4.07222204628078E-03	1.03043721475406E-05	0	10.27834269759	4178.16796875	
25.3768	4.07168250402031E-03	1.0275414724575E-05	0	10.36957863832	4133.90625	
25.380896	4.07174376369062E-03	1.03316932740656E-05	0	10.37262657563	4133.90625	
25.384992	4.07306468676078E-03	1.01171708924344E-05	0	10.43147579826	4133.90625	
25.389088	4.06970966833922E-03	1.04758457741437E-05	0	10.52641198829	4133.90625	
25.393184	4.06940958738703E-03	1.05781959121781E-05	0	10.53268333865	4133.90625	
25.39728	4.06917579488406E-03	1.05283450004906E-05	0	10.53287788784	4087.26953125	
25.401376	4.06905784716062E-03	1.04916984025219E-05	0	10.64788316196	4087.26953125	
25.405472	4.06807476660062E-03	1.05974728159781E-05	0	10.66943234577	4087.26953125	
25.409568	4.06942001067422E-03	1.04632489117406E-05	0	10.68829980251	4087.26953125	
25.413664	4.06784755722641E-03	1.05589185276094E-05	0	10.80698243779	4040.7265625	
25.41776	4.06692454771625E-03	1.07648841870281E-05	0	10.83872065859	4040.7265625	
25.421856	4.06794694418406E-03	1.06127355411E-05	0	10.8342536566	4040.7265625	
25.425952	4.06888311995172E-03	1.05285894714E-05	0	10.92076319642	4040.7265625	
25.430048	4.06796577924688E-03	1.06341196543312E-05	0	10.98644071415	3994.46875	
25.434144	4.06894099662531E-03	1.06424371940906E-05	0	10.98122221823	3994.46875	
25.43824	4.06902063419672E-03	1.05745021658719E-05	0	11.07455242377	3994.46875	
25.442336	4.06617708830609E-03	1.09840979101219E-05	0	11.15213558899	3994.46875	
25.446432	0.004066808245775	1.09329912304594E-05	0	11.15123150746	3994.46875	
25.450528	4.06683265821078E-03	1.09178477359875E-05	0	11.20562898686	3949.08984375	
25.454624	0.004067083274265	1.08800383987969E-05	0	11.29590362571	3949.08984375	
25.45872	4.06740603043844E-03	1.09055285175375E-05	0	11.3114713756	3949.08984375	
25.462816	4.06893551068469E-03	1.07508406914562E-05	0	11.35507709699	3949.08984375	
25.466912	4.06644361358813E-03	1.10310067574437E-05	0	11.46775159552	3949.08984375	
25.471008	4.06557025184062E-03	1.12483750496906E-05	0	11.49820808048	3949.08984375	
25.475104	4.06539323882312E-03	1.122121570185E-05	0	11.49430183792	3904.12890625	
25.4792	4.06494732328266E-03	1.12382036656312E-05	0	11.60923844762	3904.12890625	
25.483296	4.06309728123922E-03	1.14193330518094E-05	0	11.66040869928	3904.12890625	
25.487392	4.06403693143594E-03	1.13294350647844E-05	0	11.67292851186	3904.12890625	
25.491488	4.06192969020953E-03	1.14362592368062E-05	0	11.79772228052	3856.62890625	
25.495584	4.05966838548391E-03	1.1763009390825E-05	0	11.84330401133	3856.62890625	
25.49968	4.05951139614969E-03	1.16832493744312E-05	0	11.83897052349	3856.62890625	
25.503776	4.05878204034359E-03	1.17073803599156E-05	0	11.93006532069	3856.62890625	
25.507872	4.05693007822094E-03	1.18451657990531E-05	0	11.9918213371	3856.62890625	
25.511968	4.05613708550359E-03	1.19346500845687E-05	0	12.01537704785	3810.76953125	
25.516064	4.05534390992156E-03	1.18934580584531E-05	0	12.10956555864	3810.76953125	
25.52016	4.05135892265156E-03	1.23146410507312E-05	0	12.18521467603	3810.76953125	
25.524256	4.05071277027828E-03	1.23292797380156E-05	0	12.21972999115	3810.76953125	
25.528352	4.05015110139063E-03	1.22756814743062E-05	0	12.23309285022	3764.890625	
25.532448	4.04985294051766E-03	1.2204762795225E-05	0	12.36899118147	3764.890625	
25.536544	4.04907238259906E-03	1.22994735178219E-05	0	12.39223790233	3764.890625	
25.54064	4.05118236679578E-03	1.20104086626562E-05	0	12.43522945863	3764.890625	
25.544736	4.04855496696578E-03	1.22436108333E-05	0	12.5580739207	3764.890625	
25.548832	4.04761156804297E-03	1.24416502987219E-05	0	12.59699138808	3764.890625	
25.552928	4.04725059314984E-03	1.24087017739781E-05	0	12.60825998234	3719.9296875	
25.557024	4.04706260825109E-03	1.24084789376625E-05	0	12.72814424497	3719.9296875	
25.56112	0.004045753937115	1.2543666302475E-05	0	12.76516962611	3719.9296875	
25.565216	4.04651401418859E-03	1.24785846367875E-05	0	12.79558033479	3719.9296875	
25.569312	4.04575046268594E-03	1.24848187651687E-05	0	12.91308041617	3719.9296875	
25.573408	4.04391440979109E-03	1.27835992356187E-05	0	12.98476225596	3673.0703125	
25.577504	4.04469249903641E-03	1.26543325379625E-05	0	13.00483134005	3673.0703125	
25.5816	4.04515798109844E-03	1.26019181673E-05	0	13.06931485981	3673.0703125	
25.585696	4.04424576060484E-03	1.26884849076562E-05	0	13.17410057942	3673.0703125	
25.589792	4.04428946526516E-03	1.27999670077125E-05	0	13.19381871203	3673.0703125	
25.593888	4.04502202120328E-03	1.26330972226594E-05	0	13.2710776286	3626.875	
25.597984	4.04135284124859E-03	1.31296724472375E-05	0	13.38905836092	3626.875	
25.60208	4.04069361405016E-03	1.32322934984625E-05	0	13.42061729129	3626.875	
25.606176	4.03970587044063E-03	1.32710965846594E-05	0	13.43595615978	3626.875	
25.610272	4.0400324667725E-03	1.31978574752062E-05	0	13.43517033364	3626.875	
25.614368	4.03967606349656E-03	1.31981562729844E-05	0	13.48675257182	3626.875	
25.618464	4.04073475860484E-03	1.30812922071562E-05	0	13.53613373387	3626.875	
25.62256	4.04036180607469E-03	1.30830164842781E-05	0	13.51675510867	3626.875	
25.626656	4.03671292410031E-03	1.35570970198125E-05	0	13.51878070906	3626.875	
25.630752	4.03235333851797E-03	1.40602472378156E-05	0	13.51659489169	3626.875	
25.634848	4.03002345953453E-03	1.42595943942375E-05	0	13.513920794	3626.875	
25.638944	4.03167399620391E-03	1.38890308224937E-05	0	13.51492024278	3626.875	
25.64304	4.03358996096719E-03	1.35018677481187E-05	0	13.5046129504	3626.875	
25.647136	4.03173425011844E-03	1.37145552758156E-05	0	13.51065541936	3626.875	
25.651232	4.03085329948641E-03	1.3929807224025E-05	0	13.49679665059	3626.875	
25.655328	4.03172199818437E-03	1.37865975114656E-05	0	13.49063974093	3626.875	
25.659424	0.0040330294807	1.3652311347675E-05	0	13.48263652131	3626.875	
25.66352	4.03312978198109E-03	1.36568483623687E-05	0	13.47971828346	3626.875	
25.667616	4.03091419342734E-03	1.40238977549344E-05	0	13.47153195872	3626.875	
25.671712	4.02850339681969E-03	1.43625370797562E-05	0	13.46131240421	3626.875	
25.675808	4.02759455932281E-03	1.4457122081325E-05	0	13.45881759695	3626.875	
25.679904	4.02991648369234E-03	1.40811217361719E-05	0	13.44898332613	3626.875	
25.684	4.03200726709687E-03	1.37936301967406E-05	0	13.4445315829	3626.875	
25.688096	4.03335251117047E-03	1.3717368974925E-05	0	13.44108310314	3626.875	
25.692192	4.03376898549625E-03	1.3813034263875E-05	0	13.44034686797	3626.875	
25.696288	4.03501228250656E-03	1.38242712718687E-05	0	13.44255175879	3626.875	
25.700384	4.03697533492688E-03	1.36993581756281E-05	0	13.4439212325	3626.875	
25.70448	4.03795027800828E-03	1.37217737782125E-05	0	13.44361987199	3626.875	
25.708576	4.03787347483953E-03	1.38942048557812E-05	0	13.43765369683	3626.875	
25.712672	4.03792741992234E-03	1.40514712850531E-05	0	13.43103902437	3626.875	
25.716768	4.03886579006625E-03	1.40222669873344E-05	0	13.42628592063	3626.875	
25.720864	4.03934452981812E-03	1.40528907547875E-05	0	13.4235889348	3626.875	
25.72496	4.03896609134734E-03	1.41997132041187E-05	0	13.4225971154	3626.875	
25.729056	4.03877426629016E-03	1.432798951815E-05	0	13.41476937152	3626.875	
25.733152	4.03987191157688E-03	1.42586867028375E-05	0	13.40849039178	3626.875	
25.737248	4.04125793447578E-03	2.20672832211562E-06	0	13.40086101178	3626.875	
25.741344	4.03476486658438E-03	0	0	13.39850734805	3626.875	
25.74544	4.01609904504016E-03	0	0	13.39581036222	3626.875	
25.749536	3.98629932413281E-03	0	0	13.39564633055	3626.875	
25.753632	3.94796430250406E-03	0	0	13.40055583658	3626.875	
25.757728	3.90358057417453E-03	0	0	13.40139888307	3626.875	
25.761824	3.8531974211775E-03	0	0	13.40487025097	3626.875	
25.76592	3.79754895380094E-03	0	0	13.3998997099	3626.875	
25.770016	3.73800812011859E-03	0	0	13.39424633932	3626.875	
25.774112	3.67640667570516E-03	0	0	13.38992811024	3626.875	
25.778208	3.61509086593359E-03	0	0	13.38319518239	3626.875	
25.782304	3.55500564407656E-03	0	0	13.3788044742	3626.875	
25.7864	3.49723859786297E-03	0	0	13.37371186305	3626.875	
25.790496	3.44347583114391E-03	0	0	13.37080506927	3626.875	
25.794592	3.39601595304125E-03	0	0	13.36930208141	3626.875	
25.798688	3.35601978859125E-03	0	0	13.36847810837	3626.875	
25.802784	0.003324248877785	0	0	13.37207154635	3626.875	
25.80688	3.30145616597328E-03	0	0	13.36878709826	3626.875	
25.810976	3.28819161870375E-03	0	0	13.36899690621	3626.875	
25.815072	3.28458360698703E-03	0	0	13.36724977819	3626.875	
25.819168	3.29020815904516E-03	0	0	13.36554842645	3626.875	
25.823264	3.30385242483828E-03	0	0	13.36666994531	3567.44140625	
25.82736	3.32501069207313E-03	0	0	13.36546831796	3567.44140625	
25.831456	3.35377192442016E-03	0	0	13.36088306058	3567.44140625	
25.835552	3.38984344694703E-03	0	0	13.31780376641	3567.44140625	
25.839648	3.43211079081578E-03	0	0	13.27133702752	3567.44140625	
25.843744	3.47781928237391E-03	0	0	13.25747825875	3567.44140625	
25.84784	3.52601162498234E-03	0	0	13.16007777898	3567.44140625	
25.851936	3.57468535888063E-03	0	0	13.09452233133	3575.71875	
25.856032	3.62148911848453E-03	0	0	13.09081445265	3575.71875	
25.860128	3.66671045851516E-03	-2.6421694732125E-06	0	12.95141042129	3575.71875	
25.864224	3.70770131543281E-03	-3.68695809188437E-06	0	12.90702650314	3575.71875	
25.86832	3.73998031577328E-03	-1.76433453374062E-06	0	12.84958871581	3575.71875	
25.872416	3.76678626744922E-03	2.85077839921875E-07	0	12.70700323299	3620.69921875	
25.876512	3.78889469960031E-03	2.24032876928437E-06	0	12.64479708316	3620.69921875	
25.880608	3.80528001562672E-03	4.40509992181875E-06	0	12.64041018966	3620.69921875	
25.884704	3.81679665078078E-03	6.82402178174062E-06	0	12.49197297238	3620.69921875	
25.8888	3.82636970860375E-03	8.53128810331875E-06	0	12.42831342566	3668.640625	
25.892896	3.83125795599766E-03	1.06883253693562E-05	0	12.3724511053	3668.640625	
25.896992	3.83737624271203E-03	1.18270780767562E-05	0	12.24022632052	3668.64453125	
25.901088	0.003846305616835	1.18030942065094E-05	0	12.16551561687	3668.64453125	
25.905184	0.0038544365123	1.19128094814094E-05	0	12.16351671931	3668.64453125	
25.90928	3.86076811067234E-03	1.26015660041906E-05	0	12.03540035566	3668.64453125	
25.913376	3.87044037258828E-03	1.22500391922562E-05	0	11.95533764194	3668.64453125	
25.917472	3.87782225429328E-03	1.24702021932469E-05	0	11.93410889209	3716.265625	
25.921568	3.88741826163453E-03	1.23058768768031E-05	0	11.82342566174	3716.265625	
25.925664	3.89953167569625E-03	1.13674845459656E-05	0	11.72264918132	3716.265625	
25.92976	3.90906340609984E-03	1.13080338842625E-05	0	11.7604985355	3762.04296875	
25.933856	3.91549740869719E-03	1.20547720798312E-05	0	11.66307898228	3762.04296875	
25.937952	3.92490899700109E-03	1.17718877473312E-05	0	11.55213635301	3762.04296875	
25.942048	3.92982997717406E-03	1.23696919572187E-05	0	11.53766723384	3762.04296875	
25.946144	3.93347127026391E-03	1.33081552014469E-05	0	11.44925416371	3762.04296875	
25.95024	3.93989777540906E-03	1.30256227916719E-05	0	11.32751214705	3762.04296875	
25.954336	3.94487910092891E-03	1.31171991424031E-05	0	11.34390386998	3809.984375	
25.958432	3.94758302963062E-03	1.3749730481025E-05	0	11.26432562189	3809.984375	
25.962528	3.95330184843516E-03	1.35030030835219E-05	0	11.15089200005	3809.984375	
25.966624	3.95781101733188E-03	1.33422390615937E-05	0	11.14616559914	3809.984375	
25.97072	3.95962540076125E-03	1.41522776746312E-05	0	11.07446850059	3857.36328125	
25.974816	3.96602776776766E-03	1.3417773120675E-05	0	10.95123494014	3857.36328125	
25.978912	3.97004384203453E-03	1.34116728863906E-05	0	10.95539295224	3857.36328125	
25.983008	3.97151974292734E-03	1.40408484591375E-05	0	10.92844979677	3857.36328125	
25.987104	0.00397431382392	1.42270975517344E-05	0	10.8093818778	3857.36328125	
25.9912	3.97796874042906E-03	1.38859952486062E-05	0	10.80573503416	3857.36328125	
25.995296	3.97861397847891E-03	1.45656924054469E-05	0	10.75492336336	3904.74609375	
25.999392	3.98491787285109E-03	1.36201565721375E-05	0	10.62786366884	3904.74609375	
26.003488	3.99082485941906E-03	1.29348361036125E-05	0	10.59627040626	3904.74609375	
26.007584	3.99370863554094E-03	1.31895243104625E-05	0	10.5940426273	3904.74609375	
26.01168	3.99467982989625E-03	1.39030625392312E-05	0	10.48335558226	3950.94921875	
26.015776	3.99737150666391E-03	1.37785427118281E-05	0	10.42954556512	3950.94921875	
26.019872	3.99512592830141E-03	1.48465498168969E-05	0	10.42188185291	3950.94921875	
26.023968	3.99711449034562E-03	1.47132384117469E-05	0	10.315684698	3950.94921875	
26.028064	4.00030950216562E-03	1.40647876178906E-05	0	10.23358875451	3996.046875	
26.03216	4.00182435323687E-03	1.41332245686844E-05	0	10.27630565313	3996.046875	
26.036256	4.00226167413703E-03	1.44803177312062E-05	0	10.19832957484	3996.046875	
26.040352	4.00609835814547E-03	1.38763911716719E-05	0	10.10694104651	3996.046875	
26.044448	4.00617698996109E-03	1.41815538472781E-05	0	10.11383419134	3996.046875	
26.048544	4.00698049739797E-03	1.45152145713094E-05	0	10.04074091625	3996.046875	
26.05264	4.01085786879937E-03	1.37374800125062E-05	0	9.93587890284	3996.046875	
26.056736	4.01311432761078E-03	1.36398027063375E-05	0	9.95982371197	4043.94921875	
26.060832	4.01316790696422E-03	1.40890991320406E-05	0	9.92665879711	4043.94921875	
26.064928	4.01491371613578E-03	1.40602931512312E-05	0	9.80102198196	4043.94921875	
26.069024	4.01579247239156E-03	1.39781362622344E-05	0	9.8086361032	4043.94921875	
26.07312	4.01449212159875E-03	1.47123400953375E-05	0	9.75962496608	4090.0078125	
26.077216	4.01884951280484E-03	1.37012798083219E-05	0	9.64242624521	4090.0078125	
26.081312	4.02102706550359E-03	1.34686185025219E-05	0	9.62795331135	4090.0078125	
26.085408	4.02105568382719E-03	1.38711798788062E-05	0	9.64052652959	4090.0078125	
26.089504	4.02127429856109E-03	1.41790365421031E-05	0	9.53025528576	4090.0078125	
26.0936	4.02344215943141E-03	1.37053194677437E-05	0	9.51706408774	4137.29296875	
26.097696	4.02140257813938E-03	1.44909331052062E-05	0	9.49777320041	4137.29296875	
26.101792	4.02433335048594E-03	1.38853414031062E-05	0	9.41295738295	4137.29296875	
26.105888	4.02682040166828E-03	1.34037507789281E-05	0	9.34887440564	4137.29296875	
26.109984	4.02772832484172E-03	1.35275129147812E-05	0	9.37862135826	4137.29296875	
26.11408	4.02730883324859E-03	1.39703749719187E-05	0	9.30171720786	4137.29296875	
26.118176	4.03015201340984E-03	1.34247226329562E-05	0	9.22020491194	4181.453125	
26.122272	4.02921675196562E-03	1.38214075728094E-05	0	9.24194483025	4181.453125	
26.126368	4.03065342838297E-03	1.37938616868937E-05	0	9.16765755719	4181.453125	
26.130464	4.03447968910422E-03	1.2894435182475E-05	0	9.05494872645	4181.453125	
26.13456	4.03586562057078E-03	1.29781519256812E-05	0	9.09324058467	4228.53125	
26.138656	4.03519148990031E-03	1.34887100689687E-05	0	9.06158628705	4228.53125	
26.142752	4.03601127229438E-03	1.35409304494406E-05	0	8.95268070224	4228.53125	
26.146848	4.03537901763734E-03	1.36569546122625E-05	0	8.97770888333	4228.53125	
26.150944	4.03360532160094E-03	1.43057268000281E-05	0	8.92817894837	4228.53125	
26.15504	4.03709264262391E-03	1.32813278244281E-05	0	8.82924114853	4275.4921875	
26.159136	4.03902232223875E-03	1.29744218813344E-05	0	8.82831036417	4275.4921875	
26.163232	4.03925574901234E-03	1.31699267339062E-05	0	8.83972773134	4275.4921875	
26.167328	4.03925867484734E-03	1.34798257028531E-05	0	8.74186185939	4275.4921875	
26.171424	4.04147188616016E-03	1.29525423359062E-05	0	8.71818026387	4321.4921875	
26.17552	4.03925090309813E-03	1.37344256886375E-05	0	8.70627461638	4321.4921875	
26.179616	4.04213531924641E-03	1.31116296768187E-05	0	8.61377982795	4321.4921875	
26.183712	4.04395966880125E-03	1.27342516888125E-05	0	8.54709141737	4321.4921875	
26.187808	4.04462813066641E-03	1.28693493902531E-05	0	8.59699900664	4321.4921875	
26.191904	4.04398371550766E-03	1.32765891272437E-05	0	8.52036951392	4367.01171875	
26.196	4.04670538208406E-03	1.27115870480156E-05	0	8.45865164441	4367.01171875	
26.200096	4.04528068330375E-03	1.31647298641031E-05	0	8.47347552975	4367.015625	
26.204192	4.04627089558656E-03	1.31759339394375E-05	0	8.41493148232	4367.015625	
26.208288	4.04944972388172E-03	1.2364097251275E-05	0	8.31999910698	4367.015625	
26.212384	4.05109303739594E-03	1.22844766578187E-05	0	8.35391170108	4412.375	
26.21648	4.05016243900125E-03	1.27898711043469E-05	0	8.33593306711	4412.375	
26.220576	0.0040507600408	1.28822339927531E-05	0	8.23214298159	4412.375	
26.224672	4.05062353231078E-03	1.283356024335E-05	0	8.2534251371	4412.375	
26.228768	4.04892563368734E-03	1.34678483109844E-05	0	8.21761282738	4412.375	
26.232864	4.05272309322031E-03	1.23790989189656E-05	0	8.11754969399	4459.61328125	
26.23696	4.05425979662172E-03	1.21989632817937E-05	0	8.10243207752	4459.61328125	
26.241056	4.05471768979922E-03	1.22941026097312E-05	0	8.12663247088	4459.61328125	
26.245152	4.05435068037141E-03	1.26706349255062E-05	0	8.03132625592	4459.61328125	
26.249248	4.05658327534109E-03	1.21113487059469E-05	0	8.01127243059	4459.61328125	
26.253344	4.05401484937281E-03	1.29471666201281E-05	0	8.01002884165	4505.953125	
26.25744	4.05674456199547E-03	1.23289936806094E-05	0	7.92865768926	4505.953125	
26.261536	4.05874994759094E-03	1.18813816282219E-05	0	7.87415339854	4505.953125	
26.265632	4.05961617761562E-03	1.19301250890937E-05	0	7.92233674793	4505.953125	
26.269728	4.05822914896094E-03	1.25169735407062E-05	0	7.87139156298	4551.75390625	
26.273824	4.06017464637125E-03	1.21220530221656E-05	0	7.79004711342	4551.75390625	
26.27792	4.05874894183516E-03	1.24601401840781E-05	0	7.82351338879	4551.75390625	
26.282016	4.05897999136781E-03	1.26070602294656E-05	0	7.75846529491	4551.75390625	
26.286112	4.06231736334703E-03	1.16666907371437E-05	0	7.66195363791	4551.75390625	
26.290208	4.06373237029891E-03	1.1599517246625E-05	0	7.69670164912	4596.1953125	
26.294304	4.06348998315562E-03	1.18981359383906E-05	0	7.69434035601	4596.1953125	
26.2984	4.06445084565609E-03	1.19343510464062E-05	0	7.58247457176	4596.1953125	
26.302496	4.06524905001703E-03	1.17114491058469E-05	0	7.60658341256	4596.1953125	
26.306592	4.06335356609875E-03	1.24754226207187E-05	0	7.5728844411	4643.8359375	
26.310688	4.06683969850125E-03	1.15515790734094E-05	0	7.48799995922	4643.8359375	
26.314784	4.06853375696625E-03	1.13181468549187E-05	0	7.47210414599	4643.8359375	
26.31888	4.06917332621078E-03	1.14022441265906E-05	0	7.51108264841	4643.8359375	
26.322976	4.06876252069031E-03	1.18123797741469E-05	0	7.4246837346	4643.8359375	
26.327072	4.07135407904156E-03	1.12223998352812E-05	0	7.39561961149	4643.8359375	
26.331168	4.06946664116953E-03	1.18517138694281E-05	0	7.41199607566	4689.63671875	
26.335264	4.07200388870859E-03	1.13803431869531E-05	0	7.33563361124	4689.63671875	
26.33936	4.07419314474734E-03	1.08731463383812E-05	0	7.25777960303	4689.63671875	
26.343456	4.07470388581953E-03	1.10683211432062E-05	0	7.31477488632	4689.63671875	
26.347552	0.00407329482197	1.16028523394437E-05	0	7.27267978217	4736.59765625	
26.351648	0.004075006435445	1.12902658731844E-05	0	7.19219745255	4736.59765625	
26.355744	4.07430213210109E-03	1.14056460462656E-05	0	7.2199493223	4736.59765625	
26.35984	4.07448280241234E-03	1.16061071438812E-05	0	7.17278068045	4736.59765625	
26.363936	4.07787073647766E-03	1.06893664740844E-05	0	7.07798944864	4736.59765625	
26.368032	4.07942892647984E-03	1.06096225634437E-05	0	7.11188296929	4780.49609375	
26.372128	4.07931929909969E-03	1.08503490054094E-05	0	7.11818102248	4780.49609375	
26.376224	4.07973440194031E-03	1.10217750359062E-05	0	7.02458760333	4780.49609375	
26.38032	4.08090299872578E-03	1.06929018070875E-05	0	7.0329150716	4780.49609375	
26.384416	4.07854770155078E-03	1.1517901943625E-05	0	7.01968191199	4780.49609375	
26.388512	4.08200338698281E-03	1.06326114827625E-05	0	6.9300328823	4827.4375	
26.392608	0.004083362620205	1.04184717930562E-05	0	6.90026685623	4827.4375	
26.396704	4.08393690675609E-03	1.05089820390844E-05	0	6.95962343263	4827.4375	
26.4008	4.08300868560234E-03	1.09772842150125E-05	0	6.88595795404	4827.4375	
26.404896	4.08589566185625E-03	1.02844192828781E-05	0	6.83749613228	4827.4375	
26.408992	4.08404497978641E-03	1.08435886756312E-05	0	6.85206443339	4874.359375	
26.413088	4.08610028744156E-03	1.05384858557344E-05	0	6.78565068049	4874.359375	
26.417184	4.08844287552078E-03	9.97140709589062E-06	0	6.70795688926	4874.359375	
26.42128	4.08953832643125E-03	1.00200599318531E-05	0	6.76394509439	4874.359375	
26.425376	4.0882911892625E-03	1.05252233689969E-05	0	6.74588253724	4874.359375	
26.429472	4.08965142824047E-03	1.03707691965281E-05	0	6.65034744088	4920.5	
26.433568	4.08926576661453E-03	1.0351945417275E-05	0	6.68899025058	4920.5	
26.437664	4.08828744053641E-03	1.08231927825656E-05	0	6.65005752444	4920.5	
26.44176	4.09210848961406E-03	9.76166379601875E-06	0	6.55618563292	4920.5	
26.445856	4.09325157677562E-03	9.73296791125312E-06	0	6.56999862541	4920.5	
26.449952	4.09347522028844E-03	9.89536077770625E-06	0	6.60085565282	4965.55859375	
26.454048	4.09357780737812E-03	1.01475105255562E-05	0	6.50279141699	4965.55859375	
26.458144	4.09570717523172E-03	9.61333509819375E-06	0	6.50897884417	4965.55859375	
26.46224	4.09357451581375E-03	1.03890727839937E-05	0	6.49912931459	4965.55859375	
26.466336	4.09677967662391E-03	9.66512230602187E-06	0	6.42698208262	4965.55859375	
26.470432	4.09816798533141E-03	9.44925545458125E-06	0	6.38519596836	4965.55859375	
26.474528	4.09853627481203E-03	9.57070220813437E-06	0	6.43993676986	5011.23828125	
26.478624	4.09712026210437E-03	1.011474757755E-05	0	6.38211751353	5011.23828125	
26.48272	4.09958856965625E-03	9.52972364334375E-06	0	6.32244431786	5011.23828125	
26.486816	4.09802114498734E-03	9.93342107618437E-06	0	6.35964898943	5011.23828125	
26.490912	4.09920062222172E-03	9.84513174139687E-06	0	6.29719488475	5058.140625	
26.495008	4.1017617336025E-03	9.15406921130625E-06	0	6.21354636243	5058.140625	
26.499104	4.10213678907656E-03	9.314131070475E-06	0	6.27241084382	5058.140625	
26.5032	4.10049493847984E-03	9.8322517062E-06	0	6.26792858307	5058.140625	
26.507296	4.10135787694016E-03	9.72899243445937E-06	0	6.17038314508	5104.62109375	
26.511392	0.00410158179475	9.50992558621875E-06	0	6.20536003769	5104.62109375	
26.515488	4.10035925288172E-03	1.00207370946375E-05	0	6.16704529133	5104.62109375	
26.519584	4.10370796247156E-03	9.09589210602187E-06	0	6.08597549945	5104.62109375	
26.52368	0.0041050635384	8.95981796325E-06	0	6.09043105737	5104.62109375	
26.527776	4.10573099450938E-03	8.98108549005937E-06	0	6.12342431118	5104.62109375	
26.531872	4.10546830938578E-03	9.33194042766562E-06	0	6.05354681976	5149.94140625	
26.535968	4.10768974960953E-03	8.8191767577375E-06	0	6.03020473165	5149.94140625	
26.540064	4.10516941705406E-03	9.593607714075E-06	0	6.04460137171	5149.94140625	
26.54416	4.10784737897016E-03	9.02886741343125E-06	0	5.97286994095	5149.94140625	
26.548256	4.10948273787047E-03	8.63144257047187E-06	0	5.91138476753	5194.51953125	
26.552352	4.10955460369266E-03	8.85599499015E-06	0	5.98567966997	5194.51953125	
26.556448	4.10797977300391E-03	9.37313846339062E-06	0	5.93965543512	5194.51953125	
26.560544	4.1099921074575E-03	8.93444322900937E-06	0	5.87149836889	5194.51953125	
26.56464	4.10929045565156E-03	9.01941525942187E-06	0	5.90946216377	5194.51953125	
26.568736	4.10997180947719E-03	9.06835703740313E-06	0	5.86162976586	5242.1796875	
26.572832	4.11280584640406E-03	8.3405426209875E-06	0	5.77711530891	5242.1796875	
26.576928	4.11357707822359E-03	8.4256136897625E-06	0	5.81899679042	5242.1796875	
26.581024	4.11254992727391E-03	8.8284440561625E-06	0	5.82384144672	5242.1796875	
26.58512	4.11285558559906E-03	8.93390020070625E-06	0	5.73121314414	5242.1796875	
26.589216	0.004113557237405	8.63888006303437E-06	0	5.75529528211	5288.00390625	
26.593312	4.11131842503594E-03	9.33677287475625E-06	0	5.74842502542	5288.00390625	
26.597408	4.11501640617891E-03	8.36463947189062E-06	0	5.65490790007	5288.00390625	
26.601504	4.11664189038609E-03	8.0991120931875E-06	0	5.65104743379	5288.00390625	
26.6056	4.11745627827187E-03	8.14029210008438E-06	0	5.70654354391	5288.00390625	
26.609696	4.11680070836719E-03	8.57053493907187E-06	0	5.63356470952	5334.86328125	
26.613792	4.11940945599906E-03	8.00183959430625E-06	0	5.5994690103	5334.86328125	
26.617888	4.11739072128141E-03	8.59829068054687E-06	0	5.61818769413	5334.86328125	
26.621984	4.11935432229578E-03	8.29329915861562E-06	0	5.55928888053	5334.86328125	
26.62608	4.12093390746641E-03	7.90948391743125E-06	0	5.49829961681	5334.86328125	
26.630176	4.12120701587719E-03	8.05130372753437E-06	0	5.56152047418	5378.58203125	
26.634272	4.11960630983516E-03	8.52880228849687E-06	0	5.53368086656	5378.58203125	
26.638368	4.12135906786484E-03	8.18511513218437E-06	0	5.45248137522	5378.58203125	
26.642464	4.1211366129725E-03	8.14282334755312E-06	0	5.49740697935	5378.58203125	
26.64656	4.12120491293328E-03	8.36945701515E-06	0	5.45718870268	5378.58203125	
26.650656	4.12483605703297E-03	7.44950384856562E-06	0	5.37362028885	5425.78125	
26.654752	4.12577717014719E-03	7.49753553130312E-06	0	5.40353508783	5425.78125	
26.658848	4.12526286321359E-03	7.8128200717875E-06	0	5.43678011118	5425.78125	
26.662944	4.12554685207328E-03	7.99073095156875E-06	0	5.33878453977	5425.78125	
26.66704	4.12740439156891E-03	7.48947087590625E-06	0	5.36171464136	5472.26171875	
26.671136	4.1253673703825E-03	8.20229203808437E-06	0	5.35350924317	5472.26171875	
26.675232	4.12872110875125E-03	7.43522093015625E-06	0	5.28453583328	5472.26171875	
26.679328	0.004130644113805	7.12602484512187E-06	0	5.25577307068	5472.26171875	
26.683424	4.13191301187156E-03	7.07792825860312E-06	0	5.31678522254	5472.26171875	
26.68752	4.13131056415859E-03	7.51555426328437E-06	0	5.2518744575	5518.7421875	
26.691616	4.13408068987719E-03	6.98730238769062E-06	0	5.2125450036	5518.7421875	
26.695712	4.13239102016469E-03	7.49611966733437E-06	0	5.24931098582	5518.7421875	
26.699808	4.13407730688047E-03	7.34649770157187E-06	0	5.1948066951	5518.7421875	
26.703904	4.13639932268234E-03	6.7747922636625E-06	0	5.11809709389	5518.7421875	
26.708	4.13679092741063E-03	6.94188127926562E-06	0	5.18677677265	5563.125	
26.712096	4.13538140639937E-03	7.39885149537187E-06	0	5.17423788662	5563.125	
26.716192	4.13723044268703E-03	7.1237053762875E-06	0	5.09145148424	5563.125	
26.720288	0.00413833028235	6.776745146325E-06	0	5.12982345095	5563.125	
26.724384	4.13804528773453E-03	7.16385461498437E-06	0	5.10151082177	5563.125	
26.72848	4.14166253411797E-03	6.36595445134687E-06	0	5.01765630619	5609.54296875	
26.732576	4.14305422582219E-03	6.32744727831562E-06	0	5.04014008905	5609.54296875	
26.736672	4.14310789660797E-03	6.54504129149062E-06	0	5.07628046211	5609.54296875	
26.740768	4.14277645436188E-03	6.87286884827812E-06	0	4.99703027736	5609.54296875	
26.744864	4.14433217569078E-03	6.49685287814062E-06	0	4.98606304361	5609.54296875	
26.74896	4.14181129454125E-03	7.19960313692812E-06	0	5.006399156	5656.1015625	
26.753056	4.14433162709672E-03	6.65929358108437E-06	0	4.93115439575	5656.1015625	
26.757152	4.14608292220891E-03	6.24896562602812E-06	0	4.88723968447	5656.1015625	
26.761248	4.14680194616016E-03	6.2811504496125E-06	0	4.96345337598	5656.1015625	
26.765344	4.14594248212891E-03	6.65537916192187E-06	0	4.92401711076	5656.1015625	
26.76944	4.14844626543016E-03	6.18804621579375E-06	0	4.85946492658	5702.86328125	
26.773536	4.14743557230234E-03	6.43334356665E-06	0	4.89916059072	5702.86328125	
26.777632	4.14804606606156E-03	6.54092807445E-06	0	4.85469274939	5702.86328125	
26.781728	4.15058989672938E-03	5.92017244520625E-06	0	4.77511831599	5702.86328125	
26.785824	4.15154838198891E-03	5.92416931620937E-06	0	4.82746349217	5702.86328125	
26.78992	4.15081207732469E-03	6.23255602705312E-06	0	4.83252177111	5747.84375	
26.794016	4.15194190679641E-03	6.162818837175E-06	0	4.74504330003	5747.84375	
26.798112	4.15332527815734E-03	5.80818097065937E-06	0	4.77979894062	5747.84375	
26.802208	4.1525893392225E-03	6.2416629891E-06	0	4.76715324327	5747.84375	
26.806304	4.15658566410312E-03	5.42708423637187E-06	0	4.68858588803	5747.84375	
26.8104	4.15809128050766E-03	5.31725189428125E-06	0	4.68648780853	5747.84375	
26.814496	4.15830523219203E-03	5.52762908775E-06	0	4.73956540519	5792.78515625	
26.818592	4.15791774191922E-03	5.87103980203125E-06	0	4.66559856609	5792.78515625	
26.822688	4.16046148115469E-03	5.3409667744125E-06	0	4.65243788559	5792.78515625	
26.826784	4.15826491052844E-03	5.94856111874062E-06	0	4.67580286184	5792.78515625	
26.83088	4.16050555154437E-03	5.60730472922812E-06	0	4.61942555833	5792.78515625	
26.834976	4.16291963971641E-03	5.0913477932625E-06	0	4.56319321304	5792.78515625	
26.839072	4.16452372875516E-03	4.98786664674375E-06	0	4.63215517886	5840.18359375	
26.843168	4.16418597767734E-03	5.29957282542188E-06	0	4.60411339267	5840.18359375	
26.847264	4.16655480683922E-03	5.00038298038125E-06	0	4.52882667083	5885.9453125	
26.85136	4.16625929750422E-03	5.1070795083E-06	0	4.57303511324	5885.9453125	
26.855456	4.16613357803156E-03	5.44078278036562E-06	0	4.53715032441	5885.9453125	
26.859552	4.16920597907859E-03	4.75115726806875E-06	0	4.45023642745	5885.9453125	
26.863648	0.0041695489418	4.8734537803875E-06	0	4.49821759827	5885.9453125	
26.867744	4.16845385661891E-03	5.24056951904062E-06	0	4.52855582784	5885.9453125	
26.87184	4.16906105881375E-03	5.2649033889375E-06	0	4.43851007039	5885.9453125	
26.875936	4.17080476504141E-03	4.77575435885625E-06	0	4.46805865913	5932.4453125	
26.880032	4.16917662929625E-03	5.32623385645312E-06	0	4.45575628388	5932.4453125	
26.884128	4.17214406601266E-03	4.71798999354375E-06	0	4.38267063817	5932.4453125	
26.888224	0.00417373873752	4.49187988311562E-06	0	4.36927726158	5932.4453125	
26.89232	4.17419260767437E-03	4.56136490978437E-06	0	4.42995753541	5976.34375	
26.896416	4.17284964940937E-03	5.04752740439062E-06	0	4.36735847251	5976.34375	
26.900512	4.17429354898187E-03	4.73833540589062E-06	0	4.33855374832	5976.34375	
26.904608	4.17141891609438E-03	5.3062206553125E-06	0	4.37784505532	5976.34375	
26.908704	4.17238151580937E-03	5.16717295782187E-06	0	4.32179581515	5976.34375	
26.9128	4.17469703991484E-03	4.5229849000875E-06	0	4.25104475972	5976.34375	
26.916896	4.17550109594578E-03	4.50095847980625E-06	0	4.32937178949	6023.765625	
26.920992	4.17469475410625E-03	4.78491444585E-06	0	4.30922259691	6023.765625	
26.925088	4.17678197164937E-03	4.4957416581E-06	0	4.22970156917	6023.765625	
26.929184	4.17690385096359E-03	4.42000062807187E-06	0	4.2763056369	6023.765625	
26.93328	4.17599510489906E-03	4.86002518804687E-06	0	4.25175429206	6023.765625	
26.937376	4.17843497699203E-03	4.30211901518437E-06	0	4.17103926635	6070.0859375	
26.941472	4.17906266003187E-03	4.29586661759062E-06	0	4.20713004844	6070.0859375	
26.945568	4.17833732724891E-03	4.5174175979625E-06	0	4.23760179216	6070.0859375	
26.949664	4.17813709041609E-03	4.69833135935625E-06	0	4.15804261752	6070.0859375	
26.95376	4.17993145016219E-03	4.23591932176875E-06	0	4.16392868419	6116.4453125	
26.957856	4.17788153701531E-03	4.7552135140125E-06	0	4.18476070628	6116.4453125	
26.961952	4.18076156441109E-03	4.2240601990125E-06	0	4.0981596139	6116.4453125	
26.966048	4.18226407211594E-03	3.92383790308125E-06	0	4.06917178459	6116.4453125	
26.970144	4.18236711636734E-03	4.07927308418437E-06	0	4.14985629278	6116.4453125	
26.97424	4.18102589531688E-03	4.49545199492813E-06	0	4.09848767724	6160.54296875	
26.978336	4.18261361796609E-03	4.19336864316562E-06	0	4.04518119918	6160.54296875	
26.982432	4.18028200176813E-03	4.5949723281E-06	0	4.08893569348	6160.54296875	
26.986528	4.18054825275312E-03	4.63835714048437E-06	0	4.04090874638	6160.54296875	
26.990624	4.18288754926797E-03	4.01589574371562E-06	0	3.96756370175	6207.28515625	
26.99472	4.18376081958313E-03	3.934344142575E-06	0	4.03198237178	6207.28515625	
26.998816	4.18264580215109E-03	4.24752604093125E-06	0	4.04442589056	6207.28515625	
27.002912	4.18346220154844E-03	4.20845564730937E-06	0	3.94624339934	6207.28515625	
27.007008	4.18365210652641E-03	4.05139474667812E-06	0	3.99304201626	6207.28515625	
27.011104	4.18169079132062E-03	4.58917786274062E-06	0	3.97964863967	6207.28515625	
27.0152	4.18403237364406E-03	4.02086977720312E-06	0	3.89118597857	6253.72265625	
27.019296	4.18388544186766E-03	4.05474378179062E-06	0	3.90026494077	6253.72265625	
27.023392	4.18277069873266E-03	4.29308537037188E-06	0	3.96696098073	6253.72265625	
27.027488	4.18199580961938E-03	4.49041522111875E-06	0	3.87731576573	6253.72265625	
27.031584	4.18385270908859E-03	3.9906037017E-06	0	3.88539146446	6300.72265625	
27.03568	4.18158152966984E-03	4.46042678956875E-06	0	3.89823934038	6300.72265625	
27.039776	4.18381485609828E-03	4.0599045939375E-06	0	3.83951218783	6300.72265625	
27.043872	4.18580789832734E-03	3.6410838589125E-06	0	3.78708690316	6300.72265625	
27.047968	4.18672917062297E-03	3.60092500484062E-06	0	3.86960627724	6300.72265625	
27.052064	4.18536115989578E-03	4.01862074099062E-06	0	3.83136782468	6300.72265625	
27.05616	4.18681219119109E-03	3.82781900871562E-06	0	3.76444290332	6345.08203125	
27.060256	4.18487199685672E-03	4.11103218704062E-06	0	3.82118260238	6345.08203125	
27.064352	4.18444016189719E-03	4.33831801744687E-06	0	3.78316158715	6345.08203125	
27.068448	4.18701937688203E-03	3.66523744052812E-06	0	3.69364225692	6345.08203125	
27.072544	4.18735008766937E-03	3.68546193953437E-06	0	3.75650071874	6390.6640625	
27.07664	4.18639425394781E-03	3.91752180362812E-06	0	3.78075833245	6390.6640625	
27.080736	4.18685168996359E-03	3.9573412349625E-06	0	3.68807280952	6390.6640625	
27.084832	4.18766827222563E-03	3.6653261423625E-06	0	3.72088295821	6390.6640625	
27.088928	4.18567687577875E-03	4.18845686923125E-06	0	3.70542964902	6437.96484375	
27.093024	4.18809644989141E-03	3.67050041603437E-06	0	3.63006281869	6437.96484375	
27.09712	4.18849152904875E-03	3.60464879919375E-06	0	3.63749002012	6437.96484375	
27.101216	4.18769762200797E-03	3.79882648963125E-06	0	3.70118008436	6437.96484375	
27.105312	4.18645560505047E-03	4.10472930872812E-06	0	3.63335871085	6437.96484375	
27.109408	4.18800638903281E-03	3.70761576353437E-06	0	3.61141661397	6437.96484375	
27.113504	4.18523864055516E-03	4.18066480971562E-06	0	3.65099783741	6483.96484375	
27.1176	4.18656733537453E-03	3.971709489825E-06	0	3.5876777981	6483.96484375	
27.121696	4.18835675777406E-03	3.49804385772187E-06	0	3.52870650539	6483.96484375	
27.125792	4.18845175597922E-03	3.55592168445937E-06	0	3.60879973663	6483.96484375	
27.129888	4.18646301107031E-03	3.98033303889375E-06	0	3.58188328399	6483.96484375	
27.133984	4.18725280365563E-03	3.85636681670625E-06	0	3.52134796838	6530.5625	
27.13808	4.18538237219953E-03	4.02637049285625E-06	0	3.56329811431	6530.5625	
27.142176	4.18426058877406E-03	4.30297286048437E-06	0	3.53590101073	6530.5625	
27.146272	4.18626176848172E-03	3.73354650683437E-06	0	3.45734891425	6530.5625	
27.150368	4.18667047105828E-03	3.65251485709687E-06	0	3.50237751501	6530.5625	
27.154464	4.18508311413844E-03	3.9317729913E-06	0	3.53304762261	6574.6640625	
27.15856	4.18512224718156E-03	3.99976258677187E-06	0	3.44522582943	6574.6640625	
27.162656	4.18605567997891E-03	3.64738409299687E-06	0	3.47382837505	6574.6640625	
27.166752	4.18351623806359E-03	4.18482057479062E-06	0	3.48348335544	6574.6640625	
27.170848	4.18597558524578E-03	3.6850568918625E-06	0	3.40833396244	6622.1640625	
27.174944	4.18629294691094E-03	3.5721935431875E-06	0	3.39447900836	6622.1640625	
27.17904	4.18538950392234E-03	3.76681137741562E-06	0	3.46634013858	6622.1640625	
27.183136	4.18349328854531E-03	4.15409849012812E-06	0	3.40809745166	6622.1640625	
27.187232	4.18530547759844E-03	3.72033714504375E-06	0	3.37577558329	6622.1640625	
27.191328	4.18262952719391E-03	4.0974728256E-06	0	3.41397207426	6668.46484375	
27.195424	4.18372452094266E-03	3.96935011718437E-06	0	3.35725144865	6668.4609375	
27.19952	4.18590106788562E-03	3.4350629110875E-06	0	3.30515422732	6668.4609375	
27.203616	4.18651659042375E-03	3.41808552421875E-06	0	3.37342954894	6668.4609375	
27.207712	4.18508119405922E-03	3.7385299153125E-06	0	3.3644421393	6668.4609375	
27.211808	4.18558754637891E-03	3.73688833041562E-06	0	3.28649657853	6668.4609375	
27.215904	4.18456450988469E-03	3.76587964757812E-06	0	3.33721669677	6714.7421875	
27.22	4.18262806427641E-03	4.20346430614688E-06	0	3.31504571849	6714.7421875	
27.224096	4.18513212187469E-03	3.6084319684875E-06	0	3.23356775478	6714.7421875	
27.228192	4.18527146476656E-03	3.55225822658437E-06	0	3.26744220198	6714.7421875	
27.232288	4.18408311859484E-03	3.77587819527187E-06	0	3.31871545027	6758.90234375	
27.236384	4.18380589572859E-03	3.89063529205312E-06	0	3.2266936834	6758.90234375	
27.24048	4.18529093985578E-03	3.48984867360937E-06	0	3.25345373375	6758.90234375	
27.244576	4.18280288291766E-03	3.96839963736562E-06	0	3.25338888402	6758.90234375	
27.248672	4.18454201752813E-03	3.66242374141875E-06	0	3.1911026257	6758.90234375	
27.252768	4.18471189882281E-03	3.5533474081875E-06	0	3.16876380106	6758.90234375	
27.256864	4.18378888931266E-03	3.72164675911875E-06	0	3.23428873119	6806.00390625	
27.26096	4.18139500768859E-03	4.13006918723437E-06	0	3.19163286761	6806.00390625	
27.265056	4.18221076705953E-03	3.8874105356625E-06	0	3.14655467588	6806.00390625	
27.269152	4.17942080052234E-03	4.16593645905937E-06	0	3.19825516945	6806.00390625	
27.273248	4.17907875212438E-03	4.25451088971562E-06	0	3.15344019133	6806.00390625	
27.277344	4.18112839097422E-03	3.66464369112187E-06	0	3.07412515685	6806.00390625	
27.28144	4.18095695532969E-03	3.69459366117187E-06	0	3.15431757003	6852.0625	
27.285536	4.17911541649422E-03	3.98716788782812E-06	0	3.15488977353	6852.0625	
27.289632	4.17910947339187E-03	4.01400439945312E-06	0	3.06958186106	6899.3046875	
27.293728	4.17801950842203E-03	3.97712607094687E-06	0	3.11556413432	6899.3046875	
27.297824	4.1753991488825E-03	4.45362847905938E-06	0	3.10109882984	6899.30078125	
27.30192	4.1770171356375E-03	3.98564649511875E-06	0	3.02368351098	6899.30078125	
27.306016	4.17711999702422E-03	3.87399203946563E-06	0	3.04613677632	6899.30078125	
27.310112	4.17592003894484E-03	4.0083421455E-06	0	3.09618169443	6943.30078125	
27.314208	4.17463852321484E-03	4.24902219328125E-06	0	3.02629275894	6943.30078125	
27.318304	4.17615739730922E-03	3.844571155425E-06	0	3.01391790458	6943.30078125	
27.3224	4.17343554786812E-03	4.23548759143125E-06	0	3.04823867051	6943.30078125	
27.326496	4.17498002301875E-03	3.99497076464062E-06	0	2.98145489268	6943.30078125	
27.330592	4.17553510877766E-03	3.75808999190625E-06	0	2.93720448868	6943.30078125	
27.334688	4.17459993876578E-03	3.9378354852375E-06	0	3.02476306825	6989.5625	
27.338784	4.17196504148359E-03	4.35103483165312E-06	0	2.99644662438	6989.5625	
27.34288	4.17278180661031E-03	4.1521650786E-06	0	2.93171514977	6989.5625	
27.346976	4.17066085053234E-03	4.28106855546563E-06	0	2.98132519322	6989.5625	
27.351072	4.16971790877125E-03	4.47469432337812E-06	0	2.94682895155	6989.5625	
27.355168	4.17137694864859E-03	3.99419648656875E-06	0	2.87573457402	7036.5625	
27.359264	4.17186986041375E-03	3.88555308559688E-06	0	2.92561927515	7036.5625	
27.36336	4.17054454859109E-03	4.07087886180937E-06	0	2.9493275735	7036.5625	
27.367456	4.17000582922172E-03	4.22371260320625E-06	0	2.86305454446	7082.40234375	
27.371552	4.16958514900813E-03	4.10694517189688E-06	0	2.89659711363	7082.40234375	
27.375648	4.16621120409141E-03	4.66264365465937E-06	0	2.90255184472	7082.40234375	
27.379744	4.16806508629328E-03	4.2282544255875E-06	0	2.82558665928	7082.40234375	
27.38384	4.1679880088275E-03	4.09459326117187E-06	0	2.81267011894	7082.40234375	
27.387936	4.1664987588125E-03	4.27792000092187E-06	0	2.89676877468	7128.36328125	
27.392032	4.16472542850547E-03	4.56403317634687E-06	0	2.82769999754	7128.359375	
27.396128	4.16649272427781E-03	4.12987976434687E-06	0	2.80877532045	7128.359375	
27.400224	4.16421605891844E-03	4.39446219207188E-06	0	2.84158928383	7128.359375	
27.40432	4.16503931574156E-03	4.28597888709375E-06	0	2.79379121813	7128.359375	
27.408416	4.16559495009453E-03	4.05778680759375E-06	0	2.73851254534	7173.1015625	
27.412512	4.16517692141891E-03	4.13478552867187E-06	0	2.80765380159	7173.1015625	
27.416608	4.16298611103031E-03	4.45481501633438E-06	0	2.79529420599	7173.1015625	
27.420704	4.16350672679562E-03	4.35550718295E-06	0	2.71904236758	7173.1015625	
27.4248	4.16209263416719E-03	4.36320453102188E-06	0	2.77617116502	7173.1015625	
27.428896	4.16069207352562E-03	4.66169101138125E-06	0	2.74749995498	7220.40234375	
27.432992	4.16372771877047E-03	4.01045704723125E-06	0	2.66147488079	7220.40234375	
27.437088	4.16447490388359E-03	3.89534850849375E-06	0	2.70543918304	7220.40234375	
27.441184	4.16395309949781E-03	4.02170871867187E-06	0	2.75308466114	7220.40234375	
27.44528	4.16408092191438E-03	4.12466943301875E-06	0	2.6708552035	7220.40234375	
27.449376	4.16561753388344E-03	3.8092356138375E-06	0	2.68163551744	7266.66015625	
27.453472	4.16329423802875E-03	4.26769693422188E-06	0	2.69339239202	7266.66015625	
27.457568	4.16523370090438E-03	3.99353182377187E-06	0	2.63081240257	7266.66015625	
27.461664	4.16625728599266E-03	3.7901067868125E-06	0	2.60647468037	7266.66015625	
27.46576	4.16637889100984E-03	3.82627910640937E-06	0	2.67885460843	7266.66015625	
27.469856	4.16537139801406E-03	4.07800097007187E-06	0	2.64259597998	7312.44140625	
27.473952	4.16768609922844E-03	3.73921981846875E-06	0	2.58847697295	7312.44140625	
27.478048	4.16623781090344E-03	3.9139268553E-06	0	2.63993332636	7312.44140625	
27.482144	4.16698426455781E-03	3.97204867217812E-06	0	2.58545955316	7312.44140625	
27.48624	4.16902540019969E-03	3.5657781649875E-06	0	2.5125837154	7312.44140625	
27.490336	4.16881858023813E-03	3.68492492084062E-06	0	2.58488734966	7356.7421875	
27.494432	4.16684949328312E-03	4.02478804251563E-06	0	2.5914333577	7356.73828125	
27.498528	4.16696680098016E-03	4.0731891960375E-06	0	2.51200769721	7356.73828125	
27.502624	4.16640979514203E-03	3.97632895635937E-06	0	2.56043137207	7356.73828125	
27.50672	4.16446804645781E-03	4.33640287513125E-06	0	2.54391757906	7404.2578125	
27.510816	4.16680524002875E-03	3.86232907035938E-06	0	2.47002321907	7404.2578125	
27.514912	4.16761743353828E-03	3.70434845910937E-06	0	2.49172117579	7404.2578125	
27.519008	4.16710852111297E-03	3.79415606160937E-06	0	2.53960316467	7404.2578125	
27.523104	4.16634039799312E-03	4.01640704128125E-06	0	2.46596057422	7404.2578125	
27.5272	4.16768408771688E-03	3.73253977707187E-06	0	2.46247394756	7450.0390625	
27.531296	4.16488196067797E-03	4.15799536123125E-06	0	2.49235822902	7450.0390625	
27.535392	4.16652024541328E-03	3.94712081249062E-06	0	2.41727750044	7450.0390625	
27.539488	4.16748759961016E-03	3.69119895302812E-06	0	2.3793747406	7450.0390625	
27.543584	4.16735529700875E-03	3.74418135196875E-06	0	2.46761233499	7450.0390625	
27.54768	4.16573548160688E-03	4.02550438795312E-06	0	2.43316949898	7497.19921875	
27.551776	4.16792172037828E-03	3.71921382885937E-06	0	2.37045218069	7497.19921875	
27.555872	4.16668528079375E-03	3.79223298660937E-06	0	2.42188564596	7497.19921875	
27.559968	4.16668948668156E-03	3.94696840879687E-06	0	2.38392566577	7497.19921875	
27.564064	4.16874918308922E-03	3.53782795255312E-06	0	2.30835665687	7497.19921875	
27.56816	4.16941910787188E-03	3.50206332485625E-06	0	2.36671759918	7540.98046875	
27.572256	4.16799450052391E-03	3.73902678981562E-06	0	2.38495944676	7540.98046875	
27.576352	4.16766845278609E-03	3.89146990660312E-06	0	2.30787600593	7540.98046875	
27.580448	4.16777597722234E-03	3.73537751461875E-06	0	2.34230739787	7540.98046875	
27.584544	4.16547654520937E-03	4.14158287764375E-06	0	2.33380445386	7540.98046875	
27.58864	4.16852526527938E-03	3.6297704086875E-06	0	2.25795697259	7587.83984375	
27.592736	4.16956091943703E-03	3.42588719910937E-06	0	2.25408124755	7587.8359375	
27.596832	4.16929997152797E-03	3.5158734072E-06	0	2.32744536563	7587.8359375	
27.600928	4.16828470678297E-03	3.78281809217812E-06	0	2.24940062292	7587.8359375	
27.605024	4.17018540234484E-03	3.46959268425E-06	0	2.24573089114	7587.8359375	
27.60912	4.16759832417844E-03	3.83149208196562E-06	0	2.26897379731	7634.63671875	
27.613216	4.16865985368938E-03	3.75453807238125E-06	0	2.21791417166	7634.63671875	
27.617312	4.16958972062531E-03	3.51739407875625E-06	0	2.16690032229	7634.63671875	
27.621408	4.16986968646187E-03	3.51517292713125E-06	0	2.23901322205	7634.63671875	
27.625504	4.16865381915469E-03	3.72338786314687E-06	0	2.21723897153	7634.63671875	
27.6296	4.17046600820781E-03	3.51914575969687E-06	0	2.15302629476	7680.59765625	
27.633696	4.17009177562484E-03	3.46087490450625E-06	0	2.20163307474	7680.59765625	
27.637792	4.16957628007078E-03	3.71005181879062E-06	0	2.17375532022	7680.59765625	
27.641888	4.17251637851641E-03	3.22122201915937E-06	0	2.08504470427	7680.59765625	
27.645984	4.17310876867156E-03	3.20222155739062E-06	0	2.13240408062	7680.59765625	
27.65008	4.17233643966391E-03	3.3721495124625E-06	0	2.16796843549	7725.5390625	
27.654176	4.17217588446828E-03	3.53216137168125E-06	0	2.08546050548	7725.5390625	
27.658272	4.17290734321828E-03	3.33195508150312E-06	0	2.1062429366	7725.5390625	
27.662368	4.17029292678109E-03	3.77585247414375E-06	0	2.11079767646	7725.5390625	
27.666464	4.17273673046484E-03	3.41962879190625E-06	0	2.03855507724	7725.5390625	
27.67056	4.17417742990531E-03	3.16196919379688E-06	0	2.02751536438	7771.296875	
27.674656	4.17458942404625E-03	3.15412737471562E-06	0	2.09014875949	7771.296875	
27.678752	4.17323713968219E-03	3.44227396156875E-06	0	2.0423087322	7771.296875	
27.682848	4.17471788648922E-03	3.26544457109062E-06	0	1.9960365425	7771.296875	
27.686944	4.17265215554687E-03	3.4951916971125E-06	0	2.04552451587	7771.296875	
27.69104	4.17328980471219E-03	3.51951787470937E-06	0	1.98980333904	7818.09765625	
27.695136	4.17495085610109E-03	3.15320069295E-06	0	1.92213455313	7818.09765625	
27.699232	4.17477978618594E-03	3.23433642912187E-06	0	1.99325563349	7818.09765625	
27.703328	4.17348044114891E-03	3.43577084307187E-06	0	1.99592973118	7818.09765625	
27.707424	4.17490038544734E-03	3.30718563511875E-06	0	1.90850466576	7864.6171875	
27.71152	4.17513253216813E-03	3.14207498292187E-06	0	1.95759591137	7864.6171875	
27.715616	4.17375510390953E-03	3.48258089241562E-06	0	1.93164838999	7864.6171875	
27.719712	4.17637134899359E-03	3.07975244909062E-06	0	1.8556559505	7864.6171875	
27.723808	4.17727195757953E-03	2.97955351082812E-06	0	1.87650323135	7864.6171875	
27.727904	4.17678343456687E-03	3.08927142995625E-06	0	1.91776673308	7909.99609375	
27.732	4.17561209481109E-03	3.36038173576875E-06	0	1.84368926797	7909.99609375	
27.736096	4.17631246656422E-03	3.20249631673125E-06	0	1.84854155365	7909.99609375	
27.740192	4.17312175206438E-03	3.62647473890625E-06	0	1.86797358451	7909.99609375	
27.744288	4.17475793385578E-03	3.41294971204687E-06	0	1.80504264358	7909.99609375	
27.748384	4.17564976493672E-03	3.14095407058125E-06	0	1.76289794846	7954.67578125	
27.75248	4.17512695479516E-03	3.22262321968125E-06	0	1.84144241556	7954.67578125	
27.756576	4.17321153862594E-03	3.5122147570125E-06	0	1.79182855742	7954.67578125	
27.760672	4.17447010483766E-03	3.3150188003625E-06	0	1.73951008407	7954.67578125	
27.764768	4.17192773708734E-03	3.51124120029375E-06	0	1.78196758377	7954.67578125	
27.768864	4.17086227598563E-03	3.72290805593437E-06	0	1.74320651868	7954.67578125	
27.77296	4.17153567519734E-03	3.44797299433125E-06	0	1.66433398824	8002.296875	
27.777056	4.17081619408438E-03	3.4832513244375E-06	0	1.72368293526	8002.296875	
27.781152	4.16849783557625E-03	3.7043318725875E-06	0	1.7316022317	8002.296875	
27.785248	4.16787883860906E-03	3.77870150975625E-06	0	1.64873572083	8002.296875	
27.789344	4.16732631295578E-03	3.62245046408437E-06	0	1.67880310741	8002.296875	
27.79344	4.16430657693875E-03	4.01795679934687E-06	0	1.6700331351	8047.9375	
27.797536	4.16597759445313E-03	3.65062014745312E-06	0	1.58577426238	8047.93359375	
27.801632	4.16539654190859E-03	3.58913607432187E-06	0	1.58831866061	8047.93359375	
27.805728	4.16333922274187E-03	3.7868548669875E-06	0	1.65490788925	8047.93359375	
27.809824	4.16078762032484E-03	4.10278003183125E-06	0	1.57815251176	8094.875	
27.81392	4.16072279479312E-03	3.923678768625E-06	0	1.56708609607	8094.875	
27.818016	4.1564134055675E-03	4.33925118959063E-06	0	1.58112034058	8094.875	
27.822112	4.15640289084797E-03	4.2549495912E-06	0	1.52258773722	8094.875	
27.826208	4.15661016797125E-03	3.97593112021875E-06	0	1.47280984741	8094.875	
27.830304	4.15598248493141E-03	3.94075014578437E-06	0	1.53819363401	8138.59375	
27.8344	4.15336934854703E-03	4.20111382772812E-06	0	1.50873278314	8138.59375	
27.838496	4.15382806461562E-03	4.08782451794063E-06	0	1.43597901546	8138.59375	
27.842592	4.15149242539453E-03	4.15945617707812E-06	0	1.4885301849	8138.59375	
27.846688	4.14928067699922E-03	4.4838647469E-06	0	1.44909773437	8138.59375	
27.850784	4.15012542042313E-03	4.13513600909063E-06	0	1.36637618172	8185.79296875	
27.85488	4.14831771155484E-03	4.25476185100312E-06	0	1.41598622517	8185.79296875	
27.858976	4.14554072841047E-03	4.4841109005E-06	0	1.43293107815	8185.79296875	
27.863072	4.14403282619734E-03	4.61617206651562E-06	0	1.34223300871	8185.79296875	
27.867168	4.14359120797703E-03	4.3982850247875E-06	0	1.36906172348	8185.79296875	
27.871264	4.13996408690047E-03	4.79454472468125E-06	0	1.36139038189	8185.79296875	
27.87536	4.14119037749484E-03	4.487528204775E-06	0	1.28915541205	8232.375	
27.879456	4.14098849487984E-03	4.3305504771375E-06	0	1.27542252805	8232.375	
27.883552	4.13960539781594E-03	4.41022371477187E-06	0	1.32933172713	8232.375	
27.887648	4.13696035154359E-03	4.70684361045937E-06	0	1.26569506855	8232.375	
27.891744	0.004137350127625	4.5269800884E-06	0	1.23054651489	8232.375	
27.89584	4.13383857703094E-03	4.804562503125E-06	0	1.26901766354	8278.6328125	
27.899936	4.13447384895531E-03	4.72357268026875E-06	0	1.20517882639	8278.6328125	
27.904032	4.13626043695219E-03	4.26612962809687E-06	0	1.14082882078	8278.6328125	
27.908128	4.13685200421625E-03	4.1832602398125E-06	0	1.20897062825	8278.6328125	
27.912224	4.13591463982812E-03	4.30958391156562E-06	0	1.19656907106	8323.1328125	
27.91632	4.13814056023672E-03	4.113243963675E-06	0	1.11065462288	8323.1328125	
27.920416	4.13884650936281E-03	3.91553045946562E-06	0	1.15213556194	8323.1328125	
27.924512	4.13861088821297E-03	4.14550595064375E-06	0	1.11994720772	8323.1328125	
27.928608	4.14189001778922E-03	3.72251190248437E-06	0	1.03959076287	8369.51171875	
27.932704	4.14295090727375E-03	3.68556915096562E-06	0	1.06562983681	8369.51171875	
27.9368	4.14341264060969E-03	3.732567421275E-06	0	1.095960437	8369.51171875	
27.940896	4.14410268050797E-03	3.82045627569375E-06	0	1.00959204071	8369.51171875	
27.944992	4.14691916242484E-03	3.478740752025E-06	0	1.02162738766	8369.51171875	
27.949088	4.14555983777031E-03	3.782867370975E-06	0	1.02720064975	8416.2109375	
27.953184	4.14914215699844E-03	3.49425107305312E-06	0	0.952528093	8416.2109375	
27.95728	4.15122361430391E-03	3.2549650142625E-06	0	0.91258065932	8416.2109375	
27.961376	4.15174651587781E-03	3.35115193730625E-06	0	0.98372081313	8416.2109375	
27.965472	4.15048612101922E-03	3.66551340179062E-06	0	0.92566123133	8416.2109375	
27.969568	4.15201569269781E-03	3.55862552790937E-06	0	0.88147949175	8416.2109375	
27.973664	4.14963497733125E-03	3.82008872798437E-06	0	0.91330163573	8462.75390625	
27.97776	4.14940036193719E-03	3.98296693049063E-06	0	0.86929537189	8462.75390625	
27.981856	4.15057142739594E-03	3.71176599976875E-06	0	0.7947906615	8462.75390625	
27.985952	4.14998946052797E-03	3.78938923945312E-06	0	0.8461745358	8462.75390625	
27.990048	0.004147508626745	4.06856780642813E-06	0	0.84074241724	8507.6328125	
27.994144	4.14681072366516E-03	4.17693644805937E-06	0	0.75578927094	8507.62890625	
27.99824	4.14549546940031E-03	4.11706198870312E-06	0	0.78642123164	8507.62890625	
28.002336	4.14176795561031E-03	4.57820263333125E-06	0	0.77170797231	8507.62890625	
28.006432	4.14247024744266E-03	4.31272621611562E-06	0	0.67454781801	8507.62890625	
28.010528	4.14083205413969E-03	4.34978819828437E-06	0	0.68683874919	8507.62890625	
28.014624	4.13866209032547E-03	4.48757556049687E-06	0	0.73740246514	8552.6484375	
28.01872	4.13682210583984E-03	4.65123429106875E-06	0	0.65866726354	8552.6484375	
28.022816	4.13831848757766E-03	4.26673780056562E-06	0	0.6413638297	8552.6484375	
28.026912	4.13646058235266E-03	4.39387517342812E-06	0	0.6559740924	8552.6484375	
28.031008	4.13933558096953E-03	4.04625580950937E-06	0	0.58829386242	8552.6484375	
28.035104	4.14222722027297E-03	3.60037885154062E-06	0	0.53879444498	8600.328125	
28.0392	4.14432550112969E-03	3.4344994501125E-06	0	0.60344199641	8600.328125	
28.043296	4.14474819285484E-03	3.53661785760937E-06	0	0.56914793331	8600.328125	
28.047392	4.14823725109234E-03	3.29017026751875E-06	0	0.49366284759	8600.328125	
28.051488	4.14881245196688E-03	3.26843158733437E-06	0	0.54154102178	8645.96875	
28.055584	4.15033763489297E-03	3.37261706007187E-06	0	0.49108411715	8645.96875	
28.05968	4.15450694976797E-03	2.92354827837187E-06	0	0.40896910021	8645.96875	
28.063776	4.15644339537625E-03	2.8769432769E-06	0	0.45440205811	8645.96875	
28.067872	4.15674146481688E-03	3.03741018374063E-06	0	0.47620682615	8645.96875	
28.071968	4.15860558744125E-03	3.0609248236875E-06	0	0.37686085448	8692.51171875	
28.076064	4.16040451880453E-03	2.8684192469625E-06	0	0.41029661233	8692.51171875	
28.08016	0.00415870579729	3.28717748205E-06	0	0.39285966434	8692.51171875	
28.084256	0.00416054322167	3.15119708918437E-06	0	0.31691300113	8692.51171875	
28.088352	4.15993089926391E-03	3.24112969155937E-06	0	0.30459155243	8692.51171875	
28.092448	4.15738816578422E-03	3.56489258895E-06	0	0.36006477441	8692.51171875	
28.096544	4.15327883052672E-03	4.06737213454688E-06	0	0.29292623041	8736.40625	
28.10064	4.15127664506328E-03	4.14286364559375E-06	0	0.26816507762	8736.40625	
28.104736	4.14421870815219E-03	4.73880752080312E-06	0	0.30030002618	8736.40625	
28.108832	4.14034983995875E-03	5.03256756358125E-06	0	0.2382655374	8736.40625	
28.112928	4.13632992553344E-03	5.0464997611875E-06	0	0.17345013961	8736.40625	
28.117024	4.13003206569594E-03	5.448761858925E-06	0	0.24770308046	8783.76953125	
28.12112	4.1214935648425E-03	6.04017208482187E-06	0	0.22799257723	8783.76953125	
28.125216	4.11529481766562E-03	6.34303860887812E-06	0	0.15342301711	8783.76953125	
28.129312	4.10703820272797E-03	6.62993495659687E-06	0	0.1977535296	8783.76953125	
28.133408	4.09831281416391E-03	7.19398270985625E-06	0	0.1673885972	8830.1484375	
28.137504	4.09315529851766E-03	7.082694840375E-06	0	0.0904462999	8830.1484375	
28.1416	4.08580953258844E-03	7.30349053304062E-06	0	0.13071798223	8830.1484375	
28.145696	4.07723519025625E-03	7.67295266357812E-06	0	0.16301314777	8830.1484375	
28.149792	4.06871040425438E-03	8.09850656494687E-06	0	0.08332045898	8830.1484375	
28.153888	4.06128902377687E-03	8.19690742808438E-06	0	0.10453776476	8876.40625	
28.157984	4.04946517594781E-03	8.92206006831562E-06	0	0.1075361111	8876.40625	
28.16208	4.04197119818937E-03	9.08768297961562E-06	0	0.03739540607	8876.40625	
28.166176	4.0327822476425E-03	9.33683633623125E-06	0	0.0149535848	8876.40625	
28.170272	4.02320352101422E-03	9.71359869985312E-06	0	0.09721737465	8876.40625	
28.174368	4.01365624711219E-03	1.00990935066656E-05	0	0.05281056836	8920.46875	
28.178464	4.00928523248687E-03	9.8198392186125E-06	0	0.02430720468	8920.46875	
28.18256	4.00323314278938E-03	9.76021115324062E-06	0	0.05843723611	8920.46875	
28.186656	4.00281118252297E-03	9.33554835675E-06	0	0.0182723651	8920.46875	
28.190752	4.00672311535031E-03	8.31386596497187E-06	0	-0.04142371871	8967.46875	
28.194848	4.01275088404437E-03	7.397548371675E-06	0	0.02640528418	8967.46875	
28.198944	4.02041318874766E-03	6.51909564435937E-06	0	0.035476617	8967.46484375	
28.20304	4.03383243954281E-03	5.29573100234062E-06	0	-0.03364175111	8967.46484375	
28.207136	4.04977430870203E-03	3.83457741541875E-06	0	0.02463526802	8967.46484375	
28.211232	4.06728031096578E-03	2.73546986068125E-06	0	0.01500317577	9014.0234375	
28.215328	4.09165233365109E-03	8.79839504775E-07	0	-0.05730808787	9014.0234375	
28.219424	4.1143720824525E-03	-4.32324567675E-07	0	-0.01090238402	9014.0234375	
28.22352	4.13676678927188E-03	-1.43100770360625E-06	0	0.0442122571	9014.0234375	
28.227616	4.15884952893437E-03	-2.17556657443125E-06	0	-0.02435679565	9014.0234375	
28.231712	4.18162130273938E-03	-3.06793082629687E-06	0	-0.0020599326	9060.90625	
28.235808	4.19825266320281E-03	-3.11036395694062E-06	0	0.0205611791	9060.90625	
28.239904	4.21642941314031E-03	-3.35081732225625E-06	0	-0.03478234342	9060.90625	
28.244	0.004231673196355	-3.477579214725E-06	0	-0.04584494442	9060.90625	
28.248096	4.24345187660625E-03	-3.24555516790312E-06	0	0.03118127606	9105.265625	
28.252192	4.25164768903531E-03	-2.73454462122188E-06	0	0.01141736717	9105.265625	
28.256288	4.26051141473547E-03	-2.52056839289062E-06	0	-0.02859110155	9105.265625	
28.260384	4.26483771894469E-03	-2.07736595147812E-06	0	0.13887378945	9105.265625	
28.26448	4.26890773829438E-03	-1.55652079924687E-06	0	0.07332597118	9105.265625	
28.268576	4.27494812465187E-03	-1.70240815335937E-06	0	-0.01295468724	9105.265625	
28.272672	4.27522059303625E-03	-1.16535244041562E-06	0	0.02331157059	9105.265625	
28.276768	4.27613491647375E-03	-7.64892263953125E-07	0	0.00436400536	9105.265625	
28.280864	4.27897215353266E-03	-7.58399001215625E-07	0	-0.00108337196	9105.265625	
28.28496	4.28300367986563E-03	-1.03567829124375E-06	0	-0.00730513135	9105.265625	
28.289056	4.28137801279375E-03	-6.52792376053125E-07	0	-0.00936124926	9105.265625	
28.293152	4.27858219458656E-03	-5.472350296875E-08	0	-0.01152799318	9105.265625	
28.297248	4.27704192532375E-03	1.542200380875E-07	0	-0.01696774112	9105.265625	
28.301344	4.27607118813016E-03	2.64588918103125E-07	0	-0.00514601681	9105.265625	
28.30544	4.27776122357203E-03	-4.9855719375E-09	0	-0.01189420342	9105.265625	
28.309536	4.27761831481875E-03	-6.17537844E-08	0	-0.00543974794	9105.265625	
28.313632	4.27770160968391E-03	-1.677738706875E-08	0	-0.00854109091	9105.265625	
28.317728	4.28035863359328E-03	-3.0089825679375E-07	0	-0.01478192375	9105.265625	
28.321824	4.28253015175734E-03	-5.3156052613125E-07	0	-0.00758360372	9105.265625	
28.32592	4.28308258597828E-03	-5.00160317146875E-07	0	-0.00233840497	9105.265625	
28.330016	4.28235844181578E-03	-3.103025743125E-07	0	0.00436782005	9105.265625	
28.334112	0.004281172472885	-1.12552050909375E-07	0	0.00059127695	9105.265625	
28.338208	4.28058328286187E-03	-6.19085919375E-09	0	0.00240706939	9105.265625	
28.342304	4.28266510589672E-03	-2.3212669095E-07	0	0.00037383962	9105.265625	
28.3464	4.28435541563563E-03	-4.5805675348125E-07	0	-0.00938795209	9105.265625	
28.350496	0.00428333466495	-2.92856197528125E-07	0	-0.01090238402	9105.265625	
28.354592	4.28250235632484E-03	-1.276604492625E-07	0	-0.01245877754	9105.265625	
28.358688	4.28255337557266E-03	-1.16747239021875E-07	0	-0.0126647708	9105.265625	
28.362784	4.28361938526844E-03	-2.356103413125E-07	0	-0.01150129035	9105.265625	
28.36688	4.28442645856672E-03	-3.3104149588125E-07	0	-0.00729368728	9105.265625	
28.370976	4.28409446772656E-03	-2.68847086921875E-07	0	-0.00935361988	9105.265625	
28.375072	4.28357558917578E-03	-1.74734681034375E-07	0	-0.00934980519	9105.265625	
28.379168	4.28368411936781E-03	-1.66609689159375E-07	0	-0.00501250266	9105.265625	
28.383264	4.28422832467781E-03	-2.343026503125E-07	0	-0.00279998246	9105.265625	
28.38736	4.28398959482828E-03	-2.09831761321875E-07	0	0.00255202761	9105.265625	
28.391456	4.28373641866844E-03	-1.65401998059375E-07	0	0.00258635982	9105.265625	
28.395552	4.28392751226687E-03	-1.77900543253125E-07	0	-0.00169753705	9105.265625	
28.399648	4.28470212708312E-03	-2.5338388123125E-07	0	-0.00091171091	9105.265625	
28.403744	4.28562714810484E-03	-3.445890784875E-07	0	-0.00702665898	9105.265625	
28.40784	4.28520116481531E-03	-2.91867736978125E-07	0	-0.00976942109	9105.265625	
28.411936	4.28370862323594E-03	-1.0934171758125E-07	0	-0.01397702416	9105.265625	
28.416032	4.28225164883828E-03	4.3200677953125E-08	0	-0.01385495408	9105.265625	
28.420128	4.28189405694188E-03	5.0383843846875E-08	0	-0.01325986244	9105.265625	
28.424224	4.28180582473016E-03	-5.85335953125E-10	0	-0.01006696691	9105.265625	
28.42832	4.28105141646187E-03	0	0	-0.00399398043	9105.265625	
28.432416	4.28059580909297E-03	0	0	-0.00403594202	9105.265625	
28.436512	4.28068184692844E-03	0	0	-0.00103759568	9105.265625	
28.440608	4.2816859569275E-03	0	0	-0.00215529985	9105.265625	
28.444704	4.28278177356734E-03	0	0	-0.00338744472	9105.265625	
28.4488	4.28294534603031E-03	0	0	-0.00293349661	9105.265625	
28.452896	4.28246523479328E-03	0	0	-0.00577162597	9105.265625	
28.456992	0.00428218188596	0	0	-0.00405120078	9105.265625	
28.461088	4.28287357164047E-03	0	0	-0.00576399659	9105.265625	
28.465184	4.28402315049844E-03	0	0	-0.00493239417	9105.265625	
28.46928	4.28533877049266E-03	0	0	-0.00841139145	9105.265625	
28.473376	4.28667185406453E-03	0	0	-0.01266095611	9105.265625	
28.477472	4.28816457850859E-03	0	0	-0.01341245004	9105.265625	
28.481568	4.29010193844031E-03	0	0	-0.01235578091	9105.265625	
28.485664	4.29125243162172E-03	0	0	-0.00661085777	9105.265625	
28.48976	4.29193415117672E-03	0	0	-0.00361632612	9105.265625	
28.493856	4.29295325608016E-03	0	0	-0.00046920687	9105.265625	
28.497952	0.00429531888511	0	0	-0.00081252897	9105.265625	
28.502048	4.29836797090937E-03	0	0	0.00057983288	9105.265625	
28.506144	4.30137920371844E-03	0	0	-0.00211333826	9144.49609375	
28.51024	4.30407051475672E-03	0	0	-0.00542830387	9144.49609375	
28.514336	4.30679967878531E-03	0	0	-0.00744627488	9144.49609375	
28.518432	4.31016585195281E-03	0	0	0.00379943124	9144.49609375	
28.522528	4.31336058947578E-03	0	0	0.03920356913	9144.49609375	
28.526624	4.31593175841438E-03	0	0	0.03502266889	9144.49609375	
28.53072	4.31799538641281E-03	0	0	0.03316110017	9142.078125	
28.534816	4.31969648516828E-03	0	0	0.03575508937	9142.078125	
28.538912	4.32307472740516E-03	-3.3871841128125E-08	0	0.04850759804	9142.078125	
28.543008	4.32738841395094E-03	-2.11156279228125E-07	0	0.03554909611	9142.078125	
28.547104	4.33168619126891E-03	-2.07833686396875E-07	0	-0.04506674766	9142.078125	
28.5512	4.33466651994578E-03	-2.05591861715625E-07	0	0.00662230184	9142.078125	
28.555296	4.33639879713047E-03	-1.96462063153125E-07	0	0.01561352617	9105.578125	
28.559392	4.3410599265825E-03	-1.926180766125E-07	0	-0.05499257104	9105.578125	
28.563488	4.34237298647109E-03	-1.909200013875E-07	0	0.04075233327	9105.578125	
28.567584	4.34157149054578E-03	-1.72837086778125E-07	0	0.04037086427	9105.578125	
28.57168	4.34060185054031E-03	-1.48721726278125E-07	0	-0.03961937034	9059.4375	
28.575776	4.34016370674906E-03	-1.2284987715E-07	0	0.00383757814	9059.4375	
28.579872	4.33925934943703E-03	-1.0069749545625E-07	0	0.04315558797	9059.4375	
28.583968	4.33943041935219E-03	-7.9182372740625E-08	0	-0.01000593187	9059.4375	
28.588064	4.34127543261672E-03	-7.1941995365625E-08	0	0.06607806018	9059.4375	
28.59216	4.33928129319953E-03	-5.9375661778125E-08	0	0.10364894199	9010.15625	
28.596256	4.3407380847325E-03	-4.5836492625E-08	0	0.04218665671	9010.15625	
28.600352	4.34582428315063E-03	-5.3288648634375E-08	0	0.07029329263	9010.15625	
28.604448	4.35259749974328E-03	-8.04066503625E-08	0	0.1305768387	9010.15625	
28.608544	4.36271558576734E-03	-1.2367054940625E-07	0	0.08576186058	9010.15625	
28.61264	4.37733022302469E-03	-1.94751007171875E-07	0	0.14081928135	8962.61328125	
28.616736	4.39221879158391E-03	-2.82230246615625E-07	0	0.19887123377	8962.61328125	
28.620832	0.004412548316055	-3.84187836965625E-07	0	0.15317506226	8962.61328125	
28.624928	4.43855889777266E-03	-5.19609095775E-07	0	0.14907045582	8962.61328125	
28.629024	4.46560293927172E-03	-6.75620478225E-07	0	0.23284486291	8962.61328125	
28.63312	4.49635383085109E-03	-8.39931611990625E-07	0	0.19464837194	8914.79296875	
28.637216	4.53382353677859E-03	-1.03439079253125E-06	0	0.21104009487	8914.79296875	
28.641312	4.56960055572625E-03	-1.243016064675E-06	0	0.30577792102	8914.79296875	
28.645408	4.60709037676937E-03	-1.44267379770937E-06	0	0.28294700137	8914.79296875	
28.649504	4.64963485207203E-03	-1.65567382509375E-06	0	0.26113460395	8914.79296875	
28.6536	4.69242692616156E-03	-1.88014475446875E-06	0	0.36696554862	8868.65625	
28.657696	4.73692412202969E-03	-2.10082265879062E-06	0	0.3507988924	8868.65625	
28.661792	4.78591137743469E-03	-2.33717098013438E-06	0	0.34621363502	8868.65625	
28.665888	4.83274055523016E-03	-2.57649670234687E-06	0	0.45679005405	8868.65625	
28.669984	4.87651196115359E-03	-2.78865802864687E-06	0	0.44948873739	8868.65625	
28.67408	4.92267999167141E-03	-2.988091242675E-06	0	0.39684983008	8823.03515625	
28.678176	4.96573584807266E-03	-3.17930403223125E-06	0	0.47929291036	8823.03515625	
28.682272	5.00486084515141E-03	-3.33469113645937E-06	0	0.50955866082	8823.03515625	
28.686368	0.005042515701575	-3.46558042864687E-06	0	0.47062974937	8823.03515625	
28.690464	5.07505281542188E-03	-3.56432167605937E-06	0	0.5804050835	8823.03515625	
28.69456	5.10088226966656E-03	-3.61468532761875E-06	0	0.61117818773	8774.51171875	
28.698656	5.12421552949453E-03	-3.61827931440937E-06	0	0.56473052229	8774.51171875	
28.702752	5.14481560227078E-03	-3.60831706475625E-06	0	0.62582278264	8774.51171875	
28.706848	5.15705318145531E-03	-3.54911255665312E-06	0	0.6766115653	8774.51171875	
28.710944	5.16630576891344E-03	-3.45034294388437E-06	0	0.65469617125	8728.3125	
28.71504	5.16862961336219E-03	-3.31454524314375E-06	0	0.7131181486	8728.3125	
28.719136	5.16350300184812E-03	-3.12600528745313E-06	0	0.77561802956	8728.3125	
28.723232	0.00515209699983	-2.87999760076875E-06	0	0.76146934435	8728.3125	
28.727328	0.005138898558145	-2.61690267155625E-06	0	0.73676159722	8728.3125	
28.731424	5.11807155029156E-03	-2.3234620996125E-06	0	0.84142524675	8681.3515625	
28.73552	5.09534055531187E-03	-2.0056970327625E-06	0	0.81582486216	8681.3515625	
28.739616	5.07004680316922E-03	-1.69161249107812E-06	0	0.8227523392	8681.3515625	
28.743712	5.03967819021906E-03	-1.36505296186875E-06	0	0.92338767609	8681.3515625	
28.747808	5.00470047282047E-03	-1.01226268965938E-06	0	0.91467873882	8681.3515625	
28.751904	4.97171698627141E-03	-6.71605097625E-07	0	0.87585663869	8681.3515625	
28.756	4.93584542628031E-03	-3.56299884084375E-07	0	0.98068431989	8636.59375	
28.760096	4.89884568259969E-03	-4.26451496625E-08	0	0.97875790144	8636.59375	
28.764192	4.86381987178828E-03	2.38193992575E-07	0	0.96159942582	8636.59375	
28.768288	4.82775008647594E-03	4.9016056753125E-07	0	1.06269252551	8636.59375	
28.772384	4.79120677305531E-03	7.30512490640625E-07	0	1.08573325311	8589.59375	
28.77648	4.76020233958672E-03	9.25016382675E-07	0	1.03913681476	8589.59375	
28.780576	4.73117842211609E-03	1.05998043040312E-06	0	1.09667378403	8589.59375	
28.784672	4.70325324712031E-03	1.1670401791125E-06	0	1.14445277628	8589.59375	
28.788768	4.68077487970641E-03	1.22973362603437E-06	0	1.1034753763	8589.59375	
28.792864	4.66078676360687E-03	1.239296837625E-06	0	1.15957039275	8542.75390625	
28.79696	4.64003006722578E-03	1.24198866185625E-06	0	1.22948984576	8542.75	
28.801056	4.6249624741375E-03	1.22002546266562E-06	0	1.1923195064	8542.75	
28.805152	4.61488507550641E-03	1.141312320225E-06	0	1.20004806834	8542.75	
28.809248	4.60737683430234E-03	1.0265845503375E-06	0	1.28514235817	8542.75	
28.813344	4.60478125292797E-03	8.81168589984375E-07	0	1.26642367434	8496.08984375	
28.81744	4.60712493819531E-03	6.87867340978125E-07	0	1.28320449565	8496.08984375	
28.821536	4.60917777717719E-03	4.83483410746875E-07	0	1.37854885751	8496.08984375	
28.825632	4.61502734423328E-03	2.816718337125E-07	0	1.37051130568	8496.08984375	
28.829728	4.62601047166156E-03	4.3777119684375E-08	0	1.32706580127	8451.5078125	
28.833824	4.63783559954344E-03	-2.05897630640625E-07	0	1.40999334718	8451.5078125	
28.83792	4.65078827108844E-03	-4.43282489409375E-07	0	1.42719759908	8451.5078125	
28.842016	4.66761657682031E-03	-6.87357245334375E-07	0	1.39238092345	8451.5078125	
28.846112	4.6829437463325E-03	-9.24935373140625E-07	0	1.49372197799	8451.5078125	
28.850208	4.69689211610094E-03	-1.11689335425937E-06	0	1.51544663754	8451.5078125	
28.854304	4.71406420744531E-03	-1.3033285043625E-06	0	1.4648028131	8451.5078125	
28.8584	4.73145445636187E-03	-1.49488576472812E-06	0	1.53265851882	8405.26953125	
28.862496	4.74698561143297E-03	-1.65823512060937E-06	0	1.56235206578	8405.26953125	
28.866592	4.76335392104344E-03	-1.80142007357812E-06	0	1.53219312664	8405.26953125	
28.870688	4.77770148442469E-03	-1.93003340650312E-06	0	1.59236223201	8405.26953125	
28.874784	4.78732217849875E-03	-2.00369631360938E-06	0	1.65426320664	8358.0703125	
28.87888	4.79634207064203E-03	-2.03245037139375E-06	0	1.62883829779	8358.0703125	
28.882976	4.80501241693516E-03	-2.05787270174062E-06	0	1.61694409437	8358.0703125	
28.887072	4.80965096259828E-03	-2.04937319100938E-06	0	1.70955713819	8358.0703125	
28.891168	4.81400853666906E-03	-2.01495808119375E-06	0	1.68913710262	8311.8671875	
28.895264	4.81788380512656E-03	-1.98468527492812E-06	0	1.68119110335	8311.8671875	
28.89936	4.81705103933969E-03	-1.92333629781562E-06	0	1.77941555616	8311.8671875	
28.903456	4.81342172388687E-03	-1.81439121445312E-06	0	1.76550719642	8311.8671875	
28.907552	4.81087396162828E-03	-1.70587016912812E-06	0	1.71774727762	8311.8671875	
28.911648	4.80523276888359E-03	-1.59705104717812E-06	0	1.81013906942	8265.8671875	
28.915744	4.79726453155812E-03	-1.45895166604687E-06	0	1.8093837608	8265.8671875	
28.91984	4.78945886093984E-03	-1.32284026369687E-06	0	1.7861141518	8265.8671875	
28.923936	4.77896105639219E-03	-1.184169969675E-06	0	1.88606665918	8265.8671875	
28.928032	4.76606470717094E-03	-1.01963575920937E-06	0	1.90411777226	8221.546875	
28.932128	4.75584229684266E-03	-8.72481579440625E-07	0	1.86340740058	8221.546875	
28.936224	4.7456590195575E-03	-7.63417265428125E-07	0	1.88454078318	8221.546875	
28.94032	0.004734062472535	-6.54558960825E-07	0	1.95214471936	8221.546875	
28.944416	4.72427985178016E-03	-5.60020834209375E-07	0	1.90801638544	8221.546875	
28.948512	4.71485390859828E-03	-4.95602148628125E-07	0	1.95602425909	8221.546875	
28.952608	4.7024766207925E-03	-4.1400487445625E-07	0	2.02343364608	8221.546875	
28.956704	4.69218289323609E-03	-3.31298466778125E-07	0	1.9907722703	8173.6484375	
28.9608	4.68474633498953E-03	-2.93532398775E-07	0	1.96212013371	8173.6484375	
28.964896	4.6773319948025E-03	-2.79572076196875E-07	0	2.05793370244	8173.6484375	
28.968992	0.004671742187035	-2.79326884134375E-07	0	2.03120035492	8173.6484375	
28.973088	4.66913645667047E-03	-3.1979535328125E-07	0	2.02096554165	8173.6484375	
28.977184	4.66523531285969E-03	-3.6796934356875E-07	0	2.12711692028	8127.828125	
28.98128	4.6621820211725E-03	-0.000000401230368	0	2.11998726467	8127.828125	
28.985376	4.66313940924391E-03	-4.7031635660625E-07	0	2.07015978389	8127.828125	
28.989472	4.66445027475625E-03	-5.6179414974375E-07	0	2.13857243435	8127.828125	
28.993568	4.66606881010531E-03	-6.48098149978125E-07	0	2.16416900425	8081.3671875	
28.997664	4.67082045757766E-03	-7.50275451646875E-07	0	2.12475181248	8081.3671875	
29.00176	4.67526141794594E-03	-8.673654787875E-07	0	2.19900475333	8081.3671875	
29.005856	4.67837670076219E-03	-9.51904096171875E-07	0	2.23705247139	8081.3671875	
29.009952	4.68515311748688E-03	-1.04860544177812E-06	0	2.18052639497	8081.3671875	
29.014048	4.69358381960703E-03	-1.17825218713125E-06	0	2.21032293856	8036.984375	
29.018144	4.70144316101109E-03	-1.30231432268437E-06	0	2.26198909992	8036.984375	
29.02224	0.004711170739495	-1.42421900847187E-06	0	2.2281222821	8036.984375	
29.026336	4.72132795856219E-03	-1.55654483768437E-06	0	2.24823714247	8036.984375	
29.030432	4.72863129988391E-03	-1.657381034925E-06	0	2.33008131642	7990.265625	
29.034528	4.73674637755344E-03	-1.72916990544375E-06	0	2.309413326	7990.265625	
29.038624	4.74682560483141E-03	-1.82071332351562E-06	0	2.2663454759	7990.265625	
29.04272	4.75516012012594E-03	-1.90466203764375E-06	0	2.35129099282	7990.265625	
29.046816	4.76347762900453E-03	-1.968684569775E-06	0	2.35505609185	7990.265625	
29.050912	4.77332909831422E-03	-2.04394170605625E-06	0	2.32395873897	7943.765625	
29.055008	0.004780477918975	-2.10566159625937E-06	0	2.42484203071	7943.765625	
29.059104	4.78604075420109E-03	-2.12554426868438E-06	0	2.41858593911	7943.765625	
29.0632	4.79354734962297E-03	-2.15060602246875E-06	0	2.35342340453	7943.765625	
29.067296	4.79967953405359E-03	-2.18450430587812E-06	0	2.42387691414	7897.02734375	
29.071392	4.80354017333609E-03	-2.18366872979062E-06	0	2.43203653605	7897.02734375	
29.075488	4.80806698867516E-03	-2.17529181509062E-06	0	2.4003173887	7897.02734375	
29.079584	4.81063687756094E-03	-2.16176466515625E-06	0	2.47645478641	7897.02734375	
29.08368	4.81016243512922E-03	-2.10731712345E-06	0	2.51201914128	7897.02734375	
29.087776	4.81089041945016E-03	-2.0408796898875E-06	0	2.48198227222	7897.02734375	
29.091872	4.81242858576906E-03	-2.01220976663437E-06	0	2.45549687955	7852.88671875	
29.095968	4.81134968411281E-03	-1.96718505204375E-06	0	2.5472592475	7852.8828125	
29.100064	4.81070536038641E-03	-1.91213895324375E-06	0	2.51026438388	7852.8828125	
29.10416	4.80964565952234E-03	-1.87201182990937E-06	0	2.51490686161	7852.8828125	
29.108256	4.80498992457859E-03	-1.79838618238125E-06	0	2.60583381245	7806.40234375	
29.112352	4.79975697724875E-03	-1.691427154725E-06	0	2.58270153229	7806.40234375	
29.116448	4.79679804374031E-03	-1.6194974189625E-06	0	2.53083700705	7806.40234375	
29.120544	4.79213435418266E-03	-1.5616705537125E-06	0	2.62420535949	7806.40234375	
29.12464	4.78720999101297E-03	-1.48928432802187E-06	0	2.60262184347	7806.40234375	
29.128736	0.004783918700935	-1.4445187477875E-06	0	2.57548413881	7759.82421875	
29.132832	4.77900101232641E-03	-1.40638585322812E-06	0	2.66622798453	7759.82421875	
29.136928	4.77263348104297E-03	-1.33920707425312E-06	0	2.67721429173	7759.82421875	
29.141024	4.76920970549891E-03	-1.29636937670625E-06	0	2.61907078675	7759.82421875	
29.14512	4.76539423379422E-03	-1.28471265759375E-06	0	2.65344495834	7759.82421875	
29.149216	4.76038611859766E-03	-1.255462206075E-06	0	2.71126421467	7713.40234375	
29.153312	4.75720738173484E-03	-1.23813890609062E-06	0	2.6634547049	7713.40234375	
29.157408	4.75404098823844E-03	-1.24500572614687E-06	0	2.71851212567	7713.40234375	
29.161504	4.74852386918422E-03	-1.2190449348E-06	0	2.76921698515	7713.40234375	
29.1656	4.74524263666406E-03	-1.19312044149375E-06	0	2.72391372671	7713.40234375	
29.169696	4.74433773075797E-03	-1.2231218538E-06	0	2.71065386427	7667.92578125	
29.173792	4.74227273127437E-03	-1.25741580989062E-06	0	2.78334278222	7667.92578125	
29.177888	0.00474145020591	-1.287135251325E-06	0	2.7513833094	7667.92578125	
29.181984	4.74180121467766E-03	-1.34209048483125E-06	0	2.75126505401	7667.92578125	
29.18608	4.73994504666719E-03	-1.37554910521875E-06	0	2.83911736471	7667.92578125	
29.190176	4.73811575976578E-03	-1.37682121933125E-06	0	2.82208477386	7623.40234375	
29.194272	4.73949227370094E-03	-1.4205062718E-06	0	2.76612708625	7623.40234375	
29.198368	4.73991213102344E-03	-1.47695020574062E-06	0	2.83022913701	7623.40234375	
29.202464	4.74018633662234E-03	-1.5117686805375E-06	0	2.85216360451	7623.40234375	
29.20656	4.74286137270344E-03	-1.57069145815312E-06	0	2.80842436897	7575.5625	
29.210656	4.74408418886875E-03	-1.63744619909062E-06	0	2.89044401866	7575.5625	
29.214752	4.74374744354672E-03	-1.65498945077812E-06	0	2.91148203401	7575.5625	
29.218848	4.74605976752016E-03	-1.68645672700312E-06	0	2.85385732687	7575.5625	
29.222944	4.74846507818719E-03	-1.7452742162625E-06	0	2.89404127133	7575.5625	
29.22704	4.74890267338438E-03	-1.77034462388437E-06	0	2.9195348446	7529.72265625	
29.231136	4.75041231281203E-03	-1.7870337898875E-06	0	2.88930724104	7529.72265625	
29.235232	4.7514697278675E-03	-1.8147260698875E-06	0	2.91972939379	7529.72265625	
29.239328	0.004749721541455	-1.79898666255E-06	0	2.98253444995	7529.72265625	
29.243424	4.74916819291062E-03	-1.76390256301875E-06	0	2.95382127832	7529.72265625	
29.24752	4.75038076865344E-03	-1.77816384683437E-06	0	2.91352289316	7483.36328125	
29.251616	4.7497405593825E-03	-1.78500831114375E-06	0	2.9956379101	7483.36328125	
29.255712	4.74917751900969E-03	-1.77140207475E-06	0	2.98465923228	7483.36328125	
29.259808	4.74980657353469E-03	-1.78129220909062E-06	0	2.95296297307	7483.36328125	
29.263904	4.74725177098563E-03	-1.7660011186125E-06	0	3.05354871899	7483.36328125	
29.268	4.74343593355156E-03	-1.69837931123437E-06	0	3.03804963352	7483.36328125	
29.272096	4.74182206125203E-03	-1.65645603585E-06	0	2.97878460968	7438.78125	
29.276192	4.73941181323844E-03	-1.63544908570312E-06	0	3.05447950335	7438.78125	
29.280288	4.73579118385828E-03	-1.58951547779062E-06	0	3.05666913541	7438.78125	
29.284384	4.73367827382656E-03	-1.56154026538125E-06	0	3.02026173405	7438.78125	
29.28848	4.73033194147766E-03	-1.540450382625E-06	0	3.09905797069	7438.78125	
29.292576	4.72486831034453E-03	-1.47411054511875E-06	0	3.11691453458	7391.90234375	
29.296672	4.72201918708094E-03	-1.42620963148125E-06	0	3.07979378619	7391.90234375	
29.300768	4.71947316203688E-03	-1.4254629976125E-06	0	3.06433284762	7391.90234375	
29.304864	4.71474117251844E-03	-1.39514019139687E-06	0	3.14302990232	7391.90234375	
29.30896	4.71073908740016E-03	-1.34779889258437E-06	0	3.10124760275	7345.78125	
29.313056	0.00470776214172	-1.33738856645625E-06	0	3.11747529401	7345.78125	
29.317152	4.70174772214813E-03	-1.2911304396375E-06	0	3.19711839183	7345.78125	
29.321248	4.6968590175925E-03	-1.22940117444375E-06	0	3.16745917708	7345.78125	
29.325344	4.69406612522031E-03	-1.2199555108125E-06	0	3.11654832434	7345.78125	
29.32944	4.69048344026281E-03	-1.22173195134375E-06	0	3.20894393083	7298.94140625	
29.333536	4.68708160848125E-03	-1.20959254040625E-06	0	3.18613208463	7298.94140625	
29.337632	4.68533771938891E-03	-1.2280285796625E-06	0	3.16061180853	7298.94140625	
29.341728	4.68148421182922E-03	-1.23466246725937E-06	0	3.25286627149	7298.94140625	
29.345824	4.67647243933891E-03	-1.19067957855E-06	0	3.25188208147	7298.94140625	
29.34992	4.67467917678094E-03	-1.18736011071562E-06	0	3.19145739187	7255.1015625	
29.354016	4.67256233515844E-03	-1.21483388131875E-06	0	3.23524240369	7255.1015625	
29.358112	4.66919844779953E-03	-1.21273965264375E-06	0	3.27876801659	7255.1015625	
29.362208	4.66800525571359E-03	-1.2211574326875E-06	0	3.23359064292	7255.1015625	
29.366304	4.66695597813672E-03	-1.26533479235625E-06	0	3.28006501119	7255.1015625	
29.3704	4.66360470844125E-03	-1.26182974778437E-06	0	3.32908759238	7208.08203125	
29.374496	4.66256795709547E-03	-1.26575234001562E-06	0	3.27925248222	7208.08203125	
29.378592	4.66276325658172E-03	-1.31475325255312E-06	0	3.27844376794	7208.08203125	
29.382688	4.66158149353875E-03	-1.34873302626562E-06	0	3.34255726277	7208.08203125	
29.386784	4.66109178190563E-03	-1.36533757696875E-06	0	3.31246698805	7161.5	
29.39088	4.66153897749891E-03	-1.40927527341562E-06	0	3.32085549136	7161.5	
29.394976	4.65930309096484E-03	-1.41866853325312E-06	0	3.39976998339	7161.5	
29.399072	4.6579366345875E-03	-1.39713874709062E-06	0	3.37936139189	7161.5	
29.403168	4.65928901038391E-03	-1.43818966757812E-06	0	3.32586417933	7161.5	
29.407264	4.65967970078875E-03	-1.48663096529062E-06	0	3.39472696321	7161.5	
29.41136	4.65945861738156E-03	-1.50423263038125E-06	0	3.40980643278	7115.2421875	
29.415456	4.66164421612656E-03	-1.55185541929687E-06	0	3.36202744053	7115.2421875	
29.419552	4.66176966130219E-03	-1.60106522585625E-06	0	3.44773589545	7115.2421875	
29.423648	4.66006600244109E-03	-1.5777993837375E-06	0	3.458779423	7115.2421875	
29.427744	4.66064860933547E-03	-1.57625827950937E-06	0	3.39779778866	7069.7421875	
29.43184	4.66088615056453E-03	-1.59706522985625E-06	0	3.44219315088	7069.7421875	
29.435936	4.65981922654531E-03	-1.59009913105312E-06	0	3.46727855232	7069.7421875	
29.440032	4.66009398073828E-03	-1.59021042901875E-06	0	3.43922150737	7069.7421875	
29.444128	4.66016410934594E-03	-1.61059334132812E-06	0	3.4871225697	7069.7421875	
29.448224	4.65780826357688E-03	-1.5824984175E-06	0	3.53082747303	7024.90234375	
29.45232	4.6574743526575E-03	-1.55511166604062E-06	0	3.50936602709	7024.90234375	
29.456416	4.65821477177719E-03	-1.58435755025625E-06	0	3.47117335081	7024.90234375	
29.460512	4.65706510148687E-03	-1.59191787923437E-06	0	3.54803553962	7024.90234375	
29.464608	4.65585481155266E-03	-1.56814073955E-06	0	3.53157896696	7024.90234375	
29.468704	4.65645479059234E-03	-1.58485346322187E-06	0	3.50499057766	7024.90234375	
29.4728	4.65380444124406E-03	-1.56852583531875E-06	0	3.60150223466	6977.30078125	
29.476896	0.004651167715315	-1.50628911870937E-06	0	3.58590396725	6977.30078125	
29.480992	4.65084706208547E-03	-1.50008575952812E-06	0	3.53003020282	6977.30078125	
29.485088	4.65037682554156E-03	-1.51846458730312E-06	0	3.609841147	6977.30078125	
29.489184	4.64954771704844E-03	-1.52320304410312E-06	0	3.60479431213	6931.51953125	
29.49328	4.65041806152859E-03	-1.550623449375E-06	0	3.57233130023	6931.51953125	
29.497376	4.65011743198234E-03	-1.58404024288125E-06	0	3.64817115212	6931.51953125	
29.501472	4.6477986163125E-03	-1.55603714588437E-06	0	3.66843860009	6931.51953125	
29.505568	4.64855878481844E-03	-1.56024435321562E-06	0	3.62481380525	6931.51953125	
29.509664	4.64960129640188E-03	-0.000001611459927	0	3.62904048177	6885.72265625	
29.51376	4.64909512694687E-03	-1.62978683175E-06	0	3.70040570229	6885.72265625	
29.517856	4.64991884093172E-03	-1.64018826365625E-06	0	3.65923756781	6885.72265625	
29.521952	4.65205872350484E-03	-1.70444565132187E-06	0	3.68215622533	6885.72265625	
29.526048	4.65140388505891E-03	-1.72182952816875E-06	0	3.75605058532	6885.72265625	
29.530144	4.65232963753937E-03	-1.72506389993437E-06	0	3.71984154784	6885.72265625	
29.53424	4.65473311955953E-03	-1.77938331676875E-06	0	3.67948594233	6840.69921875	
29.538336	4.65592320294578E-03	-1.82348399382187E-06	0	3.76744506435	6840.69921875	
29.542432	4.65703849467484E-03	-1.83704119180312E-06	0	3.74229862787	6840.69921875	
29.546528	4.65963014445844E-03	-1.882030810275E-06	0	3.7237477904	6840.69921875	
29.550624	4.65979033392469E-03	-1.901119252725E-06	0	3.8258288948	6793.58203125	
29.55472	4.65908849925406E-03	-1.86357962680312E-06	0	3.81904637598	6793.58203125	
29.558816	4.66123743362922E-03	-1.87973321641875E-06	0	3.76668594104	6793.58203125	
29.562912	4.66291869156609E-03	-1.92203822219062E-06	0	3.81280935783	6793.58203125	
29.567008	4.66364182997281E-03	-1.93410623896875E-06	0	3.85166197548	6793.58203125	
29.571104	4.66636925678687E-03	-1.96711846557187E-06	0	3.79873315173	6793.58203125	
29.5752	4.66828128995937E-03	-2.0265200888625E-06	0	3.85895947745	6747.640625	
29.579296	4.66727974006594E-03	-1.99953622161562E-06	0	3.91030901954	6747.640625	
29.583392	4.66836074466609E-03	-1.9801528275375E-06	0	3.85163145796	6747.640625	
29.587488	0.00467006568358	-2.008930683375E-06	0	3.86579540193	6747.640625	
29.591584	0.00467021197533	-2.01562827283125E-06	0	3.92526260434	6747.640625	
29.59568	4.67111541831859E-03	-2.01107659469063E-06	0	3.8943788741	6700.90234375	
29.599776	4.67297451216406E-03	-2.04508978183125E-06	0	3.90123768672	6700.90234375	
29.603872	4.67252119060375E-03	-2.0431873798875E-06	0	3.98846820295	6700.8984375	
29.607968	4.67289222305469E-03	-2.0189297118375E-06	0	3.97001654742	6700.8984375	
29.612064	4.67524971460594E-03	-2.062984475475E-06	0	3.91424577962	6657.0390625	
29.61616	4.67596389264297E-03	-2.09353252185E-06	0	3.99035265981	6657.0390625	
29.620256	4.67608952068328E-03	-2.08121162070937E-06	0	4.003898624	6657.0390625	
29.624352	4.67849227124469E-03	-2.1133411558875E-06	0	3.95577249496	6657.0390625	
29.628448	4.67862192230812E-03	-2.14082718609375E-06	0	4.05759420044	6657.0390625	
29.632544	4.67726625494734E-03	-2.09132987982187E-06	0	4.06640994903	6609.6015625	
29.63664	4.67853067282906E-03	-2.08546594337812E-06	0	4.00173950946	6609.6015625	
29.640736	4.68014993963688E-03	-2.12783945869687E-06	0	4.05357733187	6609.6015625	
29.644832	4.68078804596391E-03	-2.14877453391562E-06	0	4.08254608773	6609.6015625	
29.648928	4.68285414263562E-03	-2.1830055093E-06	0	4.0479582935	6609.6015625	
29.653024	4.68458815703484E-03	-2.23574055271875E-06	0	4.10218029716	6563.3984375	
29.65712	4.6835464683425E-03	-2.21516389060312E-06	0	4.15092822067	6563.3984375	
29.661216	4.68429859080219E-03	-2.19183290431875E-06	0	4.12275673502	6563.3984375	
29.665312	4.68601157576234E-03	-2.23364800673438E-06	0	4.08438476831	6563.3984375	
29.669408	4.68584782043469E-03	-2.23964848150313E-06	0	4.1786495729	6563.3984375	
29.673504	4.68603287949844E-03	-2.21867302170937E-06	0	4.15447206768	6517.0390625	
29.6776	4.68804128236125E-03	-2.25806000155312E-06	0	4.13879750647	6517.0390625	
29.681696	4.68726090730734E-03	-2.26350398649375E-06	0	4.23451189326	6517.0390625	
29.685792	4.68654782645844E-03	-2.21935763640937E-06	0	4.22590213793	6517.0390625	
29.689888	4.68828147512828E-03	-2.24340713159062E-06	0	4.16276520374	6472.30078125	
29.693984	4.68908937131766E-03	-2.28166767025312E-06	0	4.24687148886	6472.30078125	
29.69808	4.68886060759359E-03	-2.27709411713437E-06	0	4.24357178201	6472.30078125	
29.702176	4.69009805293391E-03	-2.29582486763437E-06	0	4.21147879504	6472.30078125	
29.706272	4.68995176118391E-03	-2.31159384225E-06	0	4.29330008085	6426.48046875	
29.710368	4.68772181775219E-03	-2.24974606755937E-06	0	4.31114520067	6426.48046875	
29.714464	4.68820704920047E-03	-2.23032541390313E-06	0	4.26916835191	6426.48046875	
29.71856	4.68898303550187E-03	-2.26991431662188E-06	0	4.28414482485	6426.48046875	
29.722656	4.68845537944609E-03	-2.27454051391875E-06	0	4.3463051984	6426.48046875	
29.726752	4.68932855832891E-03	-2.28127007449687E-06	0	4.30808581929	6426.48046875	
29.730848	0.00469071622701	-2.3397466987125E-06	0	4.32960830027	6379.4609375	
29.734944	4.68865241614687E-03	-2.31566066510625E-06	0	4.40686340215	6379.4609375	
29.73904	4.68770874292703E-03	-2.26370590936875E-06	0	4.37126471507	6379.4609375	
29.743136	4.68858365902437E-03	-2.28591574292812E-06	0	4.3434823278	6379.4609375	
29.747232	4.68804539681672E-03	-2.29959986385937E-06	0	4.42522350512	6379.4609375	
29.751328	4.68753456431219E-03	-2.28521141670937E-06	0	4.40841598098	6379.4609375	
29.755424	4.68877987283406E-03	-2.3247313291125E-06	0	4.39593050061	6333.3984375	
29.75952	4.68817111628938E-03	-2.34496953002812E-06	0	4.48913863607	6333.3984375	
29.763616	4.6871686520725E-03	-2.3088024988875E-06	0	4.48213486523	6333.3984375	
29.767712	4.68907163344297E-03	-2.3527293780375E-06	0	4.43083109942	6333.3984375	
29.771808	4.69014376910578E-03	-2.41734133265625E-06	0	4.47611528441	6333.3984375	
29.775904	4.69028512350922E-03	-2.43279612489375E-06	0	4.5160207565	6288.359375	
29.78	4.69246066469641E-03	-2.47514512100625E-06	0	4.4744406355	6288.359375	
29.784096	4.6936025632375E-03	-2.535291695475E-06	0	4.54230015591	6288.359375	
29.788192	4.69199390258156E-03	-2.49006241378125E-06	0	4.58309063608	6288.359375	
29.792288	4.69248507713219E-03	-2.46185571121875E-06	0	4.53836721052	6288.359375	
29.796384	4.69418736450812E-03	-2.51114604654375E-06	0	4.55676927508	6242.8203125	
29.80048	4.69474446177859E-03	-2.54147101621875E-06	0	4.60602836705	6242.8203125	
29.804576	4.69602542891453E-03	-2.56190272655625E-06	0	4.58088955995	6242.8203125	
29.808672	4.69755774356344E-03	-2.60838633391875E-06	0	4.59668619124	6195.69921875	
29.812768	4.69642718263297E-03	-2.59288755134063E-06	0	4.67029063479	6195.69921875	
29.816864	4.69575780644437E-03	-2.5389503456625E-06	0	4.65770978717	6195.69921875	
29.82096	4.69700631509828E-03	-2.56344407116875E-06	0	4.61139182119	6195.69921875	
29.825056	4.69661845909609E-03	-2.57151545732812E-06	0	4.68830741566	6195.69921875	
29.829152	4.69558243920906E-03	-2.5339945813875E-06	0	4.6940523388	6195.69921875	
29.833248	4.69676913959859E-03	-2.55573157888125E-06	0	4.66411083699	6195.69921875	
29.837344	4.69611750128469E-03	-2.57325295559062E-06	0	4.75015879932	6149.80078125	
29.84144	4.69435971447609E-03	-2.51521743670312E-06	0	4.76364754316	6149.80078125	
29.845536	4.69483177966688E-03	-2.51524484052187E-06	0	4.70554599977	6149.80078125	
29.849632	4.69498639176016E-03	-2.55114480462188E-06	0	4.76726005459	6103.33984375	
29.853728	4.69385720231484E-03	-2.53707390523125E-06	0	4.7896484702	6103.33984375	
29.857824	4.69395028044078E-03	-2.5345715038875E-06	0	4.76327370354	6103.33984375	
29.86192	4.69327642406734E-03	-2.54670658790625E-06	0	4.82824168893	6103.33984375	
29.866016	4.68988291262906E-03	-2.47150498041562E-06	0	4.86311177022	6103.33984375	
29.870112	4.68850356429125E-03	-2.41093436790937E-06	0	4.83919366392	6059.359375	
29.874208	0.00468846333406	-2.43793097552812E-06	0	4.81437910547	6059.359375	
29.878304	4.68735416829797E-03	-2.44821630178125E-06	0	4.89750501526	6059.359375	
29.8824	4.68674687467078E-03	-2.44407712322812E-06	0	4.87719179101	6059.359375	
29.886496	4.68757068008797E-03	-2.504910956625E-06	0	4.87869477887	6059.359375	
29.890592	4.68544140366672E-03	-2.4985407706875E-06	0	4.96728332474	6011.7421875	
29.894688	4.68339130765516E-03	-2.43322328792812E-06	0	4.95416842052	6011.7421875	
29.898784	4.68347908270516E-03	-2.44580212150312E-06	0	4.90320797681	6011.7421875	
29.90288	4.68277441363188E-03	-2.47537276500937E-06	0	4.99365427671	6011.7421875	
29.906976	4.68127464889734E-03	-2.45747470598437E-06	0	4.98823360222	6011.7421875	
29.911072	4.68126486563656E-03	-2.47258646971875E-06	0	4.96393021223	5965.69921875	
29.915168	4.68003510061312E-03	-2.485645591275E-06	0	5.05429640364	5965.69921875	
29.919264	4.67725052858422E-03	-2.41854589875937E-06	0	5.06611049857	5965.69921875	
29.92336	0.004677277866855	-2.42076536769375E-06	0	5.02898593549	5965.69921875	
29.927456	4.67729679335016E-03	-2.47567276470938E-06	0	5.05323973451	5965.69921875	
29.931552	0.004675914427745	-2.47549223604375E-06	0	5.10785465124	5965.69921875	
29.935648	4.67577389623266E-03	-2.47674343671562E-06	0	5.07483850929	5919.140625	
29.939744	4.6755706421325E-03	-2.51702753104687E-06	0	5.10787753938	5919.140625	
29.94384	4.67227395754625E-03	-2.4557927365125E-06	0	5.17693105776	5919.140625	
29.947936	4.67049258119297E-03	-2.38963991805E-06	0	5.14537594208	5919.140625	
29.952032	4.67030788785859E-03	-2.41536224809687E-06	0	5.12972045432	5874.7421875	
29.956128	4.66892287071547E-03	-2.423753345475E-06	0	5.20747528059	5874.7421875	
29.960224	4.66798733497422E-03	-2.41180648242187E-06	0	5.19361269713	5874.7421875	
29.96432	4.66850100188141E-03	-2.46592517830312E-06	0	5.18463291687	5874.7421875	
29.968416	4.66660085491359E-03	-2.47114248077813E-06	0	5.2756399762	5874.7421875	
29.972512	4.66405839573094E-03	-2.39743774679062E-06	0	5.27256533606	5828.4609375	
29.976608	4.66367611710172E-03	-2.39846130345937E-06	0	5.22385174476	5828.4609375	
29.980704	4.66244379197266E-03	-2.41084254107812E-06	0	5.28533310349	5828.4609375	
29.9848	4.66005603631563E-03	-2.3714255131875E-06	0	5.31969201632	5828.4609375	
29.988896	4.65963809907234E-03	-2.37201060875625E-06	0	5.27803560152	5828.4609375	
29.992992	4.65804287897094E-03	-2.39082597455625E-06	0	5.36135987519	5781.78125	
29.997088	4.65443770165687E-03	-2.30387317689375E-06	0	5.38861202055	5781.78125	
30.001184	4.65316075754406E-03	-2.26976383600312E-06	0	5.34250767721	5781.78125	
30.00528	4.65224935994156E-03	-2.29820515371562E-06	0	5.36904266085	5781.78125	
30.009376	4.64991948095812E-03	-2.28567151240313E-06	0	5.41791265444	5735.4609375	
30.013472	4.64825879529859E-03	-2.25958668271875E-06	0	5.40459557165	5735.4609375	
30.017568	4.64700434354234E-03	-2.27533450350937E-06	0	5.43040957888	5735.4609375	
30.021664	4.64278291223141E-03	-2.20296318165E-06	0	5.50081349752	5735.4609375	
30.02576	4.63986292890141E-03	-2.11001784190312E-06	0	5.49167350028	5735.4609375	
30.029856	4.63875760329781E-03	-2.12669811368437E-06	0	5.44415009226	5735.4609375	
30.033952	4.6364756348625E-03	-2.1265796041875E-06	0	5.53601164215	5690.5390625	
30.038048	4.63393710727063E-03	-2.08623781760625E-06	0	5.5346955741	5690.5390625	
30.042144	4.63372791006812E-03	-2.124103645125E-06	0	5.51134204192	5690.5390625	
30.04624	4.63084879699578E-03	-2.126695950225E-06	0	5.605305486	5690.5390625	
30.050336	4.62757679914234E-03	-2.04671189559375E-06	0	5.6146514765	5690.5390625	
30.054432	4.62648966857516E-03	-2.05103184319687E-06	0	5.56237496474	5644.6796875	
30.058528	4.62491648366859E-03	-2.07381883964062E-06	0	5.6353270963	5644.6796875	
30.062624	4.62215202675531E-03	-2.03924459536875E-06	0	5.65200492098	5644.6796875	
30.06672	4.62097465246484E-03	-2.03139652629375E-06	0	5.63276362462	5644.6796875	
30.070816	4.61939360437672E-03	-2.05475611831875E-06	0	5.69370711206	5597.80078125	
30.074912	0.00461552811918	-1.98231941190937E-06	0	5.74113896752	5597.80078125	
30.079008	4.61439536387328E-03	-1.96330741169062E-06	0	5.71532877498	5597.80078125	
30.083104	4.61404526942906E-03	-2.0236681686375E-06	0	5.70674953717	5597.80078125	
30.0872	4.61249494260844E-03	-2.04582079071562E-06	0	5.78723186679	5597.80078125	
30.091296	4.61145581402172E-03	-2.03869074976875E-06	0	5.77164122876	5551.640625	
30.095392	4.61153325721687E-03	-2.0988757857375E-06	0	5.78487438837	5551.640625	
30.099488	4.60814824898656E-03	-2.04852992262187E-06	0	5.86316327124	5551.640625	
30.103584	4.60588621280219E-03	-1.97005331840625E-06	0	5.85010177268	5551.640625	
30.10768	4.60531156052172E-03	-1.99297925701875E-06	0	5.81775701617	5551.640625	
30.111776	4.60412403724109E-03	-2.01747418444687E-06	0	5.89709493879	5505.62109375	
30.115872	4.60217890556016E-03	-1.99318911257812E-06	0	5.90135976221	5505.62109375	
30.119968	4.60206827242422E-03	-2.0155758690375E-06	0	5.88313317339	5505.62109375	
30.124064	4.60020378407047E-03	-2.02713427094063E-06	0	5.98037725087	5505.62109375	
30.12816	4.59687976121344E-03	-1.93130648215313E-06	0	5.99527743001	5505.62109375	
30.132256	4.59598902732062E-03	-1.91817885105E-06	0	5.95863351787	5461.30078125	
30.136352	4.59437990950297E-03	-1.92359831678437E-06	0	5.97999578187	5461.30078125	
30.140448	4.59125968934016E-03	-1.87171207059375E-06	0	6.05107871533	5461.30078125	
30.144544	4.58970698527859E-03	-1.8331058592E-06	0	6.01817319939	5461.30078125	
30.14864	4.58861756890281E-03	-1.87259091586875E-06	0	6.06960666466	5413.3203125	
30.152736	4.58433908380938E-03	-1.78818835604062E-06	0	6.13230109481	5413.3203125	
30.156832	4.58206662433781E-03	-1.72143842279062E-06	0	6.10215359974	5413.3203125	
30.160928	4.58082826467406E-03	-1.74017013482812E-06	0	6.10374051078	5413.3203125	
30.165024	4.57873327538172E-03	-1.7419107580875E-06	0	6.17269484722	5413.3203125	
30.16912	4.57650954934938E-03	-1.71017256867187E-06	0	6.15828676309	5367.40234375	
30.173216	4.57514455588953E-03	-1.71879179082187E-06	0	6.16326874823	5367.40234375	
30.177312	4.57081916600375E-03	-1.65214474208437E-06	0	6.26019239175	5367.40234375	
30.181408	4.56676441585547E-03	-1.52430785069062E-06	0	6.25759077317	5367.40234375	
30.185504	4.56517422453297E-03	-1.52773284726562E-06	0	6.21428641229	5367.40234375	
30.1896	4.56272575779969E-03	-1.53455639813437E-06	0	6.2940859124	5321.0234375	
30.193696	4.55933416644063E-03	-1.48566221625937E-06	0	6.32229554495	5321.0234375	
30.197792	4.55853897934703E-03	-1.5024984975E-06	0	6.28568977971	5321.0234375	
30.201888	4.55610550751813E-03	-1.53225856389375E-06	0	6.38089681273	5321.0234375	
30.205984	4.55187941315766E-03	-1.4323591445625E-06	0	6.40670319058	5321.0234375	
30.21008	4.55014421013797E-03	-1.41162983836875E-06	0	6.36331490652	5276.62109375	
30.214176	4.54837453712469E-03	-1.432073567925E-06	0	6.40269776608	5276.62109375	
30.218272	4.54546305700266E-03	-1.40679474705E-06	0	6.45371161545	5276.62109375	
30.222368	4.54388063742938E-03	-1.39064019589688E-06	0	6.43789209602	5276.62109375	
30.226464	4.54300444127922E-03	-1.44183173124375E-06	0	6.48546128032	5276.62109375	
30.23056	4.53920122150859E-03	-1.38700173799687E-06	0	6.54818622799	5229.94140625	
30.234656	4.53761103018609E-03	-1.344704424525E-06	0	6.54049962764	5229.94140625	
30.238752	4.53721832826969E-03	-1.40094595482187E-06	0	6.50669003017	5229.94140625	
30.242848	4.53604872572844E-03	-1.43473053642187E-06	0	6.59741098775	5229.94140625	
30.246944	4.53442049855094E-03	-1.416558198825E-06	0	6.59939844124	5183.34375	
30.25104	4.53518066705687E-03	-1.48067400009375E-06	0	6.59126170747	5183.34375	
30.255136	4.53242736488953E-03	-1.47105670201875E-06	0	6.69182075056	5183.34375	
30.259232	4.52958445902531E-03	-1.36683781585312E-06	0	6.69871389539	5183.34375	
30.263328	4.52887722984641E-03	-1.36757795934375E-06	0	6.65200301634	5183.34375	
30.267424	4.52815948594797E-03	-1.39584716184375E-06	0	6.73893598675	5183.34375	
30.27152	4.5266661214775E-03	-1.3905572632875E-06	0	6.75293208436	5136.9609375	
30.275616	4.52677300588734E-03	-1.41270844305937E-06	0	6.73438887627	5136.9609375	
30.279712	4.52599912252984E-03	-1.45391056531875E-06	0	6.81575239928	5136.9609375	
30.283808	4.52281105956797E-03	-1.36610416274062E-06	0	6.8526709691	5136.9609375	
30.287904	4.5224529190775E-03	-1.35597869209687E-06	0	6.83404002314	5092.78125	
30.292	4.52168159582562E-03	-1.38489837471562E-06	0	6.83822855276	5092.78515625	
30.296096	4.51931843546906E-03	-1.35399720369375E-06	0	6.92399041334	5092.78515625	
30.300192	4.51698672783875E-03	-1.27450377357187E-06	0	6.90936107719	5092.78515625	
30.304288	4.51641143553188E-03	-1.29772129843125E-06	0	6.92308633181	5092.78515625	
30.308384	4.51200384796906E-03	-1.21006369378125E-06	0	7.02184484122	5046.42578125	
30.31248	4.5093246974325E-03	-1.10898326601562E-06	0	7.00750160682	5046.42578125	
30.316576	4.50794873209141E-03	-1.11540633651563E-06	0	6.97763258412	5046.42578125	
30.320672	4.50607519193562E-03	-1.11826691057812E-06	0	7.06822765693	5046.42578125	
30.324768	4.50343819170953E-03	-1.0784094985125E-06	0	7.07074916702	5046.42578125	
30.328864	4.50209596490328E-03	-1.0738383492375E-06	0	7.05714216779	4999.5625	
30.33296	4.49844369993219E-03	-1.03418790811875E-06	0	7.1640259669	4999.5625	
30.337056	4.49362576401063E-03	-8.86059450478125E-07	0	7.17479483677	4999.5625	
30.341152	4.49177252183516E-03	-8.61283032946875E-07	0	7.14867565434	4999.5625	
30.345248	4.48961865011344E-03	-8.69634947671875E-07	0	7.18740620191	4999.5625	
30.349344	4.48659223953531E-03	-8.4175156209375E-07	0	7.25307609026	4953.22265625	
30.35344	4.48526775060375E-03	-8.30356140796875E-07	0	7.22221906285	4953.22265625	
30.357536	4.48429774486891E-03	-8.966942956125E-07	0	7.29247420858	4953.22265625	
30.361632	4.48026265267453E-03	-8.213866786125E-07	0	7.34857303972	4953.22265625	
30.365728	4.47893980952516E-03	-7.993655467875E-07	0	7.32684456548	4953.22265625	
30.369824	4.47762135512828E-03	-8.2694292305625E-07	0	7.32854210253	4907.703125	
30.37392	4.47578859379781E-03	-8.3204964871875E-07	0	7.40970344697	4907.703125	
30.378016	4.47410267281141E-03	-8.11926351534375E-07	0	7.4050380811	4907.703125	
30.382112	4.47391121348359E-03	-8.60249860903125E-07	0	7.42371098865	4907.703125	
30.386208	4.47067203984156E-03	-8.27674412709375E-07	0	7.51358127036	4907.703125	
30.390304	4.46852813424531E-03	-7.51649488734375E-07	0	7.52281663485	4863.0859375	
30.3944	4.46831820558406E-03	-7.95309541228125E-07	0	7.48465447609	4863.0859375	
30.398496	4.4676725103725E-03	-8.35731616190625E-07	0	7.56958473425	4863.0859375	
30.402592	4.46567489652625E-03	-8.16097981978125E-07	0	7.60013277177	4863.0859375	
30.406688	4.46621462165141E-03	-8.443308864375E-07	0	7.5726174128	4863.0859375	
30.410784	4.46422971690094E-03	-8.64652260346875E-07	0	7.66875904487	4815.34375	
30.41488	4.46066403835938E-03	-7.37635560440625E-07	0	7.70387708101	4815.34375	
30.418976	4.45972027370719E-03	-7.19493511275E-07	0	7.66534489732	4815.34375	
30.423072	4.45829091187734E-03	-7.16212745325E-07	0	7.72756249122	4815.34375	
30.427168	4.45606151703969E-03	-6.89883204346875E-07	0	7.77242324562	4815.34375	
30.431264	4.45484784410875E-03	-6.61400059753125E-07	0	7.76694916547	4769.40625	
30.43536	4.45442405519547E-03	-7.08200493721875E-07	0	7.81219520356	4769.40625	
30.439456	4.45059505150391E-03	-6.33217876396875E-07	0	7.88578438835	4769.40625	
30.443552	4.44929689508734E-03	-5.838609546E-07	0	7.88327813702	4769.40625	
30.447648	4.44811952079687E-03	-6.02911175934375E-07	0	7.85844831981	4769.40625	
30.451744	4.44619267558469E-03	-5.94245319215625E-07	0	7.95737467558	4723.265625	
30.45584	4.44317897410234E-03	-5.21262699890625E-07	0	7.96733483117	4723.265625	
30.459936	4.44286060668141E-03	-5.402177290125E-07	0	7.96929558183	4723.265625	
30.464032	4.43855405185844E-03	-4.82635334671875E-07	0	8.06937397398	4723.265625	
30.468128	4.43569084801391E-03	-3.74729192578125E-07	0	8.08053957161	4723.265625	
30.472224	4.43505374744266E-03	-4.06530603084375E-07	0	8.044418272	4723.265625	
30.47632	4.43453870905031E-03	-4.5504521803125E-07	0	8.1293332714	4678.78515625	
30.480416	4.43273712614906E-03	-4.61997614925E-07	0	8.15497561758	4678.78515625	
30.484512	4.43229751944031E-03	-4.69482943978125E-07	0	8.14467976927	4678.78515625	
30.488608	4.43074691832266E-03	-4.94697822609375E-07	0	8.23650317226	4632.0234375	
30.492704	4.42675123346844E-03	-3.81772935534375E-07	0	8.2775339779	4632.0234375	
30.4968	4.42588509487609E-03	-3.612275233875E-07	0	8.26975582499	4632.0234375	
30.500896	4.42475361962219E-03	-3.76164287296875E-07	0	8.2885202851	4632.02734375	
30.504992	4.42309293396266E-03	-3.791428900875E-07	0	8.37370612749	4632.02734375	
30.509088	4.42216718148219E-03	-3.61056610096875E-07	0	8.36003427853	4632.02734375	
30.513184	4.42291912107719E-03	-4.46707005215625E-07	0	8.39523623785	4585.70703125	
30.51728	4.41934201349266E-03	-3.90639272821875E-07	0	8.48662858087	4585.70703125	
30.521376	4.41802803928062E-03	-3.3043668879375E-07	0	8.48045641245	4585.70703125	
30.525472	4.41717387832531E-03	-3.45195568265625E-07	0	8.46956165781	4585.70703125	
30.529568	4.41589830569766E-03	-3.4604821164375E-07	0	8.56787766318	4538.92578125	
30.533664	4.41376016033906E-03	-3.05804261503125E-07	0	8.57590377094	4538.92578125	
30.53776	4.41350588699109E-03	-3.15328290440625E-07	0	8.57554519008	4538.92578125	
30.541856	4.41061415625531E-03	-2.93559081440625E-07	0	8.68091837195	4538.92578125	
30.545952	4.40754239523469E-03	-1.85757266165625E-07	0	8.70493566019	4538.92578125	
30.550048	4.40726690958297E-03	-2.05066381471875E-07	0	8.68240610105	4538.92578125	
30.554144	4.40672041846437E-03	-2.398757216625E-07	0	8.74058393824	4538.92578125	
30.55824	4.40491673261922E-03	-2.37563464359375E-07	0	8.80484620598	4494.98828125	
30.562336	4.40457578140937E-03	-2.32338950353125E-07	0	8.7899231387	4494.98828125	
30.566432	4.40364701166156E-03	-2.71859103140625E-07	0	8.86986378234	4494.98828125	
30.570528	0.004399680493725	-1.68709206290625E-07	0	8.93345084995	4494.98828125	
30.574624	4.39877814792453E-03	-1.3417053890625E-07	0	8.91315288446	4448.30859375	
30.57872	4.39782460001156E-03	-1.522075401E-07	0	8.9353391215	4448.30859375	
30.582816	4.39640968449203E-03	-1.53168356446875E-07	0	9.01943396255	4448.30859375	
30.586912	4.39541060327187E-03	-1.40415965353125E-07	0	9.02520940321	4448.30859375	
30.591008	4.39616610872828E-03	-2.01091866215625E-07	0	9.058362874	4401.80859375	
30.595104	4.39395207452438E-03	-1.94751968709375E-07	0	9.1512124286	4401.80859375	
30.5992	4.39281237035953E-03	-1.4681091088125E-07	0	9.16756218994	4401.80859375	
30.603296	4.39304790007703E-03	-1.83674095171875E-07	0	9.13881850079	4401.80859375	
30.607392	4.39297118834063E-03	-2.17117811728125E-07	0	9.2415442878	4401.80859375	
30.611488	4.39146840633875E-03	-1.97294033475E-07	0	9.27505633945	4355.30859375	
30.615584	4.39257382337469E-03	-2.24335592971875E-07	0	9.26489781998	4355.30859375	
30.61968	4.39105842370937E-03	-2.41752883246875E-07	0	9.37003067638	4355.30859375	
30.623776	4.38877544951828E-03	-1.50409705359375E-07	0	9.41003533041	4355.30859375	
30.627872	4.38938868624781E-03	-1.69864974365625E-07	0	9.38817334202	4355.30859375	
30.631968	4.39010030417922E-03	-2.1892526184375E-07	0	9.46145735161	4310.1484375	
30.636064	4.38996653866031E-03	-2.4999590385E-07	0	9.5075807684	4310.1484375	
30.64016	4.39035046307172E-03	-2.56087965065625E-07	0	9.51260090044	4310.1484375	
30.644256	4.3907084206975E-03	-2.942910518625E-07	0	9.57330406241	4310.1484375	
30.648352	4.38763684254156E-03	-2.14318295296875E-07	0	9.64716409019	4310.1484375	
30.652448	0.00438730128584	-1.651046425875E-07	0	9.66163702405	4265.109375	
30.656544	4.38712646719875E-03	-1.8174212595E-07	0	9.65727683338	4265.109375	
30.66064	4.38631500514797E-03	-1.81797173971875E-07	0	9.76735734271	4265.109375	
30.664736	4.38484294441359E-03	-1.3647053660625E-07	0	9.78100248884	4265.109375	
30.668832	4.38612281436141E-03	-1.77992850853125E-07	0	9.78888363838	4265.109375	
30.672928	4.38350044331031E-03	-1.55753450015625E-07	0	9.90891667392	4217.7890625	
30.677024	4.38178965272641E-03	-7.6372279396875E-08	0	9.92844025734	4217.7890625	
30.68112	4.3810765718775E-03	-7.33624266375E-08	0	9.90562078176	4217.7890625	
30.685216	4.38001458520484E-03	-6.491772354375E-08	0	10.0107383794	4217.7890625	
30.689312	4.37778244739688E-03	-2.423218730625E-08	0	10.03816218581	4171.609375	
30.693408	4.37727454072734E-03	-9.177635053125E-09	0	10.04782479558	4171.609375	
30.697504	4.37529201321781E-03	-6.72691635E-09	0	10.15700885276	4171.609375	
30.7016	4.37161359859641E-03	9.3362166253125E-08	0	10.20042765434	4171.609375	
30.705696	4.37112388696328E-03	1.0534268311875E-07	0	10.19633830666	4171.609375	
30.709792	4.37084986422906E-03	7.030377585E-08	0	10.23489337849	4171.609375	
30.713888	4.36950571734359E-03	5.4869416284375E-08	0	10.33588348155	4125.7890625	
30.717984	4.36887282266016E-03	6.770233614375E-08	0	10.33382354895	4125.7890625	
30.72208	4.36926433595609E-03	9.718980665625E-09	0	10.39382862265	4125.7890625	
30.726176	4.36581642227328E-03	6.650137580625E-08	0	10.48504930462	4125.7890625	
30.730272	4.36491700230781E-03	1.07547969375E-07	0	10.49121765835	4125.7890625	
30.734368	4.36427341004016E-03	9.3661204415625E-08	0	10.49407867585	4080.8515625	
30.738464	4.36356380362031E-03	7.944367055625E-08	0	10.60842019391	4080.8515625	
30.74256	4.3622400461475E-03	9.6209519175E-08	0	10.6284129842	4080.8515625	
30.746656	4.36301923258094E-03	6.0552102909375E-08	0	10.64644883852	4080.8515625	
30.750752	4.36103414496578E-03	5.8018932365625E-08	0	10.76617288417	4080.8515625	
30.754848	4.35943161027687E-03	1.16680892934375E-07	0	10.80010836641	4033.91015625	
30.758944	4.35973004544687E-03	9.0570822890625E-08	0	10.78991170004	4033.91015625	
30.76304	4.35962480681922E-03	6.3981907171875E-08	0	10.87934710709	4033.91015625	
30.767136	4.35778015928406E-03	8.1640062590625E-08	0	10.94622243748	4033.91015625	
30.771232	4.35795095490219E-03	9.2051590640625E-08	0	10.94035925895	3987.8125	
30.775328	4.35696796577453E-03	6.7388153765625E-08	0	11.03787799411	3987.8125	
30.779424	4.35350734299594E-03	1.5717147744375E-07	0	11.11404590934	3987.8125	
30.78352	4.35313640197734E-03	1.77156313228125E-07	0	11.11235218698	3987.8125	
30.787616	4.35259082518219E-03	1.6386522075E-07	0	11.16660470816	3987.8125	
30.791712	4.35192245474937E-03	1.48619803303125E-07	0	11.25181343869	3987.8125	
30.795808	4.35122500883125E-03	1.55286142790625E-07	0	11.26822804976	3941.1953125	
30.799904	4.35147681350594E-03	1.21039542421875E-07	0	11.33220040106	3941.1953125	
30.804	0.004347986840945	1.718142512625E-07	0	11.42547338625	3941.1953125	
30.808096	4.34647701865266E-03	2.3681659010625E-07	0	11.45914565488	3941.1953125	
30.812192	4.34569134052281E-03	2.31896643103125E-07	0	11.45424759292	3897.234375	
30.816288	4.34459378666844E-03	2.30316356221875E-07	0	11.56839837648	3897.234375	
30.820384	4.34226372482031E-03	2.67947808975E-07	0	11.6198127683	3897.234375	
30.82448	4.34303907109531E-03	2.478074445E-07	0	11.63018109572	3897.234375	
30.828576	4.34093868729469E-03	2.33230295615625E-07	0	11.75767185021	3897.234375	
30.832672	4.33850622122156E-03	3.0267277425E-07	0	11.8051685554	3849.9921875	
30.836768	4.33797253063109E-03	2.97136481709375E-07	0	11.79808467607	3849.9921875	
30.840864	4.33695827164187E-03	2.94957637734375E-07	0	11.89315819494	3849.9921875	
30.84496	4.33520277064187E-03	3.05797049971875E-07	0	11.95232785153	3849.9921875	
30.849056	4.33435629000344E-03	3.204083334375E-07	0	11.9749985542	3849.9921875	
30.853152	4.33293753432547E-03	3.10624689375E-07	0	12.07374180485	3803.83203125	
30.857248	4.32864158565438E-03	3.99670513790625E-07	0	12.14439749303	3803.83203125	
30.861344	4.32772433638188E-03	4.32570480890625E-07	0	12.18212477713	3803.83203125	
30.86544	4.32689330780953E-03	4.14156076228125E-07	0	12.20671808356	3803.83203125	
30.869536	0.004325510576475	4.004678687625E-07	0	12.3282769951	3803.83203125	
30.873632	4.32339291196141E-03	4.3598033325E-07	0	12.35400326446	3757.21484375	
30.877728	4.32399919983281E-03	3.94408019053125E-07	0	12.39073872916	3757.21484375	
30.881824	4.31987569256203E-03	4.33009182375E-07	0	12.52253245397	3757.21484375	
30.88592	4.31768277922953E-03	5.04722331815625E-07	0	12.56284609789	3757.21484375	
30.890016	0.004315685622545	5.1792111669375E-07	0	12.57049073665	3757.21484375	
30.894112	4.31397675204031E-03	5.33511726103125E-07	0	12.68973031667	3712.4375	
30.898208	4.31145568802609E-03	5.5664030874375E-07	0	12.72910173216	3712.4375	
30.902304	4.31091751725078E-03	5.543302149E-07	0	12.75735714099	3712.4375	
30.9064	4.30876474271719E-03	5.38924220690625E-07	0	12.88952089073	3712.4375	
30.910496	0.00430527257578	6.126388104375E-07	0	12.94652761809	3712.4375	
30.914592	4.30467561400766E-03	6.078003537375E-07	0	12.96522722847	3666.89453125	
30.918688	4.30387868969953E-03	5.84654944190625E-07	0	13.03252598945	3666.89453125	
30.922784	4.30171997206359E-03	5.81927543071875E-07	0	13.13525559115	3666.89453125	
30.92688	4.30044796529734E-03	6.0996237080625E-07	0	13.15575192052	3666.89453125	
30.930976	4.29975865685781E-03	5.717792359125E-07	0	13.25316765905	3619.77734375	
30.935072	4.29522800136031E-03	6.49676033015625E-07	0	13.34866079382	3619.77734375	
30.939168	4.29396596071953E-03	6.8534210311875E-07	0	13.36067325263	3619.77734375	
30.943264	4.29293058085891E-03	6.7846710999375E-07	0	13.28475710694	3619.77734375	
30.94736	4.29235922014281E-03	6.38506332646875E-07	0	13.39334225779	3619.77734375	
30.951456	4.29069112846344E-03	6.55758959625E-07	0	13.44083514829	3619.77734375	
30.955552	4.29243154312672E-03	5.85971289028125E-07	0	13.4039432813	3619.77734375	
30.959648	4.28755481620813E-03	6.18862121521875E-07	0	13.43190114431	3619.77734375	
30.963744	4.28128731190875E-03	7.94691272615625E-07	0	13.41146966467	3619.77734375	
30.96784	4.27735316102187E-03	9.01455588928125E-07	0	13.42249030408	3619.77734375	
30.971936	4.27875884187469E-03	8.64931106221875E-07	0	13.40977594231	3619.77734375	
30.976032	4.27955686337094E-03	7.365608019E-07	0	13.41106530753	3619.77734375	
30.980128	4.27693348656406E-03	7.47800454121875E-07	0	13.40565226242	3619.77734375	
30.984224	4.27365005966766E-03	7.93469158453125E-07	0	13.39932369171	3619.77734375	
30.98832	4.27061496301688E-03	8.74378692928125E-07	0	13.39594387637	3619.77734375	
30.992416	4.27200802620625E-03	8.188270657875E-07	0	13.38181426461	3619.77734375	
30.996512	4.27090553500531E-03	7.683675008625E-07	0	13.38358809546	3619.77734375	
31.000608	4.2680486399925E-03	8.030174662125E-07	0	13.3748753435	3619.77734375	
31.004704	4.26397615196953E-03	8.84365221403125E-07	0	13.36338549722	3619.77734375	
31.0088	0.00426129727573	9.50241597834375E-07	0	13.358662911	3619.77734375	
31.012896	0.00426034345352	9.46484870821875E-07	0	13.35434849661	3619.77734375	
31.016992	4.26103129904203E-03	8.8686690159375E-07	0	13.3514912938	3619.77734375	
31.021088	4.26042345682078E-03	8.337607047E-07	0	13.34368643806	3619.77734375	
31.025184	4.25886215811891E-03	8.42857089834375E-07	0	13.34297309103	3619.77734375	
31.02928	4.25883198544547E-03	8.307789769125E-07	0	13.34579596163	3619.77734375	
31.033376	4.26003532652156E-03	7.70863411828125E-07	0	13.34471258967	3619.77734375	
31.037472	4.25980500844766E-03	7.316752298625E-07	0	13.34856542657	3619.77734375	
31.041568	4.25839978475656E-03	7.5135838325625E-07	0	13.34187446031	3619.77734375	
31.045664	4.25735645028203E-03	7.76570617659375E-07	0	13.33418785996	3619.77734375	
31.04976	4.25746781487672E-03	7.732348036875E-07	0	13.32893121714	3619.77734375	
31.053856	4.25808187449734E-03	7.34239650375E-07	0	13.32636774546	3619.77734375	
31.057952	4.25655797162406E-03	7.43574977578125E-07	0	13.32639444829	3619.77734375	
31.062048	4.25437045279984E-03	7.994578543875E-07	0	13.31941356559	3619.77734375	
31.066144	4.25321575373063E-03	8.382482002125E-07	0	13.3148702698	3619.77734375	
31.07024	4.25402538713453E-03	8.1248909135625E-07	0	13.30694715867	3619.77734375	
31.074336	4.2548911599975E-03	7.57738905721875E-07	0	13.30423872877	3619.77734375	
31.078432	4.25406762887734E-03	7.46910551165625E-07	0	13.30038207718	3619.77734375	
31.082528	4.25127903382531E-03	8.03931167221875E-07	0	13.29971832112	3619.77734375	
31.086624	4.24813458409141E-03	8.9584381569375E-07	0	13.30433791071	3619.77734375	
31.09072	4.24701243493656E-03	9.3488800741875E-07	0	13.30782453737	3619.77734375	
31.094816	4.24725655929438E-03	9.09085388990625E-07	0	13.30939618965	3619.77734375	
31.098912	4.24759028734906E-03	8.650212503625E-07	0	13.30669538913	3619.77734375	
31.103008	4.24748047710422E-03	8.3731791268125E-07	0	13.30001586694	3619.77734375	
31.107104	4.24726030802047E-03	8.26079221996875E-07	0	13.29620117694	3619.77734375	
31.1112	4.24745259023938E-03	8.08892700721875E-07	0	13.28823610422	3619.77734375	
31.115296	4.24727512006016E-03	7.9661987645625E-07	0	13.28584429359	3619.77734375	
31.119392	4.24650507686109E-03	8.046443876625E-07	0	13.28033206654	3619.77734375	
31.123488	4.24501070663484E-03	8.3656022113125E-07	0	13.27953098164	3619.77734375	
31.127584	4.24386606512344E-03	2.01689942540625E-07	0	13.27620838665	3619.77734375	
31.13168	4.24324149078328E-03	0	0	13.27578877075	3619.77734375	
31.135776	4.24186177671609E-03	0	0	13.27720020605	3619.77734375	
31.139872	4.23975334686922E-03	0	0	13.27742145807	3619.77734375	
31.143968	4.23711332937578E-03	0	0	13.27736423772	3619.77734375	
31.148064	4.23494043972656E-03	0	0	13.27229070002	3619.77734375	
31.15216	4.23258011377266E-03	0	0	13.27334355446	3619.77734375	
31.156256	4.22914856647938E-03	0	0	13.27344655109	3619.77734375	
31.160352	4.22413734258313E-03	0	0	13.27014302955	3619.77734375	
31.164448	4.21858456491484E-03	0	0	13.27005147699	3619.77734375	
31.168544	4.21454005518906E-03	0	0	13.26395560237	3619.77734375	
31.17264	4.21143556138937E-03	0	0	13.26101829107	3619.77734375	
31.176736	4.20859933008625E-03	0	0	13.25633766644	3619.77734375	
31.180832	4.20507635044922E-03	0	0	13.25090554788	3619.77734375	
31.184928	4.20157421738656E-03	0	0	13.2481513417	3619.77734375	
31.189024	4.19856856195047E-03	0	0	13.25109246769	3619.77734375	
31.19312	4.19617056587094E-03	0	0	13.25241997981	3619.77734375	
31.197216	4.19420824490937E-03	0	0	13.25215295151	3619.77734375	
31.201312	4.19239934742062E-03	0	0	13.25124505529	3619.77734375	
31.205408	4.19137832243797E-03	0	0	13.24985269344	3619.77734375	
31.209504	4.19107522421844E-03	0	0	13.24987558158	3576.1875	
31.2136	4.19143446189703E-03	0	0	13.24866632485	3576.1875	
31.217696	4.19207997424391E-03	0	0	13.24754480599	3576.1875	
31.221792	4.19334777512234E-03	0	0	13.22496565588	3576.1875	
31.225888	4.19584460956547E-03	0	0	13.15650341445	3576.1875	
31.229984	4.19899481953703E-03	0	0	13.14581846776	3577.2890625	
31.23408	4.20242307526594E-03	0	0	13.07207669537	3577.2890625	
31.238176	4.20593746026266E-03	0	0	13.00296977133	3577.2890625	
31.242272	4.20671463518453E-03	0	0	12.96708879719	3577.2890625	
31.246368	4.20722939927984E-03	-3.34849905534375E-07	0	12.8723662298	3577.2890625	
31.250464	4.20748632416578E-03	-2.6165791141875E-07	0	12.82146300644	3612.828125	
31.25456	4.20911445991094E-03	-1.40782311140625E-07	0	12.72370394581	3612.828125	
31.258656	4.21054656471109E-03	-7.6483817746875E-08	0	12.60202296419	3612.828125	
31.262752	4.21077432267938E-03	1.1159844609375E-08	0	12.62515905904	3612.828125	
31.266848	4.21131258488703E-03	8.8893901490625E-08	0	12.50881864342	3612.828125	
31.270944	4.21197482935281E-03	1.31282561025E-07	0	12.39146352026	3661.42578125	
31.27504	4.20875641085281E-03	2.496872503125E-07	0	12.36940316799	3661.42578125	
31.279136	4.20501637083172E-03	4.22897654025E-07	0	12.25603058119	3661.42578125	
31.283232	4.20204280814828E-03	5.5274175495E-07	0	12.13733268715	3661.42578125	
31.287328	4.20058098783641E-03	6.078849690375E-07	0	12.14458059815	3661.42578125	
31.291424	4.19663723655344E-03	6.8875171509375E-07	0	12.03707881926	3707.46875	
31.29552	0.00419437172594	7.65165821371875E-07	0	11.92935960304	3707.47265625	
31.299616	4.19130673091281E-03	8.00439824559375E-07	0	11.91606922308	3707.47265625	
31.303712	4.18798307378516E-03	8.8185729121875E-07	0	11.82410086187	3707.47265625	
31.307808	4.18827693733797E-03	8.52022465284375E-07	0	11.68945756363	3707.47265625	
31.311904	4.18822866106047E-03	7.87024934128125E-07	0	11.71040021173	3754.25	
31.316	0.004185263601585	8.015655445875E-07	0	11.6488044123	3754.25	
31.320096	4.18359569277031E-03	8.50010928834375E-07	0	11.52375124472	3754.25	
31.324192	4.18236025894156E-03	8.29213834246875E-07	0	11.52035235593	3754.25	
31.328288	4.17958373295891E-03	8.82695511534375E-07	0	11.45449936246	3754.25	
31.332384	4.18124807591219E-03	8.30251333209375E-07	0	11.30726758722	3803.05078125	
31.33648	4.18291068165094E-03	7.23361536253125E-07	0	11.30568830556	3803.05078125	
31.340576	4.18188298210719E-03	6.94243776909375E-07	0	11.26931142172	3803.05078125	
31.344672	4.18180883047641E-03	7.0882092579375E-07	0	11.13651061875	3803.05078125	
31.348768	4.18319320759313E-03	6.43562096821875E-07	0	11.11556415596	3803.05078125	
31.352864	4.18056873359812E-03	6.8616517921875E-07	0	11.07140148983	3803.05078125	
31.35696	4.18238723148297E-03	6.7769884153125E-07	0	10.93998541933	3849.609375	
31.361056	4.18400594969672E-03	5.96466951609375E-07	0	10.9008199971	3849.609375	
31.365152	4.18333821929031E-03	5.88184748353125E-07	0	10.91108914258	3849.609375	
31.369248	0.00418266838594	6.30434225334375E-07	0	10.80107348298	3849.609375	
31.373344	4.18452245100656E-03	5.8541431843125E-07	0	10.7523522623	3849.609375	
31.37744	4.18160795361719E-03	6.28330381284375E-07	0	10.72963196866	3897.51171875	
31.381536	4.18237552814297E-03	6.6832865859375E-07	0	10.63643146258	3897.51171875	
31.385632	4.18525582983578E-03	5.76193414190625E-07	0	10.55380527718	3897.51171875	
31.389728	4.1864558793475E-03	5.12442997171875E-07	0	10.57654464427	3897.51171875	
31.393824	4.18546392985016E-03	5.3663263644375E-07	0	10.49641708082	3942.1328125	
31.39792	4.18607277782719E-03	5.51113150809375E-07	0	10.39466022507	3942.1328125	
31.402016	4.18286459974969E-03	6.08140978396875E-07	0	10.39844439755	3942.1328125	
31.406112	4.18108560063734E-03	7.2189975886875E-07	0	10.31529178493	3942.1328125	
31.410208	4.18286203964406E-03	6.73351009340625E-07	0	10.20233881403	3942.1328125	
31.414304	4.18270742755078E-03	6.44759691778125E-07	0	10.23054463189	3989.375	
31.4184	4.18090730756703E-03	6.78251244825E-07	0	10.18334165783	3989.375	
31.422496	4.18158939285141E-03	6.9184930815E-07	0	10.06962956362	3989.375	
31.426592	4.18148826867922E-03	6.48222188315625E-07	0	10.08383546918	3989.375	
31.430688	4.17905177958297E-03	7.22129806715625E-07	0	10.03052517643	3989.375	
31.434784	4.18059991202734E-03	6.963791113125E-07	0	9.92377870616	4036.734375	
31.43888	4.18072023699172E-03	6.6072097389375E-07	0	9.91702289017	4036.734375	
31.442976	4.17909831864594E-03	6.821541255375E-07	0	9.90780278444	4036.734375	
31.447072	4.17794480819719E-03	7.363156098375E-07	0	9.79884379397	4036.734375	
31.451168	4.17858949765297E-03	7.05635832825E-07	0	9.77182053001	4082.9765625	
31.455264	4.17549094695562E-03	7.6311606380625E-07	0	9.75411273903	4082.9765625	
31.45936	4.17767499135078E-03	7.48238915221875E-07	0	9.64854882266	4082.9765625	
31.463456	4.17961536854984E-03	6.45611614003125E-07	0	9.57914816749	4082.9765625	
31.467552	4.17945947640375E-03	6.191945731125E-07	0	9.61562804796	4082.9765625	
31.471648	4.17797900389375E-03	6.6474885448125E-07	0	9.5289048855	4128.93359375	
31.475744	4.17905177958297E-03	6.56398622446875E-07	0	9.46475705846	4128.93359375	
31.47984	4.17600525388922E-03	6.98208196021875E-07	0	9.47607524369	4128.93359375	
31.483936	4.17602125454937E-03	7.566300126E-07	0	9.39837763777	4128.93359375	
31.488032	4.17844256587656E-03	6.721695201375E-07	0	9.3071188089	4174.03515625	
31.492128	4.17954450848344E-03	6.12294820396875E-07	0	9.34243902361	4174.0390625	
31.496224	4.17883014758172E-03	6.17718372665625E-07	0	9.30265180691	4174.0390625	
31.50032	4.18032140910828E-03	6.10054438021875E-07	0	9.19278492022	4174.0390625	
31.504416	4.18016935712062E-03	5.79043892109375E-07	0	9.20981369638	4174.0390625	
31.508512	4.1790622943025E-03	6.44484211284375E-07	0	9.15259716107	4221.65625	
31.512608	4.18234690981938E-03	5.7564798204375E-07	0	9.04197878045	4221.65625	
31.516704	4.18321414559984E-03	5.25175676746875E-07	0	9.04343217734	4221.65625	
31.5208	4.18262843000578E-03	5.3635186749375E-07	0	9.05291168199	4221.65625	
31.524896	4.18258563966891E-03	5.7649125043125E-07	0	8.92968193623	4221.65625	
31.528992	4.18365850679047E-03	5.4189416964375E-07	0	8.93651023133	4221.65625	
31.533088	4.18103394136313E-03	6.137388093375E-07	0	8.9121839532	4268.05859375	
31.537184	4.18363409435469E-03	5.9738642184375E-07	0	8.82454907983	4268.05859375	
31.54128	4.18577068536344E-03	5.15741070796875E-07	0	8.77652976211	4268.05859375	
31.545376	4.18692940745578E-03	4.716389514375E-07	0	8.80748978615	4268.05859375	
31.549472	4.18628709524094E-03	4.994331544125E-07	0	8.73210769706	4268.05859375	
31.553568	4.1883079329025E-03	4.805139425625E-07	0	8.67144268199	4314.1171875	
31.557664	4.18647361722219E-03	5.0272642035E-07	0	8.68918480518	4314.1171875	
31.56176	4.18756467938016E-03	5.4589224256875E-07	0	8.61427573765	4314.1171875	
31.565856	4.19046317610937E-03	4.5857694526875E-07	0	8.51607035829	4314.1171875	
31.569952	4.19170885036062E-03	4.21044530878125E-07	0	8.56118669692	4358.5	
31.574048	4.19175154926516E-03	4.24382989078125E-07	0	8.5205678778	4358.5	
31.578144	4.19411992126531E-03	4.117765113E-07	0	8.41995542905	4358.5	
31.58224	4.19480822394906E-03	3.66989777240625E-07	0	8.44487679882	4358.5	
31.586336	4.19432692409156E-03	4.2780966834375E-07	0	8.39967653701	4358.5	
31.590432	4.19759517321891E-03	3.71726791734375E-07	0	8.29151100206	4358.5	
31.594528	4.19903870706203E-03	3.29672987634375E-07	0	8.30273382004	4405.94140625	
31.598624	4.19863293032047E-03	3.41048457028125E-07	0	8.31829394055	4405.94140625	
31.60272	4.1980509634525E-03	4.057005558375E-07	0	8.22434194054	4405.94140625	
31.606816	4.19903459260656E-03	3.95706094678125E-07	0	8.2049785741	4405.94140625	
31.610912	4.19639100925172E-03	4.70458904540625E-07	0	8.19852030393	4405.94140625	
31.615008	4.19901072876484E-03	4.64570689275E-07	0	8.10514432211	4452.12109375	
31.619104	4.20068183771156E-03	3.92518117096875E-07	0	8.05206291076	4452.12109375	
31.6232	4.20124423805797E-03	3.73402270828125E-07	0	8.0981291072	4452.12109375	
31.627296	4.20000889566156E-03	4.1665294873125E-07	0	8.03236766629	4452.12109375	
31.631392	4.20152648970313E-03	4.13598384478125E-07	0	7.96625145921	4452.12109375	
31.635488	4.19879613705406E-03	4.52756518396875E-07	0	7.98397069426	4499.0625	
31.639584	4.19877026170078E-03	5.209965943875E-07	0	7.92351930183	4499.0625	
31.64368	4.20067708322969E-03	4.5962502114375E-07	0	7.83398471284	4499.0625	
31.647776	4.20154998781547E-03	4.23884912653125E-07	0	7.87625910742	4499.0625	
31.651872	4.20077939602234E-03	4.306370693625E-07	0	7.85164672754	4543.1015625	
31.655968	4.20222923869719E-03	4.32606057778125E-07	0	7.75731707322	4543.1015625	
31.660064	4.20299013866187E-03	3.8077894614375E-07	0	7.78533978596	4543.1015625	
31.66416	4.20224743373359E-03	4.2603274704375E-07	0	7.75060321882	4543.1015625	
31.668256	4.20616421247516E-03	3.4986503475E-07	0	7.6514289082	4543.1015625	
31.672352	4.20789146088094E-03	2.83092745753125E-07	0	7.63870691705	4589.5625	
31.676448	4.20876198822578E-03	2.619910841625E-07	0	7.67155902733	4589.5625	
31.680544	4.20977880732063E-03	2.75417272659375E-07	0	7.57590949027	4589.5625	
31.68464	4.21314891207891E-03	2.04632728059375E-07	0	7.5625466312	4589.5625	
31.688736	4.21235500503812E-03	2.22790882978125E-07	0	7.55694285159	4589.5625	
31.692832	4.21664126188078E-03	1.87073611003125E-07	0	7.48308282381	4636.76171875	
31.696928	4.22074181963328E-03	7.591867408125E-08	0	7.4227763896	4636.76171875	
31.701024	4.22382354677938E-03	8.32691475E-09	0	7.47360331916	4636.76171875	
31.70512	4.22487236719453E-03	1.0256480128125E-08	0	7.42121999608	4636.76171875	
31.709216	4.22850405988828E-03	-1.5478830675E-08	0	7.34657795685	4636.76171875	
31.713312	4.22872761196875E-03	-2.171392059375E-08	0	7.38209653544	4682.60546875	
31.717408	4.23032722082266E-03	2.658314649375E-08	0	7.31854761473	4682.60546875	
31.721504	4.23428624130703E-03	-4.1838660084375E-08	0	7.22791058033	4682.60546875	
31.7256	4.23578152585672E-03	-6.0717487359375E-08	0	7.26676701267	4682.60546875	
31.729696	4.23569777382984E-03	-2.8043000803125E-08	0	7.26809452479	4728.203125	
31.733792	4.23727214735688E-03	7.260810046875E-09	0	7.16806190892	4728.203125	
31.737888	4.23865954174094E-03	-2.0276662415625E-08	0	7.18759312172	4728.203125	
31.741984	4.23733560140344E-03	5.371581166875E-08	0	7.15116664691	4728.203125	
31.74608	4.24034134827187E-03	3.5367031940625E-08	0	7.06467999523	4728.203125	
31.750176	4.24143515340016E-03	9.585807721875E-09	0	7.05362502361	4773.2421875	
31.754272	4.24125795751797E-03	2.403411058125E-08	0	7.09180244113	4773.2421875	
31.758368	4.23998156199922E-03	9.2899185946875E-08	0	7.00398827733	4773.2421875	
31.762464	4.24127834693063E-03	9.5371298859375E-08	0	6.98537259013	4773.2421875	
31.76656	4.23865826168813E-03	1.4764648696875E-07	0	7.0023594047	4773.2421875	
31.770656	4.24065688129016E-03	1.66188054965625E-07	0	6.92846123002	4773.2421875	
31.774752	4.24302534472266E-03	8.7472749065625E-08	0	6.85328513419	4820.5625	
31.778848	4.24413213324375E-03	5.5368935015625E-08	0	6.91526240262	4820.5625	
31.782944	4.24349814137219E-03	7.10066597625E-08	0	6.87276294133	4820.5625	
31.78704	4.24585801016438E-03	6.168214985625E-08	0	6.79136508611	4867.08203125	
31.791136	4.24568200290266E-03	3.3907418015625E-08	0	6.82622753802	4867.0859375	
31.795232	4.24616696005391E-03	7.3171801828125E-08	0	6.77906271086	4867.0859375	
31.799328	4.25002814793047E-03	-3.822832715625E-09	0	6.68480553565	4867.0859375	
31.803424	4.25265966221594E-03	-6.841675850625E-08	0	6.71856554215	4867.0859375	
31.80752	4.25418667378891E-03	-1.04131867021875E-07	0	6.72628266002	4913.00390625	
31.811616	4.25701367042531E-03	-1.21190023040625E-07	0	6.62706257312	4913.00390625	
31.815712	4.26105031696953E-03	-2.0774258071875E-07	0	6.64038728529	4913.00390625	
31.819808	4.26184943565391E-03	-2.05502438728125E-07	0	6.63012576919	4913.00390625	
31.823904	4.26778577200422E-03	-2.767276078875E-07	0	6.53922552118	4913.00390625	
31.828	4.27170401366328E-03	-3.64490260509375E-07	0	6.51937387442	4957.20703125	
31.832096	4.27477641471031E-03	-4.0614911308125E-07	0	6.5745419212	4957.20703125	
31.836192	4.27631805545828E-03	-3.901226868E-07	0	6.50195599988	4957.20703125	
31.840288	4.28119011932734E-03	-4.33610383696875E-07	0	6.45909414304	4957.20703125	
31.844384	4.28163612630016E-03	-4.32457981003125E-07	0	6.47747331946	4957.20703125	
31.84848	4.2859254918425E-03	-4.30824328790625E-07	0	6.41401595131	5004.74609375	
31.852576	4.2905219786275E-03	-5.12079055228125E-07	0	6.34090360277	5004.74609375	
31.856672	4.29381317727312E-03	-5.4960089270625E-07	0	6.39655992987	5004.74609375	
31.860768	4.29458660346891E-03	-5.3060283478125E-07	0	6.37872243943	5004.74609375	
31.864864	4.29762782608672E-03	-5.10205499409375E-07	0	6.28702492121	5004.74609375	
31.86896	4.29867554931375E-03	-5.19243951909375E-07	0	6.32093370062	5004.74609375	
31.873056	4.29862681587453E-03	-4.4069811699375E-07	0	6.28461785182	5050.6875	
31.877152	4.30238431947328E-03	-4.6833847396875E-07	0	6.19605219409	5050.6875	
31.881248	4.30360347834484E-03	-4.755081783375E-07	0	6.21122321622	5050.6875	
31.885344	4.30363182237141E-03	-4.47641138896875E-07	0	6.2504077119	5050.6875	
31.88944	4.30394141228734E-03	-3.91395041296875E-07	0	6.1505772746	5097.66796875	
31.893536	0.0043061269196	-4.130640100125E-07	0	6.16153306428	5097.66796875	
31.897632	4.30447446285141E-03	-3.6104915818125E-07	0	6.15148517082	5097.66796875	
31.901728	4.30721990183719E-03	-3.60761418084375E-07	0	6.08063493345	5097.66796875	
31.905824	4.30843238614766E-03	-3.910313397375E-07	0	6.03819269251	5097.66796875	
31.90992	4.30888141038781E-03	-3.876351892875E-07	0	6.09333403646	5141.38671875	
31.914016	4.30750425642625E-03	-3.353910107625E-07	0	6.04078668171	5141.38671875	
31.918112	4.30922793897062E-03	-3.27757124165625E-07	0	5.9789925184	5141.38671875	
31.922208	4.30755536710641E-03	-3.10840794928125E-07	0	6.02080533549	5141.38671875	
31.926304	4.30850690350781E-03	-2.7138867091875E-07	0	5.96623619504	5141.38671875	
31.9304	4.31169140060828E-03	-3.45584510184375E-07	0	5.87587763301	5188.0078125	
31.934496	4.3133493432975E-03	-3.897611487E-07	0	5.93867505979	5188.0078125	
31.938592	4.31344754163469E-03	-3.95299364315625E-07	0	5.93290724851	5188.0078125	
31.942688	4.31552799318437E-03	-3.95234941303125E-07	0	5.83698305377	5188.0078125	
31.946784	4.31725414440203E-03	-4.4666830333125E-07	0	5.87166240056	5234.98828125	
31.95088	4.31745346691141E-03	-4.20583473646875E-07	0	5.8412059156	5234.98828125	
31.954976	4.32181469827594E-03	-4.83727160503125E-07	0	5.75699281916	5234.98828125	
31.959072	4.32458912131469E-03	-5.48341999734375E-07	0	5.76687286626	5234.98828125	
31.963168	4.32647994218344E-03	-5.81741004796875E-07	0	5.80482903176	5234.98828125	
31.967264	4.32846576125734E-03	-5.81932110375E-07	0	5.72693306196	5234.98828125	
31.97136	4.33297502158641E-03	-6.5163059836875E-07	0	5.70273648329	5281.1484375	
31.975456	4.33349417443422E-03	-6.599378016E-07	0	5.72186715364	5281.1484375	
31.979552	4.3378853956075E-03	-6.82945230515625E-07	0	5.64850303556	5281.1484375	
31.983648	4.34191363037609E-03	-7.6192279576875E-07	0	5.59255297733	5281.1484375	
31.987744	4.34451140612672E-03	-7.9388910995625E-07	0	5.66243809813	5281.1484375	
31.99184	4.34536593281141E-03	-7.73410524665625E-07	0	5.63387369941	5326.2265625	
31.995936	4.34895364654781E-03	-7.8139537245E-07	0	5.55803766221	5326.2265625	
32.000032	4.34983642582672E-03	-7.924963228875E-07	0	5.5960357893	5326.2265625	
32.004128	4.35192967790453E-03	-7.60937940984375E-07	0	5.5511750349	5326.2265625	
32.008224	4.35639404495281E-03	-8.244982139625E-07	0	5.4706850759	5371.70703125	
32.01232	4.35918227427547E-03	-8.649616350375E-07	0	5.51155566456	5371.70703125	
32.016416	4.36003616093375E-03	-8.57568613584375E-07	0	5.51583574674	5371.70703125	
32.020512	4.36221563371172E-03	-8.34683540315625E-07	0	5.42692676691	5371.70703125	
32.024608	4.36433000666094E-03	-8.59216208090625E-07	0	5.45156966431	5371.70703125	
32.028704	4.36384184937766E-03	-8.05981886325E-07	0	5.44352829779	5371.70703125	
32.0328	4.36742746017016E-03	-8.19775862915625E-07	0	5.36259202006	5418.66796875	
32.036896	4.36925500985703E-03	-8.514193408875E-07	0	5.35209017849	5418.66796875	
32.040992	4.36986833801891E-03	-8.39684496853125E-07	0	5.40659446921	5418.66796875	
32.045088	4.37048870647125E-03	-8.02286938096875E-07	0	5.33504995826	5418.66796875	
32.049184	4.37418677904656E-03	-8.4400444445625E-07	0	5.31243266125	5465.1484375	
32.05328	4.37404679612828E-03	-8.44106607815625E-07	0	5.33190283901	5465.1484375	
32.057376	4.3771442496375E-03	-8.456251159125E-07	0	5.26920077948	5465.1484375	
32.061472	4.3807664333675E-03	-9.15335382740625E-07	0	5.21412428526	5465.1484375	
32.065568	4.38316982395531E-03	-9.57204090871875E-07	0	5.27890153615	5465.1484375	
32.069664	4.38366383290859E-03	-9.44171411596875E-07	0	5.25203085979	5510.98828125	
32.07376	4.38689066318422E-03	-9.54966593109375E-07	0	5.17197959014	5510.98828125	
32.077856	4.38811037064984E-03	-9.83373295471875E-07	0	5.21684034454	5510.98828125	
32.081952	4.38969013868516E-03	-9.5597260171875E-07	0	5.17902532257	5510.98828125	
32.086048	4.39499166027281E-03	-1.03794824089687E-06	0	5.09304983935	5510.98828125	
32.090144	4.3984823642925E-03	-1.10863759328437E-06	0	5.12621475421	5555.2890625	
32.09424	4.40039549465312E-03	-1.13196184880625E-06	0	5.15611429443	5555.2890625	
32.098336	4.40323419462953E-03	-1.12850271765E-06	0	5.07404505377	5555.2890625	
32.102432	4.40737553120734E-03	-1.1925064998E-06	0	5.08667930705	5555.2890625	
32.106528	4.40817108403031E-03	-1.17791276439375E-06	0	5.08042321545	5602.80859375	
32.110624	4.41293809213641E-03	-1.20912499279687E-06	0	5.01138495583	5602.80859375	
32.11472	4.41675923264641E-03	-1.27601939705625E-06	0	4.98406033136	5602.80859375	
32.118816	4.41935490545313E-03	-1.30390494609375E-06	0	5.0492381247	5602.80859375	
32.122912	4.42143864856719E-03	-1.29301769736562E-06	0	4.98448757664	5602.80859375	
32.127008	4.42659369554016E-03	-1.34782701755625E-06	0	4.9423886578	5648.6484375	
32.131104	4.42835989412438E-03	-1.375839008775E-06	0	4.98579983	5648.6484375	
32.1352	4.43234725863531E-03	-1.37924789959687E-06	0	4.92641655077	5648.6484375	
32.139296	4.43767191260594E-03	-1.46525286166875E-06	0	4.84620887883	5648.6484375	
32.143392	4.44123512247422E-03	-1.5125802181875E-06	0	4.91472834061	5648.6484375	
32.147488	4.44298394891313E-03	-1.50656219535937E-06	0	4.90538235011	5695.5703125	
32.151584	4.44695887862531E-03	-1.51212228595312E-06	0	4.81930387026	5695.5703125	
32.15568	4.44960639357094E-03	-1.5507753723E-06	0	4.86332920755	5695.5703125	
32.159776	4.45089357810625E-03	-1.50661604145937E-06	0	4.83846124344	5695.5703125	
32.163872	4.45596843891375E-03	-1.55377849429687E-06	0	4.75065089433	5695.5703125	
32.167968	4.45986629116016E-03	-1.61306016578437E-06	0	4.77981038469	5739.34765625	
32.172064	4.46205380998438E-03	-1.62997913925E-06	0	4.81614912163	5739.34765625	
32.17616	4.46431392608953E-03	-1.61058156249375E-06	0	4.73443464714	5739.34765625	
32.180256	4.46812875776781E-03	-1.65208464599062E-06	0	4.7273927294	5739.34765625	
32.184352	0.0044684522454	-1.62555943213125E-06	0	4.75148249675	5739.34765625	
32.188448	4.47231087317094E-03	-1.62765558388125E-06	0	4.6736437473	5739.34765625	
32.192544	4.47566269146047E-03	-1.68358918179375E-06	0	4.63180041269	5786.30859375	
32.19664	4.47735281833469E-03	-1.68816585990937E-06	0	4.70363484008	5786.30859375	
32.200736	4.47822380284125E-03	-1.65469762414687E-06	0	4.66614788145	5786.30859375	
32.204832	4.48226191230297E-03	-1.6838165854125E-06	0	4.60369377677	5786.30859375	
32.208928	4.48361236802016E-03	-1.71327496941562E-06	0	4.6452243068	5786.30859375	
32.213024	4.48582621935938E-03	-1.69396681564687E-06	0	4.60154229161	5832.76953125	
32.21712	4.49016706131125E-03	-1.76040232613437E-06	0	4.52458092086	5832.76953125	
32.221216	4.49306171788203E-03	-1.80909987359062E-06	0	4.57815061253	5832.76953125	
32.225312	4.4942186113275E-03	-1.80613833809062E-06	0	4.59279520744	5832.76953125	
32.229408	4.49685213712453E-03	-1.80127968910312E-06	0	4.50010968451	5832.76953125	
32.233504	4.49921191448437E-03	-1.838057777325E-06	0	4.53704732778	5879.109375	
32.2376	4.49971433521328E-03	-1.80030637276875E-06	0	4.52842994307	5879.109375	
32.241696	4.50452020206547E-03	-1.84873108395937E-06	0	4.44228661349	5879.109375	
32.245792	4.50848105119672E-03	-1.93826753288437E-06	0	4.43762506231	5879.109375	
32.249888	4.5105857323175E-03	-1.970549952525E-06	0	4.50284481724	5879.109375	
32.253984	4.51299945476016E-03	-1.967261494275E-06	0	4.42133633601	5923.5078125	
32.25808	4.51747470225734E-03	-2.03358017795625E-06	0	4.41269224847	5923.5078125	
32.262176	4.51857070176187E-03	-2.04077872845E-06	0	4.43211664995	5923.5078125	
32.266272	4.52191904562234E-03	-2.04376790815312E-06	0	4.37894750073	5923.5078125	
32.270368	4.52605114753344E-03	-2.11533995196562E-06	0	4.32167374507	5969.66796875	
32.274464	4.52858309199656E-03	-2.15249760711562E-06	0	4.39369509227	5969.66796875	
32.27856	4.5298903916475E-03	-2.13181205087812E-06	0	4.36517646983	5969.66796875	
32.282656	4.53366755320016E-03	-2.15395193258438E-06	0	4.29743139012	5969.66796875	
32.286752	4.53541820828594E-03	-2.1852526224375E-06	0	4.34594661754	5969.66796875	
32.290848	0.00453703966947	-2.15666491064063E-06	0	4.31467378892	5969.66796875	
32.294944	4.54150138498031E-03	-2.22143744202187E-06	0	4.22059208945	6016.46875	
32.29904	4.54403177509359E-03	-2.26889124072187E-06	0	4.27106043815	6016.46875	
32.303136	4.54441798531359E-03	-2.24153069115937E-06	0	4.29999867649	6016.46875	
32.307232	4.54611277523734E-03	-2.20924057921875E-06	0	4.20861777754	6016.46875	
32.311328	4.54804949514266E-03	-2.23800377160937E-06	0	4.23165469045	6016.46875	
32.315424	4.54705827710406E-03	-2.17697234225625E-06	0	4.22796207053	6063.08984375	
32.31952	4.54950290367891E-03	-2.1701468683125E-06	0	4.15270586621	6063.08984375	
32.323616	4.55207516980563E-03	-2.22676964822812E-06	0	4.14665576787	6063.08984375	
32.327712	0.004552631444185	-2.2385217999375E-06	0	4.2080226859	6063.08984375	
32.331808	4.55266326264062E-03	-2.19689323579687E-06	0	4.15331621661	6108.25	
32.335904	4.55473191941797E-03	-2.2161391300125E-06	0	4.1168897418	6108.25	
32.34	4.55373338679188E-03	-2.19379251774375E-06	0	4.15509004746	6108.25	
32.344096	4.55446255973328E-03	-2.151630540675E-06	0	4.09291060046	6108.25	
32.348192	4.55666297051797E-03	-2.20135765440938E-06	0	4.02311321753	6108.25	
32.352288	4.5565359709925E-03	-2.20420596886875E-06	0	4.1015928349	6153.23046875	
32.356384	4.55511584382937E-03	-2.14462357652812E-06	0	4.08649047719	6153.23046875	
32.36048	4.55636170094531E-03	-2.13653800769063E-06	0	4.00743484163	6153.23046875	
32.364576	4.55639891390922E-03	-2.16199327069687E-06	0	4.05759801513	6153.23046875	
32.368672	4.55592648298906E-03	-2.12216302206562E-06	0	4.02718349176	6153.23046875	
32.372768	4.55872120400812E-03	-2.18109036698437E-06	0	3.94430553682	6200.58984375	
32.376864	4.56047972227547E-03	-2.25629413793437E-06	0	3.97084052046	6200.58984375	
32.38096	4.56008720322375E-03	-2.2575910116375E-06	0	4.01526258551	6200.58984375	
32.385056	4.56054006762234E-03	-2.23238839260937E-06	0	3.92983260296	6200.58984375	
32.389152	4.56196696077891E-03	-2.27060902746562E-06	0	3.94226467767	6200.58984375	
32.393248	4.56086584106313E-03	-2.23948502012812E-06	0	3.96337517213	6246.44921875	
32.397344	4.56347431439797E-03	-2.26764364581562E-06	0	3.88747047051	6246.44921875	
32.40144	4.56641185273797E-03	-2.37317695374375E-06	0	3.85139113249	6246.44921875	
32.405536	4.56751269815672E-03	-2.41561128630937E-06	0	3.93462003891	6246.44921875	
32.409632	4.56829362180469E-03	-2.40691730461875E-06	0	3.87576700159	6246.44921875	
32.413728	4.57161206728875E-03	-2.46966147264375E-06	0	3.82664142377	6293.2265625	
32.417824	4.57187429525063E-03	-2.49866312633437E-06	0	3.87159754542	6293.2265625	
32.42192	4.57305889269625E-03	-2.47622901415312E-06	0	3.81917226075	6293.2265625	
32.426016	4.57613376241656E-03	-2.54396716756875E-06	0	3.74901629696	6293.2265625	
32.430112	4.57767028295328E-03	-0.000002586689721	0	3.81616628503	6293.2265625	
32.434208	4.57732613161141E-03	-2.55622508800312E-06	0	3.82618747566	6336.91015625	
32.438304	4.57892043738937E-03	-2.54755658705625E-06	0	3.73415807941	6336.91015625	
32.4424	4.57975567184953E-03	-2.577303191925E-06	0	3.78508037622	6336.91015625	
32.446496	4.57925270252656E-03	-2.52502656150937E-06	0	3.76419494847	6336.91015625	
32.450592	4.58256099902047E-03	-2.58100847668125E-06	0	3.6740042328	6384.2265625	
32.454688	4.58435938178969E-03	-2.65613268040312E-06	0	3.69206678995	6384.2265625	
32.458784	4.58384928074391E-03	-2.63887019766562E-06	0	3.75682878208	6384.2265625	
32.46288	4.58338873602844E-03	-2.57620583725312E-06	0	3.66607349229	6384.2265625	
32.466976	4.58435727884578E-03	-2.58600943321875E-06	0	3.6762930468	6384.2265625	
32.471072	4.58232437211484E-03	-2.53115347845937E-06	0	3.68462814445	6384.2265625	
32.475168	4.58303059553797E-03	-2.5059282633E-06	0	3.6266639299	6430.62890625	
32.479264	4.58439979488562E-03	-2.56307700422812E-06	0	3.58396610473	6430.62890625	
32.48336	4.58390953465844E-03	-2.56910247897188E-06	0	3.66006917023	6430.62890625	
32.487456	4.58252808337672E-03	-2.51395734180937E-06	0	3.62090756269	6430.62890625	
32.491552	4.5834565788275E-03	-2.52765949156875E-06	0	3.56725394784	6477.2265625	
32.495648	4.58172503310156E-03	-2.5183330585875E-06	0	3.61781766379	6477.2265625	
32.499744	4.58034879346344E-03	-2.4449667858E-06	0	3.57664571462	6477.2265625	
32.50384	4.58155012302797E-03	-2.48861914599375E-06	0	3.49845601369	6477.2265625	
32.507936	4.58094593810047E-03	-2.5115099884875E-06	0	3.56305397415	6477.2265625	
32.512032	4.57867521584344E-03	-2.46104922164063E-06	0	3.57410513108	6521.66796875	
32.516128	4.57834057346531E-03	-2.43089396333437E-06	0	3.49342443758	6521.66796875	
32.520224	4.57820123057344E-03	-2.47003767419062E-06	0	3.5246209724	6521.66796875	
32.52432	4.57660189601656E-03	-2.430064877625E-06	0	3.51916215101	6521.66796875	
32.528416	4.57893460940266E-03	-2.49947105821875E-06	0	3.4361201644	6521.66796875	
32.532512	4.58091018805406E-03	-2.61909040975312E-06	0	3.4482890255	6568.20703125	
32.536608	4.58030783177344E-03	-2.64029279239687E-06	0	3.50878619421	6568.20703125	
32.540704	4.57957436151187E-03	-2.59481423210625E-06	0	3.43909180791	6568.20703125	
32.5448	4.58056192225672E-03	-2.6247444906375E-06	0	3.419106647	6568.20703125	
32.548896	4.57877615715094E-03	-2.5943906748375E-06	0	3.45888623432	6568.20703125	
32.552992	4.57988815731562E-03	-2.59352841608437E-06	0	3.39358255621	6614.74609375	
32.557088	4.58207009876687E-03	-2.69512254525937E-06	0	3.34283954983	6614.74609375	
32.561184	4.58226978700562E-03	-2.73108789390938E-06	0	3.4245998006	6614.74609375	
32.56528	4.58132017068344E-03	-2.68974562755937E-06	0	3.40728873738	6614.74609375	
32.569376	4.58318795060156E-03	-2.72494727505E-06	0	3.33384451081	6661.66796875	
32.573472	4.58280164894922E-03	-2.75899651984687E-06	0	3.38124203406	6661.66796875	
32.577568	4.58191420662078E-03	-2.69689610117812E-06	0	3.34854632607	6661.66796875	
32.581664	4.58382861703422E-03	-2.74762441583437E-06	0	3.27145907055	6661.66796875	
32.58576	4.58421921600672E-03	-2.786106829275E-06	0	3.31762063424	6661.66796875	
32.589856	4.58258897731766E-03	-2.73572851426875E-06	0	3.34896975666	6706.40625	
32.593952	4.58217424020641E-03	-2.684210777325E-06	0	3.26348255376	6706.40625	
32.598048	4.58221099600859E-03	-2.7100617130125E-06	0	3.29309599223	6706.40625	
32.602144	4.57991357550719E-03	-2.64298413585937E-06	0	3.29778806093	6706.40625	
32.60624	4.58141946620875E-03	-2.66486921012812E-06	0	3.22247463626	6706.40625	
32.610336	4.5825788283275E-03	-2.75081575879687E-06	0	3.20358810607	6706.40625	
32.614432	4.58111545366578E-03	-2.73570062968125E-06	0	3.28514617827	6751.8671875	
32.618528	4.57932987142469E-03	-2.6603502242625E-06	0	3.22158962818	6751.8671875	
32.622624	4.57966122223844E-03	-2.67461343115312E-06	0	3.19595491138	6751.8671875	
32.62672	4.57704141129297E-03	-2.63157693572813E-06	0	3.23172525951	6751.8671875	
32.630816	4.57647325070891E-03	-2.58306688808437E-06	0	3.18727267694	6799.20703125	
32.634912	4.57772276511859E-03	-2.66277834683437E-06	0	3.12469268749	6799.20703125	
32.639008	4.57733326333422E-03	-2.70432253605938E-06	0	3.19405901045	6799.20703125	
32.643104	0.004575581693925	-2.6628357987E-06	0	3.18584216819	6799.20703125	
32.6472	4.57620891980313E-03	-2.67300261545625E-06	0	3.10861376914	6799.20703125	
32.651296	4.57544683121797E-03	-2.70472373758125E-06	0	3.15525979846	6844.8671875	
32.655392	4.57371510262734E-03	-2.63992596584062E-06	0	3.1330430439	6844.8671875	
32.659488	4.57518368893266E-03	-2.69960523308437E-06	0	3.04986372845	6844.8671875	
32.663584	4.57499396681937E-03	-2.7483443670375E-06	0	3.08470329222	6844.8671875	
32.66768	0.00457307425333	-2.7036944116875E-06	0	3.14098522848	6844.8671875	
32.671776	4.57222932704141E-03	-2.65513075832812E-06	0	3.05767239888	6891.40625	
32.675872	4.57234224598594E-03	-2.69534321811562E-06	0	3.07350336238	6891.40625	
32.679968	4.56973358978641E-03	-2.63814952530937E-06	0	3.077691892	6891.40625	
32.684064	4.57048909524281E-03	-2.64869903399062E-06	0	3.01579854675	6891.40625	
32.68816	4.57177499972531E-03	-2.74695734919375E-06	0	2.98823359681	6891.40625	
32.692256	4.57081523441297E-03	-2.76297343894687E-06	0	3.05867947704	6891.40625	
32.696352	4.56853875191828E-03	-2.6807790499875E-06	0	3.02293964643	6935.484375	
32.700448	4.56834244667625E-03	-2.67387304727812E-06	0	2.9699268995	6935.484375	
32.704544	4.56575692285969E-03	-2.63870096706562E-06	0	3.01835057436	6935.484375	
32.70864	4.56443673124828E-03	-2.57257795626562E-06	0	2.97601514474	6935.484375	
32.712736	4.56527516584047E-03	-2.6440521636375E-06	0	2.9018728299	6982.84375	
32.716832	4.56411315218375E-03	-2.66023051284375E-06	0	2.96655852823	6982.84375	
32.720928	4.56162847824234E-03	-2.5978156714125E-06	0	2.97788434284	6982.84375	
32.725024	4.56162326659875E-03	-2.59462192460625E-06	0	2.89773007656	6982.84375	
32.72912	4.56096595947953E-03	-2.646610814925E-06	0	2.94275486263	7029.18359375	
32.733216	4.5583207303425E-03	-2.5699666608E-06	0	2.92801108578	7029.18359375	
32.737312	4.55864577232453E-03	-2.58905005517812E-06	0	2.85643224262	7029.18359375	
32.741408	4.55835520033609E-03	-2.63611154657812E-06	0	2.87479616028	7029.18359375	
32.745504	4.55608191797344E-03	-2.60532023121562E-06	0	2.92063347532	7029.18359375	
32.7496	4.55409417882031E-03	-2.53444121555625E-06	0	2.85690144949	7075.34375	
32.753696	4.55358279772172E-03	-2.55530850238125E-06	0	2.84429008435	7075.34375	
32.757792	4.55046568625859E-03	-2.49522611054062E-06	0	2.8814260915	7075.34375	
32.761888	4.55077189317781E-03	-2.49389197725938E-06	0	2.81174314927	7075.34375	
32.765984	4.55212353751547E-03	-2.61883199655E-06	0	2.76524207817	7075.34375	
32.77008	4.55103439543672E-03	-2.64923605268438E-06	0	2.85280447243	7119.625	
32.774176	4.54858711732391E-03	-2.57502026151563E-06	0	2.82220684394	7119.625	
32.778272	4.54894242341172E-03	-2.58557746249687E-06	0	2.75857400005	7119.625	
32.782368	4.54731044750812E-03	-2.59629475947187E-06	0	2.81160963512	7119.625	
32.786464	4.54605197272875E-03	-2.53932125875312E-06	0	2.77490468794	7119.625	
32.79056	4.54739511385844E-03	-2.61928127494687E-06	0	2.70456561903	7166.72265625	
32.794656	4.54779129020391E-03	-2.6939848060125E-06	0	2.75532388417	7166.72265625	
32.798752	4.54669977088422E-03	-2.6854896222E-06	0	2.77788777552	7166.72265625	
32.802848	4.54721928946141E-03	-2.69129706831562E-06	0	2.69958363389	7166.72265625	
32.806944	4.54772792758969E-03	-2.75813498224687E-06	0	2.72907881697	7212.86328125	
32.81104	4.54578636177016E-03	-2.68998120424687E-06	0	2.73403791397	7212.86328125	
32.815136	4.54762003742406E-03	-2.7329616901125E-06	0	2.65212889029	7212.86328125	
32.819232	4.54880024611719E-03	-2.83273490764687E-06	0	2.6394984517	7212.86328125	
32.823328	4.54802197400719E-03	-2.82675823093125E-06	0	2.72055679951	7212.86328125	
32.827424	4.54750903855875E-03	-2.7787712596875E-06	0	2.6536509516	7259.86328125	
32.83152	4.54917621591469E-03	-2.84313345494063E-06	0	2.63459657505	7259.86328125	
32.835616	4.54815903109047E-03	-2.83613153886563E-06	0	2.66705577226	7259.86328125	
32.839712	4.54915902663406E-03	-2.82732048998437E-06	0	2.6236293413	7259.86328125	
32.843808	4.55184430313766E-03	-2.94591388100625E-06	0	2.55883301696	7259.86328125	
32.847904	4.55268612072656E-03	-3.00185493083437E-06	0	2.63351701778	7259.86328125	
32.852	4.55178212914391E-03	-2.95160618300625E-06	0	2.6237056351	7303.94140625	
32.856096	4.55294871441781E-03	-2.95228791309375E-06	0	2.54417316329	7303.94140625	
32.860192	4.55260602599344E-03	-2.96831073360937E-06	0	2.60107307933	7303.94140625	
32.864288	4.55166427285281E-03	-2.886145190775E-06	0	2.57720837869	7303.94140625	
32.868384	4.55388543877953E-03	-2.95625353412812E-06	0	2.48913863066	7350.1015625	
32.87248	4.55479034468563E-03	-3.02182125702188E-06	0	2.53214163103	7350.1015625	
32.876576	4.55410862513062E-03	-3.00105060471562E-06	0	2.57875332814	7350.1015625	
32.880672	4.55472177042781E-03	-2.98037826961875E-06	0	2.49086668523	7350.1015625	
32.884768	4.55632787097813E-03	-3.06199429377187E-06	0	2.50741481045	7350.1015625	
32.888864	4.55499789610594E-03	-3.01075323924375E-06	0	2.51526162778	7397.28125	
32.89296	4.55659256761328E-03	-3.02561452245937E-06	0	2.449412449	7397.28125	
32.897056	4.55837266391375E-03	-3.1223363007375E-06	0	2.42873301451	7397.28125	
32.901152	4.55832850209172E-03	-3.13540431651562E-06	0	2.50317287517	7397.28125	
32.905248	4.55752417176375E-03	-3.06848563343437E-06	0	2.45965870634	7397.28125	
32.909344	4.55901141026719E-03	-3.10000867883437E-06	0	2.41013640076	7443.0390625	
32.91344	4.55802970119234E-03	-3.08932599720937E-06	0	2.46385105065	7443.0390625	
32.917536	4.55862263994156E-03	-3.05993996890312E-06	0	2.41290205101	7443.0390625	
32.921632	4.56158422498797E-03	-3.19631435175937E-06	0	2.34144909262	7443.0390625	
32.925728	4.56258623204312E-03	-3.2646169276875E-06	0	2.40811842975	7443.0390625	
32.929824	4.56174825461266E-03	-3.21320664255937E-06	0	2.42400279891	7488.87890625	
32.93392	4.56297536809813E-03	-3.20588020757812E-06	0	2.3324159067	7488.87890625	
32.938016	4.56322250972328E-03	-3.25122126800625E-06	0	2.3825027864	7488.87890625	
32.942112	4.56180887425656E-03	-3.15689732386875E-06	0	2.36599280808	7488.87890625	
32.946208	4.56382952905344E-03	-3.20851193571562E-06	0	2.29002325673	7488.87890625	
32.950304	4.56524371311422E-03	-3.29162771798437E-06	0	2.30742587251	7533.66015625	
32.9544	4.56493723189797E-03	-3.2854553683875E-06	0	2.3582795049	7533.66015625	
32.958496	4.56521180322625E-03	-3.257664050025E-06	0	2.28597968533	7533.66015625	
32.962592	4.56687404323562E-03	-3.3323803214625E-06	0	2.28750556133	7533.66015625	
32.966688	4.56543727538594E-03	-3.28427796571875E-06	0	2.31204927679	7533.66015625	
32.970784	4.56671339660766E-03	-3.2742582642E-06	0	2.25163603126	7580.98046875	
32.97488	4.56858647960172E-03	-3.37969782222187E-06	0	2.20443687189	7580.98046875	
32.978976	4.56843744488141E-03	-3.38994252351562E-06	0	2.28825705526	7580.98046875	
32.983072	4.56752184139109E-03	-3.32140677474375E-06	0	2.25139952048	7580.98046875	
32.987168	4.56926243891906E-03	-3.36371178051562E-06	0	2.19551049729	7580.98046875	
32.991264	4.56878232768203E-03	-3.38116344575625E-06	0	2.24153091745	7627.33984375	
32.99536	4.56901767453484E-03	-3.34011276565312E-06	0	2.20674094465	7627.33984375	
32.999456	4.57198063106641E-03	-3.47133931711875E-06	0	2.13030981581	7627.33984375	
33.003552	4.57348643033562E-03	-3.56549475180937E-06	0	2.18782008225	7627.33984375	
33.007648	4.57302177116469E-03	-3.53199093915937E-06	0	2.20191154711	7627.33984375	
33.011744	4.57396791305781E-03	-3.51196427649375E-06	0	2.12240196344	7673.16015625	
33.01584	4.57474645946484E-03	-3.56305869655312E-06	0	2.1503026061	7673.16015625	
33.019936	4.57336765972109E-03	-3.47810541612187E-06	0	2.15052767281	7673.16015625	
33.024032	4.57560784357531E-03	-3.52803709695937E-06	0	2.07376085125	7673.16015625	
33.028128	4.57713394082484E-03	-3.62404301056875E-06	0	2.06885134522	7673.16015625	
33.032224	4.57700767275812E-03	-3.61413749162812E-06	0	2.14010593973	7717.19921875	
33.03632	4.57744956527547E-03	-3.58915578584062E-06	0	2.07944473935	7717.19921875	
33.040416	4.57973976262172E-03	-3.68715472630312E-06	0	2.06009663167	7717.19921875	
33.044512	0.00457874452156	-3.6596376865125E-06	0	2.0823248303	7717.19921875	
33.048608	4.57989300322984E-03	-3.63627400795312E-06	0	2.02707667503	7764.859375	
33.052704	4.5823593907025E-03	-3.74990802893437E-06	0	1.97325521382	7764.859375	
33.0568	4.58310474716875E-03	-3.78601881013125E-06	0	2.0442160772	7764.859375	
33.060896	4.58217789750016E-03	-3.71304292156875E-06	0	2.02503200119	7764.859375	
33.064992	4.58325963355906E-03	-3.708875137275E-06	0	1.95595940936	7764.859375	
33.069088	4.58323000947969E-03	-3.7327270365E-06	0	2.01065824927	7810.55859375	
33.073184	4.58328285737437E-03	-3.68211987556875E-06	0	1.9772301208	7810.55859375	
33.07728	4.58670434710984E-03	-3.8242730988E-06	0	1.89971562	7810.55859375	
33.081376	4.58828530376562E-03	-3.92750304364688E-06	0	1.94145977267	7810.55859375	
33.085472	4.58813910344797E-03	-3.90468792223125E-06	0	1.97188574011	7810.55859375	
33.089568	4.58927231591641E-03	-3.8877720737625E-06	0	1.88641761066	7857.71875	
33.093664	4.59101647930578E-03	-3.97191501846563E-06	0	1.90724581806	7857.71484375	
33.09776	4.58959671787203E-03	-3.88818914065312E-06	0	1.90761584299	7857.71484375	
33.101856	4.59128501609937E-03	-3.90104441625937E-06	0	1.845547022	7857.71484375	
33.105952	4.59317940282953E-03	-4.0051123410375E-06	0	1.82866320406	7857.71484375	
33.110048	4.59326900652641E-03	-4.0078027229625E-06	0	1.88763068208	7901.39453125	
33.114144	0.00459301674469	-3.948790281975E-06	0	1.84027130573	7901.39453125	
33.11824	4.59470019700312E-03	-4.00708998329062E-06	0	1.79705849741	7901.39453125	
33.122336	4.59363363871328E-03	-3.98500635152812E-06	0	1.83835251666	7901.39453125	
33.126432	4.59366500000719E-03	-3.91973333987812E-06	0	1.78464549615	7948.15625	
33.130528	4.59534506932359E-03	-4.01082435455625E-06	0	1.71162088548	7948.15625	
33.134624	0.00459464936062	-4.007309454225E-06	0	1.78755228993	7948.15625	
33.13872	4.59218516752359E-03	-3.87800766045E-06	0	1.78810541998	7948.15625	
33.142816	4.59182848995063E-03	-3.8244855985875E-06	0	1.70205745765	7948.15625	
33.146912	4.59030797007406E-03	-3.81461132961562E-06	0	1.74721575787	7948.15625	
33.151008	4.58771997758422E-03	-3.6865068904125E-06	0	1.71974998987	7995.1171875	
33.155104	4.58838149059125E-03	-3.74261548815E-06	0	1.64185783476	7995.1171875	
33.1592	4.58813078310469E-03	-3.81286517751562E-06	0	1.66246479014	7995.1171875	
33.163296	4.58538497838953E-03	-3.7349722265625E-06	0	1.70575770695	7995.1171875	
33.167392	4.58291886521391E-03	-3.60875961239062E-06	0	1.62628627018	7995.1171875	
33.171488	4.58177020067937E-03	-3.61946969783437E-06	0	1.62823176208	8041.015625	
33.175584	4.57756376427281E-03	-3.49508520683437E-06	0	1.64956732325	8041.015625	
33.17968	4.57625545886609E-03	-3.44545088146875E-06	0	1.57904514922	8041.015625	
33.183776	4.57551037669687E-03	-3.52059335440312E-06	0	1.52901930456	8041.015625	
33.187872	4.57299315284109E-03	-3.48956261620312E-06	0	1.61906124732	8041.015625	
33.191968	4.57017429368328E-03	-3.39879972619687E-06	0	1.56352317561	8086.21484375	
33.196064	4.57018471697047E-03	-3.46586792835937E-06	0	1.51300142125	8086.21484375	
33.20016	4.56756691753656E-03	-3.46930734799687E-06	0	1.55378045735	8086.21484375	
33.204256	4.56567326226516E-03	-3.39469227838125E-06	0	1.50983522855	8086.21484375	
33.208352	4.56639091473125E-03	-3.50772197304375E-06	0	1.43567765495	8086.21484375	
33.212448	4.56574229368469E-03	-3.57427479110625E-06	0	1.48782828194	8131.65234375	
33.216544	4.56303745065953E-03	-3.50053544176875E-06	0	1.49493504941	8131.65234375	
33.22064	4.56196229772938E-03	-3.460752308475E-06	0	1.40948599341	8131.65234375	
33.224736	4.56087882445594E-03	-3.50297125664062E-06	0	1.44076263672	8131.65234375	
33.228832	4.55815194623594E-03	-3.40241462642812E-06	0	1.43627274659	8178.734375	
33.232928	4.55951108802578E-03	-3.4977243868875E-06	0	1.34491092109	8178.734375	
33.237024	4.55975886967734E-03	-3.6151579233E-06	0	1.34936647901	8178.734375	
33.24112	4.55776829612156E-03	-3.57395075296875E-06	0	1.40837973331	8178.734375	
33.245216	4.55583422775422E-03	-3.47854051184062E-06	0	1.33306630864	8178.734375	
33.249312	4.55555014746219E-03	-3.51628157986875E-06	0	1.31170404464	8178.734375	
33.253408	4.55191872906547E-03	-3.40682351625E-06	0	1.33286794476	8225.234375	
33.257504	4.55039427759813E-03	-3.32184691853437E-06	0	1.27262636028	8225.234375	
33.2616	4.55006155529922E-03	-3.38956968735E-06	0	1.22456126628	8225.234375	
33.265696	0.00454794718235	-3.36628557601875E-06	0	1.28859083793	8225.234375	
33.269792	4.54507437810938E-03	-3.25763688659062E-06	0	1.26565310696	8225.234375	
33.273888	4.54474549596891E-03	-3.27528975355312E-06	0	1.18794024228	8270.85546875	
33.277984	4.54272520690141E-03	-3.29309430305625E-06	0	1.23511651351	8270.85546875	
33.28208	4.54071022090984E-03	-3.21056145289687E-06	0	1.19605027322	8270.85546875	
33.286176	4.54212239345906E-03	-3.35443630902188E-06	0	1.11149385468	8270.85546875	
33.290272	4.54188284071844E-03	-3.4437734793E-06	0	1.14708872707	8270.85546875	
33.294368	4.53976206750516E-03	-3.38221031970937E-06	0	1.17523350989	8315.1953125	
33.298464	4.53956429934562E-03	-3.3582802955625E-06	0	1.08503135015	8315.19140625	
33.30256	4.54049032612313E-03	-3.47999099115937E-06	0	1.11103990657	8315.19140625	
33.306656	4.53952214903516E-03	-3.460156155225E-06	0	1.10198001782	8315.19140625	
33.310752	4.54240967388312E-03	-3.60303437773125E-06	0	1.03196901225	8315.19140625	
33.314848	4.54558795358422E-03	-3.8257182896625E-06	0	1.01127813369	8362.890625	
33.318944	4.54712273690641E-03	-3.91685305429687E-06	0	1.06421840151	8362.890625	
33.32304	4.54865614874344E-03	-3.93415640237812E-06	0	1.00203513982	8362.890625	
33.327136	4.55220975821562E-03	-4.0747411175625E-06	0	0.96817976607	8362.890625	
33.331232	4.55268602929422E-03	-4.091286293325E-06	0	1.00405311083	8362.890625	
33.335328	4.55489732052781E-03	-4.08673485556875E-06	0	0.94728289425	8408.69140625	
33.339424	4.5590375599175E-03	-4.27266543886875E-06	0	0.87374330043	8408.69140625	
33.34352	4.56130453344844E-03	-4.35060694746562E-06	0	0.94390307891	8408.69140625	
33.347616	4.56221391953938E-03	-4.30771444228125E-06	0	0.92572608106	8408.69140625	
33.351712	4.56526766838828E-03	-4.36135549440937E-06	0	0.84428626425	8408.69140625	
33.355808	4.56672628856813E-03	-4.420443656475E-06	0	0.8827574129	8455.61328125	
33.359904	4.56699025374453E-03	-4.318566835275E-06	0	0.84692602973	8455.61328125	
33.364	4.56975370490203E-03	-4.38708191099063E-06	0	0.76651236453	8455.61328125	
33.368096	4.57035313534766E-03	-4.40028382086562E-06	0	0.79446259816	8455.61328125	
33.372192	4.56815720474781E-03	-4.2320351910375E-06	0	0.8219894012	8499.171875	
33.376288	4.56642584188656E-03	-4.05166205410312E-06	0	0.74587107694	8499.171875	
33.380384	4.56540609695672E-03	-4.00311450649687E-06	0	0.74537135255	8499.171875	
33.38448	4.56153814308672E-03	-3.8089394602875E-06	0	0.7531342467	8499.171875	
33.388576	4.56070208573547E-03	-3.746271253725E-06	0	0.67383065629	8499.171875	
33.392672	4.56001168010781E-03	-3.80943729632812E-06	0	0.63205980079	8546.2109375	
33.396768	4.55707926197906E-03	-3.7267424271E-06	0	0.70609148962	8546.2109375	
33.400864	4.55371427743203E-03	-3.57127575564375E-06	0	0.64100143415	8546.2109375	
33.40496	4.55251623943187E-03	-3.56904282518437E-06	0	0.59751396815	8546.2109375	
33.409056	4.5486888815225E-03	-3.48463064998125E-06	0	0.63352464175	8546.2109375	
33.413152	4.54600058775156E-03	-3.37260287739375E-06	0	0.58560450597	8592.94921875	
33.417248	4.54574850877984E-03	-3.47777777221875E-06	0	0.50522898767	8592.94921875	
33.421344	4.54440939067328E-03	-3.53567747393437E-06	0	0.55689514903	8592.94921875	
33.42544	4.54206396819141E-03	-3.48662295568125E-06	0	0.55702866318	8592.94921875	
33.429536	4.54228176003422E-03	-3.54049381527187E-06	0	0.46736056004	8592.94921875	
33.433632	4.54221144856188E-03	-3.66063359897812E-06	0	0.50290584146	8639.16796875	
33.437728	4.54103023411297E-03	-3.622932915525E-06	0	0.4852667149	8639.16796875	
33.441824	4.54370655024687E-03	-3.8026961973E-06	0	0.40110320943	8639.16796875	
33.44592	4.54528037517984E-03	-3.97761260892187E-06	0	0.40600508608	8639.16796875	
33.450016	0.004544538584575	-3.96363690174375E-06	0	0.45352086472	8639.16796875	
33.454112	4.54388310610266E-03	-3.87927328418437E-06	0	0.37230611462	8683.6484375	
33.458208	4.54468953937453E-03	-3.93809485997812E-06	0	0.36423423058	8683.6484375	
33.462304	4.54226841091203E-03	-3.82531684775625E-06	0	0.38051914219	8683.6484375	
33.4664	4.54191694498266E-03	-3.7657962342E-06	0	0.3119272013	8683.6484375	
33.470496	4.54131550302547E-03	-3.7995587004375E-06	0	0.27312035993	8729.828125	
33.474592	4.53756403396141E-03	-3.64412207702812E-06	0	0.33184369779	8729.828125	
33.478688	4.53136629254031E-03	-3.3141938011875E-06	0	0.29888859088	8729.828125	
33.482784	4.52558383682453E-03	-3.04320152410312E-06	0	0.2282329027	8729.828125	
33.48688	4.51508411219766E-03	-2.62848054459375E-06	0	0.28005165166	8729.828125	
33.490976	4.50244386497125E-03	-2.01922730769375E-06	0	0.23049119918	8776.5078125	
33.495072	4.49093308148719E-03	-1.61741400758437E-06	0	0.15398377654	8776.5078125	
33.499168	4.47608154302719E-03	-1.117566190125E-06	0	0.20335349452	8776.5078125	
33.503264	4.45848566276953E-03	-5.026716127125E-07	0	0.23237947073	8776.5078125	
33.50736	4.44115511917344E-03	7.6071318159375E-08	0	0.14276477325	8776.5078125	
33.511456	4.42300250737469E-03	5.21526641934375E-07	0	0.17539563151	8823.16796875	
33.515552	4.40075710957266E-03	1.20653677423125E-06	0	0.16067092811	8823.16796875	
33.519648	4.38139356781328E-03	1.68047644452187E-06	0	0.09080488076	8823.16796875	
33.523744	4.35952185400016E-03	2.15315481799687E-06	0	0.0869367851	8823.16796875	
33.52784	4.33474707184063E-03	2.77381765887187E-06	0	0.14662905422	8823.16796875	
33.531936	0.00430768346382	3.51575393616562E-06	0	0.08634550815	8823.16796875	
33.536032	0.004282395471915	4.07955697813125E-06	0	0.06706987958	8868.2265625	
33.540128	4.25293898802609E-03	4.75617384959062E-06	0	0.10897424923	8868.2265625	
33.544224	4.22659028950125E-03	5.33504682840937E-06	0	0.05212773885	8868.2265625	
33.54832	4.20107316814281E-03	5.67673542902812E-06	0	-0.01213452889	8868.2265625	
33.552416	4.17409559795766E-03	6.13984890822187E-06	0	0.07646927574	8913.046875	
33.556512	0.004146765464655	6.61986020705625E-06	0	0.05955112559	8913.046875	
33.560608	4.12391862489578E-03	6.88002989880937E-06	0	-0.00563811182	8913.046875	
33.564704	4.10087246262719E-03	7.01186053620937E-06	0	0.04930868294	8913.046875	
33.5688	4.07972242430328E-03	7.23536536078125E-06	0	0.02636332259	8913.046875	
33.572896	4.06493726572484E-03	7.03109152659375E-06	0	-0.0482176816	8960.74609375	
33.576992	4.05232143093422E-03	6.77040741227812E-06	0	0.00524901344	8960.74609375	
33.581088	4.04303574496766E-03	6.4068234008625E-06	0	0.04713812433	8960.74609375	
33.585184	4.03859798473141E-03	5.93244839446875E-06	0	-0.0245666036	8960.74609375	
33.58928	4.03978221644766E-03	5.15526792165E-06	0	0.00098800471	9006.6484375	
33.593376	4.04109829360359E-03	4.57131922675312E-06	0	0.02443690414	9006.6484375	
33.597472	4.05155559362297E-03	3.64695909342187E-06	0	-0.0445174323	9006.64453125	
33.601568	4.06337889285797E-03	2.66972016681562E-06	0	-0.04938116205	9006.64453125	
33.605664	4.07626491022437E-03	1.87442096211562E-06	0	0.04214088043	9006.64453125	
33.60976	4.08959538021375E-03	1.23870404975625E-06	0	0.00173949864	9006.64453125	
33.613856	4.10736818205656E-03	4.701543375375E-07	0	-0.02714151935	9053.40234375	
33.617952	4.12187209474562E-03	-8.0175640978125E-08	0	0.02368159552	9053.40234375	
33.622048	4.13924085706141E-03	-5.46781905140625E-07	0	-0.01156995477	9053.40234375	
33.626144	4.15773405434062E-03	-1.14776928492187E-06	0	-0.06095493151	9053.40234375	
33.63024	4.17433387064547E-03	-1.52892274992187E-06	0	0.01341626473	9097.125	
33.634336	4.18856952083797E-03	-1.720457894925E-06	0	0.03166574169	9097.125	
33.638432	4.20374427263313E-03	-1.88701902644062E-06	0	0.00605772772	9097.125	
33.642528	4.21592187220016E-03	-2.01792538591875E-06	0	0.14551897943	9097.125	
33.646624	4.22549419856437E-03	-1.84213157132812E-06	0	0.03155893037	9097.125	
33.65072	4.23778508280531E-03	-1.97624249490938E-06	0	-0.00707624995	9097.125	
33.654816	4.24406931922359E-03	-1.77714293439375E-06	0	0.02379222153	9097.125	
33.658912	4.25397619653359E-03	-1.76713933862812E-06	0	-0.01086805181	9097.125	
33.663008	4.26197177212984E-03	-1.7771857228125E-06	0	0.00883482204	9097.125	
33.667104	4.27035136356984E-03	-1.81907342130937E-06	0	-0.01719280783	9097.125	
33.6712	4.27107258189734E-03	-1.50582325379062E-06	0	-0.00429152625	9097.125	
33.675296	4.27382990708781E-03	-1.1496825041625E-06	0	-0.01606747428	9097.125	
33.679392	4.27707840682891E-03	-1.11604912433437E-06	0	-0.01581189005	9097.125	
33.683488	4.27711497976641E-03	-8.289789787125E-07	0	-0.00807569873	9097.125	
33.687584	4.27930414437281E-03	-7.64811975571875E-07	0	-0.01203153226	9097.125	
33.69168	4.27755924952469E-03	-5.16539868075E-07	0	-0.00390242787	9097.125	
33.695776	4.27860587556359E-03	-4.04482287825E-07	0	-0.0099563409	9097.125	
33.699872	4.28090686192641E-03	-4.63726699734375E-07	0	-0.00696180925	9097.125	
33.703968	4.28349695736016E-03	-5.64550156603125E-07	0	-0.00314711925	9097.125	
33.708064	4.28284522761391E-03	-4.8923364538125E-07	0	-0.00138854716	9097.125	
33.71216	4.28154542541516E-03	-3.06599453015625E-07	0	0.004196159	9097.125	
33.716256	4.28048407876891E-03	-2.0009835759375E-07	0	-0.00302123448	9097.125	
33.720352	4.27987084203937E-03	-1.19344832578125E-07	0	0.00256728637	9097.125	
33.724448	4.28089534145109E-03	-1.79492368584375E-07	0	-0.00359343798	9097.125	
33.728544	4.28022422804797E-03	-1.748546328375E-07	0	-0.01277158212	9097.125	
33.73264	4.27819095558766E-03	-4.884658576875E-08	0	-0.01074979642	9097.125	
33.736736	4.27762224640953E-03	2.757449165625E-09	0	-0.01411816769	9097.125	
33.740832	4.27774988596141E-03	-3.2944197825E-08	0	-0.01031873645	9097.125	
33.744928	4.27833368147625E-03	-8.762539314375E-08	0	-0.00752256868	9097.125	
33.749024	4.27877685404641E-03	-1.35517412559375E-07	0	-0.00596998985	9097.125	
33.75312	4.27945756784563E-03	-1.7256521205E-07	0	-0.01073835235	9097.125	
33.757216	4.28036174229297E-03	-2.2500506345625E-07	0	-0.009155256	9097.125	
33.761312	4.2808462422825E-03	-2.4548581220625E-07	0	-0.00451277827	9097.125	
33.765408	0.00428077163349	-2.34299525315625E-07	0	-0.00439070819	9097.125	
33.769504	4.27953089658531E-03	-1.4851908225E-07	0	0.00270080052	9097.125	
33.7736	4.27947274561469E-03	-1.1185806121875E-07	0	0.00217818799	9097.125	
33.777696	4.28049861651156E-03	-1.66630362215625E-07	0	-0.00008773787	9097.125	
33.781792	4.28230193662734E-03	-2.67140117475E-07	0	-0.0035095148	9097.125	
33.785888	4.28352255841641E-03	-3.40733072728125E-07	0	-0.00951383686	9097.125	
33.789984	0.00428348680837	-3.20955448275E-07	0	-0.01195523846	9097.125	
33.79408	4.28286817713219E-03	-2.54947581590625E-07	0	-0.01559826741	9097.125	
33.798176	4.28208350475813E-03	-1.832238552375E-07	0	-0.0127792115	9097.125	
33.802272	4.28202471376109E-03	-1.60758252703125E-07	0	-0.01222989614	9097.125	
33.806368	4.28152092154703E-03	-1.47374612240625E-07	0	-0.0082778773	9097.125	
33.810464	4.28039063491359E-03	-8.68922208E-08	0	-0.00127029177	9097.125	
33.81456	4.28011743507047E-03	-6.6563394975E-08	0	-0.00237273718	9097.125	
33.818656	4.28062808471031E-03	-1.058662402875E-07	0	0.0023651078	9097.125	
33.822752	4.28189890285609E-03	-1.8291856708125E-07	0	-0.001907345	9097.125	
33.826848	4.28318361871812E-03	-2.6610213774375E-07	0	-0.00308226952	9097.125	
33.830944	4.28362276826516E-03	-2.86387934765625E-07	0	-0.00613783621	9097.125	
33.83504	4.28336858634953E-03	-2.58497818425E-07	0	-0.00942609899	9097.125	
33.839136	0.004282682203745	-1.99001483690625E-07	0	-0.00657652556	9097.125	
33.843232	4.28226326074594E-03	-1.62719308434375E-07	0	-0.00856397905	9097.125	
33.847328	4.28149980067563E-03	-1.2342535734375E-07	0	-0.00547789484	9097.125	
33.851424	4.28142062026594E-03	-1.09133785096875E-07	0	-0.01009748443	9097.125	
33.85552	4.28192605826219E-03	-1.46305622925E-07	0	-0.0108718665	9097.125	
33.859616	4.28268330093312E-03	-1.890613494E-07	0	-0.01050565626	9097.125	
33.863712	4.28332826468594E-03	-2.3284544023125E-07	0	-0.01010129912	9097.125	
33.867808	4.28303814985922E-03	-2.163613221E-07	0	-0.00611494807	9097.125	
33.871904	4.28265806560625E-03	-1.8295318243125E-07	0	-0.00418090024	9097.125	
33.876	4.28228383302328E-03	-1.54402970596875E-07	0	0.00075912331	9097.125	
33.880096	4.28248269837094E-03	-1.55787103828125E-07	0	-0.00051879784	9097.125	
33.884192	4.28282758117156E-03	-1.79262561121875E-07	0	-0.00214004109	9097.125	
33.888288	4.28282840406266E-03	-1.83265922503125E-07	0	-0.00440978164	9097.125	
33.892384	0.00428256809618	-1.7021569516875E-07	0	-0.00592421357	9097.125	
33.89648	4.28237014515578E-03	-1.513085025375E-07	0	-0.00625227691	9097.125	
33.900576	4.28277884773234E-03	-1.68436370025E-07	0	-0.00982282675	9097.125	
33.904672	4.28310434687609E-03	-1.88346205884375E-07	0	-0.00863645816	9097.125	
33.908768	4.28324122109469E-03	-1.9641903435E-07	0	-0.01000974656	9097.125	
33.912864	4.28282428960719E-03	-1.7615991999375E-07	0	-0.00954816907	9097.125	
33.91696	4.28243442209344E-03	-1.4765321773125E-07	0	-0.00938795209	9097.125	
33.921056	4.28210032830938E-03	-1.31762127853125E-07	0	-0.00712584092	9097.125	
33.925152	4.28161518829344E-03	-1.121845032E-07	0	-0.00619124187	9097.125	
33.929248	4.28119999402047E-03	-9.786480598125E-08	0	-0.00398253636	9097.125	
33.933344	4.28082951016359E-03	-8.5941019828125E-08	0	-0.00244521629	9097.125	
33.93744	4.28090384465906E-03	-9.586673105625E-08	0	-0.0042724528	9137.57421875	
33.941536	4.28103742731328E-03	-1.14207818484375E-07	0	-0.00140762061	9137.57421875	
33.945632	4.28120740004031E-03	-1.31107320815625E-07	0	-0.0019836388	9137.57421875	
33.949728	4.28121992627141E-03	-1.3734649726875E-07	0	-0.00545882139	9137.57421875	
33.953824	4.28137426406766E-03	-1.42563078590625E-07	0	-0.00819776881	9137.57421875	
33.95792	4.2816332918975E-03	-1.566834971625E-07	0	-0.01256940355	9137.57421875	
33.962016	4.28151360695953E-03	-1.55746719253125E-07	0	-0.01108167445	9137.57421875	
33.966112	0.004280932554415	-1.2900708253125E-07	0	-0.01049421219	9137.57421875	
33.970208	4.28014431617953E-03	-8.8957843734375E-08	0	-0.00835798579	9137.57421875	
33.974304	0.00427990558633	-7.2553052446875E-08	0	-0.00632094133	9137.57421875	
33.9784	4.28026162387656E-03	-9.57470196375E-08	0	-0.00564955589	9137.57421875	
33.982496	4.28078461688281E-03	-1.29707802984375E-07	0	-0.0042343059	9137.57421875	
33.986592	4.28126747109016E-03	-1.583027263125E-07	0	-0.00520323716	9137.57421875	
33.990688	4.28143817527594E-03	-1.6909935013125E-07	0	-0.00492857948	9137.57421875	
33.994784	4.28122998382922E-03	-1.5716522745E-07	0	-0.00493239417	9137.57421875	
33.99888	4.28073076323234E-03	-1.2937246678125E-07	0	-0.00351714418	9137.57421875	
34.002976	4.28037920587063E-03	-1.0589845179375E-07	0	-0.00437544943	9137.57421875	
34.007072	4.28024946337484E-03	-9.980711173125E-08	0	-0.00443648447	9137.57421875	
34.011168	0.00428056682504	-1.13778491990625E-07	0	-0.00638579106	9137.57421875	
34.015264	4.28116168386844E-03	-1.43884711884375E-07	0	-0.00890730115	9137.57421875	
34.01936	4.28191133765484E-03	-1.77513043640625E-07	0	-0.0094222843	9137.57421875	
34.023456	4.28258437113719E-03	-2.06634168365625E-07	0	-0.01084516367	9137.57421875	
34.027552	4.28284577620797E-03	-2.12711085365625E-07	0	-0.00940702554	9137.57421875	
34.031648	4.28293537990484E-03	-2.0291470093125E-07	0	-0.00820921288	9137.57421875	
34.035744	4.28290045274953E-03	-1.89521685478125E-07	0	-0.0063323854	9137.57421875	
34.03984	4.28296811268391E-03	-1.7956520505E-07	0	-0.00461196021	9137.57421875	
34.043936	4.2828767717725E-03	-1.71497184271875E-07	0	-0.0025939892	9137.57421875	
34.048032	4.28262039548062E-03	-1.53421240809375E-07	0	-0.00130080929	9137.57421875	
34.052128	4.28253655202141E-03	-1.42344809578125E-07	0	-0.00351714418	9137.57421875	
34.056224	4.28284431329047E-03	-1.50249128596875E-07	0	-0.00448607544	9137.57421875	
34.06032	4.28333347632953E-03	-1.721921355E-07	0	-0.00648878769	9137.57421875	
34.064416	4.28349403152516E-03	-1.81809673959375E-07	0	-0.00679777758	9137.57421875	
34.068512	4.28341320533328E-03	-1.731844422E-07	0	-0.00771711787	9137.57421875	
34.072608	4.28321388282391E-03	-1.59238061915625E-07	0	-0.01000593187	9137.57421875	
34.076704	4.28321159701531E-03	-1.50372205396875E-07	0	-0.01034543928	9137.57421875	
34.0808	4.28337260937266E-03	-1.56229891846875E-07	0	-0.00936124926	9137.57421875	
34.084896	4.28328318854047E-03	-1.54521239709375E-07	0	-0.00840376207	9137.57421875	
34.088992	4.28304253861172E-03	-1.4183206970625E-07	0	-0.00845716773	9137.57421875	
34.093088	4.28293601993125E-03	-1.33476549215625E-07	0	-0.00767134159	9137.57421875	
34.097184	4.28311211862531E-03	-1.39004909071875E-07	0	-0.00496672638	9137.57421875	
34.10128	4.28329406898938E-03	-1.50115955653125E-07	0	-0.00260924796	9137.57421875	
34.105376	4.28331939574859E-03	-1.529258086125E-07	0	-0.00353621763	9137.57421875	
34.109472	4.28332863041531E-03	-1.50924608690625E-07	0	-0.0038528369	9137.57421875	
34.113568	4.28338961578859E-03	-1.51524608090625E-07	0	-0.00643919672	9137.57421875	
34.117664	4.28338019825719E-03	-1.51389512071875E-07	0	-0.00778959698	9137.57421875	
34.12176	4.28299654814281E-03	-1.37296737703125E-07	0	-0.00712584092	9137.57421875	
34.125856	4.28238751730109E-03	-1.11363350175E-07	0	-0.0079727021	9137.57421875	
34.129952	4.28192267526547E-03	-9.0539572921875E-08	0	-0.00818632474	9137.57421875	
34.134048	4.28209612242156E-03	-9.5295337396875E-08	0	-0.00788114954	9137.57421875	
34.138144	4.2828533650925E-03	-1.30360686946875E-07	0	-0.00749968054	9137.58984375	
34.14224	4.28356050283906E-03	-1.68296706703125E-07	0	-0.00870512258	9137.58984375	
34.146336	4.28393345536922E-03	-1.864353904875E-07	0	-0.00803755183	9137.58984375	
34.150432	4.28410918833391E-03	-1.87356783796875E-07	0	-0.00765989752	9137.58984375	
34.154528	4.28426398329188E-03	-1.85314478146875E-07	0	-0.00468825401	9137.58984375	
34.158624	4.28435066115375E-03	-1.81309193690625E-07	0	-0.00356292046	9137.58984375	
34.16272	4.28429507028875E-03	-1.733998266E-07	0	-0.0032806334	9137.58984375	
34.166816	4.28411055981906E-03	-1.59367388709375E-07	0	-0.00254821292	9137.58984375	
34.170912	4.28414475551563E-03	-1.52236145840625E-07	0	-0.00382994876	9137.58984375	
34.175008	4.28461956367672E-03	-1.65389498071875E-07	0	-0.00584029039	9137.58984375	
34.179104	4.28504518123687E-03	-1.832123167875E-07	0	-0.00663374591	9137.58984375	
34.1832	4.28520911942922E-03	-1.87745244946875E-07	0	-0.00876615762	9137.58984375	
34.187296	0.00428522475436	-1.8209837559375E-07	0	-0.00968549791	9137.58984375	
34.191392	4.28527897373984E-03	-1.7673780403125E-07	0	-0.00998304373	9137.58984375	
34.195488	4.2853110664925E-03	-1.7305607694375E-07	0	-0.00958250128	9137.58984375	
34.199584	4.28502122596281E-03	-1.61281809871875E-07	0	-0.00750730992	9137.58984375	
34.20368	4.28449046120734E-03	-1.371123628875E-07	0	-0.00561140899	9137.58984375	
34.207776	4.28403878542922E-03	-1.1534555773125E-07	0	-0.00485228568	9137.58984375	
34.211872	0.00428398420032	-1.115460423E-07	0	-0.00306701076	9137.58984375	
34.215968	4.28421771852594E-03	-1.23543386071875E-07	0	-0.00454329579	9137.58984375	
34.220064	4.28434517521312E-03	-1.3652342116875E-07	0	-0.00395201884	9137.58984375	
34.22416	4.28427870389922E-03	-1.37699141146875E-07	0	-0.00557707678	9137.58984375	
34.228256	4.28413561228125E-03	-1.32947703590625E-07	0	-0.00783155857	9137.58984375	
34.232352	0.004284039791185	-1.2891285185625E-07	0	-0.00819013943	9137.58984375	
34.236448	4.28378844367203E-03	-1.2266381964375E-07	0	-0.00846098242	9137.58984375	
34.240544	4.28351368947906E-03	-1.12823685253125E-07	0	-0.00907514751	9137.58984375	
34.24464	4.28330860673203E-03	-1.066643164125E-07	0	-0.00992963807	9137.58984375	
34.248736	4.28330366938547E-03	-1.077604691625E-07	0	-0.00857160843	9137.58984375	
34.252832	0.00428354532507	-1.1881190041875E-07	0	-0.00809858687	9137.58984375	
34.256928	4.28395064464984E-03	-1.3666284410625E-07	0	-0.00576781128	9137.58984375	
34.261024	4.28449759293016E-03	-1.57506332878125E-07	0	-0.00638579106	9137.58984375	
34.26512	4.28488197450328E-03	-1.72877471353125E-07	0	-0.00605391303	9137.58984375	
34.269216	4.28514008800969E-03	-1.78104869971875E-07	0	-0.00594710171	9137.58984375	
34.273312	4.28538412093516E-03	-1.80455348390625E-07	0	-0.00558089147	9137.58984375	
34.277408	4.28554705337172E-03	-1.80587079028125E-07	0	-0.0069045889	9137.58984375	
34.281504	4.28543532304766E-03	-1.71862087753125E-07	0	-0.0063323854	9137.58984375	
34.2856	4.28528171671016E-03	-1.58083255378125E-07	0	-0.00543593325	9137.58984375	
34.289696	4.28536629162812E-03	-1.53496721503125E-07	0	-0.00725172569	9137.58984375	
34.293792	4.28576521094391E-03	-1.62317866528125E-07	0	-0.00746153364	9137.58984375	
34.297888	4.28627302618109E-03	-1.78670975175E-07	0	-0.00719832003	9137.58984375	
34.301984	4.28661626319953E-03	-1.89933704296875E-07	0	-0.00815580722	9137.58984375	
34.30608	4.28670156957625E-03	-1.89037551346875E-07	0	-0.00870130789	9137.58984375	
34.310176	0.00428678715025	-1.8371664320625E-07	0	-0.01008604036	9137.58984375	
34.314272	4.28688214845516E-03	-1.8086472298125E-07	0	-0.00883863673	9137.58984375	
34.318368	4.28663089237453E-03	-1.69834685934375E-07	0	-0.00650404645	9137.58984375	
34.322464	4.28609546456953E-03	-1.4661379569375E-07	0	-0.00398253636	9137.58984375	
34.32656	4.28577764574266E-03	-1.2840708313125E-07	0	-0.00475310374	9137.58984375	
34.330656	4.28598053411344E-03	-1.3075756155E-07	0	-0.00535201007	9137.58984375	
34.334752	4.28642452957469E-03	-1.490219663625E-07	0	-0.00313186049	9137.58984375	
34.338848	4.2867330223025E-03	-1.63899595715625E-07	0	-0.0033187803	9137.60546875	
34.342944	4.28687967978188E-03	-1.68923629153125E-07	0	-0.00737761046	9137.60546875	
34.34704	4.28710944926172E-03	-1.730892499875E-07	0	-0.00811003094	9137.60546875	
34.351136	4.28733354993625E-03	-1.77799581815625E-07	0	-0.00891111584	9137.60546875	
34.355232	4.28717518911687E-03	-1.71870741590625E-07	0	-0.00842283552	9137.60546875	
34.359328	4.28667276838797E-03	-1.522277323875E-07	0	-0.00885771018	9137.60546875	
34.363424	4.28604289097187E-03	-1.26374873625E-07	0	-0.00769422973	9137.60546875	
34.36752	4.28583396806641E-03	-1.13253011746875E-07	0	-0.007247911	9137.60546875	
34.371616	4.28591342277313E-03	-1.18014545446875E-07	0	-0.00664137529	9137.60546875	
34.375712	4.28597331095828E-03	-1.2567727816875E-07	0	-0.00542067449	9137.60546875	
34.379808	4.2858786784825E-03	-1.2752439170625E-07	0	-0.00601958082	9137.60546875	
34.383904	4.28576566810563E-03	-1.2518881711875E-07	0	-0.00650786114	9137.60546875	
34.388	4.28582519056141E-03	-1.272066035625E-07	0	-0.00732801949	9137.60546875	
34.392096	4.28571510601953E-03	-1.28359727409375E-07	0	-0.00594328702	9137.60546875	
34.396192	4.28536720595156E-03	-1.19728005271875E-07	0	-0.00590132543	9137.60546875	
34.400288	4.28483159528188E-03	-1.0441912635E-07	0	-0.00715254375	9137.60546875	
34.404384	4.28458006490422E-03	-9.3328031671875E-08	0	-0.00595854578	9137.60546875	
34.40848	4.2847873420275E-03	-1.01601100321875E-07	0	-0.00640486451	9137.60546875	
34.412576	0.004285198421845	-1.1970805336875E-07	0	-0.00679396289	9137.60546875	
34.416672	4.2856270566725E-03	-1.38595774865625E-07	0	-0.00665663405	9137.60546875	
34.420768	4.28598099127516E-03	-1.52906337478125E-07	0	-0.00741194267	9137.60546875	
34.424864	4.28633227433984E-03	-1.613700309375E-07	0	-0.00740812798	9137.60546875	
34.42896	4.28665283613703E-03	-1.696998303E-07	0	-0.00678633351	9137.60546875	
34.433056	4.28681631716766E-03	-1.71178674975E-07	0	-0.00680159227	9137.60546875	
34.437152	4.28672058750375E-03	-1.65196709803125E-07	0	-0.00580595818	9137.60546875	
34.441248	4.28659495946344E-03	-1.53471000375E-07	0	-0.00413512396	9137.60546875	
34.445344	4.28681878584094E-03	-1.5258975125625E-07	0	-0.00737761046	9137.60546875	
34.44944	4.2873240409725E-03	-1.6446858553125E-07	0	-0.00632094133	9137.60546875	
34.453536	4.28787528657297E-03	-1.78980830634375E-07	0	-0.00684355386	9137.60546875	
34.457632	4.28827649169734E-03	-1.90357742334375E-07	0	-0.00631712664	9137.60546875	
34.461728	0.00428858361294	-1.92669759253125E-07	0	-0.00675963068	9137.60546875	
34.465824	4.28908447931906E-03	-2.00372636165625E-07	0	-0.00834654172	9137.60546875	
34.46992	4.28941208140672E-03	-2.04670228021875E-07	0	-0.00786207609	9137.60546875	
34.474016	4.28942570482594E-03	-1.998969154875E-07	0	-0.00859831126	9137.60546875	
34.478112	4.28906610141797E-03	-1.81928904609375E-07	0	-0.00841902083	9137.60546875	
34.482208	4.28876419181891E-03	-1.6243204910625E-07	0	-0.00838087393	9137.60546875	
34.486304	4.28859860784437E-03	-1.51409463975E-07	0	-0.00611876276	9137.60546875	
34.4904	4.28844536723625E-03	-1.44194326959375E-07	0	-0.00361632612	9137.60546875	
34.494496	4.28841364021297E-03	-1.414392816375E-07	0	-0.00475310374	9137.60546875	
34.498592	0.004288492912055	-1.42709713059375E-07	0	-0.00488661789	9137.60546875	
34.502688	4.28875568861094E-03	-1.50974127871875E-07	0	-0.00710295278	9137.60546875	
34.506784	4.28879436449234E-03	-1.552623447375E-07	0	-0.00658796963	9137.60546875	
34.51088	4.28865410727703E-03	-1.5172725211875E-07	0	-0.00725172569	9137.60546875	
34.514976	4.28818222495094E-03	-1.3835034241875E-07	0	-0.00782774388	9137.60546875	
34.519072	4.28777699680344E-03	-1.22274156571875E-07	0	-0.00854872029	9137.60546875	
34.523168	4.28766746085562E-03	-1.17073200234375E-07	0	-0.00614928028	9137.60546875	
34.527264	4.28785846302172E-03	-1.229844924E-07	0	-0.00561140899	9137.60546875	
34.53136	4.28832010492531E-03	-1.395258220125E-07	0	-0.00700758553	9137.60546875	
34.535456	4.28881731401063E-03	-1.57005612225E-07	0	-0.00649641707	9137.60546875	
34.539552	4.2894891588725E-03	-1.7625318913125E-07	0	-0.0069427358	9137.62109375	
34.543648	4.29010193844031E-03	-1.9326182596875E-07	0	-0.0073623517	9137.62109375	
34.547744	4.29064797239719E-03	-2.0510508335625E-07	0	-0.00594328702	9137.62109375	
34.55184	4.29101525612203E-03	-2.111488273125E-07	0	-0.00542067449	9137.62109375	
34.555936	4.29130957683656E-03	-2.1102142359375E-07	0	-0.00479888002	9137.62109375	
34.560032	4.29164668788797E-03	-2.11462528921875E-07	0	-0.00679777758	9137.62109375	
34.564128	4.29215505171922E-03	-2.16518293096875E-07	0	-0.00524519875	9137.62109375	
34.568224	4.29266405557687E-03	-2.2493006353125E-07	0	-0.00669478095	9137.62109375	
34.57232	0.00429301332713	-2.2771563766875E-07	0	-0.00725554038	9137.62109375	
34.576416	4.29344479636016E-03	-2.29293280321875E-07	0	-0.00706099119	9137.62109375	
34.580512	4.29393386796688E-03	-2.34120919725E-07	0	-0.00744246019	9137.62109375	
34.584608	0.00429442943127	-2.39432212490625E-07	0	-0.00838850331	9137.62109375	
34.588704	4.29467913300078E-03	-2.40338461584375E-07	0	-0.0078582614	9137.62109375	
34.5928	4.29453393843891E-03	-2.28803857734375E-07	0	-0.00668715157	9137.62109375	
34.596896	4.29427344769156E-03	-2.10433683796875E-07	0	-0.00798414617	9137.62109375	
34.600992	4.29419792457562E-03	-1.98496195734375E-07	0	-0.0078201145	9137.62109375	
34.605088	4.29425223538781E-03	-1.934892295875E-07	0	-0.00534438069	9137.62109375	
34.609184	4.29413968217266E-03	-1.8956471428125E-07	0	-0.00654219335	9137.62109375	
34.61328	4.29395471454125E-03	-1.80542367534375E-07	0	-0.00485610037	9137.62109375	
34.617376	4.29396166339938E-03	-1.76231794921875E-07	0	-0.00715635844	9137.62109375	
34.621472	4.29407311942641E-03	-1.78443331171875E-07	0	-0.00585554915	9137.62109375	
34.625568	4.29404605545266E-03	-1.7933395528125E-07	0	-0.00693129173	9137.62109375	
34.629664	4.29363616425562E-03	-1.706854062375E-07	0	-0.00666426343	9137.62109375	
34.63376	4.29296953103734E-03	-1.50958262503125E-07	0	-0.00812147501	9137.62109375	
34.637856	4.29241270806391E-03	-1.33189530271875E-07	0	-0.00777052353	9137.62109375	
34.641952	4.29209452350766E-03	-1.238085300375E-07	0	-0.00625227691	9137.62109375	
34.646048	4.29183394132797E-03	-1.222469931375E-07	0	-0.00620268594	9137.62109375	
34.650144	4.2915752792275E-03	-1.20093870290625E-07	0	-0.00599287799	9137.62109375	
34.65424	4.29159402285797E-03	-1.2406477978125E-07	0	-0.00642775265	9137.62109375	
34.658336	4.29188468627875E-03	-1.361614023E-07	0	-0.00624083284	9137.62109375	
34.662432	4.29231450972672E-03	-1.53182779509375E-07	0	-0.00704191774	9137.62109375	
34.666528	4.29253833610422E-03	-1.65526517165625E-07	0	-0.00687025669	9137.62109375	
34.670624	4.29258350368203E-03	-1.6803300504375E-07	0	-0.00683210979	9137.62109375	
34.67472	4.29262601972188E-03	-1.6804454349375E-07	0	-0.00614928028	9137.62109375	
34.678816	4.29288669333391E-03	-1.70990454009375E-07	0	-0.00532912193	9137.62109375	
34.682912	4.29344799649219E-03	-1.84431305953125E-07	0	-0.00455473986	9137.62109375	
34.687008	4.29399275039625E-03	-1.98015907753125E-07	0	-0.00581740225	9137.62109375	
34.691104	4.29453375557422E-03	-2.0972671335E-07	0	-0.00525664282	9137.62109375	
34.6952	0.00429516674169	-2.2064064474375E-07	0	-0.00635908823	9137.62109375	
34.699296	4.29595022544359E-03	-2.3529639931875E-07	0	-0.00664518998	9137.62109375	
34.703392	4.29642987951891E-03	-2.44697111071875E-07	0	-0.00729368728	9137.62109375	
34.707488	4.29658531450328E-03	-2.41592787253125E-07	0	-0.00693892111	9137.62109375	
34.711584	4.29648501322219E-03	-2.3028390433125E-07	0	-0.00758741841	9137.62109375	
34.71568	4.29639687244281E-03	-2.16808196653125E-07	0	-0.00684355386	9137.62109375	
34.719776	4.29631440046875E-03	-2.06491860815625E-07	0	-0.00628279443	9137.62109375	
34.723872	4.29626603275891E-03	-1.982180710125E-07	0	-0.00549696829	9137.62109375	
34.727968	4.29623631724719E-03	-1.929488455125E-07	0	-0.00524519875	9137.62109375	
34.732064	4.29641918193469E-03	-1.92022644515625E-07	0	-0.00609968931	9137.62109375	
34.73616	4.29684169079516E-03	-1.9996662695625E-07	0	-0.00646589955	9137.62109375	
34.740256	4.29730196121359E-03	-2.11373586703125E-07	0	-0.00653456397	9137.62109375	
34.744352	4.29741917747828E-03	-2.14861083215625E-07	0	-0.00731276073	9137.6171875	
34.748448	4.29719544253312E-03	-2.07117340959375E-07	0	-0.00711058216	9137.6171875	
34.752544	4.29686802331016E-03	-1.92346682653125E-07	0	-0.00782774388	9137.6171875	
34.75664	4.29653008936766E-03	-1.793411668125E-07	0	-0.00611113338	9137.6171875	
34.760736	4.29615741113453E-03	-1.67194063575E-07	0	-0.00623320346	9137.6171875	
34.764832	4.29585047275656E-03	-1.57769794153125E-07	0	-0.00459670145	9137.6171875	
34.768928	4.29581938575969E-03	-1.556008059375E-07	0	-0.00657271087	9137.6171875	
34.773024	4.29588878290859E-03	-1.59878445890625E-07	0	-0.00701521491	9137.6171875	
34.77712	4.29600965646703E-03	-1.6622675685E-07	0	-0.00691603297	9137.6171875	
34.781216	4.29587049643984E-03	-1.667392563375E-07	0	-0.00679777758	9137.6171875	
34.785312	4.29570326668312E-03	-1.62958250503125E-07	0	-0.00782774388	9137.6171875	
34.789408	4.29544533604141E-03	-1.5720897740625E-07	0	-0.00737761046	9137.6171875	
34.793504	4.29519691436344E-03	-1.5177292515E-07	0	-0.00587080791	9137.6171875	
34.7976	4.29498716856688E-03	-1.46905381940625E-07	0	-0.0062179447	9137.6171875	
34.801696	4.29492106298234E-03	-1.4614841154375E-07	0	-0.00674055723	9137.6171875	
34.805792	4.29507366356406E-03	-1.51477011984375E-07	0	-0.00572966438	9137.6171875	
34.809888	4.29547075423297E-03	-1.62714981515625E-07	0	-0.00632475602	9137.6171875	
34.813984	4.29607941934531E-03	-1.7953299354375E-07	0	-0.00631331195	9137.6171875	
34.81808	4.29672950330938E-03	-1.97135139403125E-07	0	-0.00758360372	9137.6171875	
34.822176	4.29724682751031E-03	-2.10754837321875E-07	0	-0.00709913809	9137.6171875	
34.826272	4.29752121597391E-03	-2.1589064949375E-07	0	-0.00764845345	9137.6171875	
34.830368	4.29757543535375E-03	-2.13201950259375E-07	0	-0.00829313606	9137.6171875	
34.834464	4.2975088726075E-03	-2.0571373659375E-07	0	-0.00600813675	9137.6171875	
34.83856	4.29750247234344E-03	-1.98926002996875E-07	0	-0.0060653571	9137.6171875	
34.842656	4.29760953961797E-03	-1.9642720741875E-07	0	-0.00463866304	9137.6171875	
34.846752	4.29788465954031E-03	-1.97563504359375E-07	0	-0.00504683487	9137.6171875	
34.850848	4.29846388343797E-03	-2.07242821603125E-07	0	-0.00637816168	9137.6171875	
34.854944	4.29915886068281E-03	-2.20754346553125E-07	0	-0.00675581599	9137.6171875	
34.85904	4.29977264600641E-03	-2.350564957125E-07	0	-0.00608824524	9137.6171875	
34.863136	4.29992689237031E-03	-2.3604159088125E-07	0	-0.00795362865	9137.6171875	
34.867232	4.29995541926156E-03	-2.300411161125E-07	0	-0.00849912932	9137.6171875	
34.871328	4.29982741398031E-03	-2.19834155165625E-07	0	-0.00709150871	9137.6171875	
34.875424	4.29976898871266E-03	-2.1121469263125E-07	0	-0.00631331195	9137.6171875	
34.87952	4.29956491172141E-03	-2.026142204625E-07	0	-0.00561522368	9137.6171875	
34.883616	4.29933404505344E-03	-1.91407260515625E-07	0	-0.00571059093	9137.6171875	
34.887712	4.29939365894156E-03	-1.8767721616875E-07	0	-0.00545882139	9137.6171875	
34.891808	4.29971504362984E-03	-1.92562547821875E-07	0	-0.00579069942	9137.6171875	
34.895904	4.29988775932719E-03	-1.99290185325E-07	0	-0.00608443055	9137.6171875	
34.9	4.29961090219031E-03	-1.9432432490625E-07	0	-0.0056838881	9137.6171875	
34.904096	4.29915995787094E-03	-1.8153683769375E-07	0	-0.00770948849	9137.6171875	
34.908192	4.29871129936016E-03	-1.67579399728125E-07	0	-0.00635145885	9137.6171875	
34.912288	4.29827406989234E-03	-1.56797679740625E-07	0	-0.0065612668	9137.6171875	
34.916384	4.29772300715656E-03	-1.45547690990625E-07	0	-0.0061416509	9137.6171875	
34.92048	4.29720934024938E-03	-1.34169817753125E-07	0	-0.00561140899	9137.6171875	
34.924576	4.29711553066469E-03	-1.318700604375E-07	0	-0.00738142515	9137.6171875	
34.928672	4.29747915709578E-03	-1.42938078215625E-07	0	-0.00572966438	9137.6171875	
34.932768	4.29800370445188E-03	-1.61773155534375E-07	0	-0.00706862057	9137.6171875	
34.936864	4.29835754762219E-03	-1.76497179271875E-07	0	-0.0075912331	9137.6171875	
34.94096	4.29858841429016E-03	-1.84598613478125E-07	0	-0.0076675269	9137.6171875	
34.945056	4.29870334474625E-03	-1.88085629221875E-07	0	-0.00783918795	9137.61328125	
34.949152	4.29882942994828E-03	-1.89058224403125E-07	0	-0.00687025669	9137.61328125	
34.953248	4.29890824462859E-03	-1.9001471383125E-07	0	-0.00564192651	9137.61328125	
34.957344	4.29876917603375E-03	-1.8559164133125E-07	0	-0.00412749458	9137.61328125	
34.96144	4.29879441136063E-03	-1.81280347565625E-07	0	-0.00558089147	9137.61328125	
34.965536	4.29908644626656E-03	-1.84435632871875E-07	0	-0.00559996492	9137.61328125	
34.969632	4.29975673677859E-03	-1.96746678253125E-07	0	-0.00498579983	9137.61328125	
34.973728	4.3004347076075E-03	-2.131142099625E-07	0	-0.0062942385	9137.61328125	
34.977824	4.30079184234219E-03	-2.22027422203125E-07	0	-0.00658796963	9137.61328125	
34.98192	4.30081689480437E-03	-2.2028824125E-07	0	-0.00849912932	9137.61328125	
34.986016	4.30078635640156E-03	-2.1358007488125E-07	0	-0.00854872029	9137.61328125	
34.990112	4.30075078921984E-03	-2.07106283278125E-07	0	-0.00815962191	9137.61328125	
34.994208	4.30041952983844E-03	-1.9742336026875E-07	0	-0.00608061586	9137.61328125	
34.998304	4.29993658419875E-03	-1.82019769903125E-07	0	-0.00524138406	9137.61328125	
35.0024	4.29978005202625E-03	-1.72359683409375E-07	0	-0.00525282813	9137.61328125	
35.006496	4.30012840925594E-03	-1.7659934263125E-07	0	-0.00540541573	9137.61328125	
35.010592	4.30063979035453E-03	-1.90236348225E-07	0	-0.00463484835	9137.61328125	
35.014688	4.30087742301594E-03	-1.9873105126875E-07	0	-0.00553892988	9137.61328125	
35.018784	4.30092597359047E-03	-1.996074927E-07	0	-0.00727079914	9137.61328125	
35.02288	4.30082466655359E-03	-1.95619275534375E-07	0	-0.00634764416	9137.61328125	
35.026976	4.30069090103469E-03	-1.893988490625E-07	0	-0.00639342044	9137.61328125	
35.031072	4.30042894736984E-03	-1.8269933653125E-07	0	-0.00588606667	9137.61328125	
35.035168	4.30003277102438E-03	-1.72106799046875E-07	0	-0.00565718527	9137.61328125	
35.039264	4.29976139982812E-03	-1.63753922784375E-07	0	-0.00574110845	9137.61328125	
35.04336	4.2998963539675E-03	-1.636104133125E-07	0	-0.00544356263	9137.61328125	
35.047456	4.30040362061062E-03	-1.7551568986875E-07	0	-0.00498579983	9137.61328125	
35.051552	4.30090668136594E-03	-1.9043682879375E-07	0	-0.00638579106	9137.61328125	
35.055648	4.30116735497797E-03	-1.9926566611875E-07	0	-0.00641249389	9137.61328125	
35.059744	4.30125092414016E-03	-2.0047912644375E-07	0	-0.00732039011	9137.61328125	
35.06384	4.30128347405453E-03	-1.98562061053125E-07	0	-0.00623320346	9137.61328125	
35.067936	4.30125650151313E-03	-1.95415429584375E-07	0	-0.00603102489	9137.61328125	
35.072032	4.30114239394813E-03	-1.90363271175E-07	0	-0.00591658419	9137.61328125	
35.076128	4.30111030119547E-03	-1.8660894800625E-07	0	-0.00459288676	9137.61328125	
35.080224	4.30122459162516E-03	-1.86192361884375E-07	0	-0.00515746088	9137.61328125	
35.08432	4.30147685346156E-03	-1.90162069453125E-07	0	-0.00539015697	9137.61328125	
35.088416	4.30202681900922E-03	-1.99901482790625E-07	0	-0.00585173446	9137.61328125	
35.092512	4.30247008301172E-03	-2.1158584610625E-07	0	-0.0070953234	9137.61328125	
35.096608	4.30258400771203E-03	-2.13982237940625E-07	0	-0.00655745211	9137.61328125	
35.100704	4.30247035730875E-03	-2.08778637375E-07	0	-0.00711058216	9137.61328125	
35.1048	4.30224899960453E-03	-1.99439944790625E-07	0	-0.00695036518	9137.61328125	
35.108896	4.30203129919406E-03	-1.90690193925E-07	0	-0.00679777758	9137.61328125	
35.112992	4.30154844498672E-03	-1.79282753409375E-07	0	-0.00465773649	9137.61328125	
35.117088	4.30109082610625E-03	-1.65722670815625E-07	0	-0.00515746088	9137.61328125	
35.121184	0.00430077264155	-1.57260660046875E-07	0	-0.00548933891	9137.61328125	
35.12528	4.30081150029609E-03	-1.56486622359375E-07	0	-0.00529478972	9137.61328125	
35.129376	4.30102179468672E-03	-1.63755845859375E-07	0	-0.00529097503	9137.61328125	
35.133472	4.30109164899734E-03	-1.69944060825E-07	0	-0.00568007341	9137.61328125	
35.137568	4.30090128685766E-03	-1.69414494046875E-07	0	-0.00729750197	9137.61328125	
35.141664	4.30070553020969E-03	-1.6488685434375E-07	0	-0.00691221828	9137.61328125	
35.14576	4.30069501549016E-03	-1.64260653046875E-07	0	-0.0073623517	9137.61328125	
35.149856	4.30033623497328E-03	-1.604796472125E-07	0	-0.00679396289	9137.62890625	
35.153952	0.00429985978103	-1.5040898420625E-07	0	-0.0059890633	9137.62890625	
35.158048	4.2996271771475E-03	-1.439219714625E-07	0	-0.00483321223	9137.62890625	
35.162144	4.29987614741953E-03	-1.4847340921875E-07	0	-0.00528334565	9137.62890625	
35.16624	4.30019460627281E-03	-1.59433254028125E-07	0	-0.00487898851	9137.62890625	
35.170336	4.30058374232781E-03	-1.708642522125E-07	0	-0.00423812059	9137.62890625	
35.174432	4.30091043009203E-03	-1.806305886E-07	0	-0.00596617516	9137.62890625	
35.178528	4.30114083959828E-03	-1.86447890475E-07	0	-0.0062560916	9137.62890625	
35.182624	4.30149001971906E-03	-1.9175317363125E-07	0	-0.00515364619	9137.62890625	
35.18672	4.30162195659109E-03	-1.95120237571875E-07	0	-0.0059127695	9137.62890625	
35.190816	4.30170470286219E-03	-1.93495239196875E-07	0	-0.00668333688	9137.62890625	
35.194912	4.30181076438094E-03	-1.9226182696875E-07	0	-0.0055694474	9137.62890625	
35.199008	4.30222220992781E-03	-1.955459583E-07	0	-0.00482558285	9137.62890625	
35.203104	4.30281990315891E-03	-2.0571950581875E-07	0	-0.00602339551	9137.62890625	
35.2072	4.30333622160406E-03	-2.154642076125E-07	0	-0.00638960575	9137.62890625	
35.211296	4.30376796513125E-03	-2.22094729828125E-07	0	-0.00643156734	9137.62890625	
35.215392	4.30406310873687E-03	-2.24898092409375E-07	0	-0.00534438069	9137.62890625	
35.219488	4.30429845558969E-03	-2.2489592895E-07	0	-0.00619887125	9137.62890625	
35.223584	4.30426508278422E-03	-2.2074256771875E-07	0	-0.00582121694	9137.62890625	
35.22768	0.00430410809345	-2.11879836196875E-07	0	-0.00562666775	9137.62890625	
35.231776	4.30379566913141E-03	-2.00920231771875E-07	0	-0.00475310374	9137.62890625	
35.235872	4.30360393550656E-03	-1.90062069553125E-07	0	-0.00449751951	9137.62890625	
35.239968	4.30372288898578E-03	-1.874228895E-07	0	-0.00629805319	9137.62890625	
35.244064	4.30378314290031E-03	-1.88646205584375E-07	0	-0.00624083284	9137.62890625	
35.24816	4.30377244531609E-03	-1.87689956540625E-07	0	-0.006484973	9137.62890625	
35.252256	4.30370981416062E-03	-1.858757756625E-07	0	-0.00754164213	9137.62890625	
35.256352	4.30353810421906E-03	-1.8191135655E-07	0	-0.00751875399	9137.62890625	
35.260448	4.30327505336609E-03	-1.76051987409375E-07	0	-0.00726698445	9137.62890625	
35.264544	4.30287659121203E-03	-1.679815627875E-07	0	-0.00598143392	9137.62890625	
35.26864	4.30226865755844E-03	-1.5648301659375E-07	0	-0.00590895481	9137.62890625	
35.272736	4.30176203094172E-03	-1.44573172734375E-07	0	-0.00563811182	9137.62890625	
35.276832	4.30163183128422E-03	-1.41490483509375E-07	0	-0.00506972301	9137.62890625	
35.280928	4.30164508897406E-03	-1.4484648976875E-07	0	-0.00478743595	9137.62890625	
35.285024	4.30163256274297E-03	-1.490383125E-07	0	-0.00484847099	9137.62890625	
35.28912	4.30167937610297E-03	-1.5283590485625E-07	0	-0.00551604174	9137.62890625	
35.293216	4.30187092686312E-03	-1.585719568125E-07	0	-0.0067138544	9137.62890625	
35.297312	4.30206759783453E-03	-1.657392573375E-07	0	-0.00703810305	9137.62890625	
35.301408	4.30195394743125E-03	-1.672546404375E-07	0	-0.0059127695	9137.62890625	
35.305504	4.30166630127781E-03	-1.62759212240625E-07	0	-0.00653837866	9137.62890625	
35.3096	4.30148252226688E-03	-1.57565948203125E-07	0	-0.00731276073	9137.62890625	
35.313696	4.30148919682797E-03	-1.56664987565625E-07	0	-0.00614546559	9137.62890625	
35.317792	4.30178324324547E-03	-1.62184212815625E-07	0	-0.00589751074	9137.62890625	
35.321888	4.30210270785453E-03	-1.71175069209375E-07	0	-0.00580214349	9137.62890625	
35.325984	4.30247959197547E-03	-1.7945751285E-07	0	-0.00673674254	9137.62890625	
35.33008	4.30299965914672E-03	-1.88809426575E-07	0	-0.00636671761	9137.62890625	
35.334176	4.30368585888656E-03	-2.013834524625E-07	0	-0.00516509026	9137.62890625	
35.338272	4.30405359977312E-03	-2.09899549715625E-07	0	-0.00584410508	9137.62890625	
35.342368	4.30422850984672E-03	-2.10506279878125E-07	0	-0.00722502286	9137.62890625	
35.346464	4.30439098512156E-03	-2.09076473615625E-07	0	-0.00684736855	9137.62890625	
35.35056	4.30452685358437E-03	-2.0692335076875E-07	0	-0.00456618393	9137.62890625	
35.354656	4.30479173308422E-03	-2.0664162028125E-07	0	-0.00527190158	9137.625	
35.358752	4.30518388640656E-03	-2.097459441E-07	0	-0.00483702692	9137.625	
35.362848	4.30574134940641E-03	-2.1665314873125E-07	0	-0.00577925535	9137.625	
35.366944	4.30617601876859E-03	-2.2316660375625E-07	0	-0.00584410508	9137.625	
35.37104	4.30662614019688E-03	-2.27695204996875E-07	0	-0.00667189281	9137.625	
35.375136	4.30691433494437E-03	-2.30250971671875E-07	0	-0.00716780251	9137.625	
35.379232	4.30702176794828E-03	-2.2798775278125E-07	0	-0.00809477218	9137.625	
35.383328	4.30685280097703E-03	-2.20851942609375E-07	0	-0.00606154241	9137.625	
35.387424	4.30645324163484E-03	-2.07939936290625E-07	0	-0.004577628	9137.625	
35.39152	4.30612929684094E-03	-1.950373049625E-07	0	-0.00504302018	9137.625	
35.395616	4.30599772569828E-03	-1.869988514625E-07	0	-0.0054550067	9137.625	
35.399712	4.30610195857016E-03	-1.85801737275E-07	0	-0.00440596695	9137.625	
35.403808	4.30601107482047E-03	-1.855200067875E-07	0	-0.00459670145	9137.625	
35.407904	4.30575881298406E-03	-1.8045991569375E-07	0	-0.00696562394	9137.625	
35.412	4.30556918230313E-03	-1.7510703643125E-07	0	-0.00758360372	9137.625	
35.416096	4.30544721155656E-03	-1.7272915419375E-07	0	-0.0075149393	9137.625	
35.420192	4.30477682961219E-03	-1.64217383859375E-07	0	-0.00654600804	9137.625	
35.424288	4.30393729783188E-03	-1.47915957853125E-07	0	-0.00578688473	9137.625	
35.428384	4.30324085766953E-03	-1.32936405525E-07	0	-0.00618742718	9137.625	
35.43248	4.30302489447359E-03	-1.28172708365625E-07	0	-0.00529097503	9137.625	
35.436576	4.30301419688937E-03	-1.32082319840625E-07	0	-0.00446700199	9137.625	
35.440672	4.30301511121281E-03	-1.3826861173125E-07	0	-0.00456236924	9137.625	
35.444768	4.30296436626203E-03	-1.42462597921875E-07	0	-0.00600432206	9137.625	
35.448864	4.30314265933234E-03	-1.48258745971875E-07	0	-0.00634764416	9137.625	
35.45296	4.30364041701172E-03	-1.59653446115625E-07	0	-0.00533675131	9137.625	
35.457056	4.30392824602984E-03	-1.70922184846875E-07	0	-0.00551985643	9137.625	
35.461152	4.30387786680844E-03	-1.73874826125E-07	0	-0.00607298648	9137.625	
35.465248	4.30380444663641E-03	-1.70933242528125E-07	0	-0.00623320346	9137.625	
35.469344	4.30416469007078E-03	-1.74320258371875E-07	0	-0.00563811182	9137.625	
35.47344	4.30465696180953E-03	-1.83290441709375E-07	0	-0.00595473109	9137.625	
35.477536	4.30520189857828E-03	-1.942238442375E-07	0	-0.00557707678	9137.625	
35.481632	4.30575835582234E-03	-2.03910613396875E-07	0	-0.00539778635	9137.625	
35.485728	4.30636190072344E-03	-2.1359065179375E-07	0	-0.00577925535	9137.625	
35.489824	4.30707726738094E-03	-2.235141995625E-07	0	-0.00482558285	9137.625	
35.49392	4.30775532964219E-03	-2.3368774708125E-07	0	-0.00598524861	9137.625	
35.498016	4.30817637558516E-03	-2.39292789553125E-07	0	-0.00672529847	9137.625	
35.502112	4.30818634171062E-03	-2.3551659140625E-07	0	-0.00615690966	9137.625	
35.506208	4.30809225782891E-03	-2.26297850625E-07	0	-0.00493620886	9137.625	
35.510304	4.30814931161141E-03	-2.18093291521875E-07	0	-0.00522231061	9137.625	
35.5144	4.30847325640531E-03	-2.171382444E-07	0	-0.00463484835	9137.625	
35.518496	4.30879308674375E-03	-2.188622811375E-07	0	-0.00473403029	9137.625	
35.522592	4.30903492529297E-03	-2.2014833754375E-07	0	-0.00516890495	9137.625	
35.526688	4.30924311673969E-03	-2.20029347278125E-07	0	-0.00575636721	9137.625	
35.530784	4.30944929667484E-03	-2.20278625875E-07	0	-0.00782392919	9137.625	
35.53488	4.30937578507047E-03	-2.170738213875E-07	0	-0.0059890633	9137.625	
35.538976	4.30874078744312E-03	-2.0455412236875E-07	0	-0.00661467246	9137.625	
35.543072	4.30773073434172E-03	-1.82033712196875E-07	0	-0.00489806196	9137.625	
35.547168	4.30693326143953E-03	-1.6033685889375E-07	0	-0.0059127695	9137.625	
35.551264	4.30658152121313E-03	-1.50228936309375E-07	0	-0.00414275334	9137.625	
35.55536	4.30621963199656E-03	-1.45884709884375E-07	0	-0.00410079175	9137.625	
35.559456	4.30595109520297E-03	-1.43825096559375E-07	0	-0.0049209501	9137.62109375	
35.563552	4.30571090243594E-03	-1.42832309090625E-07	0	-0.00646589955	9137.62109375	
35.567648	0.004305632453485	-1.44962114653125E-07	0	-0.0073242048	9137.62109375	
35.571744	4.30543980553672E-03	-1.4691908385E-07	0	-0.00619124187	9137.62109375	
35.57584	4.30503284017469E-03	-1.44724614890625E-07	0	-0.00594710171	9137.62109375	
35.579936	0.004304473822825	-1.3753784323125E-07	0	-0.00589369605	9137.62109375	
35.584032	4.30401163232734E-03	-1.30143379471875E-07	0	-0.00667952219	9137.62109375	
35.588128	4.30388051834641E-03	-1.29386409075E-07	0	-0.00465773649	9137.62109375	
35.592224	4.30375827330281E-03	-1.31393858990625E-07	0	-0.004577628	9137.62109375	
35.59632	4.30376458213453E-03	-1.356623643375E-07	0	-0.00449370482	9137.62109375	
35.600416	4.30393437199687E-03	-1.417162044375E-07	0	-0.00501631735	9137.62109375	
35.604512	4.30436437830953E-03	-1.52727491503125E-07	0	-0.00536345414	9137.62109375	
35.608608	4.30472800474063E-03	-1.6384743230625E-07	0	-0.00448607544	9137.62109375	
35.612704	4.30500559333625E-03	-1.72022664515625E-07	0	-0.00642775265	9137.62109375	
35.6168	4.30530585715313E-03	-1.78327465903125E-07	0	-0.00634764416	9137.62109375	
35.620896	4.30537918589281E-03	-1.81214963015625E-07	0	-0.00606917179	9137.62109375	
35.624992	4.30536665966172E-03	-1.800777045375E-07	0	-0.00598524861	9137.62109375	
35.629088	4.30539811238797E-03	-1.77841889465625E-07	0	-0.00527953096	9137.62109375	
35.633184	4.30576036733391E-03	-1.80763280775E-07	0	-0.00502013204	9137.62109375	
35.63728	4.30628217171969E-03	-1.88042840803125E-07	0	-0.00539397166	9137.62109375	
35.641376	0.00430678230664	-1.96845716615625E-07	0	-0.0043487466	9137.62109375	
35.645472	4.30731535720406E-03	-2.04320709140625E-07	0	-0.00548933891	9137.62109375	
35.649568	4.30775642683031E-03	-2.10620222071875E-07	0	-0.0070571765	9137.62109375	
35.653664	4.30806574244922E-03	-2.13716853590625E-07	0	-0.0060272102	9137.62109375	
35.65776	0.0043079409373	-2.09773588303125E-07	0	-0.00545119201	9137.62109375	
35.661856	4.30760967791859E-03	-1.99466387071875E-07	0	-0.00608443055	9137.62109375	
35.665952	4.30728536739531E-03	-1.87389956840625E-07	0	-0.0061797978	9137.62109375	
35.670048	4.30715407054969E-03	-1.80239483221875E-07	0	-0.00366591709	9137.62109375	
35.674144	4.30712206922937E-03	-1.76660159878125E-07	0	-0.00571059093	9137.62109375	
35.67824	4.30695922822516E-03	-1.74029393278125E-07	0	-0.0041580121	9137.62109375	
35.682336	4.30696489703047E-03	-1.71482520825E-07	0	-0.00673292785	9137.62109375	
35.686432	4.30712728087297E-03	-1.73870979975E-07	0	-0.00772856194	9137.62109375	
35.690528	4.30707918746016E-03	-1.75535161003125E-07	0	-0.00666807812	9137.62109375	
35.694624	4.30641868020891E-03	-1.6748973635625E-07	0	-0.00622938877	9137.62109375	
35.69872	4.30552767201906E-03	-1.50472686065625E-07	0	-0.00700758553	9137.62109375	
35.702816	4.30489313155344E-03	-1.35844094925E-07	0	-0.0057601819	9137.62109375	
35.706912	4.30451597313547E-03	-1.28495304196875E-07	0	-0.00352477356	9137.62109375	
35.711008	4.30421909231531E-03	-1.25847229921875E-07	0	-0.00281142653	9137.62109375	
35.715104	4.30405579414937E-03	-1.25734249265625E-07	0	-0.00460051614	9137.62109375	
35.7192	4.30427075158953E-03	-1.314460224E-07	0	-0.00634001478	9137.62109375	
35.723296	4.30462331470703E-03	-1.422604346625E-07	0	-0.0069808827	9137.62109375	
35.727392	4.30472626752609E-03	-1.50835666471875E-07	0	-0.00535201007	9137.62109375	
35.731488	4.30447318279859E-03	-1.509921567E-07	0	-0.00643919672	9137.62109375	
35.735584	4.30409072130469E-03	-1.45503941034375E-07	0	-0.00728987259	9137.62109375	
35.73968	0.00430389158166	-1.40979426328125E-07	0	-0.00599287799	9137.62109375	
35.743776	4.30386104325719E-03	-1.40913561009375E-07	0	-0.00459288676	9137.62109375	
35.747872	4.30388335274906E-03	-1.4302341466875E-07	0	-0.00502394673	9137.62109375	
35.751968	4.30401876405016E-03	-1.46656343728125E-07	0	-0.00566862934	9137.62109375	
35.756064	4.30448653192078E-03	-1.5465609534375E-07	0	-0.00598524861	9137.62109375	
35.76016	4.30520043566078E-03	-1.687642543125E-07	0	-0.00461196021	9137.62109375	
35.764256	4.30588892120922E-03	-1.8318010528125E-07	0	-0.00542448918	9137.62109375	
35.768352	4.30641109132437E-03	-1.93638027515625E-07	0	-0.00647352893	9137.62109375	
35.772448	4.30671848686406E-03	-1.978603790625E-07	0	-0.00557707678	9137.62109375	
35.776544	4.30697660037047E-03	-1.99099079746875E-07	0	-0.00552748581	9137.62109375	
35.78064	4.30717948874125E-03	-1.98567349509375E-07	0	-0.00513075805	9137.62109375	
35.784736	4.30730283097297E-03	-1.96836101240625E-07	0	-0.00582884632	9137.62109375	
35.788832	4.30751915989828E-03	-1.95565429434375E-07	0	-0.00436019067	9137.62109375	
35.792928	4.30780305732563E-03	-1.9632624598125E-07	0	-0.00485610037	9137.62109375	
35.797024	4.30815982633094E-03	-1.9878874351875E-07	0	-0.00530623379	9137.62109375	
35.80112	4.30859824441922E-03	-2.026613358E-07	0	-0.00622175939	9137.62109375	
35.805216	4.30889576526578E-03	-2.0606950546875E-07	0	-0.00569914686	9137.62109375	
35.809312	4.30875834245313E-03	-2.02728883809375E-07	0	-0.00608443055	9137.62109375	
35.813408	4.30824558986938E-03	-1.91378654775E-07	0	-0.00639723513	9137.62109375	
35.817504	4.30768081228203E-03	-1.76166410371875E-07	0	-0.00709150871	9137.62109375	
35.8216	4.30722182191641E-03	-1.63775076609375E-07	0	-0.00367736116	9137.62109375	
35.825696	4.30677572351125E-03	-1.5431282645625E-07	0	-0.0040054245	9137.62109375	
35.829792	4.30623060387781E-03	-1.4489456664375E-07	0	-0.00426863811	9137.62109375	
35.833888	4.30595237525578E-03	-1.38586399875E-07	0	-0.00545119201	9137.62109375	
35.837984	4.30596106132844E-03	-1.39442408634375E-07	0	-0.00734327825	9137.62109375	
35.84208	4.30599251405469E-03	-1.43393366221875E-07	0	-0.00640104982	9137.62109375	
35.846176	4.30588060086594E-03	-1.45940479059375E-07	0	-0.00639342044	9137.62109375	
35.850272	4.30552584337219E-03	-1.4374072164375E-07	0	-0.00714491437	9137.62109375	
35.854368	4.30517136017547E-03	-1.387546689375E-07	0	-0.0065612668	9137.62109375	
35.858464	4.30495795708516E-03	-1.35897700640625E-07	0	-0.00507735239	9137.62109375	
35.86256	4.30483708352672E-03	-1.3600515245625E-07	0	-0.00387953973	9137.62109375	
35.866656	0.00430472837047	-1.36644815278125E-07	0	-0.00405120078	9137.62109375	
35.870752	4.30500641622734E-03	-1.41409473975E-07	0	-0.00471495684	9137.62109375	
35.874848	4.30557329675859E-03	-1.5309648151875E-07	0	-0.00488661789	9137.62109375	
35.878944	4.30617547017453E-03	-1.671392559375E-07	0	-0.00407790361	9137.62109375	
35.88304	4.30670998365609E-03	-1.78690927078125E-07	0	-0.0045013342	9137.62109375	
35.887136	4.30708833069453E-03	-1.86249573365625E-07	0	-0.00574873783	9137.62109375	
35.891232	4.30741885861719E-03	-1.90314953915625E-07	0	-0.00697325332	9137.62109375	
35.895328	4.30759669452578E-03	-1.917334621125E-07	0	-0.00592421357	9137.62109375	
35.899424	4.30783231567562E-03	-1.91845721615625E-07	0	-0.00632094133	9137.62109375	
35.90352	4.3080594336175E-03	-1.92632740059375E-07	0	-0.00672148378	9137.62109375	
35.907616	4.30838520705828E-03	-1.94142834703125E-07	0	-0.00542448918	9137.62109375	
35.911712	4.30881667628844E-03	-1.9774980225E-07	0	-0.00551604174	9137.62109375	
35.915808	4.30926944925469E-03	-2.02777441453125E-07	0	-0.00465010711	9137.62109375	
35.919904	4.30977479581859E-03	-2.075238309375E-07	0	-0.00503920549	9137.62109375	
35.924	4.31025728429656E-03	-2.13219257934375E-07	0	-0.00657271087	9137.62109375	
35.928096	4.31046264134062E-03	-2.14981275403125E-07	0	-0.00553511519	9137.62109375	
35.932192	4.3101689606525E-03	-2.08034166965625E-07	0	-0.00599287799	9137.62109375	
35.936288	4.30975468070297E-03	-1.9545605454375E-07	0	-0.00605391303	9137.62109375	
35.940384	4.30943677044375E-03	-1.84123133184375E-07	0	-0.00640104982	9137.62109375	
35.94448	4.30907515552422E-03	-1.752430939875E-07	0	-0.00445174323	9137.62109375	
35.948576	4.30868629376625E-03	-1.6579454574375E-07	0	-0.00548170953	9137.62109375	
35.952672	4.30850105183781E-03	-1.60584214415625E-07	0	-0.00573729376	9137.62109375	
35.956768	4.30859294134328E-03	-1.60363301175E-07	0	-0.00714491437	9137.62109375	
35.960864	4.30869150540984E-03	-1.64198153109375E-07	0	-0.00750730992	9137.6171875	
35.96496	4.30851211515141E-03	-1.6446473938125E-07	0	-0.00552367112	9137.6171875	
35.969056	4.30812023612609E-03	-1.59331331053125E-07	0	-0.00719450534	9137.6171875	
35.973152	4.30777087314062E-03	-1.53080375765625E-07	0	-0.0065612668	9137.6171875	
35.977248	4.30764113064484E-03	-1.49972686565625E-07	0	-0.0047302156	9137.6171875	
35.981344	4.30751659979266E-03	-1.499767731E-07	0	-0.00327300402	9137.6171875	
35.98544	4.30731151704563E-03	-1.4821090948125E-07	0	-0.00428389687	9137.6171875	
35.989536	4.30737250241891E-03	-1.48543841840625E-07	0	-0.00471877153	9137.6171875	
35.993632	4.30780506883719E-03	-1.55522681015625E-07	0	-0.0039291307	9137.6171875	
35.997728	4.30839654466891E-03	-1.67416899890625E-07	0	-0.00581740225	9137.6171875	
36.001824	4.30891917194578E-03	-1.7906953246875E-07	0	-0.00482558285	9137.6171875	
36.00592	4.30927411230422E-03	-1.8637529439375E-07	0	-0.00752638337	9137.6171875	
36.010016	4.30966617419422E-03	-1.92195240496875E-07	0	-0.00827024792	9137.6171875	
36.014112	4.3099641522025E-03	-1.9579066959375E-07	0	-0.00792311113	9137.6171875	
36.018208	0.00431011775854	-1.97058697171875E-07	0	-0.0058364757	9137.6171875	
36.022304	4.31013641073812E-03	-1.9473105526875E-07	0	-0.00540923042	9137.6171875	
36.0264	4.31033006444219E-03	-1.93146201084375E-07	0	-0.00460051614	9137.6171875	
36.030496	4.31081337581125E-03	-1.96681774471875E-07	0	-0.00406645954	9137.6171875	
36.034592	4.31144983635609E-03	-2.0465892995625E-07	0	-0.00389479849	9137.6171875	
36.038688	4.31195948024016E-03	-2.12277912721875E-07	0	-0.00571059093	9137.6171875	
36.042784	4.31227766479641E-03	-2.16113245425E-07	0	-0.00548170953	9137.6171875	
36.04688	4.31248357043453E-03	-2.1635987979375E-07	0	-0.00595854578	9137.6171875	
36.050976	4.31244416309438E-03	-2.12704835371875E-07	0	-0.00539778635	9137.6171875	
36.055072	4.31226449853891E-03	-2.0592623638125E-07	0	-0.00534819538	9137.6171875	
36.059168	4.3120180883725E-03	-1.97319273834375E-07	0	-0.00704191774	9137.6171875	
36.063264	4.31183394363219E-03	-1.89979858096875E-07	0	-0.00532530724	9137.6171875	
36.06736	4.31171425869422E-03	-1.84655344190625E-07	0	-0.0057983288	9137.6171875	
36.071456	4.31168801761156E-03	-1.8215414476875E-07	0	-0.00463103366	9137.6171875	
36.075552	4.31169231493172E-03	-1.81139482321875E-07	0	-0.00618361249	9137.6171875	
36.079648	0.00431166845109	-1.8099597285E-07	0	-0.00589751074	9137.6171875	
36.083744	4.31143356139891E-03	-1.78214485246875E-07	0	-0.00596236047	9137.6171875	
36.08784	4.31093242072281E-03	-1.70937569446875E-07	0	-0.00536345414	9137.6171875	
36.091936	4.31031479524078E-03	-1.600681091625E-07	0	-0.00627135036	9137.6171875	
36.096032	4.30968418636594E-03	-1.49172206596875E-07	0	-0.00530623379	9137.6171875	
36.100128	4.30913513514172E-03	-1.3978687944375E-07	0	-0.0037383962	9137.6171875	
36.104224	4.30869790567391E-03	-1.33549145296875E-07	0	-0.00441359633	9137.6171875	
36.10832	0.0043086431377	-1.3299361700625E-07	0	-0.00346373852	9137.6171875	
36.112416	4.30884950049984E-03	-1.387162074375E-07	0	-0.00610731869	9137.6171875	
36.116512	4.30911977450797E-03	-1.47951534740625E-07	0	-0.00680159227	9137.6171875	
36.120608	4.30925152851531E-03	-1.548258067125E-07	0	-0.00658796963	9137.6171875	
36.124704	4.30938017382297E-03	-1.5989262856875E-07	0	-0.0073623517	9137.6171875	
36.1288	4.30947252049016E-03	-1.6310127920625E-07	0	-0.00785444671	9137.6171875	
36.132896	4.30945368542734E-03	-1.64942383134375E-07	0	-0.00696562394	9137.6171875	
36.136992	4.30935566995484E-03	-1.63903441865625E-07	0	-0.0047683625	9137.6171875	
36.141088	4.30944728516328E-03	-1.64252479978125E-07	0	-0.00701140022	9137.6171875	
36.145184	4.30976062380531E-03	-1.68572187196875E-07	0	-0.00554274457	9137.6171875	
36.14928	4.31015369145109E-03	-1.75205353640625E-07	0	-0.00533675131	9137.6171875	
36.153376	4.31062868247687E-03	-1.8354356645625E-07	0	-0.00460814552	9137.6171875	
36.157472	4.31111976559516E-03	-1.90981780171875E-07	0	-0.00592802826	9137.6171875	
36.161568	4.31159448232391E-03	-1.9862624368125E-07	0	-0.00606917179	9137.6171875	
36.165664	4.31196194891344E-03	-2.03338979353125E-07	0	-0.00653456397	9137.6171875	
36.16976	4.31202659158047E-03	-2.04225516928125E-07	0	-0.00607680117	9137.6171875	
36.173856	4.31187234521656E-03	-1.99085618221875E-07	0	-0.00645827017	9137.6171875	
36.177952	4.31172852213984E-03	-1.92391874915625E-07	0	-0.00696943863	9137.6171875	
36.182048	4.31178731313688E-03	-1.88872647665625E-07	0	-0.00703810305	9137.6171875	
36.186144	4.31192766178453E-03	-1.8802144659375E-07	0	-0.0053024191	9137.6171875	
36.19024	4.31215011667687E-03	-1.90028415740625E-07	0	-0.00509642584	9137.6171875	
36.194336	4.31235812525891E-03	-1.92001731075E-07	0	-0.00578688473	9137.6171875	
36.198432	4.31245476924625E-03	-1.933930758375E-07	0	-0.00584029039	9137.6171875	
36.202528	4.31238464063859E-03	-1.90813991878125E-07	0	-0.0059509164	9137.6171875	
36.206624	4.31213914479562E-03	-1.8559452594375E-07	0	-0.00539397166	9137.6171875	
36.21072	4.31168116018578E-03	-1.76921698078125E-07	0	-0.00615309497	9137.6171875	
36.214816	4.31109535315938E-03	-1.655950267125E-07	0	-0.00474928905	9137.6171875	
36.218912	4.31053889591531E-03	-1.54725085659375E-07	0	-0.00503920549	9137.6171875	
36.223008	4.31010971249375E-03	-1.461767769E-07	0	-0.0044250404	9137.6171875	
36.227104	4.30994037979312E-03	-1.43111154965625E-07	0	-0.00636671761	9137.6171875	
36.2312	4.30992035610984E-03	-1.44182548125E-07	0	-0.00590514012	9137.6171875	
36.235296	4.30993452812312E-03	-1.4759648701875E-07	0	-0.00551222705	9137.6171875	
36.239392	4.30982106058453E-03	-1.4952917739375E-07	0	-0.0067520013	9137.6171875	
36.243488	4.30975422354125E-03	-1.50057782634375E-07	0	-0.00722502286	9137.6171875	
36.247584	4.30975916088781E-03	-1.5216763629375E-07	0	-0.00737761046	9137.6171875	
36.25168	4.30956267278109E-03	-1.523719630125E-07	0	-0.00574110845	9137.6171875	
36.255776	4.30920590377578E-03	-1.48794803128125E-07	0	-0.00490569134	9137.6171875	
36.259872	4.30893498974125E-03	-1.44322692215625E-07	0	-0.00388716911	9137.6171875	
36.263968	4.30918258852812E-03	-1.465873534125E-07	0	-0.00487898851	9137.6171875	
36.268064	4.30961350916422E-03	-1.552315755375E-07	0	-0.00415419741	9137.6171875	
36.27216	4.31005503595219E-03	-1.65638055515625E-07	0	-0.0049209501	9137.6171875	
36.276256	4.31029001707563E-03	-1.725700197375E-07	0	-0.00565718527	9137.6171875	
36.280352	4.31048979674672E-03	-1.76018333596875E-07	0	-0.00776670884	9137.6171875	
36.284448	4.31080889562641E-03	-1.80240444759375E-07	0	-0.006866442	9137.6171875	
36.288544	0.00431083166228	-1.82127942871875E-07	0	-0.00643156734	9137.6171875	
36.29264	4.31052847262813E-03	-1.77631793521875E-07	0	-0.00550078298	9137.6171875	
36.296736	4.31011620419016E-03	-1.68824590790625E-07	0	-0.00630186788	9137.6171875	
36.300832	4.31018678995953E-03	-1.6458589310625E-07	0	-0.00557707678	9137.6171875	
36.304928	4.31047727051562E-03	-1.67984687784375E-07	0	-0.00323867181	9137.6171875	
36.309024	4.31071060585687E-03	-1.72702471528125E-07	0	-0.00391387194	9137.6171875	
36.31312	4.31089767643219E-03	-1.75555834059375E-07	0	-0.00454329579	9137.6171875	
36.317216	4.31114829248641E-03	-1.78406792746875E-07	0	-0.00515746088	9137.6171875	
36.321312	4.31137029021703E-03	-1.8110366505E-07	0	-0.00535201007	9137.6171875	
36.325408	4.31130994487016E-03	-1.81082751609375E-07	0	-0.00547026546	9137.6171875	
36.329504	4.31096643355469E-03	-1.75198622878125E-07	0	-0.00490950603	9137.6171875	
36.3336	4.31039141554484E-03	-1.64809210190625E-07	0	-0.00716780251	9137.6171875	
36.337696	0.00430992465343	-1.54173163134375E-07	0	-0.00576781128	9137.6171875	
36.341792	4.30965501944828E-03	-1.4769360230625E-07	0	-0.00556563271	9137.6171875	
36.345888	4.30959357691328E-03	-1.460027386125E-07	0	-0.00630949726	9137.6171875	
36.349984	4.30958031922344E-03	-1.4715706438125E-07	0	-0.00664137529	9137.6171875	
36.35408	4.30965593377172E-03	-1.49670763790625E-07	0	-0.00677107475	9137.6171875	
36.358176	4.30979829393094E-03	-1.537065770625E-07	0	-0.00660322839	9137.6171875	
36.362272	4.30979801963391E-03	-1.5645032431875E-07	0	-0.00567244403	9137.6171875	
36.366368	4.30964615051094E-03	-1.55973642103125E-07	0	-0.00567244403	9137.6171875	
36.370464	4.30933573770391E-03	-1.52478693675E-07	0	-0.00607680117	9137.6171875	
36.37456	4.30910925978844E-03	-1.48527976471875E-07	0	-0.00461196021	9137.6171875	
36.378656	4.30896507098234E-03	-1.4601860398125E-07	0	-0.00486372975	9137.6171875	
36.382752	4.30915195869297E-03	-1.48139515321875E-07	0	-0.00451659296	9137.6171875	
36.386848	4.30942689575062E-03	-1.5358301949375E-07	0	-0.00468443932	9137.6171875	
36.390944	4.30979024788469E-03	-1.609758005625E-07	0	-0.00500487328	9137.6171875	
36.39504	4.31014665116063E-03	-1.67924591690625E-07	0	-0.00706099119	9137.6171875	
36.399136	4.31054758198797E-03	-1.74594296559375E-07	0	-0.00768278566	9137.6171875	
36.403232	4.31074809311781E-03	-1.7948107051875E-07	0	-0.00748823647	9137.6171875	
36.407328	4.31057199442375E-03	-1.7800126430625E-07	0	-0.00612639214	9137.6171875	
36.411424	4.31017901821031E-03	-1.7063300244375E-07	0	-0.00662611653	9137.6171875	
36.41552	4.30990170391172E-03	-1.62417385659375E-07	0	-0.00634001478	9137.6171875	
36.419616	4.30984830742297E-03	-1.58932533375E-07	0	-0.00366591709	9137.6171875	
36.423712	4.30984876458469E-03	-1.58220995625E-07	0	-0.0040817183	9137.6171875	
36.427808	4.30999386771422E-03	-1.597604171625E-07	0	-0.0043487466	9137.6171875	
36.431904	4.31020050481109E-03	-1.62432529875E-07	0	-0.00562666775	9137.6171875	
36.436	4.31047964775656E-03	-1.67169303984375E-07	0	-0.00684355386	9137.6171875	
36.440096	4.31055261076688E-03	-1.6947723436875E-07	0	-0.00673674254	9137.6171875	
36.444192	4.31018486988031E-03	-1.65925074459375E-07	0	-0.00582121694	9137.6171875	
36.448288	4.30957492471516E-03	-1.5585801721875E-07	0	-0.00680922165	9137.6171875	
36.452384	4.30908265297641E-03	-1.45167883678125E-07	0	-0.00712202623	9137.6171875	
36.45648	4.30882216222906E-03	-1.391767839E-07	0	-0.00629042381	9137.6171875	
36.460576	4.30851476668937E-03	-1.35706835446875E-07	0	-0.00511549929	9137.6171875	
36.464672	4.30832056439125E-03	-1.331767899E-07	0	-0.00439070819	9137.6171875	
36.468768	4.30835722876109E-03	-1.34281836871875E-07	0	-0.00653074928	9137.6171875	
36.472864	4.30843842068234E-03	-1.3823399638125E-07	0	-0.00647352893	9137.6171875	
36.47696	4.30841985991656E-03	-1.412219741625E-07	0	-0.00557326209	9137.6171875	
36.481056	4.30821331425203E-03	-1.4102149359375E-07	0	-0.00575255252	9137.6171875	
36.485152	4.30786916291016E-03	-1.37824862175E-07	0	-0.00592421357	9137.6171875	
36.489248	0.00430743769368	-1.32504915571875E-07	0	-0.00437926412	9137.6171875	
36.493344	4.30718945486672E-03	-1.28291939015625E-07	0	-0.004577628	9137.6171875	
36.49744	4.30724632578453E-03	-1.2910804396875E-07	0	-0.00526808689	9137.6171875	
36.501536	4.3074918216275E-03	-1.3428303879375E-07	0	-0.0047683625	9137.6171875	
36.505632	4.30798244758406E-03	-1.4345033731875E-07	0	-0.00509261115	9137.6171875	
36.509728	4.30854475649812E-03	-1.54511624334375E-07	0	-0.0058364757	9137.6171875	
36.513824	4.30913559230344E-03	-1.65496709503125E-07	0	-0.00550841236	9137.6171875	
36.51792	4.30961625213453E-03	-1.74600065784375E-07	0	-0.00661467246	9137.6171875	
36.522016	0.004309828100875	-1.78979869096875E-07	0	-0.00756453027	9137.6171875	
36.526112	4.30973127402297E-03	-1.77410639896875E-07	0	-0.00536345414	9137.6171875	
36.530208	4.30959467410141E-03	-1.720180972125E-07	0	-0.00622175939	9137.6171875	
36.534304	4.30974334309234E-03	-1.6975223409375E-07	0	-0.00570296155	9137.6171875	
36.5384	4.31005375589937E-03	-1.71703914834375E-07	0	-0.00460814552	9137.6171875	
36.542496	4.31031845253453E-03	-1.74665450334375E-07	0	-0.00474928905	9137.6171875	
36.546592	4.31053048413969E-03	-1.7619261226875E-07	0	-0.00490950603	9137.6171875	
36.550688	4.31080871276172E-03	-1.77831793321875E-07	0	-0.00595473109	9137.6171875	
36.554784	4.31116886476375E-03	-1.80915444084375E-07	0	-0.00577162597	9137.6171875	
36.55888	4.31123707329219E-03	-1.818450104625E-07	0	-0.0053024191	9137.6171875	
36.562976	4.3108067926825E-03	-1.7546568991875E-07	0	-0.00667952219	9137.63671875	
36.567072	4.31031909256094E-03	-1.64349595265625E-07	0	-0.00739286922	9137.63671875	
36.571168	4.30991596735734E-03	-1.54707777984375E-07	0	-0.00711439685	9137.63671875	
36.575264	4.30959028534891E-03	-1.47438554484375E-07	0	-0.00638579106	9137.63671875	
36.57936	4.30919484046219E-03	-1.4122726261875E-07	0	-0.00507735239	9137.63671875	
36.583456	4.30889311372781E-03	-1.3620130610625E-07	0	-0.00621031532	9137.63671875	
36.587552	4.3086709331325E-03	-1.3298400163125E-07	0	-0.00630568257	9137.63671875	
36.591648	4.30868254504016E-03	-1.3371188551875E-07	0	-0.0067901482	9137.63671875	
36.595744	4.30848971422719E-03	-1.34581355803125E-07	0	-0.00452803703	9137.63671875	
36.59984	4.30800640285813E-03	-1.3093400368125E-07	0	-0.00571440562	9137.63671875	
36.603936	4.30734159828672E-03	-1.23129444178125E-07	0	-0.00592802826	9137.63671875	
36.608032	4.30674107065297E-03	-1.1455132775625E-07	0	-0.00506209363	9137.63671875	
36.612128	4.30633885977281E-03	-1.0938306369375E-07	0	-0.00415038272	9137.63671875	
36.616224	4.30602789837172E-03	-1.0685806621875E-07	0	-0.00345992383	9137.63671875	
36.62032	4.30601820654328E-03	-1.08997246771875E-07	0	-0.00420378838	9137.63671875	
36.624416	4.30619183656406E-03	-1.14651087271875E-07	0	-0.00677870413	9137.63671875	
36.628512	4.30668675984078E-03	-1.24988096165625E-07	0	-0.00626753567	9137.63671875	
36.632608	4.30713203535484E-03	-1.36372219396875E-07	0	-0.00622938877	9137.63671875	
36.636704	4.30755170981266E-03	-1.46178699975E-07	0	-0.00651167583	9137.63671875	
36.6408	0.00430773027718	-1.52217876628125E-07	0	-0.00719069065	9137.63671875	
36.644896	4.30782271527953E-03	-1.54188547734375E-07	0	-0.00600050737	9137.63671875	
36.648992	4.30804443871313E-03	-1.56022199746875E-07	0	-0.00521849592	9137.63671875	
36.653088	4.30830246078719E-03	-1.5939359060625E-07	0	-0.00388335442	9137.63671875	
36.657184	4.30876044539703E-03	-1.63829403478125E-07	0	-0.00424574997	9137.63671875	
36.66128	4.30932878884578E-03	-1.70726031196875E-07	0	-0.00357436453	9137.63671875	
36.665376	4.30992090470391E-03	-1.77892370184375E-07	0	-0.00544356263	9137.63671875	
36.669472	4.31059384675391E-03	-1.853680838625E-07	0	-0.00545882139	9137.63671875	
36.673568	4.31114600667781E-03	-1.92334663434375E-07	0	-0.00585936384	9137.63671875	
36.677664	0.00431131149922	-1.938603830625E-07	0	-0.00734709294	9137.63671875	
36.68176	4.31124978238797E-03	-1.8938490676875E-07	0	-0.00593565764	9137.63671875	
36.685856	4.31113677201109E-03	-1.82967365109375E-07	0	-0.00657652556	9137.63671875	
36.689952	4.31092574616172E-03	-1.75774583840625E-07	0	-0.00486754444	9137.63671875	
36.694048	4.31068372474781E-03	-1.68065456934375E-07	0	-0.00529097503	9137.63671875	
36.698144	4.31064376881359E-03	-1.63091904215625E-07	0	-0.0051879784	9137.63671875	
36.70224	4.31066552971141E-03	-1.609306083E-07	0	-0.00520705185	9137.63671875	
36.706336	4.31077762576484E-03	-1.6090897370625E-07	0	-0.00609968931	9137.63671875	
36.710432	4.31075339619375E-03	-1.6081762764375E-07	0	-0.00506972301	9137.63671875	
36.714528	4.31051667785578E-03	-1.5768013078125E-07	0	-0.00607298648	9137.63671875	
36.718624	4.3100051138925E-03	-1.50638551284375E-07	0	-0.00571822031	9137.63671875	
36.72272	4.30935000114953E-03	-1.40110677196875E-07	0	-0.00658034025	9137.63671875	
36.726816	4.30870083150891E-03	-1.29662129953125E-07	0	-0.00514601681	9137.63671875	
36.730912	4.30800466564359E-03	-1.1950901510625E-07	0	-0.00507735239	9137.63671875	
36.735008	4.30745323717844E-03	-1.1158402303125E-07	0	-0.0043105997	9137.63671875	
36.739104	0.00430712755517	-1.076027770125E-07	0	-0.00597761923	9137.63671875	
36.7432	4.30704663754578E-03	-1.08665516334375E-07	0	-0.00607680117	9137.63671875	
36.747296	4.30699186957188E-03	-1.12051811025E-07	0	-0.00695036518	9137.63671875	
36.751392	4.30690793468031E-03	-1.1531911545E-07	0	-0.00581358756	9137.63671875	
36.755488	4.30676146006562E-03	-1.17393392221875E-07	0	-0.00712202623	9137.63671875	
36.759584	4.30649959783313E-03	-1.173200749875E-07	0	-0.00661085777	9137.63671875	
36.76368	4.30619814539578E-03	-1.15801086121875E-07	0	-0.00630186788	9137.63671875	
36.767776	4.30591379080672E-03	-1.13742915103125E-07	0	-0.00484084161	9137.63671875	
36.771872	4.30573056038984E-03	-1.12785704521875E-07	0	-0.00562285306	9137.63671875	
36.775968	4.30589394998813E-03	-1.157739226875E-07	0	-0.00403975671	9137.63671875	
36.780064	4.30618132184453E-03	-1.22674156171875E-07	0	-0.00412367989	9137.63671875	
36.78416	4.30676712887094E-03	-1.3275130955625E-07	0	-0.00382994876	9137.63671875	
36.788256	4.30738438862359E-03	-1.4463975920625E-07	0	-0.00469588339	9137.63671875	
36.792352	4.30798994503625E-03	-1.55620757840625E-07	0	-0.00628279443	9137.63671875	
36.796448	4.30839160732234E-03	-1.62901519790625E-07	0	-0.00626753567	9137.63671875	
36.800544	4.30861890812891E-03	-1.6613877616875E-07	0	-0.00523756937	9137.63671875	
36.80464	4.30883898578031E-03	-1.66815458184375E-07	0	-0.00526045751	9137.63671875	
36.808736	4.30904333706859E-03	-1.671142559625E-07	0	-0.00546263608	9137.63671875	
36.812832	4.30936344170406E-03	-1.686296390625E-07	0	-0.00470732746	9137.63671875	
36.816928	4.30959375977797E-03	-1.697998302E-07	0	-0.00510024053	9137.63671875	
36.821024	4.31009901490953E-03	-1.72781798371875E-07	0	-0.00437163474	9137.63671875	
36.82512	4.31064605462219E-03	-1.7816376414375E-07	0	-0.00492476479	9137.63671875	
36.829216	4.31118477399156E-03	-1.8416087353125E-07	0	-0.00573729376	9137.63671875	
36.833312	4.31133316868547E-03	-1.85668804715625E-07	0	-0.00638960575	9137.63671875	
36.837408	4.31125417114047E-03	-1.8193491421875E-07	0	-0.00505064956	9137.63671875	
36.841504	4.31112881739719E-03	-1.75727949271875E-07	0	-0.0066375606	9137.63671875	
36.8456	4.31089859075562E-03	-1.69166417371875E-07	0	-0.00564192651	9137.63671875	
36.849696	4.31055901103094E-03	-1.61214502246875E-07	0	-0.00483321223	9137.63671875	
36.853792	4.31011867286344E-03	-1.5250898210625E-07	0	-0.00544356263	9137.63671875	
36.857888	4.30990572693484E-03	-1.45739998490625E-07	0	-0.0051116846	9137.63671875	
36.861984	4.30970878166641E-03	-1.4180033896875E-07	0	-0.00588225198	9137.63671875	
36.86608	4.30954566636516E-03	-1.394662066875E-07	0	-0.0057601819	9137.63671875	
36.870176	4.30912096312844E-03	-1.3519746095625E-07	0	-0.00727842852	9137.63671875	
36.874272	4.30853305315813E-03	-1.28093862290625E-07	0	-0.00686262731	9137.63671875	
36.878368	4.30785480803219E-03	-1.19137140478125E-07	0	-0.00654600804	9137.63671875	
36.882464	4.30715068755297E-03	-1.09997245771875E-07	0	-0.00468443932	9137.63671875	
36.88656	4.30631463020172E-03	-1.002970150875E-07	0	-0.0046920687	9137.63671875	
36.890656	4.30558719447484E-03	-9.122058185625E-08	0	-0.00324630119	9137.63671875	
36.894752	4.30521469910641E-03	-8.68681823625E-08	0	-0.00514601681	9137.63671875	
36.898848	4.30530430280328E-03	-9.0301111621875E-08	0	-0.00371550806	9137.63671875	
36.902944	4.30563483072594E-03	-9.9913121240625E-08	0	-0.00419234431	9137.63671875	
36.90704	4.30591104783641E-03	-1.1019363980625E-07	0	-0.00599287799	9137.63671875	
36.911136	4.30616312680812E-03	-1.18767910078125E-07	0	-0.00696562394	9137.63671875	
36.915232	4.30647811123234E-03	-1.26379440928125E-07	0	-0.00859831126	9137.63671875	
36.919328	4.30680470756422E-03	-1.34170779290625E-07	0	-0.00723646693	9137.63671875	
36.923424	4.30699351535406E-03	-1.39346254884375E-07	0	-0.00647734362	9137.63671875	
36.92752	4.30706455828516E-03	-1.41701540990625E-07	0	-0.00502013204	9137.63671875	
36.931616	4.30739609196359E-03	-1.444373555625E-07	0	-0.00530623379	9137.63671875	
36.935712	4.30807323990141E-03	-1.51891915415625E-07	0	-0.00470351277	9137.63671875	
36.939808	4.30895108183375E-03	-1.63264500196875E-07	0	-0.00451277827	9137.63671875	
36.943904	4.30972743386453E-03	-1.746969406875E-07	0	-0.00443266978	9137.63671875	
36.948	4.31039827297063E-03	-1.83015922753125E-07	0	-0.00539778635	9137.63671875	
36.952096	4.31105905451891E-03	-1.896546180375E-07	0	-0.00763319469	9137.63671875	
36.956192	4.31159768245594E-03	-1.942613442E-07	0	-0.00580595818	9137.63671875	
36.960288	4.31194859979125E-03	-1.9595220789375E-07	0	-0.00615690966	9137.63671875	
36.964384	4.31198462413469E-03	-1.9323778753125E-07	0	-0.00718306127	9137.6328125	
36.96848	4.31192336446438E-03	-1.86929861146875E-07	0	-0.00730894604	9137.6328125	
36.972576	4.31199449882781E-03	-1.81224818775E-07	0	-0.00592039888	9137.6328125	
36.976672	4.31230015715297E-03	-1.79750541403125E-07	0	-0.00623701815	9137.6328125	
36.980768	4.3126149587125E-03	-1.80963280575E-07	0	-0.00630186788	9137.6328125	
36.984864	4.31259795229656E-03	-1.79713041440625E-07	0	-0.00564192651	9137.6328125	
36.98896	4.31238171480359E-03	-1.73975066409375E-07	0	-0.00682448041	9137.6328125	
36.993056	4.31205621565984E-03	-1.6652819885625E-07	0	-0.00749586585	9137.6328125	
36.997152	4.31150231852141E-03	-1.56909218090625E-07	0	-0.00559233554	9137.6328125	
37.001248	4.31059375532156E-03	-1.433537028E-07	0	-0.00631712664	9137.6328125	
37.005344	4.30946173147359E-03	-1.25927999071875E-07	0	-0.00639723513	9137.6328125	
37.00944	4.30863125149531E-03	-1.10846764153125E-07	0	-0.0059509164	9137.6328125	
37.013536	4.30805678207953E-03	-1.019047057875E-07	0	-0.00496672638	9137.6328125	
37.017632	4.30775240380719E-03	-9.88691319E-08	0	-0.00799940493	9137.6328125	
37.021728	4.30751989135703E-03	-9.9545333146875E-08	0	-0.00764463876	9137.6328125	
37.025824	4.30723544533562E-03	-1.005277840875E-07	0	-0.00699232677	9137.6328125	
37.02992	4.30692228955828E-03	-1.00571293659375E-07	0	-0.00810621625	9137.6328125	
37.034016	4.30658252696891E-03	-1.00182592125E-07	0	-0.00783155857	9137.6328125	
37.038112	4.30624953037297E-03	-9.9367208325E-08	0	-0.00569914686	9137.6328125	
37.042208	4.30585381118922E-03	-9.8108315353125E-08	0	-0.00589751074	9137.6328125	
37.046304	4.30558737733953E-03	-9.687730696875E-08	0	-0.0043105997	9137.6328125	
37.0504	4.30563446499656E-03	-9.9491967815625E-08	0	-0.00351714418	9137.6328125	
37.054496	4.30598949678734E-03	-1.06853979684375E-07	0	-0.0046157749	9137.6328125	
37.058592	4.30679144987437E-03	-1.202566105125E-07	0	-0.00588988136	9137.6328125	
37.062688	4.30754540098094E-03	-1.35701546990625E-07	0	-0.00620650063	9137.6328125	
37.066784	4.30825089294531E-03	-1.4907437015625E-07	0	-0.00684736855	9137.6328125	
37.07088	4.30874581622203E-03	-1.58552485678125E-07	0	-0.0081634366	9137.6328125	
37.074976	4.30932238858172E-03	-1.65797189971875E-07	0	-0.00799559024	9137.6328125	
37.079072	4.30975394924422E-03	-1.71524107321875E-07	0	-0.00790022299	9137.6328125	
37.083168	4.31010596376766E-03	-1.74652950346875E-07	0	-0.00674818661	9137.6328125	
37.087264	4.31031881826391E-03	-1.7531184391875E-07	0	-0.00674437192	9137.6328125	
37.09136	4.31073611548078E-03	-1.76286362175E-07	0	-0.00521086654	9137.6328125	
37.095456	4.31155809225109E-03	-1.82252461978125E-07	0	-0.00485610037	9137.6328125	
37.099552	4.31241335039453E-03	-1.920276925875E-07	0	-0.00418471493	9137.6328125	
37.103648	4.31305648550047E-03	-1.99549079296875E-07	0	-0.00513838743	9137.6328125	
37.107744	4.31340273978625E-03	-2.02158692071875E-07	0	-0.00632857071	9137.6328125	
37.11184	4.31368032838187E-03	-2.0142720241875E-07	0	-0.00645827017	9137.6328125	
37.115936	4.31375374855391E-03	-1.982469171375E-07	0	-0.0077056738	9137.6328125	
37.120032	4.31329841548203E-03	-1.8951375279375E-07	0	-0.00599669268	9137.6328125	
37.124128	4.31263415950469E-03	-1.748777097375E-07	0	-0.00789259361	9137.6328125	
37.128224	4.31200099052422E-03	-1.6060416631875E-07	0	-0.00806043997	9137.6328125	
37.13232	4.31159365943281E-03	-1.4928013918125E-07	0	-0.00650023176	9137.6328125	
37.136416	4.31125362254641E-03	-1.4253879976875E-07	0	-0.00651549052	9137.6328125	
37.140512	4.31084007405563E-03	-1.3660419031875E-07	0	-0.00643538203	9137.6328125	
37.144608	4.31024814106219E-03	-1.29644341509375E-07	0	-0.00644301141	9137.6328125	
37.148704	4.30952948284031E-03	-1.20305648925E-07	0	-0.00619124187	9137.6328125	
37.1528	4.30890088547703E-03	-1.11905657325E-07	0	-0.00656508149	9137.6328125	
37.156896	4.30797577302297E-03	-1.02551099371875E-07	0	-0.00584791977	9137.6328125	
37.160992	4.30704042014641E-03	-9.1066976240625E-08	0	-0.0048065094	9137.6328125	
37.165088	4.30625684496047E-03	-8.22508792875E-08	0	-0.00584410508	9137.6328125	
37.169184	4.30584558227828E-03	-7.800136430625E-08	0	-0.00524901344	9137.6328125	
37.17328	4.30566326618484E-03	-7.971145875E-08	0	-0.00501250266	9137.6328125	
37.177376	4.30568694716187E-03	-8.472251143125E-08	0	-0.00634764416	9137.6328125	
37.181472	4.30583936487891E-03	-9.25604843625E-08	0	-0.00650404645	9137.6328125	
37.185568	4.30594634072109E-03	-1.0007538069375E-07	0	-0.00654600804	9137.6328125	
37.189664	4.3061517891975E-03	-1.0716095053125E-07	0	-0.0064468261	9137.6328125	
37.19376	4.30618205330328E-03	-1.130373869625E-07	0	-0.00777815291	9137.6328125	
37.197856	4.30603923598234E-03	-1.14641952665625E-07	0	-0.00599287799	9137.6328125	
37.201952	4.30595703830531E-03	-1.15249644365625E-07	0	-0.00490950603	9137.6328125	
37.206048	4.3061664183725E-03	-1.17616949690625E-07	0	-0.00387953973	9137.6328125	
37.210144	4.30676685457391E-03	-1.2562054745625E-07	0	-0.00416945617	9137.6328125	
37.21424	4.30761717537078E-03	-1.38462121153125E-07	0	-0.00381087531	9137.6328125	
37.218336	4.30856807174578E-03	-1.52847924075E-07	0	-0.00470732746	9137.6328125	
37.222432	4.30957273033891E-03	-1.67400553753125E-07	0	-0.00688170076	9137.6328125	
37.226528	4.31047644762453E-03	-1.80022175746875E-07	0	-0.00701140022	9137.6328125	
37.230624	4.3112456679325E-03	-1.89616877690625E-07	0	-0.00640104982	9137.6328125	
37.23472	4.31172212187578E-03	-1.94528651625E-07	0	-0.00652693459	9137.6328125	
37.238816	4.31194987984406E-03	-1.94199084646875E-07	0	-0.00666426343	9137.6328125	
37.242912	4.31214965951516E-03	-1.91294279859375E-07	0	-0.00516890495	9137.6328125	
37.247008	4.31256695673203E-03	-1.90134665634375E-07	0	-0.00662611653	9137.6328125	
37.251104	4.31304432499875E-03	-1.91495721965625E-07	0	-0.0062560916	9137.6328125	
37.2552	4.31330966166031E-03	-1.9204355795625E-07	0	-0.00599287799	9137.6328125	
37.259296	4.31344973601094E-03	-1.89868319746875E-07	0	-0.00588606667	9137.6328125	
37.263392	4.31340721997109E-03	-1.8564548743125E-07	0	-0.00708387933	9137.6328125	
37.267488	4.31324867628703E-03	-1.7956953196875E-07	0	-0.00543211856	9137.6328125	
37.271584	4.31263150796672E-03	-1.692075231E-07	0	-0.0059890633	9137.6328125	
37.27568	4.31186676784359E-03	-1.5502051805625E-07	0	-0.00639723513	9137.6328125	
37.279776	4.31102714463094E-03	-1.39989042703125E-07	0	-0.00592421357	9137.6328125	
37.283872	4.31028032524719E-03	-1.26827036634375E-07	0	-0.00674818661	9137.6328125	
37.287968	4.30966315692688E-03	-1.17037623346875E-07	0	-0.00596998985	9137.6328125	
37.292064	4.30915643887781E-03	-1.102566205125E-07	0	-0.00540160104	9137.6328125	
37.29616	4.30872917553547E-03	-1.06214557246875E-07	0	-0.00593565764	9137.6328125	
37.300256	4.30829176320297E-03	-1.03127541103125E-07	0	-0.00657652556	9137.6328125	
37.304352	4.30791524481141E-03	-1.01020812440625E-07	0	-0.00509261115	9137.6328125	
37.308448	4.30735074152109E-03	-9.813211340625E-08	0	-0.00594328702	9137.6328125	
37.312544	4.30679474143875E-03	-9.371961781875E-08	0	-0.0060653571	9137.6328125	
37.31664	4.30619558529016E-03	-8.9488612434375E-08	0	-0.0066757075	9137.6328125	
37.320736	4.30558865739234E-03	-8.4621790378125E-08	0	-0.00356292046	9137.6328125	
37.324832	4.30520957889516E-03	-8.178886051875E-08	0	-0.00513457274	9137.6328125	
37.328928	4.30520738451891E-03	-8.3953521815625E-08	0	-0.00389479849	9137.6328125	
37.333024	4.30551569438203E-03	-9.1683321778125E-08	0	-0.00558852085	9137.6328125	
37.33712	4.30589495574391E-03	-1.01744850178125E-07	0	-0.004577628	9137.6328125	
37.341216	4.30642434901422E-03	-1.128643102125E-07	0	-0.00658415494	9137.6328125	
37.345312	4.30696242835719E-03	-1.24016462521875E-07	0	-0.00788114954	9137.6328125	
37.349408	4.30757411073688E-03	-1.3470611529375E-07	0	-0.00697706801	9137.6328125	
37.353504	4.30799844824422E-03	-1.4320995294375E-07	0	-0.0078582614	9137.6328125	
37.3576	4.30825528169781E-03	-1.478027368125E-07	0	-0.00468443932	9137.6328125	
37.361696	4.30863152579234E-03	-1.50824608790625E-07	0	-0.00472640091	9137.6328125	
37.365792	4.30946209720297E-03	-1.5824070714375E-07	0	-0.00474165967	9137.6328125	
37.369888	4.31051238053562E-03	-1.70296223934375E-07	0	-0.00402068326	9137.65234375	
37.373984	4.3114709572275E-03	-1.82768807615625E-07	0	-0.00484084161	9137.65234375	
37.37808	4.31234175886938E-03	-1.92761586084375E-07	0	-0.00639342044	9137.65234375	
37.382176	4.31316135839875E-03	-2.00603885934375E-07	0	-0.00824735978	9137.65234375	
37.386272	4.31374679969578E-03	-2.055084483375E-07	0	-0.00718306127	9137.65234375	
37.390368	4.31392198406641E-03	-2.0463441075E-07	0	-0.00619505656	9137.65234375	
37.394464	4.31365728743125E-03	-1.96837543546875E-07	0	-0.00550841236	9137.65234375	
37.39856	4.31341142585891E-03	-1.85679381628125E-07	0	-0.0058746226	9137.65234375	
37.402656	4.31343026092172E-03	-1.77985158553125E-07	0	-0.00583266101	9137.65234375	
37.406752	4.31355899766172E-03	-1.743834794625E-07	0	-0.00563048244	9137.65234375	
37.410848	4.31346765675031E-03	-1.71162569221875E-07	0	-0.00618361249	9137.65234375	
37.414944	4.31322810400969E-03	-1.65344786578125E-07	0	-0.00580214349	9137.65234375	
37.41904	4.31302110118344E-03	-1.59209215790625E-07	0	-0.0070953234	9137.65234375	
37.423136	4.31272650617187E-03	-1.53591913715625E-07	0	-0.006866442	9137.65234375	
37.427232	4.31212058402984E-03	-1.451700471375E-07	0	-0.00491332072	9137.65234375	
37.431328	0.00431135831258	-1.34151548540625E-07	0	-0.00518034902	9137.65234375	
37.435424	4.31054026740047E-03	-1.219796857125E-07	0	-0.00735472232	9137.65234375	
37.43952	4.30986567956828E-03	-1.1183209970625E-07	0	-0.00672148378	9137.65234375	
37.443616	4.30934341802078E-03	-1.05014558446875E-07	0	-0.0053024191	9137.65234375	
37.447712	4.30884511174734E-03	-1.00746293484375E-07	0	-0.00805281059	9137.65234375	
37.451808	4.30839791615406E-03	-9.7751584940625E-08	0	-0.00569151748	9137.65234375	
37.455904	4.3080886919675E-03	-9.5994855928125E-08	0	-0.00535201007	9137.65234375	
37.46	4.30800356845547E-03	-9.806288270625E-08	0	-0.00550459767	9137.65234375	
37.464096	4.30782344673828E-03	-1.0053595715625E-07	0	-0.0064468261	9137.65234375	
37.468192	4.30763646759531E-03	-1.022873977125E-07	0	-0.0055694474	9137.65234375	
37.472288	4.30742077869641E-03	-1.02976579715625E-07	0	-0.00681303634	9137.65234375	
37.476384	4.3072987165175E-03	-1.04391482146875E-07	0	-0.0050353908	9137.65234375	
37.48048	4.30743010479547E-03	-1.0762152699375E-07	0	-0.00376509903	9137.65234375	
37.484576	4.30779647419688E-03	-1.14815510184375E-07	0	-0.00553892988	9137.65234375	
37.488672	4.30839096729594E-03	-1.248912212625E-07	0	-0.00493239417	9137.65234375	
37.492768	4.30920288650844E-03	-1.3745995869375E-07	0	-0.00479888002	9137.65234375	
37.496864	4.31025070116781E-03	-1.527431164875E-07	0	-0.00608443055	9137.65234375	
37.50096	4.31125124530547E-03	-1.68108726121875E-07	0	-0.00817488067	9137.65234375	
37.505056	4.31192363876141E-03	-1.79294772628125E-07	0	-0.00729750197	9137.65234375	
37.509152	4.31228187068422E-03	-1.8379068159375E-07	0	-0.00748823647	9137.65234375	
37.513248	4.31250286265906E-03	-1.8397818140625E-07	0	-0.00622175939	9137.65234375	
37.517344	4.31278621149234E-03	-1.8269645191875E-07	0	-0.00611113338	9137.65234375	
37.52144	4.31313502588375E-03	-1.83004384303125E-07	0	-0.00495528231	9137.65234375	
37.525536	4.31345074176672E-03	-1.83245730215625E-07	0	-0.00382231938	9137.65234375	
37.529632	0.004313795533135	-1.835853933375E-07	0	-0.00524901344	9137.65234375	
37.533728	4.31428039885391E-03	-1.8544067994375E-07	0	-0.00701140022	9137.65234375	
37.537824	4.31477980231547E-03	-1.8898106101875E-07	0	-0.00489043258	9137.65234375	
37.54192	4.31493185430312E-03	-1.8998009848125E-07	0	-0.0050735377	9137.65234375	
37.546016	4.31467566087594E-03	-1.84580825034375E-07	0	-0.00590895481	9137.65234375	
37.550112	4.31425040904516E-03	-1.74784680984375E-07	0	-0.00600050737	9137.65234375	
37.554208	4.31393149303016E-03	-1.65123632953125E-07	0	-0.00765989752	9137.65234375	
37.558304	4.31362080592609E-03	-1.5787532289375E-07	0	-0.00519942247	9137.65234375	
37.5624	4.31310046445781E-03	-1.49644802278125E-07	0	-0.00538252759	9137.65234375	
37.566496	4.31248951353687E-03	-1.39955869659375E-07	0	-0.00585173446	9137.65234375	
37.570592	4.31214792230063E-03	-1.324604444625E-07	0	-0.00580595818	9137.6328125	
37.574688	4.31194037088031E-03	-1.2901669790625E-07	0	-0.00524138406	9137.6328125	
37.578784	4.31169944665453E-03	-1.26976074946875E-07	0	-0.00493620886	9137.6328125	
37.58288	4.31123295883672E-03	-1.233931458375E-07	0	-0.00506590832	9137.6328125	
37.586976	4.31060948168469E-03	-1.1694267151875E-07	0	-0.00703428836	9137.6328125	
37.591072	4.31004470409734E-03	-1.10155899459375E-07	0	-0.00603483958	9137.6328125	
37.595168	4.30950406464875E-03	-1.04822731715625E-07	0	-0.00570296155	9137.6328125	
37.599264	4.30901773601234E-03	-1.0004268841875E-07	0	-0.00618742718	9137.6328125	
37.60336	4.30866791586516E-03	-9.7832834859375E-08	0	-0.00477599188	9137.6328125	
37.607456	4.30863664600359E-03	-9.8869853053125E-08	0	-0.00568770279	9137.6328125	
37.611552	4.30873831876984E-03	-1.0381864618125E-07	0	-0.00564955589	9137.6328125	
37.615648	4.30909728215141E-03	-1.1114219655E-07	0	-0.00625990629	9137.6328125	
37.619744	4.3094257985625E-03	-1.19905408940625E-07	0	-0.00637434699	9137.6328125	
37.62384	4.30955480959953E-03	-1.2621141225E-07	0	-0.00642393796	9137.6328125	
37.627936	4.30955444387016E-03	-1.28992419084375E-07	0	-0.00566862934	9137.6328125	
37.632032	4.30948769825922E-03	-1.29607322315625E-07	0	-0.00582121694	9137.6328125	
37.636128	4.30968802652437E-03	-1.3105611894375E-07	0	-0.00479125064	9137.6328125	
37.640224	4.31010267220328E-03	-1.362892867875E-07	0	-0.00501631735	9137.6328125	
37.64432	4.31055873673391E-03	-1.43147212621875E-07	0	-0.00425719404	9137.6328125	
37.648416	4.31100072068359E-03	-1.49356821796875E-07	0	-0.00576781128	9137.6328125	
37.652512	4.31181520000172E-03	-1.58084697684375E-07	0	-0.00602339551	9137.6328125	
37.656608	4.31280833811953E-03	-1.702238682375E-07	0	-0.00635908823	9137.6328125	
37.660704	4.31358075855953E-03	-1.81654385653125E-07	0	-0.00676726006	9137.6328125	
37.6648	4.31384664381516E-03	-1.858276987875E-07	0	-0.00675963068	9137.6328125	
37.668896	4.31393716183547E-03	-1.8395798911875E-07	0	-0.00739286922	9137.6328125	
37.672992	4.31412094084641E-03	-1.81221213009375E-07	0	-0.00757215965	9137.6328125	
37.677088	4.3142475746425E-03	-1.7908587860625E-07	0	-0.00603865427	9137.6328125	
37.681184	4.31419097802172E-03	-1.7553203600625E-07	0	-0.00301741979	9137.6328125	
37.68528	4.31411536347344E-03	-1.70099108746875E-07	0	-0.0048446563	9137.6328125	
37.689376	4.31440090668297E-03	-1.6836473548125E-07	0	-0.00590895481	9137.6328125	
37.693472	4.31490671040859E-03	-1.715661745875E-07	0	-0.00389479849	9137.6328125	
37.697568	4.31518795629797E-03	-1.75260642046875E-07	0	-0.00568770279	9137.6328125	
37.701664	4.31498506792719E-03	-1.73040932728125E-07	0	-0.00642393796	9137.6328125	
37.70576	4.31464356812328E-03	-1.65960170578125E-07	0	-0.00826261854	9137.6328125	
37.709856	4.31425114050391E-03	-1.58008255453125E-07	0	-0.00757215965	9137.6328125	
37.713952	4.31379891613172E-03	-1.49660186878125E-07	0	-0.00586317853	9137.6328125	
37.718048	4.31317909627344E-03	-1.40599619015625E-07	0	-0.00658796963	9137.6328125	
37.722144	4.31258624895656E-03	-1.311383304E-07	0	-0.00605391303	9137.6328125	
37.72624	4.31231743786594E-03	-1.25171749828125E-07	0	-0.00671766909	9137.6328125	
37.730336	4.31231103760187E-03	-1.249662211875E-07	0	-0.0054931536	9137.6328125	
37.734432	4.31231341484281E-03	-1.27151074771875E-07	0	-0.00505064956	9137.6328125	
37.738528	4.31201415678172E-03	-1.275373724625E-07	0	-0.00654219335	9137.6328125	
37.742624	4.31162502072672E-03	-0.000000124307568	0	-0.00555800333	9137.6328125	
37.74672	4.31118815698828E-03	-1.202796874125E-07	0	-0.00599669268	9137.6328125	
37.750816	4.31073035524313E-03	-1.15719836203125E-07	0	-0.00596998985	9137.6328125	
37.754912	4.31023598056047E-03	-1.1100373515E-07	0	-0.00471495684	9137.6328125	
37.759008	4.30999441630828E-03	-1.082489302125E-07	0	-0.00556563271	9137.6328125	
37.763104	4.31012159869844E-03	-1.104316203375E-07	0	-0.00599287799	9137.6328125	
37.7672	4.31052262095813E-03	-1.1803113196875E-07	0	-0.00585554915	9137.6328125	
37.771296	4.31112269143016E-03	-1.28192900653125E-07	0	-0.00734709294	9137.6328125	
37.775392	4.31173748250953E-03	-1.40226061696875E-07	0	-0.00765989752	9137.6328125	
37.779488	4.31207559931672E-03	-1.4861283215625E-07	0	-0.00664518998	9137.6328125	
37.783584	4.31218257515891E-03	-1.52030376815625E-07	0	-0.00613020683	9137.6328125	
37.78768	4.31240667583344E-03	-1.5373494241875E-07	0	-0.00590514012	9137.6328125	
37.791776	4.31263735963672E-03	-1.56039026653125E-07	0	-0.00598143392	9137.6328125	
37.795872	4.31280358363766E-03	-1.576854192375E-07	0	-0.00406264485	9137.6328125	
37.799968	4.31295261835797E-03	-1.5836570701875E-07	0	-0.00436782005	9137.6328125	
37.804064	4.31341416882922E-03	-1.6100801206875E-07	0	-0.00447081668	9137.6328125	
37.80816	4.31417159436484E-03	-1.68153437615625E-07	0	-0.00712584092	9137.6328125	
37.812256	4.31485057094953E-03	-1.7736520725E-07	0	-0.0058364757	9137.6328125	
37.816352	4.31521246016609E-03	-1.823834714625E-07	0	-0.00707624995	9137.6328125	
37.820448	4.31528021153281E-03	-1.82351500340625E-07	0	-0.00762175062	9137.6328125	
37.824544	4.31534531136156E-03	-1.79530830084375E-07	0	-0.00854109091	9137.6328125	
37.82864	4.31533927682688E-03	-1.76364487096875E-07	0	-0.00689695952	9137.6328125	
37.832736	4.31518877918906E-03	-1.71628674525E-07	0	-0.00624464753	9137.6328125	
37.836832	4.31488613813125E-03	-1.652450270625E-07	0	-0.00638960575	9137.6328125	
37.840928	4.31470939941078E-03	-1.59119792803125E-07	0	-0.00627516505	9137.6328125	
37.845024	4.31481829533219E-03	-1.5674215095E-07	0	-0.00515746088	9137.6328125	
37.84912	0.00431493953462	-1.5745705408125E-07	0	-0.00477599188	9137.6328125	
37.853216	4.31492298536578E-03	-1.576527269625E-07	0	-0.00484847099	9137.6328125	
37.857312	4.31461430977328E-03	-1.54374605240625E-07	0	-0.00629042381	9137.6328125	
37.861408	0.00431428414758	-1.4901475483125E-07	0	-0.00581740225	9137.6328125	
37.865504	4.31382835734641E-03	-1.42636155440625E-07	0	-0.00682066572	9137.6328125	
37.8696	4.3132937524325E-03	-1.3556476828125E-07	0	-0.00551604174	9137.6328125	
37.873696	4.31263498239578E-03	-1.27357805334375E-07	0	-0.00564955589	9137.6328125	
37.877792	0.00431206051298	-1.19364544096875E-07	0	-0.00761030655	9137.6328125	
37.881888	4.31185168150687E-03	-1.15552528678125E-07	0	-0.00538252759	9137.6328125	
37.885984	4.31186219622641E-03	-1.1701911375E-07	0	-0.00592421357	9137.6328125	
37.89008	4.31207633077547E-03	-1.21895791565625E-07	0	-0.00683592448	9137.6328125	
37.894176	4.31225032652563E-03	-1.28003958534375E-07	0	-0.00723646693	9137.6328125	
37.898272	0.00431234139314	-1.32686646159375E-07	0	-0.00629805319	9137.6328125	
37.902368	4.31218184370016E-03	-1.34023664053125E-07	0	-0.006866442	9137.6328125	
37.906464	4.31211866395062E-03	-1.33718856665625E-07	0	-0.00573347907	9137.6328125	
37.91056	4.31205438701297E-03	-1.3331669360625E-07	0	-0.00568770279	9137.6328125	
37.914656	4.31201845410188E-03	-1.334469819375E-07	0	-0.0046920687	9137.6328125	
37.918752	4.31213868763391E-03	-1.34374625240625E-07	0	-0.00532530724	9137.6328125	
37.922848	4.31257161978156E-03	-1.38940005290625E-07	0	-0.00572584969	9137.6328125	
37.926944	4.31337869307984E-03	-1.48445765015625E-07	0	-0.00709913809	9137.6328125	
37.93104	4.31408253926203E-03	-1.6014166678125E-07	0	-0.00763700938	9137.6328125	
37.935136	4.31427911880109E-03	-1.6610704543125E-07	0	-0.00671766909	9137.6328125	
37.939232	4.31421657907797E-03	-1.65194065575E-07	0	-0.00768278566	9137.6328125	
37.943328	4.31427335856344E-03	-1.62572673965625E-07	0	-0.00814817784	9137.6328125	
37.947424	4.31435025316453E-03	-1.6122820415625E-07	0	-0.00612639214	9137.6328125	
37.95152	4.31415477081359E-03	-1.58350082034375E-07	0	-0.00455473986	9137.6328125	
37.955616	4.31394548217875E-03	-1.5297292395E-07	0	-0.004577628	9137.6328125	
37.959712	4.31413803869469E-03	-1.51424608190625E-07	0	-0.00615690966	9137.6328125	
37.963808	4.31465874589234E-03	-1.552383063E-07	0	-0.00479125064	9137.6328125	
37.967904	4.31526357084625E-03	-1.627834910625E-07	0	-0.00524901344	9137.6328125	
37.972	4.3155261645375E-03	-1.68254399053125E-07	0	-0.00593947233	9137.6328125	
37.976096	4.31556584617469E-03	-1.68609446775E-07	0	-0.00800321962	9137.6328125	
37.980192	4.31558376691406E-03	-1.6665031411875E-07	0	-0.00721357879	9137.6328125	
37.984288	4.31564274077578E-03	-1.64999594615625E-07	0	-0.00675963068	9137.6328125	
37.988384	4.31537539260266E-03	-1.618152228E-07	0	-0.00661848715	9137.6328125	
37.99248	4.31489162407188E-03	-1.53923644153125E-07	0	-0.00577544066	9137.6328125	
37.996576	4.31476115011734E-03	-1.47989515471875E-07	0	-0.00625990629	9137.6328125	
38.000672	4.31492015096312E-03	-1.47369323784375E-07	0	-0.00494765293	9137.6328125	
38.004768	4.31507010000688E-03	-1.493392737375E-07	0	-0.00520323716	9137.6328125	
38.008864	4.31523376390219E-03	-1.51735665571875E-07	0	-0.0056075943	9137.6328125	
38.01296	4.31527682853609E-03	-1.53074125771875E-07	0	-0.00718306127	9137.6328125	
38.017056	4.31524802734781E-03	-1.53141914165625E-07	0	-0.0065231199	9137.6328125	
38.021152	4.31503224701656E-03	-1.506950416125E-07	0	-0.00584791977	9137.6328125	
38.025248	4.31471232524578E-03	-1.46558747671875E-07	0	-0.00664900467	9137.6328125	
38.029344	4.31425360917719E-03	-1.4045899415625E-07	0	-0.00576399659	9137.6328125	
38.03344	4.31394804228437E-03	-1.3487246128125E-07	0	-0.00420760307	9137.6328125	
38.037536	4.31399988442328E-03	-1.3365611634375E-07	0	-0.00460433083	9137.6328125	
38.041632	4.31423943716391E-03	-1.37122699415625E-07	0	-0.00463866304	9137.6328125	
38.045728	4.31452927769359E-03	-1.4214937708125E-07	0	-0.0067901482	9137.6328125	
38.049824	4.31488805821047E-03	-1.482296594625E-07	0	-0.00656889618	9137.6328125	
38.05392	4.3150580309375E-03	-1.52631337753125E-07	0	-0.00740812798	9137.6328125	
38.058016	4.31494328334609E-03	-1.53064029628125E-07	0	-0.00802610776	9137.6328125	
38.062112	4.31475895574109E-03	-1.503911957625E-07	0	-0.00639342044	9137.6328125	
38.066208	4.31461668701422E-03	-1.47482304440625E-07	0	-0.0048828032	9137.6328125	
38.070304	4.31442193612203E-03	-1.4465418226875E-07	0	-0.00534438069	9137.6328125	
38.0744	4.31437539705906E-03	-1.4263447275E-07	0	-0.00281142653	9137.6328125	
38.078496	4.31479049989969E-03	-1.45358748871875E-07	0	-0.00485610037	9137.6328125	
38.082592	4.31546865359328E-03	-1.53969797953125E-07	0	-0.00590895481	9137.6328125	
38.086688	4.31607311281781E-03	-1.63364980865625E-07	0	-0.00572966438	9137.6328125	
38.090784	4.31646316319625E-03	-1.7011761834375E-07	0	-0.00580977287	9137.6328125	
38.09488	4.31683017262406E-03	-1.7431088338125E-07	0	-0.00835798579	9137.6328125	
38.098976	4.31702647786609E-03	-1.76420737040625E-07	0	-0.00734327825	9137.6328125	
38.103072	4.31695900079641E-03	-1.748257867125E-07	0	-0.00589369605	9137.6328125	
38.107168	4.31677266167984E-03	-1.701719452125E-07	0	-0.00564192651	9137.6328125	
38.111264	4.31665471395641E-03	-1.65379882696875E-07	0	-0.00555800333	9137.6328125	
38.11536	4.31679058241922E-03	-1.63037096578125E-07	0	-0.00582503163	9137.6328125	
38.119456	4.31709541785328E-03	-1.6512675795E-07	0	-0.00447844606	9137.6328125	
38.123552	4.31728815723391E-03	-1.67483245978125E-07	0	-0.00550841236	9137.6328125	
38.127648	4.31739997899031E-03	-1.68250552903125E-07	0	-0.0058746226	9137.6328125	
38.131744	4.31752624705703E-03	-1.685834852625E-07	0	-0.00674055723	9137.6328125	
38.13584	4.31744660948563E-03	-1.67635168903125E-07	0	-0.00608824524	9137.6328125	
38.139936	4.31708106297531E-03	-1.6277627953125E-07	0	-0.00497054107	9137.6328125	
38.144032	4.31652862875438E-03	-1.546584991875E-07	0	-0.0052642722	9137.6328125	
38.148128	4.31603032248094E-03	-1.45817161875E-07	0	-0.00665281936	9137.6328125	
38.152224	4.31583794882969E-03	-1.4070899390625E-07	0	-0.00571440562	9137.6328125	
38.15632	4.31578820963469E-03	-1.39581831571875E-07	0	-0.00415038272	9137.6328125	
38.160416	4.31577348902734E-03	-1.4023687899375E-07	0	-0.00472640091	9137.6328125	
38.164512	4.31596833135187E-03	-1.42814520646875E-07	0	-0.0061416509	9137.6328125	
38.168608	4.31628285861438E-03	-1.47968842415625E-07	0	-0.0065994137	9137.6328125	
38.172704	4.31653566904484E-03	-1.53341433196875E-07	0	-0.00574492314	9137.6328125	
38.1768	4.31655102967859E-03	-1.55905372940625E-07	0	-0.00589369605	9137.6328125	
38.180896	4.31638059978984E-03	-1.54967873878125E-07	0	-0.0057983288	9137.6328125	
38.184992	4.31609679379484E-03	-1.51326050596875E-07	0	-0.00601958082	9137.6328125	
38.189088	4.31595406790625E-03	-1.47875092509375E-07	0	-0.00481032409	9137.6328125	
38.193184	4.31596449119344E-03	-1.46731824421875E-07	0	-0.00471877153	9137.6328125	
38.19728	4.31617259120781E-03	-1.48911629934375E-07	0	-0.00359725267	9137.6328125	
38.201376	4.31650028472781E-03	-1.53148644928125E-07	0	-0.00630949726	9137.6328125	
38.205472	4.31683172697391E-03	-1.58649120196875E-07	0	-0.00542067449	9137.6328125	
38.209568	4.31708792040109E-03	-1.6275993339375E-07	0	-0.00648878769	9137.6328125	
38.213664	4.31726209901594E-03	-1.654546422375E-07	0	-0.00768660035	9137.6328125	
38.21776	4.31732226149812E-03	-1.66237574146875E-07	0	-0.00769422973	9137.6328125	
38.221856	4.31716106627609E-03	-1.64372672165625E-07	0	-0.00565718527	9137.6328125	
38.225952	4.31686839134375E-03	-1.597431094875E-07	0	-0.00550078298	9137.6328125	
38.230048	4.31679789700672E-03	-1.5552724831875E-07	0	-0.00502776142	9137.6328125	
38.234144	4.31706725669141E-03	-1.56652006809375E-07	0	-0.00473784498	9137.6328125	
38.23824	4.31732875319453E-03	-1.6008397453125E-07	0	-0.00489806196	9137.6328125	
38.242336	4.31744158070672E-03	-1.62665462334375E-07	0	-0.0048446563	9137.6328125	
38.246432	4.31752377838375E-03	-1.63482288440625E-07	0	-0.00654219335	9137.6328125	
38.250528	4.31765297228547E-03	-1.6419743195625E-07	0	-0.00657652556	9137.6328125	
38.254624	4.31771898643766E-03	-1.6488108511875E-07	0	-0.00558470616	9137.6328125	
38.25872	4.31739111005297E-03	-1.62254405053125E-07	0	-0.00691603297	9137.6328125	
38.262816	4.31685513365391E-03	-1.548238836375E-07	0	-0.00570677624	9137.6328125	
38.266912	4.31647596372437E-03	-1.471738912875E-07	0	-0.00639342044	9137.6328125	
38.271008	4.31647404364516E-03	-1.44486634359375E-07	0	-0.00587843729	9137.6328125	
38.275104	4.31654106355312E-03	-1.4556475828125E-07	0	-0.00485610037	9137.6328125	
38.2792	0.004316522411355	-1.46891920415625E-07	0	-0.00410460644	9137.6328125	
38.283296	4.31663121584406E-03	-1.484844669E-07	0	-0.00596998985	9137.6328125	
38.287392	4.3169656753575E-03	-1.5251667440625E-07	0	-0.00545119201	9137.6328125	
38.291488	4.31726475055391E-03	-1.5798974585625E-07	0	-0.0061797978	9137.6328125	
38.295584	4.31716892945766E-03	-1.5984359015625E-07	0	-0.00619505656	9137.6328125	
38.29968	4.31684233312578E-03	-1.56514506946875E-07	0	-0.00646208486	9137.6328125	
38.303776	4.31650275340109E-03	-1.51000570153125E-07	0	-0.00651167583	9137.6328125	
38.307872	0.00431635563876	-1.47131343253125E-07	0	-0.00484084161	9137.6328125	
38.311968	4.31632235738688E-03	-1.4612052695625E-07	0	-0.00402068326	9137.6328125	
38.316064	4.31636277048281E-03	-1.46717160975E-07	0	-0.00561903837	9137.6328125	
38.32016	4.31655066394922E-03	-1.4907437015625E-07	0	-0.00611876276	9137.6328125	
38.324256	4.31683026405641E-03	-1.5333590435625E-07	0	-0.00718687596	9137.6328125	
38.328352	4.31708764610406E-03	-1.57701524990625E-07	0	-0.00577544066	9137.6328125	
38.332448	4.31715283736516E-03	-1.60393349221875E-07	0	-0.00669478095	9137.6328125	
38.336544	4.31697573291531E-03	-1.59224119621875E-07	0	-0.0072097641	9137.6328125	
38.34064	0.004316721368135	-1.55582536725E-07	0	-0.00646589955	9137.6328125	
38.344736	4.31654106355312E-03	-1.5170898290625E-07	0	-0.00510405522	9137.6328125	
38.348832	4.31650375915687E-03	-1.4990706163125E-07	0	-0.00602339551	9137.6328125	
38.352928	4.31645868301141E-03	-1.496690811E-07	0	-0.00481413878	9137.6328125	
38.357024	4.31647550656266E-03	-1.49616436921875E-07	0	-0.00515364619	9137.6328125	
38.36112	4.31660424330266E-03	-1.5108782968125E-07	0	-0.00627516505	9137.6328125	
38.365216	4.31688137473656E-03	-1.54484220515625E-07	0	-0.00539778635	9137.6328125	
38.369312	4.31705482189266E-03	-1.58279889796875E-07	0	-0.00619505656	9137.6328125	
38.373408	4.31691666762125E-03	-1.58632533675E-07	0	-0.00712202623	9137.65234375	
38.377504	4.31651345098531E-03	-1.5425128805625E-07	0	-0.00626753567	9137.65234375	
38.3816	4.31609286220406E-03	-1.47514035178125E-07	0	-0.00647352893	9137.65234375	
38.385696	4.31581234777344E-03	-1.4237437685625E-07	0	-0.00696562394	9137.65234375	
38.389792	4.31561037372609E-03	-1.3963399498125E-07	0	-0.00525282813	9137.65234375	
38.393888	4.31537594119672E-03	-1.37197939725E-07	0	-0.00439070819	9137.65234375	
38.397984	4.31540236514406E-03	-1.36965968803125E-07	0	-0.00487898851	9137.65234375	
38.40208	4.31575483682922E-03	-1.4123880106875E-07	0	-0.00616072435	9137.65234375	
38.406176	4.31615933351797E-03	-1.48525091859375E-07	0	-0.00660704308	9137.65234375	
38.410272	4.31618667178875E-03	-1.53072202696875E-07	0	-0.0059890633	9137.65234375	
38.414368	4.31586208696844E-03	-1.512998487E-07	0	-0.00493620886	9137.65234375	
38.418464	4.31566596459109E-03	-1.47427977571875E-07	0	-0.00581358756	9137.65234375	
38.42256	4.3156022362475E-03	-1.454700468375E-07	0	-0.00553892988	9137.65234375	
38.426656	4.31558349261703E-03	-1.454537007E-07	0	-0.00420378838	9137.65234375	
38.430752	4.31549114594984E-03	-1.45011153065625E-07	0	-0.00450896358	9137.65234375	
38.434848	4.31555222275547E-03	-1.4529841239375E-07	0	-0.00610731869	9137.65234375	
38.438944	4.31587351601141E-03	-1.484152362E-07	0	-0.00712584092	9137.65234375	
38.44304	4.31638882870078E-03	-1.5544936378125E-07	0	-0.00598524861	9137.65234375	
38.447136	4.31676516422766E-03	-1.62297914625E-07	0	-0.00546263608	9137.65234375	
38.451232	4.31677293597688E-03	-1.6478973905625E-07	0	-0.00635145885	9137.65234375	
38.455328	4.31672859129016E-03	-1.63404403903125E-07	0	-0.00701521491	9137.65234375	
38.459424	4.31674093465656E-03	-1.619459919E-07	0	-0.00638197637	9137.65234375	
38.46352	4.31664849655703E-03	-1.60228445540625E-07	0	-0.00406645954	9137.65234375	
38.467616	4.31646005449656E-03	-1.57091910215625E-07	0	-0.00451277827	9137.65234375	
38.471712	4.31646087738766E-03	-1.547546529375E-07	0	-0.00561522368	9137.65234375	
38.475808	4.31665242814781E-03	-1.5550224834375E-07	0	-0.00411223582	9137.65234375	
38.479904	4.31699411081641E-03	-1.59156331228125E-07	0	-0.00563811182	9137.65234375	
38.484	4.31727352805891E-03	-1.63370750090625E-07	0	-0.00587843729	9137.65234375	
38.488096	4.31731741558391E-03	-1.654027192125E-07	0	-0.00821684226	9137.65234375	
38.492192	4.31704330141734E-03	-1.62879885196875E-07	0	-0.00687788607	9137.65234375	
38.496288	4.31654024066203E-03	-1.5613878616875E-07	0	-0.00640104982	9137.65234375	
38.500384	4.31610593702922E-03	-1.482258133125E-07	0	-0.00624846222	9137.65234375	
38.50448	4.31587479606422E-03	-1.429412032125E-07	0	-0.00477599188	9137.65234375	
38.508576	4.31571113216891E-03	-1.4048976335625E-07	0	-0.00455855455	9137.65234375	
38.512672	4.31554838259703E-03	-1.3887822650625E-07	0	-0.00544737732	9137.65234375	
38.516768	4.31557096638594E-03	-1.3921668770625E-07	0	-0.00491332072	9137.65234375	
38.520864	4.31563250035328E-03	-1.4127053180625E-07	0	-0.00647352893	9137.65234375	
38.52496	4.31572859574656E-03	-1.4401283675625E-07	0	-0.0065231199	9137.65234375	
38.529056	4.31545685882094E-03	-1.44026538665625E-07	0	-0.00463866304	9137.65234375	
38.533152	4.31491777372219E-03	-1.38826063096875E-07	0	-0.00658796963	9137.65234375	
38.537248	4.31440767267641E-03	-1.32184723584375E-07	0	-0.00586317853	9137.65234375	
38.541344	4.31418850934844E-03	-1.2793785283125E-07	0	-0.00636671761	9137.65234375	
38.54544	4.31406160125531E-03	-1.27701074221875E-07	0	-0.00479888002	9137.65234375	
38.549536	4.31381253955094E-03	-1.26549633065625E-07	0	-0.00447463137	9137.65234375	
38.553632	4.31382369429687E-03	-1.272489112125E-07	0	-0.00626372098	9137.65234375	
38.557728	4.31410768315656E-03	-1.31276070646875E-07	0	-0.00548933891	9137.65234375	
38.561824	4.31469193583313E-03	-1.398719755125E-07	0	-0.0062942385	9137.65234375	
38.56592	4.31502282948516E-03	-1.4854937068125E-07	0	-0.00508879646	9137.65234375	
38.570016	4.31514891468719E-03	-1.5250225134375E-07	0	-0.00555037395	9137.65234375	
38.574112	4.31527170832484E-03	-1.54650566503125E-07	0	-0.00613783621	9137.65234375	
38.578208	4.31552150148797E-03	-1.567854201375E-07	0	-0.00609205993	9137.65234375	
38.582304	4.31574340778625E-03	-1.5984262861875E-07	0	-0.00536345414	9137.65234375	
38.5864	4.31578272369406E-03	-1.60651522040625E-07	0	-0.00370787868	9137.65234375	
38.590496	4.31602748807828E-03	-1.6137916554375E-07	0	-0.00561522368	9137.65234375	
38.594592	4.3165268001075E-03	-1.6547627683125E-07	0	-0.00584791977	9137.65234375	
38.598688	4.3171938904875E-03	-1.7266184656875E-07	0	-0.00578307004	9137.65234375	
38.602784	4.31767116732187E-03	-1.7965222419375E-07	0	-0.00648115831	9137.65234375	
38.60688	4.31778024610797E-03	-1.81549097296875E-07	0	-0.00754164213	9137.65234375	
38.610976	4.31766522421953E-03	-1.789853979375E-07	0	-0.0078964083	9137.65234375	
38.615072	4.31737858382187E-03	-1.729430962875E-07	0	-0.00578688473	9137.65234375	
38.619168	4.31698158458531E-03	-1.65308728921875E-07	0	-0.00534438069	9137.65234375	
38.623264	4.31649617027234E-03	-1.5675417016875E-07	0	-0.00513075805	9137.65234375	
38.62736	4.3160440373325E-03	-1.4826860173125E-07	0	-0.00474547436	9137.65234375	
38.631456	4.31585285230172E-03	-1.43333750896875E-07	0	-0.00484847099	9137.65234375	
38.635552	4.31578528379969E-03	-1.4162245453125E-07	0	-0.00506590832	9137.65234375	
38.639648	4.31574377351563E-03	-1.41927502303125E-07	0	-0.00552367112	9137.65234375	
38.643744	4.31541726861609E-03	-1.40631349753125E-07	0	-0.00571059093	9137.65234375	
38.64784	4.31494008321406E-03	-1.35759479625E-07	0	-0.0071334703	9137.65234375	
38.651936	4.31427857020703E-03	-1.28869342284375E-07	0	-0.00660704308	9137.65234375	
38.656032	4.31368133413766E-03	-1.20974879025E-07	0	-0.00607298648	9137.65234375	
38.660128	4.31329091802984E-03	-1.16461181615625E-07	0	-0.00577925535	9137.65234375	
38.664224	0.004312812452575	-1.12539550921875E-07	0	-0.00317763677	9137.65234375	
38.66832	4.31257125405219E-03	-1.10831860321875E-07	0	-0.00445555792	9137.65234375	
38.672416	4.31256905967594E-03	-1.126143104625E-07	0	-0.00442122571	9137.65234375	
38.676512	4.31284427103062E-03	-1.18201083721875E-07	0	-0.0064086792	9137.65234375	
38.680608	4.31310896766578E-03	-1.25982566325E-07	0	-0.00605391303	9137.65234375	
38.684704	0.004313192811125	-1.3117727266875E-07	0	-0.00565337058	9137.65234375	
38.6888	4.31315349521719E-03	-1.3406573131875E-07	0	-0.00673292785	9137.65234375	
38.692896	4.31309543567891E-03	-1.34440009790625E-07	0	-0.0064468261	9137.65234375	
38.696992	4.31320469732969E-03	-1.36379430928125E-07	0	-0.00604246896	9137.65234375	
38.701088	4.31332227932375E-03	-1.38523178784375E-07	0	-0.00440215226	9137.65234375	
38.705184	0.004313660944725	-1.42813078340625E-07	0	-0.00532149255	9137.65234375	
38.70928	4.31412606105766E-03	-1.4897437025625E-07	0	-0.00510024053	9137.65234375	
38.713376	4.31485285675812E-03	-1.575084963375E-07	0	-0.00710295278	9137.65234375	
38.717472	4.31546901932266E-03	-1.67476995984375E-07	0	-0.00603483958	9137.65234375	
38.721568	0.004315826062625	-1.7288588480625E-07	0	-0.00554274457	9137.65234375	
38.725664	4.31596723416375E-03	-1.74839488621875E-07	0	-0.006866442	9137.65234375	
38.72976	4.31586144694203E-03	-1.72016895290625E-07	0	-0.00658034025	9137.65234375	
38.733856	4.31561768831359E-03	-1.6682435240625E-07	0	-0.00581740225	9137.65234375	
38.737952	4.31526485089906E-03	-1.5960416731875E-07	0	-0.00562285306	9137.65234375	
38.742048	4.31505236213219E-03	-1.53645759815625E-07	0	-0.00460051614	9137.65234375	
38.746144	4.31477751650688E-03	-1.4867292825E-07	0	-0.00524138406	9137.65234375	
38.75024	4.31471415389266E-03	-1.45118364496875E-07	0	-0.00522993999	9137.65234375	
38.754336	4.31476179014375E-03	-1.45175095209375E-07	0	-0.00510024053	9137.65234375	
38.758432	4.31479269427594E-03	-1.45819325334375E-07	0	-0.00592802826	9137.65234375	
38.762528	4.31472000556266E-03	-1.46002978996875E-07	0	-0.00664518998	9137.65234375	
38.766624	4.31443802821453E-03	-1.43682548625E-07	0	-0.00743101612	9137.65234375	
38.77072	4.31396038565078E-03	-1.38449140396875E-07	0	-0.00665663405	9137.65234375	
38.774816	4.31348155446656E-03	-1.3180419511875E-07	0	-0.00655363742	9137.6328125	
38.778912	4.31309049833234E-03	-1.2650612349375E-07	0	-0.00707243526	9137.6328125	
38.783008	4.31272559184844E-03	-1.22329925746875E-07	0	-0.00575636721	9137.6328125	
38.787104	4.31241316752984E-03	-1.19229928846875E-07	0	-0.00378035779	9137.6328125	
38.7912	0.004312396984005	-1.1911574626875E-07	0	-0.00495146762	9137.6328125	
38.795296	4.31259703797313E-03	-1.23094348059375E-07	0	-0.00556563271	9137.6328125	
38.799392	4.31271553429062E-03	-1.28465496534375E-07	0	-0.00522993999	9137.6328125	
38.803488	4.31253724122031E-03	-1.299354469875E-07	0	-0.005722035	9137.6328125	
38.807584	4.31228964243344E-03	-1.28055881559375E-07	0	-0.00624464753	9137.6328125	
38.81168	4.31208401109234E-03	-1.259296817625E-07	0	-0.00609205993	9137.6328125	
38.815776	0.00431181474284	-1.2355228029375E-07	0	-0.00452422234	9137.6328125	
38.819872	4.31171471585594E-03	-1.22139060553125E-07	0	-0.00504683487	9137.6328125	
38.823968	4.31155800081875E-03	-1.21692426384375E-07	0	-0.00488661789	9137.6328125	
38.828064	4.31176472934797E-03	-1.23244347909375E-07	0	-0.00541304511	9137.6328125	
38.83216	4.31235629661203E-03	-1.30531359853125E-07	0	-0.00669859564	9137.6328125	
38.836256	4.31293606910375E-03	-1.40378465390625E-07	0	-0.00649260238	9137.6328125	
38.840352	4.31319518836594E-03	-1.4716764129375E-07	0	-0.00740431329	9137.6328125	
38.844448	4.31319381688078E-03	-1.487892742875E-07	0	-0.00752256868	9137.6328125	
38.848544	4.31324940774578E-03	-1.48289995940625E-07	0	-0.00807951342	9137.6328125	
38.85264	4.31312423686719E-03	-1.4673446865E-07	0	-0.00542830387	9137.6328125	
38.856736	4.31291942841719E-03	-1.43417164275E-07	0	-0.00410079175	9137.6328125	
38.860832	4.31267128103625E-03	-1.3902726481875E-07	0	-0.00437544943	9137.6328125	
38.864928	4.31274086104984E-03	-1.3695034381875E-07	0	-0.0055313005	9137.6328125	
38.869024	4.31298763694562E-03	-1.3894553413125E-07	0	-0.00509261115	9137.6328125	
38.87312	4.31324291604938E-03	-1.42798174509375E-07	0	-0.00545882139	9137.6328125	
38.877216	4.31323496143547E-03	-1.4450033626875E-07	0	-0.00561522368	9137.6328125	
38.881312	4.31305109099219E-03	-1.42665482334375E-07	0	-0.00631331195	9137.6328125	
38.885408	4.31287800956547E-03	-1.39505629725E-07	0	-0.00588606667	9137.6328125	
38.889504	4.31270291662719E-03	-1.36459238540625E-07	0	-0.00671766909	9137.6328125	
38.8936	4.31250011968875E-03	-1.33834241165625E-07	0	-0.00630186788	9137.6328125	
38.897696	4.31206444457078E-03	-1.29312130303125E-07	0	-0.00532530724	9137.6328125	
38.901792	4.31183074350016E-03	-1.2488785588125E-07	0	-0.00495146762	9137.6328125	
38.905888	4.31167558281281E-03	-1.22590983178125E-07	0	-0.00487517382	9137.6328125	
38.909984	4.31196048599594E-03	-1.2500420191875E-07	0	-0.00285338812	9137.6328125	
38.91408	4.31219500995766E-03	-1.29977033484375E-07	0	-0.00488661789	9137.6328125	
38.918176	4.31225306949594E-03	-1.33501068421875E-07	0	-0.00535201007	9137.6328125	
38.922272	4.31218943258469E-03	-1.34165490834375E-07	0	-0.00796125803	9137.6328125	
38.926368	4.31208638833328E-03	-1.33582318340625E-07	0	-0.00616835373	9137.6328125	
38.930464	4.31193570783078E-03	-1.32040492959375E-07	0	-0.00556563271	9137.6328125	
38.93456	4.31160828860781E-03	-1.29037611346875E-07	0	-0.00622175939	9137.6328125	
38.938656	4.31127501771484E-03	-1.24669346484375E-07	0	-0.00495528231	9137.6328125	
38.942752	4.31112927455891E-03	-1.215662245875E-07	0	-0.00546645077	9137.6328125	
38.946848	4.31146739136609E-03	-1.2400035676875E-07	0	-0.00407408892	9137.6328125	
38.950944	4.31195216565266E-03	-1.31217897628125E-07	0	-0.00593184295	9137.6328125	
38.95504	4.31233481001125E-03	-1.38691447846875E-07	0	-0.00566481465	9137.6328125	
38.959136	0.004312496462395	-1.42837597546875E-07	0	-0.00630186788	9137.6328125	
38.963232	4.31254611015766E-03	-1.44569807353125E-07	0	-0.00677107475	9137.6328125	
38.967328	4.31243300834844E-03	-1.43495289196875E-07	0	-0.00627516505	9137.6328125	
38.971424	4.31214609365375E-03	-1.3977245638125E-07	0	-0.00463103366	9137.6328125	
38.97552	4.31179755355937E-03	-1.3435226949375E-07	0	-0.00506209363	9137.6328125	
38.979616	4.31156467537984E-03	-1.29677033784375E-07	0	-0.00454329579	9137.6328125	
38.983712	4.31149326671938E-03	-1.2738881491875E-07	0	-0.00538252759	9137.6328125	
38.987808	4.31153980578234E-03	-1.27645305046875E-07	0	-0.00567625872	9137.6328125	
38.991904	4.31159146505656E-03	-1.293691014E-07	0	-0.0053024191	9137.6328125	
38.996	4.31160124831734E-03	-1.30509484875E-07	0	-0.00668333688	9137.6328125	
39.000096	4.31146556271922E-03	-1.30324869675E-07	0	-0.00581358756	9137.6328125	
39.004192	4.31124850233516E-03	-1.281719872125E-07	0	-0.00654982273	9137.6328125	
39.008288	4.31091898016828E-03	-1.25027519203125E-07	0	-0.00545882139	9137.6328125	
39.012384	4.31046190988187E-03	-1.19855649375E-07	0	-0.00434493191	9137.6328125	
39.01648	4.31005256727891E-03	-1.14659741109375E-07	0	-0.00485991506	9137.6328125	
39.020576	4.30990197820875E-03	-1.11828013171875E-07	0	-0.0047683625	9137.6328125	
39.024672	4.31000008511359E-03	-1.13294838628125E-07	0	-0.00472258622	9137.6328125	
39.028768	4.31023844923375E-03	-1.177027669125E-07	0	-0.0043105997	9137.6328125	
39.032864	4.3104352116375E-03	-1.2267247348125E-07	0	-0.00606917179	9137.6328125	
39.03696	4.31058543497828E-03	-1.2690420001875E-07	0	-0.006103504	9137.6328125	
39.041056	4.31062356226563E-03	-1.29129438178125E-07	0	-0.00465010711	9137.6328125	
39.045152	4.31069030787656E-03	-1.30592417484375E-07	0	-0.00599287799	9137.6328125	
39.049248	4.31067558726922E-03	-1.31210686096875E-07	0	-0.00646589955	9137.6328125	
39.053344	4.31052115804063E-03	-1.30265013965625E-07	0	-0.0053024191	9137.6328125	
39.05744	4.31029321720766E-03	-1.27401555290625E-07	0	-0.00471877153	9137.6328125	
39.061536	4.31028974277859E-03	-1.25613095540625E-07	0	-0.0054550067	9137.6328125	
39.065632	4.31056367408047E-03	-1.28002996996875E-07	0	-0.0048828032	9137.6328125	
39.069728	4.31084007405563E-03	-1.3222727161875E-07	0	-0.00465010711	9137.6328125	
39.073824	4.31105137420203E-03	-1.36268373346875E-07	0	-0.00539015697	9137.6328125	
39.07792	4.31116731041391E-03	-1.38315005915625E-07	0	-0.00603102489	9137.6328125	
39.082016	4.31132685985375E-03	-1.40109234890625E-07	0	-0.00595473109	9137.6328125	
39.086112	4.31134788929281E-03	-1.40761638084375E-07	0	-0.00648115831	9137.6328125	
39.090208	4.31104204810297E-03	-1.38235198303125E-07	0	-0.00600813675	9137.6328125	
39.094304	4.31041308501031E-03	-1.30377994621875E-07	0	-0.00509642584	9137.6328125	
39.0984	4.30996945527844E-03	-1.21950118434375E-07	0	-0.00483702692	9137.6328125	
39.102496	4.31004232685641E-03	-1.19334255665625E-07	0	-0.00516509026	9137.6328125	
39.106592	4.31018331553047E-03	-1.21767185925E-07	0	-0.0053787129	9137.6328125	
39.110688	4.31008658011078E-03	-1.233892996875E-07	0	-0.00634001478	9137.6328125	
39.114784	4.30981658039969E-03	-1.2150420541875E-07	0	-0.00690077421	9137.6328125	
39.11888	4.30959330261625E-03	-1.18967188725E-07	0	-0.00683973917	9137.6328125	
39.122976	4.30932769165766E-03	-1.16543873840625E-07	0	-0.00636290292	9137.6328125	
39.127072	4.30877278876344E-03	-1.120691187E-07	0	-0.00520705185	9137.6328125	
39.131168	4.30799981972937E-03	-1.040047036875E-07	0	-0.00442885509	9137.6328125	
39.135264	4.30731096845156E-03	-9.501961651875E-08	0	-0.00504683487	9137.6328125	
39.13936	4.30705230635109E-03	-9.053692869375E-08	0	-0.00410079175	9137.6328125	
39.143456	4.30704087730813E-03	-9.210038866875E-08	0	-0.00391768663	9137.6328125	
39.147552	4.30706574690562E-03	-9.5489567971875E-08	0	-0.00455473986	9137.6328125	
39.151648	4.30705751799469E-03	-9.911480473125E-08	0	-0.00510024053	9137.6328125	
39.155744	4.30709107366484E-03	-1.021152825E-07	0	-0.00492476479	9137.6328125	
39.15984	4.30728253299266E-03	-1.06412153203125E-07	0	-0.00640104982	9137.6328125	
39.163936	4.30738402289422E-03	-1.103998896E-07	0	-0.00725172569	9137.6328125	
39.168032	4.30731608866281E-03	-1.12212628171875E-07	0	-0.00603483958	9137.6328125	
39.172128	4.30717107696563E-03	-1.11659744109375E-07	0	-0.00636290292	9137.6328125	
39.176224	4.30718808338156E-03	-1.11324167521875E-07	0	-0.00650404645	9137.6328125	
39.18032	4.30747115791781E-03	-1.14092433984375E-07	0	-0.0050735377	9137.65234375	
39.184416	4.30788799797297E-03	-1.19721755278125E-07	0	-0.00527571627	9137.65234375	
39.188512	4.30832257590281E-03	-1.26191460346875E-07	0	-0.00473403029	9137.65234375	
39.192608	4.30867404183219E-03	-1.31569339584375E-07	0	-0.00399016574	9137.65234375	
39.196704	4.30905385178812E-03	-1.3592438330625E-07	0	-0.00498961452	9137.65234375	
39.2008	4.30939937461516E-03	-1.40224138621875E-07	0	-0.00444029916	9137.65234375	
39.204896	4.30946986895219E-03	-1.41338079815625E-07	0	-0.00455092517	9137.65234375	
39.208992	4.30941574100469E-03	-1.39796254434375E-07	0	-0.00559233554	9137.65234375	
39.213088	4.30918432574266E-03	-1.3560996054375E-07	0	-0.00559615023	9137.65234375	
39.217184	4.30906829809844E-03	-1.3113304194375E-07	0	-0.00475691843	9137.65234375	
39.22128	0.00430910541963	-1.29015976753125E-07	0	-0.00538634228	9137.65234375	
39.225376	4.30916009617156E-03	-1.28559486825E-07	0	-0.00622557408	9137.65234375	
39.229472	4.30913595803281E-03	-1.28106362278125E-07	0	-0.0059890633	9137.65234375	
39.233568	4.30909234480484E-03	-1.26924632690625E-07	0	-0.00624846222	9137.65234375	
39.237664	4.30888497624922E-03	-1.2502920189375E-07	0	-0.00592421357	9137.65234375	
39.24176	4.30828106561875E-03	-1.189046887875E-07	0	-0.0062179447	9137.65234375	
39.245856	4.30746759205641E-03	-1.089104680125E-07	0	-0.00649260238	9137.65234375	
39.249952	4.30664104366891E-03	-9.7753508015625E-08	0	-0.00536726883	9137.65234375	
39.254048	4.30583717050266E-03	-8.741193181875E-08	0	-0.00299453165	9137.65234375	
39.258144	4.30526068957531E-03	-7.9926121996875E-08	0	-0.00435637598	9137.65234375	
39.26224	4.30485436423969E-03	-7.599655861875E-08	0	-0.00367736116	9137.65234375	
39.266336	4.30474903417969E-03	-7.6393913990625E-08	0	-0.00481795347	9137.65234375	
39.270432	4.30474336537437E-03	-7.970809336875E-08	0	-0.00606917179	9137.65234375	
39.274528	4.30479200738125E-03	-8.4308809921875E-08	0	-0.00791929644	9137.65234375	
39.278624	4.30467204814625E-03	-8.77220276625E-08	0	-0.00731657542	9137.65234375	
39.28272	4.30440982018437E-03	-8.844750770625E-08	0	-0.00744246019	9137.65234375	
39.286816	4.30416276999156E-03	-8.7647989275E-08	0	-0.00733183418	9137.65234375	
39.290912	4.30394525244578E-03	-8.6982605325E-08	0	-0.00587080791	9137.65234375	
39.295008	4.30390931953469E-03	-8.7848229459375E-08	0	-0.00449751951	9137.65234375	
39.299104	4.30396363034687E-03	-9.0266496271875E-08	0	-0.00249480726	9137.65234375	
39.3032	4.30432359948422E-03	-9.5583317878125E-08	0	-0.00363539957	9137.65234375	
39.307296	4.30480581366516E-03	-1.03386194690625E-07	0	-0.00551985643	9137.65234375	
39.311392	4.30548204727953E-03	-1.1287056020625E-07	0	-0.00481413878	9137.65234375	
39.315488	4.30602460680734E-03	-1.2246862753125E-07	0	-0.00658796963	9137.65234375	
39.319584	4.30617931033297E-03	-1.2730371885E-07	0	-0.00609205993	9137.65234375	
39.32368	4.30618507057062E-03	-1.27583285878125E-07	0	-0.00587080791	9137.65234375	
39.327776	4.30628509755469E-03	-1.26536652309375E-07	0	-0.00543593325	9137.65234375	
39.331872	4.30658755574781E-03	-1.280066027625E-07	0	-0.00688170076	9137.65234375	
39.335968	0.004306750122455	-1.2945419746875E-07	0	-0.00443648447	9137.65234375	
39.340064	4.30704544892531E-03	-1.31088090065625E-07	0	-0.00467299525	9137.65234375	
39.34416	4.30728390447781E-03	-1.33121741878125E-07	0	-0.00575636721	9137.65234375	
39.348256	4.30759632879641E-03	-1.34925586228125E-07	0	-0.00523756937	9137.65234375	
39.352352	4.30801316885156E-03	-1.3835418856875E-07	0	-0.00478743595	9137.65234375	
39.356448	4.30809481793453E-03	-1.3989745625625E-07	0	-0.00453185172	9137.65234375	
39.360544	4.30765987427531E-03	-1.35616450921875E-07	0	-0.00445555792	9137.65234375	
39.36464	4.30687703054812E-03	-1.244931447375E-07	0	-0.00430297032	9137.65234375	
39.368736	4.30631133863734E-03	-1.13285223253125E-07	0	-0.00510024053	9137.65234375	
39.372832	4.30584512511656E-03	-1.0509364490625E-07	0	-0.00508498177	9137.65234375	
39.376928	4.30534471589922E-03	-9.844365155625E-08	0	-0.00443266978	9137.65234375	
39.381024	4.30478176695875E-03	-9.196192726875E-08	0	-0.00447844606	9137.65234375	
39.38512	4.30437800172875E-03	-8.66316441375E-08	0	-0.00696943863	9137.65234375	
39.389216	4.30430211288344E-03	-8.55393375375E-08	0	-0.00756071558	9137.65234375	
39.393312	4.30424094464547E-03	-8.75306817E-08	0	-0.00604628365	9137.65234375	
39.397408	4.30377847985078E-03	-8.6961211115625E-08	0	-0.00788496423	9137.65234375	
39.401504	4.30293355356219E-03	-8.05258810125E-08	0	-0.00551222705	9137.65234375	
39.4056	4.3022457994725E-03	-7.232348536875E-08	0	-0.00535582476	9137.65234375	
39.409696	4.30191737449375E-03	-6.823983560625E-08	0	-0.004196159	9137.65234375	
39.413792	4.30163329420172E-03	-6.7574211271875E-08	0	-0.00257491575	9137.65234375	
39.417888	4.30125787299828E-03	-6.662829875625E-08	0	-0.00325393057	9137.65234375	
39.421984	4.30100195386812E-03	-6.598214555625E-08	0	-0.00216674392	9137.65234375	
39.42608	4.30112776477313E-03	-6.8644162125E-08	0	-0.00442885509	9137.65234375	
39.430176	4.30151406642547E-03	-7.595136635625E-08	0	-0.00470351277	9137.65234375	
39.434272	4.30178269465141E-03	-8.381674310625E-08	0	-0.00471114215	9137.65234375	
39.438368	4.30182420493547E-03	-8.9012651371875E-08	0	-0.006484973	9137.65234375	
39.442464	0.004301600652855	-8.9376593315625E-08	0	-0.00804136652	9137.65234375	
39.44656	4.30168595923172E-03	-8.980519865625E-08	0	-0.00622557408	9137.65234375	
39.450656	4.30188080155625E-03	-9.2664570796875E-08	0	-0.00672911316	9137.65234375	
39.454752	4.30219368303656E-03	-9.732538344375E-08	0	-0.00475691843	9137.65234375	
39.458848	4.30249851847063E-03	-1.0189845579375E-07	0	-0.00345992383	9137.65234375	
39.462944	4.30302315725906E-03	-1.07736190340625E-07	0	-0.00448607544	9137.65234375	
39.46704	4.30380508666281E-03	-1.16523681553125E-07	0	-0.00328826278	9137.65234375	
39.471136	4.30445315911531E-03	-1.2552439370625E-07	0	-0.00392150132	9137.65234375	
39.475232	4.30479731045719E-03	-1.31265493734375E-07	0	-0.00463866304	9137.65234375	
39.479328	4.30466052767094E-03	-1.30299148546875E-07	0	-0.00520705185	9137.65234375	
39.483424	4.30433914298266E-03	-1.2460516385625E-07	0	-0.00344085038	9137.65234375	
39.48752	4.30412665421578E-03	-1.1783593985625E-07	0	-0.00596236047	9137.65234375	
39.491616	4.30401373527125E-03	-1.137104632125E-07	0	-0.00374984027	9137.65234375	
39.495712	4.30378634303234E-03	-1.09411669434375E-07	0	-0.00455855455	9137.65234375	
39.499808	4.30355876792875E-03	-1.05377058084375E-07	0	-0.00589751074	9137.65234375	
39.503904	0.004303496593935	-1.02505426340625E-07	0	-0.00691984766	9137.65234375	
39.508	4.30348159903063E-03	-1.020383595E-07	0	-0.00670241033	9137.65234375	
39.512096	4.30324268631641E-03	-1.00310236228125E-07	0	-0.00550078298	9137.65234375	
39.516192	4.30271274445203E-03	-9.5562644821875E-08	0	-0.00503920549	9137.65234375	
39.520288	4.30197150244125E-03	-8.730616269375E-08	0	-0.00571822031	9137.65234375	
39.524384	4.30143589177156E-03	-7.913597855625E-08	0	-0.00428771156	9137.65234375	
39.52848	4.30097443273266E-03	-7.407348361875E-08	0	-0.00180434837	9137.65234375	
39.532576	4.30064555059219E-03	-7.0538150615625E-08	0	-0.00336455658	9137.65234375	
39.536672	4.30038441981844E-03	-6.92316615375E-08	0	-0.00395201884	9137.65234375	
39.540768	4.30038158541578E-03	-7.0158824071875E-08	0	-0.00437544943	9137.65234375	
39.544864	4.30063147001125E-03	-7.500329038125E-08	0	-0.00481795347	9137.65234375	
39.54896	4.30079376242141E-03	-8.0779005759375E-08	0	-0.00669478095	9137.65234375	
39.553056	4.30070434158922E-03	-8.37566470125E-08	0	-0.00624846222	9137.65234375	
39.557152	4.30058739962156E-03	-8.437058870625E-08	0	-0.00763319469	9137.65234375	
39.561248	4.30044631951516E-03	-8.405760825E-08	0	-0.00726698445	9137.65234375	
39.565344	4.30023684801562E-03	-8.312635918125E-08	0	-0.0052642722	9137.65234375	
39.56944	4.30002463354578E-03	-8.1393908990625E-08	0	-0.00454711048	9137.65234375	
39.573536	4.29992917817891E-03	-8.0774198071875E-08	0	-0.00466918056	9137.65234375	
39.577632	4.29990531433719E-03	-8.1084293915625E-08	0	-0.00357054984	9137.65234375	
39.581728	4.30012475196219E-03	-8.388693534375E-08	0	-0.00238799594	9137.65234375	
39.585824	4.30047603502687E-03	-8.9141016628125E-08	0	-0.00349044135	9137.65234375	
39.58992	4.30080308852047E-03	-9.4663366875E-08	0	-0.00362014081	9137.65234375	
39.594016	4.30101530299031E-03	-9.8712641671875E-08	0	-0.00526045751	9137.65234375	
39.598112	4.30100442254141E-03	-1.0026095743125E-07	0	-0.00630568257	9137.65234375	
39.602208	4.30074054879734E-03	-9.785519060625E-08	0	-0.0055694474	9137.65234375	
39.606304	4.30049916740984E-03	-9.385711768125E-08	0	-0.0061416509	9137.65234375	
39.6104	4.30023072204859E-03	-8.9856400528125E-08	0	-0.00548552422	9137.65234375	
39.614496	4.30008671610719E-03	-8.6851836225E-08	0	-0.00486754444	9137.65234375	
39.618592	4.30003889699141E-03	-8.554654906875E-08	0	-0.0040435714	9137.65234375	
39.622688	4.30016479932875E-03	-8.6529000009375E-08	0	-0.00571822031	9137.65234375	
39.626784	4.30029911344172E-03	-8.895327643125E-08	0	-0.00455473986	9137.65234375	
39.63088	0.00430023428791	-9.01393329375E-08	0	-0.00559233554	9137.65234375	
39.634976	4.29982421384828E-03	-8.7436451025E-08	0	-0.0047683625	9137.65234375	
39.639072	4.29936248051234E-03	-8.1781889371875E-08	0	-0.00429915563	9137.65234375	
39.643168	4.29904246730922E-03	-7.7113384425E-08	0	-0.00441741102	9137.65234375	
39.647264	4.29861054091734E-03	-7.2843917540625E-08	0	-0.00312423111	9137.65234375	
39.65136	4.29836934239453E-03	-6.9480459365625E-08	0	-0.00253295416	9137.65234375	
39.655456	0.00429826812679	-6.868406593125E-08	0	-0.00482558285	9137.65234375	
39.659552	4.29859719179516E-03	-7.2103052896875E-08	0	-0.00562285306	9137.65234375	
39.663648	4.2989425317575E-03	-7.85585752875E-08	0	-0.00675581599	9137.65234375	
39.667744	4.29917595853109E-03	-8.4463617459375E-08	0	-0.00658415494	9137.65234375	
39.67184	4.29915867781812E-03	-8.700423991875E-08	0	-0.00716017313	9137.65234375	
39.675936	4.29904274160625E-03	-8.691866308125E-08	0	-0.00709913809	9137.65234375	
39.680032	4.29888767235125E-03	-8.52777993375E-08	0	-0.00590514012	9137.65234375	
39.684128	4.29858795712844E-03	-8.2834772934375E-08	0	-0.00439452288	9137.65234375	
39.688224	4.29822661650594E-03	-7.82970370875E-08	0	-0.00255965699	9137.65234375	
39.69232	4.29806706706609E-03	-7.5336463125E-08	0	-0.00248336319	9137.65234375	
39.696416	4.29828431031484E-03	-7.6248241059375E-08	0	-0.0023651078	9137.65234375	
39.700512	4.29877758780938E-03	-8.2258331203125E-08	0	-0.00355529108	9137.65234375	
39.704608	4.29902994107813E-03	-8.8436450025E-08	0	-0.00443648447	9137.65234375	
39.708704	4.29895752666187E-03	-9.0234284765625E-08	0	-0.00555037395	9137.65234375	
39.7128	4.29875500402047E-03	-8.86181806125E-08	0	-0.00778578229	9137.65234375	
39.716896	4.29849067311469E-03	-8.5390058840625E-08	0	-0.00615309497	9137.65234375	
39.720992	4.29814579031406E-03	-8.1313380225E-08	0	-0.00578688473	9137.65234375	
39.725088	4.29765873021891E-03	-7.58797318125E-08	0	-0.00567244403	9137.65234375	
39.729184	4.29722195791281E-03	-7.0273247034375E-08	0	-0.00540541573	9137.65234375	
39.73328	4.29703168720547E-03	-6.6804981271875E-08	0	-0.00575255252	9137.65234375	
39.737376	4.29708087780641E-03	-6.7342961503125E-08	0	-0.00473784498	9137.65234375	
39.741472	4.29718437921953E-03	-7.01383914E-08	0	-0.00433730253	9137.65234375	
39.745568	0.00429710949613	-7.22047354875E-08	0	-0.00470351277	9137.65234375	
39.749664	4.29695524976609E-03	-7.22951200125E-08	0	-0.00502394673	9137.65234375	
39.75376	4.29663103067516E-03	-7.052348716875E-08	0	-0.00441359633	9137.65234375	
39.757856	4.29631677770969E-03	-6.7529019009375E-08	0	-0.00483702692	9137.65234375	
39.761952	4.29592078422891E-03	-6.4359551025E-08	0	-0.00529478972	9137.65234375	
39.766048	4.29531056476672E-03	-5.916532545E-08	0	-0.00346755321	9137.65234375	
39.770144	4.29487443248703E-03	-5.40537921E-08	0	-0.00470351277	9137.65234375	
39.77424	4.2947264035225E-03	-5.1978794175E-08	0	-0.00533675131	9137.65234375	
39.778336	4.29501743267266E-03	-5.543119456875E-08	0	-0.00516509026	9137.65234375	
39.782432	4.29529310118906E-03	-6.200618799375E-08	0	-0.0065231199	9137.65234375	
39.786528	4.29536313836437E-03	-6.6829500478125E-08	0	-0.00493620886	9137.65234375	
39.790624	4.29527225461469E-03	-6.8613392925E-08	0	-0.00588225198	9137.65234375	
39.79472	4.29524125905016E-03	-6.9224930775E-08	0	-0.00503157611	9137.65234375	
39.798816	4.29521264072656E-03	-6.997348771875E-08	0	-0.00507735239	9137.65234375	
39.802912	4.29495269857328E-03	-6.91393539375E-08	0	-0.00409316237	9137.65234375	
39.807008	4.29473883832125E-03	-6.668118331875E-08	0	-0.00283431467	9137.65234375	
39.811104	4.2948083269025E-03	-6.6504020034375E-08	0	-0.00403975671	9137.65234375	
39.8152	4.29523540738016E-03	-7.04181988125E-08	0	-0.00347518259	9137.65234375	
39.819296	4.29573097068328E-03	-7.7641508896875E-08	0	-0.00426863811	9137.65234375	
39.823392	4.2959874384075E-03	-8.30431861875E-08	0	-0.00423812059	9137.65234375	
39.827488	4.29614159333906E-03	-8.5715058515625E-08	0	-0.00637434699	9137.65234375	
39.831584	4.29617012023031E-03	-8.6655922959375E-08	0	-0.00519942247	9137.65234375	
39.83568	4.29598432970781E-03	-8.4568425046875E-08	0	-0.00489806196	9137.65234375	
39.839776	0.004295710947	-8.1020351671875E-08	0	-0.0051116846	9137.65234375	
39.843872	4.29524409345281E-03	-7.5132617175E-08	0	-0.00490950603	9137.65234375	
39.847968	4.29487461535172E-03	-6.937637293125E-08	0	-0.00450896358	9137.65234375	
39.852064	4.29463945136359E-03	-6.5017483059375E-08	0	-0.00342177693	9137.65234375	
39.85616	0.004294736643945	-6.4514118178125E-08	0	-0.00451659296	9137.65234375	
39.860256	4.29490899391297E-03	-6.718406743125E-08	0	-0.00417708555	9137.65234375	
39.864352	4.29499878047453E-03	-6.990906470625E-08	0	-0.00394820415	9137.65234375	
39.868448	4.29488769017687E-03	-7.0766035003125E-08	0	-0.00619124187	9137.65234375	
39.872544	4.29459885540297E-03	-6.87989696625E-08	0	-0.00529860441	9137.65234375	
39.87664	4.29426156148688E-03	-6.5422771115625E-08	0	-0.00508879646	9137.65234375	
39.880736	4.29387516840219E-03	-6.122686185E-08	0	-0.00583266101	9137.65234375	
39.884832	4.29348420370031E-03	-5.71547505375E-08	0	-0.00432967315	9137.65234375	
39.888928	4.29302119031156E-03	-5.256485128125E-08	0	-0.00286483219	9137.65234375	
39.893024	4.29290571126141E-03	-0.000000050153796	0	-0.00504302018	9137.65234375	
39.89712	4.29308391289937E-03	-5.25297551625E-08	0	-0.0042343059	9137.65234375	
39.901216	4.29311829146063E-03	-5.59566748125E-08	0	-0.00432204377	9137.65234375	
39.905312	4.29286337808625E-03	-5.6725183659375E-08	0	-0.00390242787	9137.65234375	
39.909408	4.29243684620266E-03	-5.4094417059375E-08	0	-0.00602339551	9137.65234375	
39.913504	4.29205575619391E-03	-5.030379585E-08	0	-0.0057601819	9137.65234375	
39.9176	4.29177487603391E-03	-4.7763173390625E-08	0	-0.00418090024	9137.65234375	
39.921696	4.29127437538422E-03	-4.4805724425E-08	0	-0.0027084299	9137.65234375	
39.925792	4.29066379019266E-03	-3.940909520625E-08	0	-0.00259780389	9137.65234375	
39.929888	4.29046145041594E-03	-3.619082919375E-08	0	-0.00524138406	9137.65234375	
39.933984	4.29080413884031E-03	-3.9625681528125E-08	0	-0.00304030793	9137.65234375	
39.93808	4.29124511703422E-03	-4.7518462096875E-08	0	-0.00334548313	9137.65234375	
39.942176	4.29145193699578E-03	-5.4420378271875E-08	0	-0.00443266978	9137.65234375	
39.946272	4.29153011164969E-03	-5.8069893853125E-08	0	-0.00555800333	9137.65234375	
39.950368	4.29169249549219E-03	-6.10528235625E-08	0	-0.00649260238	9137.65234375	
39.954464	4.2918005685225E-03	-6.3463638459375E-08	0	-0.00440215226	9137.65234375	
39.95856	4.29154784952438E-03	-6.3077581153125E-08	0	-0.00315856332	9137.65234375	
39.962656	4.29113868978609E-03	-5.88951334125E-08	0	-0.00415038272	9137.65234375	
39.966752	4.29108776197063E-03	-5.58143672625E-08	0	-0.00407790361	9137.65234375	
39.970848	4.29145751436875E-03	-5.792638438125E-08	0	-0.0031280458	9137.65234375	
39.974944	4.29188770354609E-03	-6.3589119103125E-08	0	-0.00288390564	9137.65234375	
39.97904	4.29218202426063E-03	-6.8608344853125E-08	0	-0.00523375468	9137.65234375	
39.983136	4.29231386970031E-03	-7.1486226590625E-08	0	-0.00666426343	9137.65234375	
39.987232	4.29241855973391E-03	-7.268886961875E-08	0	-0.00436782005	9137.65234375	
39.991328	4.29233508200406E-03	-7.226483158125E-08	0	-0.00502394673	9137.65234375	
39.995424	4.29205401897938E-03	-6.93355075875E-08	0	-0.00520323716	9137.65234375	
39.99952	4.29161011495047E-03	-6.393983990625E-08	0	-0.00466155118	9137.65234375	
40.003616	4.29115469044625E-03	-5.7598019325E-08	0	-0.00404738609	9137.65234375	
40.007712	4.29089675980453E-03	-5.2901149021875E-08	0	-0.00315093394	9137.65234375	
40.011808	4.29083860883391E-03	-5.1209804559375E-08	0	-0.00282668529	9137.65234375	
40.015904	4.29085753532906E-03	-5.18470635375E-08	0	-0.00477217719	9137.65234375	
40.02	4.29078393229234E-03	-5.255763975E-08	0	-0.00454329579	9137.65234375	
40.024096	4.29054419668703E-03	-5.194273651875E-08	0	-0.00384139283	9137.65234375	
40.028192	4.29008209762172E-03	-4.85768745E-08	0	-0.0045013342	9137.65234375	
40.032288	4.28954548119625E-03	-4.3524235321875E-08	0	-0.00533675131	9137.65234375	
40.036384	4.28891980966797E-03	-3.757063550625E-08	0	-0.00365065833	9137.65234375	
40.04048	4.28822611247594E-03	-3.09490075125E-08	0	-0.0037002493	9137.65234375	
40.044576	4.28765539178625E-03	-2.4791080978125E-08	0	-0.00305938138	9137.65234375	
40.048672	4.28748487046516E-03	-2.266199656875E-08	0	-0.00453566641	9137.65234375	
40.052768	4.28772789763484E-03	-2.600526245625E-08	0	-0.00469969808	9137.65234375	
40.056864	4.28797247915438E-03	-3.23951599125E-08	0	-0.00489806196	9137.65234375	
40.06096	4.28811511361062E-03	-3.7706452678125E-08	0	-0.00378798717	9137.65234375	
40.065056	4.28820096858141E-03	-4.1494189275E-08	0	-0.00477599188	9137.65234375	
40.069152	4.2883978224175E-03	-4.508312799375E-08	0	-0.00613402152	9137.65234375	
40.073248	4.28845825919672E-03	-4.821774024375E-08	0	-0.004196159	9137.65234375	
40.077344	4.28829889262156E-03	-4.8693941690625E-08	0	-0.00407027423	9137.65234375	
40.08144	4.28811895376906E-03	-4.7004039534375E-08	0	-0.00517653433	9137.65234375	
40.085536	4.28812078241594E-03	-4.624178068125E-08	0	-0.00349425604	9137.65234375	
40.089632	4.28853177080109E-03	-4.91797585125E-08	0	-0.00258635982	9137.65234375	
40.093728	4.28899853291594E-03	-5.508311799375E-08	0	-0.00193404783	9137.65234375	
40.097824	4.28943914538047E-03	-6.1034794734375E-08	0	-0.00440978164	9137.65234375	
40.10192	4.28973026596297E-03	-6.5642482434375E-08	0	-0.00569151748	9137.65234375	
40.106016	4.28996433276297E-03	-6.859464294375E-08	0	-0.00593184295	9137.65234375	
40.110112	4.28983870472266E-03	-6.842637388125E-08	0	-0.00455092517	9137.65234375	
40.114208	4.28936261650875E-03	-6.364945558125E-08	0	-0.00479125064	9137.65234375	
40.118304	4.28889301999125E-03	-5.65874434125E-08	0	-0.00498579983	9137.65234375	
40.1224	4.28854338270875E-03	-5.0511247565625E-08	0	-0.00319289553	9137.65234375	
40.126496	4.2884504874475E-03	-4.7133366328125E-08	0	-0.00373076682	9137.65234375	
40.130592	4.28849044338172E-03	-4.6966058803125E-08	0	-0.00400160981	9137.65234375	
40.134688	4.28861744290719E-03	-4.849947073125E-08	0	-0.00482558285	9137.65234375	
40.138784	4.28848733468203E-03	-4.942158519375E-08	0	-0.0054931536	9137.65234375	
40.14288	4.28814693206625E-03	-4.7117260575E-08	0	-0.00452803703	9137.65234375	
40.146976	4.28768986177984E-03	-4.2998274309375E-08	0	-0.00533293662	9137.65234375	
40.151072	4.28717180612016E-03	-3.7635298903125E-08	0	-0.00606154241	9137.65234375	
40.155168	4.28661772611703E-03	-3.2098044825E-08	0	-0.0044631873	9137.65234375	
40.159264	4.28598208846328E-03	-2.6201175721875E-08	0	-0.00378798717	9137.65234375	
40.16336	4.28546439853297E-03	-2.08470945375E-08	0	-0.00483321223	9137.65234375	
40.167456	4.28528756838016E-03	-1.8567289125E-08	0	-0.00394057477	9137.65234375	
40.171552	4.28541895665813E-03	-2.078988305625E-08	0	-0.0052261253	9137.65234375	
40.175648	4.28541612225547E-03	-2.4635792671875E-08	0	-0.00297164351	9137.65234375	
40.179744	4.28518900431359E-03	-2.5890118340625E-08	0	-0.00351714418	9137.65234375	
40.18384	4.28514100233313E-03	-2.63768967E-08	0	-0.0058746226	9137.65234375	
40.187936	4.28522228568672E-03	-2.8713192440625E-08	0	-0.00453566641	9137.65234375	
40.192032	4.28504792420719E-03	-3.0251652440625E-08	0	-0.00421904714	9137.65234375	
40.196128	4.28460914038953E-03	-2.8486750359375E-08	0	-0.00410079175	9137.65234375	
40.200224	0.004284355781365	-2.5453099546875E-08	0	-0.00506590832	9137.65234375	
40.20432	4.28465705093766E-03	-2.7140597859375E-08	0	-0.00684355386	9137.65234375	
40.208416	4.28509720624047E-03	-3.299660161875E-08	0	-0.00410079175	9137.65234375	
40.212512	4.28545095797844E-03	-3.94999605E-08	0	-0.00252151009	9137.65234375	
40.216608	4.28562248505531E-03	-4.372062935625E-08	0	-0.00483321223	9137.65234375	
40.220704	4.28596252194172E-03	-4.725716428125E-08	0	-0.00615309497	9137.65234375	
40.2248	4.28637095022125E-03	-5.1808842421875E-08	0	-0.00556563271	9137.65234375	
40.228896	4.28658453617625E-03	-5.5709559675E-08	0	-0.00406264485	9137.65234375	
40.232992	4.28618205099906E-03	-5.4377589853125E-08	0	-0.00416945617	9137.65234375	
40.237088	4.28563199401906E-03	-4.765716388125E-08	0	-0.00529097503	9137.65234375	
40.241184	4.28553233276438E-03	-4.2934332065625E-08	0	-0.00262069203	9137.65234375	
40.24528	4.28558591211781E-03	-4.16989967625E-08	0	-0.00219726144	9137.65234375	
40.249376	4.28566390390703E-03	-4.26663034875E-08	0	-0.0028228706	9137.65234375	
40.253472	4.28576265083828E-03	-4.3427120034375E-08	0	-0.00500868797	9137.65234375	
40.257568	4.28598858015969E-03	-4.58874541125E-08	0	-0.00706480588	9137.65234375	
40.261664	4.28600714092547E-03	-4.741101028125E-08	0	-0.00558089147	9137.65234375	
40.26576	4.28577124547859E-03	-4.6498270809375E-08	0	-0.00555037395	9137.65234375	
40.269856	4.28510506942203E-03	-4.123120876875E-08	0	-0.00607680117	9137.65234375	
40.273952	4.28425163992547E-03	-3.222929469375E-08	0	-0.00571822031	9137.65234375	
40.278048	4.28354879949906E-03	-2.31336307125E-08	0	-0.0029754582	9137.65234375	
40.282144	4.28318087574781E-03	-1.7193011653125E-08	0	-0.00318145146	9137.65234375	
40.28624	4.28306146510688E-03	-1.5743013103125E-08	0	-0.00339888879	9137.65234375	
40.290336	4.28293876290156E-03	-1.6380512465625E-08	0	-0.00450514889	9137.65234375	
40.294432	4.28270579328969E-03	-1.671200251875E-08	0	-0.00405501547	9137.65234375	
40.298528	4.28237425961125E-03	-1.5740128490625E-08	0	-0.00481413878	9137.65234375	
40.302624	4.28198366063875E-03	-1.37355631875E-08	0	-0.00554655926	9137.65234375	
40.30672	4.2816830310925E-03	-1.192066115625E-08	0	-0.00497054107	9137.65234375	
40.310816	4.28138093862875E-03	-1.0781479603125E-08	0	-0.00427626749	9137.65234375	
40.314912	4.28088519246094E-03	-8.6778759375E-09	0	-0.00422667652	9137.65234375	
40.319008	4.28054643562734E-03	-5.758407703125E-09	0	-0.00435256129	9137.65234375	
40.323104	4.28074813537766E-03	-7.409367590625E-09	0	-0.00568770279	9137.65234375	
40.3272	4.28101420349797E-03	-1.261969891875E-08	0	-0.00326918933	9137.65234375	
40.331296	4.28124552732766E-03	-1.7918972465625E-08	0	-0.00244521629	9137.65234375	
40.335392	4.28154688833266E-03	-2.315141915625E-08	0	-0.00424193528	9137.65234375	
40.339488	4.28195138502141E-03	-2.8778576990625E-08	0	-0.00540160104	9137.65234375	
40.343584	4.28233494370344E-03	-3.4574965425E-08	0	-0.0047683625	9137.65234375	
40.34768	4.2822974564425E-03	-3.729611655E-08	0	-0.00310897235	9137.65234375	
40.351776	4.28209209939844E-03	-3.6143473471875E-08	0	-0.0048828032	9137.65234375	
40.355872	4.28185556392516E-03	-3.324756290625E-08	0	-0.00418090024	9137.65234375	
40.359968	4.28206722980094E-03	-3.2503573265625E-08	0	-0.00496291169	9137.65234375	
40.364064	4.28247017213984E-03	-3.5687704696875E-08	0	-0.00299453165	9137.65234375	
40.36816	4.28278159070266E-03	-3.966967186875E-08	0	-0.00369261992	9137.65234375	
40.372256	4.28300413702734E-03	-4.265332273125E-08	0	-0.00619887125	9137.65234375	
40.376352	4.28327715400578E-03	-4.4819907103125E-08	0	-0.00497817045	9137.65234375	
40.380448	4.28362971712328E-03	-4.7781923371875E-08	0	-0.00501631735	9137.65234375	
40.384544	4.28354514220531E-03	-4.8538653384375E-08	0	-0.00393294539	9137.65234375	
40.38864	4.2832863886725E-03	-4.5597790940625E-08	0	-0.00425337935	9137.65234375	
40.392736	4.28284989066344E-03	-4.056390174375E-08	0	-0.00470351277	9137.65234375	
40.396832	4.28246358901109E-03	-3.47336191125E-08	0	-0.00330352154	9137.65234375	
40.400928	4.28213114100922E-03	-2.9976652715625E-08	0	-0.00279616777	9137.65234375	
40.405024	4.28188573659859E-03	-2.628891601875E-08	0	-0.00325393057	9137.65234375	
40.40912	4.28163758921766E-03	-2.3807428115625E-08	0	-0.00460051614	9137.65234375	
40.413216	4.28136329218641E-03	-2.1377622853125E-08	0	-0.00366591709	9137.65234375	
40.417312	4.28114129445578E-03	-1.9418490196875E-08	0	-0.00526808689	9137.65234375	
40.421408	4.28086078002516E-03	-1.78105591125E-08	0	-0.00563811182	9137.65234375	
40.425504	4.28032224352047E-03	-1.45971007875E-08	0	-0.00523375468	9137.65234375	
40.4296	4.27957487554266E-03	-8.997827540625E-09	0	-0.0058746226	9137.65234375	
40.433696	4.27875929903641E-03	-1.700719453125E-09	0	-0.00430297032	9137.65234375	
40.437792	4.27829134830109E-03	3.93124606875E-09	0	-0.00411605051	9137.65234375	
40.441888	4.27824005475625E-03	4.7028799125E-09	0	-0.00358199391	9137.65234375	
40.445984	4.27833048134422E-03	1.82740201875E-09	0	-0.00374984027	9137.65234375	
40.45008	4.27828695954859E-03	-1.57259458125E-09	0	-0.00387191035	9137.65234375	
40.454176	4.27816754890766E-03	-3.35047741875E-09	0	-0.00412367989	9137.65234375	
40.458272	4.27840883886281E-03	-6.487253128125E-09	0	-0.00559233554	9137.65234375	
40.462368	4.27862663070562E-03	-1.1099748515625E-08	0	-0.00424193528	9137.65234375	
40.466464	0.004278609441425	-1.43567164125E-08	0	-0.00440978164	9137.65234375	
40.47056	4.27837756900125E-03	-1.4496860503125E-08	0	-0.00360869674	9137.65234375	
40.474656	4.27852184923969E-03	-1.4931956221875E-08	0	-0.0060653571	9137.65234375	
40.478752	4.27889279025828E-03	-1.860430831875E-08	0	-0.00492476479	9137.65234375	
40.482848	4.27929756124406E-03	-2.3580505265625E-08	0	-0.00269698583	9137.65234375	
40.486944	4.27966612502172E-03	-2.8613432925E-08	0	-0.00508116708	9137.65234375	
40.49104	4.27998869833047E-03	-3.2526169396875E-08	0	-0.00617216842	9137.65234375	
40.495136	4.28054451554812E-03	-3.7137222478125E-08	0	-0.00696180925	9137.65234375	
40.499232	4.28093346873844E-03	-4.1992025315625E-08	0	-0.00561903837	9137.65234375	
40.503328	4.28095788117422E-03	-4.3655725575E-08	0	-0.00477980657	9137.65234375	
40.507424	4.28062369595781E-03	-4.0899237946875E-08	0	-0.00485991506	9137.65234375	
40.51152	4.28052769199687E-03	-3.690332848125E-08	0	-0.00436400536	9137.65234375	
40.515616	4.28052330324437E-03	-3.49547727375E-08	0	-0.00294875537	9137.65234375	
40.519712	4.28044448856406E-03	-3.3459341540625E-08	0	-0.00336455658	9137.65234375	
40.523808	0.004280335684075	-3.161006454375E-08	0	-0.00387191035	9137.65234375	
40.527904	4.28038149167922E-03	-3.044468109375E-08	0	-0.00593947233	9137.65234375	
40.532	4.28031511179766E-03	-0.000000030153816	0	-0.00543211856	9137.65234375	
40.536096	4.28009210831125E-03	-2.8157904534375E-08	0	-0.00485228568	9137.65234375	
40.540192	4.2797724608375E-03	-2.52009363375E-08	0	-0.0075149393	9137.65234375	
40.544288	4.27925047358703E-03	-2.0646373584375E-08	0	-0.0074767924	9137.65234375	
40.548384	4.27858667477141E-03	-1.440383175E-08	0	-0.00540923042	9137.65234375	
40.55248	4.27787075951984E-03	-7.446386784375E-09	0	-0.00418090024	9137.65234375	
40.556576	4.27727809506766E-03	-1.22644108125E-09	0	-0.00447844606	9137.65234375	
40.560672	4.27680932144125E-03	3.324275521875E-09	0	-0.00274276211	9137.65234375	
40.564768	4.27675619924953E-03	4.529562778125E-09	0	-0.00360869674	9137.65234375	
40.568864	4.27665562367141E-03	3.126679565625E-09	0	-0.00305556669	9137.65234375	
40.57296	4.27657150591516E-03	1.771152075E-09	0	-0.00488661789	9137.65234375	
40.577056	4.27649433701703E-03	2.90384325E-10	0	-0.00530623379	9137.65234375	
40.581152	4.27647586768359E-03	-1.49182543125E-09	0	-0.0067138544	9137.65234375	
40.585248	4.27619133022984E-03	-2.2432669875E-09	0	-0.00549696829	9137.65234375	
40.589344	4.27576095818781E-03	-2.81009334375E-10	0	-0.00517653433	9137.65234375	
40.59344	4.27556995602172E-03	1.32451790625E-09	0	-0.00627516505	9137.65234375	
40.597536	4.27567290884078E-03	3.4855734375E-10	0	-0.00550078298	9137.65234375	
40.601632	4.27594071417562E-03	-3.22451600625E-09	0	-0.00392531601	9137.65234375	
40.605728	4.27627627087719E-03	-8.0547996375E-09	0	-0.00450514889	9137.65234375	
40.609824	4.27656693429797E-03	-1.265142965625E-08	0	-0.00583266101	9137.65234375	
40.61392	4.27695543032656E-03	-1.7389646071875E-08	0	-0.00444792854	9137.65234375	
40.618016	4.27724792239422E-03	-2.162642068125E-08	0	-0.00458525738	9137.65234375	
40.622112	4.27736148136516E-03	-2.440382175E-08	0	-0.00455855455	9137.65234375	
40.626208	4.27716270744984E-03	-2.3868485746875E-08	0	-0.00421523245	9137.65234375	
40.630304	4.27700818678891E-03	-2.1736276340625E-08	0	-0.00440215226	9137.65234375	
40.6344	4.27698340862375E-03	-2.0146374084375E-08	0	-0.00356292046	9137.65234375	
40.638496	4.27701915867016E-03	-1.9673297634375E-08	0	-0.0029373113	9137.65234375	
40.642592	4.2772357618925E-03	-2.0569450584375E-08	0	-0.00383376345	9137.65234375	
40.646688	4.27770188398094E-03	-2.355238029375E-08	0	-0.00653456397	9137.65234375	
40.650784	4.27826967883563E-03	-2.903699019375E-08	0	-0.00587843729	9137.65234375	
40.65488	4.27840957032156E-03	-3.2402611828125E-08	0	-0.00627897974	9137.65234375	
40.658976	4.27835443661828E-03	-3.2565111665625E-08	0	-0.00626372098	9137.65234375	
40.663072	4.27818592680875E-03	-3.045910415625E-08	0	-0.00597761923	9137.65234375	
40.667168	4.27789965214047E-03	-2.7411751434375E-08	0	-0.00403975671	9137.65234375	
40.671264	4.27741624933906E-03	-2.2263198890625E-08	0	-0.00350570011	9137.65234375	
40.67536	4.27709696759469E-03	-1.7386761459375E-08	0	-0.00297164351	9137.65234375	
40.679456	4.27693403515813E-03	-1.431296645625E-08	0	-0.00371550806	9137.65234375	
40.683552	4.27684379143484E-03	-1.2869458284375E-08	0	-0.00367354647	9137.65234375	
40.687648	4.27681681889344E-03	-1.2618496996875E-08	0	-0.00291823785	9137.65234375	
40.691744	4.27663148553266E-03	-1.2100228284375E-08	0	-0.00556563271	9137.65234375	
40.69584	4.27628267114125E-03	-1.00759514625E-08	0	-0.00529478972	9137.65234375	
40.699936	4.27586363670984E-03	-6.871868128125E-09	0	-0.00677488944	9137.65234375	
40.704032	4.27535207274656E-03	-2.985814321875E-09	0	-0.00671003971	9137.65234375	
40.708128	4.27470674326438E-03	2.0990363625E-09	0	-0.0051116846	9137.65234375	
40.712224	4.27421172855531E-03	6.80239704375E-09	0	-0.00661085777	9137.65234375	
40.71632	4.27398314769594E-03	9.1922985E-09	0	-0.00382994876	9137.65234375	
40.720416	4.27391009325328E-03	9.132683175E-09	0	-0.00426482342	9137.65234375	
40.724512	4.27391759070547E-03	7.3451849625E-09	0	-0.00288390564	9137.65234375	
40.728608	4.27413821695094E-03	4.50336088125E-09	0	-0.00434493191	9137.65234375	
40.732704	4.27429584631156E-03	5.86537875E-11	0	-0.00407027423	9137.65234375	
40.7368	4.27406552823766E-03	-1.24951798125E-09	0	-0.00457381331	9137.65234375	
40.740896	4.27381436358937E-03	-6.01922475E-10	0	-0.00381087531	9137.65234375	
40.744992	4.27357225074312E-03	7.93508821875E-10	0	-0.00359343798	9137.65234375	
40.749088	4.27350331075594E-03	1.374277471875E-09	0	-0.00426100873	9137.65234375	
40.753184	4.27351528839297E-03	6.298070625E-10	0	-0.00481032409	9137.65234375	
40.75728	4.27367721507375E-03	-1.258892971875E-09	0	-0.00465773649	9137.65234375	
40.761376	4.27387379461281E-03	-4.26297650625E-09	0	-0.00449370482	9137.65234375	
40.765472	4.27431733291234E-03	-7.971867028125E-09	0	-0.00547789484	9137.65234375	
40.769568	4.27494053576734E-03	-1.424181268125E-08	0	-0.0053024191	9137.65234375	
40.773664	4.27533634638344E-03	-1.997161464375E-08	0	-0.00498579983	9137.65234375	
40.77776	4.27554819512391E-03	-2.3082428840625E-08	0	-0.0056838881	9137.65234375	
40.781856	4.27578070757406E-03	-2.519276326875E-08	0	-0.00624846222	9137.65234375	
40.785952	4.27586592251844E-03	-0.000000026230743	0	-0.00436400536	9137.65234375	
40.790048	4.27563615303859E-03	-2.482064825625E-08	0	-0.0023651078	9137.65234375	
40.794144	4.27546627174391E-03	-2.1595411096875E-08	0	-0.00198745349	9137.65234375	
40.79824	4.27559720286016E-03	-2.0122816415625E-08	0	-0.00330352154	9137.65234375	
40.802336	4.27600572257203E-03	-2.1486516975E-08	0	-0.00275802087	9137.65234375	
40.806432	4.27641140788125E-03	-2.4843965540625E-08	0	-0.00380324593	9137.65234375	
40.810528	4.27646910169016E-03	-2.6768963615625E-08	0	-0.00603865427	9137.65234375	
40.814624	4.27624600677141E-03	-2.5418003428125E-08	0	-0.00730131666	9137.65234375	
40.81872	4.27593403961453E-03	-2.212449710625E-08	0	-0.0053787129	9137.65234375	
40.822816	4.27534686110297E-03	-1.6996858003125E-08	0	-0.00492857948	9137.65234375	
40.826912	4.27463871760062E-03	-9.965615034375E-09	0	-0.005722035	9137.65234375	
40.831008	4.27399475960359E-03	-2.743987640625E-09	0	-0.00474928905	9137.65234375	
40.835104	4.27363616195141E-03	2.3278822875E-09	0	-0.00624846222	9137.65234375	
40.8392	4.27338115714469E-03	4.821149025E-09	0	-0.00526808689	9137.65234375	
40.843296	4.2730605953475E-03	6.571147275E-09	0	-0.0032806334	9137.65234375	
40.847392	0.00427284847231	7.713453825E-09	0	-0.00339125941	9137.65234375	
40.851488	4.27266615621656E-03	8.26970326875E-09	0	-0.00495528231	9137.65234375	
40.855584	4.27250541815625E-03	8.178597590625E-09	0	-0.00410842113	9137.65234375	
40.85968	4.27230518132344E-03	8.373308934375E-09	0	-0.00414275334	9137.65234375	
40.863776	4.27218037617422E-03	8.21153025E-09	0	-0.00401305388	9137.65234375	
40.867872	4.27192070831797E-03	8.51970301875E-09	0	-0.00589369605	9137.65234375	
40.871968	4.27170145355766E-03	9.141577396875E-09	0	-0.00458525738	9137.65234375	
40.876064	4.27164805706891E-03	8.97931794375E-09	0	-0.00291060847	9137.65234375	
40.88016	4.27176637052172E-03	7.440136790625E-09	0	-0.00525664282	9137.65234375	
40.884256	4.27217598742172E-03	3.591582946875E-09	0	-0.00418090024	9137.65234375	
40.888352	0.00427264951553	-2.097353671875E-09	0	-0.00445555792	9137.65234375	
40.892448	4.27280056176188E-03	-6.47258968125E-09	0	-0.00403975671	9137.65234375	
40.896544	4.27291357213875E-03	-8.6567221125E-09	0	-0.00382613407	9137.65234375	
40.90064	4.27306480123531E-03	-1.0312730071875E-08	0	-0.00481032409	9137.65234375	
40.904736	4.27314014148656E-03	-1.157450765625E-08	0	-0.00380324593	9137.65234375	
40.908832	4.27315202769125E-03	-1.19240265375E-08	0	-0.00099944878	9137.65234375	
40.912928	4.27320752712391E-03	-1.199758415625E-08	0	-0.00369261992	9137.65234375	
40.917024	4.27350806523781E-03	-1.30692177E-08	0	-0.0039291307	9137.65234375	
40.92112	4.27407247709578E-03	-1.6611281465625E-08	0	-0.00482176816	9137.65234375	
40.925216	4.27453064457031E-03	-2.1238680684375E-08	0	-0.00353621763	9137.65234375	
40.929312	4.27476708861125E-03	-2.401295675625E-08	0	-0.00543974794	9137.65234375	
40.933408	4.27491347179359E-03	-2.54009361375E-08	0	-0.00635527354	9137.65234375	
40.937504	0.004274887779305	-2.499564808125E-08	0	-0.00625990629	9137.65234375	
40.9416	4.27484736620906E-03	-2.3662716721875E-08	0	-0.00604628365	9137.65234375	
40.945696	4.27451519250422E-03	-2.082449840625E-08	0	-0.00544737732	9137.65234375	
40.949792	4.27417058400062E-03	-1.654950268125E-08	0	-0.00404738609	9137.65234375	
40.953888	4.27390296153047E-03	-1.247306445E-08	0	-0.00339888879	9137.65234375	
40.957984	4.27386337132562E-03	-9.992538084375E-09	0	-0.00304412262	9137.65234375	
40.96208	4.27400847445516E-03	-1.0039172653125E-08	0	-0.00254821292	9137.65234375	
40.966176	4.27405217911547E-03	-1.0726191196875E-08	0	-0.00390624256	9137.65234375	
40.970272	4.27396641557703E-03	-1.0863450675E-08	0	-0.00551222705	9137.65234375	
40.974368	4.27370071318609E-03	-9.32450990625E-09	0	-0.00455855455	9137.65234375	
40.978464	4.27334485850422E-03	-6.66489718125E-09	0	-0.00519179309	9137.65234375	
40.98256	4.27282241409203E-03	-2.7230742E-09	0	-0.00513075805	9137.65234375	
40.986656	4.27227903167312E-03	2.1086517375E-09	0	-0.0054550067	9137.65234375	
40.990752	4.27183549337359E-03	6.40047436875E-09	0	-0.00513457274	9137.65234375	
40.994848	4.27145522625594E-03	9.68124031875E-09	0	-0.00502776142	9137.65234375	
40.998944	4.27147515850687E-03	1.0526191396875E-08	0	-0.00478362126	9137.671875	
41.00304	4.27155973342484E-03	8.774991225E-09	0	-0.0059509164	9137.671875	
41.007136	4.2714279794175E-03	7.243983140625E-09	0	-0.00504683487	9137.671875	
41.011232	4.27105731269594E-03	7.942540134375E-09	0	-0.00361632612	9137.671875	
41.015328	4.27078557577031E-03	9.425711728125E-09	0	-0.00437544943	9137.671875	
41.019424	0.004270586801855	1.041970111875E-08	0	-0.00416564148	9137.671875	
41.02352	4.27027657191266E-03	1.1356479028125E-08	0	-0.00323104243	9137.671875	
41.027616	4.26983330791016E-03	1.344950578125E-08	0	-0.0031661927	9137.671875	
41.031712	4.26962932235125E-03	1.51836386625E-08	0	-0.00311660173	9137.671875	
41.035808	4.26989740198312E-03	1.38855630375E-08	0	-0.00436782005	9137.671875	
41.039904	0.00427048439763	8.608885621875E-09	0	-0.00493620886	9137.671875	
41.044	4.27098078382422E-03	2.108411353125E-09	0	-0.0048446563	9137.671875	
41.048096	4.2713050943475E-03	-3.10913150625E-09	0	-0.00624083284	9137.671875	
41.052192	4.27168481287109E-03	-7.20143510625E-09	0	-0.00582884632	9137.671875	
41.056288	4.27214819198922E-03	-1.1459363540625E-08	0	-0.00546263608	9137.671875	
41.060384	4.27261513696875E-03	-1.57490227125E-08	0	-0.00352477356	9137.671875	
41.06448	4.27286145570281E-03	-1.8822817715625E-08	0	-0.00289534971	9137.671875	
41.068576	4.27314142153937E-03	-2.0509354490625E-08	0	-0.00319671022	9137.671875	
41.072672	4.27379598568828E-03	-2.3517524559375E-08	0	-0.0033950741	9137.671875	
41.076768	4.27458806408219E-03	-2.8776653915625E-08	0	-0.00261687734	9137.671875	
41.080864	4.2752520457625E-03	-3.43470810375E-08	0	-0.00211333826	9137.671875	
41.08496	4.27560323739484E-03	-3.757159704375E-08	0	-0.00484847099	9137.671875	
41.089056	4.27591538741641E-03	-3.89451533625E-08	0	-0.00627135036	9137.671875	
41.093152	4.27606003338422E-03	-3.89076534E-08	0	-0.00548170953	9137.671875	
41.097248	4.27588494044594E-03	-3.6743953640625E-08	0	-0.00567244403	9137.671875	
41.101344	4.2753720049975E-03	-3.143506471875E-08	0	-0.0057601819	9137.671875	
41.10544	4.27474578487516E-03	-2.4133870096875E-08	0	-0.0064086792	9137.671875	
41.109536	4.27419380781594E-03	-1.6717290975E-08	0	-0.00399016574	9137.671875	
41.113632	4.27375822413031E-03	-1.0499749115625E-08	0	-0.00318145146	9137.671875	
41.117728	4.27342989058391E-03	-6.04374395625E-09	0	-0.00467299525	9137.671875	
41.121824	4.27300326726797E-03	-2.190382425E-09	0	-0.0036621024	9137.671875	
41.12592	4.27249947505391E-03	1.76009439375E-09	0	-0.00425719404	9137.671875	
41.130016	4.27191138221891E-03	6.174272671875E-09	0	-0.00529860441	9137.671875	
41.134112	4.27129979127156E-03	1.0662729721875E-08	0	-0.00522231061	9137.671875	
41.138208	4.27062291763078E-03	1.530335008125E-08	0	-0.00512312867	9137.671875	
41.142304	4.26981383282094E-03	2.051680640625E-08	0	-0.00474165967	9137.671875	
41.1464	4.26905979028203E-03	2.5809349190625E-08	0	-0.00479888002	9137.671875	
41.150496	4.26853954024609E-03	2.9733864496875E-08	0	-0.00484847099	9137.671875	
41.154592	4.26848074924906E-03	3.043314264375E-08	0	-0.00414275334	9137.671875	
41.158688	4.26863947579781E-03	2.7487232128125E-08	0	-0.00505827894	9137.671875	
41.162784	4.26870622140875E-03	2.3587716796875E-08	0	-0.00430297032	9137.671875	
41.16688	4.26880158534328E-03	2.0238200915625E-08	0	-0.00500105859	9137.671875	
41.170976	4.26904452108063E-03	1.6250704903125E-08	0	-0.00543211856	9137.671875	
41.175072	4.26934057900969E-03	1.174229595E-08	0	-0.00489424727	9137.671875	
41.179168	4.26956897700437E-03	7.4721079125E-09	0	-0.00327681871	9137.671875	
41.183264	4.26968473035156E-03	4.451197471875E-09	0	-0.0036621024	9137.671875	
41.18736	4.26996103889437E-03	1.806969346875E-09	0	-0.00426863811	9137.671875	
41.191456	4.27061432299047E-03	-2.7528818625E-09	0	-0.00326537464	9137.671875	
41.195552	4.27151493157641E-03	-9.835807471875E-09	0	-0.0037383962	9137.671875	
41.199648	0.00427236863537	-1.7896376334375E-08	0	-0.00387191035	9137.65234375	
41.203744	4.27308144192187E-03	-2.468122531875E-08	0	-0.00574492314	9137.65234375	
41.20784	0.00427372037114	-3.0098767978125E-08	0	-0.00608824524	9137.65234375	
41.211936	4.27431193840406E-03	-3.422448500625E-08	0	-0.0061797978	9137.65234375	
41.216032	4.27461796245859E-03	-3.693505921875E-08	0	-0.00488661789	9137.65234375	
41.220128	4.27468351944906E-03	-3.6428088571875E-08	0	-0.00470732746	9137.65234375	
41.224224	4.27478875807672E-03	-3.5078811075E-08	0	-0.00596236047	9137.65234375	
41.22832	4.27487351585937E-03	-3.322688985E-08	0	-0.00422667652	9137.65234375	
41.232416	4.27504129421016E-03	-3.2055496790625E-08	0	-0.00411605051	9137.65234375	
41.236512	4.27508344452063E-03	-3.0677132784375E-08	0	-0.00378035779	9137.65234375	
41.240608	0.004275034071055	-2.8736509725E-08	0	-0.00504302018	9137.65234375	
41.244704	4.27484434894172E-03	-2.591391639375E-08	0	-0.005340566	9137.65234375	
41.2488	4.27463487744219E-03	-2.2356468028125E-08	0	-0.00485228568	9137.65234375	
41.252896	4.27435866033172E-03	-1.8979548328125E-08	0	-0.00536345414	9137.65234375	
41.256992	4.27376325290922E-03	-1.4051187871875E-08	0	-0.00512694336	9137.65234375	
41.261088	4.27306096107687E-03	-7.66489618125E-09	0	-0.00506590832	9137.65234375	
41.265184	4.27232611933016E-03	-6.259609125E-10	0	-0.00498198514	9137.65234375	
41.26928	4.27176865633031E-03	5.49614835E-09	0	-0.00322341305	9137.65234375	
41.273376	4.2714718669425E-03	9.24854844375E-09	0	-0.00463866304	9137.65234375	
41.277472	4.27123167417547E-03	0.000000010999989	0	-0.00425719404	9137.65234375	
41.281568	4.27091815266875E-03	1.214950708125E-08	0	-0.00423049121	9137.65234375	
41.285664	4.27062977505656E-03	1.3509842259375E-08	0	-0.00448989013	9137.65234375	
41.28976	4.27057043546547E-03	1.3490611509375E-08	0	-0.00495146762	9137.65234375	
41.293856	4.27037184441484E-03	1.2946381284375E-08	0	-0.00503157611	9137.65234375	
41.297952	4.26987500105891E-03	1.410335128125E-08	0	-0.00327300402	9137.65234375	
41.302048	4.26945148644266E-03	1.6488204665625E-08	0	-0.004196159	9137.65234375	
41.306144	4.26946437840312E-03	1.717305975E-08	0	-0.00493239417	9137.65234375	
41.31024	4.26985113721719E-03	1.4224264621875E-08	0	-0.00461958959	9137.65234375	
41.314336	4.27024164475734E-03	9.313211840625E-09	0	-0.00380706062	9137.65234375	
41.318432	4.27064943301047E-03	4.237255378125E-09	0	-0.0054931536	9137.65234375	
41.322528	4.27110540610875E-03	-7.63701159375E-10	0	-0.00640104982	9137.65234375	
41.326624	4.2717410437625E-03	-6.348070575E-09	0	-0.00668333688	9137.65234375	
41.33072	4.27226120236609E-03	-1.208123791875E-08	0	-0.0047683625	9137.65234375	
41.334816	4.27240740268375E-03	-1.5422821115625E-08	0	-0.00497817045	9137.65234375	
41.338912	4.27240639692797E-03	-1.594469559375E-08	0	-0.00530623379	9137.65234375	
41.343008	4.27267831671828E-03	-1.6269454884375E-08	0	-0.00332640968	9137.65234375	
41.347104	4.27322380208109E-03	-1.8728587040625E-08	0	-0.00356292046	9137.65234375	
41.3512	4.27367401494172E-03	-2.200718953125E-08	0	-0.00378035779	9137.65234375	
41.355296	4.27413510825125E-03	-2.502689805E-08	0	-0.00344466507	9137.65234375	
41.359392	4.27450495208172E-03	-2.760333778125E-08	0	-0.00493239417	9137.65234375	
41.363488	4.27490688866484E-03	-2.95393935375E-08	0	-0.00594710171	9137.65234375	
41.367584	4.27522763332672E-03	-3.124948798125E-08	0	-0.00562285306	9137.65234375	
41.37168	4.2753778566675E-03	-3.1790593209375E-08	0	-0.00590895481	9137.65234375	
41.375776	4.27523833091094E-03	-3.0328094671875E-08	0	-0.00542830387	9137.65234375	
41.379872	4.27498680053328E-03	-2.6924251921875E-08	0	-0.004959097	9137.65234375	
41.383968	4.27487004143031E-03	-2.3451899625E-08	0	-0.0050353908	9137.65234375	
41.388064	4.27486766418938E-03	-2.118074805E-08	0	-0.00297164351	9137.65234375	
41.39216	4.27486327543688E-03	-1.9649739965625E-08	0	-0.0033187803	9137.65234375	
41.396256	4.27480631308672E-03	-1.832930859375E-08	0	-0.00248717788	9137.65234375	
41.400352	4.27477623184563E-03	-1.7100704053125E-08	0	-0.00349807073	9137.65234375	
41.404448	4.27470500604984E-03	-1.5980512865625E-08	0	-0.00450896358	9137.65234375	
41.408544	4.27451007229297E-03	-1.4329552978125E-08	0	-0.00354003232	9137.65234375	
41.41264	4.27427399398141E-03	-1.202258413125E-08	0	-0.00612639214	9137.65234375	
41.416736	4.27377678489609E-03	-8.698308609375E-09	0	-0.00604246896	9137.65234375	
41.420832	4.27322873942766E-03	-3.9336499125E-09	0	-0.00428389687	9137.65234375	
41.424928	4.27290625755125E-03	6.8028778125E-11	0	-0.00414656803	9137.65234375	
41.429024	4.2729143035975E-03	1.486296590625E-09	0	-0.00547408015	9137.65234375	
41.43312	4.27303618291172E-03	5.76201346875E-10	0	-0.0042724528	9137.65234375	
41.437216	4.27317826877391E-03	-1.18797958125E-09	0	-0.00347518259	9137.65234375	
41.441312	4.27333672102562E-03	-3.326679365625E-09	0	-0.00527190158	9137.65234375	
41.445408	4.27346847503297E-03	-5.330523515625E-09	0	-0.00489043258	9137.65234375	
41.449504	4.27349782481531E-03	-6.813214340625E-09	0	-0.00409316237	9137.65234375	
41.4536	4.27335098447125E-03	-6.997348771875E-09	0	-0.00502394673	9137.65234375	
41.457696	4.27302073084563E-03	-5.36201386875E-09	0	-0.00329207747	9137.65234375	
41.461792	4.27284298636937E-03	-3.348794728125E-09	0	-0.00320052491	9137.65234375	
41.465888	4.27291009770969E-03	-2.75817031875E-09	0	-0.00416182679	9137.65234375	
41.469984	4.27314197013344E-03	-4.162255453125E-09	0	-0.00340651817	9137.65234375	
41.47408	4.27347423527063E-03	-6.68028178125E-09	0	-0.00472258622	9137.65234375	
41.478176	4.27382588406469E-03	-9.903115096875E-09	0	-0.0057601819	9137.65234375	
41.482272	4.27417488132078E-03	-1.309565998125E-08	0	-0.00651167583	9137.65234375	
41.486368	4.27449526025328E-03	-1.60374839625E-08	0	-0.00638197637	9137.65234375	
41.490464	4.27486482978672E-03	-1.870334668125E-08	0	-0.00604628365	9137.65234375	
41.49456	4.2752140099075E-03	-2.13374786625E-08	0	-0.00605391303	9137.65234375	
41.498656	4.27540080618578E-03	-2.3104544203125E-08	0	-0.0038528369	9137.65234375	
41.502752	4.27564493054359E-03	-2.4041562496875E-08	0	-0.00317763677	9137.65234375	
41.506848	4.27612997912719E-03	-2.5963435575E-08	0	-0.00259780389	9137.65234375	
41.510944	4.27683071660969E-03	-2.9506460878125E-08	0	-0.00212859702	9137.65234375	
41.51504	4.27748646937906E-03	-3.403458135E-08	0	-0.00326155995	9137.65234375	
41.519136	4.27806935057047E-03	-3.7995875465625E-08	0	-0.00391768663	9137.65234375	
41.523232	4.27843361702797E-03	-4.0634334365625E-08	0	-0.00580214349	9137.65234375	
41.527328	4.27861017288375E-03	-4.139755475625E-08	0	-0.0062560916	9137.65234375	
41.531424	4.27845272638781E-03	-3.9733373728125E-08	0	-0.00441359633	9137.65234375	
41.53552	4.27804356664953E-03	-3.5651887425E-08	0	-0.00630949726	9137.65234375	
41.539616	4.27752185369609E-03	-2.95547781375E-08	0	-0.00587080791	9137.65234375	
41.543712	4.27720723500125E-03	-2.398026448125E-08	0	-0.00466536587	9137.65234375	
41.547808	4.27701833577906E-03	-2.0086758759375E-08	0	-0.00478362126	9137.65234375	
41.551904	4.27689910800281E-03	-1.751921325E-08	0	-0.0040435714	9137.65234375	
41.556	4.27690605686094E-03	-1.618604150625E-08	0	-0.00401305388	9137.65234375	
41.560096	4.27694016112516E-03	-1.5838205315625E-08	0	-0.0050735377	9137.65234375	
41.564192	4.27703671368016E-03	-1.6181954971875E-08	0	-0.00412749458	9137.65234375	
41.568288	4.27689078765953E-03	-1.60076763E-08	0	-0.00448607544	9137.65234375	
41.572384	4.27658147204063E-03	-1.4336524125E-08	0	-0.0055313005	9137.65234375	
41.57648	4.27620678229594E-03	-1.138796938125E-08	0	-0.00446700199	9137.65234375	
41.580576	4.27592526210953E-03	-8.676193246875E-09	0	-0.00523375468	9137.65234375	
41.584672	4.27555057236484E-03	-5.917061390625E-09	0	-0.00450514889	9137.65234375	
41.588768	4.27520440951141E-03	-3.235814071875E-09	0	-0.0054168598	9137.65234375	
41.592864	4.27497774873125E-03	-1.199758415625E-09	0	-0.0059127695	9137.65234375	
41.59696	4.27483301133109E-03	-3.42547734375E-10	0	-0.0061416509	9137.65234375	
41.601056	4.27449471165922E-03	5.846148E-10	0	-0.00639342044	9137.65234375	
41.605152	4.27375410967484E-03	3.7874962125E-09	0	-0.00484847099	9137.65234375	
41.609248	4.27297903769687E-03	8.91008724375E-09	0	-0.00424574997	9137.65234375	
41.613344	4.27246774803062E-03	1.328844825E-08	0	-0.00358199391	9137.65234375	
41.61744	4.27207769765219E-03	1.590383025E-08	0	-0.00376891372	9137.65234375	
41.621536	4.27182369860125E-03	1.715815591875E-08	0	-0.0024414016	9137.65234375	
41.625632	4.27179937759781E-03	1.66355602875E-08	0	-0.00375746965	9137.65234375	
41.629728	4.27217937041844E-03	1.35355633875E-08	0	-0.00510024053	9137.65234375	
41.633824	4.27274707384078E-03	7.8240306375E-09	0	-0.00534438069	9137.65234375	
41.63792	4.27351181396391E-03	4.2067265625E-10	0	-0.00410079175	9137.65234375	
41.642016	4.27415156607313E-03	-7.048069875E-09	0	-0.00657271087	9137.65234375	
41.646112	4.27485084063813E-03	-1.3921861078125E-08	0	-0.00633620009	9137.65234375	
41.650208	4.27544496800781E-03	-1.9951662740625E-08	0	-0.00680540696	9137.65234375	
41.654304	4.27600755121891E-03	-2.505430186875E-08	0	-0.00646589955	9137.65234375	
41.6584	4.27642868859422E-03	-2.8801894275E-08	0	-0.00492857948	9137.65234375	
41.662496	4.27686619235906E-03	-3.14874685125E-08	0	-0.0037002493	9137.65234375	
41.666592	4.27755330642234E-03	-3.460813846875E-08	0	-0.0031280458	9137.65234375	
41.670688	4.27842017647344E-03	-3.936871063125E-08	0	-0.00309371359	9137.65234375	
41.674784	4.27939905114562E-03	-4.5299233546875E-08	0	-0.00290679378	9137.65234375	
41.67888	4.28025568077422E-03	-5.10989873625E-08	0	-0.00519942247	9137.65234375	
41.682976	4.28088336381406E-03	-5.533984850625E-08	0	-0.00578688473	9137.65234375	
41.687072	4.28106165688438E-03	-5.653888576875E-08	0	-0.0058364757	9137.65234375	
41.691168	4.28108094910891E-03	-5.4724704890625E-08	0	-0.00606917179	9137.65234375	
41.695264	4.28118719349234E-03	-5.2111245965625E-08	0	-0.00617216842	9137.65234375	
41.69936	4.28122714942656E-03	-4.961004654375E-08	0	-0.00502776142	9137.65234375	
41.703456	4.28122989239688E-03	-4.677639553125E-08	0	-0.00479506533	9137.65234375	
41.707552	4.28120346844953E-03	-4.401101368125E-08	0	-0.00487898851	9137.65234375	
41.711648	4.28118728492469E-03	-4.14566893125E-08	0	-0.00471877153	9137.65234375	
41.715744	4.28096373284422E-03	-3.8471115375E-08	0	-0.00543211856	9137.65234375	
41.71984	4.28047374691406E-03	-3.4013187140625E-08	0	-0.00419997369	9137.65234375	
41.723936	4.27958639601797E-03	-2.6916559621875E-08	0	-0.00420760307	9137.65234375	
41.728032	0.00427843096549	-1.74086364375E-08	0	-0.00473403029	9137.65234375	
41.732128	4.27736532152359E-03	-7.222348546875E-09	0	-0.0036621024	9137.65234375	
41.736224	4.27645209527422E-03	1.517306175E-09	0	-0.00424193528	9137.65234375	
41.74032	4.27569814416766E-03	8.28316479375E-09	0	-0.00413893865	9137.65234375	
41.744416	4.27515540177516E-03	1.3058881171875E-08	0	-0.00511549929	9137.65234375	
41.748512	4.27499768098219E-03	1.466008149375E-08	0	-0.00646589955	9137.65234375	
41.752608	4.2750179789625E-03	1.3463688459375E-08	0	-0.00638197637	9137.65234375	
41.756704	4.27510090809828E-03	1.078220075625E-08	0	-0.00495146762	9137.65234375	
41.7608	4.27513172079812E-03	7.9144151625E-09	0	-0.00574873783	9137.65234375	
41.764896	4.27517231675875E-03	5.25816781875E-09	0	-0.00550078298	9137.65234375	
41.768992	4.27529821909609E-03	2.635814671875E-09	0	-0.00403975671	9137.65234375	
41.773088	4.27560223163906E-03	-8.34374165625E-10	0	-0.00392150132	9137.65234375	
41.777184	4.27613016199188E-03	-5.470907990625E-09	0	-0.00362777019	9137.65234375	
41.78128	4.27665608083313E-03	-1.108220045625E-08	0	-0.00268172707	9137.65234375	
41.785376	4.27730269036812E-03	-1.674277171875E-08	0	-0.00245284567	9137.65234375	
41.789472	4.27829006824828E-03	-2.3787235828125E-08	0	-0.00300216103	9137.65234375	
41.793568	4.27951489592516E-03	-3.25605443625E-08	0	-0.00442122571	9137.65234375	
41.797664	4.28087961508797E-03	-4.2550197834375E-08	0	-0.00643156734	9137.65234375	
41.80176	0.004282061926725	-5.2139611321875E-08	0	-0.00586317853	9137.65234375	
41.805856	4.28301300596469E-03	-5.9737680646875E-08	0	-0.0079727021	9137.65234375	
41.809952	4.2837925581275E-03	-6.498118501875E-08	0	-0.00695036518	9137.65234375	
41.814048	4.28471977352547E-03	-6.91076232E-08	0	-0.00685881262	9137.65234375	
41.818144	4.28567542438234E-03	-7.36931955375E-08	0	-0.00548170953	9137.65234375	
41.82224	4.28659623951625E-03	-7.7769874153125E-08	0	-0.00350570011	9137.65234375	
41.826336	4.28756816533031E-03	-8.17153029E-08	0	-0.00341414755	9137.65234375	
41.830432	4.28866032467641E-03	-8.6038135115625E-08	0	-0.00414656803	9137.65234375	
41.834528	4.28947233532125E-03	-8.9863131290625E-08	0	-0.00333785375	9137.65234375	
41.838624	4.28968902997594E-03	-9.019077519375E-08	0	-0.00288009095	9137.65234375	
41.84272	4.28942762490516E-03	-8.586962566875E-08	0	-0.0037765431	9137.65234375	
41.846816	0.00428895811982	-7.838309469375E-08	0	-0.00489043258	9137.65234375	
41.850912	4.28834543168453E-03	-6.9433824796875E-08	0	-0.00519179309	9137.65234375	
41.855008	4.28747444717797E-03	-5.926676765625E-08	0	-0.00432967315	9137.65234375	
41.859104	4.28618232529609E-03	-4.708312599375E-08	0	-0.00510024053	9137.65234375	
41.8632	4.28486615670781E-03	-3.340044736875E-08	0	-0.00466918056	9137.65234375	
41.867296	4.28388225325672E-03	-2.147545929375E-08	0	-0.00486754444	9137.65234375	
41.871392	4.28302352068422E-03	-1.254758360625E-08	0	-0.00532530724	9137.65234375	
41.875488	4.28204775471172E-03	-4.83701439375E-09	0	-0.0047683625	9137.65234375	
41.879584	4.28095513820391E-03	2.751679940625E-09	0	-0.0057983288	9137.65234375	
41.88368	4.27995212539297E-03	9.942057365625E-09	0	-0.00586317853	9137.65234375	
41.887776	4.27895011833781E-03	1.6131474253125E-08	0	-0.00461958959	9137.65234375	
41.891872	4.27789544625266E-03	2.216776629375E-08	0	-0.00165557546	9137.65234375	
41.895968	4.27699218612875E-03	2.733795343125E-08	0	-0.00204085915	9137.65234375	
41.900064	4.27648601667375E-03	3.0199729415625E-08	0	-0.0018310512	9137.65234375	
41.90416	4.27659162103078E-03	2.87076636E-08	0	-0.00359725267	9137.65234375	
41.908256	4.27684818018734E-03	2.336295740625E-08	0	-0.00338363003	9137.65234375	
41.912352	4.27701358129719E-03	1.7501184421875E-08	0	-0.00642393796	9137.65234375	
41.916448	4.27701742145562E-03	1.2625227759375E-08	0	-0.00762938	9137.65234375	
41.920544	4.27711360828125E-03	8.802154659375E-09	0	-0.00674055723	9137.65234375	
41.92464	4.27721034370094E-03	4.91922585E-09	0	-0.00609968931	9137.65234375	
41.928736	4.27717276500766E-03	2.086536375E-09	0	-0.00597761923	9137.65234375	
41.932832	4.27720750929828E-03	-1.00240284375E-10	0	-0.0054931536	9137.65234375	
41.936928	4.27730570763547E-03	-2.415622584375E-09	0	-0.0040435714	9137.65234375	
41.941024	4.27770599843641E-03	-5.7413404125E-09	0	-0.00264739486	9137.65234375	
41.94512	4.27831274346953E-03	-1.1074748540625E-08	0	-0.00264358017	9137.65234375	
41.949216	4.27915200095281E-03	-1.7988203165625E-08	0	-0.0025939892	9137.65234375	
41.953312	4.27997598923469E-03	-2.5756945396875E-08	0	-0.004577628	9137.65234375	
41.957408	4.28056618501359E-03	-3.226967926875E-08	0	-0.00277327963	9137.65234375	
41.961504	4.28100158583453E-03	-3.6579530728125E-08	0	-0.00479506533	9137.65234375	
41.9656	4.28138432162547E-03	-3.9556931596875E-08	0	-0.00481032409	9137.65234375	
41.969696	4.28167900806938E-03	-4.1318468296875E-08	0	-0.00495528231	9137.65234375	
41.973792	4.28204711468531E-03	-4.2694188075E-08	0	-0.00366973178	9137.65234375	
41.977888	4.28253134037781E-03	-4.43066864625E-08	0	-0.00634764416	9137.65234375	
41.981984	4.28318069288313E-03	-4.72066835625E-08	0	-0.00675581599	9137.65234375	
41.98608	4.28387146424016E-03	-5.09432182875E-08	0	-0.00550459767	9137.65234375	
41.990176	4.28445955707516E-03	-5.4567253125E-08	0	-0.00631712664	9137.65234375	
41.994272	4.28479703385594E-03	-5.658696264375E-08	0	-0.00494765293	9137.65234375	
41.998368	4.28498721313094E-03	-5.6612683771875E-08	0	-0.0039672776	9137.65234375	
42.002464	4.28520527927078E-03	-5.602061705625E-08	0	-0.00347899728	9137.671875	
42.00656	4.28523344043266E-03	-5.46009069375E-08	0	-0.00251388071	9137.671875	
42.010656	4.28490684410078E-03	-5.1319419834375E-08	0	-0.00230407276	9137.671875	
42.014752	4.28432460293578E-03	-4.5382406540625E-08	0	-0.00314711925	9137.671875	
42.018848	4.28388819635906E-03	-3.8885778421875E-08	0	-0.00399016574	9137.671875	
42.022944	4.28373394999516E-03	-3.434756180625E-08	0	-0.0040435714	9137.671875	
42.02704	4.28363474590219E-03	-3.171775674375E-08	0	-0.00381850469	9137.671875	
42.031136	4.28340186772266E-03	-2.9555018521875E-08	0	-0.00535201007	9137.671875	
42.035232	4.2830172118525E-03	-2.652689655E-08	0	-0.00634382947	9137.671875	
42.039328	4.28249687038422E-03	-2.272449650625E-08	0	-0.00811003094	9137.671875	
42.043424	4.28173121593766E-03	-1.748315559375E-08	0	-0.00437926412	9137.671875	
42.04752	4.2808813523025E-03	-1.102739281875E-08	0	-0.00375746965	9137.671875	
42.051616	4.28004657500406E-03	-4.44278401875E-09	0	-0.00341033286	9137.671875	
42.055712	4.27936266107281E-03	1.2374987625E-09	0	-0.00243377222	9137.671875	
42.059808	4.27890065343984E-03	5.04759110625E-09	0	-0.0018691981	9137.671875	
42.063904	4.27867664419766E-03	6.4923012E-09	0	-0.00259780389	9137.671875	
42.068	4.27853949568203E-03	6.057445865625E-09	0	-0.00347518259	9137.671875	
42.072096	4.27837235735766E-03	5.06778339375E-09	0	-0.00322341305	9137.671875	
42.076192	4.27830588604375E-03	3.771150075E-09	0	-0.0039672776	9137.671875	
42.080288	4.27838863231484E-03	1.674998325E-09	0	-0.00439070819	9137.671875	
42.084384	4.27872510333984E-03	-1.890623109375E-09	0	-0.00637434699	9137.671875	
42.08848	4.27914139480094E-03	-6.93028153125E-09	0	-0.00810621625	9137.671875	
42.092576	4.27956189214984E-03	-1.2047824490625E-08	0	-0.00525664282	9137.671875	
42.096672	4.28013928740062E-03	-1.7411761434375E-08	0	-0.00487898851	9137.671875	
42.100768	4.28114038013234E-03	-2.42220911625E-08	0	-0.00590895481	9137.671875	
42.104864	4.28260942359937E-03	-3.429756185625E-08	0	-0.00373458151	9137.671875	
42.10896	4.28404043121141E-03	-4.6007405915625E-08	0	-0.00261306265	9137.671875	
42.113056	4.28527138485531E-03	-5.6560760746875E-08	0	-0.00329207747	9137.671875	
42.117152	4.28624084199609E-03	-6.4555945059375E-08	0	-0.00336455658	9137.671875	
42.121248	4.28721660796859E-03	-7.07153139E-08	0	-0.00462721897	9137.671875	
42.125344	4.28790326487016E-03	-7.52201170875E-08	0	-0.00423812059	9137.671875	
42.12944	4.28818313927438E-03	-7.6493433121875E-08	0	-0.00247191912	9137.671875	
42.133536	4.28822364380266E-03	-7.45431946875E-08	0	-0.00432585846	9137.671875	
42.137632	4.28847416842453E-03	-7.1815553184375E-08	0	-0.00473784498	9137.671875	
42.141728	4.28883505188531E-03	-7.0536227540625E-08	0	-0.00561522368	9137.671875	
42.145824	4.28892748998484E-03	-6.8990075240625E-08	0	-0.00317000739	9137.671875	
42.14992	4.28878796422828E-03	-6.577445345625E-08	0	-0.00566862934	9137.671875	
42.154016	4.28855810331609E-03	-6.120041956875E-08	0	-0.00695799456	9137.671875	
42.158112	4.2882661598425E-03	-5.63239821375E-08	0	-0.00712584092	9137.671875	
42.162208	4.28770951973375E-03	-5.0524228321875E-08	0	-0.00532530724	9137.671875	
42.166304	4.28680488812469E-03	-4.267639963125E-08	0	-0.00494765293	9137.671875	
42.1704	4.28574207856094E-03	-3.2928813225E-08	0	-0.00475310374	9137.671875	
42.174496	4.28491580447047E-03	-2.35817071875E-08	0	-0.00310515766	9137.671875	
42.178592	4.28440771493625E-03	-1.7171377059375E-08	0	-0.00199889756	9137.671875	
42.182688	4.28401702453141E-03	-1.3226669465625E-08	0	-0.00317763677	9137.671875	
42.186784	4.28365614107063E-03	-1.08355660875E-08	0	-0.00408553299	9137.671875	
42.19088	4.28344721816516E-03	-9.520423171875E-09	0	-0.00473784498	9137.671875	
42.194976	4.28329982922703E-03	-9.4932597375E-09	0	-0.00441741102	9137.671875	
42.199072	4.28306658531813E-03	-9.54181738125E-09	0	-0.00428008218	9137.671875	
42.203168	4.28283617581187E-03	-9.301673390625E-09	0	-0.00542448918	9137.65234375	
42.207264	4.28275690396984E-03	-9.559846209375E-09	0	-0.00573347907	9137.65234375	
42.21136	4.28284266750828E-03	-1.0926671765625E-08	0	-0.00447463137	9137.65234375	
42.215456	4.28309017486281E-03	-1.37461401E-08	0	-0.00454711048	9137.65234375	
42.219552	4.28347903662078E-03	-1.763315544375E-08	0	-0.0037002493	9137.65234375	
42.223648	4.28402351622781E-03	-2.268026578125E-08	0	-0.003051752	9137.65234375	
42.227744	4.28482729796172E-03	-2.9106942046875E-08	0	-0.00249099257	9137.65234375	
42.23184	4.28569297939234E-03	-3.6715107515625E-08	0	-0.00221633489	9137.65234375	
42.235936	4.28645415365406E-03	-4.3786735059375E-08	0	-0.00393676008	9137.65234375	
42.240032	4.28708631687875E-03	-4.970812336875E-08	0	-0.00470351277	9137.65234375	
42.244128	4.28758206304656E-03	-5.3853071146875E-08	0	-0.00524901344	9137.65234375	
42.248224	4.28787912673141E-03	-5.6440328175E-08	0	-0.00320052491	9137.65234375	
42.25232	4.28804882516141E-03	-5.6671097175E-08	0	-0.00357436453	9137.65234375	
42.256416	4.28852153037859E-03	-5.7248740828125E-08	0	-0.00454329579	9137.65234375	
42.260512	4.28923150252781E-03	-5.979849789375E-08	0	-0.0044631873	9137.65234375	
42.264608	4.2899017016075E-03	-6.3608830621875E-08	0	-0.00484847099	9137.65234375	
42.268704	4.29038647589406E-03	-6.649608735E-08	0	-0.00451277827	9137.65234375	
42.2728	4.29074132482016E-03	-6.7983826246875E-08	0	-0.00676726006	9137.65234375	
42.276896	4.2909228180225E-03	-6.8157383765625E-08	0	-0.00502776142	9137.65234375	
42.280992	4.29078457231875E-03	-6.6086472375E-08	0	-0.00326537464	9137.65234375	
42.285088	4.29041472848828E-03	-6.178984205625E-08	0	-0.00341414755	9137.65234375	
42.289184	4.28991623935016E-03	-5.5863165290625E-08	0	-0.0037383962	9137.65234375	
42.29328	0.004289534509315	-4.981004634375E-08	0	-0.00329589216	9137.65234375	
42.297376	4.28927145846203E-03	-4.5095868365625E-08	0	-0.0023651078	9137.65234375	
42.301472	4.28896497724578E-03	-4.136005479375E-08	0	-0.00331115092	9137.65234375	
42.305568	4.28852098178453E-03	-3.7455972159375E-08	0	-0.00481795347	9137.65234375	
42.309664	4.28809390130688E-03	-3.322448600625E-08	0	-0.0053787129	9137.65234375	
42.31376	4.28771930299453E-03	-2.9778816375E-08	0	-0.00513838743	9137.65234375	
42.317856	4.28708969987547E-03	-2.5767281925E-08	0	-0.00497054107	9137.65234375	
42.321952	4.28637671045891E-03	-2.0719931203125E-08	0	-0.00484084161	9137.65234375	
42.326048	4.28564077152406E-03	-1.5325225059375E-08	0	-0.00492476479	9137.65234375	
42.330144	4.28511000676859E-03	-1.0851671840625E-08	0	-0.0035476617	9137.65234375	
42.33424	4.28468329202031E-03	-7.844463309375E-09	0	-0.00290297909	9137.65234375	
42.338336	4.28462687826422E-03	-7.03412758125E-09	0	-0.00186156872	9137.65234375	
42.342432	4.28482565217953E-03	-9.223788853125E-09	0	-0.00420760307	9137.65234375	
42.346528	4.28509684051109E-03	-1.306777539375E-08	0	-0.00283049998	9137.65234375	
42.350624	4.28537516056547E-03	-1.7474261371875E-08	0	-0.00274276211	9137.65234375	
42.35472	4.28561261036219E-03	-2.1517286175E-08	0	-0.00382231938	9137.65234375	
42.358816	4.28579437786156E-03	-2.4840119390625E-08	0	-0.00499342921	9137.65234375	
42.362912	4.28587520405344E-03	-2.723218430625E-08	0	-0.00365828771	9137.65234375	
42.367008	4.28598355138078E-03	-2.8854538453125E-08	0	-0.00366591709	9137.65234375	
42.371104	4.28629798721094E-03	-3.0994199775E-08	0	-0.00458907207	9137.65234375	
42.3752	4.28678879603219E-03	-3.4428811725E-08	0	-0.00386428097	9137.65234375	
42.379296	4.28747920165984E-03	-3.93778452375E-08	0	-0.00552748581	9137.65234375	
42.383392	4.28814226901672E-03	-4.4962214653125E-08	0	-0.00370406399	9137.65234375	
42.387488	4.28898244082344E-03	-5.0794420359375E-08	0	-0.00405120078	9137.65234375	
42.391584	4.28993132568688E-03	-5.750378865E-08	0	-0.00442122571	9137.65234375	
42.39568	4.2908438204775E-03	-6.4217243475E-08	0	-0.0056075943	9137.65234375	
42.399776	4.29145998304203E-03	-6.9567478509375E-08	0	-0.00351332949	9137.65234375	
42.403872	4.29185085631156E-03	-7.1973726103125E-08	0	-0.00363539957	9137.671875	
42.407968	4.29239314154234E-03	-7.3509301490625E-08	0	-0.00481413878	9137.671875	
42.412064	4.29296367936734E-03	-7.538405923125E-08	0	-0.00401305388	9137.671875	
42.41616	4.29354409188547E-03	-7.736290340625E-08	0	-0.00373458151	9137.671875	
42.420256	4.29390396959047E-03	-7.8606892546875E-08	0	-0.0033569272	9137.671875	
42.424352	4.29424537796203E-03	-7.86758828625E-08	0	-0.00485610037	9137.671875	
42.428448	4.29442531681453E-03	-7.808117191875E-08	0	-0.0057983288	9137.671875	
42.432544	4.29429383710422E-03	-7.56258859125E-08	0	-0.00517271964	9137.671875	
42.43664	4.29353805735078E-03	-6.9668439946875E-08	0	-0.00421523245	9137.671875	
42.440736	4.29237375788547E-03	-5.92374407625E-08	0	-0.00437163474	9137.671875	
42.444832	4.29128772450641E-03	-4.73162988375E-08	0	-0.00407790361	9137.671875	
